time_s,raw_normalised,filtered,r_peak,bpm,hrv_ms
0.0000,-0.031013,0.072497,0,NaN,NaN
0.0080,-0.024176,0.504578,0,NaN,NaN
0.0160,-0.020269,0.834335,0,NaN,NaN
0.0240,-0.016850,0.999263,1,NaN,NaN
0.0320,-0.019780,1.000000,1,NaN,NaN
0.0400,-0.022711,0.892212,1,NaN,NaN
0.0480,-0.023199,0.747828,0,NaN,NaN
0.0560,-0.024664,0.618151,0,NaN,NaN
0.0640,-0.024176,0.525443,0,NaN,NaN
0.0720,-0.026129,0.473122,0,NaN,NaN
0.0800,-0.025641,0.453358,0,NaN,NaN
0.0880,-0.023687,0.449962,0,NaN,NaN
0.0960,-0.025153,0.448888,0,NaN,NaN
0.1040,-0.027595,0.969769,0,NaN,NaN
0.1120,-0.032479,0.916184,0,NaN,NaN
0.1200,-0.038828,0.858674,0,NaN,NaN
0.1280,-0.043223,0.819933,0,NaN,NaN
0.1360,-0.044200,0.813384,0,NaN,NaN
0.1440,-0.043712,0.836064,0,NaN,NaN
0.1520,-0.043223,0.871185,0,NaN,NaN
0.1600,-0.044200,0.895901,0,NaN,NaN
0.1680,-0.046154,0.887863,0,NaN,NaN
0.1760,-0.047619,0.830082,0,NaN,NaN
0.1840,-0.056410,0.717234,0,NaN,NaN
0.1920,-0.066667,0.559583,0,NaN,NaN
0.2000,-0.075458,0.378354,0,NaN,NaN
0.2080,-0.082295,0.181092,0,NaN,NaN
0.2160,-0.085226,0.108432,0,NaN,NaN
0.2240,-0.086691,0.082394,0,NaN,NaN
0.2320,-0.089133,0.090927,0,NaN,NaN
0.2400,-0.091087,0.117674,0,NaN,NaN
0.2480,-0.088645,0.143165,0,NaN,NaN
0.2560,-0.090110,0.148467,0,NaN,NaN
0.2640,-0.093529,0.124568,0,NaN,NaN
0.2720,-0.098901,0.078338,0,NaN,NaN
0.2800,-0.103785,0.028619,0,NaN,NaN
0.2880,-0.108669,-0.004267,0,NaN,NaN
0.2960,-0.110623,-0.009989,0,NaN,NaN
0.3040,-0.110623,0.004987,0,NaN,NaN
0.3120,-0.112088,-0.751603,0,NaN,NaN
0.3200,-0.115018,-0.740258,0,NaN,NaN
0.3280,-0.113553,-0.724977,0,NaN,NaN
0.3360,-0.113553,-0.715683,0,NaN,NaN
0.3440,-0.115995,-0.718041,0,NaN,NaN
0.3520,-0.118437,-0.728553,0,NaN,NaN
0.3600,-0.121368,-0.735840,0,NaN,NaN
0.3680,-0.123321,-0.726791,0,NaN,NaN
0.3760,-0.122344,-0.693219,0,NaN,NaN
0.3840,-0.120391,-0.634508,0,NaN,NaN
0.3920,-0.119902,-0.554977,0,NaN,NaN
0.4000,-0.116972,-0.460673,0,NaN,NaN
0.4080,-0.114530,-0.358609,0,NaN,NaN
0.4160,-0.111111,-0.525875,0,NaN,NaN
0.4240,-0.112576,-0.518107,0,NaN,NaN
0.4320,-0.115995,-0.543521,0,NaN,NaN
0.4400,-0.119414,-0.586578,0,NaN,NaN
0.4480,-0.121368,-0.626601,0,NaN,NaN
0.4560,-0.124298,-0.644432,0,NaN,NaN
0.4640,-0.124786,-0.626839,0,NaN,NaN
0.4720,-0.123321,-0.570856,0,NaN,NaN
0.4800,-0.119902,-0.486504,0,NaN,NaN
0.4880,-0.115507,-0.394822,0,NaN,NaN
0.4960,-0.110134,-0.319907,0,NaN,NaN
0.5040,-0.108669,-0.275968,0,NaN,NaN
0.5120,-0.111600,-0.256571,0,NaN,NaN
0.5200,-0.115507,-0.298019,0,NaN,NaN
0.5280,-0.116972,-0.335429,0,NaN,NaN
0.5360,-0.116972,-0.354555,0,NaN,NaN
0.5440,-0.116972,-0.346208,0,NaN,NaN
0.5520,-0.115507,-0.311753,0,NaN,NaN
0.5600,-0.111111,-0.261968,0,NaN,NaN
0.5680,-0.108669,-0.212760,0,NaN,NaN
0.5760,-0.106716,-0.177682,0,NaN,NaN
0.5840,-0.105739,-0.162045,0,NaN,NaN
0.5920,-0.106716,-0.161635,0,NaN,NaN
0.6000,-0.107692,-0.166519,0,NaN,NaN
0.6080,-0.106227,-0.168470,0,NaN,NaN
0.6160,-0.104762,-0.166232,0,NaN,NaN
0.6240,-0.101832,0.092471,0,NaN,NaN
0.6320,-0.101343,0.143855,0,NaN,NaN
0.6400,-0.097924,0.197557,0,NaN,NaN
0.6480,-0.094994,0.242453,0,NaN,NaN
0.6560,-0.093529,0.266294,0,NaN,NaN
0.6640,-0.093040,0.260735,0,NaN,NaN
0.6720,-0.093529,0.225329,0,NaN,NaN
0.6800,-0.095971,0.169535,0,NaN,NaN
0.6880,-0.099878,0.111280,0,NaN,NaN
0.6960,-0.100855,0.070044,0,NaN,NaN
0.7040,-0.101343,0.057671,0,NaN,NaN
0.7120,-0.098413,0.073361,0,NaN,NaN
0.7200,-0.096947,0.105544,0,NaN,NaN
0.7280,-0.091575,0.073845,0,NaN,NaN
0.7360,-0.090110,0.091755,1,NaN,NaN
0.7440,-0.091087,0.070034,0,NaN,NaN
0.7520,-0.092552,0.010190,0,NaN,NaN
0.7600,-0.096947,-0.071437,0,NaN,NaN
0.7680,-0.100366,-0.149912,0,NaN,NaN
0.7760,-0.101343,-0.201226,0,NaN,NaN
0.7840,-0.101343,-0.210695,0,NaN,NaN
0.7920,-0.099389,-0.177180,0,NaN,NaN
0.8000,-0.094994,-0.113940,0,NaN,NaN
0.8080,-0.087668,-0.044083,0,NaN,NaN
0.8160,-0.084737,0.012625,0,NaN,NaN
0.8240,-0.085714,0.053992,0,NaN,NaN
0.8320,-0.086203,0.261114,1,NaN,NaN
0.8400,-0.092063,0.195327,0,NaN,NaN
0.8480,-0.094017,0.130859,0,NaN,NaN
0.8560,-0.094017,0.090537,0,NaN,NaN
0.8640,-0.094017,0.085214,0,NaN,NaN
0.8720,-0.093529,0.114322,0,NaN,NaN
0.8800,-0.090598,0.166537,0,NaN,NaN
0.8880,-0.085714,0.220882,0,NaN,NaN
0.8960,-0.084249,0.253960,0,NaN,NaN
0.9040,-0.084737,0.250525,0,NaN,NaN
0.9120,-0.086203,0.208774,0,NaN,NaN
0.9200,-0.090598,0.138157,0,NaN,NaN
0.9280,-0.092552,0.053119,0,NaN,NaN
0.9360,-0.093040,0.029355,0,NaN,NaN
0.9440,-0.093529,0.020750,0,NaN,NaN
0.9520,-0.093040,0.039905,0,NaN,NaN
0.9600,-0.092552,0.077785,0,NaN,NaN
0.9680,-0.087668,0.115768,0,NaN,NaN
0.9760,-0.085714,0.131271,0,NaN,NaN
0.9840,-0.086691,0.111190,0,NaN,NaN
0.9920,-0.091087,0.062251,0,NaN,NaN
1.0000,-0.094994,0.007557,0,NaN,NaN
1.0080,-0.096947,-0.028506,0,NaN,NaN
1.0160,-0.094017,-0.034606,0,NaN,NaN
1.0240,-0.093040,-0.014954,0,NaN,NaN
1.0320,-0.092063,0.018270,0,NaN,NaN
1.0400,-0.091575,-0.004503,0,NaN,NaN
1.0480,-0.086691,0.036207,0,NaN,NaN
1.0560,-0.085714,0.045663,0,NaN,NaN
1.0640,-0.085714,0.008970,0,NaN,NaN
1.0720,-0.090598,-0.071834,0,NaN,NaN
1.0800,-0.095971,-0.176224,0,NaN,NaN
1.0880,-0.100366,-0.274123,0,NaN,NaN
1.0960,-0.101832,-0.338385,0,NaN,NaN
1.1040,-0.102320,-0.352541,0,NaN,NaN
1.1120,-0.100366,-0.312331,0,NaN,NaN
1.1200,-0.096459,-0.224171,0,NaN,NaN
1.1280,-0.091087,-0.101966,0,NaN,NaN
1.1360,-0.086203,0.037266,0,NaN,NaN
1.1440,-0.085714,0.169782,0,NaN,NaN
1.1520,-0.089133,0.147568,0,NaN,NaN
1.1600,-0.093529,0.100323,0,NaN,NaN
1.1680,-0.094505,0.056256,0,NaN,NaN
1.1760,-0.095971,0.035224,0,NaN,NaN
1.1840,-0.093529,0.042947,0,NaN,NaN
1.1920,-0.093529,0.073648,0,NaN,NaN
1.2000,-0.091575,0.115650,0,NaN,NaN
1.2080,-0.092063,0.154517,0,NaN,NaN
1.2160,-0.088156,0.173777,0,NaN,NaN
1.2240,-0.088645,0.159333,0,NaN,NaN
1.2320,-0.092063,0.108501,0,NaN,NaN
1.2400,-0.095971,0.034341,0,NaN,NaN
1.2480,-0.094017,-0.023759,0,NaN,NaN
1.2560,-0.094017,-0.016109,0,NaN,NaN
1.2640,-0.092063,0.014318,0,NaN,NaN
1.2720,-0.092552,0.061467,0,NaN,NaN
1.2800,-0.089133,0.113666,0,NaN,NaN
1.2880,-0.085714,0.153238,0,NaN,NaN
1.2960,-0.085226,0.162979,0,NaN,NaN
1.3040,-0.085714,0.136865,0,NaN,NaN
1.3120,-0.090110,0.085953,0,NaN,NaN
1.3200,-0.094994,0.033467,0,NaN,NaN
1.3280,-0.094505,0.000579,0,NaN,NaN
1.3360,-0.094505,-0.005898,0,NaN,NaN
1.3440,-0.093040,0.005265,0,NaN,NaN
1.3520,-0.092552,-0.045820,0,NaN,NaN
1.3600,-0.088645,0.016994,0,NaN,NaN
1.3680,-0.085714,0.068488,0,NaN,NaN
1.3760,-0.082784,0.086420,0,NaN,NaN
1.3840,-0.085226,0.059494,0,NaN,NaN
1.3920,-0.088156,-0.005530,0,NaN,NaN
1.4000,-0.093040,-0.086733,0,NaN,NaN
1.4080,-0.094994,-0.157238,0,NaN,NaN
1.4160,-0.096459,-0.195295,0,NaN,NaN
1.4240,-0.095482,-0.189513,0,NaN,NaN
1.4320,-0.094017,-0.139891,0,NaN,NaN
1.4400,-0.088645,-0.056539,0,NaN,NaN
1.4480,-0.085714,0.044357,0,NaN,NaN
1.4560,-0.082784,-0.037339,0,NaN,NaN
1.4640,-0.083272,-0.030461,1,NaN,NaN
1.4720,-0.085714,-0.048714,0,NaN,NaN
1.4800,-0.086691,-0.074913,0,NaN,NaN
1.4880,-0.086691,-0.092618,0,NaN,NaN
1.4960,-0.085714,-0.092558,0,NaN,NaN
1.5040,-0.084737,-0.072844,0,NaN,NaN
1.5120,-0.084249,-0.037496,0,NaN,NaN
1.5200,-0.080830,0.003136,0,NaN,NaN
1.5280,-0.077900,0.033383,0,NaN,NaN
1.5360,-0.076923,0.039205,0,NaN,NaN
1.5440,-0.078388,0.017030,0,NaN,NaN
1.5520,-0.080342,-0.023457,0,NaN,NaN
1.5600,-0.084737,0.105158,0,NaN,NaN
1.5680,-0.085714,0.058180,0,NaN,NaN
1.5760,-0.085714,0.030003,0,NaN,NaN
1.5840,-0.085714,0.023121,0,NaN,NaN
1.5920,-0.086203,0.035370,0,NaN,NaN
1.6000,-0.085714,0.061225,0,NaN,NaN
1.6080,-0.083272,0.090013,0,NaN,NaN
1.6160,-0.080830,0.107265,0,NaN,NaN
1.6240,-0.079853,0.103087,0,NaN,NaN
1.6320,-0.085714,0.080601,0,NaN,NaN
1.6400,-0.085714,0.052609,0,NaN,NaN
1.6480,-0.085714,0.029194,0,NaN,NaN
1.6560,-0.085714,0.011178,0,NaN,NaN
1.6640,-0.085714,-0.212717,0,NaN,NaN
1.6720,-0.085714,-0.177170,0,NaN,NaN
1.6800,-0.083761,-0.120998,0,NaN,NaN
1.6880,-0.076435,-0.064659,0,NaN,NaN
1.6960,-0.073016,-0.035561,1,NaN,NaN
1.7040,-0.074481,-0.048945,0,NaN,NaN
1.7120,-0.078877,-0.095261,0,NaN,NaN
1.7200,-0.082295,-0.146983,0,NaN,NaN
1.7280,-0.082784,-0.177677,0,NaN,NaN
1.7360,-0.079365,-0.176720,0,NaN,NaN
1.7440,-0.076435,-0.149223,0,NaN,NaN
1.7520,-0.076435,-0.105662,0,NaN,NaN
1.7600,-0.073504,-0.054855,0,NaN,NaN
1.7680,-0.069597,0.141514,0,NaN,NaN
1.7760,-0.066178,0.165377,1,NaN,NaN
1.7840,-0.067643,0.143662,0,NaN,NaN
1.7920,-0.071062,0.079149,0,NaN,NaN
1.8000,-0.076435,-0.009855,0,NaN,NaN
1.8080,-0.078388,-0.099328,0,NaN,NaN
1.8160,-0.080830,-0.168506,0,NaN,NaN
1.8240,-0.082784,-0.202821,0,NaN,NaN
1.8320,-0.083272,-0.195328,0,NaN,NaN
1.8400,-0.079365,-0.149673,0,NaN,NaN
1.8480,-0.075458,-0.079153,0,NaN,NaN
1.8560,-0.072039,0.001225,0,NaN,NaN
1.8640,-0.070085,0.082957,0,NaN,NaN
1.8720,-0.072527,0.193831,0,NaN,NaN
1.8800,-0.074481,0.163444,0,NaN,NaN
1.8880,-0.074481,0.121053,0,NaN,NaN
1.8960,-0.077411,0.083571,0,NaN,NaN
1.9040,-0.078388,0.066707,0,NaN,NaN
1.9120,-0.079853,0.080080,0,NaN,NaN
1.9200,-0.076435,0.119644,0,NaN,NaN
1.9280,-0.071551,0.165908,0,NaN,NaN
1.9360,-0.070085,0.194370,0,NaN,NaN
1.9440,-0.071551,0.190856,0,NaN,NaN
1.9520,-0.074481,0.157631,0,NaN,NaN
1.9600,-0.077411,0.106819,0,NaN,NaN
1.9680,-0.077900,0.049734,0,NaN,NaN
1.9760,-0.077900,-0.106976,0,NaN,NaN
1.9840,-0.076923,-0.076573,0,NaN,NaN
1.9920,-0.074481,-0.019568,0,NaN,NaN
2.0000,-0.070085,0.045142,0,NaN,NaN
2.0080,-0.066178,0.093111,0,NaN,NaN
2.0160,-0.065690,0.106506,0,NaN,NaN
2.0240,-0.068620,0.084371,0,NaN,NaN
2.0320,-0.071062,0.041760,0,NaN,NaN
2.0400,-0.073016,-0.000933,0,NaN,NaN
2.0480,-0.073016,-0.028691,0,NaN,NaN
2.0560,-0.073504,-0.036282,0,NaN,NaN
2.0640,-0.071551,-0.027055,0,NaN,NaN
2.0720,-0.071551,-0.008943,0,NaN,NaN
2.0800,-0.071551,-0.126197,0,NaN,NaN
2.0880,-0.070085,-0.138292,0,NaN,NaN
2.0960,-0.071062,-0.172933,0,NaN,NaN
2.1040,-0.073016,-0.226505,0,NaN,NaN
2.1120,-0.077411,-0.283511,0,NaN,NaN
2.1200,-0.079365,-0.323318,0,NaN,NaN
2.1280,-0.077900,-0.331807,0,NaN,NaN
2.1360,-0.076435,-0.308262,0,NaN,NaN
2.1440,-0.071551,-0.263041,0,NaN,NaN
2.1520,-0.070574,-0.209392,0,NaN,NaN
2.1600,-0.069597,-0.156968,0,NaN,NaN
2.1680,-0.063736,-0.111038,0,NaN,NaN
2.1760,-0.064713,-0.071567,0,NaN,NaN
2.1840,-0.068620,0.068779,0,NaN,NaN
2.1920,-0.070085,0.021421,0,NaN,NaN
2.2000,-0.072527,-0.022601,0,NaN,NaN
2.2080,-0.071551,-0.049232,0,NaN,NaN
2.2160,-0.072527,-0.050711,0,NaN,NaN
2.2240,-0.071551,-0.024512,0,NaN,NaN
2.2320,-0.070085,0.025540,0,NaN,NaN
2.2400,-0.067155,0.086568,0,NaN,NaN
2.2480,-0.062759,0.137315,0,NaN,NaN
2.2560,-0.061294,0.155817,1,NaN,NaN
2.2640,-0.062759,0.130756,1,NaN,NaN
2.2720,-0.067155,0.067191,0,NaN,NaN
2.2800,-0.069597,-0.017759,0,NaN,NaN
2.2880,-0.070085,-0.026606,0,NaN,NaN
2.2960,-0.069109,-0.023325,0,NaN,NaN
2.3040,-0.068132,0.009474,0,NaN,NaN
2.3120,-0.066667,0.059514,0,NaN,NaN
2.3200,-0.062271,0.105974,0,NaN,NaN
2.3280,-0.060806,0.125342,1,NaN,NaN
2.3360,-0.060806,0.102607,0,NaN,NaN
2.3440,-0.063736,0.041583,0,NaN,NaN
2.3520,-0.070085,-0.033209,0,NaN,NaN
2.3600,-0.074481,-0.087629,0,NaN,NaN
2.3680,-0.072527,-0.097366,0,NaN,NaN
2.3760,-0.070085,-0.060547,0,NaN,NaN
2.3840,-0.066667,0.004597,0,NaN,NaN
2.3920,-0.065690,0.091352,0,NaN,NaN
2.4000,-0.062759,0.159154,0,NaN,NaN
2.4080,-0.059829,0.204342,0,NaN,NaN
2.4160,-0.056899,0.212826,1,NaN,NaN
2.4240,-0.060806,0.182359,0,NaN,NaN
2.4320,-0.064713,0.126402,0,NaN,NaN
2.4400,-0.067155,0.065693,0,NaN,NaN
2.4480,-0.067155,0.016410,0,NaN,NaN
2.4560,-0.068620,-0.013140,0,NaN,NaN
2.4640,-0.069109,-0.018898,0,NaN,NaN
2.4720,-0.069109,0.001108,0,NaN,NaN
2.4800,-0.068132,0.044834,0,NaN,NaN
2.4880,-0.064713,0.103385,0,NaN,NaN
2.4960,-0.059829,-0.981331,0,NaN,NaN
2.5040,-0.058852,-0.967172,0,NaN,NaN
2.5120,-0.057387,-0.947835,0,NaN,NaN
2.5200,-0.054457,-0.914919,0,NaN,NaN
2.5280,-0.048596,-0.863356,0,NaN,NaN
2.5360,-0.042247,-0.794691,0,NaN,NaN
2.5440,-0.038828,-0.714451,0,NaN,NaN
2.5520,-0.031502,-0.630437,0,NaN,NaN
2.5600,-0.024664,-0.553100,0,NaN,NaN
2.5680,-0.020269,-0.492738,0,NaN,NaN
2.5760,-0.015873,-0.454658,0,NaN,NaN
2.5840,-0.012943,-0.437101,0,NaN,NaN
2.5920,-0.010501,-0.432099,0,NaN,NaN
2.6000,-0.005128,0.543606,0,NaN,NaN
2.6080,0.008059,0.664464,0,NaN,NaN
2.6160,0.017827,0.788705,0,NaN,NaN
2.6240,0.025153,0.895136,0,NaN,NaN
2.6320,0.029060,0.968110,0,NaN,NaN
2.6400,0.030037,1.000000,1,NaN,NaN
2.6480,0.031502,0.988578,0,NaN,NaN
2.6560,0.029060,0.935219,0,NaN,NaN
2.6640,0.023687,0.846381,0,NaN,NaN
2.6720,0.014896,0.734569,0,NaN,NaN
2.6800,0.007570,0.614772,0,NaN,NaN
2.6880,-0.000244,0.497939,0,NaN,NaN
2.6960,-0.004151,0.386271,0,NaN,NaN
2.7040,-0.007570,0.740769,0,NaN,NaN
2.7120,-0.010012,0.720781,0,NaN,NaN
2.7200,-0.013431,0.693487,0,NaN,NaN
2.7280,-0.020269,0.651676,0,NaN,NaN
2.7360,-0.027595,0.594192,0,NaN,NaN
2.7440,-0.038828,0.526464,0,NaN,NaN
2.7520,-0.048596,0.457894,0,NaN,NaN
2.7600,-0.054945,0.397524,0,NaN,NaN
2.7680,-0.061783,0.351279,0,NaN,NaN
2.7760,-0.066667,0.321945,0,NaN,NaN
2.7840,-0.070085,0.309722,0,NaN,NaN
2.7920,-0.072527,0.312022,0,NaN,NaN
2.8000,-0.072527,0.323106,0,NaN,NaN
2.8080,-0.070574,-0.221861,0,NaN,NaN
2.8160,-0.071062,-0.228516,0,NaN,NaN
2.8240,-0.073016,-0.245169,0,NaN,NaN
2.8320,-0.076923,-0.267520,0,NaN,NaN
2.8400,-0.082784,-0.284979,0,NaN,NaN
2.8480,-0.082295,-0.287579,0,NaN,NaN
2.8560,-0.080342,-0.272352,0,NaN,NaN
2.8640,-0.078388,-0.243634,0,NaN,NaN
2.8720,-0.077411,-0.208879,0,NaN,NaN
2.8800,-0.076435,-0.175429,0,NaN,NaN
2.8880,-0.074481,-0.149612,0,NaN,NaN
2.8960,-0.072527,-0.135108,0,NaN,NaN
2.9040,-0.077411,-0.129403,0,NaN,NaN
2.9120,-0.082295,-0.369131,0,NaN,NaN
2.9200,-0.085226,-0.386178,0,NaN,NaN
2.9280,-0.085714,-0.387988,0,NaN,NaN
2.9360,-0.085714,-0.370418,0,NaN,NaN
2.9440,-0.085714,-0.334191,0,NaN,NaN
2.9520,-0.083272,-0.284543,0,NaN,NaN
2.9600,-0.079853,-0.231595,0,NaN,NaN
2.9680,-0.074969,-0.188378,0,NaN,NaN
2.9760,-0.074969,-0.164830,0,NaN,NaN
2.9840,-0.079365,-0.161742,0,NaN,NaN
2.9920,-0.083761,-0.171146,0,NaN,NaN
3.0000,-0.086203,-0.183469,0,NaN,NaN
3.0080,-0.086203,-0.194435,0,NaN,NaN
3.0160,-0.085714,0.670598,0,NaN,NaN
3.0240,-0.085226,0.734594,0,NaN,NaN
3.0320,-0.082295,0.811340,0,NaN,NaN
3.0400,-0.076923,0.891610,0,NaN,NaN
3.0480,-0.071551,0.960228,0,NaN,NaN
3.0560,-0.070085,1.000000,1,NaN,NaN
3.0640,-0.075458,0.997887,0,NaN,NaN
3.0720,-0.085714,0.949671,0,NaN,NaN
3.0800,-0.102320,0.860970,0,NaN,NaN
3.0880,-0.121368,0.744750,0,NaN,NaN
3.0960,-0.141880,0.616467,0,NaN,NaN
3.1040,-0.163370,0.488234,0,NaN,NaN
3.1120,-0.177045,0.364061,0,NaN,NaN
3.1200,-0.176557,-0.955538,0,NaN,NaN
3.1280,-0.162393,-0.983871,0,NaN,NaN
3.1360,-0.132601,-0.999273,0,NaN,NaN
3.1440,-0.085714,-1.000000,0,NaN,NaN
3.1520,-0.026129,-0.984349,0,NaN,NaN
3.1600,0.056410,-0.951020,0,NaN,NaN
3.1680,0.163370,-0.900139,0,NaN,NaN
3.1760,0.295238,-0.834146,0,NaN,NaN
3.1840,0.437363,-0.757735,0,NaN,NaN
3.1920,0.582906,-0.676854,0,NaN,NaN
3.2000,0.735287,-0.597443,1,NaN,NaN
3.2080,0.901832,-0.523624,1,NaN,NaN
3.2160,1.000000,-0.455204,0,NaN,NaN
3.2240,1.000000,1.000000,1,NaN,NaN
3.2320,0.923810,0.965245,0,NaN,NaN
3.2400,0.742613,0.885524,0,NaN,NaN
3.2480,0.555067,0.777445,0,NaN,NaN
3.2560,0.374359,0.659280,0,NaN,NaN
3.2640,0.200000,0.546353,0,NaN,NaN
3.2720,0.042247,0.449937,0,NaN,NaN
3.2800,-0.088156,0.377814,0,NaN,NaN
3.2880,-0.177045,0.334555,0,NaN,NaN
3.2960,-0.223932,0.321267,0,NaN,NaN
3.3040,-0.234676,0.335364,0,NaN,NaN
3.3120,-0.215140,0.370633,0,NaN,NaN
3.3200,-0.173138,0.417707,0,NaN,NaN
3.3280,-0.122833,-0.056376,0,NaN,NaN
3.3360,-0.080342,-0.010568,0,NaN,NaN
3.3440,-0.052015,0.024751,0,NaN,NaN
3.3520,-0.038828,0.045913,0,NaN,NaN
3.3600,-0.038339,0.052943,0,NaN,NaN
3.3680,-0.049573,0.048598,0,NaN,NaN
3.3760,-0.066667,0.037199,0,NaN,NaN
3.3840,-0.085714,0.023453,0,NaN,NaN
3.3920,-0.101343,0.011384,0,NaN,NaN
3.4000,-0.111111,0.003503,0,NaN,NaN
3.4080,-0.112088,0.000436,0,NaN,NaN
3.4160,-0.109646,0.001206,0,NaN,NaN
3.4240,-0.109158,0.004013,0,NaN,NaN
3.4320,-0.110623,-0.206501,0,NaN,NaN
3.4400,-0.114042,-0.213637,0,NaN,NaN
3.4480,-0.116972,-0.220998,0,NaN,NaN
3.4560,-0.117460,-0.227730,0,NaN,NaN
3.4640,-0.121856,-0.232704,0,NaN,NaN
3.4720,-0.124786,-0.234554,0,NaN,NaN
3.4800,-0.125763,-0.231884,0,NaN,NaN
3.4880,-0.125275,-0.223617,0,NaN,NaN
3.4960,-0.122833,-0.209287,0,NaN,NaN
3.5040,-0.116972,-0.189224,0,NaN,NaN
3.5120,-0.112088,-0.164525,0,NaN,NaN
3.5200,-0.108181,-0.136742,0,NaN,NaN
3.5280,-0.106227,-0.107489,0,NaN,NaN
3.5360,-0.109158,-0.062356,0,NaN,NaN
3.5440,-0.114530,-0.049369,0,NaN,NaN
3.5520,-0.118437,-0.039580,0,NaN,NaN
3.5600,-0.122833,-0.031801,0,NaN,NaN
3.5680,-0.120391,-0.024906,0,NaN,NaN
3.5760,-0.116484,-0.018322,0,NaN,NaN
3.5840,-0.108669,-0.012149,0,NaN,NaN
3.5920,-0.101343,-0.006990,0,NaN,NaN
3.6000,-0.094017,-0.003720,0,NaN,NaN
3.6080,-0.085714,-0.003224,0,NaN,NaN
3.6160,-0.085714,-0.005996,0,NaN,NaN
3.6240,-0.088156,-0.011727,0,NaN,NaN
3.6320,-0.094994,-0.019242,0,NaN,NaN
3.6400,-0.100366,-0.015256,0,NaN,NaN
3.6480,-0.102320,-0.019076,0,NaN,NaN
3.6560,-0.104274,-0.020553,0,NaN,NaN
3.6640,-0.103785,-0.019484,0,NaN,NaN
3.6720,-0.101832,-0.016171,0,NaN,NaN
3.6800,-0.095971,-0.011461,0,NaN,NaN
3.6880,-0.088156,-0.006662,0,NaN,NaN
3.6960,-0.083272,-0.003126,0,NaN,NaN
3.7040,-0.080830,-0.001652,0,NaN,NaN
3.7120,-0.083272,-0.002179,0,NaN,NaN
3.7200,-0.084249,-0.004007,0,NaN,NaN
3.7280,-0.085714,-0.006360,0,NaN,NaN
3.7360,-0.084737,-0.008805,0,NaN,NaN
3.7440,-0.085714,-0.010152,0,NaN,NaN
3.7520,-0.087179,-0.012455,0,NaN,NaN
3.7600,-0.087179,-0.014664,0,NaN,NaN
3.7680,-0.086203,-0.016767,0,NaN,NaN
3.7760,-0.087179,-0.018642,0,NaN,NaN
3.7840,-0.087179,-0.019956,0,NaN,NaN
3.7920,-0.086691,-0.020265,0,NaN,NaN
3.8000,-0.084249,-0.019293,0,NaN,NaN
3.8080,-0.078388,-0.017171,0,NaN,NaN
3.8160,-0.072527,-0.014370,0,NaN,NaN
3.8240,-0.070085,-0.011367,0,NaN,NaN
3.8320,-0.064713,-0.008406,0,NaN,NaN
3.8400,-0.060806,-0.005527,0,NaN,NaN
3.8480,-0.056899,0.012956,0,NaN,NaN
3.8560,-0.057387,0.010204,0,NaN,NaN
3.8640,-0.062759,0.005258,0,NaN,NaN
3.8720,-0.070085,-0.000336,0,NaN,NaN
3.8800,-0.074969,-0.004650,0,NaN,NaN
3.8880,-0.072527,-0.006310,0,NaN,NaN
3.8960,-0.070085,-0.005015,0,NaN,NaN
3.9040,-0.065201,-0.001455,0,NaN,NaN
3.9120,-0.059829,0.003004,0,NaN,NaN
3.9200,-0.052015,0.006663,0,NaN,NaN
3.9280,-0.048107,0.008063,0,NaN,NaN
3.9360,-0.049573,0.006721,0,NaN,NaN
3.9440,-0.054457,0.003515,0,NaN,NaN
3.9520,-0.062759,-0.006918,0,NaN,NaN
3.9600,-0.068620,-0.012345,0,NaN,NaN
3.9680,-0.067643,-0.014632,0,NaN,NaN
3.9760,-0.063736,-0.012780,0,NaN,NaN
3.9840,-0.057875,-0.006936,0,NaN,NaN
3.9920,-0.047131,0.001704,0,NaN,NaN
4.0000,-0.034432,0.011064,0,NaN,NaN
4.0080,-0.024176,0.018677,0,NaN,NaN
4.0160,-0.019292,0.022446,0,NaN,NaN
4.0240,-0.020269,0.021254,0,NaN,NaN
4.0320,-0.024664,0.015120,0,NaN,NaN
4.0400,-0.032479,0.005049,0,NaN,NaN
4.0480,-0.043712,-0.007215,0,NaN,NaN
4.0560,-0.052991,-0.018390,0,NaN,NaN
4.0640,-0.060806,-0.024061,0,NaN,NaN
4.0720,-0.057875,-0.024292,0,NaN,NaN
4.0800,-0.047619,-0.019582,0,NaN,NaN
4.0880,-0.035897,-0.012072,0,NaN,NaN
4.0960,-0.023687,-0.004500,0,NaN,NaN
4.1040,-0.020269,0.000957,0,NaN,NaN
4.1120,-0.015873,0.003280,0,NaN,NaN
4.1200,-0.015385,0.002540,0,NaN,NaN
4.1280,-0.017827,-0.000408,0,NaN,NaN
4.1360,-0.022711,-0.004322,0,NaN,NaN
4.1440,-0.024664,-0.008161,0,NaN,NaN
4.1520,-0.023199,-0.011624,0,NaN,NaN
4.1600,-0.017827,0.040781,0,NaN,NaN
4.1680,-0.010989,0.045413,0,NaN,NaN
4.1760,-0.005128,0.048604,0,NaN,NaN
4.1840,-0.006105,0.048817,0,NaN,NaN
4.1920,-0.011477,0.045663,0,NaN,NaN
4.2000,-0.018315,0.039882,0,NaN,NaN
4.2080,-0.023687,0.032858,0,NaN,NaN
4.2160,-0.032967,0.026180,0,NaN,NaN
4.2240,-0.039316,0.021284,0,NaN,NaN
4.2320,-0.041270,0.018990,0,NaN,NaN
4.2400,-0.038828,0.019212,0,NaN,NaN
4.2480,-0.036874,0.021181,0,NaN,NaN
4.2560,-0.035897,0.023971,0,NaN,NaN
4.2640,-0.037851,0.053347,0,NaN,NaN
4.2720,-0.039805,0.054045,0,NaN,NaN
4.2800,-0.041270,0.053689,0,NaN,NaN
4.2880,-0.045177,0.052263,0,NaN,NaN
4.2960,-0.047131,0.049691,0,NaN,NaN
4.3040,-0.054457,0.045990,0,NaN,NaN
4.3120,-0.062759,0.041429,0,NaN,NaN
4.3200,-0.068620,0.036462,0,NaN,NaN
4.3280,-0.075458,0.031631,0,NaN,NaN
4.3360,-0.085714,0.027592,0,NaN,NaN
4.3440,-0.091087,0.024966,0,NaN,NaN
4.3520,-0.094017,0.023919,0,NaN,NaN
4.3600,-0.094994,0.023928,0,NaN,NaN
4.3680,-0.096459,0.004120,0,NaN,NaN
4.3760,-0.097924,0.005163,0,NaN,NaN
4.3840,-0.099878,0.006585,0,NaN,NaN
4.3920,-0.101343,0.008026,0,NaN,NaN
4.4000,-0.101343,0.008831,0,NaN,NaN
4.4080,-0.101343,0.008145,0,NaN,NaN
4.4160,-0.106227,0.005481,0,NaN,NaN
4.4240,-0.116972,0.001348,0,NaN,NaN
4.4320,-0.126740,-0.002778,0,NaN,NaN
4.4400,-0.133089,-0.005244,0,NaN,NaN
4.4480,-0.134554,-0.005130,0,NaN,NaN
4.4560,-0.133089,-0.002616,0,NaN,NaN
4.4640,-0.133089,0.001291,0,NaN,NaN
4.4720,-0.131624,-0.041779,0,NaN,NaN
4.4800,-0.127228,-0.036696,0,NaN,NaN
4.4880,-0.122344,-0.032143,0,NaN,NaN
4.4960,-0.119414,-0.029235,0,NaN,NaN
4.5040,-0.122344,-0.028399,0,NaN,NaN
4.5120,-0.127228,-0.029123,0,NaN,NaN
4.5200,-0.130159,-0.030344,0,NaN,NaN
4.5280,-0.130647,-0.031069,0,NaN,NaN
4.5360,-0.131136,-0.030672,0,NaN,NaN
4.5440,-0.131136,-0.028835,0,NaN,NaN
4.5520,-0.131136,-0.025467,0,NaN,NaN
4.5600,-0.125763,-0.020799,0,NaN,NaN
4.5680,-0.122833,-0.015401,0,NaN,NaN
4.5760,-0.124786,-0.020038,0,NaN,NaN
4.5840,-0.134066,-0.021512,0,NaN,NaN
4.5920,-0.137973,-0.022320,0,NaN,NaN
4.6000,-0.136996,-0.021214,0,NaN,NaN
4.6080,-0.132112,-0.018123,0,NaN,NaN
4.6160,-0.126252,-0.014033,0,NaN,NaN
4.6240,-0.124786,-0.010231,0,NaN,NaN
4.6320,-0.122344,-0.007644,0,NaN,NaN
4.6400,-0.122833,-0.006586,0,NaN,NaN
4.6480,-0.125275,-0.006853,0,NaN,NaN
4.6560,-0.125763,-0.008004,0,NaN,NaN
4.6640,-0.127228,-0.009646,0,NaN,NaN
4.6720,-0.129182,-0.011510,0,NaN,NaN
4.6800,-0.125763,-0.000166,0,NaN,NaN
4.6880,-0.122344,0.002024,0,NaN,NaN
4.6960,-0.119414,0.004163,0,NaN,NaN
4.7040,-0.122344,0.005889,0,NaN,NaN
4.7120,-0.121856,0.007156,0,NaN,NaN
4.7200,-0.119902,0.007855,0,NaN,NaN
4.7280,-0.117949,0.007632,0,NaN,NaN
4.7360,-0.118437,0.006250,0,NaN,NaN
4.7440,-0.123321,0.004052,0,NaN,NaN
4.7520,-0.126740,0.001955,0,NaN,NaN
4.7600,-0.128205,0.000903,0,NaN,NaN
4.7680,-0.126252,0.001250,0,NaN,NaN
4.7760,-0.123321,0.002556,0,NaN,NaN
4.7840,-0.116484,0.003040,0,NaN,NaN
4.7920,-0.106227,0.009161,0,NaN,NaN
4.8000,-0.100855,0.013672,0,NaN,NaN
4.8080,-0.100366,0.015261,0,NaN,NaN
4.8160,-0.101832,0.013706,0,NaN,NaN
4.8240,-0.107692,0.009815,0,NaN,NaN
4.8320,-0.112088,0.004985,0,NaN,NaN
4.8400,-0.115995,0.000646,0,NaN,NaN
4.8480,-0.116972,-0.002138,0,NaN,NaN
4.8560,-0.116972,-0.002764,0,NaN,NaN
4.8640,-0.116484,-0.001043,0,NaN,NaN
4.8720,-0.112576,0.002761,0,NaN,NaN
4.8800,-0.105739,0.007820,0,NaN,NaN
4.8880,-0.101832,0.012997,0,NaN,NaN
4.8960,-0.101343,0.013032,0,NaN,NaN
4.9040,-0.107204,0.011339,0,NaN,NaN
4.9120,-0.111111,0.009106,0,NaN,NaN
4.9200,-0.110623,0.007528,0,NaN,NaN
4.9280,-0.109158,0.007194,0,NaN,NaN
4.9360,-0.109646,0.008084,0,NaN,NaN
4.9440,-0.107692,0.009764,0,NaN,NaN
4.9520,-0.104274,0.011457,0,NaN,NaN
4.9600,-0.101343,0.012219,0,NaN,NaN
4.9680,-0.102320,0.011371,0,NaN,NaN
4.9760,-0.105739,0.008891,0,NaN,NaN
4.9840,-0.109158,0.005417,0,NaN,NaN
4.9920,-0.110134,0.011555,0,77.59,NaN
5.0000,-0.110134,0.012319,0,77.59,NaN
5.0080,-0.105739,0.014726,0,77.59,NaN
5.0160,-0.101832,0.018259,0,77.59,NaN
5.0240,-0.100855,0.022130,0,77.59,NaN
5.0320,-0.096459,0.025429,0,77.59,NaN
5.0400,-0.092063,0.027164,0,77.59,NaN
5.0480,-0.093529,0.026570,0,77.59,NaN
5.0560,-0.095971,0.023575,0,77.59,NaN
5.0640,-0.102808,0.018960,0,77.59,NaN
5.0720,-0.110134,0.014039,0,77.59,NaN
5.0800,-0.116484,0.009914,0,77.59,NaN
5.0880,-0.114042,0.006694,0,77.59,NaN
5.0960,-0.109646,-0.008057,0,77.59,NaN
5.1040,-0.107204,-0.004568,0,77.59,NaN
5.1120,-0.101832,-0.001024,0,77.59,NaN
5.1200,-0.098413,0.001097,0,77.59,NaN
5.1280,-0.098901,0.000863,0,77.59,NaN
5.1360,-0.101343,-0.001750,0,77.59,NaN
5.1440,-0.106227,-0.005815,0,77.59,NaN
5.1520,-0.112576,-0.009785,0,77.59,NaN
5.1600,-0.114530,-0.012131,0,77.59,NaN
5.1680,-0.112088,-0.011992,0,77.59,NaN
5.1760,-0.108669,-0.009400,0,77.59,NaN
5.1840,-0.102808,-0.005025,0,77.59,NaN
5.1920,-0.098901,0.000230,0,77.59,NaN
5.2000,-0.094017,0.030016,0,77.59,NaN
5.2080,-0.089133,0.034260,0,77.59,NaN
5.2160,-0.088156,0.036224,0,77.59,NaN
5.2240,-0.090110,0.035725,0,77.59,NaN
5.2320,-0.094505,0.033216,0,77.59,NaN
5.2400,-0.100366,0.029538,0,77.59,NaN
5.2480,-0.102808,0.025527,0,77.59,NaN
5.2560,-0.107692,0.021801,0,77.59,NaN
5.2640,-0.111600,0.018809,0,77.59,NaN
5.2720,-0.115507,0.016874,0,77.59,NaN
5.2800,-0.116484,0.016114,0,77.59,NaN
5.2880,-0.116972,0.016348,0,77.59,NaN
5.2960,-0.116972,0.017146,0,77.59,NaN
5.3040,-0.116972,-0.004758,0,77.59,NaN
5.3120,-0.114530,-0.001803,0,77.59,NaN
5.3200,-0.109158,0.002125,0,77.59,NaN
5.3280,-0.105739,0.006519,0,77.59,NaN
5.3360,-0.102320,0.010866,0,77.59,NaN
5.3440,-0.100855,0.014754,0,77.59,NaN
5.3520,-0.098413,0.017732,0,77.59,NaN
5.3600,-0.094505,0.019178,0,77.59,NaN
5.3680,-0.094505,0.018512,0,77.59,NaN
5.3760,-0.099878,0.015658,0,77.59,NaN
5.3840,-0.105739,0.011199,0,77.59,NaN
5.3920,-0.111600,0.005973,0,77.59,NaN
5.4000,-0.114530,0.000551,0,77.59,NaN
5.4080,-0.114042,-0.011154,0,77.59,NaN
5.4160,-0.110134,-0.008995,0,77.59,NaN
5.4240,-0.105739,-0.005512,0,77.59,NaN
5.4320,-0.101343,-0.002062,0,77.59,NaN
5.4400,-0.098901,0.000199,0,77.59,NaN
5.4480,-0.098413,0.000701,0,77.59,NaN
5.4560,-0.101343,-0.000401,0,77.59,NaN
5.4640,-0.102320,-0.002418,0,77.59,NaN
5.4720,-0.104274,-0.004456,0,77.59,NaN
5.4800,-0.106716,-0.005695,0,77.59,NaN
5.4880,-0.105739,-0.005640,0,77.59,NaN
5.4960,-0.103785,-0.004309,0,77.59,NaN
5.5040,-0.101343,-0.002207,0,77.59,NaN
5.5120,-0.099389,-0.006656,0,77.59,NaN
5.5200,-0.094505,-0.004352,0,77.59,NaN
5.5280,-0.091087,-0.003441,0,77.59,NaN
5.5360,-0.093529,-0.004304,0,77.59,NaN
5.5440,-0.096947,-0.006428,0,77.59,NaN
5.5520,-0.101343,-0.008659,0,77.59,NaN
5.5600,-0.101343,-0.009882,0,77.59,NaN
5.5680,-0.100366,-0.009634,0,77.59,NaN
5.5760,-0.093529,-0.008232,0,77.59,NaN
5.5840,-0.092063,-0.006345,0,77.59,NaN
5.5920,-0.091575,-0.004428,0,77.59,NaN
5.6000,-0.088156,-0.002585,0,77.59,NaN
5.6080,-0.085714,-0.000787,0,77.59,NaN
5.6160,-0.085714,0.011238,0,77.59,NaN
5.6240,-0.086691,0.008604,0,77.59,NaN
5.6320,-0.093040,0.004255,0,77.59,NaN
5.6400,-0.098413,-0.001031,0,77.59,NaN
5.6480,-0.102320,-0.006245,0,77.59,NaN
5.6560,-0.106716,-0.010403,0,77.59,NaN
5.6640,-0.110623,-0.012671,0,77.59,NaN
5.6720,-0.111600,-0.012596,0,77.59,NaN
5.6800,-0.106716,-0.010412,0,77.59,NaN
5.6880,-0.101343,-0.007011,0,77.59,NaN
5.6960,-0.097924,-0.003441,0,77.59,NaN
5.7040,-0.094505,-0.000336,0,77.59,NaN
5.7120,-0.093529,0.002307,0,77.59,NaN
5.7200,-0.091087,0.013494,0,77.59,NaN
5.7280,-0.090110,0.014822,0,77.59,NaN
5.7360,-0.087668,0.015340,0,77.59,NaN
5.7440,-0.091087,0.015182,0,77.59,NaN
5.7520,-0.092552,0.014617,0,77.59,NaN
5.7600,-0.093040,0.013781,0,77.59,NaN
5.7680,-0.091087,0.012502,0,77.59,NaN
5.7760,-0.093040,0.010580,0,77.59,NaN
5.7840,-0.097924,0.008257,0,77.59,NaN
5.7920,-0.101343,0.006270,0,77.59,NaN
5.8000,-0.103785,0.005377,0,77.59,NaN
5.8080,-0.101343,0.005816,0,77.59,NaN
5.8160,-0.099878,0.007136,0,77.59,NaN
5.8240,-0.096459,0.008398,0,77.59,NaN
5.8320,-0.093529,0.013230,0,77.59,NaN
5.8400,-0.087668,0.017795,0,77.59,NaN
5.8480,-0.082784,0.020864,0,77.59,NaN
5.8560,-0.082784,0.021524,0,77.59,NaN
5.8640,-0.086691,0.019668,0,77.59,NaN
5.8720,-0.092063,0.016033,0,77.59,NaN
5.8800,-0.096459,0.011786,0,77.59,NaN
5.8880,-0.100855,0.008055,0,77.59,NaN
5.8960,-0.102808,0.005667,0,77.59,NaN
5.9040,-0.105739,0.005065,0,77.59,NaN
5.9120,-0.105739,0.006217,0,77.59,NaN
5.9200,-0.102320,0.008490,0,77.59,NaN
5.9280,-0.098413,0.004788,0,77.59,NaN
5.9360,-0.088645,0.010616,0,77.59,NaN
5.9440,-0.084249,0.015563,0,77.59,NaN
5.9520,-0.084249,0.018784,0,77.59,NaN
5.9600,-0.083272,0.020149,0,77.59,NaN
5.9680,-0.082784,0.019967,0,77.59,NaN
5.9760,-0.085226,0.018710,0,77.59,NaN
5.9840,-0.086691,0.016868,0,77.59,NaN
5.9920,-0.088156,0.014842,0,77.59,NaN
6.0000,-0.091575,0.012882,0,77.59,NaN
6.0080,-0.092063,0.011073,0,77.59,NaN
6.0160,-0.094017,0.009364,0,77.59,NaN
6.0240,-0.096459,0.007678,0,77.59,NaN
6.0320,-0.094994,-0.003325,0,77.59,NaN
6.0400,-0.090110,0.000097,0,77.59,NaN
6.0480,-0.085714,0.004261,0,77.59,NaN
6.0560,-0.080830,0.007951,0,77.59,NaN
6.0640,-0.078388,0.010026,0,77.59,NaN
6.0720,-0.078877,0.009807,0,77.59,NaN
6.0800,-0.080342,0.007309,0,77.59,NaN
6.0880,-0.085714,0.003305,0,77.59,NaN
6.0960,-0.090598,-0.000829,0,77.59,NaN
6.1040,-0.094994,-0.003561,0,77.59,NaN
6.1120,-0.094994,-0.003835,0,77.59,NaN
6.1200,-0.091087,-0.001566,0,77.59,NaN
6.1280,-0.085714,0.002292,0,77.59,NaN
6.1360,-0.083761,-0.005728,0,77.59,NaN
6.1440,-0.082295,-0.004919,0,77.59,NaN
6.1520,-0.084249,-0.005836,0,77.59,NaN
6.1600,-0.086203,-0.008296,0,77.59,NaN
6.1680,-0.090110,-0.011688,0,77.59,NaN
6.1760,-0.093040,-0.015201,0,77.59,NaN
6.1840,-0.094505,-0.018032,0,77.59,NaN
6.1920,-0.096459,-0.019512,0,77.59,NaN
6.2000,-0.094505,-0.019181,0,77.59,NaN
6.2080,-0.093529,-0.016894,0,77.59,NaN
6.2160,-0.086203,-0.012912,0,77.59,NaN
6.2240,-0.079853,-0.007832,0,77.59,NaN
6.2320,-0.075458,-0.002284,0,77.59,NaN
6.2400,-0.071062,0.006379,0,77.59,NaN
6.2480,-0.070085,0.007316,0,77.59,NaN
6.2560,-0.070085,0.005654,0,77.59,NaN
6.2640,-0.076435,0.001799,0,77.59,NaN
6.2720,-0.082295,-0.003294,0,77.59,NaN
6.2800,-0.085226,-0.008533,0,77.59,NaN
6.2880,-0.088156,-0.012984,0,77.59,NaN
6.2960,-0.092552,-0.015830,0,77.59,NaN
6.3040,-0.093529,-0.016356,0,77.59,NaN
6.3120,-0.091087,-0.014222,0,77.59,NaN
6.3200,-0.084249,-0.009709,0,77.59,NaN
6.3280,-0.076923,-0.003589,0,77.59,NaN
6.3360,-0.071551,0.003264,0,77.59,NaN
6.3440,-0.070574,-0.003631,0,77.59,NaN
6.3520,-0.075458,-0.007467,0,77.59,NaN
6.3600,-0.081319,-0.013973,0,77.59,NaN
6.3680,-0.088156,-0.021226,0,77.59,NaN
6.3760,-0.097924,-0.026774,0,77.59,NaN
6.3840,-0.101343,-0.028450,0,77.59,NaN
6.3920,-0.094994,-0.025416,0,77.59,NaN
6.4000,-0.086203,-0.018706,0,77.59,NaN
6.4080,-0.073016,-0.010814,0,77.59,NaN
6.4160,-0.064225,-0.004567,0,77.59,NaN
6.4240,-0.062271,-0.001868,0,77.59,NaN
6.4320,-0.063736,-0.002947,0,77.59,NaN
6.4400,-0.069109,-0.006402,0,77.59,NaN
6.4480,-0.076435,-0.078672,0,77.59,NaN
6.4560,-0.080342,-0.086177,0,77.59,NaN
6.4640,-0.081319,-0.090912,0,77.59,NaN
6.4720,-0.078877,-0.092222,0,77.59,NaN
6.4800,-0.069597,-0.090617,0,77.59,NaN
6.4880,-0.059829,-0.087381,0,77.59,NaN
6.4960,-0.052015,-0.083750,0,77.59,NaN
6.5040,-0.046154,-0.080152,0,77.59,NaN
6.5120,-0.040781,-0.076071,0,77.59,NaN
6.5200,-0.031990,-0.070540,0,77.59,NaN
6.5280,-0.020757,-0.062843,0,77.59,NaN
6.5360,-0.007082,-0.052983,0,77.59,NaN
6.5440,0.009524,-0.041791,0,77.59,NaN
6.5520,0.021245,0.068856,0,77.59,NaN
6.5600,0.024176,0.072816,0,77.59,NaN
6.5680,0.024176,0.069917,0,77.59,NaN
6.5760,0.016361,0.060747,0,77.59,NaN
6.5840,-0.002198,0.047764,0,77.59,NaN
6.5920,-0.016361,0.034690,0,77.59,NaN
6.6000,-0.026618,0.025121,0,77.59,NaN
6.6080,-0.030525,0.021110,0,77.59,NaN
6.6160,-0.023199,0.022412,0,77.59,NaN
6.6240,-0.012454,0.026771,0,77.59,NaN
6.6320,-0.006593,0.031273,0,77.59,NaN
6.6400,-0.001709,0.034006,0,77.59,NaN
6.6480,-0.008059,0.035046,0,77.59,NaN
6.6560,-0.028083,0.054644,0,77.59,NaN
6.6640,-0.051038,0.037810,0,77.59,NaN
6.6720,-0.070085,0.021754,0,77.59,NaN
6.6800,-0.080830,0.009906,0,77.59,NaN
6.6880,-0.082295,0.003626,0,77.59,NaN
6.6960,-0.082295,0.002309,0,77.59,NaN
6.7040,-0.080830,0.004320,0,77.59,NaN
6.7120,-0.080830,0.007846,0,77.59,NaN
6.7200,-0.076923,0.011233,0,77.59,NaN
6.7280,-0.074481,0.013141,0,77.59,NaN
6.7360,-0.077900,0.012900,0,77.59,NaN
6.7440,-0.084249,0.010758,0,77.59,NaN
6.7520,-0.087179,0.007605,0,77.59,NaN
6.7600,-0.085714,-0.005400,0,77.59,NaN
6.7680,-0.085226,-0.004058,0,77.59,NaN
6.7760,-0.083272,-0.002020,0,77.59,NaN
6.7840,-0.079853,-0.000355,0,77.59,NaN
6.7920,-0.079853,-0.000121,0,77.59,NaN
6.8000,-0.083761,-0.001815,0,77.59,NaN
6.8080,-0.088156,-0.005065,0,77.59,NaN
6.8160,-0.095971,-0.008734,0,77.59,NaN
6.8240,-0.101832,-0.011376,0,77.59,NaN
6.8320,-0.104762,-0.011905,0,77.59,NaN
6.8400,-0.101832,-0.010095,0,77.59,NaN
6.8480,-0.101343,-0.006514,0,77.59,NaN
6.8560,-0.101343,-0.002042,0,77.59,NaN
6.8640,-0.099389,-0.026381,0,77.59,NaN
6.8720,-0.094994,-0.022434,0,77.59,NaN
6.8800,-0.092063,-0.019724,0,77.59,NaN
6.8880,-0.093529,-0.018602,0,77.59,NaN
6.8960,-0.097924,-0.018456,0,77.59,NaN
6.9040,-0.102320,-0.018004,0,77.59,NaN
6.9120,-0.101343,-0.016199,0,77.59,NaN
6.9200,-0.096459,-0.013020,0,77.59,NaN
6.9280,-0.092063,-0.009484,0,77.59,NaN
6.9360,-0.090598,-0.006921,0,77.59,NaN
6.9440,-0.093529,-0.006165,0,77.59,NaN
6.9520,-0.096947,-0.007209,0,77.59,NaN
6.9600,-0.101343,-0.009341,0,77.59,NaN
6.9680,-0.108669,0.046717,0,77.59,NaN
6.9760,-0.115995,0.045424,0,77.59,NaN
6.9840,-0.118437,0.045456,0,77.59,NaN
6.9920,-0.116972,0.046424,0,77.59,NaN
7.0000,-0.117949,0.046869,0,77.59,NaN
7.0080,-0.118437,0.044995,0,77.59,NaN
7.0160,-0.126252,0.039683,0,77.59,NaN
7.0240,-0.139927,0.031295,0,77.59,NaN
7.0320,-0.153602,0.021809,0,77.59,NaN
7.0400,-0.168742,0.014164,0,77.59,NaN
7.0480,-0.179487,0.011063,0,77.59,NaN
7.0560,-0.180464,0.013506,0,77.59,NaN
7.0640,-0.169231,0.019808,0,77.59,NaN
7.0720,-0.135043,-0.851629,0,77.59,NaN
7.0800,-0.080342,-0.831636,0,77.59,NaN
7.0880,-0.012943,-0.789009,0,77.59,NaN
7.0960,0.079365,-0.723406,0,77.59,NaN
7.1040,0.192674,-0.636798,0,77.59,NaN
7.1120,0.327961,-0.534573,0,77.59,NaN
7.1200,0.465690,-0.425828,0,77.59,NaN
7.1280,0.594139,-0.322938,0,77.59,NaN
7.1360,0.712821,-0.241139,1,77.59,NaN
7.1440,0.825641,-0.197319,1,77.59,NaN
7.1520,0.898901,-0.205146,0,77.59,NaN
7.1600,0.884249,-0.265909,0,77.59,NaN
7.1680,0.774847,-0.361319,0,77.59,NaN
7.1760,0.616117,0.807570,0,77.59,NaN
7.1840,0.454457,0.665081,0,77.59,NaN
7.1920,0.297680,0.514394,0,77.59,NaN
7.2000,0.148230,0.370384,0,77.59,NaN
7.2080,0.010501,0.243982,0,77.59,NaN
7.2160,-0.111111,0.143723,0,77.59,NaN
7.2240,-0.200488,0.076127,0,77.59,NaN
7.2320,-0.250305,0.044392,0,77.59,NaN
7.2400,-0.250305,0.046747,0,77.59,NaN
7.2480,-0.223443,0.076477,0,77.59,NaN
7.2560,-0.179976,0.124265,0,77.59,NaN
7.2640,-0.136996,0.181521,0,77.59,NaN
7.2720,-0.101343,0.242550,0,77.59,NaN
7.2800,-0.076435,0.014284,0,77.59,NaN
7.2880,-0.066667,0.033450,0,77.59,NaN
7.2960,-0.067155,0.040170,0,77.59,NaN
7.3040,-0.075458,0.037263,0,77.59,NaN
7.3120,-0.086203,0.028105,0,77.59,NaN
7.3200,-0.098901,0.015805,0,77.59,NaN
7.3280,-0.112576,0.003062,0,77.59,NaN
7.3360,-0.126252,-0.007633,0,77.59,NaN
7.3440,-0.138950,-0.014050,0,77.59,NaN
7.3520,-0.140415,-0.014811,0,77.59,NaN
7.3600,-0.132112,-0.010040,0,77.59,NaN
7.3680,-0.124298,-0.001209,0,77.59,NaN
7.3760,-0.117949,0.009685,0,77.59,NaN
7.3840,-0.117460,-0.233502,0,77.59,NaN
7.3920,-0.120391,-0.238598,0,77.59,NaN
7.4000,-0.124298,-0.243678,0,77.59,NaN
7.4080,-0.126252,-0.246625,0,77.59,NaN
7.4160,-0.131136,-0.245314,0,77.59,NaN
7.4240,-0.132601,-0.238237,0,77.59,NaN
7.4320,-0.127228,-0.225186,0,77.59,NaN
7.4400,-0.119414,-0.207523,0,77.59,NaN
7.4480,-0.114530,-0.187618,0,77.59,NaN
7.4560,-0.114530,-0.167789,0,77.59,NaN
7.4640,-0.117460,-0.149461,0,77.59,NaN
7.4720,-0.121368,-0.132909,0,77.59,NaN
7.4800,-0.121856,-0.117508,0,77.59,NaN
7.4880,-0.121368,0.000960,0,77.59,NaN
7.4960,-0.119902,0.011581,0,77.59,NaN
7.5040,-0.118437,0.020198,0,77.59,NaN
7.5120,-0.115507,0.026391,0,77.59,NaN
7.5200,-0.111600,0.029561,0,77.59,NaN
7.5280,-0.108669,0.029143,0,77.59,NaN
7.5360,-0.108669,0.025075,0,77.59,NaN
7.5440,-0.115507,0.018271,0,77.59,NaN
7.5520,-0.119902,0.010667,0,77.59,NaN
7.5600,-0.130159,0.004731,0,77.59,NaN
7.5680,-0.133089,0.002529,0,77.59,NaN
7.5760,-0.131136,0.004647,0,77.59,NaN
7.5840,-0.122344,0.009647,0,77.59,NaN
7.5920,-0.110134,0.003322,0,77.59,NaN
7.6000,-0.099878,0.014480,0,77.59,NaN
7.6080,-0.091087,0.023565,0,77.59,NaN
7.6160,-0.087179,0.028829,0,77.59,NaN
7.6240,-0.089133,0.029660,0,77.59,NaN
7.6320,-0.092552,0.026467,0,77.59,NaN
7.6400,-0.095971,0.020323,0,77.59,NaN
7.6480,-0.102808,0.012794,0,77.59,NaN
7.6560,-0.112088,0.005923,0,77.59,NaN
7.6640,-0.117949,0.001834,0,77.59,NaN
7.6720,-0.117460,0.001909,0,77.59,NaN
7.6800,-0.111600,0.006072,0,77.59,NaN
7.6880,-0.102808,0.012729,0,77.59,NaN
7.6960,-0.100366,-0.016645,0,77.59,NaN
7.7040,-0.100366,-0.015048,0,77.59,NaN
7.7120,-0.099878,-0.014281,0,77.59,NaN
7.7200,-0.097924,-0.013742,0,77.59,NaN
7.7280,-0.094505,-0.012955,0,77.59,NaN
7.7360,-0.091087,-0.011742,0,77.59,NaN
7.7440,-0.089133,-0.010112,0,77.59,NaN
7.7520,-0.085714,-0.008176,0,77.59,NaN
7.7600,-0.082784,-0.006186,0,77.59,NaN
7.7680,-0.078877,-0.004588,0,77.59,NaN
7.7760,-0.074481,-0.003925,0,77.59,NaN
7.7840,-0.072527,-0.004498,0,77.59,NaN
7.7920,-0.074969,-0.005994,0,77.59,NaN
7.8000,-0.076435,0.004439,0,77.59,NaN
7.8080,-0.077411,0.002408,0,77.59,NaN
7.8160,-0.078388,0.001220,0,77.59,NaN
7.8240,-0.077900,0.001142,0,77.59,NaN
7.8320,-0.073504,0.001784,0,77.59,NaN
7.8400,-0.068620,0.002259,0,77.59,NaN
7.8480,-0.069109,0.001807,0,77.59,NaN
7.8560,-0.070085,0.000371,0,77.59,NaN
7.8640,-0.072527,-0.001385,0,77.59,NaN
7.8720,-0.071062,-0.002553,0,77.59,NaN
7.8800,-0.069597,-0.002483,0,77.59,NaN
7.8880,-0.066667,-0.001060,0,77.59,NaN
7.8960,-0.061294,0.001244,0,77.59,NaN
7.9040,-0.057875,0.014167,0,77.59,NaN
7.9120,-0.053968,0.016731,0,77.59,NaN
7.9200,-0.049084,0.017258,0,77.59,NaN
7.9280,-0.051526,0.015133,0,77.59,NaN
7.9360,-0.056899,0.010757,0,77.59,NaN
7.9440,-0.063736,0.005507,0,77.59,NaN
7.9520,-0.068132,0.001091,0,77.59,NaN
7.9600,-0.068620,-0.001246,0,77.59,NaN
7.9680,-0.065690,-0.001190,0,77.59,NaN
7.9760,-0.059829,0.000717,0,77.59,NaN
7.9840,-0.056410,0.003564,0,77.59,NaN
7.9920,-0.051526,0.006608,0,77.59,NaN
8.0000,-0.049573,0.009559,0,77.59,NaN
8.0080,-0.047131,0.013670,0,77.59,NaN
8.0160,-0.047619,0.013095,0,77.59,NaN
8.0240,-0.049573,0.012044,0,77.59,NaN
8.0320,-0.051038,0.011433,0,77.59,NaN
8.0400,-0.049084,0.011874,0,77.59,NaN
8.0480,-0.045177,0.013316,0,77.59,NaN
8.0560,-0.041270,0.015151,0,77.59,NaN
8.0640,-0.041270,0.016620,0,77.59,NaN
8.0720,-0.038828,0.017091,0,77.59,NaN
8.0800,-0.038828,0.016142,0,77.59,NaN
8.0880,-0.040293,0.013664,0,77.59,NaN
8.0960,-0.046154,0.009968,0,77.59,NaN
8.1040,-0.048107,0.005645,0,77.59,NaN
8.1120,-0.045665,0.030362,0,77.59,NaN
8.1200,-0.039805,0.033335,0,77.59,NaN
8.1280,-0.038339,0.037088,0,77.59,NaN
8.1360,-0.035409,0.040755,0,77.59,NaN
8.1440,-0.033455,0.043539,0,77.59,NaN
8.1520,-0.032479,0.044695,0,77.59,NaN
8.1600,-0.031990,0.043621,0,77.59,NaN
8.1680,-0.035897,0.040144,0,77.59,NaN
8.1760,-0.042247,0.034820,0,77.59,NaN
8.1840,-0.052991,0.028895,0,77.59,NaN
8.1920,-0.057875,0.023725,0,77.59,NaN
8.2000,-0.062759,0.020015,0,77.59,NaN
8.2080,-0.062759,0.017432,0,77.59,NaN
8.2160,-0.062759,0.037453,0,77.59,NaN
8.2240,-0.062759,0.039138,0,77.59,NaN
8.2320,-0.063736,0.040137,0,77.59,NaN
8.2400,-0.064713,0.039541,0,77.59,NaN
8.2480,-0.069597,0.036960,0,77.59,NaN
8.2560,-0.076435,0.032707,0,77.59,NaN
8.2640,-0.085226,0.027695,0,77.59,NaN
8.2720,-0.091087,0.023014,0,77.59,NaN
8.2800,-0.096459,0.019477,0,77.59,NaN
8.2880,-0.099878,0.017422,0,77.59,NaN
8.2960,-0.101832,0.016768,0,77.59,NaN
8.3040,-0.105739,0.017197,0,77.59,NaN
8.3120,-0.106227,0.018244,0,77.59,NaN
8.3200,-0.109158,-0.011412,0,77.59,NaN
8.3280,-0.114042,-0.013651,0,77.59,NaN
8.3360,-0.119414,-0.015351,0,77.59,NaN
8.3440,-0.123810,-0.015541,0,77.59,NaN
8.3520,-0.121368,-0.013739,0,77.59,NaN
8.3600,-0.117949,-0.010310,0,77.59,NaN
8.3680,-0.116484,-0.006234,0,77.59,NaN
8.3760,-0.113553,-0.002599,0,77.59,NaN
8.3840,-0.115507,-0.000259,0,77.59,NaN
8.3920,-0.116484,0.000261,0,77.59,NaN
8.4000,-0.117949,-0.001251,0,77.59,NaN
8.4080,-0.124298,-0.004600,0,77.59,NaN
8.4160,-0.131624,-0.009057,0,77.59,NaN
8.4240,-0.139438,-0.053223,0,77.59,NaN
8.4320,-0.140415,-0.054887,0,77.59,NaN
8.4400,-0.138950,-0.053402,0,77.59,NaN
8.4480,-0.133089,-0.049347,0,77.59,NaN
8.4560,-0.129182,-0.043985,0,77.59,NaN
8.4640,-0.124786,-0.038771,0,77.59,NaN
8.4720,-0.118437,-0.034963,0,77.59,NaN
8.4800,-0.117460,-0.033172,0,77.59,NaN
8.4880,-0.121368,-0.032946,0,77.59,NaN
8.4960,-0.125763,-0.032943,0,77.59,NaN
8.5040,-0.124786,-0.031853,0,77.59,NaN
8.5120,-0.117460,-0.029278,0,77.59,NaN
8.5200,-0.115507,-0.025764,0,77.59,NaN
8.5280,-0.113553,-0.002778,0,77.59,NaN
8.5360,-0.112576,0.000225,0,77.59,NaN
8.5440,-0.112088,0.002227,0,77.59,NaN
8.5520,-0.109646,0.002747,0,77.59,NaN
8.5600,-0.110134,0.001410,0,77.59,NaN
8.5680,-0.115507,-0.001638,0,77.59,NaN
8.5760,-0.120391,-0.005511,0,77.59,NaN
8.5840,-0.127228,-0.008879,0,77.59,NaN
8.5920,-0.126740,-0.010585,0,77.59,NaN
8.6000,-0.126252,-0.010094,0,77.59,NaN
8.6080,-0.123810,-0.007521,0,77.59,NaN
8.6160,-0.118926,-0.003410,0,77.59,NaN
8.6240,-0.115018,0.001487,0,77.59,NaN
8.6320,-0.108669,-0.002662,0,77.59,NaN
8.6400,-0.103297,-0.001466,0,77.59,NaN
8.6480,-0.106716,-0.002935,0,77.59,NaN
8.6560,-0.112088,-0.006158,0,77.59,NaN
8.6640,-0.117460,-0.009290,0,77.59,NaN
8.6720,-0.118437,-0.010523,0,77.59,NaN
8.6800,-0.115995,-0.008982,0,77.59,NaN
8.6880,-0.109646,-0.005072,0,77.59,NaN
8.6960,-0.102808,-0.000241,0,77.59,NaN
8.7040,-0.097924,0.003638,0,77.59,NaN
8.7120,-0.092063,0.004999,0,77.59,NaN
8.7200,-0.094017,0.003310,0,77.59,NaN
8.7280,-0.100366,-0.000477,0,77.59,NaN
8.7360,-0.106716,-0.005347,0,77.59,NaN
8.7440,-0.112088,-0.010105,0,77.59,NaN
8.7520,-0.112088,-0.012202,0,77.59,NaN
8.7600,-0.108181,-0.011074,0,77.59,NaN
8.7680,-0.102808,-0.007179,0,77.59,NaN
8.7760,-0.096459,-0.001611,0,77.59,NaN
8.7840,-0.091087,0.004271,0,77.59,NaN
8.7920,-0.084249,0.009032,0,77.59,NaN
8.8000,-0.078388,0.011361,0,77.59,NaN
8.8080,-0.078388,0.010495,0,77.59,NaN
8.8160,-0.084737,0.006627,0,77.59,NaN
8.8240,-0.091087,0.000736,0,77.59,NaN
8.8320,-0.094017,-0.006052,0,77.59,NaN
8.8400,-0.093040,0.005463,0,77.59,NaN
8.8480,-0.090110,0.005569,0,77.59,NaN
8.8560,-0.088156,0.006517,0,77.59,NaN
8.8640,-0.088645,0.007512,0,77.59,NaN
8.8720,-0.087179,0.007976,0,77.59,NaN
8.8800,-0.086203,0.007524,0,77.59,NaN
8.8880,-0.085714,0.006002,0,77.59,NaN
8.8960,-0.087179,0.003706,0,77.59,NaN
8.9040,-0.093529,0.001457,0,77.59,NaN
8.9120,-0.092552,0.000199,0,77.59,NaN
8.9200,-0.090598,0.000387,0,77.59,NaN
8.9280,-0.086691,0.001802,0,77.59,NaN
8.9360,-0.085226,0.003859,0,77.59,NaN
8.9440,-0.080830,0.005424,0,77.59,NaN
8.9520,-0.075946,0.007087,0,77.59,NaN
8.9600,-0.075458,0.006497,0,77.59,NaN
8.9680,-0.076923,0.003402,0,77.59,NaN
8.9760,-0.084737,-0.001383,0,77.59,NaN
8.9840,-0.090598,-0.006269,0,77.59,NaN
8.9920,-0.093040,-0.009696,0,77.59,NaN
9.0000,-0.092063,-0.010848,0,77.59,NaN
9.0080,-0.088645,-0.009808,0,77.59,NaN
9.0160,-0.085714,-0.007191,0,77.59,NaN
9.0240,-0.082784,-0.003698,0,77.59,NaN
9.0320,-0.077411,0.000143,0,77.59,NaN
9.0400,-0.074481,0.004051,0,77.59,NaN
9.0480,-0.076923,0.007216,0,77.59,NaN
9.0560,-0.082784,0.002862,0,77.59,NaN
9.0640,-0.087179,-0.002558,0,77.59,NaN
9.0720,-0.093529,-0.007467,0,77.59,NaN
9.0800,-0.096947,-0.010490,0,77.59,NaN
9.0880,-0.094994,-0.010909,0,77.59,NaN
9.0960,-0.093529,-0.008838,0,77.59,NaN
9.1040,-0.090110,-0.005089,0,77.59,NaN
9.1120,-0.084737,-0.000957,0,77.59,NaN
9.1200,-0.079365,0.002086,0,77.59,NaN
9.1280,-0.078388,0.002941,0,77.59,NaN
9.1360,-0.080830,0.001427,0,77.59,NaN
9.1440,-0.085226,-0.001597,0,77.59,NaN
9.1520,-0.086691,-0.000646,0,77.59,NaN
9.1600,-0.088645,-0.001959,0,77.59,NaN
9.1680,-0.090110,-0.001624,0,77.59,NaN
9.1760,-0.085714,0.000232,0,77.59,NaN
9.1840,-0.082295,0.002698,0,77.59,NaN
9.1920,-0.077900,0.004467,0,77.59,NaN
9.2000,-0.077411,0.004536,0,77.59,NaN
9.2080,-0.080830,0.002795,0,77.59,NaN
9.2160,-0.085714,0.000119,0,77.59,NaN
9.2240,-0.090598,-0.002168,0,77.59,NaN
9.2320,-0.088645,-0.003115,0,77.59,NaN
9.2400,-0.087179,-0.002606,0,77.59,NaN
9.2480,-0.085714,-0.001216,0,77.59,NaN
9.2560,-0.085226,0.001111,0,77.59,NaN
9.2640,-0.082295,0.003325,0,77.59,NaN
9.2720,-0.080342,0.004722,0,77.59,NaN
9.2800,-0.078388,0.004647,0,77.59,NaN
9.2880,-0.080830,0.002970,0,77.59,NaN
9.2960,-0.085714,0.000341,0,77.59,NaN
9.3040,-0.090598,-0.002056,0,77.59,NaN
9.3120,-0.091575,-0.003216,0,77.59,NaN
9.3200,-0.087668,-0.002912,0,77.59,NaN
9.3280,-0.085714,-0.001649,0,77.59,NaN
9.3360,-0.085226,-0.000107,0,77.59,NaN
9.3440,-0.084249,0.001309,0,77.59,NaN
9.3520,-0.084249,0.002548,0,77.59,NaN
9.3600,-0.080830,-0.002246,0,77.59,NaN
9.3680,-0.078877,-0.002287,0,77.59,NaN
9.3760,-0.081807,-0.002724,0,77.59,NaN
9.3840,-0.085226,-0.002706,0,77.59,NaN
9.3920,-0.083761,-0.001423,0,77.59,NaN
9.4000,-0.077411,0.001147,0,77.59,NaN
9.4080,-0.071062,0.004194,0,77.59,NaN
9.4160,-0.070574,0.006755,0,77.59,NaN
9.4240,-0.072527,0.008266,0,77.59,NaN
9.4320,-0.070085,0.008414,0,77.59,NaN
9.4400,-0.068620,0.006837,0,77.59,NaN
9.4480,-0.070574,0.003376,0,77.59,NaN
9.4560,-0.078388,-0.001397,0,77.59,NaN
9.4640,-0.085714,-0.006829,0,77.59,NaN
9.4720,-0.088645,-0.010333,0,77.59,NaN
9.4800,-0.087179,-0.011530,0,77.59,NaN
9.4880,-0.084737,-0.010420,0,77.59,NaN
9.4960,-0.083761,-0.007535,0,77.59,NaN
9.5040,-0.078877,-0.003691,0,77.59,NaN
9.5120,-0.074481,0.000089,0,77.59,NaN
9.5200,-0.069597,0.002756,0,77.59,NaN
9.5280,-0.069597,0.003609,0,77.59,NaN
9.5360,-0.070085,0.002590,0,77.59,NaN
9.5440,-0.074969,0.000234,0,77.59,NaN
9.5520,-0.077411,-0.002714,0,77.59,NaN
9.5600,-0.077900,-0.005775,0,77.59,NaN
9.5680,-0.077411,-0.003529,0,77.59,NaN
9.5760,-0.077411,-0.002598,0,77.59,NaN
9.5840,-0.075458,-0.000820,0,77.59,NaN
9.5920,-0.071551,0.000975,0,77.59,NaN
9.6000,-0.068620,0.001777,0,77.59,NaN
9.6080,-0.069597,0.000892,0,77.59,NaN
9.6160,-0.071551,-0.001617,0,77.59,NaN
9.6240,-0.077411,-0.004878,0,77.59,NaN
9.6320,-0.080342,-0.007595,0,77.59,NaN
9.6400,-0.080342,-0.008660,0,77.59,NaN
9.6480,-0.078877,-0.007559,0,77.59,NaN
9.6560,-0.075946,-0.004469,0,77.59,NaN
9.6640,-0.070085,-0.000182,0,77.59,NaN
9.6720,-0.063248,0.009562,0,77.59,NaN
9.6800,-0.060806,0.012385,0,77.59,NaN
9.6880,-0.060806,0.012860,0,77.59,NaN
9.6960,-0.062759,0.011067,0,77.59,NaN
9.7040,-0.068620,0.007782,0,77.59,NaN
9.7120,-0.071062,0.004108,0,77.59,NaN
9.7200,-0.074481,0.001070,0,77.59,NaN
9.7280,-0.077411,-0.000604,0,77.59,NaN
9.7360,-0.076923,-0.000631,0,77.59,NaN
9.7440,-0.075458,0.000725,0,77.59,NaN
9.7520,-0.071062,0.002766,0,77.59,NaN
9.7600,-0.068620,0.004778,0,77.59,NaN
9.7680,-0.069597,0.006518,0,77.59,NaN
9.7760,-0.070574,-0.009279,0,77.59,NaN
9.7840,-0.073504,-0.009928,0,77.59,NaN
9.7920,-0.070085,-0.010344,0,77.59,NaN
9.8000,-0.067643,-0.010618,0,77.59,NaN
9.8080,-0.067643,-0.010994,0,77.59,NaN
9.8160,-0.070085,-0.011456,0,77.59,NaN
9.8240,-0.070085,-0.011741,0,77.59,NaN
9.8320,-0.068132,-0.011672,0,77.59,NaN
9.8400,-0.066178,-0.011273,0,77.59,NaN
9.8480,-0.065201,-0.010546,0,77.59,NaN
9.8560,-0.066667,-0.009301,0,77.59,NaN
9.8640,-0.063248,-0.007348,0,77.59,NaN
9.8720,-0.058852,-0.004857,0,77.59,NaN
9.8800,-0.059829,0.008990,0,77.59,NaN
9.8880,-0.062271,0.008372,0,77.59,NaN
9.8960,-0.064713,0.007627,0,77.59,NaN
9.9040,-0.065690,0.007369,0,77.59,NaN
9.9120,-0.062759,0.007743,0,77.59,NaN
9.9200,-0.061294,0.008399,0,77.59,NaN
9.9280,-0.061783,0.008856,0,77.59,NaN
9.9360,-0.061294,0.008809,0,77.59,NaN
9.9440,-0.062271,0.008189,0,77.59,NaN
9.9520,-0.062759,0.007115,0,77.59,NaN
9.9600,-0.065690,0.005813,0,77.59,NaN
9.9680,-0.065690,0.004490,0,77.59,NaN
9.9760,-0.067155,0.003215,0,77.59,NaN
9.9840,-0.065690,-0.028063,0,77.59,NaN
9.9920,-0.062271,-0.028467,0,77.59,NaN
10.0000,-0.060806,-0.029373,0,77.59,NaN
10.0080,-0.061294,-0.030914,0,77.59,NaN
10.0160,-0.065690,-0.032415,0,77.59,NaN
10.0240,-0.067155,-0.032765,0,77.59,NaN
10.0320,-0.061294,-0.031256,0,77.59,NaN
10.0400,-0.054457,-0.028069,0,77.59,NaN
10.0480,-0.050061,-0.024019,0,77.59,NaN
10.0560,-0.043223,-0.020025,0,77.59,NaN
10.0640,-0.038828,-0.016765,0,77.59,NaN
10.0720,-0.035409,-0.014465,0,77.59,NaN
10.0800,-0.033455,-0.012831,0,77.59,NaN
10.0880,-0.031013,-0.009144,0,77.59,NaN
10.0960,-0.031990,-0.008708,0,77.59,NaN
10.1040,-0.030525,-0.006921,0,77.59,NaN
10.1120,-0.024176,-0.003099,0,77.59,NaN
10.1200,-0.016850,0.002629,0,77.59,NaN
10.1280,-0.007570,0.009344,0,77.59,NaN
10.1360,-0.000244,0.015642,0,77.59,NaN
10.1440,0.008059,0.020015,0,77.59,NaN
10.1520,0.010501,0.021286,0,77.59,NaN
10.1600,0.009035,0.018986,0,77.59,NaN
10.1680,0.005617,0.013466,0,77.59,NaN
10.1760,-0.003175,0.005682,0,77.59,NaN
10.1840,-0.007570,-0.003207,0,77.59,NaN
10.1920,-0.007082,0.075048,0,77.59,NaN
10.2000,-0.002198,0.076976,0,77.59,NaN
10.2080,-0.000244,0.079008,0,77.59,NaN
10.2160,-0.001709,0.079801,0,77.59,NaN
10.2240,-0.007570,0.078661,0,77.59,NaN
10.2320,-0.010989,0.075479,0,77.59,NaN
10.2400,-0.016361,0.070411,0,77.59,NaN
10.2480,-0.023199,0.063837,0,77.59,NaN
10.2560,-0.033944,0.056539,0,77.59,NaN
10.2640,-0.044200,0.049643,0,77.59,NaN
10.2720,-0.051526,0.044127,0,77.59,NaN
10.2800,-0.054457,0.040264,0,77.59,NaN
10.2880,-0.057875,0.037498,0,77.59,NaN
10.2960,-0.058852,0.010712,0,77.59,NaN
10.3040,-0.057387,0.011955,0,77.59,NaN
10.3120,-0.056899,0.013320,0,77.59,NaN
10.3200,-0.055433,0.013780,0,77.59,NaN
10.3280,-0.056899,0.012735,0,77.59,NaN
10.3360,-0.063736,0.010317,0,77.59,NaN
10.3440,-0.069597,0.007250,0,77.59,NaN
10.3520,-0.070085,0.004300,0,77.59,NaN
10.3600,-0.074481,0.001961,0,77.59,NaN
10.3680,-0.076435,0.000611,0,77.59,NaN
10.3760,-0.080830,0.000675,0,77.59,NaN
10.3840,-0.084249,0.002411,0,77.59,NaN
10.3920,-0.078388,0.005384,0,77.59,NaN
10.4000,-0.074481,-0.030328,0,77.59,NaN
10.4080,-0.070085,-0.027135,0,77.59,NaN
10.4160,-0.070085,-0.024637,0,77.59,NaN
10.4240,-0.070085,-0.022919,0,77.59,NaN
10.4320,-0.070085,-0.021584,0,77.59,NaN
10.4400,-0.070574,-0.020099,0,77.59,NaN
10.4480,-0.069597,-0.018094,0,77.59,NaN
10.4560,-0.069597,-0.015546,0,77.59,NaN
10.4640,-0.066667,-0.012863,0,77.59,NaN
10.4720,-0.064713,-0.010777,0,77.59,NaN
10.4800,-0.063736,-0.009957,0,77.59,NaN
10.4880,-0.068132,-0.010551,0,77.59,NaN
10.4960,-0.071062,-0.012054,0,77.59,NaN
10.5040,-0.076435,-0.008709,0,77.59,NaN
10.5120,-0.074969,-0.007390,0,77.59,NaN
10.5200,-0.070085,-0.004336,0,77.59,NaN
10.5280,-0.067643,-0.000141,0,77.59,NaN
10.5360,-0.066667,0.004428,0,77.59,NaN
10.5440,-0.062759,0.008646,0,77.59,NaN
10.5520,-0.060317,0.011769,0,77.59,NaN
10.5600,-0.058852,0.013138,0,77.59,NaN
10.5680,-0.060317,0.012451,0,77.59,NaN
10.5760,-0.065201,0.009947,0,77.59,NaN
10.5840,-0.070574,0.006266,0,77.59,NaN
10.5920,-0.073016,0.002039,0,77.59,NaN
10.6000,-0.077411,-0.002365,0,77.59,NaN
10.6080,-0.084249,-0.318964,0,77.59,NaN
10.6160,-0.093529,-0.343919,0,77.59,NaN
10.6240,-0.106716,-0.371563,0,77.59,NaN
10.6320,-0.121368,-0.400206,0,77.59,NaN
10.6400,-0.133578,-0.426900,0,77.59,NaN
10.6480,-0.139927,-0.447762,0,77.59,NaN
10.6560,-0.136996,-0.458467,0,77.59,NaN
10.6640,-0.120391,-0.454829,0,77.59,NaN
10.6720,-0.085714,-0.433439,0,77.59,NaN
10.6800,-0.035409,-0.392300,0,77.59,NaN
10.6880,0.033944,-0.331536,0,77.59,NaN
10.6960,0.117460,-0.254318,0,77.59,NaN
10.7040,0.226862,-0.167555,0,77.59,NaN
10.7120,0.351893,0.496314,0,77.59,NaN
10.7200,0.478388,0.620678,0,77.59,NaN
10.7280,0.603907,0.746008,0,77.59,NaN
10.7360,0.722589,0.861299,0,77.59,NaN
10.7440,0.843223,0.951494,0,77.59,NaN
10.7520,0.924298,1.000000,1,77.59,NaN
10.7600,0.912088,0.995251,1,77.59,NaN
10.7680,0.793895,0.937394,0,77.59,NaN
10.7760,0.627350,0.838959,0,77.59,NaN
10.7840,0.461783,0.718388,0,77.59,NaN
10.7920,0.304518,0.591673,0,77.59,NaN
10.8000,0.152137,0.467508,0,77.59,NaN
10.8080,0.015873,0.346993,0,77.59,NaN
10.8160,-0.101832,-0.158358,0,77.59,NaN
10.8240,-0.181929,-0.241613,0,77.59,NaN
10.8320,-0.220513,-0.285201,0,77.59,NaN
10.8400,-0.222955,-0.291709,0,77.59,NaN
10.8480,-0.194628,-0.268672,0,77.59,NaN
10.8560,-0.148230,-0.227270,0,77.59,NaN
10.8640,-0.096459,-0.180077,0,77.59,NaN
10.8720,-0.054457,-0.138434,0,77.59,NaN
10.8800,-0.025641,-0.110242,0,77.59,NaN
10.8880,-0.016361,-0.098834,0,77.59,NaN
10.8960,-0.023199,-0.103132,0,77.59,NaN
10.9040,-0.036386,-0.118922,0,77.59,NaN
10.9120,-0.051038,-0.140519,0,77.59,NaN
10.9200,-0.063248,-0.037636,0,77.59,NaN
10.9280,-0.072527,-0.050116,0,77.59,NaN
10.9360,-0.082784,-0.059853,0,77.59,NaN
10.9440,-0.086203,-0.066914,0,77.59,NaN
10.9520,-0.089133,-0.071931,0,77.59,NaN
10.9600,-0.091575,-0.075528,0,77.59,NaN
10.9680,-0.094017,-0.077813,0,77.59,NaN
10.9760,-0.096947,-0.078231,0,77.59,NaN
10.9840,-0.097924,-0.075854,0,77.59,NaN
10.9920,-0.094994,-0.069955,0,77.59,NaN
11.0000,-0.090598,-0.060467,0,77.59,NaN
11.0080,-0.086203,-0.048081,0,77.59,NaN
11.0160,-0.084249,-0.034051,0,77.59,NaN
11.0240,-0.081319,-0.212835,0,77.59,NaN
11.0320,-0.077411,-0.202363,0,77.59,NaN
11.0400,-0.076923,-0.190359,0,77.59,NaN
11.0480,-0.076923,-0.177322,0,77.59,NaN
11.0560,-0.083272,-0.163617,0,77.59,NaN
11.0640,-0.086203,-0.149611,0,77.59,NaN
11.0720,-0.085714,-0.135939,0,77.59,NaN
11.0800,-0.084249,-0.123497,0,77.59,NaN
11.0880,-0.082784,-0.113043,0,77.59,NaN
11.0960,-0.081319,-0.104847,0,77.59,NaN
11.1040,-0.076923,-0.098696,0,77.59,NaN
11.1120,-0.069597,-0.094098,0,77.59,NaN
11.1200,-0.061783,-0.090397,0,77.59,NaN
11.1280,-0.056899,0.024306,0,77.59,NaN
11.1360,-0.058852,0.021801,0,77.59,NaN
11.1440,-0.061294,0.016080,0,77.59,NaN
11.1520,-0.067155,0.008647,0,77.59,NaN
11.1600,-0.072527,0.001311,0,77.59,NaN
11.1680,-0.078388,-0.004233,0,77.59,NaN
11.1760,-0.082784,-0.006827,0,77.59,NaN
11.1840,-0.081807,-0.006258,0,77.59,NaN
11.1920,-0.076435,-0.003374,0,77.59,NaN
11.2000,-0.073016,0.000385,0,77.59,NaN
11.2080,-0.071551,0.003820,0,77.59,NaN
11.2160,-0.071551,0.006477,0,77.59,NaN
11.2240,-0.070085,0.008580,0,77.59,NaN
11.2320,-0.068620,-0.000614,0,77.59,NaN
11.2400,-0.063248,0.002210,0,77.59,NaN
11.2480,-0.058852,0.005149,0,77.59,NaN
11.2560,-0.057387,0.007803,0,77.59,NaN
11.2640,-0.054457,0.009789,0,77.59,NaN
11.2720,-0.051038,0.010717,0,77.59,NaN
11.2800,-0.049084,0.010287,0,77.59,NaN
11.2880,-0.051038,0.008589,0,77.59,NaN
11.2960,-0.054457,0.006250,0,77.59,NaN
11.3040,-0.054945,0.004140,0,77.59,NaN
11.3120,-0.055922,0.002919,0,77.59,NaN
11.3200,-0.054457,0.002756,0,77.59,NaN
11.3280,-0.052015,0.003287,0,77.59,NaN
11.3360,-0.050061,-0.003304,0,77.59,NaN
11.3440,-0.045665,-0.000515,0,77.59,NaN
11.3520,-0.040781,0.001930,0,77.59,NaN
11.3600,-0.037363,0.003085,0,77.59,NaN
11.3680,-0.036874,0.002348,0,77.59,NaN
11.3760,-0.038828,-0.000228,0,77.59,NaN
11.3840,-0.041758,-0.003930,0,77.59,NaN
11.3920,-0.044200,-0.007643,0,77.59,NaN
11.4000,-0.045665,-0.010176,0,77.59,NaN
11.4080,-0.045665,-0.010567,0,77.59,NaN
11.4160,-0.041758,-0.008352,0,77.59,NaN
11.4240,-0.037363,-0.003756,0,77.59,NaN
11.4320,-0.028571,0.002273,0,77.59,NaN
11.4400,-0.023199,0.016605,0,77.59,NaN
11.4480,-0.024176,0.017100,0,77.59,NaN
11.4560,-0.030525,0.015880,0,77.59,NaN
11.4640,-0.032967,0.014190,0,77.59,NaN
11.4720,-0.030037,0.012902,0,77.59,NaN
11.4800,-0.026129,0.012035,0,77.59,NaN
11.4880,-0.026129,0.011231,0,77.59,NaN
11.4960,-0.029548,0.010427,0,77.59,NaN
11.5040,-0.030037,0.009864,0,77.59,NaN
11.5120,-0.026618,0.009608,0,77.59,NaN
11.5200,-0.024664,0.009351,0,77.59,NaN
11.5280,-0.024176,0.008744,0,77.59,NaN
11.5360,-0.025641,0.007786,0,77.59,NaN
11.5440,-0.022711,0.012381,0,77.59,NaN
11.5520,-0.016850,0.015911,0,77.59,NaN
11.5600,-0.012454,0.020067,0,77.59,NaN
11.5680,-0.007082,0.024026,0,77.59,NaN
11.5760,-0.005617,0.026965,0,77.59,NaN
11.5840,-0.002198,0.028199,0,77.59,NaN
11.5920,-0.002686,0.027254,0,77.59,NaN
11.6000,-0.002198,0.024069,0,77.59,NaN
11.6080,-0.009035,0.019307,0,77.59,NaN
11.6160,-0.015873,0.014382,0,77.59,NaN
11.6240,-0.021245,0.010876,0,77.59,NaN
11.6320,-0.020757,0.009583,0,77.59,NaN
11.6400,-0.015873,0.009927,0,77.59,NaN
11.6480,-0.010501,0.006510,0,77.59,NaN
11.6560,-0.007082,0.011257,0,77.59,NaN
11.6640,-0.005128,0.016009,0,77.59,NaN
11.6720,0.005128,0.019642,0,77.59,NaN
11.6800,0.007082,0.021131,0,77.59,NaN
11.6880,0.004640,0.020155,0,77.59,NaN
11.6960,-0.000733,0.017378,0,77.59,NaN
11.7040,-0.003175,0.013958,0,77.59,NaN
11.7120,-0.002686,0.010871,0,77.59,NaN
11.7200,-0.006593,0.008671,0,77.59,NaN
11.7280,-0.004640,0.007564,0,77.59,NaN
11.7360,-0.006593,0.007458,0,77.59,NaN
11.7440,-0.004151,0.007962,0,77.59,NaN
11.7520,-0.004640,0.057070,0,77.59,NaN
11.7600,-0.007570,0.055273,0,77.59,NaN
11.7680,-0.013919,0.051777,0,77.59,NaN
11.7760,-0.023199,0.047603,0,77.59,NaN
11.7840,-0.028083,0.044099,0,77.59,NaN
11.7920,-0.032479,0.042258,0,77.59,NaN
11.8000,-0.033944,0.042269,0,77.59,NaN
11.8080,-0.033455,0.043435,0,77.59,NaN
11.8160,-0.033455,0.044364,0,77.59,NaN
11.8240,-0.033944,0.043448,0,77.59,NaN
11.8320,-0.038828,0.039520,0,77.59,NaN
11.8400,-0.049084,0.032472,0,77.59,NaN
11.8480,-0.062271,0.023465,0,77.59,NaN
11.8560,-0.077900,0.002886,0,77.59,NaN
11.8640,-0.089133,-0.007048,0,77.59,NaN
11.8720,-0.099878,-0.013737,0,77.59,NaN
11.8800,-0.102320,-0.016338,0,77.59,NaN
11.8880,-0.102808,-0.015121,0,77.59,NaN
11.8960,-0.101343,-0.011229,0,77.59,NaN
11.9040,-0.099389,-0.006262,0,77.59,NaN
11.9120,-0.094994,-0.001903,0,77.59,NaN
11.9200,-0.095482,0.000514,0,77.59,NaN
11.9280,-0.098901,0.000455,0,77.59,NaN
11.9360,-0.106716,-0.001707,0,77.59,NaN
11.9440,-0.112576,-0.005114,0,77.59,NaN
11.9520,-0.117460,-0.008981,0,77.59,NaN
11.9600,-0.121368,-0.036673,0,77.59,NaN
11.9680,-0.121368,-0.035509,0,77.59,NaN
11.9760,-0.118926,-0.032282,0,77.59,NaN
11.9840,-0.116972,-0.028051,0,77.59,NaN
11.9920,-0.113065,-0.024176,0,77.59,NaN
12.0000,-0.112088,-0.021819,0,77.59,NaN
12.0080,-0.114530,-0.021429,0,77.59,NaN
12.0160,-0.120391,-0.022499,0,77.59,NaN
12.0240,-0.125763,-0.023852,0,77.59,NaN
12.0320,-0.127228,-0.024282,0,77.59,NaN
12.0400,-0.129670,-0.023076,0,77.59,NaN
12.0480,-0.128205,-0.020213,0,77.59,NaN
12.0560,-0.126252,-0.016318,0,77.59,NaN
12.0640,-0.122344,-0.020606,0,77.59,NaN
12.0720,-0.116972,-0.016101,0,77.59,NaN
12.0800,-0.115018,-0.013125,0,77.59,NaN
12.0880,-0.116972,-0.011992,0,77.59,NaN
12.0960,-0.121856,-0.012071,0,77.59,NaN
12.1040,-0.124298,-0.012229,0,77.59,NaN
12.1120,-0.125275,-0.011562,0,77.59,NaN
12.1200,-0.123321,-0.009861,0,77.59,NaN
12.1280,-0.122344,-0.007583,0,77.59,NaN
12.1360,-0.122344,-0.005516,0,77.59,NaN
12.1440,-0.119902,-0.004417,0,77.59,NaN
12.1520,-0.121856,-0.004648,0,77.59,NaN
12.1600,-0.126252,-0.005854,0,77.59,NaN
12.1680,-0.132601,-0.017917,0,77.59,NaN
12.1760,-0.135531,-0.019670,0,77.59,NaN
12.1840,-0.133578,-0.019259,0,77.59,NaN
12.1920,-0.129670,-0.016697,0,77.59,NaN
12.2000,-0.124298,-0.012791,0,77.59,NaN
12.2080,-0.119902,-0.008639,0,77.59,NaN
12.2160,-0.117949,-0.005172,0,77.59,NaN
12.2240,-0.115507,-0.002957,0,77.59,NaN
12.2320,-0.114530,-0.002214,0,77.59,NaN
12.2400,-0.115995,-0.002853,0,77.59,NaN
12.2480,-0.116972,-0.004534,0,77.59,NaN
12.2560,-0.119902,-0.006815,0,77.59,NaN
12.2640,-0.120391,-0.009334,0,77.59,NaN
12.2720,-0.118926,-0.003863,0,77.59,NaN
12.2800,-0.117949,-0.002341,0,77.59,NaN
12.2880,-0.115995,0.000555,0,77.59,NaN
12.2960,-0.111600,0.004394,0,77.59,NaN
12.3040,-0.106227,0.008289,0,77.59,NaN
12.3120,-0.100855,0.011122,0,77.59,NaN
12.3200,-0.100855,0.012054,0,77.59,NaN
12.3280,-0.101343,0.010962,0,77.59,NaN
12.3360,-0.105739,0.008471,0,77.59,NaN
12.3440,-0.108669,0.005586,0,77.59,NaN
12.3520,-0.109646,0.003167,0,77.59,NaN
12.3600,-0.110623,0.001558,0,77.59,NaN
12.3680,-0.109646,0.000531,0,77.59,NaN
12.3760,-0.110134,0.000108,0,77.59,NaN
12.3840,-0.107204,0.000551,0,77.59,NaN
12.3920,-0.105739,0.000510,0,77.59,NaN
12.4000,-0.105739,-0.000353,0,77.59,NaN
12.4080,-0.108669,-0.001756,0,77.59,NaN
12.4160,-0.112088,-0.002890,0,77.59,NaN
12.4240,-0.111600,-0.003001,0,77.59,NaN
12.4320,-0.107204,-0.001979,0,77.59,NaN
12.4400,-0.103785,-0.000401,0,77.59,NaN
12.4480,-0.101832,0.000962,0,77.59,NaN
12.4560,-0.101343,0.001633,0,77.59,NaN
12.4640,-0.101343,0.001581,0,77.59,NaN
12.4720,-0.100855,0.001097,0,77.59,NaN
12.4800,-0.101832,-0.001004,0,77.59,NaN
12.4880,-0.107692,-0.005335,0,77.59,NaN
12.4960,-0.112088,-0.009646,0,77.59,NaN
12.5040,-0.114042,-0.012885,0,77.59,NaN
12.5120,-0.114530,-0.014336,0,77.59,NaN
12.5200,-0.112576,-0.013761,0,77.59,NaN
12.5280,-0.110134,-0.011323,0,77.59,NaN
12.5360,-0.108181,-0.007542,0,77.59,NaN
12.5440,-0.101343,-0.003388,0,77.59,NaN
12.5520,-0.094017,-0.000246,0,77.59,NaN
12.5600,-0.092063,0.000635,0,77.59,NaN
12.5680,-0.093529,-0.001100,0,77.59,NaN
12.5760,-0.098901,-0.004571,0,77.59,NaN
12.5840,-0.103785,-0.001001,0,77.59,NaN
12.5920,-0.106716,-0.004279,0,77.59,NaN
12.6000,-0.106227,-0.006025,0,77.59,NaN
12.6080,-0.105739,-0.006182,0,77.59,NaN
12.6160,-0.104274,-0.005258,0,77.59,NaN
12.6240,-0.101343,-0.004025,0,77.59,NaN
12.6320,-0.100366,-0.003198,0,77.59,NaN
12.6400,-0.099878,-0.003128,0,77.59,NaN
12.6480,-0.101343,-0.003650,0,77.59,NaN
12.6560,-0.103785,-0.004230,0,77.59,NaN
12.6640,-0.101343,-0.004358,0,77.59,NaN
12.6720,-0.101343,-0.003860,0,77.59,NaN
12.6800,-0.098901,-0.002936,0,77.59,NaN
12.6880,-0.096947,0.018507,0,77.59,NaN
12.6960,-0.093040,0.022520,0,77.59,NaN
12.7040,-0.087668,0.025638,0,77.59,NaN
12.7120,-0.085714,0.026561,0,77.59,NaN
12.7200,-0.087668,0.024499,0,77.59,NaN
12.7280,-0.094017,0.019695,0,77.59,NaN
12.7360,-0.103297,0.013430,0,77.59,NaN
12.7440,-0.110134,0.007497,0,77.59,NaN
12.7520,-0.114042,0.003465,0,77.59,NaN
12.7600,-0.115507,0.002201,0,77.59,NaN
12.7680,-0.114042,0.003767,0,77.59,NaN
12.7760,-0.110134,0.007558,0,77.59,NaN
12.7840,-0.106227,0.012549,0,77.59,NaN
12.7920,-0.103297,-0.009901,0,77.59,NaN
12.8000,-0.101343,-0.009314,0,77.59,NaN
12.8080,-0.102320,-0.010399,0,77.59,NaN
12.8160,-0.106716,-0.012440,0,77.59,NaN
12.8240,-0.109158,-0.014266,0,77.59,NaN
12.8320,-0.109158,-0.014924,0,77.59,NaN
12.8400,-0.104274,-0.014147,0,77.59,NaN
12.8480,-0.103297,-0.012254,0,77.59,NaN
12.8560,-0.101832,-0.009783,0,77.59,NaN
12.8640,-0.097924,-0.007339,0,77.59,NaN
12.8720,-0.094505,-0.005543,0,77.59,NaN
12.8800,-0.093040,-0.004757,0,77.59,NaN
12.8880,-0.094994,-0.004745,0,77.59,NaN
12.8960,-0.100855,0.004080,0,77.59,NaN
12.9040,-0.101343,0.001555,0,77.59,NaN
12.9120,-0.103785,-0.000376,0,77.59,NaN
12.9200,-0.105739,-0.001151,0,77.59,NaN
12.9280,-0.104274,-0.000600,0,77.59,NaN
12.9360,-0.102320,0.000975,0,77.59,NaN
12.9440,-0.099878,0.002873,0,77.59,NaN
12.9520,-0.096459,0.004260,0,77.59,NaN
12.9600,-0.095971,0.004548,0,77.59,NaN
12.9680,-0.099878,0.003723,0,77.59,NaN
12.9760,-0.101832,0.002279,0,77.59,NaN
12.9840,-0.104762,0.000789,0,77.59,NaN
12.9920,-0.103785,-0.000529,0,77.59,NaN
13.0000,-0.101343,0.000150,0,77.59,NaN
13.0080,-0.098901,0.002121,0,77.59,NaN
13.0160,-0.096947,0.004353,0,77.59,NaN
13.0240,-0.094017,0.006219,0,77.59,NaN
13.0320,-0.090598,0.007090,0,77.59,NaN
13.0400,-0.091087,0.006602,0,77.59,NaN
13.0480,-0.094994,0.004947,0,77.59,NaN
13.0560,-0.101832,0.002865,0,77.59,NaN
13.0640,-0.101832,0.001189,0,77.59,NaN
13.0720,-0.101343,0.000382,0,77.59,NaN
13.0800,-0.100855,0.000455,0,77.59,NaN
13.0880,-0.099389,0.001162,0,77.59,NaN
13.0960,-0.098413,0.002187,0,77.59,NaN
13.1040,-0.094994,-0.006569,0,77.59,NaN
13.1120,-0.092552,-0.005541,0,77.59,NaN
13.1200,-0.090598,-0.005703,0,77.59,NaN
13.1280,-0.093040,-0.007122,0,77.59,NaN
13.1360,-0.096947,-0.009245,0,77.59,NaN
13.1440,-0.097924,-0.011219,0,77.59,NaN
13.1520,-0.097924,-0.012336,0,77.59,NaN
13.1600,-0.097924,-0.012259,0,77.59,NaN
13.1680,-0.094994,-0.011015,0,77.59,NaN
13.1760,-0.093529,-0.008930,0,77.59,NaN
13.1840,-0.088156,-0.006507,0,77.59,NaN
13.1920,-0.085714,-0.004192,0,77.59,NaN
13.2000,-0.084737,-0.002104,0,77.59,NaN
13.2080,-0.085714,0.019065,0,77.59,NaN
13.2160,-0.090110,0.017346,0,77.59,NaN
13.2240,-0.092063,0.015358,0,77.59,NaN
13.2320,-0.092552,0.013913,0,77.59,NaN
13.2400,-0.093040,0.013478,0,77.59,NaN
13.2480,-0.094017,0.014197,0,77.59,NaN
13.2560,-0.093529,0.015861,0,77.59,NaN
13.2640,-0.090598,0.017764,0,77.59,NaN
13.2720,-0.086691,0.018799,0,77.59,NaN
13.2800,-0.088156,0.018039,0,77.59,NaN
13.2880,-0.093529,0.015333,0,77.59,NaN
13.2960,-0.099389,0.011285,0,77.59,NaN
13.3040,-0.101343,0.006675,0,77.59,NaN
13.3120,-0.101343,-0.010726,0,77.59,NaN
13.3200,-0.101343,-0.010608,0,77.59,NaN
13.3280,-0.099878,-0.008785,0,77.59,NaN
13.3360,-0.098413,-0.005820,0,77.59,NaN
13.3440,-0.093040,-0.002701,0,77.59,NaN
13.3520,-0.088156,-0.000635,0,77.59,NaN
13.3600,-0.088645,-0.000417,0,77.59,NaN
13.3680,-0.092552,-0.001863,0,77.59,NaN
13.3760,-0.095971,-0.003956,0,77.59,NaN
13.3840,-0.096459,-0.005562,0,77.59,NaN
13.3920,-0.096459,-0.006055,0,77.59,NaN
13.4000,-0.093529,-0.005472,0,77.59,NaN
13.4080,-0.093040,-0.004282,0,77.59,NaN
13.4160,-0.091087,-0.002585,0,77.59,NaN
13.4240,-0.087179,-0.000340,0,77.59,NaN
13.4320,-0.086691,0.001250,0,77.59,NaN
13.4400,-0.085226,0.001793,0,77.59,NaN
13.4480,-0.085714,0.001222,0,77.59,NaN
13.4560,-0.088156,-0.000213,0,77.59,NaN
13.4640,-0.089133,-0.002078,0,77.59,NaN
13.4720,-0.088156,-0.003927,0,77.59,NaN
13.4800,-0.092063,-0.005266,0,77.59,NaN
13.4880,-0.092552,-0.005544,0,77.59,NaN
13.4960,-0.092063,-0.004428,0,77.59,NaN
13.5040,-0.087179,-0.002080,0,77.59,NaN
13.5120,-0.085714,0.000939,0,77.59,NaN
13.5200,-0.085714,0.008234,0,77.59,NaN
13.5280,-0.086203,0.008062,0,77.59,NaN
13.5360,-0.088156,0.007223,0,77.59,NaN
13.5440,-0.090110,0.006358,0,77.59,NaN
13.5520,-0.090110,0.006046,0,77.59,NaN
13.5600,-0.088156,0.006564,0,77.59,NaN
13.5680,-0.090110,0.007879,0,77.59,NaN
13.5760,-0.087179,0.009658,0,77.59,NaN
13.5840,-0.085714,0.011208,0,77.59,NaN
13.5920,-0.082784,0.011641,0,77.59,NaN
13.6000,-0.085226,0.010324,0,77.59,NaN
13.6080,-0.088156,0.007270,0,77.59,NaN
13.6160,-0.092552,0.003156,0,77.59,NaN
13.6240,-0.093040,-0.005654,0,77.59,NaN
13.6320,-0.089621,-0.005877,0,77.59,NaN
13.6400,-0.088645,-0.005144,0,77.59,NaN
13.6480,-0.087668,-0.003754,0,77.59,NaN
13.6560,-0.088645,-0.001833,0,77.59,NaN
13.6640,-0.085714,0.000445,0,77.59,NaN
13.6720,-0.080830,0.002569,0,77.59,NaN
13.6800,-0.079365,0.003855,0,77.59,NaN
13.6880,-0.079365,0.003922,0,77.59,NaN
13.6960,-0.082295,0.002932,0,77.59,NaN
13.7040,-0.083272,0.001353,0,77.59,NaN
13.7120,-0.083272,-0.000427,0,77.59,NaN
13.7200,-0.084737,-0.002248,0,77.59,NaN
13.7280,-0.086691,-0.023824,0,77.59,NaN
13.7360,-0.088156,-0.025838,0,77.59,NaN
13.7440,-0.087179,-0.027510,0,77.59,NaN
13.7520,-0.086203,-0.029042,0,77.59,NaN
13.7600,-0.086203,-0.030500,0,77.59,NaN
13.7680,-0.089133,-0.031517,0,77.59,NaN
13.7760,-0.089133,-0.031434,0,77.59,NaN
13.7840,-0.085714,-0.029837,0,77.59,NaN
13.7920,-0.080342,-0.026916,0,77.59,NaN
13.8000,-0.074481,-0.023301,0,77.59,NaN
13.8080,-0.071062,-0.019573,0,77.59,NaN
13.8160,-0.069109,-0.015943,0,77.59,NaN
13.8240,-0.063736,-0.012376,0,77.59,NaN
13.8320,-0.060806,-0.039430,0,77.59,NaN
13.8400,-0.059829,-0.040570,0,77.59,NaN
13.8480,-0.060806,-0.041763,0,77.59,NaN
13.8560,-0.060806,-0.041748,0,77.59,NaN
13.8640,-0.055433,-0.039544,0,77.59,NaN
13.8720,-0.048107,-0.035003,0,77.59,NaN
13.8800,-0.038828,-0.028846,0,77.59,NaN
13.8880,-0.031013,-0.022308,0,77.59,NaN
13.8960,-0.023199,-0.016751,0,77.59,NaN
13.9040,-0.015873,-0.013365,0,77.59,NaN
13.9120,-0.012454,-0.012833,0,77.59,NaN
13.9200,-0.012454,-0.015002,0,77.59,NaN
13.9280,-0.013919,-0.018822,0,77.59,NaN
13.9360,-0.014896,0.086666,0,77.59,NaN
13.9440,-0.014896,0.088568,0,77.59,NaN
13.9520,-0.012454,0.091775,0,77.59,NaN
13.9600,-0.010012,0.095909,0,77.59,NaN
13.9680,-0.006593,0.099877,0,77.59,NaN
13.9760,-0.002686,0.102197,0,77.59,NaN
13.9840,-0.006105,0.101580,0,77.59,NaN
13.9920,-0.010501,0.097473,0,77.59,NaN
14.0000,-0.021734,0.090166,0,77.59,NaN
14.0080,-0.031502,0.080405,0,77.59,NaN
14.0160,-0.039316,0.068882,0,77.59,NaN
14.0240,-0.052991,0.056118,0,77.59,NaN
14.0320,-0.065690,0.042689,0,77.59,NaN
14.0400,-0.074481,0.002130,0,77.59,NaN
14.0480,-0.080342,-0.003125,0,77.59,NaN
14.0560,-0.081319,-0.004486,0,77.59,NaN
14.0640,-0.077900,-0.003142,0,77.59,NaN
14.0720,-0.072527,-0.001084,0,77.59,NaN
14.0800,-0.071551,-0.000156,0,77.59,NaN
14.0880,-0.075946,-0.001120,0,77.59,NaN
14.0960,-0.080342,-0.003469,0,77.59,NaN
14.1040,-0.083272,-0.006014,0,77.59,NaN
14.1120,-0.085714,-0.007615,0,77.59,NaN
14.1200,-0.086203,-0.007614,0,77.59,NaN
14.1280,-0.085226,-0.005999,0,77.59,NaN
14.1360,-0.082784,-0.003366,0,77.59,NaN
14.1440,-0.080342,-0.023942,0,77.59,NaN
14.1520,-0.078877,-0.025009,0,77.59,NaN
14.1600,-0.082784,-0.028690,0,77.59,NaN
14.1680,-0.089133,-0.034393,0,77.59,NaN
14.1760,-0.099878,-0.040419,0,77.59,NaN
14.1840,-0.103297,-0.044786,0,77.59,NaN
14.1920,-0.103785,-0.046164,0,77.59,NaN
14.2000,-0.102320,-0.044236,0,77.59,NaN
14.2080,-0.100366,-0.039490,0,77.59,NaN
14.2160,-0.094505,-0.032967,0,77.59,NaN
14.2240,-0.086203,-0.025972,0,77.59,NaN
14.2320,-0.083272,-0.019494,0,77.59,NaN
14.2400,-0.082295,-0.013655,0,77.59,NaN
14.2480,-0.082784,-0.009264,0,77.59,NaN
14.2560,-0.081319,-0.008019,0,77.59,NaN
14.2640,-0.082784,-0.007455,0,77.59,NaN
14.2720,-0.084737,-0.006992,0,77.59,NaN
14.2800,-0.085714,-0.006122,0,77.59,NaN
14.2880,-0.085714,-0.004609,0,77.59,NaN
14.2960,-0.085714,-0.002611,0,77.59,NaN
14.3040,-0.084249,-0.000645,0,77.59,NaN
14.3120,-0.082295,0.000614,0,77.59,NaN
14.3200,-0.084737,0.000710,0,77.59,NaN
14.3280,-0.087179,-0.000308,0,77.59,NaN
14.3360,-0.091087,-0.002003,0,77.59,NaN
14.3440,-0.091087,-0.003941,0,77.59,NaN
14.3520,-0.086691,-0.027257,0,77.59,NaN
14.3600,-0.085714,-0.028248,0,77.59,NaN
14.3680,-0.086691,-0.032349,0,77.59,NaN
14.3760,-0.093529,-0.041254,0,77.59,NaN
14.3840,-0.102808,-0.055724,0,77.59,NaN
14.3920,-0.116972,-0.075058,0,77.59,NaN
14.4000,-0.134554,-0.096568,0,77.59,NaN
14.4080,-0.155067,-0.115426,0,77.59,NaN
14.4160,-0.167277,-0.125442,0,77.59,NaN
14.4240,-0.168254,-0.120895,0,77.59,NaN
14.4320,-0.148718,-0.098795,0,77.59,NaN
14.4400,-0.114042,-0.060654,0,77.59,NaN
14.4480,-0.061783,-0.012869,0,77.59,NaN
14.4560,0.005617,-0.502733,0,77.59,NaN
14.4640,0.086203,-0.428623,0,77.59,NaN
14.4720,0.187790,-0.334614,0,77.59,NaN
14.4800,0.305495,-0.221622,0,77.59,NaN
14.4880,0.431502,-0.092450,0,77.59,NaN
14.4960,0.558486,0.046603,0,77.59,NaN
14.5040,0.695726,0.182931,0,77.59,NaN
14.5120,0.841758,0.295351,1,77.59,NaN
14.5200,0.956044,0.356470,1,77.59,NaN
14.5280,0.992674,0.341676,0,77.59,NaN
14.5360,0.924298,0.240847,0,77.59,NaN
14.5440,0.774359,0.065463,0,77.59,NaN
14.5520,0.594628,-0.153105,0,77.59,NaN
14.5600,0.413919,0.463339,0,77.59,NaN
14.5680,0.231746,0.268010,0,77.59,NaN
14.5760,0.062759,0.090381,0,77.59,NaN
14.5840,-0.085226,-0.054435,0,77.59,NaN
14.5920,-0.186813,-0.156017,0,77.59,NaN
14.6000,-0.237607,-0.210062,0,77.59,NaN
14.6080,-0.250305,-0.219228,0,77.59,NaN
14.6160,-0.218559,-0.192608,0,77.59,NaN
14.6240,-0.166300,-0.143783,0,77.59,NaN
14.6320,-0.106227,-0.087445,0,77.59,NaN
14.6400,-0.054945,-0.035253,0,77.59,NaN
14.6480,-0.023687,0.007626,0,77.59,NaN
14.6560,-0.010501,0.043572,0,77.59,NaN
14.6640,-0.010012,0.060294,0,77.59,NaN
14.6720,-0.022222,0.053852,0,77.59,NaN
14.6800,-0.039805,0.038950,0,77.59,NaN
14.6880,-0.064225,0.020757,0,77.59,NaN
14.6960,-0.084249,0.003709,0,77.59,NaN
14.7040,-0.094994,-0.009322,0,77.59,NaN
14.7120,-0.102808,-0.017249,0,77.59,NaN
14.7200,-0.105739,-0.020249,0,77.59,NaN
14.7280,-0.107692,-0.019068,0,77.59,NaN
14.7360,-0.102808,-0.014631,0,77.59,NaN
14.7440,-0.100366,-0.007880,0,77.59,NaN
14.7520,-0.094994,0.000336,0,77.59,NaN
14.7600,-0.092552,0.009307,0,77.59,NaN
14.7680,-0.093040,-0.254710,0,77.59,NaN
14.7760,-0.090110,-0.253836,0,77.59,NaN
14.7840,-0.085714,-0.251341,0,77.59,NaN
14.7920,-0.084249,-0.247380,0,77.59,NaN
14.8000,-0.085714,-0.241888,0,77.59,NaN
14.8080,-0.093040,-0.234216,0,77.59,NaN
14.8160,-0.099878,-0.223464,0,77.59,NaN
14.8240,-0.100366,-0.209312,0,77.59,NaN
14.8320,-0.101343,-0.192479,0,77.59,NaN
14.8400,-0.101343,-0.174295,0,77.59,NaN
14.8480,-0.101343,-0.155909,0,77.59,NaN
14.8560,-0.097924,-0.137853,0,77.59,NaN
14.8640,-0.089621,-0.120133,0,77.59,NaN
14.8720,-0.084737,0.012965,0,77.59,NaN
14.8800,-0.079365,0.021800,0,77.59,NaN
14.8880,-0.078388,0.025937,0,77.59,NaN
14.8960,-0.076435,0.025470,0,77.59,NaN
14.9040,-0.075458,0.020783,0,77.59,NaN
14.9120,-0.077900,0.012650,0,77.59,NaN
14.9200,-0.085714,0.002620,0,77.59,NaN
14.9280,-0.096459,-0.006870,0,77.59,NaN
14.9360,-0.103785,-0.013068,0,77.59,NaN
14.9440,-0.105250,-0.013939,0,77.59,NaN
14.9520,-0.101343,-0.008956,0,77.59,NaN
14.9600,-0.090110,0.000776,0,77.59,NaN
14.9680,-0.082295,0.013065,0,77.59,NaN
14.9760,-0.073016,0.002080,0,77.59,NaN
14.9840,-0.070085,0.008219,0,77.59,NaN
14.9920,-0.068620,0.011029,0,77.59,NaN
15.0000,-0.070085,0.010752,0,77.59,NaN
15.0080,-0.070574,0.008130,0,77.59,NaN
15.0160,-0.074969,0.004097,0,77.59,NaN
15.0240,-0.077411,-0.000373,0,77.59,NaN
15.0320,-0.078877,-0.004342,0,77.59,NaN
15.0400,-0.082295,-0.006886,0,77.59,NaN
15.0480,-0.083272,-0.007159,0,77.59,NaN
15.0560,-0.080342,-0.004725,0,77.59,NaN
15.0640,-0.073016,0.000094,0,77.59,NaN
15.0720,-0.066667,0.006269,0,77.59,NaN
15.0800,-0.059829,0.025813,0,77.59,NaN
15.0880,-0.054945,0.031183,0,77.59,NaN
15.0960,-0.052991,0.033273,0,77.59,NaN
15.1040,-0.052015,0.030831,0,77.59,NaN
15.1120,-0.056899,0.023400,0,77.59,NaN
15.1200,-0.070085,0.011930,0,77.59,NaN
15.1280,-0.084737,-0.001084,0,77.59,NaN
15.1360,-0.097924,-0.012317,0,77.59,NaN
15.1440,-0.101343,-0.018791,0,77.59,NaN
15.1520,-0.101343,-0.018714,0,77.59,NaN
15.1600,-0.094505,-0.011735,0,77.59,NaN
15.1680,-0.084249,0.001073,0,77.59,NaN
15.1760,-0.065690,0.017269,0,77.59,NaN
15.1840,-0.043223,-0.005248,0,77.59,NaN
15.1920,-0.028571,0.008480,0,77.59,NaN
15.2000,-0.019780,0.016626,0,77.59,NaN
15.2080,-0.019780,0.018476,0,77.59,NaN
15.2160,-0.023199,0.015128,0,77.59,NaN
15.2240,-0.029548,0.008804,0,77.59,NaN
15.2320,-0.032479,0.002005,0,77.59,NaN
15.2400,-0.037363,-0.003110,0,77.59,NaN
15.2480,-0.038339,-0.005161,0,77.59,NaN
15.2560,-0.031013,-0.003904,0,77.59,NaN
15.2640,-0.023199,-0.000173,0,77.59,NaN
15.2720,-0.016361,0.004797,0,77.59,NaN
15.2800,-0.012454,0.010117,0,77.59,NaN
15.2880,-0.013919,0.018182,0,77.59,NaN
15.2960,-0.019780,0.014222,0,77.59,NaN
15.3040,-0.023199,0.008893,0,77.59,NaN
15.3120,-0.027595,0.003777,0,77.59,NaN
15.3200,-0.030037,0.000216,0,77.59,NaN
15.3280,-0.030525,-0.001023,0,77.59,NaN
15.3360,-0.026618,0.000019,0,77.59,NaN
15.3440,-0.021245,0.002496,0,77.59,NaN
15.3520,-0.014896,0.005130,0,77.59,NaN
15.3600,-0.012454,0.006826,0,77.59,NaN
15.3680,-0.011966,0.007133,0,77.59,NaN
15.3760,-0.012454,0.006258,0,77.59,NaN
15.3840,-0.011966,0.004754,0,77.59,NaN
15.3920,-0.009035,0.003417,0,77.59,NaN
15.4000,-0.007570,0.004823,0,77.59,NaN
15.4080,-0.005128,0.007258,0,77.59,NaN
15.4160,-0.000733,0.010267,0,77.59,NaN
15.4240,0.008059,0.012900,0,77.59,NaN
15.4320,0.010501,0.014126,0,77.59,NaN
15.4400,0.011966,0.013495,0,77.59,NaN
15.4480,0.010012,0.011414,0,77.59,NaN
15.4560,0.008547,0.008821,0,77.59,NaN
15.4640,0.010989,0.006580,0,77.59,NaN
15.4720,0.012454,0.005093,0,77.59,NaN
15.4800,0.013431,0.004332,0,77.59,NaN
15.4880,0.015385,0.004002,0,77.59,NaN
15.4960,0.018315,0.060468,0,77.59,NaN
15.5040,0.020757,0.062570,0,77.59,NaN
15.5120,0.020757,0.062323,0,77.59,NaN
15.5200,0.016850,0.059052,0,77.59,NaN
15.5280,0.009035,0.053034,0,77.59,NaN
15.5360,-0.002686,0.045478,0,77.59,NaN
15.5440,-0.009035,0.037970,0,77.59,NaN
15.5520,-0.015873,0.031825,0,77.59,NaN
15.5600,-0.019780,0.027772,0,77.59,NaN
15.5680,-0.022711,0.025965,0,77.59,NaN
15.5760,-0.023199,0.026105,0,77.59,NaN
15.5840,-0.023199,0.027611,0,77.59,NaN
15.5920,-0.023199,0.029811,0,77.59,NaN
15.6000,-0.027595,0.054064,0,77.59,NaN
15.6080,-0.035409,0.050435,0,77.59,NaN
15.6160,-0.044689,0.045592,0,77.59,NaN
15.6240,-0.052015,0.040678,0,77.59,NaN
15.6320,-0.056410,0.036572,0,77.59,NaN
15.6400,-0.062759,0.033668,0,77.59,NaN
15.6480,-0.067155,0.031945,0,77.59,NaN
15.6560,-0.071062,0.031013,0,77.59,NaN
15.6640,-0.072527,0.030173,0,77.59,NaN
15.6720,-0.076923,0.028704,0,77.59,NaN
15.6800,-0.084737,0.026258,0,77.59,NaN
15.6880,-0.090598,0.022960,0,77.59,NaN
15.6960,-0.097924,0.019222,0,77.59,NaN
15.7040,-0.101343,-0.045866,0,77.59,NaN
15.7120,-0.103297,-0.047361,0,77.59,NaN
15.7200,-0.104762,-0.047231,0,77.59,NaN
15.7280,-0.104762,-0.046052,0,77.59,NaN
15.7360,-0.103785,-0.044680,0,77.59,NaN
15.7440,-0.102320,-0.043950,0,77.59,NaN
15.7520,-0.105739,-0.044200,0,77.59,NaN
15.7600,-0.109158,-0.044910,0,77.59,NaN
15.7680,-0.114530,-0.044862,0,77.59,NaN
15.7760,-0.115995,-0.042813,0,77.59,NaN
15.7840,-0.109646,-0.038230,0,77.59,NaN
15.7920,-0.106716,-0.031501,0,77.59,NaN
15.8000,-0.101343,-0.023593,0,77.59,NaN
15.8080,-0.102320,-0.023465,0,77.59,NaN
15.8160,-0.101343,-0.020928,0,77.59,NaN
15.8240,-0.102320,-0.020474,0,77.59,NaN
15.8320,-0.103785,-0.022174,0,77.59,NaN
15.8400,-0.110134,-0.025560,0,77.59,NaN
15.8480,-0.116972,-0.029498,0,77.59,NaN
15.8560,-0.123321,-0.032496,0,77.59,NaN
15.8640,-0.125275,-0.033326,0,77.59,NaN
15.8720,-0.123810,-0.031529,0,77.59,NaN
15.8800,-0.119902,-0.027468,0,77.59,NaN
15.8880,-0.116972,-0.021978,0,77.59,NaN
15.8960,-0.110623,-0.015908,0,77.59,NaN
15.9040,-0.109646,-0.009754,0,77.59,NaN
15.9120,-0.110623,-0.015417,0,77.59,NaN
15.9200,-0.114042,-0.017354,0,77.59,NaN
15.9280,-0.117460,-0.020530,0,77.59,NaN
15.9360,-0.124298,-0.023492,0,77.59,NaN
15.9440,-0.125763,-0.024826,0,77.59,NaN
15.9520,-0.124786,-0.023735,0,77.59,NaN
15.9600,-0.121368,-0.020345,0,77.59,NaN
15.9680,-0.115995,-0.015606,0,77.59,NaN
15.9760,-0.110623,-0.010925,0,77.59,NaN
15.9840,-0.106716,-0.007648,0,77.59,NaN
15.9920,-0.106227,-0.006544,0,77.59,NaN
16.0000,-0.108181,-0.007534,0,77.59,NaN
16.0080,-0.110623,-0.009784,0,77.59,NaN
16.0160,-0.108181,0.009619,0,77.59,NaN
16.0240,-0.102320,0.011961,0,77.59,NaN
16.0320,-0.101343,0.014648,0,77.59,NaN
16.0400,-0.099878,0.017177,0,77.59,NaN
16.0480,-0.100855,0.019130,0,77.59,NaN
16.0560,-0.096459,0.019959,0,77.59,NaN
16.0640,-0.094505,0.019012,0,77.59,NaN
16.0720,-0.099878,0.016094,0,77.59,NaN
16.0800,-0.103785,0.011937,0,77.59,NaN
16.0880,-0.112088,0.008014,0,77.59,NaN
16.0960,-0.115018,0.005782,0,77.59,NaN
16.1040,-0.114042,0.005819,0,77.59,NaN
16.1120,-0.110134,0.007433,0,77.59,NaN
16.1200,-0.102808,0.013141,0,77.59,NaN
16.1280,-0.099878,0.018754,0,77.59,NaN
16.1360,-0.094994,0.023378,0,77.59,NaN
16.1440,-0.092063,0.026033,0,77.59,NaN
16.1520,-0.090598,0.026340,0,77.59,NaN
16.1600,-0.095971,0.024747,0,77.59,NaN
16.1680,-0.100855,0.022352,0,77.59,NaN
16.1760,-0.101832,0.020179,0,77.59,NaN
16.1840,-0.100366,0.018548,0,77.59,NaN
16.1920,-0.100855,0.017138,0,77.59,NaN
16.2000,-0.102808,0.015543,0,77.59,NaN
16.2080,-0.107204,0.013656,0,77.59,NaN
16.2160,-0.108181,0.011607,0,77.59,NaN
16.2240,-0.101343,0.004434,0,77.59,NaN
16.2320,-0.089621,0.010073,0,77.59,NaN
16.2400,-0.083272,0.014642,0,77.59,NaN
16.2480,-0.083272,0.016571,0,77.59,NaN
16.2560,-0.085714,0.015544,0,77.59,NaN
16.2640,-0.087179,0.012327,0,77.59,NaN
16.2720,-0.093529,0.008270,0,77.59,NaN
16.2800,-0.095971,0.004822,0,77.59,NaN
16.2880,-0.099389,0.003033,0,77.59,NaN
16.2960,-0.096459,0.003153,0,77.59,NaN
16.3040,-0.092552,0.004600,0,77.59,NaN
16.3120,-0.088156,0.006470,0,77.59,NaN
16.3200,-0.090110,0.008253,0,77.59,NaN
16.3280,-0.093040,0.004291,0,77.59,NaN
16.3360,-0.093529,0.004651,0,77.59,NaN
16.3440,-0.092063,0.006244,0,77.59,NaN
16.3520,-0.087179,0.009190,0,77.59,NaN
16.3600,-0.084249,0.012943,0,77.59,NaN
16.3680,-0.079365,0.016555,0,77.59,NaN
16.3760,-0.076435,0.019008,0,77.59,NaN
16.3840,-0.075458,0.019543,0,77.59,NaN
16.3920,-0.076435,0.017949,0,77.59,NaN
16.4000,-0.080342,0.014652,0,77.59,NaN
16.4080,-0.086203,0.010524,0,77.59,NaN
16.4160,-0.089133,0.006377,0,77.59,NaN
16.4240,-0.090110,0.002484,0,77.59,NaN
16.4320,-0.088156,0.004813,0,77.59,NaN
16.4400,-0.086691,0.004824,0,77.59,NaN
16.4480,-0.085714,0.004226,0,77.59,NaN
16.4560,-0.087179,0.002544,0,77.59,NaN
16.4640,-0.093040,0.000181,0,77.59,NaN
16.4720,-0.096459,-0.001804,0,77.59,NaN
16.4800,-0.096459,-0.002408,0,77.59,NaN
16.4880,-0.095971,-0.001332,0,77.59,NaN
16.4960,-0.090110,0.000826,0,77.59,NaN
16.5040,-0.085714,0.002912,0,77.59,NaN
16.5120,-0.085714,0.003952,0,77.59,NaN
16.5200,-0.087179,0.003707,0,77.59,NaN
16.5280,-0.088156,0.002650,0,77.59,NaN
16.5360,-0.081319,0.017773,0,77.59,NaN
16.5440,-0.071551,0.023427,0,77.59,NaN
16.5520,-0.065201,0.027831,0,77.59,NaN
16.5600,-0.065690,0.029653,0,77.59,NaN
16.5680,-0.070085,0.028785,0,77.59,NaN
16.5760,-0.074969,0.026159,0,77.59,NaN
16.5840,-0.077411,0.022963,0,77.59,NaN
16.5920,-0.079365,0.020016,0,77.59,NaN
16.6000,-0.080342,0.017654,0,77.59,NaN
16.6080,-0.084249,0.015955,0,77.59,NaN
16.6160,-0.084249,0.014880,0,77.59,NaN
16.6240,-0.085714,0.014290,0,77.59,NaN
16.6320,-0.086203,0.013957,0,77.59,NaN
16.6400,-0.086691,0.007441,0,77.59,NaN
16.6480,-0.086203,0.009224,0,77.59,NaN
16.6560,-0.084737,0.012460,0,77.59,NaN
16.6640,-0.079853,0.016914,0,77.59,NaN
16.6720,-0.074481,0.021822,0,77.59,NaN
16.6800,-0.070085,0.026155,0,77.59,NaN
16.6880,-0.070085,0.029035,0,77.59,NaN
16.6960,-0.070085,0.029927,0,77.59,NaN
16.7040,-0.070085,0.028558,0,77.59,NaN
16.7120,-0.074481,0.024917,0,77.59,NaN
16.7200,-0.081319,0.019360,0,77.59,NaN
16.7280,-0.088156,0.012536,0,77.59,NaN
16.7360,-0.094505,0.005129,0,77.59,NaN
16.7440,-0.095971,-0.009638,0,77.59,NaN
16.7520,-0.093040,-0.008512,0,77.59,NaN
16.7600,-0.088156,-0.004832,0,77.59,NaN
16.7680,-0.085714,0.000388,0,77.59,NaN
16.7760,-0.079365,0.005902,0,77.59,NaN
16.7840,-0.071551,0.010342,0,77.59,NaN
16.7920,-0.070085,0.012577,0,77.59,NaN
16.8000,-0.071062,0.012236,0,77.59,NaN
16.8080,-0.075458,0.009841,0,77.59,NaN
16.8160,-0.079365,0.006433,0,77.59,NaN
16.8240,-0.082784,0.003001,0,77.59,NaN
16.8320,-0.084249,0.000055,0,77.59,NaN
16.8400,-0.085714,-0.002467,0,77.59,NaN
16.8480,-0.085226,0.026565,0,77.59,NaN
16.8560,-0.070085,0.038640,0,77.59,NaN
16.8640,-0.052015,0.050940,0,77.59,NaN
16.8720,-0.039805,0.059025,0,77.59,NaN
16.8800,-0.043223,0.059810,0,77.59,NaN
16.8880,-0.055922,0.053164,0,77.59,NaN
16.8960,-0.072527,0.041679,0,77.59,NaN
16.9040,-0.085714,0.029148,0,77.59,NaN
16.9120,-0.095971,0.018994,0,77.59,NaN
16.9200,-0.101343,0.013416,0,77.59,NaN
16.9280,-0.102808,0.013184,0,77.59,NaN
16.9360,-0.101343,0.017687,0,77.59,NaN
16.9440,-0.092063,0.025016,0,77.59,NaN
16.9520,-0.085714,-0.015125,0,77.59,NaN
16.9600,-0.084737,-0.012941,0,77.59,NaN
16.9680,-0.085714,-0.011685,0,77.59,NaN
16.9760,-0.086203,-0.010882,0,77.59,NaN
16.9840,-0.083761,-0.009993,0,77.59,NaN
16.9920,-0.079853,-0.008776,0,77.59,NaN
17.0000,-0.079365,-0.007253,0,77.59,NaN
17.0080,-0.076923,-0.005583,0,77.59,NaN
17.0160,-0.074481,-0.004049,0,77.59,NaN
17.0240,-0.070574,-0.003067,0,77.59,NaN
17.0320,-0.069597,-0.003026,0,77.59,NaN
17.0400,-0.070085,-0.004017,0,77.59,NaN
17.0480,-0.073016,-0.005692,0,77.59,NaN
17.0560,-0.080342,-0.005887,0,77.59,NaN
17.0640,-0.083761,-0.009776,0,77.59,NaN
17.0720,-0.085714,-0.011908,0,77.59,NaN
17.0800,-0.085226,-0.011546,0,77.59,NaN
17.0880,-0.083272,-0.008669,0,77.59,NaN
17.0960,-0.076435,-0.004055,0,77.59,NaN
17.1040,-0.069109,0.000854,0,77.59,NaN
17.1120,-0.063248,0.004496,0,77.59,NaN
17.1200,-0.063736,0.005886,0,77.59,NaN
17.1280,-0.067155,0.004952,0,77.59,NaN
17.1360,-0.069597,0.002226,0,77.59,NaN
17.1440,-0.070085,-0.001670,0,77.59,NaN
17.1520,-0.075458,-0.006168,0,77.59,NaN
17.1600,-0.077900,-0.008358,0,77.59,NaN
17.1680,-0.081319,-0.010187,0,77.59,NaN
17.1760,-0.080830,-0.010437,0,77.59,NaN
17.1840,-0.079365,-0.009448,0,77.59,NaN
17.1920,-0.076435,-0.007922,0,77.59,NaN
17.2000,-0.075946,-0.006513,0,77.59,NaN
17.2080,-0.075946,-0.005541,0,77.59,NaN
17.2160,-0.073993,-0.005031,0,77.59,NaN
17.2240,-0.073016,-0.004875,0,77.59,NaN
17.2320,-0.073016,-0.004914,0,77.59,NaN
17.2400,-0.071551,-0.004980,0,77.59,NaN
17.2480,-0.071062,-0.004978,0,77.59,NaN
17.2560,-0.070085,-0.004911,0,77.59,NaN
17.2640,-0.070085,0.000935,0,77.59,NaN
17.2720,-0.070574,0.000329,0,77.59,NaN
17.2800,-0.071062,-0.000268,0,77.59,NaN
17.2880,-0.072527,-0.000519,0,77.59,NaN
17.2960,-0.070574,-0.000193,0,77.59,NaN
17.3040,-0.070085,0.000689,0,77.59,NaN
17.3120,-0.067643,0.001888,0,77.59,NaN
17.3200,-0.066667,0.003090,0,77.59,NaN
17.3280,-0.067155,0.004020,0,77.59,NaN
17.3360,-0.066667,0.004401,0,77.59,NaN
17.3440,-0.063736,0.003884,0,77.59,NaN
17.3520,-0.065690,0.002258,0,77.59,NaN
17.3600,-0.069597,-0.000174,0,77.59,NaN
17.3680,-0.071062,-0.008245,0,77.59,NaN
17.3760,-0.073016,-0.009944,0,77.59,NaN
17.3840,-0.071551,-0.010757,0,77.59,NaN
17.3920,-0.070085,-0.010813,0,77.59,NaN
17.4000,-0.070085,-0.010460,0,77.59,NaN
17.4080,-0.069109,-0.010064,0,77.59,NaN
17.4160,-0.068132,-0.009942,0,77.59,NaN
17.4240,-0.066667,-0.010261,0,77.59,NaN
17.4320,-0.068620,-0.010836,0,77.59,NaN
17.4400,-0.070085,-0.011066,0,77.59,NaN
17.4480,-0.070085,-0.010247,0,77.59,NaN
17.4560,-0.067155,-0.008083,0,77.59,NaN
17.4640,-0.061783,-0.004980,0,77.59,NaN
17.4720,-0.056410,-0.020911,0,77.59,NaN
17.4800,-0.054457,-0.020067,0,77.59,NaN
17.4880,-0.054457,-0.021263,0,77.59,NaN
17.4960,-0.055433,-0.024525,0,77.59,NaN
17.5040,-0.057875,-0.029162,0,77.59,NaN
17.5120,-0.063248,-0.033790,0,77.59,NaN
17.5200,-0.068620,-0.036683,0,77.59,NaN
17.5280,-0.065201,-0.036551,0,77.59,NaN
17.5360,-0.058852,-0.033249,0,77.59,NaN
17.5440,-0.049084,-0.027724,0,77.59,NaN
17.5520,-0.041270,-0.021304,0,77.59,NaN
17.5600,-0.035409,-0.014923,0,77.59,NaN
17.5680,-0.029548,-0.008814,0,77.59,NaN
17.5760,-0.021734,-0.020154,0,77.59,NaN
17.5840,-0.015873,-0.019053,0,77.59,NaN
17.5920,-0.016361,-0.020001,0,77.59,NaN
17.6000,-0.018315,-0.021843,0,77.59,NaN
17.6080,-0.019780,-0.022842,0,77.59,NaN
17.6160,-0.015873,-0.021581,0,77.59,NaN
17.6240,-0.007570,-0.017704,0,77.59,NaN
17.6320,-0.000244,-0.012041,0,77.59,NaN
17.6400,0.010989,-0.006226,0,77.59,NaN
17.6480,0.017338,-0.002109,0,77.59,NaN
17.6560,0.023687,-0.001073,0,77.59,NaN
17.6640,0.023687,-0.003403,0,77.59,NaN
17.6720,0.018803,-0.007962,0,77.59,NaN
17.6800,0.008059,0.072233,0,77.59,NaN
17.6880,-0.004151,0.066057,0,77.59,NaN
17.6960,-0.007082,0.063006,0,77.59,NaN
17.7040,-0.006105,0.064012,0,77.59,NaN
17.7120,0.003663,0.067916,0,77.59,NaN
17.7200,0.007570,0.072226,0,77.59,NaN
17.7280,0.009035,0.074408,0,77.59,NaN
17.7360,0.008059,0.072863,0,77.59,NaN
17.7440,-0.001221,0.067319,0,77.59,NaN
17.7520,-0.010012,0.058690,0,77.59,NaN
17.7600,-0.023199,0.048508,0,77.59,NaN
17.7680,-0.034432,0.038136,0,77.59,NaN
17.7760,-0.040293,0.028105,0,77.59,NaN
17.7840,-0.047131,0.021233,0,77.59,NaN
17.7920,-0.049084,0.018876,0,77.59,NaN
17.8000,-0.051038,0.018442,0,77.59,NaN
17.8080,-0.051038,0.018784,0,77.59,NaN
17.8160,-0.050061,0.018600,0,77.59,NaN
17.8240,-0.052015,0.016872,0,77.59,NaN
17.8320,-0.056899,0.013355,0,77.59,NaN
17.8400,-0.065201,0.008774,0,77.59,NaN
17.8480,-0.071062,0.004488,0,77.59,NaN
17.8560,-0.075946,0.001858,0,77.59,NaN
17.8640,-0.078388,0.001682,0,77.59,NaN
17.8720,-0.076435,0.003884,0,77.59,NaN
17.8800,-0.074481,0.007546,0,77.59,NaN
17.8880,-0.071062,-0.035511,0,77.59,NaN
17.8960,-0.068132,-0.032231,0,77.59,NaN
17.9040,-0.064225,-0.029923,0,77.59,NaN
17.9120,-0.065690,-0.028874,0,77.59,NaN
17.9200,-0.068620,-0.028641,0,77.59,NaN
17.9280,-0.069597,-0.028401,0,77.59,NaN
17.9360,-0.069109,-0.027545,0,77.59,NaN
17.9440,-0.066667,-0.025971,0,77.59,NaN
17.9520,-0.066667,-0.023910,0,77.59,NaN
17.9600,-0.067155,-0.021614,0,77.59,NaN
17.9680,-0.065690,-0.019246,0,77.59,NaN
17.9760,-0.065690,-0.016903,0,77.59,NaN
17.9840,-0.065201,-0.014610,0,77.59,NaN
17.9920,-0.068132,-0.013787,0,77.59,NaN
18.0000,-0.070574,-0.013997,0,77.59,NaN
18.0080,-0.073016,-0.013328,0,77.59,NaN
18.0160,-0.070085,-0.011348,0,77.59,NaN
18.0240,-0.068132,-0.008235,0,77.59,NaN
18.0320,-0.065201,-0.004589,0,77.59,NaN
18.0400,-0.064713,-0.001062,0,77.59,NaN
18.0480,-0.063736,0.001817,0,77.59,NaN
18.0560,-0.064225,0.003584,0,77.59,NaN
18.0640,-0.062271,0.003729,0,77.59,NaN
18.0720,-0.063736,0.001840,0,77.59,NaN
18.0800,-0.069597,-0.002007,0,77.59,NaN
18.0880,-0.075458,-0.007060,0,77.59,NaN
18.0960,-0.082784,-0.244811,0,77.59,NaN
18.1040,-0.091087,-0.266100,0,77.59,NaN
18.1120,-0.101343,-0.290062,0,77.59,NaN
18.1200,-0.115507,-0.315736,0,77.59,NaN
18.1280,-0.130647,-0.340911,0,77.59,NaN
18.1360,-0.139927,-0.362192,0,77.59,NaN
18.1440,-0.141880,-0.375449,0,77.59,NaN
18.1520,-0.134066,-0.376320,0,77.59,NaN
18.1600,-0.113553,-0.360886,0,77.59,NaN
18.1680,-0.072527,-0.326735,0,77.59,NaN
18.1760,-0.011966,-0.274105,0,77.59,NaN
18.1840,0.060317,-0.206497,0,77.59,NaN
18.1920,0.147741,-0.130499,0,77.59,NaN
18.2000,0.249817,0.280775,0,77.59,NaN
18.2080,0.374847,0.409597,0,77.59,NaN
18.2160,0.497436,0.548095,0,77.59,NaN
18.2240,0.621001,0.689150,0,77.59,NaN
18.2320,0.737241,0.822044,0,77.59,NaN
18.2400,0.851038,0.931053,0,77.59,NaN
18.2480,0.945788,0.996379,1,77.59,NaN
18.2560,0.975580,1.000000,1,77.59,NaN
18.2640,0.891575,0.934572,1,77.59,NaN
18.2720,0.726007,0.808304,0,77.59,NaN
18.2800,0.544322,0.640495,0,77.59,NaN
18.2880,0.370940,0.451318,0,77.59,NaN
18.2960,0.211233,0.254473,0,77.59,NaN
18.3040,0.066667,0.026823,0,77.59,NaN
18.3120,-0.060317,-0.113486,0,77.59,NaN
18.3200,-0.162882,-0.217500,0,77.59,NaN
18.3280,-0.221978,-0.280983,0,77.59,NaN
18.3360,-0.250305,-0.303736,0,77.59,NaN
18.3440,-0.225885,-0.290973,0,77.59,NaN
18.3520,-0.186325,-0.253128,0,77.59,NaN
18.3600,-0.134066,-0.203592,0,77.59,NaN
18.3680,-0.088645,-0.155570,0,77.59,NaN
18.3760,-0.050061,-0.119367,0,77.59,NaN
18.3840,-0.030525,-0.100414,0,77.59,NaN
18.3920,-0.031013,-0.098043,0,77.59,NaN
18.4000,-0.047131,-0.105649,0,77.59,NaN
18.4080,-0.068620,-0.024020,0,77.59,NaN
18.4160,-0.085714,-0.041753,0,77.59,NaN
18.4240,-0.098901,-0.056901,0,77.59,NaN
18.4320,-0.105739,-0.067126,0,77.59,NaN
18.4400,-0.110623,-0.072004,0,77.59,NaN
18.4480,-0.110134,-0.072372,0,77.59,NaN
18.4560,-0.105739,-0.069748,0,77.59,NaN
18.4640,-0.100366,-0.065727,0,77.59,NaN
18.4720,-0.099878,-0.061291,0,77.59,NaN
18.4800,-0.101343,-0.056469,0,77.59,NaN
18.4880,-0.101832,-0.050701,0,77.59,NaN
18.4960,-0.102320,-0.043596,0,77.59,NaN
18.5040,-0.101832,-0.035449,0,77.59,NaN
18.5120,-0.100366,-0.249208,0,77.59,NaN
18.5200,-0.100366,-0.243186,0,77.59,NaN
18.5280,-0.100855,-0.233868,0,77.59,NaN
18.5360,-0.099878,-0.221381,0,77.59,NaN
18.5440,-0.098901,-0.206213,0,77.59,NaN
18.5520,-0.100855,-0.189207,0,77.59,NaN
18.5600,-0.102320,-0.171464,0,77.59,NaN
18.5680,-0.103785,-0.154289,0,77.59,NaN
18.5760,-0.101832,-0.139084,0,77.59,NaN
18.5840,-0.101343,-0.127064,0,77.59,NaN
18.5920,-0.098901,-0.118866,0,77.59,NaN
18.6000,-0.098413,-0.114198,0,77.59,NaN
18.6080,-0.097924,-0.111720,0,77.59,NaN
18.6160,-0.093529,0.005328,0,77.59,NaN
18.6240,-0.091575,0.004805,0,77.59,NaN
18.6320,-0.090598,0.001435,0,77.59,NaN
18.6400,-0.094017,-0.004006,0,77.59,NaN
18.6480,-0.098901,-0.010107,0,77.59,NaN
18.6560,-0.101343,-0.015319,0,77.59,NaN
18.6640,-0.100366,-0.018537,0,77.59,NaN
18.6720,-0.101343,-0.019272,0,77.59,NaN
18.6800,-0.101343,-0.017500,0,77.59,NaN
18.6880,-0.098413,-0.013628,0,77.59,NaN
18.6960,-0.091087,-0.008511,0,77.59,NaN
18.7040,-0.086203,-0.003093,0,77.59,NaN
18.7120,-0.084737,0.002168,0,77.59,NaN
18.7200,-0.083272,0.008907,0,77.59,NaN
18.7280,-0.084249,0.010211,0,77.59,NaN
18.7360,-0.082295,0.011204,0,77.59,NaN
18.7440,-0.080342,0.012271,0,77.59,NaN
18.7520,-0.077411,0.013429,0,77.59,NaN
18.7600,-0.076435,0.014480,0,77.59,NaN
18.7680,-0.075458,0.015207,0,77.59,NaN
18.7760,-0.075458,0.015424,0,77.59,NaN
18.7840,-0.073504,0.014934,0,77.59,NaN
18.7920,-0.074969,0.013598,0,77.59,NaN
18.8000,-0.076923,0.011460,0,77.59,NaN
18.8080,-0.078877,0.008748,0,77.59,NaN
18.8160,-0.080830,0.005746,0,77.59,NaN
18.8240,-0.080830,0.002167,0,77.59,NaN
18.8320,-0.080342,0.002518,0,77.59,NaN
18.8400,-0.078388,0.004181,0,77.59,NaN
18.8480,-0.075458,0.006736,0,77.59,NaN
18.8560,-0.070085,0.009374,0,77.59,NaN
18.8640,-0.067643,0.011139,0,77.59,NaN
18.8720,-0.065690,0.011337,0,77.59,NaN
18.8800,-0.067643,0.009870,0,77.59,NaN
18.8880,-0.070085,0.007279,0,77.59,NaN
18.8960,-0.071551,0.004524,0,77.59,NaN
18.9040,-0.076435,0.002607,0,77.59,NaN
18.9120,-0.074969,0.002075,0,77.59,NaN
18.9200,-0.071062,0.002603,0,77.59,NaN
18.9280,-0.070085,-0.015757,0,77.59,NaN
18.9360,-0.063736,-0.012760,0,77.59,NaN
18.9440,-0.057387,-0.010118,0,77.59,NaN
18.9520,-0.054945,-0.008806,0,77.59,NaN
18.9600,-0.054945,-0.009165,0,77.59,NaN
18.9680,-0.054945,-0.010789,0,77.59,NaN
18.9760,-0.056899,-0.012814,0,77.59,NaN
18.9840,-0.054945,-0.014311,0,77.59,NaN
18.9920,-0.054457,-0.014583,0,77.59,NaN
19.0000,-0.051526,-0.013319,0,77.59,NaN
19.0080,-0.046154,-0.010663,0,77.59,NaN
19.0160,-0.039316,-0.007115,0,77.59,NaN
19.0240,-0.035897,-0.003217,0,77.59,NaN
19.0320,-0.036874,0.001635,0,77.59,NaN
19.0400,-0.040781,-0.002059,0,77.59,NaN
19.0480,-0.046642,-0.006169,0,77.59,NaN
19.0560,-0.048596,-0.008958,0,77.59,NaN
19.0640,-0.045665,-0.009303,0,77.59,NaN
19.0720,-0.041270,-0.007062,0,77.59,NaN
19.0800,-0.036386,-0.002895,0,77.59,NaN
19.0880,-0.031013,0.002030,0,77.59,NaN
19.0960,-0.023199,0.006215,0,77.59,NaN
19.1040,-0.016850,0.008157,0,77.59,NaN
19.1120,-0.017827,0.006994,0,77.59,NaN
19.1200,-0.022711,0.002987,0,77.59,NaN
19.1280,-0.025641,-0.002654,0,77.59,NaN
19.1360,-0.029548,0.011278,0,77.59,NaN
19.1440,-0.030525,0.006245,0,77.59,NaN
19.1520,-0.035409,0.002138,0,77.59,NaN
19.1600,-0.038339,-0.000425,0,77.59,NaN
19.1680,-0.038339,-0.001174,0,77.59,NaN
19.1760,-0.033455,-0.000498,0,77.59,NaN
19.1840,-0.030525,0.000702,0,77.59,NaN
19.1920,-0.028571,0.001591,0,77.59,NaN
19.2000,-0.029060,0.001859,0,77.59,NaN
19.2080,-0.029548,0.001713,0,77.59,NaN
19.2160,-0.027595,0.001507,0,77.59,NaN
19.2240,-0.025641,0.001413,0,77.59,NaN
19.2320,-0.024664,0.001410,0,77.59,NaN
19.2400,-0.026129,0.049712,0,77.59,NaN
19.2480,-0.027595,0.049824,0,77.59,NaN
19.2560,-0.028571,0.049326,0,77.59,NaN
19.2640,-0.030525,0.048203,0,77.59,NaN
19.2720,-0.032479,0.046482,0,77.59,NaN
19.2800,-0.038828,0.044326,0,77.59,NaN
19.2880,-0.040293,0.041938,0,77.59,NaN
19.2960,-0.044200,0.039368,0,77.59,NaN
19.3040,-0.047131,0.036512,0,77.59,NaN
19.3120,-0.052015,0.033291,0,77.59,NaN
19.3200,-0.057387,0.029779,0,77.59,NaN
19.3280,-0.063736,0.026165,0,77.59,NaN
19.3360,-0.067643,0.022588,0,77.59,NaN
19.3440,-0.072527,0.011725,0,77.59,NaN
19.3520,-0.079365,0.006697,0,77.59,NaN
19.3600,-0.086203,0.001986,0,77.59,NaN
19.3680,-0.093529,-0.001664,0,77.59,NaN
19.3760,-0.094505,-0.003702,0,77.59,NaN
19.3840,-0.096947,-0.004032,0,77.59,NaN
19.3920,-0.097924,-0.002933,0,77.59,NaN
19.4000,-0.098901,-0.000910,0,77.59,NaN
19.4080,-0.098901,0.001342,0,77.59,NaN
19.4160,-0.098413,0.002973,0,77.59,NaN
19.4240,-0.098901,0.003226,0,77.59,NaN
19.4320,-0.103785,0.001864,0,77.59,NaN
19.4400,-0.110134,-0.000573,0,77.59,NaN
19.4480,-0.117949,-0.010412,0,77.59,NaN
19.4560,-0.121368,-0.013079,0,77.59,NaN
19.4640,-0.124298,-0.013769,0,77.59,NaN
19.4720,-0.124786,-0.012137,0,77.59,NaN
19.4800,-0.123810,-0.008478,0,77.59,NaN
19.4880,-0.121368,-0.003732,0,77.59,NaN
19.4960,-0.115995,0.000656,0,77.59,NaN
19.5040,-0.115507,0.003232,0,77.59,NaN
19.5120,-0.118437,0.003228,0,77.59,NaN
19.5200,-0.125275,0.000966,0,77.59,NaN
19.5280,-0.135043,-0.002391,0,77.59,NaN
19.5360,-0.141880,-0.005642,0,77.59,NaN
19.5440,-0.142857,-0.008389,0,77.59,NaN
19.5520,-0.139927,-0.040270,0,77.59,NaN
19.5600,-0.135531,-0.035215,0,77.59,NaN
19.5680,-0.131136,-0.028945,0,77.59,NaN
19.5760,-0.124786,-0.023052,0,77.59,NaN
19.5840,-0.121368,-0.018834,0,77.59,NaN
19.5920,-0.122344,-0.016839,0,77.59,NaN
19.6000,-0.125275,-0.016711,0,77.59,NaN
19.6080,-0.128205,-0.017519,0,77.59,NaN
19.6160,-0.129182,-0.018300,0,77.59,NaN
19.6240,-0.130159,-0.018409,0,77.59,NaN
19.6320,-0.130159,-0.017572,0,77.59,NaN
19.6400,-0.130159,-0.015837,0,77.59,NaN
19.6480,-0.127717,-0.013549,0,77.59,NaN
19.6560,-0.123810,-0.015825,0,77.59,NaN
19.6640,-0.121368,-0.014123,0,77.59,NaN
19.6720,-0.120391,-0.013601,0,77.59,NaN
19.6800,-0.123810,-0.014014,0,77.59,NaN
19.6880,-0.124786,-0.014541,0,77.59,NaN
19.6960,-0.125275,-0.014278,0,77.59,NaN
19.7040,-0.123321,-0.012736,0,77.59,NaN
19.7120,-0.119414,-0.010046,0,77.59,NaN
19.7200,-0.116972,-0.006872,0,77.59,NaN
19.7280,-0.113553,-0.004176,0,77.59,NaN
19.7360,-0.108669,-0.002932,0,77.59,NaN
19.7440,-0.109158,-0.003614,0,77.59,NaN
19.7520,-0.114042,-0.005704,0,77.59,NaN
19.7600,-0.117460,0.003612,0,77.59,NaN
19.7680,-0.122344,0.000303,0,77.59,NaN
19.7760,-0.123810,-0.001446,0,77.59,NaN
19.7840,-0.121856,-0.001023,0,77.59,NaN
19.7920,-0.117949,0.001435,0,77.59,NaN
19.8000,-0.115995,0.005264,0,77.59,NaN
19.8080,-0.112088,0.009488,0,77.59,NaN
19.8160,-0.106227,0.012888,0,77.59,NaN
19.8240,-0.102320,0.014254,0,77.59,NaN
19.8320,-0.104762,0.012976,0,77.59,NaN
19.8400,-0.110623,0.009400,0,77.59,NaN
19.8480,-0.115507,0.004484,0,77.59,NaN
19.8560,-0.116972,-0.000915,0,77.59,NaN
19.8640,-0.112576,-0.002857,0,77.59,NaN
19.8720,-0.109646,-0.001887,0,77.59,NaN
19.8800,-0.109158,-0.000615,0,77.59,NaN
19.8880,-0.107692,0.000141,0,77.59,NaN
19.8960,-0.106716,-0.000161,0,77.59,NaN
19.9040,-0.106227,-0.001693,0,77.59,NaN
19.9120,-0.109158,-0.004049,0,77.59,NaN
19.9200,-0.114530,-0.006255,0,77.59,NaN
19.9280,-0.114042,-0.007273,0,77.59,NaN
19.9360,-0.111111,-0.006656,0,77.59,NaN
19.9440,-0.106716,-0.004718,0,77.59,NaN
19.9520,-0.102320,-0.002128,0,77.59,NaN
19.9600,-0.101343,0.000622,0,77.59,NaN
19.9680,-0.101343,0.013896,0,77.59,NaN
19.9760,-0.098901,0.013653,0,77.59,NaN
19.9840,-0.100855,0.011957,0,77.59,NaN
19.9920,-0.103785,0.009222,0,77.59,NaN
20.0000,-0.109158,0.006244,0,77.59,NaN
20.0080,-0.109646,0.003816,0,77.59,NaN
20.0160,-0.110134,0.002355,0,77.59,NaN
20.0240,-0.110134,0.001871,0,77.59,NaN
20.0320,-0.110134,0.002171,0,77.59,NaN
20.0400,-0.109646,0.002994,0,77.59,NaN
20.0480,-0.108181,0.004049,0,77.59,NaN
20.0560,-0.106227,0.005073,0,77.59,NaN
20.0640,-0.106716,0.005978,0,77.59,NaN
20.0720,-0.106716,0.005993,0,77.59,NaN
20.0800,-0.106716,0.006504,0,77.59,NaN
20.0880,-0.105250,0.007046,0,77.59,NaN
20.0960,-0.103785,0.007437,0,77.59,NaN
20.1040,-0.102320,0.007441,0,77.59,NaN
20.1120,-0.105739,0.007046,0,77.59,NaN
20.1200,-0.106227,0.006491,0,77.59,NaN
20.1280,-0.106716,0.006001,0,77.59,NaN
20.1360,-0.106227,0.005579,0,77.59,NaN
20.1440,-0.106227,0.005097,0,77.59,NaN
20.1520,-0.107692,0.004496,0,77.59,NaN
20.1600,-0.109158,0.003856,0,77.59,NaN
20.1680,-0.108669,0.003250,0,77.59,NaN
20.1760,-0.104762,0.002980,0,77.59,NaN
20.1840,-0.101343,0.005831,0,77.59,NaN
20.1920,-0.100366,0.008911,0,77.59,NaN
20.2000,-0.097924,0.011714,0,77.59,NaN
20.2080,-0.094505,0.013672,0,77.59,NaN
20.2160,-0.093040,0.014217,0,77.59,NaN
20.2240,-0.094017,0.013107,0,77.59,NaN
20.2320,-0.097924,0.010689,0,77.59,NaN
20.2400,-0.101343,0.007802,0,77.59,NaN
20.2480,-0.104274,0.005385,0,77.59,NaN
20.2560,-0.106227,0.004047,0,77.59,NaN
20.2640,-0.103785,0.003823,0,77.59,NaN
20.2720,-0.104274,0.004258,0,77.59,NaN
20.2800,-0.101832,0.003669,0,77.59,NaN
20.2880,-0.098413,0.006810,0,77.59,NaN
20.2960,-0.093529,0.009005,0,77.59,NaN
20.3040,-0.092063,0.009132,0,77.59,NaN
20.3120,-0.095482,0.006796,0,77.59,NaN
20.3200,-0.101343,0.002648,0,77.59,NaN
20.3280,-0.107692,-0.001909,0,77.59,NaN
20.3360,-0.110134,-0.005427,0,77.59,NaN
20.3440,-0.110623,-0.006976,0,77.59,NaN
20.3520,-0.109646,-0.006303,0,77.59,NaN
20.3600,-0.107204,-0.003684,0,77.59,NaN
20.3680,-0.101832,0.000278,0,77.59,NaN
20.3760,-0.098901,0.004881,0,77.59,NaN
20.3840,-0.097924,-0.010920,0,77.59,NaN
20.3920,-0.101343,-0.012028,0,77.59,NaN
20.4000,-0.102808,-0.013610,0,77.59,NaN
20.4080,-0.104274,-0.014642,0,77.59,NaN
20.4160,-0.101832,-0.014403,0,77.59,NaN
20.4240,-0.100855,-0.012685,0,77.59,NaN
20.4320,-0.095971,-0.009775,0,77.59,NaN
20.4400,-0.093040,-0.006364,0,77.59,NaN
20.4480,-0.087179,-0.003383,0,77.59,NaN
20.4560,-0.085226,-0.001719,0,77.59,NaN
20.4640,-0.084249,-0.001875,0,77.59,NaN
20.4720,-0.085714,-0.003760,0,77.59,NaN
20.4800,-0.088645,-0.006696,0,77.59,NaN
20.4880,-0.093529,0.002764,0,77.59,NaN
20.4960,-0.096947,-0.001180,0,77.59,NaN
20.5040,-0.099878,-0.004440,0,77.59,NaN
20.5120,-0.100366,-0.006667,0,77.59,NaN
20.5200,-0.101343,-0.007754,0,77.59,NaN
20.5280,-0.103785,-0.007691,0,77.59,NaN
20.5360,-0.101343,-0.006628,0,77.59,NaN
20.5440,-0.098413,-0.005022,0,77.59,NaN
20.5520,-0.095482,-0.003510,0,77.59,NaN
20.5600,-0.095482,-0.002537,0,77.59,NaN
20.5680,-0.095971,-0.002141,0,77.59,NaN
20.5760,-0.095971,-0.002088,0,77.59,NaN
20.5840,-0.094994,-0.002149,0,77.59,NaN
20.5920,-0.093040,-0.004279,0,77.59,NaN
20.6000,-0.093040,-0.004075,0,77.59,NaN
20.6080,-0.093040,-0.004399,0,77.59,NaN
20.6160,-0.093040,-0.005488,0,77.59,NaN
20.6240,-0.093529,-0.007393,0,77.59,NaN
20.6320,-0.095971,-0.009802,0,77.59,NaN
20.6400,-0.099389,-0.011993,0,77.59,NaN
20.6480,-0.100855,-0.013109,0,77.59,NaN
20.6560,-0.098901,-0.012636,0,77.59,NaN
20.6640,-0.094994,-0.010685,0,77.59,NaN
20.6720,-0.091087,-0.007839,0,77.59,NaN
20.6800,-0.086691,-0.004739,0,77.59,NaN
20.6880,-0.085714,-0.001697,0,77.59,NaN
20.6960,-0.084249,0.000513,0,77.59,NaN
20.7040,-0.084249,-0.001348,0,77.59,NaN
20.7120,-0.087179,-0.005172,0,77.59,NaN
20.7200,-0.093040,-0.010130,0,77.59,NaN
20.7280,-0.099389,-0.014887,0,77.59,NaN
20.7360,-0.100855,-0.018126,0,77.59,NaN
20.7440,-0.101343,-0.019071,0,77.59,NaN
20.7520,-0.099878,-0.017652,0,77.59,NaN
20.7600,-0.095482,-0.014439,0,77.59,NaN
20.7680,-0.091087,-0.010440,0,77.59,NaN
20.7760,-0.085226,-0.006729,0,77.59,NaN
20.7840,-0.082784,-0.003960,0,77.59,NaN
20.7920,-0.083272,-0.001992,0,77.59,NaN
20.8000,-0.085226,0.007623,0,77.59,NaN
20.8080,-0.086203,0.006027,0,77.59,NaN
20.8160,-0.089133,0.004769,0,77.59,NaN
20.8240,-0.088645,0.004748,0,77.59,NaN
20.8320,-0.087179,0.006403,0,77.59,NaN
20.8400,-0.085226,0.009499,0,77.59,NaN
20.8480,-0.078388,0.013082,0,77.59,NaN
20.8560,-0.074481,0.015733,0,77.59,NaN
20.8640,-0.071551,0.016239,0,77.59,NaN
20.8720,-0.077411,0.014306,0,77.59,NaN
20.8800,-0.084737,0.010644,0,77.59,NaN
20.8880,-0.086203,0.006263,0,77.59,NaN
20.8960,-0.089133,0.001754,0,77.59,NaN
20.9040,-0.090598,-0.004810,0,77.59,NaN
20.9120,-0.090598,-0.005700,0,77.59,NaN
20.9200,-0.091575,-0.005525,0,77.59,NaN
20.9280,-0.090110,-0.004785,0,77.59,NaN
20.9360,-0.086203,-0.004206,0,77.59,NaN
20.9440,-0.086203,-0.004427,0,77.59,NaN
20.9520,-0.088156,-0.005541,0,77.59,NaN
20.9600,-0.091087,-0.006973,0,77.59,NaN
20.9680,-0.093040,-0.007881,0,77.59,NaN
20.9760,-0.091087,-0.007711,0,77.59,NaN
20.9840,-0.088645,-0.006485,0,77.59,NaN
20.9920,-0.085714,-0.004610,0,77.59,NaN
21.0000,-0.085226,-0.002495,0,77.59,NaN
21.0080,-0.082295,-0.005451,0,77.59,NaN
21.0160,-0.076923,-0.002933,0,77.59,NaN
21.0240,-0.075458,-0.001046,0,77.59,NaN
21.0320,-0.074481,0.000108,0,77.59,NaN
21.0400,-0.075458,0.000765,0,77.59,NaN
21.0480,-0.072527,0.001208,0,77.59,NaN
21.0560,-0.071551,0.001506,0,77.59,NaN
21.0640,-0.070085,0.001554,0,77.59,NaN
21.0720,-0.069597,0.001273,0,77.59,NaN
21.0800,-0.070574,0.000758,0,77.59,NaN
21.0880,-0.072039,0.000262,0,77.59,NaN
21.0960,-0.070574,-0.000024,0,77.59,NaN
21.1040,-0.070085,-0.000127,0,77.59,NaN
21.1120,-0.069109,-0.056181,0,77.59,NaN
21.1200,-0.065690,-0.055575,0,77.59,NaN
21.1280,-0.062271,-0.053393,0,77.59,NaN
21.1360,-0.054457,-0.049904,0,77.59,NaN
21.1440,-0.047131,-0.045772,0,77.59,NaN
21.1520,-0.038828,-0.041782,0,77.59,NaN
21.1600,-0.035409,-0.038440,0,77.59,NaN
21.1680,-0.030525,-0.035796,0,77.59,NaN
21.1760,-0.024664,-0.033598,0,77.59,NaN
21.1840,-0.021734,-0.031492,0,77.59,NaN
21.1920,-0.015873,-0.029202,0,77.59,NaN
21.2000,-0.008059,-0.026682,0,77.59,NaN
21.2080,-0.003175,-0.024065,0,77.59,NaN
21.2160,0.005617,0.092614,0,77.59,NaN
21.2240,0.005617,0.095795,0,77.59,NaN
21.2320,0.003175,0.096772,0,77.59,NaN
21.2400,-0.001709,0.096272,0,77.59,NaN
21.2480,-0.002686,0.094923,0,77.59,NaN
21.2560,-0.002686,0.092680,0,77.59,NaN
21.2640,-0.005128,0.088984,0,77.59,NaN
21.2720,-0.011966,0.083458,0,77.59,NaN
21.2800,-0.022222,0.076382,0,77.59,NaN
21.2880,-0.031502,0.068531,0,77.59,NaN
21.2960,-0.038828,0.060619,0,77.59,NaN
21.3040,-0.045665,0.052948,0,77.59,NaN
21.3120,-0.053968,0.045477,0,77.59,NaN
21.3200,-0.060806,0.016375,0,77.59,NaN
21.3280,-0.069109,0.010489,0,77.59,NaN
21.3360,-0.071062,0.005582,0,77.59,NaN
21.3440,-0.075946,0.001504,0,77.59,NaN
21.3520,-0.079853,-0.001802,0,77.59,NaN
21.3600,-0.085714,-0.004153,0,77.59,NaN
21.3680,-0.086691,-0.005336,0,77.59,NaN
21.3760,-0.086203,-0.005399,0,77.59,NaN
21.3840,-0.086691,-0.004633,0,77.59,NaN
21.3920,-0.087179,-0.003353,0,77.59,NaN
21.4000,-0.085714,-0.001795,0,77.59,NaN
21.4080,-0.085714,-0.000119,0,77.59,NaN
21.4160,-0.085226,0.001602,0,77.59,NaN
21.4240,-0.085714,-0.014238,0,77.59,NaN
21.4320,-0.088156,-0.015705,0,77.59,NaN
21.4400,-0.093529,-0.016943,0,77.59,NaN
21.4480,-0.094505,-0.016999,0,77.59,NaN
21.4560,-0.093529,-0.015333,0,77.59,NaN
21.4640,-0.090598,-0.012110,0,77.59,NaN
21.4720,-0.087668,-0.008053,0,77.59,NaN
21.4800,-0.086203,-0.004121,0,77.59,NaN
21.4880,-0.085226,-0.001274,0,77.59,NaN
21.4960,-0.083761,-0.000329,0,77.59,NaN
21.5040,-0.087179,-0.001698,0,77.59,NaN
21.5120,-0.095971,-0.005100,0,77.59,NaN
21.5200,-0.101832,-0.009635,0,77.59,NaN
21.5280,-0.103785,-0.038498,0,77.59,NaN
21.5360,-0.101832,-0.038552,0,77.59,NaN
21.5440,-0.101343,-0.036955,0,77.59,NaN
21.5520,-0.101343,-0.034179,0,77.59,NaN
21.5600,-0.099878,-0.030698,0,77.59,NaN
21.5680,-0.095971,-0.027092,0,77.59,NaN
21.5760,-0.093040,-0.024041,0,77.59,NaN
21.5840,-0.092063,-0.022012,0,77.59,NaN
21.5920,-0.093529,-0.020965,0,77.59,NaN
21.6000,-0.094994,-0.020400,0,77.59,NaN
21.6080,-0.094505,-0.019751,0,77.59,NaN
21.6160,-0.093040,-0.018740,0,77.59,NaN
21.6240,-0.091575,-0.017451,0,77.59,NaN
21.6320,-0.091087,-0.046731,0,77.59,NaN
21.6400,-0.092552,-0.050204,0,77.59,NaN
21.6480,-0.094994,-0.057427,0,77.59,NaN
21.6560,-0.101343,-0.069533,0,77.59,NaN
21.6640,-0.115507,-0.086632,0,77.59,NaN
21.6720,-0.132601,-0.107192,0,77.59,NaN
21.6800,-0.149206,-0.127904,0,77.59,NaN
21.6880,-0.165812,-0.144000,0,77.59,NaN
21.6960,-0.173138,-0.150052,0,77.59,NaN
21.7040,-0.166789,-0.141360,0,77.59,NaN
21.7120,-0.145788,-0.115653,0,77.59,NaN
21.7200,-0.103785,-0.074610,0,77.59,NaN
21.7280,-0.046154,-0.024380,0,77.59,NaN
21.7360,0.023687,-0.423488,0,77.59,NaN
21.7440,0.101832,-0.353970,0,77.59,NaN
21.7520,0.196093,-0.267229,0,77.59,NaN
21.7600,0.309890,-0.162357,0,77.59,NaN
21.7680,0.432967,-0.040448,0,77.59,NaN
21.7760,0.563370,0.093181,0,77.59,NaN
21.7840,0.700122,0.226165,0,77.59,NaN
21.7920,0.847619,0.336993,1,77.59,NaN
21.8000,0.974115,0.397414,1,77.59,NaN
21.8080,1.000000,0.381690,1,77.59,NaN
21.8160,0.933578,0.278831,0,77.59,NaN
21.8240,0.758242,0.100124,0,77.59,NaN
21.8320,0.563858,-0.122559,0,77.59,NaN
21.8400,0.377778,0.446242,0,77.59,NaN
21.8480,0.201954,0.256907,0,77.59,NaN
21.8560,0.040781,0.088766,0,77.59,NaN
21.8640,-0.097924,-0.046230,0,77.59,NaN
21.8720,-0.196093,-0.140413,0,77.59,NaN
21.8800,-0.254212,-0.190815,0,77.59,NaN
21.8880,-0.262027,-0.200151,0,77.59,NaN
21.8960,-0.233211,-0.176866,0,77.59,NaN
21.9040,-0.187790,-0.133292,0,77.59,NaN
21.9120,-0.135043,-0.082345,0,77.59,NaN
21.9200,-0.088156,-0.034038,0,77.59,NaN
21.9280,-0.056899,0.007137,0,77.59,NaN
21.9360,-0.041270,0.042926,0,77.59,NaN
21.9440,-0.040293,0.040952,0,77.59,NaN
21.9520,-0.054457,0.036657,0,77.59,NaN
21.9600,-0.072527,0.025553,0,77.59,NaN
21.9680,-0.086203,0.012424,0,77.59,NaN
21.9760,-0.098901,0.000637,0,77.59,NaN
21.9840,-0.108181,-0.008070,0,77.59,NaN
21.9920,-0.114042,-0.013202,0,77.59,NaN
22.0000,-0.117460,-0.015030,0,77.59,NaN
22.0080,-0.116972,-0.014219,0,77.59,NaN
22.0160,-0.116484,-0.011531,0,77.59,NaN
22.0240,-0.115995,-0.007603,0,77.59,NaN
22.0320,-0.116484,-0.002869,0,77.59,NaN
22.0400,-0.116972,0.002341,0,77.59,NaN
22.0480,-0.115995,-0.267465,0,77.59,NaN
22.0560,-0.113553,-0.268527,0,77.59,NaN
22.0640,-0.113553,-0.267267,0,77.59,NaN
22.0720,-0.114530,-0.263124,0,77.59,NaN
22.0800,-0.114530,-0.255424,0,77.59,NaN
22.0880,-0.114530,-0.243714,0,77.59,NaN
22.0960,-0.113553,-0.228145,0,77.59,NaN
22.1040,-0.111600,-0.209664,0,77.59,NaN
22.1120,-0.112088,-0.189897,0,77.59,NaN
22.1200,-0.109646,-0.170737,0,77.59,NaN
22.1280,-0.107692,-0.153775,0,77.59,NaN
22.1360,-0.103785,-0.139647,0,77.59,NaN
22.1440,-0.104762,-0.127564,0,77.59,NaN
22.1520,-0.106227,-0.002065,0,77.59,NaN
22.1600,-0.108181,0.000017,0,77.59,NaN
22.1680,-0.108181,-0.000280,0,77.59,NaN
22.1760,-0.107692,-0.001760,0,77.59,NaN
22.1840,-0.104762,-0.003457,0,77.59,NaN
22.1920,-0.102320,-0.004688,0,77.59,NaN
22.2000,-0.100855,-0.005074,0,77.59,NaN
22.2080,-0.094994,-0.004615,0,77.59,NaN
22.2160,-0.092063,-0.003642,0,77.59,NaN
22.2240,-0.092063,-0.002530,0,77.59,NaN
22.2320,-0.091087,-0.001476,0,77.59,NaN
22.2400,-0.091575,-0.000520,0,77.59,NaN
22.2480,-0.091575,0.000362,0,77.59,NaN
22.2560,-0.092063,-0.004610,0,77.59,NaN
22.2640,-0.090110,-0.003933,0,77.59,NaN
22.2720,-0.088645,-0.003363,0,77.59,NaN
22.2800,-0.088645,-0.003069,0,77.59,NaN
22.2880,-0.086691,-0.003118,0,77.59,NaN
22.2960,-0.086203,-0.003431,0,77.59,NaN
22.3040,-0.086203,-0.003753,0,77.59,NaN
22.3120,-0.085714,-0.003729,0,77.59,NaN
22.3200,-0.084737,-0.003137,0,77.59,NaN
22.3280,-0.080342,-0.002110,0,77.59,NaN
22.3360,-0.076923,-0.001098,0,77.59,NaN
22.3440,-0.074481,-0.000513,0,77.59,NaN
22.3520,-0.074969,-0.000357,0,77.59,NaN
22.3600,-0.076435,-0.002456,0,77.59,NaN
22.3680,-0.075946,-0.004175,0,77.59,NaN
22.3760,-0.074481,-0.006431,0,77.59,NaN
22.3840,-0.074969,-0.009190,0,77.59,NaN
22.3920,-0.077411,-0.012091,0,77.59,NaN
22.4000,-0.082295,-0.014374,0,77.59,NaN
22.4080,-0.078877,-0.015318,0,77.59,NaN
22.4160,-0.076923,-0.014725,0,77.59,NaN
22.4240,-0.071062,-0.012925,0,77.59,NaN
22.4320,-0.068620,-0.010422,0,77.59,NaN
22.4400,-0.064713,-0.007595,0,77.59,NaN
22.4480,-0.059829,-0.004654,0,77.59,NaN
22.4560,-0.055922,-0.001699,0,77.59,NaN
22.4640,-0.054457,0.009315,0,77.59,NaN
22.4720,-0.054945,0.008471,0,77.59,NaN
22.4800,-0.057387,0.007140,0,77.59,NaN
22.4880,-0.057387,0.006132,0,77.59,NaN
22.4960,-0.054945,0.005886,0,77.59,NaN
22.5040,-0.051526,0.006318,0,77.59,NaN
22.5120,-0.051526,0.007070,0,77.59,NaN
22.5200,-0.048107,0.007774,0,77.59,NaN
22.5280,-0.048107,0.008136,0,77.59,NaN
22.5360,-0.046154,0.007948,0,77.59,NaN
22.5440,-0.045177,0.007106,0,77.59,NaN
22.5520,-0.046642,0.005678,0,77.59,NaN
22.5600,-0.046642,0.003907,0,77.59,NaN
22.5680,-0.044200,-0.013801,0,77.59,NaN
22.5760,-0.039316,-0.012819,0,77.59,NaN
22.5840,-0.037363,-0.011137,0,77.59,NaN
22.5920,-0.033455,-0.009137,0,77.59,NaN
22.6000,-0.029060,-0.007296,0,77.59,NaN
22.6080,-0.023687,-0.006134,0,77.59,NaN
22.6160,-0.022711,-0.005945,0,77.59,NaN
22.6240,-0.021734,-0.006556,0,77.59,NaN
22.6320,-0.021734,-0.007391,0,77.59,NaN
22.6400,-0.020269,-0.007791,0,77.59,NaN
22.6480,-0.016850,-0.007340,0,77.59,NaN
22.6560,-0.014408,-0.005997,0,77.59,NaN
22.6640,-0.009035,-0.004095,0,77.59,NaN
22.6720,-0.007082,0.020973,0,77.59,NaN
22.6800,-0.007570,0.020815,0,77.59,NaN
22.6880,-0.007570,0.019398,0,77.59,NaN
22.6960,-0.008059,0.016932,0,77.59,NaN
22.7040,-0.010012,0.013793,0,77.59,NaN
22.7120,-0.011966,0.010523,0,77.59,NaN
22.7200,-0.013919,0.007745,0,77.59,NaN
22.7280,-0.015385,0.005976,0,77.59,NaN
22.7360,-0.012943,0.005396,0,77.59,NaN
22.7440,-0.010012,0.005808,0,77.59,NaN
22.7520,-0.009035,0.006867,0,77.59,NaN
22.7600,-0.007082,0.008312,0,77.59,NaN
22.7680,-0.004151,0.009954,0,77.59,NaN
22.7760,-0.000244,0.062696,0,77.59,NaN
22.7840,-0.001221,0.063531,0,77.59,NaN
22.7920,-0.006105,0.062685,0,77.59,NaN
22.8000,-0.008059,0.060553,0,77.59,NaN
22.8080,-0.011966,0.057634,0,77.59,NaN
22.8160,-0.015873,0.054375,0,77.59,NaN
22.8240,-0.022222,0.051157,0,77.59,NaN
22.8320,-0.024664,0.048207,0,77.59,NaN
22.8400,-0.029548,0.045454,0,77.59,NaN
22.8480,-0.032479,0.042533,0,77.59,NaN
22.8560,-0.035897,0.038932,0,77.59,NaN
22.8640,-0.039805,0.034318,0,77.59,NaN
22.8720,-0.049573,0.028928,0,77.59,NaN
22.8800,-0.056899,0.036304,0,77.59,NaN
22.8880,-0.065690,0.032106,0,77.59,NaN
22.8960,-0.070085,0.029643,0,77.59,NaN
22.9040,-0.070574,0.029026,0,77.59,NaN
22.9120,-0.073016,0.029730,0,77.59,NaN
22.9200,-0.075458,0.030946,0,77.59,NaN
22.9280,-0.077411,0.031815,0,77.59,NaN
22.9360,-0.078388,0.031522,0,77.59,NaN
22.9440,-0.083272,0.029541,0,77.59,NaN
22.9520,-0.093040,0.025951,0,77.59,NaN
22.9600,-0.101343,0.021364,0,77.59,NaN
22.9680,-0.109646,0.016460,0,77.59,NaN
22.9760,-0.116484,0.011590,0,77.59,NaN
22.9840,-0.117949,-0.041646,0,77.59,NaN
22.9920,-0.122833,-0.043161,0,77.59,NaN
23.0000,-0.123810,-0.043564,0,77.59,NaN
23.0080,-0.124298,-0.043554,0,77.59,NaN
23.0160,-0.124786,-0.043777,0,77.59,NaN
23.0240,-0.128205,-0.044448,0,77.59,NaN
23.0320,-0.132601,-0.045159,0,77.59,NaN
23.0400,-0.135043,-0.045101,0,77.59,NaN
23.0480,-0.135531,-0.043526,0,77.59,NaN
23.0560,-0.134066,-0.040089,0,77.59,NaN
23.0640,-0.131136,-0.034938,0,77.59,NaN
23.0720,-0.125763,-0.028585,0,77.59,NaN
23.0800,-0.123321,-0.021660,0,77.59,NaN
23.0880,-0.118437,-0.025284,0,77.59,NaN
23.0960,-0.117460,-0.024306,0,77.59,NaN
23.1040,-0.121856,-0.026611,0,77.59,NaN
23.1120,-0.131136,-0.031405,0,77.59,NaN
23.1200,-0.140415,-0.036950,0,77.59,NaN
23.1280,-0.145788,-0.041351,0,77.59,NaN
23.1360,-0.148230,-0.043278,0,77.59,NaN
23.1440,-0.148230,-0.042213,0,77.59,NaN
23.1520,-0.147253,-0.038355,0,77.59,NaN
23.1600,-0.141392,-0.032474,0,77.59,NaN
23.1680,-0.133578,-0.025669,0,77.59,NaN
23.1760,-0.130159,-0.018863,0,77.59,NaN
23.1840,-0.127228,-0.012342,0,77.59,NaN
23.1920,-0.129182,-0.016829,0,77.59,NaN
23.2000,-0.132601,-0.017709,0,77.59,NaN
23.2080,-0.135531,-0.018821,0,77.59,NaN
23.2160,-0.135043,-0.019138,0,77.59,NaN
23.2240,-0.133089,-0.018180,0,77.59,NaN
23.2320,-0.132601,-0.015935,0,77.59,NaN
23.2400,-0.131624,-0.012697,0,77.59,NaN
23.2480,-0.125763,-0.009112,0,77.59,NaN
23.2560,-0.122344,-0.006127,0,77.59,NaN
23.2640,-0.120391,-0.004601,0,77.59,NaN
23.2720,-0.121368,-0.004864,0,77.59,NaN
23.2800,-0.124786,-0.006613,0,77.59,NaN
23.2880,-0.125763,-0.009158,0,77.59,NaN
23.2960,-0.125275,-0.002367,0,77.59,NaN
23.3040,-0.125275,-0.002011,0,77.59,NaN
23.3120,-0.124298,-0.000478,0,77.59,NaN
23.3200,-0.120879,0.001926,0,77.59,NaN
23.3280,-0.116484,0.004472,0,77.59,NaN
23.3360,-0.113553,0.006264,0,77.59,NaN
23.3440,-0.112088,0.006671,0,77.59,NaN
23.3520,-0.114042,0.005649,0,77.59,NaN
23.3600,-0.116484,0.003745,0,77.59,NaN
23.3680,-0.117949,0.001775,0,77.59,NaN
23.3760,-0.119414,0.000429,0,77.59,NaN
23.3840,-0.119414,-0.000023,0,77.59,NaN
23.3920,-0.117460,0.000161,0,77.59,NaN
23.4000,-0.116972,0.003766,0,77.59,NaN
23.4080,-0.111600,0.007104,0,77.59,NaN
23.4160,-0.106227,0.010484,0,77.59,NaN
23.4240,-0.105739,0.013054,0,77.59,NaN
23.4320,-0.101832,0.014186,0,77.59,NaN
23.4400,-0.101832,0.013564,0,77.59,NaN
23.4480,-0.102320,0.011295,0,77.59,NaN
23.4560,-0.106716,0.008007,0,77.59,NaN
23.4640,-0.109158,0.004719,0,77.59,NaN
23.4720,-0.111600,0.002476,0,77.59,NaN
23.4800,-0.111600,0.001971,0,77.59,NaN
23.4880,-0.110134,0.003270,0,77.59,NaN
23.4960,-0.105250,0.005720,0,77.59,NaN
23.5040,-0.102808,0.011522,0,77.59,NaN
23.5120,-0.103785,0.011314,0,77.59,NaN
23.5200,-0.107692,0.009956,0,77.59,NaN
23.5280,-0.108181,0.007982,0,77.59,NaN
23.5360,-0.108669,0.005984,0,77.59,NaN
23.5440,-0.110623,0.004462,0,77.59,NaN
23.5520,-0.112576,0.003818,0,77.59,NaN
23.5600,-0.111600,0.004182,0,77.59,NaN
23.5680,-0.108669,0.005194,0,77.59,NaN
23.5760,-0.105739,0.006139,0,77.59,NaN
23.5840,-0.105739,0.006409,0,77.59,NaN
23.5920,-0.108181,0.005880,0,77.59,NaN
23.6000,-0.108181,0.004869,0,77.59,NaN
23.6080,-0.109158,-0.003670,0,77.59,NaN
23.6160,-0.110134,-0.004519,0,77.59,NaN
23.6240,-0.109646,-0.004549,0,77.59,NaN
23.6320,-0.108669,-0.003714,0,77.59,NaN
23.6400,-0.106716,-0.002351,0,77.59,NaN
23.6480,-0.102808,-0.001113,0,77.59,NaN
23.6560,-0.101832,-0.000673,0,77.59,NaN
23.6640,-0.102320,-0.001316,0,77.59,NaN
23.6720,-0.103785,-0.002710,0,77.59,NaN
23.6800,-0.107692,-0.004051,0,77.59,NaN
23.6880,-0.106716,-0.004521,0,77.59,NaN
23.6960,-0.105739,-0.003787,0,77.59,NaN
23.7040,-0.101832,-0.002211,0,77.59,NaN
23.7120,-0.101343,0.006652,0,77.59,NaN
23.7200,-0.098413,0.009264,0,77.59,NaN
23.7280,-0.094994,0.011261,0,77.59,NaN
23.7360,-0.094017,0.011992,0,77.59,NaN
23.7440,-0.094505,0.011169,0,77.59,NaN
23.7520,-0.099878,0.009072,0,77.59,NaN
23.7600,-0.101832,0.006375,0,77.59,NaN
23.7680,-0.102808,0.003785,0,77.59,NaN
23.7760,-0.106227,0.001873,0,77.59,NaN
23.7840,-0.106227,0.001069,0,77.59,NaN
23.7920,-0.106716,0.001579,0,77.59,NaN
23.8000,-0.104274,0.003270,0,77.59,NaN
23.8080,-0.101832,0.005660,0,77.59,NaN
23.8160,-0.099878,-0.000602,0,77.59,NaN
23.8240,-0.100855,-0.000762,0,77.59,NaN
23.8320,-0.101832,-0.001701,0,77.59,NaN
23.8400,-0.104762,-0.002845,0,77.59,NaN
23.8480,-0.104762,-0.003530,0,77.59,NaN
23.8560,-0.103785,-0.003347,0,77.59,NaN
23.8640,-0.101832,-0.002276,0,77.59,NaN
23.8720,-0.100855,-0.000597,0,77.59,NaN
23.8800,-0.098413,0.001200,0,77.59,NaN
23.8880,-0.095971,0.002475,0,77.59,NaN
23.8960,-0.094505,0.002616,0,77.59,NaN
23.9040,-0.094505,0.001378,0,77.59,NaN
23.9120,-0.098901,-0.000828,0,77.59,NaN
23.9200,-0.100366,0.003547,0,77.59,NaN
23.9280,-0.100366,0.002852,0,77.59,NaN
23.9360,-0.097924,0.002687,0,77.59,NaN
23.9440,-0.097924,0.002755,0,77.59,NaN
23.9520,-0.098901,0.002801,0,77.59,NaN
23.9600,-0.099878,0.002726,0,77.59,NaN
23.9680,-0.098413,0.002460,0,77.59,NaN
23.9760,-0.098413,0.001913,0,77.59,NaN
23.9840,-0.099878,0.001139,0,77.59,NaN
23.9920,-0.101343,0.000433,0,77.59,NaN
24.0000,-0.102320,0.000169,0,77.59,NaN
24.0080,-0.101343,0.000524,0,77.59,NaN
24.0160,-0.099878,0.001319,0,77.59,NaN
24.0240,-0.097924,0.002066,0,77.59,NaN
24.0320,-0.094017,0.005654,0,77.59,NaN
24.0400,-0.091087,0.009288,0,77.59,NaN
24.0480,-0.086203,0.012064,0,77.59,NaN
24.0560,-0.085226,0.013165,0,77.59,NaN
24.0640,-0.085714,0.012259,0,77.59,NaN
24.0720,-0.090110,0.009721,0,77.59,NaN
24.0800,-0.094017,0.006499,0,77.59,NaN
24.0880,-0.097924,0.003671,0,77.59,NaN
24.0960,-0.096459,0.001985,0,77.59,NaN
24.1040,-0.097924,0.001710,0,77.59,NaN
24.1120,-0.097924,0.002726,0,77.59,NaN
24.1200,-0.094505,0.004546,0,77.59,NaN
24.1280,-0.093040,-0.006801,0,77.59,NaN
24.1360,-0.093040,-0.006672,0,77.59,NaN
24.1440,-0.093040,-0.007028,0,77.59,NaN
24.1520,-0.093529,-0.007435,0,77.59,NaN
24.1600,-0.095482,-0.007252,0,77.59,NaN
24.1680,-0.093040,-0.006006,0,77.59,NaN
24.1760,-0.088645,-0.003747,0,77.59,NaN
24.1840,-0.085714,-0.001023,0,77.59,NaN
24.1920,-0.083272,0.001388,0,77.59,NaN
24.2000,-0.080830,0.002710,0,77.59,NaN
24.2080,-0.078877,0.002340,0,77.59,NaN
24.2160,-0.080830,0.000155,0,77.59,NaN
24.2240,-0.085714,-0.003233,0,77.59,NaN
24.2320,-0.092063,-0.003573,0,77.59,NaN
24.2400,-0.094017,-0.006937,0,77.59,NaN
24.2480,-0.094994,-0.008906,0,77.59,NaN
24.2560,-0.093040,-0.009394,0,77.59,NaN
24.2640,-0.093529,-0.008683,0,77.59,NaN
24.2720,-0.091087,-0.007193,0,77.59,NaN
24.2800,-0.088645,-0.005410,0,77.59,NaN
24.2880,-0.086203,-0.003834,0,77.59,NaN
24.2960,-0.084737,-0.002841,0,77.59,NaN
24.3040,-0.084249,-0.002565,0,77.59,NaN
24.3120,-0.084737,-0.002884,0,77.59,NaN
24.3200,-0.085226,-0.003543,0,77.59,NaN
24.3280,-0.084737,-0.004324,0,77.59,NaN
24.3360,-0.085714,0.002100,0,77.59,NaN
24.3440,-0.086691,0.002005,0,77.59,NaN
24.3520,-0.086691,0.002293,0,77.59,NaN
24.3600,-0.085714,0.002885,0,77.59,NaN
24.3680,-0.084249,0.003457,0,77.59,NaN
24.3760,-0.080830,0.003568,0,77.59,NaN
24.3840,-0.083761,0.002959,0,77.59,NaN
24.3920,-0.085714,0.001795,0,77.59,NaN
24.4000,-0.090110,0.000591,0,77.59,NaN
24.4080,-0.090110,-0.000142,0,77.59,NaN
24.4160,-0.088645,-0.000207,0,77.59,NaN
24.4240,-0.086691,0.000253,0,77.59,NaN
24.4320,-0.086691,0.000965,0,77.59,NaN
24.4400,-0.084249,-0.002043,0,77.59,NaN
24.4480,-0.079365,-0.000062,0,77.59,NaN
24.4560,-0.076435,0.000592,0,77.59,NaN
24.4640,-0.076923,-0.000582,0,77.59,NaN
24.4720,-0.084249,-0.003177,0,77.59,NaN
24.4800,-0.085714,-0.006086,0,77.59,NaN
24.4880,-0.089133,-0.008179,0,77.59,NaN
24.4960,-0.087668,-0.008822,0,77.59,NaN
24.5040,-0.086203,-0.007987,0,77.59,NaN
24.5120,-0.085226,-0.006073,0,77.59,NaN
24.5200,-0.080342,-0.003661,0,77.59,NaN
24.5280,-0.078388,-0.001256,0,77.59,NaN
24.5360,-0.077411,0.000974,0,77.59,NaN
24.5440,-0.080342,0.000762,0,77.59,NaN
24.5520,-0.082784,-0.001533,0,77.59,NaN
24.5600,-0.085714,-0.003875,0,77.59,NaN
24.5680,-0.086203,-0.005491,0,77.59,NaN
24.5760,-0.085714,-0.005931,0,77.59,NaN
24.5840,-0.084249,-0.005047,0,77.59,NaN
24.5920,-0.084249,-0.002887,0,77.59,NaN
24.6000,-0.082295,0.000211,0,77.59,NaN
24.6080,-0.075458,0.003386,0,77.59,NaN
24.6160,-0.072039,0.005352,0,77.59,NaN
24.6240,-0.070574,0.005030,0,77.59,NaN
24.6320,-0.075458,0.002228,0,77.59,NaN
24.6400,-0.080830,-0.002160,0,77.59,NaN
24.6480,-0.083272,-0.005839,0,77.59,NaN
24.6560,-0.085714,-0.008130,0,77.59,NaN
24.6640,-0.084737,-0.008697,0,77.59,NaN
24.6720,-0.083761,-0.007562,0,77.59,NaN
24.6800,-0.082295,-0.005267,0,77.59,NaN
24.6880,-0.076435,-0.002783,0,77.59,NaN
24.6960,-0.072527,-0.001224,0,77.59,NaN
24.7040,-0.073016,-0.001232,0,77.59,NaN
24.7120,-0.077411,-0.002523,0,77.59,NaN
24.7200,-0.079365,-0.004129,0,77.59,NaN
24.7280,-0.080342,-0.005096,0,77.59,NaN
24.7360,-0.078388,-0.005045,0,77.59,NaN
24.7440,-0.076435,-0.004277,0,77.59,NaN
24.7520,-0.078877,-0.004600,0,77.59,NaN
24.7600,-0.076435,-0.003972,0,77.59,NaN
24.7680,-0.075458,-0.003765,0,77.59,NaN
24.7760,-0.073016,-0.004420,0,77.59,NaN
24.7840,-0.076435,-0.005978,0,77.59,NaN
24.7920,-0.079365,-0.007863,0,77.59,NaN
24.8000,-0.082295,-0.009185,0,77.59,NaN
24.8080,-0.079853,-0.009332,0,77.59,NaN
24.8160,-0.077900,-0.008305,0,77.59,NaN
24.8240,-0.074481,-0.006567,0,77.59,NaN
24.8320,-0.073016,-0.004664,0,77.59,NaN
24.8400,-0.071062,-0.002919,0,77.59,NaN
24.8480,-0.070085,-0.001358,0,77.59,NaN
24.8560,-0.069109,-0.034073,0,77.59,NaN
24.8640,-0.068620,-0.035107,0,77.59,NaN
24.8720,-0.068620,-0.035468,0,77.59,NaN
24.8800,-0.067155,-0.034459,0,77.59,NaN
24.8880,-0.061783,-0.031781,0,77.59,NaN
24.8960,-0.054457,-0.027753,0,77.59,NaN
24.9040,-0.047619,-0.023156,0,77.59,NaN
24.9120,-0.042247,-0.018841,0,77.59,NaN
24.9200,-0.037851,-0.015470,0,77.59,NaN
24.9280,-0.033944,-0.013475,0,77.59,NaN
24.9360,-0.030525,-0.013086,0,77.59,NaN
24.9440,-0.029060,-0.014221,0,77.59,NaN
24.9520,-0.030525,-0.016330,0,77.59,NaN
24.9600,-0.029060,0.002861,0,77.59,NaN
24.9680,-0.026129,0.004583,0,77.59,NaN
24.9760,-0.021734,0.008520,0,77.59,NaN
24.9840,-0.014896,0.014673,0,77.59,NaN
24.9920,-0.007082,0.022248,0,77.59,NaN
25.0000,0.005617,0.029621,0,77.59,NaN
25.0080,0.013919,0.034761,0,77.59,NaN
25.0160,0.016850,0.036104,0,77.59,NaN
25.0240,0.013431,0.033299,0,77.59,NaN
25.0320,0.008059,0.027273,0,77.59,NaN
25.0400,-0.001221,0.019645,0,77.59,NaN
25.0480,-0.006105,0.011827,0,77.59,NaN
25.0560,-0.007570,0.004324,0,77.59,NaN
25.0640,-0.009035,0.076929,0,77.59,NaN
25.0720,-0.014408,0.074991,0,77.59,NaN
25.0800,-0.016850,0.072681,0,77.59,NaN
25.0880,-0.021245,0.069473,0,77.59,NaN
25.0960,-0.025641,0.065060,0,77.59,NaN
25.1040,-0.033455,0.059551,0,77.59,NaN
25.1120,-0.042247,0.053513,0,77.59,NaN
25.1200,-0.049084,0.047716,0,77.59,NaN
25.1280,-0.054457,0.042787,0,77.59,NaN
25.1360,-0.060806,0.039052,0,77.59,NaN
25.1440,-0.063248,0.036522,0,77.59,NaN
25.1520,-0.067155,0.034946,0,77.59,NaN
25.1600,-0.069597,0.033911,0,77.59,NaN
25.1680,-0.069597,-0.006318,0,77.59,NaN
25.1760,-0.072527,-0.008339,0,77.59,NaN
25.1840,-0.076435,-0.010434,0,77.59,NaN
25.1920,-0.079365,-0.012225,0,77.59,NaN
25.2000,-0.081319,-0.013267,0,77.59,NaN
25.2080,-0.081319,-0.013301,0,77.59,NaN
25.2160,-0.083272,-0.012338,0,77.59,NaN
25.2240,-0.080342,-0.010652,0,77.59,NaN
25.2320,-0.081319,-0.008706,0,77.59,NaN
25.2400,-0.080342,-0.007016,0,77.59,NaN
25.2480,-0.079853,-0.006009,0,77.59,NaN
25.2560,-0.081319,-0.005853,0,77.59,NaN
25.2640,-0.084737,-0.006284,0,77.59,NaN
25.2720,-0.087179,-0.034594,0,77.59,NaN
25.2800,-0.089133,-0.035654,0,77.59,NaN
25.2880,-0.091087,-0.035465,0,77.59,NaN
25.2960,-0.088645,-0.033959,0,77.59,NaN
25.3040,-0.085714,-0.031561,0,77.59,NaN
25.3120,-0.085714,-0.028883,0,77.59,NaN
25.3200,-0.085714,-0.026390,0,77.59,NaN
25.3280,-0.084249,-0.024341,0,77.59,NaN
25.3360,-0.084249,-0.022818,0,77.59,NaN
25.3440,-0.085714,-0.021684,0,77.59,NaN
25.3520,-0.086203,-0.020606,0,77.59,NaN
25.3600,-0.088156,-0.019265,0,77.59,NaN
25.3680,-0.085714,-0.017630,0,77.59,NaN
25.3760,-0.084249,0.024295,0,77.59,NaN
25.3840,-0.080342,0.029315,0,77.59,NaN
25.3920,-0.079365,0.034276,0,77.59,NaN
25.4000,-0.077411,0.038709,0,77.59,NaN
25.4080,-0.076435,0.042263,0,77.59,NaN
25.4160,-0.075946,0.044728,0,77.59,NaN
25.4240,-0.078388,0.046055,0,77.59,NaN
25.4320,-0.082784,0.046248,0,77.59,NaN
25.4400,-0.083272,0.045021,0,77.59,NaN
25.4480,-0.085714,0.041664,0,77.59,NaN
25.4560,-0.092552,0.035466,0,77.59,NaN
25.4640,-0.102808,0.026402,0,77.59,NaN
25.4720,-0.117949,0.015516,0,77.59,NaN
25.4800,-0.133578,-0.742867,0,77.59,NaN
25.4880,-0.149695,-0.789778,0,77.59,NaN
25.4960,-0.162393,-0.831491,0,77.59,NaN
25.5040,-0.163370,-0.863093,0,77.59,NaN
25.5120,-0.148718,-0.880154,0,77.59,NaN
25.5200,-0.115507,-0.879514,0,77.59,NaN
25.5280,-0.062271,-0.859528,0,77.59,NaN
25.5360,0.008059,-0.819754,0,77.59,NaN
25.5440,0.090598,-0.760545,0,77.59,NaN
25.5520,0.194628,-0.683203,0,77.59,NaN
25.5600,0.320147,-0.590617,0,77.59,NaN
25.5680,0.452991,-0.487354,0,77.59,NaN
25.5760,0.587790,-0.378922,0,77.59,NaN
25.5840,0.726984,0.814636,0,77.59,NaN
25.5920,0.871062,0.907164,0,77.59,NaN
25.6000,0.983394,0.972830,1,77.59,NaN
25.6080,1.000000,1.000000,1,77.59,NaN
25.6160,0.938462,0.984012,1,77.59,NaN
25.6240,0.780220,0.929574,0,77.59,NaN
25.6320,0.589255,0.848961,0,77.59,NaN
25.6400,0.407082,0.757304,0,77.59,NaN
25.6480,0.227350,0.668183,0,77.59,NaN
25.6560,0.061294,0.591470,0,77.59,NaN
25.6640,-0.086203,0.532498,0,77.59,NaN
25.6720,-0.190720,0.491041,0,77.59,NaN
25.6800,-0.250305,0.460700,0,77.59,NaN
25.6880,-0.252259,-0.232406,0,77.59,NaN
25.6960,-0.219048,-0.205979,0,77.59,NaN
25.7040,-0.166789,-0.157127,0,77.59,NaN
25.7120,-0.107692,-0.100958,0,77.59,NaN
25.7200,-0.059341,-0.050635,0,77.59,NaN
25.7280,-0.028571,-0.014996,0,77.59,NaN
25.7360,-0.015873,0.002431,0,77.59,NaN
25.7440,-0.022711,0.002981,0,77.59,NaN
25.7520,-0.038828,-0.008674,0,77.59,NaN
25.7600,-0.061294,-0.026647,0,77.59,NaN
25.7680,-0.078877,-0.045937,0,77.59,NaN
25.7760,-0.092552,-0.063848,0,77.59,NaN
25.7840,-0.101343,-0.080219,0,77.59,NaN
25.7920,-0.106716,-0.125257,0,77.59,NaN
25.8000,-0.105739,-0.129145,0,77.59,NaN
25.8080,-0.101832,-0.130671,0,77.59,NaN
25.8160,-0.099878,-0.131381,0,77.59,NaN
25.8240,-0.099878,-0.132095,0,77.59,NaN
25.8320,-0.100855,-0.132703,0,77.59,NaN
25.8400,-0.101343,-0.132435,0,77.59,NaN
25.8480,-0.101343,-0.130248,0,77.59,NaN
25.8560,-0.101343,-0.125102,0,77.59,NaN
25.8640,-0.102320,-0.116122,0,77.59,NaN
25.8720,-0.102808,-0.102864,0,77.59,NaN
25.8800,-0.101832,-0.085725,0,77.59,NaN
25.8880,-0.099878,-0.066205,0,77.59,NaN
25.8960,-0.095971,-0.136294,0,77.59,NaN
25.9040,-0.094505,-0.116727,0,77.59,NaN
25.9120,-0.095971,-0.097202,0,77.59,NaN
25.9200,-0.096459,-0.079126,0,77.59,NaN
25.9280,-0.100366,-0.063469,0,77.59,NaN
25.9360,-0.099389,-0.050758,0,77.59,NaN
25.9440,-0.100855,-0.041180,0,77.59,NaN
25.9520,-0.101343,-0.034693,0,77.59,NaN
25.9600,-0.099878,-0.031227,0,77.59,NaN
25.9680,-0.094994,-0.030863,0,77.59,NaN
25.9760,-0.092063,-0.033675,0,77.59,NaN
25.9840,-0.093040,-0.039267,0,77.59,NaN
25.9920,-0.094505,-0.046539,0,77.59,NaN
26.0000,-0.094505,-0.014443,0,77.59,NaN
26.0080,-0.093040,-0.015659,0,77.59,NaN
26.0160,-0.090598,-0.015194,0,77.59,NaN
26.0240,-0.086691,-0.013489,0,77.59,NaN
26.0320,-0.086203,-0.011285,0,77.59,NaN
26.0400,-0.085226,-0.009258,0,77.59,NaN
26.0480,-0.084249,-0.007879,0,77.59,NaN
26.0560,-0.083272,-0.007355,0,77.59,NaN
26.0640,-0.085226,-0.007536,0,77.59,NaN
26.0720,-0.085714,-0.007933,0,77.59,NaN
26.0800,-0.085714,-0.007975,0,77.59,NaN
26.0880,-0.084249,-0.007357,0,77.59,NaN
26.0960,-0.080342,-0.006233,0,77.59,NaN
26.1040,-0.075458,0.006029,0,77.59,NaN
26.1120,-0.070085,0.009853,0,77.59,NaN
26.1200,-0.067643,0.012907,0,77.59,NaN
26.1280,-0.063736,0.014468,0,77.59,NaN
26.1360,-0.062759,0.014179,0,77.59,NaN
26.1440,-0.065690,0.012265,0,77.59,NaN
26.1520,-0.070085,0.009505,0,77.59,NaN
26.1600,-0.070085,0.006811,0,77.59,NaN
26.1680,-0.070574,0.004818,0,77.59,NaN
26.1760,-0.070574,0.003849,0,77.59,NaN
26.1840,-0.070085,0.004045,0,77.59,NaN
26.1920,-0.069597,0.005362,0,77.59,NaN
26.2000,-0.064713,0.007403,0,77.59,NaN
26.2080,-0.062271,0.004421,0,77.59,NaN
26.2160,-0.058852,0.006013,0,77.59,NaN
26.2240,-0.057387,0.007009,0,77.59,NaN
26.2320,-0.058364,0.007552,0,77.59,NaN
26.2400,-0.055433,0.007999,0,77.59,NaN
26.2480,-0.054457,0.008650,0,77.59,NaN
26.2560,-0.052991,0.009596,0,77.59,NaN
26.2640,-0.049084,0.010663,0,77.59,NaN
26.2720,-0.048107,0.011445,0,77.59,NaN
26.2800,-0.046154,0.011432,0,77.59,NaN
26.2880,-0.044200,0.010195,0,77.59,NaN
26.2960,-0.046642,0.007648,0,77.59,NaN
26.3040,-0.049573,0.004236,0,77.59,NaN
26.3120,-0.052015,-0.008413,0,77.59,NaN
26.3200,-0.052015,-0.010040,0,77.59,NaN
26.3280,-0.049084,-0.010213,0,77.59,NaN
26.3360,-0.045665,-0.009184,0,77.59,NaN
26.3440,-0.042247,-0.007439,0,77.59,NaN
26.3520,-0.040781,-0.005425,0,77.59,NaN
26.3600,-0.036874,-0.003528,0,77.59,NaN
26.3680,-0.031502,-0.002187,0,77.59,NaN
26.3760,-0.029548,-0.001742,0,77.59,NaN
26.3840,-0.029548,-0.002142,0,77.59,NaN
26.3920,-0.030525,-0.002926,0,77.59,NaN
26.4000,-0.029060,-0.003602,0,77.59,NaN
26.4080,-0.026129,-0.004045,0,77.59,NaN
26.4160,-0.023199,0.006800,0,77.59,NaN
26.4240,-0.019780,0.009408,0,77.59,NaN
26.4320,-0.015385,0.012037,0,77.59,NaN
26.4400,-0.011966,0.013949,0,77.59,NaN
26.4480,-0.009524,0.014505,0,77.59,NaN
26.4560,-0.008059,0.013462,0,77.59,NaN
26.4640,-0.011966,0.011202,0,77.59,NaN
26.4720,-0.014408,0.008626,0,77.59,NaN
26.4800,-0.014896,0.006649,0,77.59,NaN
26.4880,-0.012943,0.005702,0,77.59,NaN
26.4960,-0.010012,0.005648,0,77.59,NaN
26.5040,-0.008059,0.006080,0,77.59,NaN
26.5120,-0.007082,0.006663,0,77.59,NaN
26.5200,-0.004151,0.007759,0,77.59,NaN
26.5280,-0.000244,0.008741,0,77.59,NaN
26.5360,0.004640,0.008841,0,77.59,NaN
26.5440,-0.000244,0.008164,0,77.59,NaN
26.5520,-0.000244,0.007471,0,77.59,NaN
26.5600,-0.001221,0.007620,0,77.59,NaN
26.5680,0.005617,0.008877,0,77.59,NaN
26.5760,0.008059,0.010779,0,77.59,NaN
26.5840,0.010989,0.012502,0,77.59,NaN
26.5920,0.012943,0.013197,0,77.59,NaN
26.6000,0.015873,0.012193,0,77.59,NaN
26.6080,0.014896,0.009286,0,77.59,NaN
26.6160,0.009524,0.005078,0,77.59,NaN
26.6240,-0.000733,0.069402,0,77.59,NaN
26.6320,-0.011966,0.061328,0,77.59,NaN
26.6400,-0.021245,0.053746,0,77.59,NaN
26.6480,-0.028083,0.047923,0,77.59,NaN
26.6560,-0.031013,0.044360,0,77.59,NaN
26.6640,-0.036386,0.042862,0,77.59,NaN
26.6720,-0.037363,0.042728,0,77.59,NaN
26.6800,-0.038339,0.042882,0,77.59,NaN
26.6880,-0.038828,0.042141,0,77.59,NaN
26.6960,-0.045177,0.039705,0,77.59,NaN
26.7040,-0.052991,0.035470,0,77.59,NaN
26.7120,-0.060317,0.029893,0,77.59,NaN
26.7200,-0.068620,0.023659,0,77.59,NaN
26.7280,-0.075458,0.005090,0,77.59,NaN
26.7360,-0.081319,0.001145,0,77.59,NaN
26.7440,-0.085714,-0.001246,0,77.59,NaN
26.7520,-0.090110,-0.002195,0,77.59,NaN
26.7600,-0.091087,-0.002190,0,77.59,NaN
26.7680,-0.092063,-0.002010,0,77.59,NaN
26.7760,-0.093040,-0.002368,0,77.59,NaN
26.7840,-0.099389,-0.003434,0,77.59,NaN
26.7920,-0.105739,-0.004709,0,77.59,NaN
26.8000,-0.109158,-0.005453,0,77.59,NaN
26.8080,-0.110623,-0.005247,0,77.59,NaN
26.8160,-0.112088,-0.004163,0,77.59,NaN
26.8240,-0.114042,-0.002572,0,77.59,NaN
26.8320,-0.115018,-0.041761,0,77.59,NaN
26.8400,-0.113553,-0.041677,0,77.59,NaN
26.8480,-0.116972,-0.042211,0,77.59,NaN
26.8560,-0.119414,-0.043253,0,77.59,NaN
26.8640,-0.124298,-0.044179,0,77.59,NaN
26.8720,-0.127228,-0.044180,0,77.59,NaN
26.8800,-0.127228,-0.042752,0,77.59,NaN
26.8880,-0.124298,-0.039975,0,77.59,NaN
26.8960,-0.123321,-0.036348,0,77.59,NaN
26.9040,-0.122344,-0.032391,0,77.59,NaN
26.9120,-0.121368,-0.028411,0,77.59,NaN
26.9200,-0.120879,-0.024502,0,77.59,NaN
26.9280,-0.119414,-0.020644,0,77.59,NaN
26.9360,-0.121856,-0.025721,0,77.59,NaN
26.9440,-0.125763,-0.027156,0,77.59,NaN
26.9520,-0.130647,-0.028597,0,77.59,NaN
26.9600,-0.132601,-0.029066,0,77.59,NaN
26.9680,-0.131136,-0.028063,0,77.59,NaN
26.9760,-0.129182,-0.025708,0,77.59,NaN
26.9840,-0.127717,-0.022506,0,77.59,NaN
26.9920,-0.125763,-0.019056,0,77.59,NaN
27.0000,-0.124786,-0.015948,0,77.59,NaN
27.0080,-0.121368,-0.013731,0,77.59,NaN
27.0160,-0.121856,-0.012776,0,77.59,NaN
27.0240,-0.123810,-0.013049,0,77.59,NaN
27.0320,-0.125763,-0.014070,0,77.59,NaN
27.0400,-0.124786,-0.015064,0,77.59,NaN
27.0480,-0.122344,-0.013956,0,77.59,NaN
27.0560,-0.121368,-0.012334,0,77.59,NaN
27.0640,-0.119414,-0.010487,0,77.59,NaN
27.0720,-0.118437,-0.008726,0,77.59,NaN
27.0800,-0.115995,-0.007365,0,77.59,NaN
27.0880,-0.115507,-0.006679,0,77.59,NaN
27.0960,-0.113553,-0.006764,0,77.59,NaN
27.1040,-0.115995,-0.007366,0,77.59,NaN
27.1120,-0.117460,-0.007897,0,77.59,NaN
27.1200,-0.117460,-0.007770,0,77.59,NaN
27.1280,-0.114042,-0.006800,0,77.59,NaN
27.1360,-0.112088,-0.005286,0,77.59,NaN
27.1440,-0.108669,0.002504,0,77.59,NaN
27.1520,-0.108181,0.003743,0,77.59,NaN
27.1600,-0.107692,0.003534,0,77.59,NaN
27.1680,-0.106227,0.001394,0,77.59,NaN
27.1760,-0.109158,-0.002685,0,77.59,NaN
27.1840,-0.116484,-0.007877,0,77.59,NaN
27.1920,-0.123321,-0.012623,0,77.59,NaN
27.2000,-0.125763,-0.015368,0,77.59,NaN
27.2080,-0.122833,-0.015347,0,77.59,NaN
27.2160,-0.117460,-0.012777,0,77.59,NaN
27.2240,-0.113553,-0.008424,0,77.59,NaN
27.2320,-0.108181,-0.003063,0,77.59,NaN
27.2400,-0.102808,0.002723,0,77.59,NaN
27.2480,-0.100855,0.006274,0,77.59,NaN
27.2560,-0.103297,0.004005,0,77.59,NaN
27.2640,-0.109646,-0.000142,0,77.59,NaN
27.2720,-0.114530,-0.004605,0,77.59,NaN
27.2800,-0.116972,-0.007901,0,77.59,NaN
27.2880,-0.115995,-0.009215,0,77.59,NaN
27.2960,-0.114530,-0.008528,0,77.59,NaN
27.3040,-0.110623,-0.006399,0,77.59,NaN
27.3120,-0.108669,-0.003673,0,77.59,NaN
27.3200,-0.103297,-0.001236,0,77.59,NaN
27.3280,-0.101343,0.000234,0,77.59,NaN
27.3360,-0.101343,0.000551,0,77.59,NaN
27.3440,-0.101832,0.000108,0,77.59,NaN
27.3520,-0.104274,0.012997,0,77.59,NaN
27.3600,-0.103785,0.013078,0,77.59,NaN
27.3680,-0.101343,0.013687,0,77.59,NaN
27.3760,-0.100855,0.014511,0,77.59,NaN
27.3840,-0.098901,0.015014,0,77.59,NaN
27.3920,-0.099878,0.014723,0,77.59,NaN
27.4000,-0.101343,0.013415,0,77.59,NaN
27.4080,-0.102320,0.011167,0,77.59,NaN
27.4160,-0.104762,0.008399,0,77.59,NaN
27.4240,-0.109646,0.005910,0,77.59,NaN
27.4320,-0.113553,0.004624,0,77.59,NaN
27.4400,-0.111600,0.004986,0,77.59,NaN
27.4480,-0.108181,0.006530,0,77.59,NaN
27.4560,-0.104274,0.003208,0,77.59,NaN
27.4640,-0.103785,0.005816,0,77.59,NaN
27.4720,-0.102320,0.007853,0,77.59,NaN
27.4800,-0.100855,0.008870,0,77.59,NaN
27.4880,-0.098901,0.008521,0,77.59,NaN
27.4960,-0.101343,0.006740,0,77.59,NaN
27.5040,-0.103785,0.003979,0,77.59,NaN
27.5120,-0.108669,0.001141,0,77.59,NaN
27.5200,-0.110134,-0.000802,0,77.59,NaN
27.5280,-0.110623,-0.001279,0,77.59,NaN
27.5360,-0.106716,-0.000335,0,77.59,NaN
27.5440,-0.105739,0.001566,0,77.59,NaN
27.5520,-0.104274,0.003894,0,77.59,NaN
27.5600,-0.101343,-0.005066,0,77.59,NaN
27.5680,-0.099878,-0.004834,0,77.59,NaN
27.5760,-0.101343,-0.005806,0,77.59,NaN
27.5840,-0.102320,-0.007631,0,77.59,NaN
27.5920,-0.106227,-0.009575,0,77.59,NaN
27.6000,-0.105739,-0.010870,0,77.59,NaN
27.6080,-0.105739,-0.011076,0,77.59,NaN
27.6160,-0.102320,-0.010193,0,77.59,NaN
27.6240,-0.101832,-0.008518,0,77.59,NaN
27.6320,-0.099878,-0.006484,0,77.59,NaN
27.6400,-0.094505,-0.004597,0,77.59,NaN
27.6480,-0.093529,-0.003246,0,77.59,NaN
27.6560,-0.094017,-0.002383,0,77.59,NaN
27.6640,-0.097924,0.001520,0,77.59,NaN
27.6720,-0.101832,-0.001358,0,77.59,NaN
27.6800,-0.103785,-0.003801,0,77.59,NaN
27.6880,-0.104762,-0.005092,0,77.59,NaN
27.6960,-0.103785,-0.004964,0,77.59,NaN
27.7040,-0.102320,-0.003552,0,77.59,NaN
27.7120,-0.100855,-0.001284,0,77.59,NaN
27.7200,-0.096947,0.001172,0,77.59,NaN
27.7280,-0.093529,0.003021,0,77.59,NaN
27.7360,-0.093040,0.003619,0,77.59,NaN
27.7440,-0.094017,0.002748,0,77.59,NaN
27.7520,-0.095971,0.000653,0,77.59,NaN
27.7600,-0.098413,-0.002120,0,77.59,NaN
27.7680,-0.098413,-0.003766,0,77.59,NaN
27.7760,-0.097924,-0.003726,0,77.59,NaN
27.7840,-0.096459,-0.002912,0,77.59,NaN
27.7920,-0.094505,-0.001833,0,77.59,NaN
27.8000,-0.093040,-0.001144,0,77.59,NaN
27.8080,-0.091087,-0.001375,0,77.59,NaN
27.8160,-0.093040,-0.002602,0,77.59,NaN
27.8240,-0.096459,-0.004307,0,77.59,NaN
27.8320,-0.097924,-0.005649,0,77.59,NaN
27.8400,-0.096947,-0.005980,0,77.59,NaN
27.8480,-0.094505,-0.005142,0,77.59,NaN
27.8560,-0.092552,-0.003388,0,77.59,NaN
27.8640,-0.090110,-0.001156,0,77.59,NaN
27.8720,-0.088645,0.001161,0,77.59,NaN
27.8800,-0.087179,0.000690,0,77.59,NaN
27.8880,-0.087179,-0.001744,0,77.59,NaN
27.8960,-0.093529,-0.005830,0,77.59,NaN
27.9040,-0.099389,-0.010462,0,77.59,NaN
27.9120,-0.102808,-0.014197,0,77.59,NaN
27.9200,-0.104762,-0.015910,0,77.59,NaN
27.9280,-0.102808,-0.015219,0,77.59,NaN
27.9360,-0.097924,-0.012567,0,77.59,NaN
27.9440,-0.093529,-0.008940,0,77.59,NaN
27.9520,-0.089133,-0.005371,0,77.59,NaN
27.9600,-0.085714,-0.002472,0,77.59,NaN
27.9680,-0.085714,-0.000180,0,77.59,NaN
27.9760,-0.085714,0.014789,0,77.59,NaN
27.9840,-0.086691,0.013841,0,77.59,NaN
27.9920,-0.091087,0.012809,0,77.59,NaN
28.0000,-0.092552,0.012485,0,77.59,NaN
28.0080,-0.088156,0.013079,0,77.59,NaN
28.0160,-0.086203,0.014152,0,77.59,NaN
28.0240,-0.087179,0.015084,0,77.59,NaN
28.0320,-0.087179,0.015465,0,77.59,NaN
28.0400,-0.088156,0.015095,0,77.59,NaN
28.0480,-0.089621,0.013867,0,77.59,NaN
28.0560,-0.090598,0.011740,0,77.59,NaN
28.0640,-0.094994,0.008830,0,77.59,NaN
28.0720,-0.098413,0.005463,0,77.59,NaN
28.0800,-0.099878,-0.013595,0,77.59,NaN
28.0880,-0.095971,-0.012600,0,77.59,NaN
28.0960,-0.092063,-0.010374,0,77.59,NaN
28.1040,-0.088156,-0.007694,0,77.59,NaN
28.1120,-0.086203,-0.005342,0,77.59,NaN
28.1200,-0.083272,-0.003904,0,77.59,NaN
28.1280,-0.081319,-0.003691,0,77.59,NaN
28.1360,-0.082784,-0.004593,0,77.59,NaN
28.1440,-0.085714,-0.006033,0,77.59,NaN
28.1520,-0.086691,-0.007185,0,77.59,NaN
28.1600,-0.087179,-0.007379,0,77.59,NaN
28.1680,-0.085226,-0.006419,0,77.59,NaN
28.1760,-0.081319,-0.004683,0,77.59,NaN
28.1840,-0.079365,0.008682,0,77.59,NaN
28.1920,-0.078388,0.010700,0,77.59,NaN
28.2000,-0.075458,0.011193,0,77.59,NaN
28.2080,-0.075458,0.009519,0,77.59,NaN
28.2160,-0.080342,0.005649,0,77.59,NaN
28.2240,-0.085714,0.000418,0,77.59,NaN
28.2320,-0.093529,-0.004710,0,77.59,NaN
28.2400,-0.095971,-0.008254,0,77.59,NaN
28.2480,-0.096947,-0.009314,0,77.59,NaN
28.2560,-0.093040,-0.007813,0,77.59,NaN
28.2640,-0.090110,-0.004286,0,77.59,NaN
28.2720,-0.085226,0.000506,0,77.59,NaN
28.2800,-0.081319,0.005870,0,77.59,NaN
28.2880,-0.078388,-0.000063,0,77.59,NaN
28.2960,-0.078877,-0.000236,0,77.59,NaN
28.3040,-0.082295,-0.001770,0,77.59,NaN
28.3120,-0.085714,-0.003601,0,77.59,NaN
28.3200,-0.085714,-0.004696,0,77.59,NaN
28.3280,-0.084737,-0.004536,0,77.59,NaN
28.3360,-0.082295,-0.003188,0,77.59,NaN
28.3440,-0.080342,-0.001111,0,77.59,NaN
28.3520,-0.078877,0.001052,0,77.59,NaN
28.3600,-0.074969,0.002561,0,77.59,NaN
28.3680,-0.073016,0.002750,0,77.59,NaN
28.3760,-0.074481,0.001400,0,77.59,NaN
28.3840,-0.077900,-0.000992,0,77.59,NaN
28.3920,-0.080830,0.005427,0,77.59,NaN
28.4000,-0.082295,0.003529,0,77.59,NaN
28.4080,-0.080342,0.002339,0,77.59,NaN
28.4160,-0.082295,0.001991,0,77.59,NaN
28.4240,-0.083272,0.002618,0,77.59,NaN
28.4320,-0.082784,0.004252,0,77.59,NaN
28.4400,-0.078877,0.006511,0,77.59,NaN
28.4480,-0.075458,0.008548,0,77.59,NaN
28.4560,-0.073016,0.009437,0,77.59,NaN
28.4640,-0.075458,0.008730,0,77.59,NaN
28.4720,-0.079853,0.006679,0,77.59,NaN
28.4800,-0.083272,0.003927,0,77.59,NaN
28.4880,-0.084249,0.000980,0,77.59,NaN
28.4960,-0.083272,-0.015796,0,77.59,NaN
28.5040,-0.082295,-0.014838,0,77.59,NaN
28.5120,-0.080830,-0.012987,0,77.59,NaN
28.5200,-0.075458,-0.011154,0,77.59,NaN
28.5280,-0.072527,-0.010344,0,77.59,NaN
28.5360,-0.073504,-0.011110,0,77.59,NaN
28.5440,-0.075458,-0.013150,0,77.59,NaN
28.5520,-0.079853,-0.015438,0,77.59,NaN
28.5600,-0.079365,-0.016775,0,77.59,NaN
28.5680,-0.078388,-0.016370,0,77.59,NaN
28.5760,-0.073504,-0.014083,0,77.59,NaN
28.5840,-0.070085,-0.010304,0,77.59,NaN
28.5920,-0.064713,-0.005724,0,77.59,NaN
28.6000,-0.059829,0.007428,0,77.59,NaN
28.6080,-0.061294,0.006640,0,77.59,NaN
28.6160,-0.064713,0.002871,0,77.59,NaN
28.6240,-0.070574,-0.003038,0,77.59,NaN
28.6320,-0.079365,-0.009503,0,77.59,NaN
28.6400,-0.084249,-0.014760,0,77.59,NaN
28.6480,-0.085714,-0.017518,0,77.59,NaN
28.6560,-0.085714,-0.017328,0,77.59,NaN
28.6640,-0.080830,-0.014605,0,77.59,NaN
28.6720,-0.075946,-0.010369,0,77.59,NaN
28.6800,-0.070085,-0.005786,0,77.59,NaN
28.6880,-0.065690,-0.001649,0,77.59,NaN
28.6960,-0.064713,0.001965,0,77.59,NaN
28.7040,-0.069109,-0.045696,0,77.59,NaN
28.7120,-0.070085,-0.048402,0,77.59,NaN
28.7200,-0.068620,-0.050125,0,77.59,NaN
28.7280,-0.066667,-0.050140,0,77.59,NaN
28.7360,-0.061294,-0.048355,0,77.59,NaN
28.7440,-0.054945,-0.045179,0,77.59,NaN
28.7520,-0.050061,-0.041269,0,77.59,NaN
28.7600,-0.041758,-0.037286,0,77.59,NaN
28.7680,-0.037363,-0.033715,0,77.59,NaN
28.7760,-0.031502,-0.030716,0,77.59,NaN
28.7840,-0.028083,-0.028130,0,77.59,NaN
28.7920,-0.023199,-0.025679,0,77.59,NaN
28.8000,-0.016850,-0.023214,0,77.59,NaN
28.8080,-0.012943,0.014006,0,77.59,NaN
28.8160,-0.010501,0.016171,0,77.59,NaN
28.8240,-0.009035,0.018635,0,77.59,NaN
28.8320,-0.007082,0.021987,0,77.59,NaN
28.8400,-0.000244,0.026189,0,77.59,NaN
28.8480,0.009524,0.030264,0,77.59,NaN
28.8560,0.014896,0.032755,0,77.59,NaN
28.8640,0.015873,0.032663,0,77.59,NaN
28.8720,0.010989,0.030025,0,77.59,NaN
28.8800,0.007082,0.025666,0,77.59,NaN
28.8880,0.005617,0.020475,0,77.59,NaN
28.8960,0.003175,0.014945,0,77.59,NaN
28.9040,-0.001221,0.009269,0,77.59,NaN
28.9120,-0.004151,0.073774,0,77.59,NaN
28.9200,-0.005128,0.071445,0,77.59,NaN
28.9280,-0.007570,0.067780,0,77.59,NaN
28.9360,-0.015873,0.062433,0,77.59,NaN
28.9440,-0.024664,0.055783,0,77.59,NaN
28.9520,-0.032967,0.048703,0,77.59,NaN
28.9600,-0.038828,0.042085,0,77.59,NaN
28.9680,-0.044689,0.036600,0,77.59,NaN
28.9760,-0.051038,0.032710,0,77.59,NaN
28.9840,-0.054457,0.030630,0,77.59,NaN
28.9920,-0.054457,0.030186,0,77.59,NaN
29.0000,-0.054457,0.030855,0,77.59,NaN
29.0080,-0.055922,0.032050,0,77.59,NaN
29.0160,-0.062759,-0.004150,0,77.59,NaN
29.0240,-0.072527,-0.011043,0,77.59,NaN
29.0320,-0.082295,-0.017776,0,77.59,NaN
29.0400,-0.085714,-0.022797,0,77.59,NaN
29.0480,-0.088645,-0.025188,0,77.59,NaN
29.0560,-0.088156,-0.024820,0,77.59,NaN
29.0640,-0.086203,-0.022169,0,77.59,NaN
29.0720,-0.085714,-0.018122,0,77.59,NaN
29.0800,-0.078388,-0.013852,0,77.59,NaN
29.0880,-0.077411,-0.010559,0,77.59,NaN
29.0960,-0.077411,-0.009001,0,77.59,NaN
29.1040,-0.080342,-0.009181,0,77.59,NaN
29.1120,-0.084249,-0.010410,0,77.59,NaN
29.1200,-0.085226,-0.033341,0,77.59,NaN
29.1280,-0.084737,-0.033144,0,77.59,NaN
29.1360,-0.085226,-0.031735,0,77.59,NaN
29.1440,-0.083272,-0.029310,0,77.59,NaN
29.1520,-0.081319,-0.026353,0,77.59,NaN
29.1600,-0.078877,-0.023488,0,77.59,NaN
29.1680,-0.079365,-0.021225,0,77.59,NaN
29.1760,-0.078388,-0.019759,0,77.59,NaN
29.1840,-0.080830,-0.018905,0,77.59,NaN
29.1920,-0.084249,-0.018239,0,77.59,NaN
29.2000,-0.082295,-0.017456,0,77.59,NaN
29.2080,-0.081319,-0.016580,0,77.59,NaN
29.2160,-0.083761,-0.015728,0,77.59,NaN
29.2240,-0.084737,0.025723,0,77.59,NaN
29.2320,-0.084249,0.028929,0,77.59,NaN
29.2400,-0.082295,0.032347,0,77.59,NaN
29.2480,-0.080830,0.035633,0,77.59,NaN
29.2560,-0.082295,0.038566,0,77.59,NaN
29.2640,-0.083272,0.041161,0,77.59,NaN
29.2720,-0.085226,0.043428,0,77.59,NaN
29.2800,-0.084737,0.044976,0,77.59,NaN
29.2880,-0.084737,0.044855,0,77.59,NaN
29.2960,-0.087179,0.041906,0,77.59,NaN
29.3040,-0.096947,0.035464,0,77.59,NaN
29.3120,-0.109158,0.025865,0,77.59,NaN
29.3200,-0.123321,0.014425,0,77.59,NaN
29.3280,-0.141392,-0.786443,0,77.59,NaN
29.3360,-0.158974,-0.834713,0,77.59,NaN
29.3440,-0.169231,-0.876224,0,77.59,NaN
29.3520,-0.165812,-0.906065,0,77.59,NaN
29.3600,-0.145788,-0.920274,0,77.59,NaN
29.3680,-0.105739,-0.916316,0,77.59,NaN
29.3760,-0.050549,-0.892926,0,77.59,NaN
29.3840,0.022711,-0.849703,0,77.59,NaN
29.3920,0.110623,-0.787068,0,77.59,NaN
29.4000,0.223443,-0.706763,0,77.59,NaN
29.4080,0.352381,-0.612241,0,77.59,NaN
29.4160,0.484737,-0.508202,0,77.59,NaN
29.4240,0.621978,-0.399723,0,77.59,NaN
29.4320,0.773871,0.836983,0,77.59,NaN
29.4400,0.923321,0.925861,0,77.59,NaN
29.4480,1.000000,0.983640,0,77.59,NaN
29.4560,1.000000,1.000000,1,77.59,NaN
29.4640,0.923321,0.972389,1,77.59,NaN
29.4720,0.739194,0.907454,0,77.59,NaN
29.4800,0.546764,0.818842,0,77.59,NaN
29.4880,0.358730,0.722480,0,77.59,NaN
29.4960,0.176068,0.632560,0,77.59,NaN
29.5040,0.009524,0.559672,0,77.59,NaN
29.5120,-0.123321,0.509551,0,77.59,NaN
29.5200,-0.202930,0.481365,0,77.59,NaN
29.5280,-0.233211,0.466892,0,77.59,NaN
29.5360,-0.223932,-0.190814,0,77.59,NaN
29.5440,-0.183883,-0.154530,0,77.59,NaN
29.5520,-0.127228,-0.103782,0,77.59,NaN
29.5600,-0.076435,-0.052818,0,77.59,NaN
29.5680,-0.038828,-0.012594,0,77.59,NaN
29.5760,-0.021734,0.011104,0,77.59,NaN
29.5840,-0.023199,0.017915,0,77.59,NaN
29.5920,-0.038828,0.011609,0,77.59,NaN
29.6000,-0.054945,-0.002177,0,77.59,NaN
29.6080,-0.071551,-0.018167,0,77.59,NaN
29.6160,-0.086203,-0.032815,0,77.59,NaN
29.6240,-0.096459,-0.044765,0,77.59,NaN
29.6320,-0.100855,-0.054690,0,77.59,NaN
29.6400,-0.101343,-0.131191,0,77.59,NaN
29.6480,-0.100855,-0.134714,0,77.59,NaN
29.6560,-0.099878,-0.137206,0,77.59,NaN
29.6640,-0.100855,-0.139164,0,77.59,NaN
29.6720,-0.101343,-0.140452,0,77.59,NaN
29.6800,-0.098413,-0.140609,0,77.59,NaN
29.6880,-0.096947,-0.139071,0,77.59,NaN
29.6960,-0.097924,-0.135154,0,77.59,NaN
29.7040,-0.096947,-0.128138,0,77.59,NaN
29.7120,-0.094505,-0.117625,0,77.59,NaN
29.7200,-0.092552,-0.103784,0,77.59,NaN
29.7280,-0.093529,-0.087340,0,77.59,NaN
29.7360,-0.095971,-0.069443,0,77.59,NaN
29.7440,-0.102320,-0.138746,0,77.59,NaN
29.7520,-0.105250,-0.122311,0,77.59,NaN
29.7600,-0.104762,-0.103806,0,77.59,NaN
29.7680,-0.102320,-0.084567,0,77.59,NaN
29.7760,-0.101343,-0.066248,0,77.59,NaN
29.7840,-0.098413,-0.050333,0,77.59,NaN
29.7920,-0.094017,-0.037986,0,77.59,NaN
29.8000,-0.090110,-0.030047,0,77.59,NaN
29.8080,-0.086691,-0.026931,0,77.59,NaN
29.8160,-0.085714,-0.028435,0,77.59,NaN
29.8240,-0.088156,-0.033677,0,77.59,NaN
29.8320,-0.090598,-0.041349,0,77.59,NaN
29.8400,-0.091087,-0.050169,0,77.59,NaN
29.8480,-0.091087,-0.010095,0,77.59,NaN
29.8560,-0.089133,-0.011200,0,77.59,NaN
29.8640,-0.090598,-0.010463,0,77.59,NaN
29.8720,-0.087668,-0.008210,0,77.59,NaN
29.8800,-0.084737,-0.005158,0,77.59,NaN
29.8880,-0.082295,-0.002265,0,77.59,NaN
29.8960,-0.080342,-0.000386,0,77.59,NaN
29.9040,-0.080342,0.000058,0,77.59,NaN
29.9120,-0.082295,-0.000745,0,77.59,NaN
29.9200,-0.085226,-0.002115,0,77.59,NaN
29.9280,-0.085714,-0.003297,0,77.59,NaN
29.9360,-0.084249,-0.003908,0,77.59,NaN
29.9440,-0.082784,-0.004080,0,77.59,NaN
29.9520,-0.077900,-0.008698,0,77.59,39.46
29.9600,-0.071062,-0.006274,0,77.59,39.46
29.9680,-0.069597,-0.004891,0,77.59,39.46
29.9760,-0.068620,-0.005026,0,77.59,39.46
29.9840,-0.070574,-0.006427,0,77.59,39.46
29.9920,-0.071551,-0.008332,0,77.59,39.46
30.0000,-0.073016,-0.009868,0,77.59,39.46
30.0080,-0.070085,-0.010400,0,77.59,39.46
30.0160,-0.070085,-0.009669,0,77.59,39.46
30.0240,-0.066667,-0.007807,0,77.59,39.46
30.0320,-0.060317,-0.005321,0,77.59,39.46
30.0400,-0.054945,-0.002836,0,77.59,39.46
30.0480,-0.054457,-0.000617,0,77.59,39.46
30.0560,-0.055922,0.010747,0,77.59,39.46
30.0640,-0.061783,0.007367,0,77.59,39.46
30.0720,-0.064713,0.004053,0,77.59,39.46
30.0800,-0.064713,0.001970,0,77.59,39.46
30.0880,-0.062759,0.001639,0,77.59,39.46
30.0960,-0.061783,0.002953,0,77.59,39.46
30.1040,-0.056899,0.005352,0,77.59,39.46
30.1120,-0.054457,0.007973,0,77.59,39.46
30.1200,-0.049573,0.009846,0,77.59,39.46
30.1280,-0.048107,0.010191,0,77.59,39.46
30.1360,-0.049573,0.008735,0,77.59,39.46
30.1440,-0.052991,0.005814,0,77.59,39.46
30.1520,-0.054457,0.002118,0,77.59,39.46
30.1600,-0.054457,-0.008784,0,77.59,39.46
30.1680,-0.053480,-0.009003,0,77.59,39.46
30.1760,-0.049573,-0.007581,0,77.59,39.46
30.1840,-0.046642,-0.004816,0,77.59,39.46
30.1920,-0.041270,-0.001330,0,77.59,39.46
30.2000,-0.035409,0.002013,0,77.59,39.46
30.2080,-0.030037,0.004358,0,77.59,39.46
30.2160,-0.030037,0.005236,0,77.59,39.46
30.2240,-0.030037,0.004734,0,77.59,39.46
30.2320,-0.028571,0.003270,0,77.59,39.46
30.2400,-0.030037,0.001308,0,77.59,39.46
30.2480,-0.030037,-0.000800,0,77.59,39.46
30.2560,-0.029548,-0.002898,0,77.59,39.46
30.2640,-0.027595,-0.001574,0,77.59,39.46
30.2720,-0.023199,0.000037,0,77.59,39.46
30.2800,-0.018803,0.001699,0,77.59,39.46
30.2880,-0.015873,0.002605,0,77.59,39.46
30.2960,-0.015385,0.002313,0,77.59,39.46
30.3040,-0.015873,0.000936,0,77.59,39.46
30.3120,-0.016361,-0.000974,0,77.59,39.46
30.3200,-0.017827,-0.002697,0,77.59,39.46
30.3280,-0.015873,-0.003644,0,77.59,39.46
30.3360,-0.013919,-0.003532,0,77.59,39.46
30.3440,-0.011966,-0.002368,0,77.59,39.46
30.3520,-0.008059,-0.000369,0,77.59,39.46
30.3600,-0.004151,0.002087,0,77.59,39.46
30.3680,-0.000244,0.023849,0,77.59,39.46
30.3760,-0.001709,0.023122,0,77.59,39.46
30.3840,-0.005128,0.021397,0,77.59,39.46
30.3920,-0.007570,0.019802,0,77.59,39.46
30.4000,-0.007082,0.019339,0,77.59,39.46
30.4080,-0.003175,0.020364,0,77.59,39.46
30.4160,-0.000733,0.022558,0,77.59,39.46
30.4240,-0.000244,0.025138,0,77.59,39.46
30.4320,0.007082,0.026962,0,77.59,39.46
30.4400,0.007570,0.026746,0,77.59,39.46
30.4480,0.006593,0.023640,0,77.59,39.46
30.4560,-0.000244,0.017745,0,77.59,39.46
30.4640,-0.007570,0.010157,0,77.59,39.46
30.4720,-0.013431,0.064646,0,77.59,39.46
30.4800,-0.017827,0.061172,0,77.59,39.46
30.4880,-0.020757,0.058710,0,77.59,39.46
30.4960,-0.023199,0.057039,0,77.59,39.46
30.5040,-0.029060,0.055718,0,77.59,39.46
30.5120,-0.031013,0.054212,0,77.59,39.46
30.5200,-0.034432,0.051904,0,77.59,39.46
30.5280,-0.038828,0.048315,0,77.59,39.46
30.5360,-0.047131,0.043481,0,77.59,39.46
30.5440,-0.056899,0.038106,0,77.59,39.46
30.5520,-0.066667,0.033197,0,77.59,39.46
30.5600,-0.071062,0.029389,0,77.59,39.46
30.5680,-0.074481,0.026488,0,77.59,39.46
30.5760,-0.077900,0.007279,0,77.59,39.46
30.5840,-0.079365,0.007886,0,77.59,39.46
30.5920,-0.080830,0.008909,0,77.59,39.46
30.6000,-0.079365,0.009349,0,77.59,39.46
30.6080,-0.084249,0.008435,0,77.59,39.46
30.6160,-0.089621,0.006023,0,77.59,39.46
30.6240,-0.096947,0.002647,0,77.59,39.46
30.6320,-0.102808,-0.000786,0,77.59,39.46
30.6400,-0.108669,-0.003367,0,77.59,39.46
30.6480,-0.111600,-0.004422,0,77.59,39.46
30.6560,-0.115507,-0.003618,0,77.59,39.46
30.6640,-0.116972,-0.001048,0,77.59,39.46
30.6720,-0.115018,0.002652,0,77.59,39.46
30.6800,-0.111600,-0.038826,0,77.59,39.46
30.6880,-0.114530,-0.038651,0,77.59,39.46
30.6960,-0.116972,-0.039989,0,77.59,39.46
30.7040,-0.123810,-0.042332,0,77.59,39.46
30.7120,-0.127228,-0.044678,0,77.59,39.46
30.7200,-0.131136,-0.046017,0,77.59,39.46
30.7280,-0.131624,-0.045682,0,77.59,39.46
30.7360,-0.132112,-0.043460,0,77.59,39.46
30.7440,-0.131136,-0.039578,0,77.59,39.46
30.7520,-0.125763,-0.034647,0,77.59,39.46
30.7600,-0.123321,-0.029412,0,77.59,39.46
30.7680,-0.121368,-0.024375,0,77.59,39.46
30.7760,-0.119902,-0.019591,0,77.59,39.46
30.7840,-0.123321,-0.021485,0,77.59,39.46
30.7920,-0.124786,-0.020824,0,77.59,39.46
30.8000,-0.124298,-0.020176,0,77.59,39.46
30.8080,-0.125275,-0.019336,0,77.59,39.46
30.8160,-0.124786,-0.018385,0,77.59,39.46
30.8240,-0.125275,-0.017539,0,77.59,39.46
30.8320,-0.125763,-0.016982,0,77.59,39.46
30.8400,-0.126252,-0.016712,0,77.59,39.46
30.8480,-0.129182,-0.016468,0,77.59,39.46
30.8560,-0.129182,-0.015833,0,77.59,39.46
30.8640,-0.129182,-0.014492,0,77.59,39.46
30.8720,-0.127228,-0.012420,0,77.59,39.46
30.8800,-0.125275,-0.009900,0,77.59,39.46
30.8880,-0.121856,-0.010521,0,77.59,39.46
30.8960,-0.119414,-0.007247,0,77.59,39.46
30.9040,-0.118437,-0.004225,0,77.59,39.46
30.9120,-0.115507,-0.001861,0,77.59,39.46
30.9200,-0.112576,-0.000635,0,77.59,39.46
30.9280,-0.112576,-0.000865,0,77.59,39.46
30.9360,-0.115507,-0.002365,0,77.59,39.46
30.9440,-0.118437,-0.004376,0,77.59,39.46
30.9520,-0.121856,-0.005928,0,77.59,39.46
30.9600,-0.119414,-0.006356,0,77.59,39.46
30.9680,-0.117460,-0.005549,0,77.59,39.46
30.9760,-0.116484,-0.003792,0,77.59,39.46
30.9840,-0.113553,-0.001535,0,77.59,39.46
30.9920,-0.109646,0.002418,0,77.59,39.46
31.0000,-0.106716,0.003939,0,77.59,39.46
31.0080,-0.106227,0.004045,0,77.59,39.46
31.0160,-0.108181,0.002821,0,77.59,39.46
31.0240,-0.111111,0.000873,0,77.59,39.46
31.0320,-0.111600,-0.001035,0,77.59,39.46
31.0400,-0.111600,-0.002339,0,77.59,39.46
31.0480,-0.111600,-0.002789,0,77.59,39.46
31.0560,-0.110134,-0.002408,0,77.59,39.46
31.0640,-0.107692,-0.001406,0,77.59,39.46
31.0720,-0.107204,-0.000062,0,77.59,39.46
31.0800,-0.103297,0.001379,0,77.59,39.46
31.0880,-0.102808,0.002794,0,77.59,39.46
31.0960,-0.105739,0.004989,0,77.59,39.46
31.1040,-0.108181,0.003530,0,77.59,39.46
31.1120,-0.106716,0.002272,0,77.59,39.46
31.1200,-0.108181,0.001598,0,77.59,39.46
31.1280,-0.106716,0.001643,0,77.59,39.46
31.1360,-0.105739,0.002339,0,77.59,39.46
31.1440,-0.104274,0.003445,0,77.59,39.46
31.1520,-0.101832,0.004581,0,77.59,39.46
31.1600,-0.100366,0.005304,0,77.59,39.46
31.1680,-0.097924,0.005262,0,77.59,39.46
31.1760,-0.100855,0.004389,0,77.59,39.46
31.1840,-0.101343,0.002919,0,77.59,39.46
31.1920,-0.101832,0.001181,0,77.59,39.46
31.2000,-0.101343,0.003564,0,77.59,39.46
31.2080,-0.101343,0.002778,0,77.59,39.46
31.2160,-0.102808,0.002178,0,77.59,39.46
31.2240,-0.102808,0.001804,0,77.59,39.46
31.2320,-0.101832,0.001617,0,77.59,39.46
31.2400,-0.101343,0.001489,0,77.59,39.46
31.2480,-0.101343,0.001315,0,77.59,39.46
31.2560,-0.101343,0.001107,0,77.59,39.46
31.2640,-0.101343,0.000947,0,77.59,39.46
31.2720,-0.100366,0.000900,0,77.59,39.46
31.2800,-0.099878,0.000963,0,77.59,39.46
31.2880,-0.099389,0.001100,0,77.59,39.46
31.2960,-0.098901,0.001273,0,77.59,39.46
31.3040,-0.097924,-0.001343,0,77.59,39.46
31.3120,-0.096947,-0.000721,0,77.59,39.46
31.3200,-0.094994,-0.000534,0,77.59,39.46
31.3280,-0.094017,-0.001162,0,77.59,39.46
31.3360,-0.095971,-0.002696,0,77.59,39.46
31.3440,-0.098413,-0.004779,0,77.59,39.46
31.3520,-0.100366,-0.006755,0,77.59,39.46
31.3600,-0.100855,-0.007989,0,77.59,39.46
31.3680,-0.100366,-0.008104,0,77.59,39.46
31.3760,-0.098413,-0.007055,0,77.59,39.46
31.3840,-0.095971,-0.005073,0,77.59,39.46
31.3920,-0.092063,-0.002529,0,77.59,39.46
31.4000,-0.090110,0.000238,0,77.59,39.46
31.4080,-0.092063,0.000952,0,77.59,39.46
31.4160,-0.094994,-0.001802,0,77.59,39.46
31.4240,-0.100366,-0.005117,0,77.59,39.46
31.4320,-0.101832,-0.007971,0,77.59,39.46
31.4400,-0.102320,-0.009587,0,77.59,39.46
31.4480,-0.102320,-0.009579,0,77.59,39.46
31.4560,-0.101343,-0.007925,0,77.59,39.46
31.4640,-0.097924,-0.005023,0,77.59,39.46
31.4720,-0.093040,-0.001753,0,77.59,39.46
31.4800,-0.088156,0.000709,0,77.59,39.46
31.4880,-0.086203,0.001388,0,77.59,39.46
31.4960,-0.088645,0.000050,0,77.59,39.46
31.5040,-0.092552,-0.002608,0,77.59,39.46
31.5120,-0.095971,-0.001243,0,77.59,39.46
31.5200,-0.096947,-0.004099,0,77.59,39.46
31.5280,-0.097924,-0.006383,0,77.59,39.46
31.5360,-0.100366,-0.007870,0,77.59,39.46
31.5440,-0.100855,-0.008449,0,77.59,39.46
31.5520,-0.100855,-0.008225,0,77.59,39.46
31.5600,-0.096947,-0.007617,0,77.59,39.46
31.5680,-0.094505,-0.007152,0,77.59,39.46
31.5760,-0.096947,-0.007002,0,77.59,39.46
31.5840,-0.098901,-0.006817,0,77.59,39.46
31.5920,-0.096947,-0.006115,0,77.59,39.46
31.6000,-0.094017,-0.004749,0,77.59,39.46
31.6080,-0.092063,-0.002962,0,77.59,39.46
31.6160,-0.089133,-0.000668,0,77.59,39.46
31.6240,-0.089133,-0.000071,0,77.59,39.46
31.6320,-0.088156,-0.000262,0,77.59,39.46
31.6400,-0.088156,-0.001296,0,77.59,39.46
31.6480,-0.092063,-0.002938,0,77.59,39.46
31.6560,-0.094017,-0.004645,0,77.59,39.46
31.6640,-0.097924,-0.005754,0,77.59,39.46
31.6720,-0.096947,-0.005806,0,77.59,39.46
31.6800,-0.094017,-0.004809,0,77.59,39.46
31.6880,-0.089133,-0.003238,0,77.59,39.46
31.6960,-0.086203,-0.001713,0,77.59,39.46
31.7040,-0.085714,-0.000603,0,77.59,39.46
31.7120,-0.085714,0.000148,0,77.59,39.46
31.7200,-0.087179,-0.004490,0,77.59,39.46
31.7280,-0.091087,-0.008019,0,77.59,39.46
31.7360,-0.094505,-0.011685,0,77.59,39.46
31.7440,-0.099389,-0.014378,0,77.59,39.46
31.7520,-0.097924,-0.015353,0,77.59,39.46
31.7600,-0.094505,-0.014553,0,77.59,39.46
31.7680,-0.092063,-0.012482,0,77.59,39.46
31.7760,-0.090110,-0.009812,0,77.59,39.46
31.7840,-0.086203,-0.007186,0,77.59,39.46
31.7920,-0.084737,-0.005182,0,77.59,39.46
31.8000,-0.082295,-0.004245,0,77.59,39.46
31.8080,-0.080342,-0.004532,0,77.59,39.46
31.8160,-0.083761,-0.005679,0,77.59,39.46
31.8240,-0.085714,0.002722,0,77.59,39.46
31.8320,-0.089133,0.000675,0,77.59,39.46
31.8400,-0.088156,-0.000630,0,77.59,39.46
31.8480,-0.088645,-0.000817,0,77.59,39.46
31.8560,-0.088156,0.000171,0,77.59,39.46
31.8640,-0.085714,0.002046,0,77.59,39.46
31.8720,-0.082295,0.004157,0,77.59,39.46
31.8800,-0.078388,0.005678,0,77.59,39.46
31.8880,-0.079365,0.006024,0,77.59,39.46
31.8960,-0.080830,0.005155,0,77.59,39.46
31.9040,-0.083272,0.003477,0,77.59,39.46
31.9120,-0.085226,0.001484,0,77.59,39.46
31.9200,-0.085714,-0.000543,0,77.59,39.46
31.9280,-0.084249,0.005226,0,77.59,39.46
31.9360,-0.083272,0.007342,0,77.59,39.46
31.9440,-0.080342,0.010126,0,77.59,39.46
31.9520,-0.076435,0.012692,0,77.59,39.46
31.9600,-0.073016,0.014037,0,77.59,39.46
31.9680,-0.074481,0.013535,0,77.59,39.46
31.9760,-0.076923,0.011319,0,77.59,39.46
31.9840,-0.083272,0.008244,0,77.59,39.46
31.9920,-0.085714,0.005406,0,77.59,39.46
32.0000,-0.086203,0.003592,0,77.59,39.46
32.0080,-0.087179,0.003057,0,77.59,39.46
32.0160,-0.086691,0.003627,0,77.59,39.46
32.0240,-0.085226,0.004836,0,77.59,39.46
32.0320,-0.080342,-0.008239,0,77.59,39.46
32.0400,-0.078388,-0.006741,0,77.59,39.46
32.0480,-0.077900,-0.006069,0,77.59,39.46
32.0560,-0.077900,-0.006242,0,77.59,39.46
32.0640,-0.078388,-0.006936,0,77.59,39.46
32.0720,-0.078388,-0.007692,0,77.59,39.46
32.0800,-0.078877,-0.008085,0,77.59,39.46
32.0880,-0.077411,-0.007841,0,77.59,39.46
32.0960,-0.077411,-0.006908,0,77.59,39.46
32.1040,-0.074481,-0.005514,0,77.59,39.46
32.1120,-0.070574,-0.004116,0,77.59,39.46
32.1200,-0.069597,-0.003113,0,77.59,39.46
32.1280,-0.070085,-0.002507,0,77.59,39.46
32.1360,-0.071551,0.017312,0,77.59,39.46
32.1440,-0.073504,0.017169,0,77.59,39.46
32.1520,-0.073016,0.017708,0,77.59,39.46
32.1600,-0.070574,0.019243,0,77.59,39.46
32.1680,-0.069597,0.021691,0,77.59,39.46
32.1760,-0.067155,0.024654,0,77.59,39.46
32.1840,-0.064225,0.027462,0,77.59,39.46
32.1920,-0.062759,0.029262,0,77.59,39.46
32.2000,-0.062271,0.029219,0,77.59,39.46
32.2080,-0.064713,0.026795,0,77.59,39.46
32.2160,-0.070085,0.021979,0,77.59,39.46
32.2240,-0.078877,0.015328,0,77.59,39.46
32.2320,-0.085226,0.007733,0,77.59,39.46
32.2400,-0.085714,-0.017653,0,77.59,39.46
32.2480,-0.085714,-0.018282,0,77.59,39.46
32.2560,-0.083272,-0.016548,0,77.59,39.46
32.2640,-0.079853,-0.013246,0,77.59,39.46
32.2720,-0.074481,-0.009463,0,77.59,39.46
32.2800,-0.070085,-0.006295,0,77.59,39.46
32.2880,-0.068620,-0.004465,0,77.59,39.46
32.2960,-0.068620,-0.004090,0,77.59,39.46
32.3040,-0.069597,-0.004761,0,77.59,39.46
32.3120,-0.070085,-0.005853,0,77.59,39.46
32.3200,-0.070574,-0.006833,0,77.59,39.46
32.3280,-0.070085,-0.007449,0,77.59,39.46
32.3360,-0.069109,-0.007776,0,77.59,39.46
32.3440,-0.069597,-0.002523,0,77.59,39.46
32.3520,-0.068620,-0.002971,0,77.59,39.46
32.3600,-0.068620,-0.004167,0,77.59,39.46
32.3680,-0.070085,-0.006264,0,77.59,39.46
32.3760,-0.074481,-0.009020,0,77.59,39.46
32.3840,-0.076435,-0.011882,0,77.59,39.46
32.3920,-0.078388,-0.014252,0,77.59,39.46
32.4000,-0.078388,-0.015656,0,77.59,39.46
32.4080,-0.078877,-0.015732,0,77.59,39.46
32.4160,-0.078877,-0.014218,0,77.59,39.46
32.4240,-0.073993,-0.011087,0,77.59,39.46
32.4320,-0.070085,-0.006656,0,77.59,39.46
32.4400,-0.064713,-0.001517,0,77.59,39.46
32.4480,-0.062759,-0.001246,0,77.59,39.46
32.4560,-0.063736,-0.000804,0,77.59,39.46
32.4640,-0.065201,-0.001116,0,77.59,39.46
32.4720,-0.066667,-0.001297,0,77.59,39.46
32.4800,-0.064713,-0.000674,0,77.59,39.46
32.4880,-0.062271,0.000908,0,77.59,39.46
32.4960,-0.060806,0.003131,0,77.59,39.46
32.5040,-0.057875,0.005368,0,77.59,39.46
32.5120,-0.054457,0.006856,0,77.59,39.46
32.5200,-0.054945,0.006961,0,77.59,39.46
32.5280,-0.055433,0.005479,0,77.59,39.46
32.5360,-0.059829,0.002707,0,77.59,39.46
32.5440,-0.061294,-0.000749,0,77.59,39.46
32.5520,-0.060806,-0.018135,0,77.59,39.46
32.5600,-0.059829,-0.018545,0,77.59,39.46
32.5680,-0.056410,-0.017906,0,77.59,39.46
32.5760,-0.054457,-0.016617,0,77.59,39.46
32.5840,-0.052991,-0.015097,0,77.59,39.46
32.5920,-0.049084,-0.013725,0,77.59,39.46
32.6000,-0.047131,-0.012820,0,77.59,39.46
32.6080,-0.045665,-0.012508,0,77.59,39.46
32.6160,-0.044200,-0.012592,0,77.59,39.46
32.6240,-0.045665,-0.012559,0,77.59,39.46
32.6320,-0.044200,-0.011827,0,77.59,39.46
32.6400,-0.040293,-0.010151,0,77.59,39.46
32.6480,-0.035897,-0.007827,0,77.59,39.46
32.6560,-0.028571,0.021417,0,77.59,39.46
32.6640,-0.020269,0.029054,0,77.59,39.46
32.6720,-0.008059,0.035138,0,77.59,39.46
32.6800,-0.004640,0.038021,0,77.59,39.46
32.6880,-0.007082,0.037294,0,77.59,39.46
32.6960,-0.014408,0.034115,0,77.59,39.46
32.7040,-0.019780,0.030469,0,77.59,39.46
32.7120,-0.021734,0.027907,0,77.59,39.46
32.7200,-0.017338,0.026679,0,77.59,39.46
32.7280,-0.014408,0.025853,0,77.59,39.46
32.7360,-0.014896,0.024272,0,77.59,39.46
32.7440,-0.020757,0.021465,0,77.59,39.46
32.7520,-0.023687,0.017815,0,77.59,39.46
32.7600,-0.031502,0.055729,0,77.59,39.46
32.7680,-0.039805,0.048682,0,77.59,39.46
32.7760,-0.049573,0.041308,0,77.59,39.46
32.7840,-0.057387,0.034672,0,77.59,39.46
32.7920,-0.064713,0.029566,0,77.59,39.46
32.8000,-0.068620,0.026254,0,77.59,39.46
32.8080,-0.070085,0.024427,0,77.59,39.46
32.8160,-0.072527,0.023454,0,77.59,39.46
32.8240,-0.076923,0.022764,0,77.59,39.46
32.8320,-0.078388,0.022003,0,77.59,39.46
32.8400,-0.081319,0.020999,0,77.59,39.46
32.8480,-0.085226,0.019740,0,77.59,39.46
32.8560,-0.088156,0.018355,0,77.59,39.46
32.8640,-0.092063,-0.025387,0,77.59,39.46
32.8720,-0.091575,-0.026509,0,77.59,39.46
32.8800,-0.091087,-0.026945,0,77.59,39.46
32.8880,-0.091575,-0.026947,0,77.59,39.46
32.8960,-0.093529,-0.026577,0,77.59,39.46
32.9040,-0.094017,-0.025725,0,77.59,39.46
32.9120,-0.092552,-0.024375,0,77.59,39.46
32.9200,-0.090598,-0.022759,0,77.59,39.46
32.9280,-0.088156,-0.021187,0,77.59,39.46
32.9360,-0.090110,-0.019718,0,77.59,39.46
32.9440,-0.091087,-0.018083,0,77.59,39.46
32.9520,-0.089133,-0.016009,0,77.59,39.46
32.9600,-0.087179,-0.013561,0,77.59,39.46
32.9680,-0.086691,-0.030961,0,77.59,39.46
32.9760,-0.089133,-0.030049,0,77.59,39.46
32.9840,-0.089133,-0.029061,0,77.59,39.46
32.9920,-0.086203,-0.028140,0,77.59,39.46
33.0000,-0.086691,-0.027615,0,77.59,39.46
33.0080,-0.087179,-0.027675,0,77.59,39.46
33.0160,-0.088645,-0.028130,0,77.59,39.46
33.0240,-0.091087,-0.028434,0,77.59,39.46
33.0320,-0.092063,-0.027917,0,77.59,39.46
33.0400,-0.091087,-0.026111,0,77.59,39.46
33.0480,-0.087179,-0.022949,0,77.59,39.46
33.0560,-0.085714,-0.018709,0,77.59,39.46
33.0640,-0.080830,-0.013876,0,77.59,39.46
33.0720,-0.075458,0.080615,0,77.59,39.46
33.0800,-0.074481,0.086220,0,77.59,39.46
33.0880,-0.075458,0.089149,0,77.59,39.46
33.0960,-0.082295,0.089072,0,77.59,39.46
33.1040,-0.088156,0.085875,0,77.59,39.46
33.1120,-0.094017,0.079374,0,77.59,39.46
33.1200,-0.104762,0.069549,0,77.59,39.46
33.1280,-0.119902,0.057263,0,77.59,39.46
33.1360,-0.140415,0.044756,0,77.59,39.46
33.1440,-0.157021,0.035215,0,77.59,39.46
33.1520,-0.169231,0.031421,0,77.59,39.46
33.1600,-0.168742,0.034133,0,77.59,39.46
33.1680,-0.157998,0.041208,0,77.59,39.46
33.1760,-0.133089,-0.998859,0,77.59,39.46
33.1840,-0.089133,-1.000000,0,77.59,39.46
33.1920,-0.029060,-0.985266,0,77.59,39.46
33.2000,0.044200,-0.954043,0,77.59,39.46
33.2080,0.132601,-0.906037,0,77.59,39.46
33.2160,0.241514,-0.842006,0,77.59,39.46
33.2240,0.367521,-0.764838,0,77.59,39.46
33.2320,0.499878,-0.680201,0,77.59,39.46
33.2400,0.632234,-0.596590,0,77.59,39.46
33.2480,0.772405,-0.524744,0,77.59,39.46
33.2560,0.905250,-0.475135,0,77.59,39.46
33.2640,1.000000,-0.452235,0,77.59,39.46
33.2720,1.000000,-0.448495,0,77.59,39.46
33.2800,0.889133,0.943541,0,77.59,39.46
33.2880,0.695726,0.839228,0,77.59,39.46
33.2960,0.507204,0.707555,0,77.59,39.46
33.3040,0.326984,0.569499,0,77.59,39.46
33.3120,0.164835,0.441051,0,77.59,39.46
33.3200,0.021245,0.332500,0,77.59,39.46
33.3280,-0.100855,0.250116,0,77.59,39.46
33.3360,-0.187790,0.197578,0,77.59,39.46
33.3440,-0.235165,0.176217,0,77.59,39.46
33.3520,-0.250305,0.184563,0,77.59,39.46
33.3600,-0.219536,0.218044,0,77.59,39.46
33.3680,-0.178999,0.269498,0,77.59,39.46
33.3760,-0.129670,0.330406,0,77.59,39.46
33.3840,-0.085714,-0.014157,0,77.59,39.46
33.3920,-0.053480,0.023139,0,77.59,39.46
33.4000,-0.037851,0.045777,0,77.59,39.46
33.4080,-0.037851,0.053640,0,77.59,39.46
33.4160,-0.051038,0.049804,0,77.59,39.46
33.4240,-0.068620,0.039073,0,77.59,39.46
33.4320,-0.084249,0.026276,0,77.59,39.46
33.4400,-0.095971,0.015020,0,77.59,39.46
33.4480,-0.103785,0.007310,0,77.59,39.46
33.4560,-0.109646,0.003824,0,77.59,39.46
33.4640,-0.110134,0.004318,0,77.59,39.46
33.4720,-0.108181,0.007882,0,77.59,39.46
33.4800,-0.104762,0.013139,0,77.59,39.46
33.4880,-0.102320,-0.224573,0,77.59,39.46
33.4960,-0.102320,-0.227369,0,77.59,39.46
33.5040,-0.102320,-0.229490,0,77.59,39.46
33.5120,-0.101343,-0.230376,0,77.59,39.46
33.5200,-0.101343,-0.229416,0,77.59,39.46
33.5280,-0.101832,-0.225993,0,77.59,39.46
33.5360,-0.103785,-0.219458,0,77.59,39.46
33.5440,-0.106716,-0.209217,0,77.59,39.46
33.5520,-0.107204,-0.195027,0,77.59,39.46
33.5600,-0.106716,-0.177233,0,77.59,39.46
33.5680,-0.109646,-0.156666,0,77.59,39.46
33.5760,-0.111600,-0.134318,0,77.59,39.46
33.5840,-0.111600,-0.111139,0,77.59,39.46
33.5920,-0.109646,-0.027961,0,77.59,39.46
33.6000,-0.104762,-0.010459,0,77.59,39.46
33.6080,-0.098413,0.004557,0,77.59,39.46
33.6160,-0.093529,0.016068,0,77.59,39.46
33.6240,-0.087179,0.023272,0,77.59,39.46
33.6320,-0.085714,0.025831,0,77.59,39.46
33.6400,-0.085226,0.024088,0,77.59,39.46
33.6480,-0.085714,0.019123,0,77.59,39.46
33.6560,-0.091087,0.012675,0,77.59,39.46
33.6640,-0.096459,0.006783,0,77.59,39.46
33.6720,-0.097924,0.003034,0,77.59,39.46
33.6800,-0.094994,0.001820,0,77.59,39.46
33.6880,-0.093040,0.002233,0,77.59,39.46
33.6960,-0.091087,-0.006987,0,77.59,39.46
33.7040,-0.085714,-0.002340,0,77.59,39.46
33.7120,-0.079853,0.001733,0,77.59,39.46
33.7200,-0.078388,0.004043,0,77.59,39.46
33.7280,-0.078877,0.004160,0,77.59,39.46
33.7360,-0.083272,0.002583,0,77.59,39.46
33.7440,-0.085714,0.000352,0,77.59,39.46
33.7520,-0.085714,-0.001577,0,77.59,39.46
33.7600,-0.084249,-0.002693,0,77.59,39.46
33.7680,-0.083272,-0.002830,0,77.59,39.46
33.7760,-0.084249,-0.001932,0,77.59,39.46
33.7840,-0.079853,-0.000080,0,77.59,39.46
33.7920,-0.076435,0.002357,0,77.59,39.46
33.8000,-0.072527,0.006669,0,77.59,39.46
33.8080,-0.070085,0.008161,0,77.59,39.46
33.8160,-0.070085,0.008273,0,77.59,39.46
33.8240,-0.070085,0.006937,0,77.59,39.46
33.8320,-0.071551,0.004453,0,77.59,39.46
33.8400,-0.074969,0.001454,0,77.59,39.46
33.8480,-0.076435,-0.001238,0,77.59,39.46
33.8560,-0.078388,-0.002867,0,77.59,39.46
33.8640,-0.076923,-0.003032,0,77.59,39.46
33.8720,-0.073016,-0.001835,0,77.59,39.46
33.8800,-0.069597,0.000237,0,77.59,39.46
33.8880,-0.065201,0.002646,0,77.59,39.46
33.8960,-0.063248,0.005088,0,77.59,39.46
33.9040,-0.065201,-0.001664,0,77.59,39.46
33.9120,-0.063248,-0.001460,0,77.59,39.46
33.9200,-0.062271,-0.000837,0,77.59,39.46
33.9280,-0.059341,0.000336,0,77.59,39.46
33.9360,-0.055922,0.001811,0,77.59,39.46
33.9440,-0.054457,0.003121,0,77.59,39.46
33.9520,-0.052015,0.003766,0,77.59,39.46
33.9600,-0.049084,0.003378,0,77.59,39.46
33.9680,-0.049573,0.001994,0,77.59,39.46
33.9760,-0.053480,0.000254,0,77.59,39.46
33.9840,-0.054457,-0.000882,0,77.59,39.46
33.9920,-0.052503,-0.000831,0,77.59,39.46
34.0000,-0.047619,0.000145,0,77.59,39.46
34.0080,-0.044200,-0.002706,0,77.59,39.46
34.0160,-0.041758,-0.001052,0,77.59,39.46
34.0240,-0.038828,-0.000311,0,77.59,39.46
34.0320,-0.037851,-0.000886,0,77.59,39.46
34.0400,-0.038828,-0.002737,0,77.59,39.46
34.0480,-0.039316,-0.005322,0,77.59,39.46
34.0560,-0.043223,-0.007729,0,77.59,39.46
34.0640,-0.043223,-0.009047,0,77.59,39.46
34.0720,-0.038828,-0.008826,0,77.59,39.46
34.0800,-0.035897,-0.007215,0,77.59,39.46
34.0880,-0.031013,-0.004706,0,77.59,39.46
34.0960,-0.026129,-0.001811,0,77.59,39.46
34.1040,-0.023199,0.001155,0,77.59,39.46
34.1120,-0.021245,0.021182,0,77.59,39.46
34.1200,-0.020269,0.021907,0,77.59,39.46
34.1280,-0.018803,0.021897,0,77.59,39.46
34.1360,-0.021734,0.021632,0,77.59,39.46
34.1440,-0.020757,0.021506,0,77.59,39.46
34.1520,-0.017827,0.021472,0,77.59,39.46
34.1600,-0.014896,0.021028,0,77.59,39.46
34.1680,-0.015873,0.019696,0,77.59,39.46
34.1760,-0.017827,0.017493,0,77.59,39.46
34.1840,-0.021734,0.014974,0,77.59,39.46
34.1920,-0.023199,0.012844,0,77.59,39.46
34.2000,-0.023199,0.011479,0,77.59,39.46
34.2080,-0.021734,0.010695,0,77.59,39.46
34.2160,-0.021734,0.024258,0,77.59,39.46
34.2240,-0.021734,0.025853,0,77.59,39.46
34.2320,-0.018315,0.028030,0,77.59,39.46
34.2400,-0.015873,0.030413,0,77.59,39.46
34.2480,-0.013919,0.032525,0,77.59,39.46
34.2560,-0.013919,0.033926,0,77.59,39.46
34.2640,-0.012943,0.034242,0,77.59,39.46
34.2720,-0.012943,0.033150,0,77.59,39.46
34.2800,-0.015873,0.030527,0,77.59,39.46
34.2880,-0.020269,0.026634,0,77.59,39.46
34.2960,-0.026618,0.022066,0,77.59,39.46
34.3040,-0.031502,0.017426,0,77.59,39.46
34.3120,-0.033944,0.012952,0,77.59,39.46
34.3200,-0.034432,0.035820,0,77.59,39.46
34.3280,-0.036386,0.035245,0,77.59,39.46
34.3360,-0.038828,0.034447,0,77.59,39.46
34.3440,-0.041758,0.032927,0,77.59,39.46
34.3520,-0.044689,0.030428,0,77.59,39.46
34.3600,-0.051038,0.027008,0,77.59,39.46
34.3680,-0.054945,0.023077,0,77.59,39.46
34.3760,-0.062759,0.019301,0,77.59,39.46
34.3840,-0.067643,0.016379,0,77.59,39.46
34.3920,-0.070085,0.014724,0,77.59,39.46
34.4000,-0.072039,0.014290,0,77.59,39.46
34.4080,-0.073016,0.014709,0,77.59,39.46
34.4160,-0.075458,0.015545,0,77.59,39.46
34.4240,-0.077411,-0.008240,0,77.59,39.46
34.4320,-0.079365,-0.010644,0,77.59,39.46
34.4400,-0.084737,-0.014623,0,77.59,39.46
34.4480,-0.091087,-0.019910,0,77.59,39.46
34.4560,-0.099878,-0.025586,0,77.59,39.46
34.4640,-0.108181,-0.030335,0,77.59,39.46
34.4720,-0.111111,-0.032975,0,77.59,39.46
34.4800,-0.113553,-0.032908,0,77.59,39.46
34.4880,-0.110623,-0.030256,0,77.59,39.46
34.4960,-0.107204,-0.025679,0,77.59,39.46
34.5040,-0.103785,-0.019996,0,77.59,39.46
34.5120,-0.099878,-0.013851,0,77.59,39.46
34.5200,-0.096947,-0.007577,0,77.59,39.46
34.5280,-0.100366,-0.012786,0,77.59,39.46
34.5360,-0.107692,-0.016179,0,77.59,39.46
34.5440,-0.116972,-0.020149,0,77.59,39.46
34.5520,-0.121368,-0.022856,0,77.59,39.46
34.5600,-0.122344,-0.023160,0,77.59,39.46
34.5680,-0.121368,-0.020978,0,77.59,39.46
34.5760,-0.118437,-0.017102,0,77.59,39.46
34.5840,-0.116484,-0.012772,0,77.59,39.46
34.5920,-0.113553,-0.009253,0,77.59,39.46
34.6000,-0.113553,-0.007433,0,77.59,39.46
34.6080,-0.116972,-0.007508,0,77.59,39.46
34.6160,-0.123810,-0.008984,0,77.59,39.46
34.6240,-0.125275,-0.011104,0,77.59,39.46
34.6320,-0.124298,-0.034149,0,77.59,39.46
34.6400,-0.120391,-0.031917,0,77.59,39.46
34.6480,-0.116972,-0.028804,0,77.59,39.46
34.6560,-0.115995,-0.025546,0,77.59,39.46
34.6640,-0.114530,-0.022645,0,77.59,39.46
34.6720,-0.111111,-0.020421,0,77.59,39.46
34.6800,-0.109646,-0.019045,0,77.59,39.46
34.6880,-0.110623,-0.018394,0,77.59,39.46
34.6960,-0.111600,-0.018016,0,77.59,39.46
34.7040,-0.111600,-0.017406,0,77.59,39.46
34.7120,-0.108669,-0.016323,0,77.59,39.46
34.7200,-0.107692,-0.014840,0,77.59,39.46
34.7280,-0.106227,-0.013165,0,77.59,39.46
34.7360,-0.106227,-0.000805,0,77.59,39.46
34.7440,-0.103297,0.000436,0,77.59,39.46
34.7520,-0.101832,0.000826,0,77.59,39.46
34.7600,-0.102808,0.000231,0,77.59,39.46
34.7680,-0.104762,-0.001011,0,77.59,39.46
34.7760,-0.108181,-0.002193,0,77.59,39.46
34.7840,-0.107692,-0.002703,0,77.59,39.46
34.7920,-0.104274,-0.002433,0,77.59,39.46
34.8000,-0.102808,-0.001724,0,77.59,39.46
34.8080,-0.102808,-0.000945,0,77.59,39.46
34.8160,-0.102320,-0.000234,0,77.59,39.46
34.8240,-0.102320,0.000447,0,77.59,39.46
34.8320,-0.100855,0.001141,0,77.59,39.46
34.8400,-0.100366,0.005204,0,77.59,39.46
34.8480,-0.101343,0.005306,0,77.59,39.46
34.8560,-0.101343,0.005849,0,77.59,39.46
34.8640,-0.099878,0.007124,0,77.59,39.46
34.8720,-0.095971,0.009062,0,77.59,39.46
34.8800,-0.093529,0.011241,0,77.59,39.46
34.8880,-0.090598,0.013106,0,77.59,39.46
34.8960,-0.090110,0.014206,0,77.59,39.46
34.9040,-0.090110,0.014273,0,77.59,39.46
34.9120,-0.090598,0.013160,0,77.59,39.46
34.9200,-0.090598,0.010769,0,77.59,39.46
34.9280,-0.093040,0.007171,0,77.59,39.46
34.9360,-0.097924,0.002798,0,77.59,39.46
34.9440,-0.098901,0.004047,0,77.59,39.46
34.9520,-0.099389,0.002048,0,77.59,39.46
34.9600,-0.100855,0.000850,0,77.59,39.46
34.9680,-0.100366,0.000462,0,77.59,39.46
34.9760,-0.100366,0.000825,0,77.59,39.46
34.9840,-0.099878,0.001774,0,77.59,39.46
34.9920,-0.096947,0.002971,0,77.59,39.46
35.0000,-0.094994,0.003950,0,77.59,39.46
35.0080,-0.094994,0.004329,0,77.59,39.46
35.0160,-0.094994,0.004001,0,77.59,39.46
35.0240,-0.096947,0.003113,0,77.59,39.46
35.0320,-0.096947,0.001906,0,77.59,39.46
35.0400,-0.097924,0.000574,0,77.59,39.46
35.0480,-0.095971,0.005069,0,77.59,39.46
35.0560,-0.095971,0.006598,0,77.59,39.46
35.0640,-0.091087,0.008261,0,77.59,39.46
35.0720,-0.090598,0.009416,0,77.59,39.46
35.0800,-0.089133,0.009639,0,77.59,39.46
35.0880,-0.092063,0.008979,0,77.59,39.46
35.0960,-0.094017,0.007881,0,77.59,39.46
35.1040,-0.094505,0.006821,0,77.59,39.46
35.1120,-0.094017,0.006013,0,77.59,39.46
35.1200,-0.094505,0.005418,0,77.59,39.46
35.1280,-0.094994,0.004936,0,77.59,39.46
35.1360,-0.095971,0.004514,0,77.59,39.46
35.1440,-0.095971,0.004129,0,77.59,39.46
35.1520,-0.092063,0.000130,0,77.59,39.46
35.1600,-0.089133,0.001020,0,77.59,39.46
35.1680,-0.089133,0.000910,0,77.59,39.46
35.1760,-0.091087,-0.000323,0,77.59,39.46
35.1840,-0.094505,-0.002189,0,77.59,39.46
35.1920,-0.096947,-0.003905,0,77.59,39.46
35.2000,-0.096947,-0.004841,0,77.59,39.46
35.2080,-0.096459,-0.004783,0,77.59,39.46
35.2160,-0.094994,-0.003904,0,77.59,39.46
35.2240,-0.093529,-0.002571,0,77.59,39.46
35.2320,-0.092552,-0.001174,0,77.59,39.46
35.2400,-0.089133,0.000010,0,77.59,39.46
35.2480,-0.090110,0.000952,0,77.59,39.46
35.2560,-0.091575,0.014880,0,77.59,39.46
35.2640,-0.092063,0.014971,0,77.59,39.46
35.2720,-0.090110,0.014887,0,77.59,39.46
35.2800,-0.092063,0.014624,0,77.59,39.46
35.2880,-0.092552,0.014209,0,77.59,39.46
35.2960,-0.094505,0.013730,0,77.59,39.46
35.3040,-0.094994,0.013241,0,77.59,39.46
35.3120,-0.095971,0.012671,0,77.59,39.46
35.3200,-0.095971,0.011858,0,77.59,39.46
35.3280,-0.097924,0.010708,0,77.59,39.46
35.3360,-0.101343,0.009340,0,77.59,39.46
35.3440,-0.104274,0.008000,0,77.59,39.46
35.3520,-0.104274,0.006795,0,77.59,39.46
35.3600,-0.101832,-0.005711,0,77.59,39.46
35.3680,-0.099878,-0.003071,0,77.59,39.46
35.3760,-0.094994,0.000124,0,77.59,39.46
35.3840,-0.090110,0.002923,0,77.59,39.46
35.3920,-0.087668,0.004441,0,77.59,39.46
35.4000,-0.088156,0.004285,0,77.59,39.46
35.4080,-0.093040,0.002771,0,77.59,39.46
35.4160,-0.095971,0.000704,0,77.59,39.46
35.4240,-0.096947,-0.001090,0,77.59,39.46
35.4320,-0.098413,-0.002079,0,77.59,39.46
35.4400,-0.097924,-0.002081,0,77.59,39.46
35.4480,-0.096947,-0.001217,0,77.59,39.46
35.4560,-0.094994,0.000148,0,77.59,39.46
35.4640,-0.091087,-0.000409,0,77.59,39.46
35.4720,-0.087179,0.001571,0,77.59,39.46
35.4800,-0.088156,0.002330,0,77.59,39.46
35.4880,-0.088156,0.001755,0,77.59,39.46
35.4960,-0.091575,0.000243,0,77.59,39.46
35.5040,-0.093040,-0.001580,0,77.59,39.46
35.5120,-0.094017,-0.003186,0,77.59,39.46
35.5200,-0.093040,-0.004288,0,77.59,39.46
35.5280,-0.094994,-0.004716,0,77.59,39.46
35.5360,-0.094994,-0.004306,0,77.59,39.46
35.5440,-0.093529,-0.002990,0,77.59,39.46
35.5520,-0.090598,-0.000932,0,77.59,39.46
35.5600,-0.088645,0.001524,0,77.59,39.46
35.5680,-0.088156,0.005603,0,77.59,39.46
35.5760,-0.088156,0.006483,0,77.59,39.46
35.5840,-0.086203,0.006799,0,77.59,39.46
35.5920,-0.087179,0.006664,0,77.59,39.46
35.6000,-0.088156,0.006389,0,77.59,39.46
35.6080,-0.088645,0.006416,0,77.59,39.46
35.6160,-0.090598,0.007062,0,77.59,39.46
35.6240,-0.085714,0.008199,0,77.59,39.46
35.6320,-0.084249,0.009214,0,77.59,39.46
35.6400,-0.083272,0.009390,0,77.59,39.46
35.6480,-0.085714,0.008340,0,77.59,39.46
35.6560,-0.086203,0.006131,0,77.59,39.46
35.6640,-0.090110,0.003219,0,77.59,39.46
35.6720,-0.092063,-0.003893,0,77.59,39.46
35.6800,-0.091087,-0.003935,0,77.59,39.46
35.6880,-0.087668,-0.002819,0,77.59,39.46
35.6960,-0.087179,-0.001067,0,77.59,39.46
35.7040,-0.084737,0.000649,0,77.59,39.46
35.7120,-0.082295,0.001693,0,77.59,39.46
35.7200,-0.081319,0.001681,0,77.59,39.46
35.7280,-0.084249,0.000723,0,77.59,39.46
35.7360,-0.086203,-0.000604,0,77.59,39.46
35.7440,-0.087179,-0.001634,0,77.59,39.46
35.7520,-0.085714,-0.002015,0,77.59,39.46
35.7600,-0.084737,-0.001798,0,77.59,39.46
35.7680,-0.084249,-0.001257,0,77.59,39.46
35.7760,-0.082295,-0.003653,0,77.59,39.46
35.7840,-0.081319,-0.003526,0,77.59,39.46
35.7920,-0.080830,-0.004328,0,77.59,39.46
35.8000,-0.083272,-0.006025,0,77.59,39.46
35.8080,-0.085714,-0.008131,0,77.59,39.46
35.8160,-0.088156,-0.009933,0,77.59,39.46
35.8240,-0.088156,-0.010858,0,77.59,39.46
35.8320,-0.085714,-0.010720,0,77.59,39.46
35.8400,-0.085226,-0.009667,0,77.59,39.46
35.8480,-0.081807,-0.007984,0,77.59,39.46
35.8560,-0.080830,-0.005948,0,77.59,39.46
35.8640,-0.076923,-0.003775,0,77.59,39.46
35.8720,-0.075458,-0.001582,0,77.59,39.46
35.8800,-0.074481,0.004596,0,77.59,39.46
35.8880,-0.077900,0.002550,0,77.59,39.46
35.8960,-0.082295,-0.000300,0,77.59,39.46
35.9040,-0.085226,-0.003030,0,77.59,39.46
35.9120,-0.085714,-0.004914,0,77.59,39.46
35.9200,-0.085226,-0.005643,0,77.59,39.46
35.9280,-0.085226,-0.005218,0,77.59,39.46
35.9360,-0.085226,-0.003819,0,77.59,39.46
35.9440,-0.082295,-0.001860,0,77.59,39.46
35.9520,-0.078388,-0.000037,0,77.59,39.46
35.9600,-0.076435,0.000925,0,77.59,39.46
35.9680,-0.077411,0.000724,0,77.59,39.46
35.9760,-0.079365,-0.000287,0,77.59,39.46
35.9840,-0.080830,0.001553,0,77.59,39.46
35.9920,-0.082295,-0.000059,0,77.59,39.46
36.0000,-0.084249,-0.000906,0,77.59,39.46
36.0080,-0.084249,-0.000607,0,77.59,39.46
36.0160,-0.082784,0.000735,0,77.59,39.46
36.0240,-0.078877,0.002450,0,77.59,39.46
36.0320,-0.075946,0.003575,0,77.59,39.46
36.0400,-0.076435,0.003419,0,77.59,39.46
36.0480,-0.078388,0.002024,0,77.59,39.46
36.0560,-0.083761,0.000171,0,77.59,39.46
36.0640,-0.085714,-0.001136,0,77.59,39.46
36.0720,-0.084249,-0.001364,0,77.59,39.46
36.0800,-0.082295,-0.000776,0,77.59,39.46
36.0880,-0.079853,-0.012734,0,77.59,39.46
36.0960,-0.080830,-0.011772,0,77.59,39.46
36.1040,-0.078388,-0.011155,0,77.59,39.46
36.1120,-0.076435,-0.011198,0,77.59,39.46
36.1200,-0.077900,-0.011993,0,77.59,39.46
36.1280,-0.078388,-0.013270,0,77.59,39.46
36.1360,-0.080342,-0.014481,0,77.59,39.46
36.1440,-0.079853,-0.015055,0,77.59,39.46
36.1520,-0.078877,-0.014634,0,77.59,39.46
36.1600,-0.076435,-0.013167,0,77.59,39.46
36.1680,-0.073016,-0.010853,0,77.59,39.46
36.1760,-0.070574,-0.007994,0,77.59,39.46
36.1840,-0.067155,-0.004881,0,77.59,39.46
36.1920,-0.063736,-0.048349,0,77.59,39.46
36.2000,-0.062271,-0.048861,0,77.59,39.46
36.2080,-0.062759,-0.049268,0,77.59,39.46
36.2160,-0.059829,-0.048803,0,77.59,39.46
36.2240,-0.054945,-0.046934,0,77.59,39.46
36.2320,-0.049084,-0.043653,0,77.59,39.46
36.2400,-0.039805,-0.039439,0,77.59,39.46
36.2480,-0.033944,-0.034996,0,77.59,39.46
36.2560,-0.026618,-0.030935,0,77.59,39.46
36.2640,-0.021734,-0.027627,0,77.59,39.46
36.2720,-0.015385,-0.025192,0,77.59,39.46
36.2800,-0.011966,-0.023520,0,77.59,39.46
36.2880,-0.007570,-0.022308,0,77.59,39.46
36.2960,-0.004151,0.066876,0,77.59,39.46
36.3040,0.007082,0.072146,0,77.59,39.46
36.3120,0.011477,0.075593,0,77.59,39.46
36.3200,0.008547,0.076591,0,77.59,39.46
36.3280,0.006593,0.075413,0,77.59,39.46
36.3360,-0.000244,0.072854,0,77.59,39.46
36.3440,-0.000244,0.069521,0,77.59,39.46
36.3520,-0.002198,0.065473,0,77.59,39.46
36.3600,-0.007082,0.060514,0,77.59,39.46
36.3680,-0.013431,0.054710,0,77.59,39.46
36.3760,-0.022222,0.048522,0,77.59,39.46
36.3840,-0.027595,0.042459,0,77.59,39.46
36.3920,-0.031502,0.036664,0,77.59,39.46
36.4000,-0.035897,0.052949,0,77.59,39.46
36.4080,-0.041758,0.048789,0,77.59,39.46
36.4160,-0.049084,0.044841,0,77.59,39.46
36.4240,-0.054457,0.041223,0,77.59,39.46
36.4320,-0.055922,0.037804,0,77.59,39.46
36.4400,-0.060317,0.034243,0,77.59,39.46
36.4480,-0.066178,0.030379,0,77.59,39.46
36.4560,-0.072527,0.026480,0,77.59,39.46
36.4640,-0.078388,0.023099,0,77.59,39.46
36.4720,-0.081319,0.020732,0,77.59,39.46
36.4800,-0.084737,0.019569,0,77.59,39.46
36.4880,-0.085714,0.019453,0,77.59,39.46
36.4960,-0.087179,0.019961,0,77.59,39.46
36.5040,-0.088645,-0.029215,0,77.59,39.46
36.5120,-0.086691,-0.029832,0,77.59,39.46
36.5200,-0.088156,-0.030670,0,77.59,39.46
36.5280,-0.090598,-0.031644,0,77.59,39.46
36.5360,-0.094017,-0.032317,0,77.59,39.46
36.5440,-0.093040,-0.032260,0,77.59,39.46
36.5520,-0.092063,-0.031373,0,77.59,39.46
36.5600,-0.091087,-0.029828,0,77.59,39.46
36.5680,-0.090110,-0.027792,0,77.59,39.46
36.5760,-0.092063,-0.025275,0,77.59,39.46
36.5840,-0.088645,-0.022265,0,77.59,39.46
36.5920,-0.086203,-0.018902,0,77.59,39.46
36.6000,-0.085714,-0.015394,0,77.59,39.46
36.6080,-0.086691,-0.030310,0,77.59,39.46
36.6160,-0.085714,-0.029681,0,77.59,39.46
36.6240,-0.088156,-0.029200,0,77.59,39.46
36.6320,-0.088645,-0.028417,0,77.59,39.46
36.6400,-0.088645,-0.026912,0,77.59,39.46
36.6480,-0.087179,-0.024498,0,77.59,39.46
36.6560,-0.085714,-0.021315,0,77.59,39.46
36.6640,-0.082784,-0.017835,0,77.59,39.46
36.6720,-0.079365,-0.014766,0,77.59,39.46
36.6800,-0.077900,-0.012783,0,77.59,39.46
36.6880,-0.078877,-0.012195,0,77.59,39.46
36.6960,-0.081319,-0.012814,0,77.59,39.46
36.7040,-0.082784,-0.014105,0,77.59,39.46
36.7120,-0.083272,0.045897,0,77.59,39.46
36.7200,-0.085714,0.047133,0,77.59,39.46
36.7280,-0.086691,0.047116,0,77.59,39.46
36.7360,-0.091087,0.044564,0,77.59,39.46
36.7440,-0.095971,0.038098,0,77.59,39.46
36.7520,-0.105739,0.026928,0,77.59,39.46
36.7600,-0.123321,0.011765,0,77.59,39.46
36.7680,-0.144322,-0.004634,0,77.59,39.46
36.7760,-0.163858,-0.017857,0,77.59,39.46
36.7840,-0.176068,-0.023205,0,77.59,39.46
36.7920,-0.176068,-0.017567,0,77.59,39.46
36.8000,-0.161416,-0.001098,0,77.59,39.46
36.8080,-0.132601,0.022162,0,77.59,39.46
36.8160,-0.083272,-0.844780,0,77.59,39.46
36.8240,-0.020269,-0.813534,0,77.59,39.46
36.8320,0.059341,-0.763709,0,77.59,39.46
36.8400,0.154090,-0.695000,0,77.59,39.46
36.8480,0.271795,-0.608115,0,77.59,39.46
36.8560,0.398779,-0.505850,0,77.59,39.46
36.8640,0.531624,-0.394287,0,77.59,39.46
36.8720,0.664469,-0.284478,0,77.59,39.46
36.8800,0.806593,-0.194003,0,77.59,39.46
36.8880,0.944811,-0.145191,1,77.59,39.46
36.8960,1.000000,-0.156860,1,77.59,39.46
36.9040,0.990232,-0.231819,0,77.59,39.46
36.9120,0.841758,-0.348438,0,77.59,39.46
36.9200,0.645910,0.756562,0,77.59,39.46
36.9280,0.458852,0.594681,0,77.59,39.46
36.9360,0.280586,0.429491,0,77.59,39.46
36.9440,0.115018,0.277904,0,77.59,39.46
36.9520,-0.031502,0.151486,0,77.59,39.46
36.9600,-0.148230,0.057854,0,77.59,39.46
36.9680,-0.223932,0.001100,0,77.59,39.46
36.9760,-0.257631,-0.018739,0,77.59,39.46
36.9840,-0.250305,-0.006098,0,77.59,39.46
36.9920,-0.209280,0.030861,0,77.59,39.46
37.0000,-0.160928,0.082550,0,77.59,39.46
37.0080,-0.109646,0.140976,0,77.59,39.46
37.0160,-0.072527,0.201641,0,77.59,39.46
37.0240,-0.052015,0.026835,0,77.59,39.46
37.0320,-0.045665,0.041420,0,77.59,39.46
37.0400,-0.052991,0.043735,0,77.59,39.46
37.0480,-0.064713,0.038123,0,77.59,39.46
37.0560,-0.078877,0.029092,0,77.59,39.46
37.0640,-0.088156,0.020058,0,77.59,39.46
37.0720,-0.096459,0.012891,0,77.59,39.46
37.0800,-0.101832,0.008162,0,77.59,39.46
37.0880,-0.104762,0.005708,0,77.59,39.46
37.0960,-0.108669,0.005129,0,77.59,39.46
37.1040,-0.109158,0.006035,0,77.59,39.46
37.1120,-0.110134,0.008038,0,77.59,39.46
37.1200,-0.110623,0.010678,0,77.59,39.46
37.1280,-0.112088,-0.259671,0,77.59,39.46
37.1360,-0.114530,-0.264451,0,77.59,39.46
37.1440,-0.112576,-0.267108,0,77.59,39.46
37.1520,-0.112088,-0.267286,0,77.59,39.46
37.1600,-0.113553,-0.264582,0,77.59,39.46
37.1680,-0.115507,-0.258390,0,77.59,39.46
37.1760,-0.115995,-0.248077,0,77.59,39.46
37.1840,-0.116972,-0.233392,0,77.59,39.46
37.1920,-0.115018,-0.214820,0,77.59,39.46
37.2000,-0.112088,-0.193629,0,77.59,39.46
37.2080,-0.109646,-0.171427,0,77.59,39.46
37.2160,-0.107204,-0.149419,0,77.59,39.46
37.2240,-0.103785,-0.127921,0,77.59,39.46
37.2320,-0.102320,-0.001433,0,77.59,39.46
37.2400,-0.104274,0.006678,0,77.59,39.46
37.2480,-0.105739,0.010732,0,77.59,39.46
37.2560,-0.107692,0.011894,0,77.59,39.46
37.2640,-0.106716,0.011393,0,77.59,39.46
37.2720,-0.104762,0.010196,0,77.59,39.46
37.2800,-0.101832,0.008940,0,77.59,39.46
37.2880,-0.100366,0.008017,0,77.59,39.46
37.2960,-0.098413,0.007589,0,77.59,39.46
37.3040,-0.095971,0.007496,0,77.59,39.46
37.3120,-0.093529,0.007279,0,77.59,39.46
37.3200,-0.094017,0.006505,0,77.59,39.46
37.3280,-0.098901,0.005193,0,77.59,39.46
37.3360,-0.101343,-0.012373,0,77.59,39.46
37.3440,-0.100855,-0.013016,0,77.59,39.46
37.3520,-0.100855,-0.012420,0,77.59,39.46
37.3600,-0.098901,-0.010417,0,77.59,39.46
37.3680,-0.095971,-0.007096,0,77.59,39.46
37.3760,-0.091087,-0.002891,0,77.59,39.46
37.3840,-0.085714,0.001379,0,77.59,39.46
37.3920,-0.078877,0.004659,0,77.59,39.46
37.4000,-0.077411,0.006064,0,77.59,39.46
37.4080,-0.077900,0.005292,0,77.59,39.46
37.4160,-0.080830,0.002703,0,77.59,39.46
37.4240,-0.084249,-0.000997,0,77.59,39.46
37.4320,-0.085226,-0.005157,0,77.59,39.46
37.4400,-0.085714,-0.004758,0,77.59,39.46
37.4480,-0.085714,-0.004994,0,77.59,39.46
37.4560,-0.083272,-0.004023,0,77.59,39.46
37.4640,-0.077411,-0.002559,0,77.59,39.46
37.4720,-0.074969,-0.001483,0,77.59,39.46
37.4800,-0.074481,-0.001322,0,77.59,39.46
37.4880,-0.074969,-0.001999,0,77.59,39.46
37.4960,-0.075458,-0.003014,0,77.59,39.46
37.5040,-0.074481,-0.003818,0,77.59,39.46
37.5120,-0.072527,-0.004052,0,77.59,39.46
37.5200,-0.071062,-0.003575,0,77.59,39.46
37.5280,-0.070085,-0.002412,0,77.59,39.46
37.5360,-0.065690,-0.000804,0,77.59,39.46
37.5440,-0.061294,0.013547,0,77.59,39.46
37.5520,-0.055433,0.015799,0,77.59,39.46
37.5600,-0.053968,0.016321,0,77.59,39.46
37.5680,-0.054945,0.014889,0,77.59,39.46
37.5760,-0.059829,0.012104,0,77.59,39.46
37.5840,-0.062271,0.009037,0,77.59,39.46
37.5920,-0.062759,0.006646,0,77.59,39.46
37.6000,-0.062759,0.005424,0,77.59,39.46
37.6080,-0.062271,0.005385,0,77.59,39.46
37.6160,-0.058852,0.006177,0,77.59,39.46
37.6240,-0.056899,0.007277,0,77.59,39.46
37.6320,-0.054457,0.008275,0,77.59,39.46
37.6400,-0.053968,0.009075,0,77.59,39.46
37.6480,-0.053968,-0.001163,0,77.59,39.46
37.6560,-0.054457,-0.001141,0,77.59,39.46
37.6640,-0.052015,-0.000365,0,77.59,39.46
37.6720,-0.047131,0.001126,0,77.59,39.46
37.6800,-0.044200,0.002878,0,77.59,39.46
37.6880,-0.041270,0.004327,0,77.59,39.46
37.6960,-0.039316,0.005069,0,77.59,39.46
37.7040,-0.038828,0.004976,0,77.59,39.46
37.7120,-0.038828,0.004202,0,77.59,39.46
37.7200,-0.038828,0.003069,0,77.59,39.46
37.7280,-0.038828,0.001919,0,77.59,39.46
37.7360,-0.038828,0.000974,0,77.59,39.46
37.7440,-0.036874,0.000228,0,77.59,39.46
37.7520,-0.030525,0.003137,0,77.59,39.46
37.7600,-0.025641,0.005651,0,77.59,39.46
37.7680,-0.023199,0.007641,0,77.59,39.46
37.7760,-0.022711,0.008682,0,77.59,39.46
37.7840,-0.020757,0.008634,0,77.59,39.46
37.7920,-0.017827,0.007503,0,77.59,39.46
37.8000,-0.020269,0.005563,0,77.59,39.46
37.8080,-0.023199,0.003486,0,77.59,39.46
37.8160,-0.023199,0.002061,0,77.59,39.46
37.8240,-0.021245,0.001715,0,77.59,39.46
37.8320,-0.017827,0.002319,0,77.59,39.46
37.8400,-0.013919,0.003423,0,77.59,39.46
37.8480,-0.013431,0.004654,0,77.59,39.46
37.8560,-0.012943,0.031465,0,77.59,39.46
37.8640,-0.011966,0.031112,0,77.59,39.46
37.8720,-0.012943,0.029465,0,77.59,39.46
37.8800,-0.016850,0.026875,0,77.59,39.46
37.8880,-0.021245,0.024060,0,77.59,39.46
37.8960,-0.022711,0.021758,0,77.59,39.46
37.9040,-0.023199,0.020340,0,77.59,39.46
37.9120,-0.022711,0.019716,0,77.59,39.46
37.9200,-0.023199,0.019500,0,77.59,39.46
37.9280,-0.023199,0.019191,0,77.59,39.46
37.9360,-0.022222,0.018295,0,77.59,39.46
37.9440,-0.023199,0.016540,0,77.59,39.46
37.9520,-0.027595,0.014134,0,77.59,39.46
37.9600,-0.037363,0.041955,0,77.59,39.46
37.9680,-0.048596,0.033682,0,77.59,39.46
37.9760,-0.059829,0.025787,0,77.59,39.46
37.9840,-0.067155,0.019853,0,77.59,39.46
37.9920,-0.070085,0.016687,0,77.59,39.46
38.0000,-0.072039,0.016183,0,77.59,39.46
38.0080,-0.072527,0.017584,0,77.59,39.46
38.0160,-0.072527,0.019779,0,77.59,39.46
38.0240,-0.071551,0.021516,0,77.59,39.46
38.0320,-0.072039,0.021675,0,77.59,39.46
38.0400,-0.077411,0.019642,0,77.59,39.46
38.0480,-0.083272,0.015556,0,77.59,39.46
38.0560,-0.092063,0.010262,0,77.59,39.46
38.0640,-0.098901,-0.005790,0,77.59,39.46
38.0720,-0.101343,-0.008519,0,77.59,39.46
38.0800,-0.103785,-0.009521,0,77.59,39.46
38.0880,-0.106716,-0.008964,0,77.59,39.46
38.0960,-0.107692,-0.007315,0,77.59,39.46
38.1040,-0.106227,-0.005352,0,77.59,39.46
38.1120,-0.104762,-0.004008,0,77.59,39.46
38.1200,-0.108181,-0.003878,0,77.59,39.46
38.1280,-0.114042,-0.004824,0,77.59,39.46
38.1360,-0.118437,-0.006111,0,77.59,39.46
38.1440,-0.123321,-0.006928,0,77.59,39.46
38.1520,-0.125275,-0.006870,0,77.59,39.46
38.1600,-0.126252,-0.006139,0,77.59,39.46
38.1680,-0.129182,-0.045885,0,77.59,39.46
38.1760,-0.129182,-0.045001,0,77.59,39.46
38.1840,-0.127228,-0.043621,0,77.59,39.46
38.1920,-0.126252,-0.042213,0,77.59,39.46
38.2000,-0.127228,-0.041000,0,77.59,39.46
38.2080,-0.129182,-0.039806,0,77.59,39.46
38.2160,-0.129182,-0.038275,0,77.59,39.46
38.2240,-0.127228,-0.036220,0,77.59,39.46
38.2320,-0.125275,-0.033729,0,77.59,39.46
38.2400,-0.124298,-0.030959,0,77.59,39.46
38.2480,-0.124298,-0.027931,0,77.59,39.46
38.2560,-0.123321,-0.024579,0,77.59,39.46
38.2640,-0.119902,-0.020970,0,77.59,39.46
38.2720,-0.117949,-0.012772,0,77.59,39.46
38.2800,-0.117949,-0.011934,0,77.59,39.46
38.2880,-0.121368,-0.011745,0,77.59,39.46
38.2960,-0.122833,-0.011538,0,77.59,39.46
38.3040,-0.121368,-0.010782,0,77.59,39.46
38.3120,-0.119414,-0.009397,0,77.59,39.46
38.3200,-0.118926,-0.007633,0,77.59,39.46
38.3280,-0.117949,-0.005840,0,77.59,39.46
38.3360,-0.116972,-0.004366,0,77.59,39.46
38.3440,-0.116484,-0.003521,0,77.59,39.46
38.3520,-0.116972,-0.003498,0,77.59,39.46
38.3600,-0.117460,-0.004281,0,77.59,39.46
38.3680,-0.119902,-0.005580,0,77.59,39.46
38.3760,-0.120391,-0.010906,0,77.59,39.46
38.3840,-0.119414,-0.010103,0,77.59,39.46
38.3920,-0.116972,-0.007988,0,77.59,39.46
38.4000,-0.113553,-0.004813,0,77.59,39.46
38.4080,-0.109646,-0.001214,0,77.59,39.46
38.4160,-0.104762,0.001925,0,77.59,39.46
38.4240,-0.101832,0.003748,0,77.59,39.46
38.4320,-0.101343,0.003821,0,77.59,39.46
38.4400,-0.103785,0.002390,0,77.59,39.46
38.4480,-0.107204,0.000267,0,77.59,39.46
38.4560,-0.108181,-0.001642,0,77.59,39.46
38.4640,-0.108181,-0.002851,0,77.59,39.46
38.4720,-0.106227,-0.003498,0,77.59,39.46
38.4800,-0.105739,-0.000896,0,77.59,39.46
38.4880,-0.104274,0.000000,0,77.59,39.46
38.4960,-0.101343,0.000949,0,77.59,39.46
38.5040,-0.100855,0.001636,0,77.59,39.46
38.5120,-0.098413,0.001917,0,77.59,39.46
38.5200,-0.099878,0.001889,0,77.59,39.46
38.5280,-0.098901,0.001811,0,77.59,39.46
38.5360,-0.097924,0.001890,0,77.59,39.46
38.5440,-0.096947,0.002130,0,77.59,39.46
38.5520,-0.094505,0.002328,0,77.59,39.46
38.5600,-0.093040,0.002238,0,77.59,39.46
38.5680,-0.094994,0.001789,0,77.59,39.46
38.5760,-0.094017,0.001120,0,77.59,39.46
38.5840,-0.092552,0.015437,0,77.59,39.46
38.5920,-0.092063,0.014703,0,77.59,39.46
38.6000,-0.093529,0.013332,0,77.59,39.46
38.6080,-0.095971,0.011684,0,77.59,39.46
38.6160,-0.098413,0.010404,0,77.59,39.46
38.6240,-0.099878,0.010032,0,77.59,39.46
38.6320,-0.095971,0.010607,0,77.59,39.46
38.6400,-0.094017,0.011617,0,77.59,39.46
38.6480,-0.094017,0.012370,0,77.59,39.46
38.6560,-0.093040,0.012339,0,77.59,39.46
38.6640,-0.094505,0.011281,0,77.59,39.46
38.6720,-0.094994,0.009252,0,77.59,39.46
38.6800,-0.098413,0.006622,0,77.59,39.46
38.6880,-0.101343,-0.005798,0,77.59,39.46
38.6960,-0.103785,-0.007981,0,77.59,39.46
38.7040,-0.102808,-0.008813,0,77.59,39.46
38.7120,-0.101343,-0.008137,0,77.59,39.46
38.7200,-0.099878,-0.006124,0,77.59,39.46
38.7280,-0.096459,-0.003199,0,77.59,39.46
38.7360,-0.093040,-0.000035,0,77.59,39.46
38.7440,-0.088645,0.002515,0,77.59,39.46
38.7520,-0.085714,0.003678,0,77.59,39.46
38.7600,-0.087179,0.003135,0,77.59,39.46
38.7680,-0.090110,0.001194,0,77.59,39.46
38.7760,-0.094017,-0.001477,0,77.59,39.46
38.7840,-0.093529,-0.004346,0,77.59,39.46
38.7920,-0.092063,0.004966,0,77.59,39.46
38.8000,-0.090110,0.005759,0,77.59,39.46
38.8080,-0.090598,0.006763,0,77.59,39.46
38.8160,-0.088645,0.007457,0,77.59,39.46
38.8240,-0.088156,0.007404,0,77.59,39.46
38.8320,-0.088645,0.006415,0,77.59,39.46
38.8400,-0.092063,0.004702,0,77.59,39.46
38.8480,-0.094017,0.002834,0,77.59,39.46
38.8560,-0.096459,0.001450,0,77.59,39.46
38.8640,-0.096947,0.000947,0,77.59,39.46
38.8720,-0.094017,0.001312,0,77.59,39.46
38.8800,-0.094505,0.002252,0,77.59,39.46
38.8880,-0.093529,0.003446,0,77.59,39.46
38.8960,-0.092063,-0.002177,0,77.59,39.46
38.9040,-0.088156,-0.001054,0,77.59,39.46
38.9120,-0.087179,-0.000969,0,77.59,39.46
38.9200,-0.088645,-0.002080,0,77.59,39.46
38.9280,-0.093040,-0.003919,0,77.59,39.46
38.9360,-0.094017,-0.005671,0,77.59,39.46
38.9440,-0.094994,-0.006655,0,77.59,39.46
38.9520,-0.093529,-0.006609,0,77.59,39.46
38.9600,-0.092063,-0.005657,0,77.59,39.46
38.9680,-0.091575,-0.004145,0,77.59,39.46
38.9760,-0.087179,-0.002509,0,77.59,39.46
38.9840,-0.085714,-0.001104,0,77.59,39.46
38.9920,-0.085714,0.000020,0,77.59,39.46
39.0000,-0.085714,0.001693,0,77.59,39.46
39.0080,-0.089133,-0.000433,0,77.59,39.46
39.0160,-0.092063,-0.002776,0,77.59,39.46
39.0240,-0.093040,-0.004629,0,77.59,39.46
39.0320,-0.093040,-0.005551,0,77.59,39.46
39.0400,-0.092552,-0.005413,0,77.59,39.46
39.0480,-0.092552,-0.004309,0,77.59,39.46
39.0560,-0.091087,-0.002565,0,77.59,39.46
39.0640,-0.086203,-0.000777,0,77.59,39.46
39.0720,-0.085714,0.000385,0,77.59,39.46
39.0800,-0.085714,0.000541,0,77.59,39.46
39.0880,-0.087179,-0.000233,0,77.59,39.46
39.0960,-0.088156,-0.001538,0,77.59,39.46
39.1040,-0.088156,-0.005625,0,77.59,39.46
39.1120,-0.086203,-0.005332,0,77.59,39.46
39.1200,-0.085714,-0.004379,0,77.59,39.46
39.1280,-0.084737,-0.002883,0,77.59,39.46
39.1360,-0.082295,-0.001153,0,77.59,39.46
39.1440,-0.077900,0.000272,0,77.59,39.46
39.1520,-0.076435,0.000856,0,77.59,39.46
39.1600,-0.077411,0.000455,0,77.59,39.46
39.1680,-0.080342,-0.000530,0,77.59,39.46
39.1760,-0.081807,-0.001475,0,77.59,39.46
39.1840,-0.078877,-0.001995,0,77.59,39.46
39.1920,-0.078877,-0.002100,0,77.59,39.46
39.2000,-0.078388,-0.001992,0,77.59,39.46
39.2080,-0.080342,-0.003511,0,77.59,39.46
39.2160,-0.082295,-0.004685,0,77.59,39.46
39.2240,-0.081319,-0.006101,0,77.59,39.46
39.2320,-0.082784,-0.007751,0,77.59,39.46
39.2400,-0.084737,-0.009539,0,77.59,39.46
39.2480,-0.086691,-0.011205,0,77.59,39.46
39.2560,-0.087668,-0.012431,0,77.59,39.46
39.2640,-0.086691,-0.012973,0,77.59,39.46
39.2720,-0.085714,-0.012681,0,77.59,39.46
39.2800,-0.085226,-0.011444,0,77.59,39.46
39.2880,-0.082295,-0.009220,0,77.59,39.46
39.2960,-0.077411,-0.006158,0,77.59,39.46
39.3040,-0.073016,-0.002621,0,77.59,39.46
39.3120,-0.070574,0.016324,0,77.59,39.46
39.3200,-0.072527,0.015965,0,77.59,39.46
39.3280,-0.077411,0.014440,0,77.59,39.46
39.3360,-0.079853,0.012829,0,77.59,39.46
39.3440,-0.079365,0.011986,0,77.59,39.46
39.3520,-0.078388,0.012181,0,77.59,39.46
39.3600,-0.077900,0.013215,0,77.59,39.46
39.3680,-0.077411,0.014625,0,77.59,39.46
39.3760,-0.076435,0.015756,0,77.59,39.46
39.3840,-0.073504,0.015824,0,77.59,39.46
39.3920,-0.076435,0.014205,0,77.59,39.46
39.4000,-0.079365,0.010835,0,77.59,39.46
39.4080,-0.085714,0.006354,0,77.59,39.46
39.4160,-0.085714,-0.005192,0,77.59,39.46
39.4240,-0.085714,-0.005325,0,77.59,39.46
39.4320,-0.083761,-0.003849,0,77.59,39.46
39.4400,-0.079365,-0.001278,0,77.59,39.46
39.4480,-0.078388,0.001644,0,77.59,39.46
39.4560,-0.075458,0.004168,0,77.59,39.46
39.4640,-0.072527,0.005627,0,77.59,39.46
39.4720,-0.072527,0.005611,0,77.59,39.46
39.4800,-0.074481,0.004210,0,77.59,39.46
39.4880,-0.078388,0.002067,0,77.59,39.46
39.4960,-0.082295,0.000053,0,77.59,39.46
39.5040,-0.082295,-0.001267,0,77.59,39.46
39.5120,-0.081319,-0.001982,0,77.59,39.46
39.5200,-0.080342,-0.008507,0,77.59,39.46
39.5280,-0.079365,-0.006912,0,77.59,39.46
39.5360,-0.075946,-0.005011,0,77.59,39.46
39.5440,-0.072527,-0.003337,0,77.59,39.46
39.5520,-0.072527,-0.002234,0,77.59,39.46
39.5600,-0.072527,-0.001681,0,77.59,39.46
39.5680,-0.072039,-0.001432,0,77.59,39.46
39.5760,-0.071062,-0.001277,0,77.59,39.46
39.5840,-0.070085,-0.001166,0,77.59,39.46
39.5920,-0.069597,-0.001163,0,77.59,39.46
39.6000,-0.069109,-0.001340,0,77.59,39.46
39.6080,-0.070085,-0.001693,0,77.59,39.46
39.6160,-0.070085,-0.002150,0,77.59,39.46
39.6240,-0.067155,0.005051,0,77.59,39.46
39.6320,-0.067643,0.005161,0,77.59,39.46
39.6400,-0.067643,0.004795,0,77.59,39.46
39.6480,-0.070085,0.004059,0,77.59,39.46
39.6560,-0.070085,0.003188,0,77.59,39.46
39.6640,-0.070085,0.002365,0,77.59,39.46
39.6720,-0.070574,0.001713,0,77.59,39.46
39.6800,-0.072527,0.001372,0,77.59,39.46
39.6880,-0.072039,0.001434,0,77.59,39.46
39.6960,-0.070574,0.001801,0,77.59,39.46
39.7040,-0.069597,0.002204,0,77.59,39.46
39.7120,-0.069109,0.002425,0,77.59,39.46
39.7200,-0.069597,0.002460,0,77.59,39.46
39.7280,-0.072039,0.002136,0,77.59,39.46
39.7360,-0.071062,0.001936,0,77.59,39.46
39.7440,-0.070085,0.002137,0,77.59,39.46
39.7520,-0.070085,0.002685,0,77.59,39.46
39.7600,-0.068620,0.003412,0,77.59,39.46
39.7680,-0.068620,0.004108,0,77.59,39.46
39.7760,-0.068132,0.004551,0,77.59,39.46
39.7840,-0.066667,0.004541,0,77.59,39.46
39.7920,-0.067643,0.004012,0,77.59,39.46
39.8000,-0.070085,0.003143,0,77.59,39.46
39.8080,-0.070574,0.002243,0,77.59,39.46
39.8160,-0.070085,0.001496,0,77.59,39.46
39.8240,-0.070574,0.000880,0,77.59,39.46
39.8320,-0.070574,-0.032000,0,77.59,39.46
39.8400,-0.071551,-0.033798,0,77.59,39.46
39.8480,-0.072039,-0.035262,0,77.59,39.46
39.8560,-0.071062,-0.036179,0,77.59,39.46
39.8640,-0.070085,-0.036402,0,77.59,39.46
39.8720,-0.068132,-0.035861,0,77.59,39.46
39.8800,-0.065201,-0.034553,0,77.59,39.46
39.8880,-0.061783,-0.032515,0,77.59,39.46
39.8960,-0.058852,-0.029797,0,77.59,39.46
39.9040,-0.054457,-0.026520,0,77.59,39.46
39.9120,-0.047619,-0.022962,0,77.59,39.46
39.9200,-0.042247,-0.019461,0,77.59,39.46
39.9280,-0.039316,-0.016142,0,77.59,39.46
39.9360,-0.031502,-0.037000,0,77.59,39.46
39.9440,-0.025641,-0.033565,0,77.59,39.46
39.9520,-0.017827,-0.031012,0,77.59,39.46
39.9600,-0.012454,-0.029779,0,77.59,39.46
39.9680,-0.012943,-0.029646,0,77.59,39.46
39.9760,-0.010501,-0.029664,0,77.59,39.46
39.9840,-0.008547,-0.028620,0,77.59,39.46
39.9920,-0.005128,-0.025735,0,77.59,39.46
40.0000,0.007570,-0.021254,0,77.59,39.46
40.0080,0.015873,-0.016469,0,77.59,39.46
40.0160,0.026618,-0.013035,0,77.59,39.46
40.0240,0.032479,-0.011937,0,77.59,39.46
40.0320,0.029060,-0.012688,0,77.59,39.46
40.0400,0.021245,0.089322,0,77.59,39.46
40.0480,0.011477,0.083127,0,77.59,39.46
40.0560,0.005617,0.076846,0,77.59,39.46
40.0640,-0.001221,0.071869,0,77.59,39.46
40.0720,-0.001221,0.068612,0,77.59,39.46
40.0800,-0.005128,0.066682,0,77.59,39.46
40.0880,-0.007082,0.065283,0,77.59,39.46
40.0960,-0.008547,0.063532,0,77.59,39.46
40.1040,-0.012454,0.060666,0,77.59,39.46
40.1120,-0.017827,0.056250,0,77.59,39.46
40.1200,-0.023687,0.050274,0,77.59,39.46
40.1280,-0.033944,0.043122,0,77.59,39.46
40.1360,-0.040781,0.035397,0,77.59,39.46
40.1440,-0.049084,0.019155,0,77.59,39.46
40.1520,-0.054945,0.013227,0,77.59,39.46
40.1600,-0.060317,0.008575,0,77.59,39.46
40.1680,-0.062759,0.005121,0,77.59,39.46
40.1760,-0.066667,0.002615,0,77.59,39.46
40.1840,-0.069597,0.000811,0,77.59,39.46
40.1920,-0.070574,-0.000465,0,77.59,39.46
40.2000,-0.073504,-0.001273,0,77.59,39.46
40.2080,-0.075458,-0.001540,0,77.59,39.46
40.2160,-0.076923,-0.001165,0,77.59,39.46
40.2240,-0.076923,-0.000187,0,77.59,39.46
40.2320,-0.075458,0.001172,0,77.59,39.46
40.2400,-0.077411,0.002685,0,77.59,39.46
40.2480,-0.078388,-0.038416,0,77.59,39.46
40.2560,-0.076435,-0.038012,0,77.59,39.46
40.2640,-0.075458,-0.037898,0,77.59,39.46
40.2720,-0.075946,-0.038308,0,77.59,39.46
40.2800,-0.079365,-0.039018,0,77.59,39.46
40.2880,-0.082784,-0.039386,0,77.59,39.46
40.2960,-0.081319,-0.038813,0,77.59,39.46
40.3040,-0.079365,-0.037113,0,77.59,39.46
40.3120,-0.078388,-0.034445,0,77.59,39.46
40.3200,-0.077411,-0.031029,0,77.59,39.46
40.3280,-0.076435,-0.027063,0,77.59,39.46
40.3360,-0.071551,-0.022783,0,77.59,39.46
40.3440,-0.071062,-0.018405,0,77.59,39.46
40.3520,-0.070085,-0.014342,0,77.59,39.46
40.3600,-0.073504,-0.015182,0,77.59,39.46
40.3680,-0.079853,-0.016958,0,77.59,39.46
40.3760,-0.079365,-0.018769,0,77.59,39.46
40.3840,-0.082295,-0.019841,0,77.59,39.46
40.3920,-0.084737,-0.019596,0,77.59,39.46
40.4000,-0.083761,-0.017729,0,77.59,39.46
40.4080,-0.082295,-0.014421,0,77.59,39.46
40.4160,-0.078388,-0.010464,0,77.59,39.46
40.4240,-0.073016,-0.007103,0,77.59,39.46
40.4320,-0.071551,-0.005522,0,77.59,39.46
40.4400,-0.072527,-0.006160,0,77.59,39.46
40.4480,-0.078388,-0.008337,0,77.59,39.46
40.4560,-0.085714,-0.243300,0,77.59,39.46
40.4640,-0.095482,-0.266406,0,77.59,39.46
40.4720,-0.110623,-0.293155,0,77.59,39.46
40.4800,-0.126252,-0.321766,0,77.59,39.46
40.4880,-0.144811,-0.349221,0,77.59,39.46
40.4960,-0.155556,-0.371545,0,77.59,39.46
40.5040,-0.156532,-0.384424,0,77.59,39.46
40.5120,-0.146764,-0.383844,0,77.59,39.46
40.5200,-0.119902,-0.366631,0,77.59,39.46
40.5280,-0.076923,-0.331036,0,77.59,39.46
40.5360,-0.018803,-0.277405,0,77.59,39.46
40.5440,0.057387,-0.208913,0,77.59,39.46
40.5520,0.149695,-0.131936,0,77.59,39.46
40.5600,0.266911,0.330222,0,77.59,39.46
40.5680,0.397802,0.457335,0,77.59,39.46
40.5760,0.535043,0.596132,0,77.59,39.46
40.5840,0.680098,0.737023,0,77.59,39.46
40.5920,0.841270,0.864324,0,77.59,39.46
40.6000,0.979976,0.958069,0,77.59,39.46
40.6080,1.000000,1.000000,1,77.59,39.46
40.6160,1.000000,0.980022,1,77.59,39.46
40.6240,0.881319,0.899721,0,77.59,39.46
40.6320,0.685470,0.772042,0,77.59,39.46
40.6400,0.493040,0.615797,0,77.59,39.46
40.6480,0.311844,0.447275,0,77.59,39.46
40.6560,0.138462,0.275434,0,77.59,39.46
40.6640,-0.017827,-0.062529,0,77.59,39.46
40.6720,-0.136996,-0.185840,0,77.59,39.46
40.6800,-0.210745,-0.263146,0,77.59,39.46
40.6880,-0.237118,-0.294549,0,77.59,39.46
40.6960,-0.221978,-0.286552,0,77.59,39.46
40.7040,-0.179976,-0.250871,0,77.59,39.46
40.7120,-0.125275,-0.201914,0,77.59,39.46
40.7200,-0.075458,-0.153643,0,77.59,39.46
40.7280,-0.039316,-0.116799,0,77.59,39.46
40.7360,-0.022222,-0.097249,0,77.59,39.46
40.7440,-0.021734,-0.095724,0,77.59,39.46
40.7520,-0.033455,-0.108620,0,77.59,39.46
40.7600,-0.052991,-0.129316,0,77.59,39.46
40.7680,-0.073504,-0.029256,0,77.59,39.46
40.7760,-0.091087,-0.045682,0,77.59,39.46
40.7840,-0.101343,-0.057926,0,77.59,39.46
40.7920,-0.108181,-0.065021,0,77.59,39.46
40.8000,-0.107692,-0.067433,0,77.59,39.46
40.8080,-0.107692,-0.066466,0,77.59,39.46
40.8160,-0.101832,-0.063669,0,77.59,39.46
40.8240,-0.098901,-0.060307,0,77.59,39.46
40.8320,-0.098413,-0.056913,0,77.59,39.46
40.8400,-0.100366,-0.053183,0,77.59,39.46
40.8480,-0.101343,-0.048419,0,77.59,39.46
40.8560,-0.102320,-0.042212,0,77.59,39.46
40.8640,-0.102320,-0.034902,0,77.59,39.46
40.8720,-0.101343,-0.241103,0,77.59,39.46
40.8800,-0.101832,-0.233927,0,77.59,39.46
40.8880,-0.101343,-0.222392,0,77.59,39.46
40.8960,-0.097924,-0.206961,0,77.59,39.46
40.9040,-0.093529,-0.188978,0,77.59,39.46
40.9120,-0.092552,-0.170312,0,77.59,39.46
40.9200,-0.094505,-0.152682,0,77.59,39.46
40.9280,-0.098901,-0.137253,0,77.59,39.46
40.9360,-0.098901,-0.124711,0,77.59,39.46
40.9440,-0.097924,-0.115500,0,77.59,39.46
40.9520,-0.096459,-0.109796,0,77.59,39.46
40.9600,-0.094017,-0.107224,0,77.59,39.46
40.9680,-0.093529,-0.106602,0,77.59,39.46
40.9760,-0.093529,-0.000678,0,77.59,39.46
40.9840,-0.093529,-0.002679,0,77.59,39.46
40.9920,-0.092063,-0.005371,0,77.59,39.46
41.0000,-0.091087,-0.007780,0,77.59,39.46
41.0080,-0.091087,-0.009079,0,77.59,39.46
41.0160,-0.090598,-0.008739,0,77.59,39.46
41.0240,-0.086691,-0.006760,0,77.59,39.46
41.0320,-0.084249,-0.003773,0,77.59,39.46
41.0400,-0.080342,-0.000822,0,77.59,39.46
41.0480,-0.078877,0.001075,0,77.59,39.46
41.0560,-0.080830,0.001374,0,77.59,39.46
41.0640,-0.083272,0.000197,0,77.59,39.46
41.0720,-0.085226,-0.001836,0,77.59,39.46
41.0800,-0.085714,0.001843,0,77.59,39.46
41.0880,-0.086691,0.001040,0,77.59,39.46
41.0960,-0.085714,0.001355,0,77.59,39.46
41.1040,-0.084737,0.002934,0,77.59,39.46
41.1120,-0.079365,0.005521,0,77.59,39.46
41.1200,-0.076435,0.008491,0,77.59,39.46
41.1280,-0.072527,0.011056,0,77.59,39.46
41.1360,-0.070085,0.012518,0,77.59,39.46
41.1440,-0.070085,0.012475,0,77.59,39.46
41.1520,-0.071062,0.010923,0,77.59,39.46
41.1600,-0.073504,0.008202,0,77.59,39.46
41.1680,-0.077411,0.004815,0,77.59,39.46
41.1760,-0.078388,0.001180,0,77.59,39.46
41.1840,-0.076435,-0.009252,0,77.59,39.46
41.1920,-0.074481,-0.008520,0,77.59,39.46
41.2000,-0.073016,-0.006621,0,77.59,39.46
41.2080,-0.068620,-0.004141,0,77.59,39.46
41.2160,-0.062759,-0.001924,0,77.59,39.46
41.2240,-0.060806,-0.000775,0,77.59,39.46
41.2320,-0.059829,-0.001020,0,77.59,39.46
41.2400,-0.061783,-0.002318,0,77.59,39.46
41.2480,-0.062759,-0.003866,0,77.59,39.46
41.2560,-0.062759,-0.004835,0,77.59,39.46
41.2640,-0.061294,-0.004767,0,77.59,39.46
41.2720,-0.056410,-0.003733,0,77.59,39.46
41.2800,-0.054457,-0.002171,0,77.59,39.46
41.2880,-0.052991,-0.004136,0,77.59,39.46
41.2960,-0.047619,-0.002804,0,77.59,39.46
41.3040,-0.045665,-0.002286,0,77.59,39.46
41.3120,-0.044200,-0.002805,0,77.59,39.46
41.3200,-0.045177,-0.004119,0,77.59,39.46
41.3280,-0.047131,-0.005587,0,77.59,39.46
41.3360,-0.046154,-0.006529,0,77.59,39.46
41.3440,-0.044200,-0.006613,0,77.59,39.46
41.3520,-0.039805,-0.005941,0,77.59,39.46
41.3600,-0.037851,-0.004795,0,77.59,39.46
41.3680,-0.036386,-0.003339,0,77.59,39.46
41.3760,-0.032479,-0.001621,0,77.59,39.46
41.3840,-0.028571,0.000266,0,77.59,39.46
41.3920,-0.030037,0.012497,0,77.59,39.46
41.4000,-0.031502,0.010985,0,77.59,39.46
41.4080,-0.035409,0.009803,0,77.59,39.46
41.4160,-0.032479,0.009711,0,77.59,39.46
41.4240,-0.028571,0.010764,0,77.59,39.46
41.4320,-0.024664,0.012383,0,77.59,39.46
41.4400,-0.023199,0.013835,0,77.59,39.46
41.4480,-0.022222,0.014596,0,77.59,39.46
41.4560,-0.020757,0.014375,0,77.59,39.46
41.4640,-0.019780,0.013071,0,77.59,39.46
41.4720,-0.023199,0.010813,0,77.59,39.46
41.4800,-0.023687,0.007927,0,77.59,39.46
41.4880,-0.025153,0.004758,0,77.59,39.46
41.4960,-0.023199,0.002363,0,77.59,39.46
41.5040,-0.018803,0.003640,0,77.59,39.46
41.5120,-0.016361,0.005919,0,77.59,39.46
41.5200,-0.013919,0.008771,0,77.59,39.46
41.5280,-0.008059,0.011656,0,77.59,39.46
41.5360,-0.005128,0.013908,0,77.59,39.46
41.5440,-0.001221,0.014915,0,77.59,39.46
41.5520,-0.000733,0.014419,0,77.59,39.46
41.5600,-0.004151,0.012690,0,77.59,39.46
41.5680,-0.005128,0.010332,0,77.59,39.46
41.5760,-0.004640,0.007869,0,77.59,39.46
41.5840,-0.006593,0.005532,0,77.59,39.46
41.5920,-0.006593,0.003319,0,77.59,39.46
41.6000,-0.007570,0.051814,0,77.59,39.46
41.6080,-0.009035,0.051886,0,77.59,39.46
41.6160,-0.010012,0.051386,0,77.59,39.46
41.6240,-0.010501,0.049887,0,77.59,39.46
41.6320,-0.014896,0.047166,0,77.59,39.46
41.6400,-0.021734,0.043442,0,77.59,39.46
41.6480,-0.026129,0.039276,0,77.59,39.46
41.6560,-0.031990,0.035276,0,77.59,39.46
41.6640,-0.036874,0.031854,0,77.59,39.46
41.6720,-0.038828,0.029139,0,77.59,39.46
41.6800,-0.043712,0.027029,0,77.59,39.46
41.6880,-0.046154,0.025339,0,77.59,39.46
41.6960,-0.049573,0.023876,0,77.59,39.46
41.7040,-0.053968,0.027374,0,77.59,39.46
41.7120,-0.059829,0.023365,0,77.59,39.46
41.7200,-0.067643,0.018937,0,77.59,39.46
41.7280,-0.075458,0.014894,0,77.59,39.46
41.7360,-0.080342,0.011938,0,77.59,39.46
41.7440,-0.082295,0.010303,0,77.59,39.46
41.7520,-0.085226,0.009754,0,77.59,39.46
41.7600,-0.088156,0.009858,0,77.59,39.46
41.7680,-0.090598,0.010177,0,77.59,39.46
41.7760,-0.093040,0.010294,0,77.59,39.46
41.7840,-0.094017,0.009856,0,77.59,39.46
41.7920,-0.099878,0.008749,0,77.59,39.46
41.8000,-0.104274,0.007211,0,77.59,39.46
41.8080,-0.112576,-0.028407,0,77.59,39.46
41.8160,-0.115507,-0.030980,0,77.59,39.46
41.8240,-0.116972,-0.032212,0,77.59,39.46
41.8320,-0.118437,-0.032093,0,77.59,39.46
41.8400,-0.119902,-0.030800,0,77.59,39.46
41.8480,-0.121368,-0.028581,0,77.59,39.46
41.8560,-0.119414,-0.025864,0,77.59,39.46
41.8640,-0.117460,-0.023286,0,77.59,39.46
41.8720,-0.117460,-0.021393,0,77.59,39.46
41.8800,-0.120391,-0.020247,0,77.59,39.46
41.8880,-0.125275,-0.019374,0,77.59,39.46
41.8960,-0.126252,-0.018218,0,77.59,39.46
41.9040,-0.125275,-0.016671,0,77.59,39.46
41.9120,-0.123321,-0.029323,0,77.59,39.46
41.9200,-0.120391,-0.025550,0,77.59,39.46
41.9280,-0.117949,-0.021777,0,77.59,39.46
41.9360,-0.116972,-0.018663,0,77.59,39.46
41.9440,-0.116484,-0.016612,0,77.59,39.46
41.9520,-0.116972,-0.015725,0,77.59,39.46
41.9600,-0.118437,-0.015800,0,77.59,39.46
41.9680,-0.121368,-0.016357,0,77.59,39.46
41.9760,-0.123810,-0.016765,0,77.59,39.46
41.9840,-0.124298,-0.016479,0,77.59,39.46
41.9920,-0.124786,-0.015227,0,77.59,39.46
42.0000,-0.123810,-0.013067,0,77.59,39.46
42.0080,-0.121856,-0.010362,0,77.59,39.46
42.0160,-0.117949,-0.019037,0,77.59,39.46
42.0240,-0.116972,-0.017581,0,77.59,39.46
42.0320,-0.115507,-0.017444,0,77.59,39.46
42.0400,-0.117460,-0.018493,0,77.59,39.46
42.0480,-0.122344,-0.019923,0,77.59,39.46
42.0560,-0.123321,-0.020646,0,77.59,39.46
42.0640,-0.121368,-0.019911,0,77.59,39.46
42.0720,-0.118437,-0.017633,0,77.59,39.46
42.0800,-0.115995,-0.014324,0,77.59,39.46
42.0880,-0.109646,-0.010903,0,77.59,39.46
42.0960,-0.105739,-0.008381,0,77.59,39.46
42.1040,-0.102808,-0.007338,0,77.59,39.46
42.1120,-0.106227,-0.007444,0,77.59,39.46
42.1200,-0.110623,0.005176,0,77.59,39.46
42.1280,-0.116484,0.001983,0,77.59,39.46
42.1360,-0.116484,-0.000014,0,77.59,39.46
42.1440,-0.115995,-0.000071,0,77.59,39.46
42.1520,-0.113553,0.001820,0,77.59,39.46
42.1600,-0.109646,0.005087,0,77.59,39.46
42.1680,-0.105739,0.008772,0,77.59,39.46
42.1760,-0.101343,0.011759,0,77.59,39.46
42.1840,-0.098901,0.013060,0,77.59,39.46
42.1920,-0.099878,0.012157,0,77.59,39.46
42.2000,-0.103785,0.009187,0,77.59,39.46
42.2080,-0.108669,0.004788,0,77.59,39.46
42.2160,-0.111600,-0.000278,0,77.59,39.46
42.2240,-0.108669,-0.001475,0,77.59,39.46
42.2320,-0.106227,-0.000431,0,77.59,39.46
42.2400,-0.104274,0.001355,0,77.59,39.46
42.2480,-0.101343,0.003028,0,77.59,39.46
42.2560,-0.099878,0.003888,0,77.59,39.46
42.2640,-0.099389,0.003605,0,77.59,39.46
42.2720,-0.101343,0.002341,0,77.59,39.46
42.2800,-0.103297,0.000672,0,77.59,39.46
42.2880,-0.104762,-0.000714,0,77.59,39.46
42.2960,-0.102808,-0.001351,0,77.59,39.46
42.3040,-0.102320,-0.001107,0,77.59,39.46
42.3120,-0.101343,-0.000096,0,77.59,39.46
42.3200,-0.098413,0.001371,0,77.59,39.46
42.3280,-0.096459,0.010169,0,77.59,39.46
42.3360,-0.093040,0.011963,0,77.59,39.46
42.3440,-0.089133,0.012415,0,77.59,39.46
42.3520,-0.092063,0.011203,0,77.59,39.46
42.3600,-0.096459,0.008775,0,77.59,39.46
42.3680,-0.099878,0.006086,0,77.59,39.46
42.3760,-0.100366,0.003978,0,77.59,39.46
42.3840,-0.099878,0.002809,0,77.59,39.46
42.3920,-0.099878,0.002529,0,77.59,39.46
42.4000,-0.099389,0.002946,0,77.59,39.46
42.4080,-0.099389,0.003877,0,77.59,39.46
42.4160,-0.096947,0.005148,0,77.59,39.46
42.4240,-0.095971,0.006581,0,77.59,39.46
42.4320,-0.099878,0.006509,0,77.59,39.46
42.4400,-0.099878,0.005995,0,77.59,39.46
42.4480,-0.099878,0.005866,0,77.59,39.46
42.4560,-0.098413,0.006210,0,77.59,39.46
42.4640,-0.096947,0.006840,0,77.59,39.46
42.4720,-0.096459,0.007500,0,77.59,39.46
42.4800,-0.097924,0.008023,0,77.59,39.46
42.4880,-0.096947,0.008269,0,77.59,39.46
42.4960,-0.094994,0.008016,0,77.59,39.46
42.5040,-0.096947,0.007113,0,77.59,39.46
42.5120,-0.100366,0.005701,0,77.59,39.46
42.5200,-0.101343,0.004100,0,77.59,39.46
42.5280,-0.101832,0.002507,0,77.59,39.46
42.5360,-0.101343,-0.000574,0,77.59,39.46
42.5440,-0.101343,-0.000479,0,77.59,39.46
42.5520,-0.100855,-0.000019,0,77.59,39.46
42.5600,-0.100855,0.000647,0,77.59,39.46
42.5680,-0.099878,0.001315,0,77.59,39.46
42.5760,-0.098901,0.001714,0,77.59,39.46
42.5840,-0.097924,0.001598,0,77.59,39.46
42.5920,-0.099389,0.000930,0,77.59,39.46
42.6000,-0.101343,-0.000019,0,77.59,39.46
42.6080,-0.101832,-0.000810,0,77.59,39.46
42.6160,-0.103297,-0.001086,0,77.59,39.46
42.6240,-0.101343,-0.000760,0,77.59,39.46
42.6320,-0.100855,-0.000046,0,77.59,39.46
42.6400,-0.099389,-0.001038,0,77.59,39.46
42.6480,-0.098901,0.000528,0,77.59,39.46
42.6560,-0.094505,0.001510,0,77.59,39.46
42.6640,-0.094505,0.001422,0,77.59,39.46
42.6720,-0.097924,0.000271,0,77.59,39.46
42.6800,-0.101343,-0.001381,0,77.59,39.46
42.6880,-0.101832,-0.002850,0,77.59,39.46
42.6960,-0.101343,-0.003748,0,77.59,39.46
42.7040,-0.101343,-0.004000,0,77.59,39.46
42.7120,-0.100855,-0.003633,0,77.59,39.46
42.7200,-0.101343,-0.002629,0,77.59,39.46
42.7280,-0.099878,-0.001005,0,77.59,39.46
42.7360,-0.096947,0.001029,0,77.59,39.46
42.7440,-0.094017,-0.004173,0,77.59,39.46
42.7520,-0.094017,-0.004630,0,77.59,39.46
42.7600,-0.098413,-0.006012,0,77.59,39.46
42.7680,-0.099878,-0.007687,0,77.59,39.46
42.7760,-0.099878,-0.008974,0,77.59,39.46
42.7840,-0.100366,-0.009432,0,77.59,39.46
42.7920,-0.099878,-0.008894,0,77.59,39.46
42.8000,-0.097924,-0.007459,0,77.59,39.46
42.8080,-0.095971,-0.005510,0,77.59,39.46
42.8160,-0.092063,-0.003645,0,77.59,39.46
42.8240,-0.090110,-0.002464,0,77.59,39.46
42.8320,-0.089133,-0.002246,0,77.59,39.46
42.8400,-0.091087,-0.002729,0,77.59,39.46
42.8480,-0.091087,0.006310,0,77.59,39.46
42.8560,-0.092063,0.006129,0,77.59,39.46
42.8640,-0.090598,0.006267,0,77.59,39.46
42.8720,-0.090110,0.006669,0,77.59,39.46
42.8800,-0.089133,0.007130,0,77.59,39.46
42.8880,-0.090598,0.007418,0,77.59,39.46
42.8960,-0.088156,0.007297,0,77.59,39.46
42.9040,-0.088645,0.006589,0,77.59,39.46
42.9120,-0.090598,0.005370,0,77.59,39.46
42.9200,-0.093529,0.004041,0,77.59,39.46
42.9280,-0.094017,0.003095,0,77.59,39.46
42.9360,-0.094505,0.002773,0,77.59,39.46
42.9440,-0.093040,0.002913,0,77.59,39.46
42.9520,-0.090110,0.001594,0,77.59,39.46
42.9600,-0.086203,0.003986,0,77.59,39.46
42.9680,-0.085226,0.005959,0,77.59,39.46
42.9760,-0.082295,0.006989,0,77.59,39.46
42.9840,-0.084249,0.006901,0,77.59,39.46
42.9920,-0.084737,0.005892,0,77.59,39.46
43.0000,-0.086203,0.004393,0,77.59,39.46
43.0080,-0.088156,0.002905,0,77.59,39.46
43.0160,-0.089133,0.001841,0,77.59,39.46
43.0240,-0.088156,0.001399,0,77.59,39.46
43.0320,-0.087668,0.001565,0,77.59,39.46
43.0400,-0.088156,0.002215,0,77.59,39.46
43.0480,-0.086203,0.003152,0,77.59,39.46
43.0560,-0.085226,0.002299,0,77.59,39.46
43.0640,-0.084249,0.002534,0,77.59,39.46
43.0720,-0.085226,0.002473,0,77.59,39.46
43.0800,-0.085714,0.002208,0,77.59,39.46
43.0880,-0.085714,0.001882,0,77.59,39.46
43.0960,-0.085714,0.001598,0,77.59,39.46
43.1040,-0.085714,0.001408,0,77.59,39.46
43.1120,-0.085714,0.001334,0,77.59,39.46
43.1200,-0.086203,0.001379,0,77.59,39.46
43.1280,-0.085714,0.001490,0,77.59,39.46
43.1360,-0.084249,0.001546,0,77.59,39.46
43.1440,-0.084737,0.001440,0,77.59,39.46
43.1520,-0.085714,0.001188,0,77.59,39.46
43.1600,-0.087179,-0.002411,0,77.59,39.46
43.1680,-0.088156,-0.002872,0,77.59,39.46
43.1760,-0.087668,-0.002767,0,77.59,39.46
43.1840,-0.085714,-0.002060,0,77.59,39.46
43.1920,-0.084249,-0.000900,0,77.59,39.46
43.2000,-0.083272,0.000497,0,77.59,39.46
43.2080,-0.082784,0.001879,0,77.59,39.46
43.2160,-0.078388,0.002884,0,77.59,39.46
43.2240,-0.077411,0.003131,0,77.59,39.46
43.2320,-0.079365,0.002509,0,77.59,39.46
43.2400,-0.082295,0.001294,0,77.59,39.46
43.2480,-0.083272,-0.000108,0,77.59,39.46
43.2560,-0.083272,-0.001483,0,77.59,39.46
43.2640,-0.085226,-0.004891,0,77.59,39.46
43.2720,-0.085226,-0.005963,0,77.59,39.46
43.2800,-0.086203,-0.006666,0,77.59,39.46
43.2880,-0.087179,-0.006971,0,77.59,39.46
43.2960,-0.086203,-0.006924,0,77.59,39.46
43.3040,-0.084737,-0.006689,0,77.59,39.46
43.3120,-0.083761,-0.006416,0,77.59,39.46
43.3200,-0.085714,-0.006064,0,77.59,39.46
43.3280,-0.085226,-0.005473,0,77.59,39.46
43.3360,-0.082295,-0.004653,0,77.59,39.46
43.3440,-0.080342,-0.003860,0,77.59,39.46
43.3520,-0.079853,-0.003344,0,77.59,39.46
43.3600,-0.080342,-0.003089,0,77.59,39.46
43.3680,-0.076923,-0.009349,0,77.59,39.46
43.3760,-0.075946,-0.009887,0,77.59,39.46
43.3840,-0.076923,-0.011643,0,77.59,39.46
43.3920,-0.078388,-0.014504,0,77.59,39.46
43.4000,-0.084737,-0.017804,0,77.59,39.46
43.4080,-0.086203,-0.020606,0,77.59,39.46
43.4160,-0.085714,-0.022166,0,77.59,39.46
43.4240,-0.085714,-0.022151,0,77.59,39.46
43.4320,-0.082295,-0.020578,0,77.59,39.46
43.4400,-0.079365,-0.017683,0,77.59,39.46
43.4480,-0.074969,-0.013827,0,77.59,39.46
43.4560,-0.068620,-0.009416,0,77.59,39.46
43.4640,-0.064713,-0.004793,0,77.59,39.46
43.4720,-0.064225,0.015329,0,77.59,39.46
43.4800,-0.069109,0.012758,0,77.59,39.46
43.4880,-0.074481,0.008501,0,77.59,39.46
43.4960,-0.079365,0.003837,0,77.59,39.46
43.5040,-0.082784,-0.000048,0,77.59,39.46
43.5120,-0.085714,-0.002366,0,77.59,39.46
43.5200,-0.085714,-0.002836,0,77.59,39.46
43.5280,-0.085226,-0.001725,0,77.59,39.46
43.5360,-0.080830,0.000249,0,77.59,39.46
43.5440,-0.079365,0.002199,0,77.59,39.46
43.5520,-0.077900,0.003475,0,77.59,39.46
43.5600,-0.078877,0.003915,0,77.59,39.46
43.5680,-0.079365,0.003814,0,77.59,39.46
43.5760,-0.078388,-0.010258,0,77.59,39.46
43.5840,-0.076435,-0.009393,0,77.59,39.46
43.5920,-0.074969,-0.008147,0,77.59,39.46
43.6000,-0.071062,-0.006905,0,77.59,39.46
43.6080,-0.071062,-0.006123,0,77.59,39.46
43.6160,-0.070085,-0.006137,0,77.59,39.46
43.6240,-0.068620,-0.007069,0,77.59,39.46
43.6320,-0.070085,-0.008698,0,77.59,39.46
43.6400,-0.073016,-0.010342,0,77.59,39.46
43.6480,-0.074969,-0.011048,0,77.59,39.46
43.6560,-0.072527,-0.010092,0,77.59,39.46
43.6640,-0.069597,-0.007398,0,77.59,39.46
43.6720,-0.063736,-0.003607,0,77.59,39.46
43.6800,-0.058852,-0.041869,0,77.59,39.46
43.6880,-0.051526,-0.037504,0,77.59,39.46
43.6960,-0.041758,-0.033883,0,77.59,39.46
43.7040,-0.038828,-0.031777,0,77.59,39.46
43.7120,-0.037363,-0.031214,0,77.59,39.46
43.7200,-0.036874,-0.031510,0,77.59,39.46
43.7280,-0.033944,-0.031776,0,77.59,39.46
43.7360,-0.030525,-0.031386,0,77.59,39.46
43.7440,-0.023687,-0.030093,0,77.59,39.46
43.7520,-0.020757,-0.027795,0,77.59,39.46
43.7600,-0.016850,-0.024338,0,77.59,39.46
43.7680,-0.009524,-0.019699,0,77.59,39.46
43.7760,-0.000244,-0.014292,0,77.59,39.46
43.7840,0.011477,0.070459,0,77.59,39.46
43.7920,0.017338,0.075171,0,77.59,39.46
43.8000,0.016850,0.075761,0,77.59,39.46
43.8080,0.009035,0.072696,0,77.59,39.46
43.8160,0.003663,0.067607,0,77.59,39.46
43.8240,-0.004151,0.062400,0,77.59,39.46
43.8320,-0.006593,0.058401,0,77.59,39.46
43.8400,-0.008059,0.055899,0,77.59,39.46
43.8480,-0.008059,0.054205,0,77.59,39.46
43.8560,-0.008547,0.052123,0,77.59,39.46
43.8640,-0.010989,0.048596,0,77.59,39.46
43.8720,-0.017338,0.043278,0,77.59,39.46
43.8800,-0.025641,0.036751,0,77.59,39.46
43.8880,-0.034432,0.044463,0,77.59,39.46
43.8960,-0.040781,0.037381,0,77.59,39.46
43.9040,-0.049084,0.030912,0,77.59,39.46
43.9120,-0.054457,0.025516,0,77.59,39.46
43.9200,-0.060806,0.021423,0,77.59,39.46
43.9280,-0.063248,0.018603,0,77.59,39.46
43.9360,-0.066667,0.016789,0,77.59,39.46
43.9440,-0.067643,0.015594,0,77.59,39.46
43.9520,-0.070085,0.014697,0,77.59,39.46
43.9600,-0.072527,0.013979,0,77.59,39.46
43.9680,-0.075458,0.013507,0,77.59,39.46
43.9760,-0.075946,0.013344,0,77.59,39.46
43.9840,-0.077411,0.013419,0,77.59,39.46
43.9920,-0.077411,-0.025938,0,77.59,39.46
44.0000,-0.079365,-0.026139,0,77.59,39.46
44.0080,-0.078877,-0.026188,0,77.59,39.46
44.0160,-0.078388,-0.026376,0,77.59,39.46
44.0240,-0.078388,-0.026897,0,77.59,39.46
44.0320,-0.082295,-0.027586,0,77.59,39.46
44.0400,-0.083761,-0.027915,0,77.59,39.46
44.0480,-0.084737,-0.027318,0,77.59,39.46
44.0560,-0.083272,-0.025560,0,77.59,39.46
44.0640,-0.080830,-0.022843,0,77.59,39.46
44.0720,-0.077900,-0.019648,0,77.59,39.46
44.0800,-0.076923,-0.016407,0,77.59,39.46
44.0880,-0.076923,-0.013267,0,77.59,39.46
44.0960,-0.075458,-0.029466,0,77.59,39.46
44.1040,-0.076435,-0.030040,0,77.59,39.46
44.1120,-0.080830,-0.031520,0,77.59,39.46
44.1200,-0.084249,-0.033250,0,77.59,39.46
44.1280,-0.085714,-0.034493,0,77.59,39.46
44.1360,-0.085714,-0.034739,0,77.59,39.46
44.1440,-0.085714,-0.033743,0,77.59,39.46
44.1520,-0.085714,-0.031463,0,77.59,39.46
44.1600,-0.082295,-0.028110,0,77.59,39.46
44.1680,-0.078388,-0.024217,0,77.59,39.46
44.1760,-0.074481,-0.020482,0,77.59,39.46
44.1840,-0.070574,-0.017403,0,77.59,39.46
44.1920,-0.071551,-0.014924,0,77.59,39.46
44.2000,-0.075458,0.068888,0,77.59,39.46
44.2080,-0.076435,0.071918,0,77.59,39.46
44.2160,-0.075946,0.074520,0,77.59,39.46
44.2240,-0.076435,0.075879,0,77.59,39.46
44.2320,-0.077411,0.074643,0,77.59,39.46
44.2400,-0.085714,0.069613,0,77.59,39.46
44.2480,-0.095971,0.060463,0,77.59,39.46
44.2560,-0.110623,0.048215,0,77.59,39.46
44.2640,-0.129670,0.035380,0,77.59,39.46
44.2720,-0.148230,0.025503,0,77.59,39.46
44.2800,-0.160440,0.021818,0,77.59,39.46
44.2880,-0.160928,0.025405,0,77.59,39.46
44.2960,-0.145299,0.033977,0,77.59,39.46
44.3040,-0.113553,-1.000000,0,77.59,39.46
44.3120,-0.062271,-0.991362,0,77.59,39.46
44.3200,0.003175,-0.963266,0,77.59,39.46
44.3280,0.086203,-0.914773,0,77.59,39.46
44.3360,0.193162,-0.846021,0,77.59,39.46
44.3440,0.320635,-0.759304,0,77.59,39.46
44.3520,0.453968,-0.659849,0,77.59,39.46
44.3600,0.589744,-0.556527,0,77.59,39.46
44.3680,0.733822,-0.462806,0,77.59,39.46
44.3760,0.889621,-0.395953,1,77.59,39.46
44.3840,1.000000,-0.370990,1,77.59,39.46
44.3920,1.000000,-0.390589,0,77.59,39.46
44.4000,0.967277,-0.439370,0,77.59,39.46
44.4080,0.789499,0.858204,0,77.59,39.46
44.4160,0.590720,0.718497,0,77.59,39.46
44.4240,0.405128,0.561165,0,77.59,39.46
44.4320,0.225397,0.406144,0,77.59,39.46
44.4400,0.060806,0.268507,0,77.59,39.46
44.4480,-0.084249,0.159143,0,77.59,39.46
44.4560,-0.186325,0.085238,0,77.59,39.46
44.4640,-0.239560,0.049655,0,77.59,39.46
44.4720,-0.250305,0.050325,0,77.59,39.46
44.4800,-0.221001,0.080767,0,77.59,39.46
44.4880,-0.170696,0.131958,0,77.59,39.46
44.4960,-0.113065,0.194988,0,77.59,39.46
44.5040,-0.066667,0.263146,0,77.59,39.46
44.5120,-0.036874,0.031945,0,77.59,39.46
44.5200,-0.026129,0.052561,0,77.59,39.46
44.5280,-0.030525,0.057529,0,77.59,39.46
44.5360,-0.043712,0.050853,0,77.59,39.46
44.5440,-0.063248,0.037800,0,77.59,39.46
44.5520,-0.083272,0.023486,0,77.59,39.46
44.5600,-0.098413,0.011786,0,77.59,39.46
44.5680,-0.105739,0.004686,0,77.59,39.46
44.5760,-0.107692,0.002305,0,77.59,39.46
44.5840,-0.106227,0.003570,0,77.59,39.46
44.5920,-0.105739,0.007145,0,77.59,39.46
44.6000,-0.105739,0.012029,0,77.59,39.46
44.6080,-0.102320,0.017569,0,77.59,39.46
44.6160,-0.099878,-0.237772,0,77.59,39.46
44.6240,-0.096459,-0.240155,0,77.59,39.46
44.6320,-0.094994,-0.241656,0,77.59,39.46
44.6400,-0.096947,-0.241753,0,77.59,39.46
44.6480,-0.097924,-0.239787,0,77.59,39.46
44.6560,-0.094505,-0.235300,0,77.59,39.46
44.6640,-0.096947,-0.228030,0,77.59,39.46
44.6720,-0.101343,-0.217608,0,77.59,39.46
44.6800,-0.106227,-0.203551,0,77.59,39.46
44.6880,-0.108669,-0.185678,0,77.59,39.46
44.6960,-0.108669,-0.164457,0,77.59,39.46
44.7040,-0.105739,-0.140928,0,77.59,39.46
44.7120,-0.102320,-0.116322,0,77.59,39.46
44.7200,-0.099389,-0.010204,0,77.59,39.46
44.7280,-0.094994,0.005049,0,77.59,39.46
44.7360,-0.090110,0.015932,0,77.59,39.46
44.7440,-0.086203,0.021906,0,77.59,39.46
44.7520,-0.087179,0.023177,0,77.59,39.46
44.7600,-0.090110,0.020808,0,77.59,39.46
44.7680,-0.091087,0.016378,0,77.59,39.46
44.7760,-0.091575,0.011435,0,77.59,39.46
44.7840,-0.092552,0.007203,0,77.59,39.46
44.7920,-0.093040,0.004548,0,77.59,39.46
44.8000,-0.094994,0.003954,0,77.59,39.46
44.8080,-0.093529,0.005353,0,77.59,39.46
44.8160,-0.090598,0.007987,0,77.59,39.46
44.8240,-0.088156,-0.015385,0,77.59,39.46
44.8320,-0.087668,-0.013871,0,77.59,39.46
44.8400,-0.089133,-0.012822,0,77.59,39.46
44.8480,-0.087179,-0.012046,0,77.59,39.46
44.8560,-0.086203,-0.011232,0,77.59,39.46
44.8640,-0.084249,-0.010101,0,77.59,39.46
44.8720,-0.082295,-0.008466,0,77.59,39.46
44.8800,-0.079365,-0.006366,0,77.59,39.46
44.8880,-0.074481,-0.004184,0,77.59,39.46
44.8960,-0.070574,-0.002579,0,77.59,39.46
44.9040,-0.068132,-0.002164,0,77.59,39.46
44.9120,-0.067643,-0.003129,0,77.59,39.46
44.9200,-0.070085,-0.005038,0,77.59,39.46
44.9280,-0.070574,0.010616,0,77.59,39.46
44.9360,-0.072039,0.008515,0,77.59,39.46
44.9440,-0.073504,0.006698,0,77.59,39.46
44.9520,-0.074481,0.005595,0,77.59,39.46
44.9600,-0.074481,0.005446,0,77.59,39.46
44.9680,-0.073016,0.006156,0,77.59,39.46
44.9760,-0.069597,0.007246,0,77.59,39.46
44.9840,-0.065690,0.008061,0,77.59,39.46
44.9920,-0.067643,0.008175,0,77.59,39.46
45.0000,-0.067643,0.007598,0,77.59,39.46
45.0080,-0.067155,0.006564,0,77.59,39.46
45.0160,-0.067155,0.005277,0,77.59,39.46
45.0240,-0.067643,0.003870,0,77.59,39.46
45.0320,-0.063736,-0.006953,0,77.59,39.46
45.0400,-0.059829,-0.004793,0,77.59,39.46
45.0480,-0.055433,-0.002439,0,77.59,39.46
45.0560,-0.053480,-0.000632,0,77.59,39.46
45.0640,-0.049084,0.000065,0,77.59,39.46
45.0720,-0.049084,-0.000508,0,77.59,39.46
45.0800,-0.051526,-0.001956,0,77.59,39.46
45.0880,-0.052015,-0.003504,0,77.59,39.46
45.0960,-0.051526,-0.004442,0,77.59,39.46
45.1040,-0.047619,-0.004454,0,77.59,39.46
45.1120,-0.046154,-0.003563,0,77.59,39.46
45.1200,-0.043712,-0.001954,0,77.59,39.46
45.1280,-0.039316,0.000066,0,77.59,39.46
45.1360,-0.037851,0.010855,0,77.59,39.46
45.1440,-0.035897,0.011381,0,77.59,39.46
45.1520,-0.035897,0.011527,0,77.59,39.46
45.1600,-0.036386,0.011739,0,77.59,39.46
45.1680,-0.033944,0.012362,0,77.59,39.46
45.1760,-0.031013,0.013359,0,77.59,39.46
45.1840,-0.028083,0.014329,0,77.59,39.46
45.1920,-0.026129,0.014793,0,77.59,39.46
45.2000,-0.027595,0.014449,0,77.59,39.46
45.2080,-0.026129,0.013237,0,77.59,39.46
45.2160,-0.028083,0.011264,0,77.59,39.46
45.2240,-0.030037,0.008761,0,77.59,39.46
45.2320,-0.031013,0.006004,0,77.59,39.46
45.2400,-0.031013,0.004170,0,77.59,39.46
45.2480,-0.029548,0.006024,0,77.59,39.46
45.2560,-0.023199,0.009762,0,77.59,39.46
45.2640,-0.016361,0.014637,0,77.59,39.46
45.2720,-0.009524,0.019511,0,77.59,39.46
45.2800,-0.006105,0.023276,0,77.59,39.46
45.2880,-0.002686,0.025122,0,77.59,39.46
45.2960,-0.001221,0.024631,0,77.59,39.46
45.3040,-0.002198,0.021881,0,77.59,39.46
45.3120,-0.007570,0.017569,0,77.59,39.46
45.3200,-0.013919,0.012816,0,77.59,39.46
45.3280,-0.016361,0.008542,0,77.59,39.46
45.3360,-0.015385,0.004869,0,77.59,39.46
45.3440,-0.011966,0.028889,0,77.59,39.46
45.3520,-0.008059,0.033146,0,77.59,39.46
45.3600,-0.004640,0.038187,0,77.59,39.46
45.3680,0.003175,0.042635,0,77.59,39.46
45.3760,0.006593,0.045140,0,77.59,39.46
45.3840,0.005617,0.044977,0,77.59,39.46
45.3920,-0.000733,0.042428,0,77.59,39.46
45.4000,-0.006105,0.038495,0,77.59,39.46
45.4080,-0.008547,0.034176,0,77.59,39.46
45.4160,-0.012943,0.029990,0,77.59,39.46
45.4240,-0.014896,0.025997,0,77.59,39.46
45.4320,-0.019780,0.022067,0,77.59,39.46
45.4400,-0.024176,0.018122,0,77.59,39.46
45.4480,-0.028571,0.043594,0,77.59,39.46
45.4560,-0.031990,0.040295,0,77.59,39.46
45.4640,-0.038339,0.036735,0,77.59,39.46
45.4720,-0.044200,0.033266,0,77.59,39.46
45.4800,-0.050061,0.030377,0,77.59,39.46
45.4880,-0.054457,0.028398,0,77.59,39.46
45.4960,-0.056410,0.027233,0,77.59,39.46
45.5040,-0.056899,0.026383,0,77.59,39.46
45.5120,-0.061783,0.025298,0,77.59,39.46
45.5200,-0.067155,0.023706,0,77.59,39.46
45.5280,-0.069597,0.021576,0,77.59,39.46
45.5360,-0.074969,0.018987,0,77.59,39.46
45.5440,-0.080342,0.016135,0,77.59,39.46
45.5520,-0.086203,-0.010131,0,77.59,39.46
45.5600,-0.092063,-0.013317,0,77.59,39.46
45.5680,-0.095482,-0.015513,0,77.59,39.46
45.5760,-0.096459,-0.016744,0,77.59,39.46
45.5840,-0.100366,-0.017271,0,77.59,39.46
45.5920,-0.102320,-0.017351,0,77.59,39.46
45.6000,-0.104762,-0.017151,0,77.59,39.46
45.6080,-0.106716,-0.016754,0,77.59,39.46
45.6160,-0.108181,-0.016164,0,77.59,39.46
45.6240,-0.109646,-0.015266,0,77.59,39.46
45.6320,-0.112576,-0.013827,0,77.59,39.46
45.6400,-0.113553,-0.011667,0,77.59,39.46
45.6480,-0.111600,-0.008950,0,77.59,39.46
45.6560,-0.111600,-0.034370,0,77.59,39.46
45.6640,-0.113553,-0.033904,0,77.59,39.46
45.6720,-0.116972,-0.033491,0,77.59,39.46
45.6800,-0.116972,-0.032831,0,77.59,39.46
45.6880,-0.118437,-0.031764,0,77.59,39.46
45.6960,-0.117460,-0.030371,0,77.59,39.46
45.7040,-0.116972,-0.028851,0,77.59,39.46
45.7120,-0.118437,-0.027296,0,77.59,39.46
45.7200,-0.119902,-0.025610,0,77.59,39.46
45.7280,-0.118437,-0.023658,0,77.59,39.46
45.7360,-0.118437,-0.021440,0,77.59,39.46
45.7440,-0.116972,-0.019064,0,77.59,39.46
45.7520,-0.116972,-0.016638,0,77.59,39.46
45.7600,-0.114530,-0.026856,0,77.59,39.46
45.7680,-0.111600,-0.025123,0,77.59,39.46
45.7760,-0.111111,-0.024343,0,77.59,39.46
45.7840,-0.111600,-0.024593,0,77.59,39.46
45.7920,-0.115507,-0.025384,0,77.59,39.46
45.8000,-0.116484,-0.025887,0,77.59,39.46
45.8080,-0.116484,-0.025378,0,77.59,39.46
45.8160,-0.114530,-0.023580,0,77.59,39.46
45.8240,-0.111600,-0.020741,0,77.59,39.46
45.8320,-0.107204,-0.017498,0,77.59,39.46
45.8400,-0.102808,-0.014585,0,77.59,39.46
45.8480,-0.101832,-0.012417,0,77.59,39.46
45.8560,-0.101343,-0.010848,0,77.59,39.46
45.8640,-0.105739,-0.012299,0,77.59,39.46
45.8720,-0.109646,-0.015820,0,77.59,39.46
45.8800,-0.113553,-0.018796,0,77.59,39.46
45.8880,-0.114042,-0.020247,0,77.59,39.46
45.8960,-0.110623,-0.019862,0,77.59,39.46
45.9040,-0.108181,-0.017957,0,77.59,39.46
45.9120,-0.103785,-0.015152,0,77.59,39.46
45.9200,-0.101343,-0.012077,0,77.59,39.46
45.9280,-0.097924,-0.009292,0,77.59,39.46
45.9360,-0.093529,-0.007339,0,77.59,39.46
45.9440,-0.090110,-0.006656,0,77.59,39.46
45.9520,-0.092063,-0.007287,0,77.59,39.46
45.9600,-0.092552,-0.008749,0,77.59,39.46
45.9680,-0.093040,0.013185,0,77.59,39.46
45.9760,-0.094505,0.011321,0,77.59,39.46
45.9840,-0.095971,0.009406,0,77.59,39.46
45.9920,-0.098413,0.007816,0,77.59,39.46
46.0000,-0.098901,0.006811,0,77.59,39.46
46.0080,-0.097924,0.006385,0,77.59,39.46
46.0160,-0.097436,0.006260,0,77.59,39.46
46.0240,-0.095971,0.006081,0,77.59,39.46
46.0320,-0.095971,0.005666,0,77.59,39.46
46.0400,-0.099389,0.005148,0,77.59,39.46
46.0480,-0.097924,0.004797,0,77.59,39.46
46.0560,-0.096459,0.004716,0,77.59,39.46
46.0640,-0.096459,0.004800,0,77.59,39.46
46.0720,-0.096459,-0.000480,0,77.59,39.46
46.0800,-0.093529,0.000706,0,77.59,39.46
46.0880,-0.091087,0.001775,0,77.59,39.46
46.0960,-0.089133,0.002197,0,77.59,39.46
46.1040,-0.089133,0.001672,0,77.59,39.46
46.1120,-0.091087,0.000334,0,77.59,39.46
46.1200,-0.092552,-0.001317,0,77.59,39.46
46.1280,-0.093529,-0.002695,0,77.59,39.46
46.1360,-0.092552,-0.003386,0,77.59,39.46
46.1440,-0.092552,-0.003214,0,77.59,39.46
46.1520,-0.091087,-0.002211,0,77.59,39.46
46.1600,-0.088156,-0.000578,0,77.59,39.46
46.1680,-0.086203,0.001378,0,77.59,39.46
46.1760,-0.085226,0.007548,0,77.59,39.46
46.1840,-0.086203,0.006254,0,77.59,39.46
46.1920,-0.090598,0.004442,0,77.59,39.46
46.2000,-0.093040,0.003046,0,77.59,39.46
46.2080,-0.092063,0.002733,0,77.59,39.46
46.2160,-0.088645,0.003495,0,77.59,39.46
46.2240,-0.086691,0.004794,0,77.59,39.46
46.2320,-0.085714,0.006014,0,77.59,39.46
46.2400,-0.086203,0.006743,0,77.59,39.46
46.2480,-0.085714,0.006763,0,77.59,39.46
46.2560,-0.085714,0.005931,0,77.59,39.46
46.2640,-0.086203,0.004227,0,77.59,39.46
46.2720,-0.090110,0.001937,0,77.59,39.46
46.2800,-0.093529,0.001827,0,77.59,39.46
46.2880,-0.094017,0.000653,0,77.59,39.46
46.2960,-0.092552,0.000399,0,77.59,39.46
46.3040,-0.092063,0.000892,0,77.59,39.46
46.3120,-0.090598,0.001834,0,77.59,39.46
46.3200,-0.091087,0.002973,0,77.59,39.46
46.3280,-0.090110,0.004054,0,77.59,39.46
46.3360,-0.086203,0.004715,0,77.59,39.46
46.3440,-0.087179,0.004620,0,77.59,39.46
46.3520,-0.088645,0.003756,0,77.59,39.46
46.3600,-0.091087,0.002473,0,77.59,39.46
46.3680,-0.093040,0.001197,0,77.59,39.46
46.3760,-0.092063,0.000084,0,77.59,39.46
46.3840,-0.091575,0.002056,0,77.59,39.46
46.3920,-0.090598,0.003023,0,77.59,39.46
46.4000,-0.090110,0.004086,0,77.59,39.46
46.4080,-0.088156,0.004745,0,77.59,39.46
46.4160,-0.086691,0.004590,0,77.59,39.46
46.4240,-0.091087,0.003583,0,77.59,39.46
46.4320,-0.092063,0.002129,0,77.59,39.46
46.4400,-0.094505,0.000795,0,77.59,39.46
46.4480,-0.094505,-0.000008,0,77.59,39.46
46.4560,-0.094505,-0.000155,0,77.59,39.46
46.4640,-0.093529,0.000252,0,77.59,39.46
46.4720,-0.094017,0.001029,0,77.59,39.46
46.4800,-0.093040,0.001992,0,77.59,39.46
46.4880,-0.090110,-0.002250,0,77.59,39.46
46.4960,-0.088156,-0.001779,0,77.59,39.46
46.5040,-0.088156,-0.002356,0,77.59,39.46
46.5120,-0.091575,-0.003748,0,77.59,39.46
46.5200,-0.094017,-0.005159,0,77.59,39.46
46.5280,-0.095971,-0.005654,0,77.59,39.46
46.5360,-0.094994,-0.004704,0,77.59,39.46
46.5440,-0.090598,-0.002519,0,77.59,39.46
46.5520,-0.086691,0.000054,0,77.59,39.46
46.5600,-0.085714,0.001984,0,77.59,39.46
46.5680,-0.083272,0.002500,0,77.59,39.46
46.5760,-0.084249,0.001386,0,77.59,39.46
46.5840,-0.088645,-0.000835,0,77.59,39.46
46.5920,-0.093529,-0.003553,0,77.59,39.46
46.6000,-0.098901,-0.006649,0,77.59,39.46
46.6080,-0.098901,-0.007976,0,77.59,39.46
46.6160,-0.096947,-0.007137,0,77.59,39.46
46.6240,-0.093529,-0.004442,0,77.59,39.46
46.6320,-0.090110,-0.000658,0,77.59,39.46
46.6400,-0.085714,0.003231,0,77.59,39.46
46.6480,-0.082295,0.006188,0,77.59,39.46
46.6560,-0.078388,0.007363,0,77.59,39.46
46.6640,-0.082295,0.006423,0,77.59,39.46
46.6720,-0.085714,0.003700,0,77.59,39.46
46.6800,-0.090110,-0.000108,0,77.59,39.46
46.6880,-0.092552,-0.004357,0,77.59,39.46
46.6960,-0.090598,-0.003261,0,77.59,39.46
46.7040,-0.090110,-0.002321,0,77.59,39.46
46.7120,-0.087179,-0.000515,0,77.59,39.46
46.7200,-0.082784,0.001558,0,77.59,39.46
46.7280,-0.079365,0.003156,0,77.59,39.46
46.7360,-0.076923,0.003665,0,77.59,39.46
46.7440,-0.078388,0.002897,0,77.59,39.46
46.7520,-0.083761,0.001233,0,77.59,39.46
46.7600,-0.086691,-0.000566,0,77.59,39.46
46.7680,-0.088156,-0.001777,0,77.59,39.46
46.7760,-0.087179,-0.002027,0,77.59,39.46
46.7840,-0.086203,-0.001357,0,77.59,39.46
46.7920,-0.083272,-0.000133,0,77.59,39.46
46.8000,-0.078388,0.006514,0,77.59,39.46
46.8080,-0.074481,0.008737,0,77.59,39.46
46.8160,-0.073504,0.009564,0,77.59,39.46
46.8240,-0.074969,0.008822,0,77.59,39.46
46.8320,-0.078877,0.006986,0,77.59,39.46
46.8400,-0.082295,0.004914,0,77.59,39.46
46.8480,-0.084737,0.003379,0,77.59,39.46
46.8560,-0.083272,0.002676,0,77.59,39.46
46.8640,-0.080830,0.002606,0,77.59,39.46
46.8720,-0.082295,0.002851,0,77.59,39.46
46.8800,-0.083761,0.003308,0,77.59,39.46
46.8880,-0.082784,0.004028,0,77.59,39.46
46.8960,-0.080830,0.004960,0,77.59,39.46
46.9040,-0.082295,-0.001493,0,77.59,39.46
46.9120,-0.080830,-0.002530,0,77.59,39.46
46.9200,-0.083272,-0.003907,0,77.59,39.46
46.9280,-0.084737,-0.005130,0,77.59,39.46
46.9360,-0.085714,-0.005569,0,77.59,39.46
46.9440,-0.084737,-0.004758,0,77.59,39.46
46.9520,-0.083272,-0.002648,0,77.59,39.46
46.9600,-0.079365,0.000275,0,77.59,39.46
46.9680,-0.075458,0.003041,0,77.59,39.46
46.9760,-0.071062,0.004537,0,77.59,39.46
46.9840,-0.072527,0.004048,0,77.59,39.46
46.9920,-0.076435,0.001654,0,77.59,39.46
47.0000,-0.079365,-0.001857,0,77.59,39.46
47.0080,-0.082784,-0.012336,0,77.59,39.46
47.0160,-0.084249,-0.015068,0,77.59,39.46
47.0240,-0.085714,-0.016471,0,77.59,39.46
47.0320,-0.085226,-0.016494,0,77.59,39.46
47.0400,-0.081807,-0.015546,0,77.59,39.46
47.0480,-0.080342,-0.014319,0,77.59,39.46
47.0560,-0.077411,-0.013455,0,77.59,39.46
47.0640,-0.077411,-0.013212,0,77.59,39.46
47.0720,-0.078388,-0.013330,0,77.59,39.46
47.0800,-0.078388,-0.013203,0,77.59,39.46
47.0880,-0.076923,-0.012271,0,77.59,39.46
47.0960,-0.074481,-0.010354,0,77.59,39.46
47.1040,-0.070085,-0.007767,0,77.59,39.46
47.1120,-0.070085,-0.004085,0,77.59,39.46
47.1200,-0.067643,-0.003313,0,77.59,39.46
47.1280,-0.066667,-0.003953,0,77.59,39.46
47.1360,-0.068620,-0.006227,0,77.59,39.46
47.1440,-0.070574,-0.009819,0,77.59,39.46
47.1520,-0.077411,-0.013807,0,77.59,39.46
47.1600,-0.080342,-0.016959,0,77.59,39.46
47.1680,-0.080830,-0.018300,0,77.59,39.46
47.1760,-0.077900,-0.017519,0,77.59,39.46
47.1840,-0.072527,-0.014914,0,77.59,39.46
47.1920,-0.070574,-0.011009,0,77.59,39.46
47.2000,-0.064713,-0.006274,0,77.59,39.46
47.2080,-0.059341,-0.001125,0,77.59,39.46
47.2160,-0.056899,-0.032579,0,77.59,39.46
47.2240,-0.057875,-0.035186,0,77.59,39.46
47.2320,-0.062271,-0.039331,0,77.59,39.46
47.2400,-0.063736,-0.043692,0,77.59,39.46
47.2480,-0.066667,-0.046784,0,77.59,39.46
47.2560,-0.063736,-0.047431,0,77.59,39.46
47.2640,-0.060806,-0.045094,0,77.59,39.46
47.2720,-0.053968,-0.040071,0,77.59,39.46
47.2800,-0.041270,-0.033528,0,77.59,39.46
47.2880,-0.031990,-0.027121,0,77.59,39.46
47.2960,-0.024176,-0.022226,0,77.59,39.46
47.3040,-0.020757,-0.019281,0,77.59,39.46
47.3120,-0.018315,-0.017664,0,77.59,39.46
47.3200,-0.018315,0.029983,0,77.59,39.46
47.3280,-0.013431,0.033956,0,77.59,39.46
47.3360,-0.006105,0.038725,0,77.59,39.46
47.3440,0.003175,0.043395,0,77.59,39.46
47.3520,0.007570,0.046749,0,77.59,39.46
47.3600,0.007082,0.048050,0,77.59,39.46
47.3680,0.005128,0.047296,0,77.59,39.46
47.3760,0.004640,0.044858,0,77.59,39.46
47.3840,0.003663,0.041091,0,77.59,39.46
47.3920,-0.002198,0.036315,0,77.59,39.46
47.4000,-0.007082,0.030854,0,77.59,39.46
47.4080,-0.008059,0.024933,0,77.59,39.46
47.4160,-0.015385,0.018727,0,77.59,39.46
47.4240,-0.020757,0.064851,0,77.59,39.46
47.4320,-0.027595,0.060465,0,77.59,39.46
47.4400,-0.031990,0.055784,0,77.59,39.46
47.4480,-0.037851,0.050589,0,77.59,39.46
47.4560,-0.043712,0.044713,0,77.59,39.46
47.4640,-0.052015,0.038346,0,77.59,39.46
47.4720,-0.061294,0.032135,0,77.59,39.46
47.4800,-0.068620,0.026938,0,77.59,39.46
47.4880,-0.071551,0.023389,0,77.59,39.46
47.4960,-0.074969,0.021704,0,77.59,39.46
47.5040,-0.076923,0.021779,0,77.59,39.46
47.5120,-0.078388,0.023294,0,77.59,39.46
47.5200,-0.076923,0.025671,0,77.59,39.46
47.5280,-0.076923,-0.013432,0,77.59,39.46
47.5360,-0.077900,-0.014789,0,77.59,39.46
47.5440,-0.080830,-0.017494,0,77.59,39.46
47.5520,-0.087179,-0.021034,0,77.59,39.46
47.5600,-0.093529,-0.024427,0,77.59,39.46
47.5680,-0.093040,-0.026788,0,77.59,39.46
47.5760,-0.094505,-0.027705,0,77.59,39.46
47.5840,-0.094994,-0.027122,0,77.59,39.46
47.5920,-0.094994,-0.025131,0,77.59,39.46
47.6000,-0.093040,-0.021947,0,77.59,39.46
47.6080,-0.090598,-0.017953,0,77.59,39.46
47.6160,-0.085714,-0.013612,0,77.59,39.46
47.6240,-0.085714,-0.009221,0,77.59,39.46
47.6320,-0.086691,-0.023140,0,77.59,39.46
47.6400,-0.088156,-0.021894,0,77.59,39.46
47.6480,-0.088156,-0.020320,0,77.59,39.46
47.6560,-0.085714,-0.018154,0,77.59,39.46
47.6640,-0.085714,-0.015469,0,77.59,39.46
47.6720,-0.084737,-0.012537,0,77.59,39.46
47.6800,-0.083761,-0.009787,0,77.59,39.46
47.6880,-0.080830,-0.007774,0,77.59,39.46
47.6960,-0.082295,-0.006936,0,77.59,39.46
47.7040,-0.085226,-0.007270,0,77.59,39.46
47.7120,-0.090110,-0.008303,0,77.59,39.46
47.7200,-0.093040,-0.009462,0,77.59,39.46
47.7280,-0.093529,-0.010499,0,77.59,39.46
47.7360,-0.092552,0.074787,0,77.59,39.46
47.7440,-0.090110,0.081892,0,77.59,39.46
47.7520,-0.086691,0.089644,0,77.59,39.46
47.7600,-0.085714,0.096816,0,77.59,39.46
47.7680,-0.082295,0.101906,0,77.59,39.46
47.7760,-0.083761,0.103422,0,77.59,39.46
47.7840,-0.090598,0.100424,0,77.59,39.46
47.7920,-0.103785,0.093003,0,77.59,39.46
47.8000,-0.118437,0.082331,0,77.59,39.46
47.8080,-0.136996,0.070289,0,77.59,39.46
47.8160,-0.155556,0.058808,0,77.59,39.46
47.8240,-0.168254,0.049013,0,77.59,39.46
47.8320,-0.176557,0.040643,0,77.59,39.46
47.8400,-0.171673,-0.965175,0,77.59,39.46
47.8480,-0.151648,-0.988768,0,77.59,39.46
47.8560,-0.116972,-1.000000,0,77.59,39.46
47.8640,-0.065201,-0.997791,0,77.59,39.46
47.8720,-0.005128,-0.981061,0,77.59,39.46
47.8800,0.074969,-0.948846,0,77.59,39.46
47.8880,0.176557,-0.901189,0,77.59,39.46
47.8960,0.304029,-0.839997,0,77.59,39.46
47.9040,0.437363,-0.768827,0,77.59,39.46
47.9120,0.574115,-0.691740,0,77.59,39.46
47.9200,0.716728,-0.612301,0,77.59,39.46
47.9280,0.869109,-0.533067,0,77.59,39.46
47.9360,1.000000,-0.455046,0,77.59,39.46
47.9440,1.000000,1.000000,1,77.59,39.46
47.9520,0.970208,0.977568,1,77.59,39.46
47.9600,0.789011,0.908424,0,77.59,39.46
47.9680,0.585348,0.807638,0,77.59,39.46
47.9760,0.398779,0.693986,0,77.59,39.46
47.9840,0.224420,0.583641,0,77.59,39.46
47.9920,0.067643,0.487871,0,77.59,39.46
48.0000,-0.070085,0.413980,0,77.59,39.46
48.0080,-0.173138,0.366540,0,77.59,39.46
48.0160,-0.234676,0.347561,0,77.59,39.46
48.0240,-0.259096,0.355850,0,77.59,39.46
48.0320,-0.250305,0.386254,0,77.59,39.46
48.0400,-0.205372,0.429427,0,77.59,39.46
48.0480,-0.155067,-0.083026,0,77.59,39.46
48.0560,-0.104274,-0.033088,0,77.59,39.46
48.0640,-0.070085,0.008291,0,77.59,39.46
48.0720,-0.048596,0.036049,0,77.59,39.46
48.0800,-0.044200,0.049126,0,77.59,39.46
48.0880,-0.049573,0.049520,0,77.59,39.46
48.0960,-0.062759,0.041023,0,77.59,39.46
48.1040,-0.080342,0.028074,0,77.59,39.46
48.1120,-0.097924,0.014836,0,77.59,39.46
48.1200,-0.110623,0.004412,0,77.59,39.46
48.1280,-0.116484,-0.001741,0,77.59,39.46
48.1360,-0.117460,-0.003917,0,77.59,39.46
48.1440,-0.116972,-0.003743,0,77.59,39.46
48.1520,-0.115995,-0.203889,0,77.59,39.46
48.1600,-0.112576,-0.206511,0,77.59,39.46
48.1680,-0.108669,-0.208989,0,77.59,39.46
48.1760,-0.109158,-0.211633,0,77.59,39.46
48.1840,-0.112088,-0.213911,0,77.59,39.46
48.1920,-0.115507,-0.214605,0,77.59,39.46
48.2000,-0.115995,-0.212364,0,77.59,39.46
48.2080,-0.115507,-0.206121,0,77.59,39.46
48.2160,-0.115995,-0.195125,0,77.59,39.46
48.2240,-0.116972,-0.178831,0,77.59,39.46
48.2320,-0.117460,-0.157092,0,77.59,39.46
48.2400,-0.114530,-0.130641,0,77.59,39.46
48.2480,-0.108181,-0.101414,0,77.59,39.46
48.2560,-0.106227,-0.047160,0,77.59,39.46
48.2640,-0.107692,-0.029546,0,77.59,39.46
48.2720,-0.110623,-0.016009,0,77.59,39.46
48.2800,-0.113553,-0.006244,0,77.59,39.46
48.2880,-0.113553,0.000478,0,77.59,39.46
48.2960,-0.111600,0.004779,0,77.59,39.46
48.3040,-0.109646,0.007038,0,77.59,39.46
48.3120,-0.108669,0.007534,0,77.59,39.46
48.3200,-0.104762,0.006522,0,77.59,39.46
48.3280,-0.103785,0.004233,0,77.59,39.46
48.3360,-0.102320,0.000888,0,77.59,39.46
48.3440,-0.102808,-0.003259,0,77.59,39.46
48.3520,-0.105739,-0.007880,0,77.59,39.46
48.3600,-0.107692,-0.015170,0,77.59,39.46
48.3680,-0.106227,-0.015024,0,77.59,39.46
48.3760,-0.102808,-0.013435,0,77.59,39.46
48.3840,-0.101343,-0.010900,0,77.59,39.46
48.3920,-0.100855,-0.007893,0,77.59,39.46
48.4000,-0.098413,-0.004816,0,77.59,39.46
48.4080,-0.093040,-0.002174,0,77.59,39.46
48.4160,-0.091087,-0.000520,0,77.59,39.46
48.4240,-0.090110,-0.000146,0,77.59,39.46
48.4320,-0.090598,-0.000899,0,77.59,39.46
48.4400,-0.092552,-0.002296,0,77.59,39.46
48.4480,-0.092552,-0.003848,0,77.59,39.46
48.4560,-0.091575,-0.005346,0,77.59,39.46
48.4640,-0.090598,-0.001396,0,77.59,39.46
48.4720,-0.090110,-0.000878,0,77.59,39.46
48.4800,-0.087179,-0.000341,0,77.59,39.46
48.4880,-0.085714,-0.000335,0,77.59,39.46
48.4960,-0.085226,-0.001290,0,77.59,39.46
48.5040,-0.085714,-0.003237,0,77.59,39.46
48.5120,-0.088645,-0.005676,0,77.59,39.46
48.5200,-0.092063,-0.007727,0,77.59,39.46
48.5280,-0.090110,-0.008574,0,77.59,39.46
48.5360,-0.087668,-0.007860,0,77.59,39.46
48.5440,-0.084249,-0.005717,0,77.59,39.46
48.5520,-0.079365,-0.002569,0,77.59,39.46
48.5600,-0.075458,0.001069,0,77.59,39.46
48.5680,-0.069109,0.004801,0,77.59,39.46
48.5760,-0.065690,0.006134,0,77.59,39.46
48.5840,-0.064713,0.005190,0,77.59,39.46
48.5920,-0.069597,0.002271,0,77.59,39.46
48.6000,-0.072527,-0.001609,0,77.59,39.46
48.6080,-0.074969,-0.005218,0,77.59,39.46
48.6160,-0.076435,-0.007584,0,77.59,39.46
48.6240,-0.074481,-0.008231,0,77.59,39.46
48.6320,-0.072039,-0.007193,0,77.59,39.46
48.6400,-0.069597,-0.004875,0,77.59,39.46
48.6480,-0.062271,-0.001912,0,77.59,39.46
48.6560,-0.057875,0.001084,0,77.59,39.46
48.6640,-0.055922,0.003874,0,77.59,39.46
48.6720,-0.059341,-0.000457,0,77.59,39.46
48.6800,-0.060806,-0.001975,0,77.59,39.46
48.6880,-0.059341,-0.003176,0,77.59,39.46
48.6960,-0.057387,-0.003683,0,77.59,39.46
48.7040,-0.054457,-0.003551,0,77.59,39.46
48.7120,-0.054457,-0.002988,0,77.59,39.46
48.7200,-0.052503,-0.002211,0,77.59,39.46
48.7280,-0.048107,-0.001517,0,77.59,39.46
48.7360,-0.045665,-0.001192,0,77.59,39.46
48.7440,-0.047131,-0.001241,0,77.59,39.46
48.7520,-0.046154,-0.001364,0,77.59,39.46
48.7600,-0.043712,-0.001287,0,77.59,39.46
48.7680,-0.041270,-0.001007,0,77.59,39.46
48.7760,-0.039805,0.005286,0,77.59,39.46
48.7840,-0.038828,0.005362,0,77.59,39.46
48.7920,-0.038828,0.005338,0,77.59,39.46
48.8000,-0.037363,0.005289,0,77.59,39.46
48.8080,-0.036386,0.005134,0,77.59,39.46
48.8160,-0.032479,0.004614,0,77.59,39.46
48.8240,-0.033455,0.003531,0,77.59,39.46
48.8320,-0.033455,0.002026,0,77.59,39.46
48.8400,-0.035409,0.000587,0,77.59,39.46
48.8480,-0.033455,-0.000216,0,77.59,39.46
48.8560,-0.032967,-0.000005,0,77.59,39.46
48.8640,-0.030525,0.001254,0,77.59,39.46
48.8720,-0.026129,0.003189,0,77.59,39.46
48.8800,-0.022711,0.023553,0,77.59,39.46
48.8880,-0.020757,0.024485,0,77.59,39.46
48.8960,-0.022222,0.024054,0,77.59,39.46
48.9040,-0.024176,0.022655,0,77.59,39.46
48.9120,-0.026618,0.021052,0,77.59,39.46
48.9200,-0.027595,0.019924,0,77.59,39.46
48.9280,-0.026129,0.019480,0,77.59,39.46
48.9360,-0.023687,0.019392,0,77.59,39.46
48.9440,-0.023687,0.019091,0,77.59,39.46
48.9520,-0.024664,0.018164,0,77.59,39.46
48.9600,-0.026618,0.016509,0,77.59,39.46
48.9680,-0.028083,0.014265,0,77.59,39.46
48.9760,-0.030525,0.011695,0,77.59,39.46
48.9840,-0.035409,0.046395,0,77.59,39.46
48.9920,-0.041758,0.042085,0,77.59,39.46
49.0000,-0.049084,0.037602,0,77.59,39.46
49.0080,-0.054457,0.033592,0,77.59,39.46
49.0160,-0.056899,0.030386,0,77.59,39.46
49.0240,-0.061783,0.027979,0,77.59,39.46
49.0320,-0.064713,0.026221,0,77.59,39.46
49.0400,-0.069597,0.024900,0,77.59,39.46
49.0480,-0.070085,0.023692,0,77.59,39.46
49.0560,-0.072039,0.022234,0,77.59,39.46
49.0640,-0.078388,0.020411,0,77.59,39.46
49.0720,-0.084737,0.018445,0,77.59,39.46
49.0800,-0.086203,0.016558,0,77.59,39.46
49.0880,-0.087668,0.012235,0,77.59,39.46
49.0960,-0.091087,0.012010,0,77.59,39.46
49.1040,-0.093040,0.011797,0,77.59,39.46
49.1120,-0.095482,0.011156,0,77.59,39.46
49.1200,-0.099389,0.009668,0,77.59,39.46
49.1280,-0.102320,0.007090,0,77.59,39.46
49.1360,-0.109158,0.003577,0,77.59,39.46
49.1440,-0.116972,-0.000177,0,77.59,39.46
49.1520,-0.123321,-0.003113,0,77.59,39.46
49.1600,-0.128205,-0.004259,0,77.59,39.46
49.1680,-0.129182,-0.003161,0,77.59,39.46
49.1760,-0.128205,-0.000078,0,77.59,39.46
49.1840,-0.127228,0.004158,0,77.59,39.46
49.1920,-0.125763,-0.042966,0,77.59,39.46
49.2000,-0.121856,-0.039804,0,77.59,39.46
49.2080,-0.118437,-0.037756,0,77.59,39.46
49.2160,-0.120391,-0.037317,0,77.59,39.46
49.2240,-0.123810,-0.038145,0,77.59,39.46
49.2320,-0.129182,-0.039214,0,77.59,39.46
49.2400,-0.129182,-0.039429,0,77.59,39.46
49.2480,-0.129182,-0.038188,0,77.59,39.46
49.2560,-0.125763,-0.035497,0,77.59,39.46
49.2640,-0.124298,-0.031724,0,77.59,39.46
49.2720,-0.121856,-0.027310,0,77.59,39.46
49.2800,-0.116972,-0.022632,0,77.59,39.46
49.2880,-0.115507,-0.017919,0,77.59,39.46
49.2960,-0.114530,-0.004399,0,77.59,39.46
49.3040,-0.116972,-0.004761,0,77.59,39.46
49.3120,-0.121856,-0.006463,0,77.59,39.46
49.3200,-0.124298,-0.008734,0,77.59,39.46
49.3280,-0.127228,-0.010820,0,77.59,39.46
49.3360,-0.129182,-0.012124,0,77.59,39.46
49.3440,-0.131624,-0.012197,0,77.59,39.46
49.3520,-0.132601,-0.010849,0,77.59,39.46
49.3600,-0.129670,-0.008386,0,77.59,39.46
49.3680,-0.125275,-0.005663,0,77.59,39.46
49.3760,-0.123321,-0.003682,0,77.59,39.46
49.3840,-0.123810,-0.002963,0,77.59,39.46
49.3920,-0.127228,-0.003192,0,77.59,39.46
49.4000,-0.125763,-0.013523,0,77.59,39.46
49.4080,-0.123810,-0.011687,0,77.59,39.46
49.4160,-0.120391,-0.008880,0,77.59,39.46
49.4240,-0.116972,-0.005516,0,77.59,39.46
49.4320,-0.113553,-0.002265,0,77.59,39.46
49.4400,-0.109646,0.000142,0,77.59,39.46
49.4480,-0.108669,0.001120,0,77.59,39.46
49.4560,-0.106716,0.000481,0,77.59,39.46
49.4640,-0.109646,-0.001357,0,77.59,39.46
49.4720,-0.115018,-0.003423,0,77.59,39.46
49.4800,-0.113553,-0.004697,0,77.59,39.46
49.4880,-0.113553,-0.004736,0,77.59,39.46
49.4960,-0.109646,-0.003897,0,77.59,39.46
49.5040,-0.107204,0.007103,0,77.59,39.46
49.5120,-0.104274,0.009544,0,77.59,39.46
49.5200,-0.102320,0.011166,0,77.59,39.46
49.5280,-0.101343,0.011374,0,77.59,39.46
49.5360,-0.101343,0.009923,0,77.59,39.46
49.5440,-0.104762,0.007081,0,77.59,39.46
49.5520,-0.109158,0.003636,0,77.59,39.46
49.5600,-0.112088,0.000626,0,77.59,39.46
49.5680,-0.113553,-0.001090,0,77.59,39.46
49.5760,-0.112576,-0.001132,0,77.59,39.46
49.5840,-0.109158,0.000363,0,77.59,39.46
49.5920,-0.107692,0.002942,0,77.59,39.46
49.6000,-0.104274,0.006061,0,77.59,39.46
49.6080,-0.101343,0.004696,0,77.59,39.46
49.6160,-0.101343,0.004427,0,77.59,39.46
49.6240,-0.101832,0.002397,0,77.59,39.46
49.6320,-0.106716,-0.000858,0,77.59,39.46
49.6400,-0.110623,-0.004278,0,77.59,39.46
49.6480,-0.113553,-0.006733,0,77.59,39.46
49.6560,-0.111111,-0.007548,0,77.59,39.46
49.6640,-0.110134,-0.006688,0,77.59,39.46
49.6720,-0.107204,-0.004625,0,77.59,39.46
49.6800,-0.102808,-0.002128,0,77.59,39.46
49.6880,-0.099389,-0.000017,0,77.59,39.46
49.6960,-0.095971,0.001209,0,77.59,39.46
49.7040,-0.097924,0.001697,0,77.59,39.46
49.7120,-0.101343,0.011648,0,77.59,39.46
49.7200,-0.101343,0.010604,0,77.59,39.46
49.7280,-0.101343,0.010151,0,77.59,39.46
49.7360,-0.101343,0.010592,0,77.59,39.46
49.7440,-0.099878,0.011873,0,77.59,39.46
49.7520,-0.098901,0.013602,0,77.59,39.46
49.7600,-0.095482,0.015084,0,77.59,39.46
49.7680,-0.094017,0.015542,0,77.59,39.46
49.7760,-0.094505,0.014529,0,77.59,39.46
49.7840,-0.099878,0.012257,0,77.59,39.46
49.7920,-0.104274,0.009460,0,77.59,39.46
49.8000,-0.106227,0.006818,0,77.59,39.46
49.8080,-0.106716,0.004493,0,77.59,39.46
49.8160,-0.104762,-0.003927,0,77.59,39.46
49.8240,-0.101832,-0.002258,0,77.59,39.46
49.8320,-0.101343,-0.000116,0,77.59,39.46
49.8400,-0.098901,0.001878,0,77.59,39.46
49.8480,-0.096947,0.003129,0,77.59,39.46
49.8560,-0.094017,0.003159,0,77.59,39.46
49.8640,-0.096947,0.001923,0,77.59,39.46
49.8720,-0.100855,-0.000016,0,77.59,39.46
49.8800,-0.102320,-0.001778,0,77.59,39.46
49.8880,-0.101832,-0.002690,0,77.59,39.46
49.8960,-0.101343,-0.002521,0,77.59,39.46
49.9040,-0.099878,-0.001426,0,77.59,39.46
49.9120,-0.097924,0.000193,0,77.59,39.46
49.9200,-0.095971,-0.002095,0,77.59,39.46
49.9280,-0.094994,-0.001798,0,77.59,39.46
49.9360,-0.094994,-0.002393,0,77.59,39.46
49.9440,-0.097924,-0.003602,0,77.59,39.46
49.9520,-0.098413,-0.004849,0,77.59,39.46
49.9600,-0.099389,-0.005583,0,77.59,39.46
49.9680,-0.098413,-0.005559,0,77.59,39.46
49.9760,-0.094994,-0.004907,0,77.59,39.46
49.9840,-0.094994,-0.003947,0,77.59,39.46
49.9920,-0.094017,-0.002947,0,77.59,39.46
50.0000,-0.092552,-0.002063,0,77.59,39.46
50.0080,-0.091087,-0.001379,0,77.59,39.46
50.0160,-0.091087,-0.000862,0,77.59,39.46
50.0240,-0.094017,0.006121,0,77.59,39.46
50.0320,-0.097436,0.003846,0,77.59,39.46
50.0400,-0.098901,0.001726,0,77.59,39.46
50.0480,-0.100855,0.000393,0,77.59,39.46
50.0560,-0.101343,0.000247,0,77.59,39.46
50.0640,-0.100366,0.001336,0,77.59,39.46
50.0720,-0.098901,0.003284,0,77.59,39.46
50.0800,-0.094505,0.005328,0,77.59,39.46
50.0880,-0.093040,0.006602,0,77.59,39.46
50.0960,-0.093529,0.006560,0,77.59,39.46
50.1040,-0.095971,0.005217,0,77.59,39.46
50.1120,-0.099878,0.003019,0,77.59,39.46
50.1200,-0.100366,0.000471,0,77.59,39.46
50.1280,-0.100855,-0.008733,0,77.59,39.46
50.1360,-0.100855,-0.008683,0,77.59,39.46
50.1440,-0.100855,-0.007493,0,77.59,39.46
50.1520,-0.095971,-0.005575,0,77.59,39.46
50.1600,-0.093529,-0.003643,0,77.59,39.46
50.1680,-0.092063,-0.002371,0,77.59,39.46
50.1760,-0.092063,-0.002080,0,77.59,39.46
50.1840,-0.092063,-0.002653,0,77.59,39.46
50.1920,-0.094017,-0.003639,0,77.59,39.46
50.2000,-0.095482,-0.004462,0,77.59,39.46
50.2080,-0.094017,-0.004719,0,77.59,39.46
50.2160,-0.093529,-0.004351,0,77.59,39.46
50.2240,-0.092063,-0.003597,0,77.59,39.46
50.2320,-0.092063,-0.001132,0,77.59,39.46
50.2400,-0.088156,0.000106,0,77.59,39.46
50.2480,-0.086203,0.000508,0,77.59,39.46
50.2560,-0.086203,-0.000375,0,77.59,39.46
50.2640,-0.090598,-0.002423,0,77.59,39.46
50.2720,-0.093529,-0.004948,0,77.59,39.46
50.2800,-0.095971,-0.007072,0,77.59,39.46
50.2880,-0.096947,-0.008135,0,77.59,39.46
50.2960,-0.094994,-0.007904,0,77.59,39.46
50.3040,-0.093529,-0.006532,0,77.59,39.46
50.3120,-0.091087,-0.004383,0,77.59,39.46
50.3200,-0.087179,-0.001850,0,77.59,39.46
50.3280,-0.085714,0.000794,0,77.59,39.46
50.3360,-0.083761,0.003237,0,77.59,39.46
50.3440,-0.085714,0.001965,0,77.59,39.46
50.3520,-0.090110,-0.000032,0,77.59,39.46
50.3600,-0.092552,-0.001770,0,77.59,39.46
50.3680,-0.092552,-0.002430,0,77.59,39.46
50.3760,-0.091087,-0.001737,0,77.59,39.46
50.3840,-0.087668,0.000000,0,77.59,39.46
50.3920,-0.085714,0.002107,0,77.59,39.46
50.4000,-0.083272,0.003814,0,77.59,39.46
50.4080,-0.080830,0.004486,0,77.59,39.46
50.4160,-0.082295,0.003850,0,77.59,39.46
50.4240,-0.085714,0.002114,0,77.59,39.46
50.4320,-0.086691,-0.000206,0,77.59,39.46
50.4400,-0.088645,0.001211,0,77.59,39.46
50.4480,-0.088645,0.000713,0,77.59,39.46
50.4560,-0.087668,0.001020,0,77.59,39.46
50.4640,-0.086203,0.001950,0,77.59,39.46
50.4720,-0.085714,0.003143,0,77.59,39.46
50.4800,-0.082784,0.004139,0,77.59,39.46
50.4880,-0.082295,0.004479,0,77.59,39.46
50.4960,-0.080830,0.003915,0,77.59,39.46
50.5040,-0.085714,0.002638,0,77.59,39.46
50.5120,-0.088156,0.001233,0,77.59,39.46
50.5200,-0.089133,0.000308,0,77.59,39.46
50.5280,-0.088645,0.000107,0,77.59,39.46
50.5360,-0.087179,0.000417,0,77.59,39.46
50.5440,-0.085714,-0.007227,0,77.59,39.46
50.5520,-0.086203,-0.006773,0,77.59,39.46
50.5600,-0.085714,-0.006583,0,77.59,39.46
50.5680,-0.084737,-0.006801,0,77.59,39.46
50.5760,-0.085226,-0.007474,0,77.59,39.46
50.5840,-0.085714,-0.008484,0,77.59,39.46
50.5920,-0.086691,-0.009534,0,77.59,39.46
50.6000,-0.087668,-0.010244,0,77.59,39.46
50.6080,-0.086203,-0.010310,0,77.59,39.46
50.6160,-0.084737,-0.009572,0,77.59,39.46
50.6240,-0.084737,-0.007993,0,77.59,39.46
50.6320,-0.080830,-0.005670,0,77.59,39.46
50.6400,-0.077900,-0.002902,0,77.59,39.46
50.6480,-0.078388,0.003050,0,77.59,39.46
50.6560,-0.080830,0.001662,0,77.59,39.46
50.6640,-0.084737,-0.000319,0,77.59,39.46
50.6720,-0.085714,-0.002112,0,77.59,39.46
50.6800,-0.085714,-0.003174,0,77.59,39.46
50.6880,-0.085714,-0.003325,0,77.59,39.46
50.6960,-0.085226,-0.002653,0,77.59,39.46
50.7040,-0.083272,-0.001429,0,77.59,39.46
50.7120,-0.082784,-0.000038,0,77.59,39.46
50.7200,-0.081319,0.001069,0,77.59,39.46
50.7280,-0.078877,0.001447,0,77.59,39.46
50.7360,-0.079365,0.000876,0,77.59,39.46
50.7440,-0.082295,-0.000387,0,77.59,39.46
50.7520,-0.082295,-0.007434,0,77.59,39.46
50.7600,-0.080830,-0.008056,0,77.59,39.46
50.7680,-0.082295,-0.008062,0,77.59,39.46
50.7760,-0.080830,-0.007314,0,77.59,39.46
50.7840,-0.078877,-0.005869,0,77.59,39.46
50.7920,-0.076923,-0.004053,0,77.59,39.46
50.8000,-0.073504,-0.002390,0,77.59,39.46
50.8080,-0.071551,-0.001417,0,77.59,39.46
50.8160,-0.071062,-0.001394,0,77.59,39.46
50.8240,-0.072527,-0.002115,0,77.59,39.46
50.8320,-0.074969,-0.003016,0,77.59,39.46
50.8400,-0.074969,-0.003586,0,77.59,39.46
50.8480,-0.072527,-0.003767,0,77.59,39.46
50.8560,-0.070085,-0.046703,0,77.59,39.46
50.8640,-0.064713,-0.044339,0,77.59,39.46
50.8720,-0.058852,-0.041149,0,77.59,39.46
50.8800,-0.052015,-0.037949,0,77.59,39.46
50.8880,-0.046154,-0.035454,0,77.59,39.46
50.8960,-0.043712,-0.033939,0,77.59,39.46
50.9040,-0.041270,-0.033125,0,77.59,39.46
50.9120,-0.038828,-0.032411,0,77.59,39.46
50.9200,-0.033455,-0.031231,0,77.59,39.46
50.9280,-0.029548,-0.029233,0,77.59,39.46
50.9360,-0.023687,-0.026280,0,77.59,39.46
50.9440,-0.018315,-0.022449,0,77.59,39.46
50.9520,-0.010012,-0.018087,0,77.59,39.46
50.9600,-0.000244,0.060396,0,77.59,39.46
50.9680,0.011477,0.067783,0,77.59,39.46
50.9760,0.017338,0.071513,0,77.59,39.46
50.9840,0.015385,0.070717,0,77.59,39.46
50.9920,0.007570,0.066140,0,77.59,39.46
51.0000,-0.004151,0.059772,0,77.59,39.46
51.0080,-0.007570,0.053689,0,77.59,39.46
51.0160,-0.009524,0.049033,0,77.59,39.46
51.0240,-0.012454,0.045851,0,77.59,39.46
51.0320,-0.012943,0.043528,0,77.59,39.46
51.0400,-0.014408,0.041275,0,77.59,39.46
51.0480,-0.015873,0.038542,0,77.59,39.46
51.0560,-0.021245,0.035329,0,77.59,39.46
51.0640,-0.030525,0.059504,0,77.59,39.46
51.0720,-0.038828,0.052854,0,77.59,39.46
51.0800,-0.046642,0.046354,0,77.59,39.46
51.0880,-0.054457,0.040894,0,77.59,39.46
51.0960,-0.057875,0.036919,0,77.59,39.46
51.1040,-0.062271,0.034375,0,77.59,39.46
51.1120,-0.065201,0.032842,0,77.59,39.46
51.1200,-0.067155,0.031703,0,77.59,39.46
51.1280,-0.069597,0.030324,0,77.59,39.46
51.1360,-0.072039,0.028312,0,77.59,39.46
51.1440,-0.079365,0.025728,0,77.59,39.46
51.1520,-0.085714,0.022979,0,77.59,39.46
51.1600,-0.087179,0.020356,0,77.59,39.46
51.1680,-0.088156,-0.026865,0,77.59,39.46
51.1760,-0.086691,-0.026357,0,77.59,39.46
51.1840,-0.085714,-0.024749,0,77.59,39.46
51.1920,-0.085714,-0.022631,0,77.59,39.46
51.2000,-0.082784,-0.020645,0,77.59,39.46
51.2080,-0.080830,-0.019416,0,77.59,39.46
51.2160,-0.081319,-0.019272,0,77.59,39.46
51.2240,-0.085714,-0.019938,0,77.59,39.46
51.2320,-0.088156,-0.020632,0,77.59,39.46
51.2400,-0.089133,-0.020514,0,77.59,39.46
51.2480,-0.089133,-0.019083,0,77.59,39.46
51.2560,-0.088645,-0.016326,0,77.59,39.46
51.2640,-0.085714,-0.012729,0,77.59,39.46
51.2720,-0.083272,-0.026313,0,77.59,39.46
51.2800,-0.077900,-0.022816,0,77.59,39.46
51.2880,-0.076435,-0.020936,0,77.59,39.46
51.2960,-0.078877,-0.021126,0,77.59,39.46
51.3040,-0.085226,-0.022905,0,77.59,39.46
51.3120,-0.087668,-0.025163,0,77.59,39.46
51.3200,-0.091575,-0.026759,0,77.59,39.46
51.3280,-0.091575,-0.026954,0,77.59,39.46
51.3360,-0.090598,-0.025532,0,77.59,39.46
51.3440,-0.088645,-0.022689,0,77.59,39.46
51.3520,-0.085714,-0.018809,0,77.59,39.46
51.3600,-0.083272,-0.014281,0,77.59,39.46
51.3680,-0.079365,-0.009449,0,77.59,39.46
51.3760,-0.078877,0.089800,0,77.59,39.46
51.3840,-0.079365,0.095522,0,77.59,39.46
51.3920,-0.081319,0.100546,0,77.59,39.46
51.4000,-0.080342,0.104553,0,77.59,39.46
51.4080,-0.079853,0.106580,0,77.59,39.46
51.4160,-0.084249,0.105340,0,77.59,39.46
51.4240,-0.092552,0.099927,0,77.59,39.46
51.4320,-0.106716,0.090446,0,77.59,39.46
51.4400,-0.123810,0.078274,0,77.59,39.46
51.4480,-0.144811,0.065816,0,77.59,39.46
51.4560,-0.163370,0.055644,0,77.59,39.46
51.4640,-0.175092,0.049143,0,77.59,39.46
51.4720,-0.174603,0.045452,0,77.59,39.46
51.4800,-0.155067,-0.991971,0,77.59,39.46
51.4880,-0.116972,-1.000000,0,77.59,39.46
51.4960,-0.061294,-0.991005,0,77.59,39.46
51.5040,0.008059,-0.964067,0,77.59,39.46
51.5120,0.095971,-0.918590,0,77.59,39.46
51.5200,0.208791,-0.855151,0,77.59,39.46
51.5280,0.338706,-0.776626,0,77.59,39.46
51.5360,0.476923,-0.688887,0,77.59,39.46
51.5440,0.617582,-0.601078,0,77.59,39.46
51.5520,0.767033,-0.525335,0,77.59,39.46
51.5600,0.927228,-0.473941,0,77.59,39.46
51.5680,1.000000,-0.452233,0,77.59,39.46
51.5760,1.000000,-0.451714,0,77.59,39.46
51.5840,0.947741,0.955677,0,77.59,39.46
51.5920,0.765079,0.860183,0,77.59,39.46
51.6000,0.564347,0.730194,0,77.59,39.46
51.6080,0.373871,0.586078,0,77.59,39.46
51.6160,0.192186,0.446116,0,77.59,39.46
51.6240,0.024176,0.324479,0,77.59,39.46
51.6320,-0.115995,0.231535,0,77.59,39.46
51.6400,-0.207814,0.173864,0,77.59,39.46
51.6480,-0.252259,0.153616,0,77.59,39.46
51.6560,-0.250305,0.168174,0,77.59,39.46
51.6640,-0.208791,0.210855,0,77.59,39.46
51.6720,-0.153114,0.272633,0,77.59,39.46
51.6800,-0.094505,0.344035,0,77.59,39.46
51.6880,-0.051038,0.021127,0,77.59,39.46
51.6960,-0.028571,0.052667,0,77.59,39.46
51.7040,-0.027595,0.066633,0,77.59,39.46
51.7120,-0.039316,0.066137,0,77.59,39.46
51.7200,-0.055433,0.056569,0,77.59,39.46
51.7280,-0.073504,0.043413,0,77.59,39.46
51.7360,-0.088156,0.030912,0,77.59,39.46
51.7440,-0.101343,0.021615,0,77.59,39.46
51.7520,-0.107692,0.016443,0,77.59,39.46
51.7600,-0.109646,0.015020,0,77.59,39.46
51.7680,-0.109158,0.016226,0,77.59,39.46
51.7760,-0.108669,0.018851,0,77.59,39.46
51.7840,-0.109646,0.022048,0,77.59,39.46
51.7920,-0.109158,-0.230485,0,77.59,39.46
51.8000,-0.108669,-0.234890,0,77.59,39.46
51.8080,-0.107692,-0.237788,0,77.59,39.46
51.8160,-0.105739,-0.238635,0,77.59,39.46
51.8240,-0.105739,-0.236956,0,77.59,39.46
51.8320,-0.103785,-0.232412,0,77.59,39.46
51.8400,-0.101832,-0.224871,0,77.59,39.46
51.8480,-0.101343,-0.214308,0,77.59,39.46
51.8560,-0.103785,-0.200613,0,77.59,39.46
51.8640,-0.107692,-0.183589,0,77.59,39.46
51.8720,-0.109646,-0.163225,0,77.59,39.46
51.8800,-0.111111,-0.140032,0,77.59,39.46
51.8880,-0.107692,-0.115200,0,77.59,39.46
51.8960,-0.105739,-0.032273,0,77.59,39.46
51.9040,-0.105739,-0.017035,0,77.59,39.46
51.9120,-0.105739,-0.005556,0,77.59,39.46
51.9200,-0.102808,0.001845,0,77.59,39.46
51.9280,-0.101343,0.005223,0,77.59,39.46
51.9360,-0.101343,0.005107,0,77.59,39.46
51.9440,-0.103785,0.002589,0,77.59,39.46
51.9520,-0.102808,-0.000936,0,77.59,39.46
51.9600,-0.101343,-0.004184,0,77.59,39.46
51.9680,-0.100855,-0.006214,0,77.59,39.46
51.9760,-0.099878,-0.006494,0,77.59,39.46
51.9840,-0.098413,-0.005027,0,77.59,39.46
51.9920,-0.094505,-0.002468,0,77.59,39.46
52.0000,-0.091575,-0.014242,0,77.59,39.46
52.0080,-0.088156,-0.011499,0,77.59,39.46
52.0160,-0.088156,-0.009633,0,77.59,39.46
52.0240,-0.088156,-0.008818,0,77.59,39.46
52.0320,-0.087668,-0.008921,0,77.59,39.46
52.0400,-0.086691,-0.009677,0,77.59,39.46
52.0480,-0.088156,-0.010721,0,77.59,39.46
52.0560,-0.086691,-0.011589,0,77.59,39.46
52.0640,-0.087179,-0.011789,0,77.59,39.46
52.0720,-0.085714,-0.010959,0,77.59,39.46
52.0800,-0.080342,-0.009043,0,77.59,39.46
52.0880,-0.076923,-0.006311,0,77.59,39.46
52.0960,-0.072527,-0.003180,0,77.59,39.46
52.1040,-0.073504,0.012731,0,77.59,39.46
52.1120,-0.072527,0.012591,0,77.59,39.46
52.1200,-0.071551,0.011595,0,77.59,39.46
52.1280,-0.074969,0.010237,0,77.59,39.46
52.1360,-0.074969,0.009111,0,77.59,39.46
52.1440,-0.074969,0.008649,0,77.59,39.46
52.1520,-0.074481,0.008903,0,77.59,39.46
52.1600,-0.070574,0.009511,0,77.59,39.46
52.1680,-0.069109,0.009907,0,77.59,39.46
52.1760,-0.068620,0.009686,0,77.59,39.46
52.1840,-0.070085,0.008839,0,77.59,39.46
52.1920,-0.071062,0.007637,0,77.59,39.46
52.2000,-0.070085,0.006329,0,77.59,39.46
52.2080,-0.067643,-0.001841,0,77.59,39.46
52.2160,-0.062759,-0.000465,0,77.59,39.46
52.2240,-0.062271,0.001041,0,77.59,39.46
52.2320,-0.059341,0.002162,0,77.59,39.46
52.2400,-0.055922,0.002431,0,77.59,39.46
52.2480,-0.055922,0.001569,0,77.59,39.46
52.2560,-0.055922,-0.000275,0,77.59,39.46
52.2640,-0.058852,-0.002439,0,77.59,39.46
52.2720,-0.061294,-0.004017,0,77.59,39.46
52.2800,-0.056899,-0.004346,0,77.59,39.46
52.2880,-0.054945,-0.003295,0,77.59,39.46
52.2960,-0.051526,-0.001144,0,77.59,39.46
52.3040,-0.047131,0.001605,0,77.59,39.46
52.3120,-0.043712,0.000475,0,77.59,39.46
52.3200,-0.038828,0.002147,0,77.59,39.46
52.3280,-0.037363,0.002603,0,77.59,39.46
52.3360,-0.037851,0.001879,0,77.59,39.46
52.3440,-0.037851,0.000454,0,77.59,39.46
52.3520,-0.038828,-0.000979,0,77.59,39.46
52.3600,-0.038339,-0.001814,0,77.59,39.46
52.3680,-0.035897,-0.001773,0,77.59,39.46
52.3760,-0.032479,-0.000977,0,77.59,39.46
52.3840,-0.030525,0.000193,0,77.59,39.46
52.3920,-0.026618,0.001299,0,77.59,39.46
52.4000,-0.023687,0.002032,0,77.59,39.46
52.4080,-0.023687,0.002407,0,77.59,39.46
52.4160,-0.024176,0.005460,0,77.59,39.46
52.4240,-0.029548,0.002003,0,77.59,39.46
52.4320,-0.031502,-0.001304,0,77.59,39.46
52.4400,-0.032479,-0.003481,0,77.59,39.46
52.4480,-0.031013,-0.003992,0,77.59,39.46
52.4560,-0.028571,-0.002854,0,77.59,39.46
52.4640,-0.023687,-0.000556,0,77.59,39.46
52.4720,-0.020269,0.002115,0,77.59,39.46
52.4800,-0.015873,0.004304,0,77.59,39.46
52.4880,-0.012943,0.005287,0,77.59,39.46
52.4960,-0.011966,0.004684,0,77.59,39.46
52.5040,-0.012943,0.002606,0,77.59,39.46
52.5120,-0.014896,-0.000357,0,77.59,39.46
52.5200,-0.013919,0.033301,0,77.59,39.46
52.5280,-0.013919,0.033494,0,77.59,39.46
52.5360,-0.013431,0.034435,0,77.59,39.46
52.5440,-0.013919,0.036080,0,77.59,39.46
52.5520,-0.009035,0.038014,0,77.59,39.46
52.5600,-0.008059,0.039485,0,77.59,39.46
52.5680,-0.007082,0.039703,0,77.59,39.46
52.5760,-0.007570,0.038211,0,77.59,39.46
52.5840,-0.013919,0.035084,0,77.59,39.46
52.5920,-0.017827,0.030832,0,77.59,39.46
52.6000,-0.023199,0.026030,0,77.59,39.46
52.6080,-0.026129,0.021029,0,77.59,39.46
52.6160,-0.031990,0.015971,0,77.59,39.46
52.6240,-0.035897,0.041605,0,77.59,39.46
52.6320,-0.038828,0.039635,0,77.59,39.46
52.6400,-0.041270,0.037387,0,77.59,39.46
52.6480,-0.044200,0.034301,0,77.59,39.46
52.6560,-0.052015,0.030258,0,77.59,39.46
52.6640,-0.060317,0.025760,0,77.59,39.46
52.6720,-0.067155,0.021618,0,77.59,39.46
52.6800,-0.070574,0.018437,0,77.59,39.46
52.6880,-0.074481,0.016386,0,77.59,39.46
52.6960,-0.076923,0.015354,0,77.59,39.46
52.7040,-0.080830,0.015191,0,77.59,39.46
52.7120,-0.084249,0.015779,0,77.59,39.46
52.7200,-0.084249,0.016869,0,77.59,39.46
52.7280,-0.085714,-0.002732,0,77.59,39.46
52.7360,-0.090598,-0.005296,0,77.59,39.46
52.7440,-0.098413,-0.008595,0,77.59,39.46
52.7520,-0.102320,-0.011836,0,77.59,39.46
52.7600,-0.107692,-0.014168,0,77.59,39.46
52.7680,-0.110623,-0.014996,0,77.59,39.46
52.7760,-0.111600,-0.014164,0,77.59,39.46
52.7840,-0.112088,-0.012020,0,77.59,39.46
52.7920,-0.109646,-0.009323,0,77.59,39.46
52.8000,-0.110623,-0.006960,0,77.59,39.46
52.8080,-0.110134,-0.005570,0,77.59,39.46
52.8160,-0.115507,-0.005266,0,77.59,39.46
52.8240,-0.118437,-0.005631,0,77.59,39.46
52.8320,-0.122344,-0.034371,0,77.59,39.46
52.8400,-0.125275,-0.035358,0,77.59,39.46
52.8480,-0.125275,-0.034988,0,77.59,39.46
52.8560,-0.126252,-0.033100,0,77.59,39.46
52.8640,-0.124786,-0.029898,0,77.59,39.46
52.8720,-0.123321,-0.025997,0,77.59,39.46
52.8800,-0.117460,-0.022369,0,77.59,39.46
52.8880,-0.116972,-0.019955,0,77.59,39.46
52.8960,-0.118926,-0.019067,0,77.59,39.46
52.9040,-0.124298,-0.019161,0,77.59,39.46
52.9120,-0.127717,-0.019261,0,77.59,39.46
52.9200,-0.127228,-0.018703,0,77.59,39.46
52.9280,-0.126252,-0.017543,0,77.59,39.46
52.9360,-0.124298,-0.024314,0,77.59,39.46
52.9440,-0.121856,-0.020847,0,77.59,39.46
52.9520,-0.117460,-0.017651,0,77.59,39.46
52.9600,-0.116484,-0.015587,0,77.59,39.46
52.9680,-0.115507,-0.015107,0,77.59,39.46
52.9760,-0.118437,-0.015993,0,77.59,39.46
52.9840,-0.122833,-0.017396,0,77.59,39.46
52.9920,-0.124298,-0.018268,0,77.59,39.46
53.0000,-0.123810,-0.017924,0,77.59,39.46
53.0080,-0.120391,-0.016311,0,77.59,39.46
53.0160,-0.117460,-0.013818,0,77.59,39.46
53.0240,-0.116484,-0.010883,0,77.59,39.46
53.0320,-0.113553,-0.007788,0,77.59,39.46
53.0400,-0.110623,-0.009231,0,77.59,39.46
53.0480,-0.111600,-0.009624,0,77.59,39.46
53.0560,-0.112576,-0.011145,0,77.59,39.46
53.0640,-0.116972,-0.013051,0,77.59,39.46
53.0720,-0.116972,-0.014444,0,77.59,39.46
53.0800,-0.116484,-0.014693,0,77.59,39.46
53.0880,-0.114042,-0.013640,0,77.59,39.46
53.0960,-0.112088,-0.011535,0,77.59,39.46
53.1040,-0.108181,-0.008928,0,77.59,39.46
53.1120,-0.103785,-0.006534,0,77.59,39.46
53.1200,-0.101343,-0.004974,0,77.59,39.46
53.1280,-0.100366,-0.004461,0,77.59,39.46
53.1360,-0.100855,-0.004667,0,77.59,39.46
53.1440,-0.101343,0.017424,0,77.59,39.46
53.1520,-0.100366,0.018433,0,77.59,39.46
53.1600,-0.098413,0.020107,0,77.59,39.46
53.1680,-0.094994,0.022221,0,77.59,39.46
53.1760,-0.093040,0.024207,0,77.59,39.46
53.1840,-0.091087,0.025401,0,77.59,39.46
53.1920,-0.091087,0.025281,0,77.59,39.46
53.2000,-0.093040,0.023646,0,77.59,39.46
53.2080,-0.094017,0.020716,0,77.59,39.46
53.2160,-0.100855,0.017153,0,77.59,39.46
53.2240,-0.104762,0.013842,0,77.59,39.46
53.2320,-0.106716,0.011367,0,77.59,39.46
53.2400,-0.105739,0.009605,0,77.59,39.46
53.2480,-0.101343,0.010458,0,77.59,39.46
53.2560,-0.096947,0.015100,0,77.59,39.46
53.2640,-0.091575,0.020265,0,77.59,39.46
53.2720,-0.086691,0.024750,0,77.59,39.46
53.2800,-0.083272,0.027496,0,77.59,39.46
53.2880,-0.082295,0.027878,0,77.59,39.46
53.2960,-0.085226,0.025937,0,77.59,39.46
53.3040,-0.090110,0.022372,0,77.59,39.46
53.3120,-0.093529,0.018234,0,77.59,39.46
53.3200,-0.097924,0.014528,0,77.59,39.46
53.3280,-0.100855,0.011915,0,77.59,39.46
53.3360,-0.100855,0.010515,0,77.59,39.46
53.3440,-0.100855,0.009890,0,77.59,39.46
53.3520,-0.098901,-0.008726,0,77.59,39.46
53.3600,-0.095971,-0.008495,0,77.59,39.46
53.3680,-0.094994,-0.009043,0,77.59,39.46
53.3760,-0.097924,-0.010440,0,77.59,39.46
53.3840,-0.100855,-0.012124,0,77.59,39.46
53.3920,-0.100855,-0.013346,0,77.59,39.46
53.4000,-0.099878,-0.013675,0,77.59,39.46
53.4080,-0.096459,-0.013133,0,77.59,39.46
53.4160,-0.095482,-0.011965,0,77.59,39.46
53.4240,-0.094017,-0.010350,0,77.59,39.46
53.4320,-0.092063,-0.008359,0,77.59,39.46
53.4400,-0.088156,-0.006076,0,77.59,39.46
53.4480,-0.085714,-0.003642,0,77.59,39.46
53.4560,-0.088156,0.010144,0,77.59,39.46
53.4640,-0.090598,0.008892,0,77.59,39.46
53.4720,-0.092063,0.007233,0,77.59,39.46
53.4800,-0.093529,0.005657,0,77.59,39.46
53.4880,-0.093529,0.004481,0,77.59,39.46
53.4960,-0.096459,0.003920,0,77.59,39.46
53.5040,-0.096947,0.004070,0,77.59,39.46
53.5120,-0.094505,0.004741,0,77.59,39.46
53.5200,-0.093040,0.005441,0,77.59,39.46
53.5280,-0.092552,0.005670,0,77.59,39.46
53.5360,-0.093529,0.005239,0,77.59,39.46
53.5440,-0.096459,0.004311,0,77.59,39.46
53.5520,-0.095971,0.003175,0,77.59,39.46
53.5600,-0.094994,0.000624,0,77.59,39.46
53.5680,-0.092552,0.001926,0,77.59,39.46
53.5760,-0.090598,0.003212,0,77.59,39.46
53.5840,-0.091087,0.003912,0,77.59,39.46
53.5920,-0.090110,0.003667,0,77.59,39.46
53.6000,-0.093040,0.002447,0,77.59,39.46
53.6080,-0.094017,0.000582,0,77.59,39.46
53.6160,-0.098413,-0.001331,0,77.59,39.46
53.6240,-0.098413,-0.002650,0,77.59,39.46
53.6320,-0.099878,-0.002939,0,77.59,39.46
53.6400,-0.096947,-0.002116,0,77.59,39.46
53.6480,-0.095971,-0.000414,0,77.59,39.46
53.6560,-0.093529,0.001758,0,77.59,39.46
53.6640,-0.095971,-0.005065,0,77.59,39.46
53.6720,-0.095971,-0.005050,0,77.59,39.46
53.6800,-0.094994,-0.005256,0,77.59,39.46
53.6880,-0.094017,-0.005774,0,77.59,39.46
53.6960,-0.094994,-0.006701,0,77.59,39.46
53.7040,-0.095971,-0.007952,0,77.59,39.46
53.7120,-0.097924,-0.009234,0,77.59,39.46
53.7200,-0.097924,-0.010172,0,77.59,39.46
53.7280,-0.097924,-0.010440,0,77.59,39.46
53.7360,-0.097924,-0.009799,0,77.59,39.46
53.7440,-0.095971,-0.008142,0,77.59,39.46
53.7520,-0.094017,-0.005575,0,77.59,39.46
53.7600,-0.090110,-0.002460,0,77.59,39.46
53.7680,-0.088156,0.002000,0,77.59,39.46
53.7760,-0.089133,0.001661,0,77.59,39.46
53.7840,-0.092063,0.000208,0,77.59,39.46
53.7920,-0.094505,-0.001655,0,77.59,39.46
53.8000,-0.094994,-0.003113,0,77.59,39.46
53.8080,-0.098413,-0.003559,0,77.59,39.46
53.8160,-0.093529,-0.002828,0,77.59,39.46
53.8240,-0.093529,-0.001243,0,77.59,39.46
53.8320,-0.091087,0.000564,0,77.59,39.46
53.8400,-0.088156,0.001893,0,77.59,39.46
53.8480,-0.087179,0.002221,0,77.59,39.46
53.8560,-0.090110,0.001478,0,77.59,39.46
53.8640,-0.091087,0.000076,0,77.59,39.46
53.8720,-0.090110,-0.000310,0,77.59,39.46
53.8800,-0.088156,0.000041,0,77.59,39.46
53.8880,-0.088156,0.000689,0,77.59,39.46
53.8960,-0.087668,0.001498,0,77.59,39.46
53.9040,-0.086691,0.002342,0,77.59,39.46
53.9120,-0.085714,0.003047,0,77.59,39.46
53.9200,-0.084737,0.003378,0,77.59,39.46
53.9280,-0.083272,0.003143,0,77.59,39.46
53.9360,-0.085226,0.002359,0,77.59,39.46
53.9440,-0.086203,0.001342,0,77.59,39.46
53.9520,-0.088156,0.000555,0,77.59,39.46
53.9600,-0.088156,0.000299,0,77.59,39.46
53.9680,-0.086203,0.000483,0,77.59,39.46
53.9760,-0.086203,0.005593,0,77.59,39.46
53.9840,-0.086203,0.006087,0,77.59,39.46
53.9920,-0.085714,0.006447,0,77.59,39.46
54.0000,-0.085714,0.006545,0,77.59,39.46
54.0080,-0.085714,0.006271,0,77.59,39.46
54.0160,-0.086203,0.005569,0,77.59,39.46
54.0240,-0.086691,0.004495,0,77.59,39.46
54.0320,-0.089133,0.003273,0,77.59,39.46
54.0400,-0.090598,0.002226,0,77.59,39.46
54.0480,-0.089621,0.001614,0,77.59,39.46
54.0560,-0.090110,0.001564,0,77.59,39.46
54.0640,-0.092063,0.002101,0,77.59,39.46
54.0720,-0.089133,0.003058,0,77.59,39.46
54.0800,-0.085714,-0.008609,0,77.59,39.46
54.0880,-0.084737,-0.008343,0,77.59,39.46
54.0960,-0.085714,-0.008918,0,77.59,39.46
54.1040,-0.088156,-0.010123,0,77.59,39.46
54.1120,-0.087179,-0.011442,0,77.59,39.46
54.1200,-0.090110,-0.012310,0,77.59,39.46
54.1280,-0.088156,-0.012323,0,77.59,39.46
54.1360,-0.086203,-0.011362,0,77.59,39.46
54.1440,-0.085714,-0.009608,0,77.59,39.46
54.1520,-0.081319,-0.007502,0,77.59,39.46
54.1600,-0.076923,-0.005645,0,77.59,39.46
54.1680,-0.075458,-0.004468,0,77.59,39.46
54.1760,-0.076435,-0.003876,0,77.59,39.46
54.1840,-0.078388,0.001026,0,77.59,39.46
54.1920,-0.080342,0.000054,0,77.59,39.46
54.2000,-0.080342,-0.000768,0,77.59,39.46
54.2080,-0.079853,-0.001218,0,77.59,39.46
54.2160,-0.080342,-0.001202,0,77.59,39.46
54.2240,-0.080342,-0.000699,0,77.59,39.46
54.2320,-0.078388,0.000196,0,77.59,39.46
54.2400,-0.075458,0.001206,0,77.59,39.46
54.2480,-0.074481,0.001956,0,77.59,39.46
54.2560,-0.071551,0.002145,0,77.59,39.46
54.2640,-0.076435,0.001703,0,77.59,39.46
54.2720,-0.074481,0.000772,0,77.59,39.46
54.2800,-0.076923,-0.000415,0,77.59,39.46
54.2880,-0.078877,-0.023135,0,77.59,39.46
54.2960,-0.079365,-0.025157,0,77.59,39.46
54.3040,-0.081319,-0.026396,0,77.59,39.46
54.3120,-0.079365,-0.026741,0,77.59,39.46
54.3200,-0.075946,-0.026418,0,77.59,39.46
54.3280,-0.072527,-0.025845,0,77.59,39.46
54.3360,-0.071062,-0.025270,0,77.59,39.46
54.3440,-0.070574,-0.024539,0,77.59,39.46
54.3520,-0.069597,-0.023237,0,77.59,39.46
54.3600,-0.064225,-0.021099,0,77.59,39.46
54.3680,-0.056899,-0.018282,0,77.59,39.46
54.3760,-0.051526,-0.015185,0,77.59,39.46
54.3840,-0.048107,-0.012079,0,77.59,39.46
54.3920,-0.042247,-0.041106,0,77.59,39.46
54.4000,-0.038828,-0.039772,0,77.59,39.46
54.4080,-0.032967,-0.039000,0,77.59,39.46
54.4160,-0.030037,-0.038513,0,77.59,39.46
54.4240,-0.028571,-0.037690,0,77.59,39.46
54.4320,-0.023687,-0.035784,0,77.59,39.46
54.4400,-0.016850,-0.032361,0,77.59,39.46
54.4480,-0.008547,-0.027590,0,77.59,39.46
54.4560,-0.000244,-0.022256,0,77.59,39.46
54.4640,0.010012,-0.017605,0,77.59,39.46
54.4720,0.019292,-0.014945,0,77.59,39.46
54.4800,0.023687,-0.014910,0,77.59,39.46
54.4880,0.020269,-0.016795,0,77.59,39.46
54.4960,0.008547,0.095042,0,77.59,39.46
54.5040,-0.000244,0.088425,0,77.59,39.46
54.5120,-0.007570,0.082348,0,77.59,39.46
54.5200,-0.010501,0.078165,0,77.59,39.46
54.5280,-0.014896,0.076227,0,77.59,39.46
54.5360,-0.014896,0.076036,0,77.59,39.46
54.5440,-0.015385,0.076466,0,77.59,39.46
54.5520,-0.015873,0.076069,0,77.59,39.46
54.5600,-0.018803,0.073503,0,77.59,39.46
54.5680,-0.025641,0.067987,0,77.59,39.46
54.5760,-0.036386,0.059588,0,77.59,39.46
54.5840,-0.051038,0.049125,0,77.59,39.46
54.5920,-0.060806,0.037701,0,77.59,39.46
54.6000,-0.069109,0.005326,0,77.59,39.46
54.6080,-0.071551,0.000158,0,77.59,39.46
54.6160,-0.073993,-0.002732,0,77.59,39.46
54.6240,-0.078388,-0.003935,0,77.59,39.46
54.6320,-0.077411,-0.004144,0,77.59,39.46
54.6400,-0.076923,-0.004101,0,77.59,39.46
54.6480,-0.077900,-0.004386,0,77.59,39.46
54.6560,-0.080830,-0.005127,0,77.59,39.46
54.6640,-0.083272,-0.005970,0,77.59,39.46
54.6720,-0.085714,-0.006353,0,77.59,39.46
54.6800,-0.086203,-0.005858,0,77.59,39.46
54.6880,-0.085714,-0.004432,0,77.59,39.46
54.6960,-0.084737,-0.002405,0,77.59,39.46
54.7040,-0.084249,-0.035307,0,77.59,39.46
54.7120,-0.084249,-0.035641,0,77.59,39.46
54.7200,-0.085714,-0.037004,0,77.59,39.46
54.7280,-0.087179,-0.039338,0,77.59,39.46
54.7360,-0.092552,-0.042039,0,77.59,39.46
54.7440,-0.097924,-0.044079,0,77.59,39.46
54.7520,-0.098413,-0.044509,0,77.59,39.46
54.7600,-0.095971,-0.042955,0,77.59,39.46
54.7680,-0.094017,-0.039627,0,77.59,39.46
54.7760,-0.092063,-0.035004,0,77.59,39.46
54.7840,-0.087668,-0.029586,0,77.59,39.46
54.7920,-0.084737,-0.023788,0,77.59,39.46
54.8000,-0.081319,-0.017870,0,77.59,39.46
54.8080,-0.080830,-0.011085,0,77.59,39.46
54.8160,-0.082295,-0.010799,0,77.59,39.46
54.8240,-0.085714,-0.011646,0,77.59,39.46
54.8320,-0.089133,-0.012755,0,77.59,39.46
54.8400,-0.089133,-0.013311,0,77.59,39.46
54.8480,-0.092063,-0.012804,0,77.59,39.46
54.8560,-0.090598,-0.011139,0,77.59,39.46
54.8640,-0.088645,-0.008677,0,77.59,39.46
54.8720,-0.087179,-0.006113,0,77.59,39.46
54.8800,-0.085714,-0.004210,0,77.59,39.46
54.8880,-0.085226,-0.003534,0,77.59,39.46
54.8960,-0.085714,-0.004219,0,77.59,39.46
54.9040,-0.089621,-0.005819,0,77.59,39.46
54.9120,-0.093529,-0.238274,0,77.59,39.46
54.9200,-0.102320,-0.259865,0,77.59,39.46
54.9280,-0.116972,-0.286008,0,77.59,39.46
54.9360,-0.134066,-0.315168,0,77.59,39.46
54.9440,-0.154579,-0.344220,0,77.59,39.46
54.9520,-0.168254,-0.368812,0,77.59,39.46
54.9600,-0.172650,-0.384118,0,77.59,39.46
54.9680,-0.163858,-0.385627,0,77.59,39.46
54.9760,-0.138462,-0.369767,0,77.59,39.46
54.9840,-0.094994,-0.334463,0,77.59,39.46
54.9920,-0.037363,-0.279771,0,77.59,39.46
55.0000,0.039805,-0.208781,0,77.59,39.46
55.0080,0.139438,-0.128310,0,77.59,39.46
55.0160,0.263004,0.340341,0,77.59,39.46
55.0240,0.398779,0.469077,0,77.59,39.46
55.0320,0.540904,0.608409,0,77.59,39.46
55.0400,0.689377,0.748317,0,77.59,39.46
55.0480,0.852015,0.872975,0,77.59,39.46
55.0560,0.994139,0.962683,0,77.59,39.46
55.0640,1.000000,1.000000,1,77.59,39.46
55.0720,1.000000,0.976032,0,77.59,39.46
55.0800,0.868620,0.893481,0,77.59,39.46
55.0880,0.668864,0.765918,0,77.59,39.46
55.0960,0.472527,0.612138,0,77.59,39.46
55.1040,0.289377,0.447880,0,77.59,39.46
55.1120,0.115507,0.281261,0,77.59,39.46
55.1200,-0.039805,-0.087027,0,77.59,39.46
55.1280,-0.158974,-0.208458,0,77.59,39.46
55.1360,-0.229304,-0.283079,0,77.59,39.46
55.1440,-0.255678,-0.311060,0,77.59,39.46
55.1520,-0.232723,-0.299150,0,77.59,39.46
55.1600,-0.186813,-0.259602,0,77.59,39.46
55.1680,-0.127228,-0.207472,0,77.59,39.46
55.1760,-0.074481,-0.157194,0,77.59,39.46
55.1840,-0.038828,-0.119636,0,77.59,39.46
55.1920,-0.020757,-0.100532,0,77.59,39.46
55.2000,-0.020757,-0.100415,0,77.59,39.46
55.2080,-0.032479,-0.115491,0,77.59,39.46
55.2160,-0.055433,-0.138844,0,77.59,39.46
55.2240,-0.080830,-0.028335,0,77.59,39.46
55.2320,-0.100366,-0.046957,0,77.59,39.46
55.2400,-0.113553,-0.060481,0,77.59,39.46
55.2480,-0.116972,-0.067906,0,77.59,39.46
55.2560,-0.117460,-0.070008,0,77.59,39.46
55.2640,-0.115507,-0.068473,0,77.59,39.46
55.2720,-0.110134,-0.065118,0,77.59,39.46
55.2800,-0.106227,-0.061352,0,77.59,39.46
55.2880,-0.104274,-0.057797,0,77.59,39.46
55.2960,-0.105739,-0.054165,0,77.59,39.46
55.3040,-0.108669,-0.049613,0,77.59,39.46
55.3120,-0.109646,-0.043514,0,77.59,39.46
55.3200,-0.108181,-0.036144,0,77.59,39.46
55.3280,-0.107692,-0.233162,0,77.59,39.46
55.3360,-0.106716,-0.225418,0,77.59,39.46
55.3440,-0.105739,-0.213772,0,77.59,39.46
55.3520,-0.103297,-0.198864,0,77.59,39.46
55.3600,-0.101832,-0.181883,0,77.59,39.46
55.3680,-0.102320,-0.164276,0,77.59,39.46
55.3760,-0.106716,-0.147346,0,77.59,39.46
55.3840,-0.108669,-0.132128,0,77.59,39.46
55.3920,-0.108669,-0.119502,0,77.59,39.46
55.4000,-0.107204,-0.110235,0,77.59,39.46
55.4080,-0.104274,-0.104712,0,77.59,39.46
55.4160,-0.106227,-0.102533,0,77.59,39.46
55.4240,-0.103785,-0.102375,0,77.59,39.46
55.4320,-0.101343,-0.010668,0,77.59,39.46
55.4400,-0.100855,-0.012648,0,77.59,39.46
55.4480,-0.098413,-0.015887,0,77.59,39.46
55.4560,-0.099389,-0.019661,0,77.59,39.46
55.4640,-0.100855,-0.023119,0,77.59,39.46
55.4720,-0.101832,-0.025454,0,77.59,39.46
55.4800,-0.101343,-0.026153,0,77.59,39.46
55.4880,-0.100366,-0.025116,0,77.59,39.46
55.4960,-0.097924,-0.022582,0,77.59,39.46
55.5040,-0.096459,-0.018974,0,77.59,39.46
55.5120,-0.091575,-0.014793,0,77.59,39.46
55.5200,-0.086203,-0.010502,0,77.59,39.46
55.5280,-0.083761,-0.006320,0,77.59,39.46
55.5360,-0.085226,0.008917,0,77.59,39.46
55.5440,-0.086691,0.008410,0,77.59,39.46
55.5520,-0.087179,0.007647,0,77.59,39.46
55.5600,-0.085714,0.007265,0,77.59,39.46
55.5680,-0.084737,0.007501,0,77.59,39.46
55.5760,-0.082784,0.008271,0,77.59,39.46
55.5840,-0.081319,0.009313,0,77.59,39.46
55.5920,-0.080830,0.010281,0,77.59,39.46
55.6000,-0.077900,0.010771,0,77.59,39.46
55.6080,-0.076923,0.010393,0,77.59,39.46
55.6160,-0.078877,0.008992,0,77.59,39.46
55.6240,-0.080830,0.006755,0,77.59,39.46
55.6320,-0.082295,0.004073,0,77.59,39.46
55.6400,-0.082295,-0.009222,0,77.59,39.46
55.6480,-0.079853,-0.008713,0,77.59,39.46
55.6560,-0.077411,-0.006905,0,77.59,39.46
55.6640,-0.072527,-0.004288,0,77.59,39.46
55.6720,-0.069109,-0.001630,0,77.59,39.46
55.6800,-0.062759,0.000245,0,77.59,39.46
55.6880,-0.062271,0.000799,0,77.59,39.46
55.6960,-0.062271,0.000084,0,77.59,39.46
55.7040,-0.063736,-0.001306,0,77.59,39.46
55.7120,-0.063736,-0.002595,0,77.59,39.46
55.7200,-0.062271,-0.003223,0,77.59,39.46
55.7280,-0.060806,-0.003044,0,77.59,39.46
55.7360,-0.057387,-0.002334,0,77.59,39.46
55.7440,-0.055433,0.002039,0,77.59,39.46
55.7520,-0.053968,0.002499,0,77.59,39.46
55.7600,-0.053480,0.002470,0,77.59,39.46
55.7680,-0.050061,0.001931,0,77.59,39.46
55.7760,-0.051526,0.001074,0,77.59,39.46
55.7840,-0.052991,0.000314,0,77.59,39.46
55.7920,-0.050061,0.000034,0,77.59,39.46
55.8000,-0.047619,0.000292,0,77.59,39.46
55.8080,-0.045177,0.000867,0,77.59,39.46
55.8160,-0.043712,0.001485,0,77.59,39.46
55.8240,-0.041270,0.001947,0,77.59,39.46
55.8320,-0.039805,0.002167,0,77.59,39.46
55.8400,-0.038828,0.002200,0,77.59,39.46
55.8480,-0.037363,0.005991,0,77.59,39.46
55.8560,-0.038339,0.004914,0,77.59,39.46
55.8640,-0.038339,0.003901,0,77.59,39.46
55.8720,-0.038828,0.003445,0,77.59,39.46
55.8800,-0.036386,0.003855,0,77.59,39.46
55.8880,-0.032967,0.005105,0,77.59,39.46
55.8960,-0.031013,0.006881,0,77.59,39.46
55.9040,-0.027595,0.008691,0,77.59,39.46
55.9120,-0.024176,0.009926,0,77.59,39.46
55.9200,-0.021734,0.009996,0,77.59,39.46
55.9280,-0.022222,0.008590,0,77.59,39.46
55.9360,-0.024176,0.005860,0,77.59,39.46
55.9440,-0.026129,0.002362,0,77.59,39.46
55.9520,-0.026618,0.009327,0,77.59,39.46
55.9600,-0.023687,0.009711,0,77.59,39.46
55.9680,-0.021734,0.011218,0,77.59,39.46
55.9760,-0.017338,0.013261,0,77.59,39.46
55.9840,-0.014896,0.015034,0,77.59,39.46
55.9920,-0.012943,0.015758,0,77.59,39.46
56.0000,-0.010989,0.014936,0,77.59,39.46
56.0080,-0.012943,0.012614,0,77.59,39.46
56.0160,-0.018315,0.009532,0,77.59,39.46
56.0240,-0.021734,0.006818,0,77.59,39.46
56.0320,-0.020757,0.005312,0,77.59,39.46
56.0400,-0.018315,0.005122,0,77.59,39.46
56.0480,-0.016850,0.005727,0,77.59,39.46
56.0560,-0.012943,0.054547,0,77.59,39.46
56.0640,-0.010989,0.057281,0,77.59,39.46
56.0720,-0.011966,0.058331,0,77.59,39.46
56.0800,-0.012454,0.057312,0,77.59,39.46
56.0880,-0.018803,0.054431,0,77.59,39.46
56.0960,-0.025641,0.050421,0,77.59,39.46
56.1040,-0.031013,0.046184,0,77.59,39.46
56.1120,-0.036386,0.042346,0,77.59,39.46
56.1200,-0.039316,0.039055,0,77.59,39.46
56.1280,-0.043223,0.036096,0,77.59,39.46
56.1360,-0.047619,0.033190,0,77.59,39.46
56.1440,-0.053968,0.030227,0,77.59,39.46
56.1520,-0.057875,0.027241,0,77.59,39.46
56.1600,-0.063248,0.027552,0,77.59,39.46
56.1680,-0.069597,0.024246,0,77.59,39.46
56.1760,-0.073016,0.021173,0,77.59,39.46
56.1840,-0.080830,0.018579,0,77.59,39.46
56.1920,-0.084249,0.016594,0,77.59,39.46
56.2000,-0.085714,0.015074,0,77.59,39.46
56.2080,-0.089621,0.013726,0,77.59,39.46
56.2160,-0.095482,0.012432,0,77.59,39.46
56.2240,-0.100855,0.011311,0,77.59,39.46
56.2320,-0.102320,0.010448,0,77.59,39.46
56.2400,-0.106227,0.009740,0,77.59,39.46
56.2480,-0.109646,0.009035,0,77.59,39.46
56.2560,-0.114042,0.008300,0,77.59,39.46
56.2640,-0.117949,-0.031334,0,77.59,39.46
56.2720,-0.119414,-0.032289,0,77.59,39.46
56.2800,-0.120391,-0.032402,0,77.59,39.46
56.2880,-0.122344,-0.031656,0,77.59,39.46
56.2960,-0.123321,-0.030037,0,77.59,39.46
56.3040,-0.123321,-0.027636,0,77.59,39.46
56.3120,-0.121368,-0.024799,0,77.59,39.46
56.3200,-0.119902,-0.022106,0,77.59,39.46
56.3280,-0.117949,-0.020098,0,77.59,39.46
56.3360,-0.121368,-0.018911,0,77.59,39.46
56.3440,-0.125275,-0.018191,0,77.59,39.46
56.3520,-0.125763,-0.017468,0,77.59,39.46
56.3600,-0.126252,-0.016576,0,77.59,39.46
56.3680,-0.127228,-0.038274,0,77.59,39.46
56.3760,-0.129182,-0.037503,0,77.59,39.46
56.3840,-0.129182,-0.036343,0,77.59,39.46
56.3920,-0.126252,-0.035202,0,77.59,39.46
56.4000,-0.126252,-0.034554,0,77.59,39.46
56.4080,-0.127717,-0.034503,0,77.59,39.46
56.4160,-0.132112,-0.034564,0,77.59,39.46
56.4240,-0.132601,-0.033967,0,77.59,39.46
56.4320,-0.131136,-0.032201,0,77.59,39.46
56.4400,-0.127228,-0.029281,0,77.59,39.46
56.4480,-0.124298,-0.025577,0,77.59,39.46
56.4560,-0.121856,-0.021475,0,77.59,39.46
56.4640,-0.118437,-0.017229,0,77.59,39.46
56.4720,-0.116972,-0.007905,0,77.59,39.46
56.4800,-0.115995,-0.007093,0,77.59,39.46
56.4880,-0.116484,-0.007765,0,77.59,39.46
56.4960,-0.119414,-0.009573,0,77.59,39.46
56.5040,-0.123321,-0.011798,0,77.59,39.46
56.5120,-0.125275,-0.013616,0,77.59,39.46
56.5200,-0.125275,-0.014419,0,77.59,39.46
56.5280,-0.125275,-0.013970,0,77.59,39.46
56.5360,-0.123321,-0.012380,0,77.59,39.46
56.5440,-0.119902,-0.010048,0,77.59,39.46
56.5520,-0.116484,-0.007505,0,77.59,39.46
56.5600,-0.113553,-0.005156,0,77.59,39.46
56.5680,-0.112576,-0.003064,0,77.59,39.46
56.5760,-0.112576,0.001573,0,77.59,39.46
56.5840,-0.113553,0.001016,0,77.59,39.46
56.5920,-0.113553,0.000190,0,77.59,39.46
56.6000,-0.114042,-0.000466,0,77.59,39.46
56.6080,-0.113553,-0.000619,0,77.59,39.46
56.6160,-0.113553,-0.000099,0,77.59,39.46
56.6240,-0.111600,0.001024,0,77.59,39.46
56.6320,-0.109158,0.002381,0,77.59,39.46
56.6400,-0.106227,0.003420,0,77.59,39.46
56.6480,-0.105739,0.003691,0,77.59,39.46
56.6560,-0.106716,0.003096,0,77.59,39.46
56.6640,-0.108669,0.001885,0,77.59,39.46
56.6720,-0.108181,0.000399,0,77.59,39.46
56.6800,-0.109646,0.001389,0,77.59,39.46
56.6880,-0.108669,0.001322,0,77.59,39.46
56.6960,-0.108669,0.002129,0,77.59,39.46
56.7040,-0.105739,0.003554,0,77.59,39.46
56.7120,-0.101343,0.004975,0,77.59,39.46
56.7200,-0.099878,0.005693,0,77.59,39.46
56.7280,-0.099878,0.005360,0,77.59,39.46
56.7360,-0.101343,0.004186,0,77.59,39.46
56.7440,-0.104274,0.002771,0,77.59,39.46
56.7520,-0.103785,0.001702,0,77.59,39.46
56.7600,-0.102320,0.001203,0,77.59,39.46
56.7680,-0.101343,0.001142,0,77.59,39.46
56.7760,-0.101343,0.001277,0,77.59,39.46
56.7840,-0.101343,0.003161,0,77.59,39.46
56.7920,-0.098901,0.003493,0,77.59,39.46
56.8000,-0.097924,0.003322,0,77.59,39.46
56.8080,-0.098413,0.002475,0,77.59,39.46
56.8160,-0.100855,0.001103,0,77.59,39.46
56.8240,-0.101343,-0.000423,0,77.59,39.46
56.8320,-0.101343,-0.001740,0,77.59,39.46
56.8400,-0.101832,-0.002596,0,77.59,39.46
56.8480,-0.101343,-0.002832,0,77.59,39.46
56.8560,-0.100855,-0.002376,0,77.59,39.46
56.8640,-0.098413,-0.001281,0,77.59,39.46
56.8720,-0.096947,0.000290,0,77.59,39.46
56.8800,-0.094505,0.002108,0,77.59,39.46
56.8880,-0.096459,0.006926,0,77.59,39.46
56.8960,-0.099878,0.004812,0,77.59,39.46
56.9040,-0.102808,0.002485,0,77.59,39.46
56.9120,-0.104274,0.000748,0,77.59,39.46
56.9200,-0.104762,0.000128,0,77.59,39.46
56.9280,-0.102808,0.000739,0,77.59,39.46
56.9360,-0.101343,0.002334,0,77.59,39.46
56.9440,-0.100855,0.004414,0,77.59,39.46
56.9520,-0.095971,0.006271,0,77.59,39.46
56.9600,-0.094994,0.007104,0,77.59,39.46
56.9680,-0.094505,0.006364,0,77.59,39.46
56.9760,-0.098901,0.004085,0,77.59,39.46
56.9840,-0.101832,0.000882,0,77.59,39.46
56.9920,-0.101343,0.001742,0,77.59,39.46
57.0000,-0.101343,0.001808,0,77.59,39.46
57.0080,-0.100366,0.003012,0,77.59,39.46
57.0160,-0.098413,0.005003,0,77.59,39.46
57.0240,-0.094505,0.007104,0,77.59,39.46
57.0320,-0.093040,0.008524,0,77.59,39.46
57.0400,-0.092552,0.008704,0,77.59,39.46
57.0480,-0.093529,0.007588,0,77.59,39.46
57.0560,-0.098413,0.005673,0,77.59,39.46
57.0640,-0.100855,0.003728,0,77.59,39.46
57.0720,-0.100855,0.002328,0,77.59,39.46
57.0800,-0.101343,0.001592,0,77.59,39.46
57.0880,-0.101343,0.001273,0,77.59,39.46
57.0960,-0.100366,-0.002173,0,77.59,39.46
57.1040,-0.098413,0.000392,0,77.59,39.46
57.1120,-0.093040,0.003104,0,77.59,39.46
57.1200,-0.090110,0.004993,0,77.59,39.46
57.1280,-0.088645,0.005327,0,77.59,39.46
57.1360,-0.092552,0.004056,0,77.59,39.46
57.1440,-0.095971,0.001823,0,77.59,39.46
57.1520,-0.097924,-0.000466,0,77.59,39.46
57.1600,-0.098901,-0.002101,0,77.59,39.46
57.1680,-0.097924,-0.002717,0,77.59,39.46
57.1760,-0.099389,-0.002187,0,77.59,39.46
57.1840,-0.098413,-0.000576,0,77.59,39.46
57.1920,-0.094505,0.001732,0,77.59,39.46
57.2000,-0.092063,0.004024,0,77.59,39.46
57.2080,-0.091087,0.004823,0,77.59,39.46
57.2160,-0.092063,0.004406,0,77.59,39.46
57.2240,-0.093529,0.002940,0,77.59,39.46
57.2320,-0.095971,0.000945,0,77.59,39.46
57.2400,-0.098901,-0.000906,0,77.59,39.46
57.2480,-0.098413,-0.002030,0,77.59,39.46
57.2560,-0.100855,-0.002111,0,77.59,39.46
57.2640,-0.098413,-0.001220,0,77.59,39.46
57.2720,-0.095971,0.000175,0,77.59,39.46
57.2800,-0.093529,0.001420,0,77.59,39.46
57.2880,-0.093040,0.002088,0,77.59,39.46
57.2960,-0.094505,0.002260,0,77.59,39.46
57.3040,-0.096459,0.000362,0,77.59,39.46
57.3120,-0.096459,0.000127,0,77.59,39.46
57.3200,-0.095482,0.000565,0,77.59,39.46
57.3280,-0.094017,0.001719,0,77.59,39.46
57.3360,-0.093529,0.003347,0,77.59,39.46
57.3440,-0.090598,0.004985,0,77.59,39.46
57.3520,-0.088156,0.006049,0,77.59,39.46
57.3600,-0.088156,0.006110,0,77.59,39.46
57.3680,-0.090598,0.005189,0,77.59,39.46
57.3760,-0.093040,0.003717,0,77.59,39.46
57.3840,-0.094017,0.002217,0,77.59,39.46
57.3920,-0.094994,0.000983,0,77.59,39.46
57.4000,-0.094994,-0.000010,0,77.59,39.46
57.4080,-0.094505,-0.004878,0,77.59,39.46
57.4160,-0.093529,-0.003380,0,77.59,39.46
57.4240,-0.091087,-0.001372,0,77.59,39.46
57.4320,-0.087668,0.000442,0,77.59,39.46
57.4400,-0.085226,0.001274,0,77.59,39.46
57.4480,-0.085714,0.000685,0,77.59,39.46
57.4560,-0.089133,-0.001089,0,77.59,39.46
57.4640,-0.093040,-0.003230,0,77.59,39.46
57.4720,-0.093529,-0.004809,0,77.59,39.46
57.4800,-0.093529,-0.005258,0,77.59,39.46
57.4880,-0.090598,-0.004494,0,77.59,39.46
57.4960,-0.090598,-0.002764,0,77.59,39.46
57.5040,-0.087179,-0.000498,0,77.59,39.46
57.5120,-0.085226,-0.044330,0,77.59,39.46
57.5200,-0.083761,-0.045677,0,77.59,39.46
57.5280,-0.084737,-0.047552,0,77.59,39.46
57.5360,-0.085714,-0.049259,0,77.59,39.46
57.5440,-0.085226,-0.049903,0,77.59,39.46
57.5520,-0.081319,-0.048855,0,77.59,39.46
57.5600,-0.074481,-0.046044,0,77.59,39.46
57.5680,-0.068132,-0.041890,0,77.59,39.46
57.5760,-0.060806,-0.037033,0,77.59,39.46
57.5840,-0.053968,-0.032138,0,77.59,39.46
57.5920,-0.045665,-0.027784,0,77.59,39.46
57.6000,-0.038828,-0.024289,0,77.59,39.46
57.6080,-0.035897,-0.021473,0,77.59,39.46
57.6160,-0.035409,-0.013319,0,77.59,39.46
57.6240,-0.034432,-0.013545,0,77.59,39.46
57.6320,-0.032479,-0.012411,0,77.59,39.46
57.6400,-0.026129,-0.008821,0,77.59,39.46
57.6480,-0.018803,-0.002443,0,77.59,39.46
57.6560,-0.007570,0.005996,0,77.59,39.46
57.6640,0.008547,0.014669,0,77.59,39.46
57.6720,0.021734,0.021170,0,77.59,39.46
57.6800,0.024176,0.023564,0,77.59,39.46
57.6880,0.023687,0.021182,0,77.59,39.46
57.6960,0.018315,0.014634,0,77.59,39.46
57.7040,0.009524,0.005273,0,77.59,39.46
57.7120,0.004640,-0.005418,0,77.59,39.46
57.7200,-0.005128,0.071273,0,77.59,39.46
57.7280,-0.011966,0.068098,0,77.59,39.46
57.7360,-0.014408,0.066200,0,77.59,39.46
57.7440,-0.015873,0.065118,0,77.59,39.46
57.7520,-0.017827,0.063978,0,77.59,39.46
57.7600,-0.021734,0.061935,0,77.59,39.46
57.7680,-0.028571,0.058551,0,77.59,39.46
57.7760,-0.037363,0.053938,0,77.59,39.46
57.7840,-0.048107,0.048645,0,77.59,39.46
57.7920,-0.055922,0.043346,0,77.59,39.46
57.8000,-0.065690,0.038544,0,77.59,39.46
57.8080,-0.070574,0.034386,0,77.59,39.46
57.8160,-0.077411,0.030675,0,77.59,39.46
57.8240,-0.082295,-0.007732,0,77.59,39.46
57.8320,-0.085226,-0.010805,0,77.59,39.46
57.8400,-0.085714,-0.013323,0,77.59,39.46
57.8480,-0.088156,-0.015728,0,77.59,39.46
57.8560,-0.093529,-0.018053,0,77.59,39.46
57.8640,-0.096459,-0.019893,0,77.59,39.46
57.8720,-0.098413,-0.020750,0,77.59,39.46
57.8800,-0.097924,-0.020358,0,77.59,39.46
57.8880,-0.097924,-0.018771,0,77.59,39.46
57.8960,-0.096459,-0.016286,0,77.59,39.46
57.9040,-0.094017,-0.013342,0,77.59,39.46
57.9120,-0.092063,-0.010339,0,77.59,39.46
57.9200,-0.092552,-0.007428,0,77.59,39.46
57.9280,-0.094017,-0.027849,0,77.59,39.46
57.9360,-0.096459,-0.028003,0,77.59,39.46
57.9440,-0.096947,-0.027710,0,77.59,39.46
57.9520,-0.096947,-0.026511,0,77.59,39.46
57.9600,-0.095971,-0.024287,0,77.59,39.46
57.9680,-0.094505,-0.021258,0,77.59,39.46
57.9760,-0.094017,-0.017911,0,77.59,39.46
57.9840,-0.092063,-0.014901,0,77.59,39.46
57.9920,-0.090598,-0.012870,0,77.59,39.46
58.0000,-0.094505,-0.012123,0,77.59,39.46
58.0080,-0.097924,-0.012448,0,77.59,39.46
58.0160,-0.102808,-0.013331,0,77.59,39.46
58.0240,-0.103785,-0.014366,0,77.59,39.46
58.0320,-0.102320,0.000896,0,77.59,39.46
58.0400,-0.101343,0.004985,0,77.59,39.46
58.0480,-0.097924,0.010530,0,77.59,39.46
58.0560,-0.094017,0.016977,0,77.59,39.46
58.0640,-0.089133,0.023531,0,77.59,39.46
58.0720,-0.085714,0.029301,0,77.59,39.46
58.0800,-0.083272,0.033486,0,77.59,39.46
58.0880,-0.085226,0.035505,0,77.59,39.46
58.0960,-0.086691,0.034961,0,77.59,39.46
58.1040,-0.091087,0.031515,0,77.59,39.46
58.1120,-0.096459,0.024944,0,77.59,39.46
58.1200,-0.105739,0.015481,0,77.59,39.46
58.1280,-0.121368,0.004202,0,77.59,39.46
58.1360,-0.136996,-0.588039,0,77.59,39.46
58.1440,-0.154579,-0.629489,0,77.59,39.46
58.1520,-0.167766,-0.668468,0,77.59,39.46
58.1600,-0.176068,-0.701429,0,77.59,39.46
58.1680,-0.172650,-0.724651,0,77.59,39.46
58.1760,-0.158486,-0.734608,0,77.59,39.46
58.1840,-0.124298,-0.728338,0,77.59,39.46
58.1920,-0.071551,-0.703627,0,77.59,39.46
58.2000,-0.007570,-0.658980,0,77.59,39.46
58.2080,0.079365,-0.593893,0,77.59,39.46
58.2160,0.186813,-0.509783,0,77.59,39.46
58.2240,0.315263,-0.410848,0,77.59,39.46
58.2320,0.449084,-0.303947,0,77.59,39.46
58.2400,0.587790,0.715919,0,77.59,39.46
58.2480,0.732357,0.825344,0,77.59,39.46
58.2560,0.883272,0.918936,0,77.59,39.46
58.2640,0.999512,0.981283,0,77.59,39.46
58.2720,1.000000,1.000000,1,77.59,39.46
58.2800,0.917460,0.971696,1,77.59,39.46
58.2880,0.732357,0.904017,0,77.59,39.46
58.2960,0.537973,0.812401,0,77.59,39.46
58.3040,0.349451,0.713957,0,77.59,39.46
58.3120,0.172650,0.622341,0,77.59,39.46
58.3200,0.013919,0.545332,0,77.59,39.46
58.3280,-0.117949,0.484012,0,77.59,39.46
58.3360,-0.203419,0.432887,0,77.59,39.46
58.3440,-0.241026,-0.224497,0,77.59,39.46
58.3520,-0.235653,-0.224388,0,77.59,39.46
58.3600,-0.200488,-0.194351,0,77.59,39.46
58.3680,-0.149695,-0.147880,0,77.59,39.46
58.3760,-0.100366,-0.098553,0,77.59,39.46
58.3840,-0.059829,-0.057359,0,77.59,39.46
58.3920,-0.037363,-0.030961,0,77.59,39.46
58.4000,-0.033455,-0.021183,0,77.59,39.46
58.4080,-0.041758,-0.025752,0,77.59,39.46
58.4160,-0.061294,-0.039961,0,77.59,39.46
58.4240,-0.080830,-0.058744,0,77.59,39.46
58.4320,-0.094994,-0.078501,0,77.59,39.46
58.4400,-0.105739,-0.097876,0,77.59,39.46
58.4480,-0.112088,-0.102151,0,77.59,39.46
58.4560,-0.114530,-0.107568,0,77.59,39.46
58.4640,-0.114530,-0.110211,0,77.59,39.46
58.4720,-0.110623,-0.111588,0,77.59,39.46
58.4800,-0.110623,-0.112860,0,77.59,39.46
58.4880,-0.112088,-0.114349,0,77.59,39.46
58.4960,-0.113553,-0.115441,0,77.59,39.46
58.5040,-0.115995,-0.114913,0,77.59,39.46
58.5120,-0.115018,-0.111413,0,77.59,39.46
58.5200,-0.114530,-0.103871,0,77.59,39.46
58.5280,-0.113553,-0.091813,0,77.59,39.46
58.5360,-0.111111,-0.075681,0,77.59,39.46
58.5440,-0.106716,-0.057049,0,77.59,39.46
58.5520,-0.105739,-0.164648,0,77.59,39.46
58.5600,-0.102808,-0.148388,0,77.59,39.46
58.5680,-0.106227,-0.131229,0,77.59,39.46
58.5760,-0.111600,-0.113918,0,77.59,39.46
58.5840,-0.112088,-0.097208,0,77.59,39.46
58.5920,-0.110623,-0.082057,0,77.59,39.46
58.6000,-0.110623,-0.069460,0,77.59,39.46
58.6080,-0.109646,-0.060102,0,77.59,39.46
58.6160,-0.108669,-0.054259,0,77.59,39.46
58.6240,-0.106716,-0.051948,0,77.59,39.46
58.6320,-0.101343,-0.053038,0,77.59,39.46
58.6400,-0.099878,-0.057066,0,77.59,39.46
58.6480,-0.101343,-0.062914,0,77.59,39.46
58.6560,-0.102320,-0.011693,0,77.59,39.46
58.6640,-0.101832,-0.014366,0,77.59,39.46
58.6720,-0.101832,-0.015653,0,77.59,39.46
58.6800,-0.098901,-0.015274,0,77.59,39.46
58.6880,-0.097924,-0.013432,0,77.59,39.46
58.6960,-0.095482,-0.010656,0,77.59,39.46
58.7040,-0.092552,-0.007662,0,77.59,39.46
58.7120,-0.090110,-0.005199,0,77.59,39.46
58.7200,-0.088645,-0.003818,0,77.59,39.46
58.7280,-0.088645,-0.003658,0,77.59,39.46
58.7360,-0.090110,-0.004405,0,77.59,39.46
58.7440,-0.092552,-0.005523,0,77.59,39.46
58.7520,-0.089621,-0.006664,0,77.59,39.46
58.7600,-0.086203,0.002023,0,77.59,39.46
58.7680,-0.085226,0.003985,0,77.59,39.46
58.7760,-0.083272,0.006589,0,77.59,39.46
58.7840,-0.078877,0.009379,0,77.59,39.46
58.7920,-0.073993,0.011520,0,77.59,39.46
58.8000,-0.070085,0.012070,0,77.59,39.46
58.8080,-0.070574,0.010594,0,77.59,39.46
58.8160,-0.077411,0.007612,0,77.59,39.46
58.8240,-0.080342,0.004364,0,77.59,39.46
58.8320,-0.080342,0.002062,0,77.59,39.46
58.8400,-0.080342,0.001345,0,77.59,39.46
58.8480,-0.078388,0.002183,0,77.59,39.46
58.8560,-0.074481,0.003972,0,77.59,39.46
58.8640,-0.070085,-0.002076,0,77.59,39.46
58.8720,-0.064713,0.000630,0,77.59,39.46
58.8800,-0.061294,0.002035,0,77.59,39.46
58.8880,-0.059829,0.001630,0,77.59,39.46
58.8960,-0.062271,-0.000375,0,77.59,39.46
58.9040,-0.065690,-0.003138,0,77.59,39.46
58.9120,-0.065690,-0.005640,0,77.59,39.46
58.9200,-0.065201,-0.007141,0,77.59,39.46
58.9280,-0.063248,-0.007315,0,77.59,39.46
58.9360,-0.061294,-0.006159,0,77.59,39.46
58.9440,-0.056410,-0.003893,0,77.59,39.46
58.9520,-0.052503,-0.000874,0,77.59,39.46
58.9600,-0.047619,0.002504,0,77.59,39.46
58.9680,-0.046154,0.008447,0,77.59,39.46
58.9760,-0.048596,0.007181,0,77.59,39.46
58.9840,-0.049573,0.004912,0,77.59,39.46
58.9920,-0.050061,0.002380,0,77.59,39.46
59.0000,-0.051526,0.000300,0,77.59,39.46
59.0080,-0.052015,-0.000741,0,77.59,39.46
59.0160,-0.051526,-0.000455,0,77.59,39.46
59.0240,-0.047131,0.000927,0,77.59,39.46
59.0320,-0.041758,0.002674,0,77.59,39.46
59.0400,-0.039316,0.003956,0,77.59,39.46
59.0480,-0.038828,0.004333,0,77.59,39.46
59.0560,-0.038828,0.003881,0,77.59,39.46
59.0640,-0.037851,0.002975,0,77.59,39.46
59.0720,-0.035409,0.001239,0,77.59,39.46
59.0800,-0.032479,0.001841,0,77.59,39.46
59.0880,-0.030525,0.002656,0,77.59,39.46
59.0960,-0.031013,0.003558,0,77.59,39.46
59.1040,-0.025641,0.004342,0,77.59,39.46
59.1120,-0.024664,0.004690,0,77.59,39.46
59.1200,-0.023199,0.004375,0,77.59,39.46
59.1280,-0.023199,0.003457,0,77.59,39.46
59.1360,-0.023199,0.002277,0,77.59,39.46
59.1440,-0.023199,0.001309,0,77.59,39.46
59.1520,-0.022222,0.000937,0,77.59,39.46
59.1600,-0.019780,0.001262,0,77.59,39.46
59.1680,-0.016850,0.002043,0,77.59,39.46
59.1760,-0.014896,0.014575,0,77.59,39.46
59.1840,-0.009524,0.016620,0,77.59,39.46
59.1920,-0.006593,0.017777,0,77.59,39.46
59.2000,-0.007082,0.017716,0,77.59,39.46
59.2080,-0.008059,0.016674,0,77.59,39.46
59.2160,-0.010989,0.015281,0,77.59,39.46
59.2240,-0.009524,0.014100,0,77.59,39.46
59.2320,-0.008059,0.013304,0,77.59,39.46
59.2400,-0.007570,0.012736,0,77.59,39.46
59.2480,-0.007570,0.012157,0,77.59,39.46
59.2560,-0.007082,0.011400,0,77.59,39.46
59.2640,-0.007082,0.010397,0,77.59,39.46
59.2720,-0.008059,0.009213,0,77.59,39.46
59.2800,-0.014896,0.062640,0,77.59,39.46
59.2880,-0.022711,0.057763,0,77.59,39.46
59.2960,-0.031013,0.052476,0,77.59,39.46
59.3040,-0.037851,0.047788,0,77.59,39.46
59.3120,-0.040293,0.044259,0,77.59,39.46
59.3200,-0.045665,0.041944,0,77.59,39.46
59.3280,-0.048107,0.040573,0,77.59,39.46
59.3360,-0.052015,0.039680,0,77.59,39.46
59.3440,-0.054457,0.038627,0,77.59,39.46
59.3520,-0.055922,0.036699,0,77.59,39.46
59.3600,-0.062759,0.033401,0,77.59,39.46
59.3680,-0.070085,0.028762,0,77.59,39.46
59.3760,-0.078388,0.023337,0,77.59,39.46
59.3840,-0.085714,0.002191,0,77.59,39.46
59.3920,-0.090110,-0.000525,0,77.59,39.46
59.4000,-0.090598,-0.001496,0,77.59,39.46
59.4080,-0.093529,-0.001156,0,77.59,39.46
59.4160,-0.094017,-0.000242,0,77.59,39.46
59.4240,-0.094505,0.000436,0,77.59,39.46
59.4320,-0.096947,0.000222,0,77.59,39.46
59.4400,-0.099878,-0.001097,0,77.59,39.46
59.4480,-0.105739,-0.003107,0,77.59,39.46
59.4560,-0.113553,-0.004869,0,77.59,39.46
59.4640,-0.116972,-0.005430,0,77.59,39.46
59.4720,-0.116972,-0.004457,0,77.59,39.46
59.4800,-0.116972,-0.002441,0,77.59,39.46
59.4880,-0.116972,-0.036485,0,77.59,39.46
59.4960,-0.117949,-0.035357,0,77.59,39.46
59.5040,-0.118437,-0.034600,0,77.59,39.46
59.5120,-0.118926,-0.034397,0,77.59,39.46
59.5200,-0.122344,-0.034615,0,77.59,39.46
59.5280,-0.124786,-0.034824,0,77.59,39.46
59.5360,-0.126252,-0.034504,0,77.59,39.46
59.5440,-0.127717,-0.033288,0,77.59,39.46
59.5520,-0.126252,-0.031111,0,77.59,39.46
59.5600,-0.124298,-0.028174,0,77.59,39.46
59.5680,-0.124298,-0.024743,0,77.59,39.46
59.5760,-0.123810,-0.020983,0,77.59,39.46
59.5840,-0.121368,-0.017029,0,77.59,39.46
59.5920,-0.119902,-0.024950,0,77.59,39.46
59.6000,-0.118437,-0.023898,0,77.59,39.46
59.6080,-0.119902,-0.023840,0,77.59,39.46
59.6160,-0.123810,-0.024273,0,77.59,39.46
59.6240,-0.125275,-0.024396,0,77.59,39.46
59.6320,-0.125275,-0.023585,0,77.59,39.46
59.6400,-0.122344,-0.021715,0,77.59,39.46
59.6480,-0.120391,-0.019102,0,77.59,39.46
59.6560,-0.119414,-0.016241,0,77.59,39.46
59.6640,-0.116972,-0.013655,0,77.59,39.46
59.6720,-0.114042,-0.011844,0,77.59,39.46
59.6800,-0.112576,-0.011082,0,77.59,39.46
59.6880,-0.115507,-0.011109,0,77.59,39.46
59.6960,-0.119414,-0.010644,0,77.59,39.46
59.7040,-0.119902,-0.012114,0,77.59,39.46
59.7120,-0.119902,-0.012751,0,77.59,39.46
59.7200,-0.120391,-0.012231,0,77.59,39.46
59.7280,-0.116972,-0.010555,0,77.59,39.46
59.7360,-0.115995,-0.008012,0,77.59,39.46
59.7440,-0.112088,-0.005129,0,77.59,39.46
59.7520,-0.107692,-0.002599,0,77.59,39.46
59.7600,-0.105739,-0.001065,0,77.59,39.46
59.7680,-0.105739,-0.000828,0,77.59,39.46
59.7760,-0.107692,-0.001779,0,77.59,39.46
59.7840,-0.106716,-0.003583,0,77.59,39.46
59.7920,-0.109158,-0.005842,0,77.59,39.46
59.8000,-0.107692,0.001379,0,77.59,39.46
59.8080,-0.107692,0.002148,0,77.59,39.46
59.8160,-0.105739,0.003651,0,77.59,39.46
59.8240,-0.101343,0.005352,0,77.59,39.46
59.8320,-0.098901,0.006512,0,77.59,39.46
59.8400,-0.097924,0.006602,0,77.59,39.46
59.8480,-0.099878,0.005623,0,77.59,39.46
59.8560,-0.102320,0.004069,0,77.59,39.46
59.8640,-0.102320,0.002577,0,77.59,39.46
59.8720,-0.102320,0.001589,0,77.59,39.46
59.8800,-0.101832,0.001269,0,77.59,39.46
59.8880,-0.101343,0.001560,0,77.59,39.46
59.8960,-0.099389,0.002219,0,77.59,39.46
59.9040,-0.094994,0.003498,0,77.59,39.46
59.9120,-0.093529,0.004449,0,77.59,39.46
59.9200,-0.092063,0.004299,0,77.59,39.46
59.9280,-0.093529,0.003045,0,77.59,39.46
59.9360,-0.096459,0.001205,0,77.59,39.46
59.9440,-0.097924,-0.000459,0,77.59,39.46
59.9520,-0.097436,-0.001373,0,77.59,39.46
59.9600,-0.095482,-0.001389,0,77.59,39.46
59.9680,-0.094017,-0.000698,0,77.59,39.46
59.9760,-0.093529,0.000380,0,77.59,39.46
59.9840,-0.090110,0.001481,0,77.59,39.46
59.9920,-0.087179,0.002299,0,77.59,39.46
60.0000,-0.088156,0.002800,0,77.59,39.46
60.0080,-0.089133,0.013471,0,77.59,39.46
60.0160,-0.093040,0.011664,0,77.59,39.46
60.0240,-0.094505,0.010059,0,77.59,39.46
60.0320,-0.094017,0.009152,0,77.59,39.46
60.0400,-0.092552,0.009049,0,77.59,39.46
60.0480,-0.093529,0.009603,0,77.59,39.46
60.0560,-0.092552,0.010554,0,77.59,39.46
60.0640,-0.090598,0.011477,0,77.59,39.46
60.0720,-0.089133,0.011816,0,77.59,39.46
60.0800,-0.088645,0.011135,0,77.59,39.46
60.0880,-0.093040,0.009422,0,77.59,39.46
60.0960,-0.096459,0.007062,0,77.59,39.46
60.1040,-0.096947,0.004478,0,77.59,39.46
60.1120,-0.094017,0.005317,0,77.59,39.46
60.1200,-0.088645,0.007786,0,77.59,39.46
60.1280,-0.087179,0.010530,0,77.59,39.46
60.1360,-0.085714,0.012813,0,77.59,39.46
60.1440,-0.084249,0.014110,0,77.59,39.46
60.1520,-0.083272,0.014068,0,77.59,39.46
60.1600,-0.084249,0.012597,0,77.59,39.46
60.1680,-0.087179,0.010049,0,77.59,39.46
60.1760,-0.093040,0.007239,0,77.59,39.46
60.1840,-0.094994,0.005095,0,77.59,39.46
60.1920,-0.094994,0.004158,0,77.59,39.46
60.2000,-0.093529,0.004369,0,77.59,39.46
60.2080,-0.093040,0.005236,0,77.59,39.46
60.2160,-0.091087,-0.002383,0,77.59,39.46
60.2240,-0.090110,-0.001949,0,77.59,39.46
60.2320,-0.088645,-0.002601,0,77.59,39.46
60.2400,-0.092063,-0.004372,0,77.59,39.46
60.2480,-0.094994,-0.006695,0,77.59,39.46
60.2560,-0.098901,-0.008654,0,77.59,39.46
60.2640,-0.099389,-0.009511,0,77.59,39.46
60.2720,-0.095971,-0.009120,0,77.59,39.46
60.2800,-0.093529,-0.007863,0,77.59,39.46
60.2880,-0.093040,-0.006220,0,77.59,39.46
60.2960,-0.092063,-0.004458,0,77.59,39.46
60.3040,-0.089621,-0.002661,0,77.59,39.46
60.3120,-0.088156,-0.000857,0,77.59,39.46
60.3200,-0.090598,0.002060,0,77.59,39.46
60.3280,-0.092063,0.000615,0,77.59,39.46
60.3360,-0.094505,-0.000914,0,77.59,39.46
60.3440,-0.095971,-0.001944,0,77.59,39.46
60.3520,-0.094994,-0.002145,0,77.59,39.46
60.3600,-0.094017,-0.001507,0,77.59,39.46
60.3680,-0.093040,-0.000227,0,77.59,39.46
60.3760,-0.093040,0.001401,0,77.59,39.46
60.3840,-0.090110,0.002940,0,77.59,39.46
60.3920,-0.088156,0.003800,0,77.59,39.46
60.4000,-0.088156,0.003459,0,77.59,39.46
60.4080,-0.089133,0.001790,0,77.59,39.46
60.4160,-0.093529,-0.000762,0,77.59,39.46
60.4240,-0.093529,-0.003320,0,77.59,39.46
60.4320,-0.093040,-0.003301,0,77.59,39.46
60.4400,-0.090598,-0.002630,0,77.59,39.46
60.4480,-0.090110,-0.001734,0,77.59,39.46
60.4560,-0.090110,-0.001039,0,77.59,39.46
60.4640,-0.090110,-0.000869,0,77.59,39.46
60.4720,-0.088156,-0.001444,0,77.59,39.46
60.4800,-0.090110,-0.002737,0,77.59,39.46
60.4880,-0.093040,-0.004279,0,77.59,39.46
60.4960,-0.095971,-0.005277,0,77.59,39.46
60.5040,-0.094017,-0.005075,0,77.59,39.46
60.5120,-0.093529,-0.003534,0,77.59,39.46
60.5200,-0.089133,-0.001118,0,77.59,39.46
60.5280,-0.088156,0.000756,0,77.59,39.46
60.5360,-0.087179,0.002534,0,77.59,39.46
60.5440,-0.085714,0.003627,0,77.59,39.46
60.5520,-0.084249,0.003712,0,77.59,39.46
60.5600,-0.084737,0.002636,0,77.59,39.46
60.5680,-0.086691,0.000633,0,77.59,39.46
60.5760,-0.091087,-0.001607,0,77.59,39.46
60.5840,-0.093529,-0.003206,0,77.59,39.46
60.5920,-0.093529,-0.003578,0,77.59,39.46
60.6000,-0.090110,-0.002754,0,77.59,39.46
60.6080,-0.088156,-0.001248,0,77.59,39.46
60.6160,-0.085714,0.000379,0,77.59,39.46
60.6240,-0.086203,0.001894,0,77.59,39.46
60.6320,-0.082295,-0.021155,0,77.59,39.46
60.6400,-0.084737,-0.022427,0,77.59,39.46
60.6480,-0.084737,-0.024541,0,77.59,39.46
60.6560,-0.085714,-0.027116,0,77.59,39.46
60.6640,-0.088156,-0.029586,0,77.59,39.46
60.6720,-0.089133,-0.031321,0,77.59,39.46
60.6800,-0.086691,-0.031819,0,77.59,39.46
60.6880,-0.085714,-0.030813,0,77.59,39.46
60.6960,-0.082784,-0.028273,0,77.59,39.46
60.7040,-0.076435,-0.024476,0,77.59,39.46
60.7120,-0.069597,-0.019990,0,77.59,39.46
60.7200,-0.062759,-0.015405,0,77.59,39.46
60.7280,-0.059341,-0.010971,0,77.59,39.46
60.7360,-0.056899,-0.054554,0,77.59,39.46
60.7440,-0.051526,-0.052067,0,77.59,39.46
60.7520,-0.041758,-0.049040,0,77.59,39.46
60.7600,-0.034432,-0.045779,0,77.59,39.46
60.7680,-0.029060,-0.042588,0,77.59,39.46
60.7760,-0.023199,-0.039492,0,77.59,39.46
60.7840,-0.016850,-0.036359,0,77.59,39.46
60.7920,-0.009035,-0.033131,0,77.59,39.46
60.8000,-0.002686,-0.029931,0,77.59,39.46
60.8080,0.006593,-0.027028,0,77.59,39.46
60.8160,0.012454,-0.024672,0,77.59,39.46
60.8240,0.017338,-0.022895,0,77.59,39.46
60.8320,0.023199,-0.021493,0,77.59,39.46
60.8400,0.023687,0.101088,0,77.59,39.46
60.8480,0.021245,0.100931,0,77.59,39.46
60.8560,0.020269,0.098328,0,77.59,39.46
60.8640,0.013919,0.093641,0,77.59,39.46
60.8720,0.008059,0.087621,0,77.59,39.46
60.8800,-0.003175,0.081413,0,77.59,39.46
60.8880,-0.010012,0.076147,0,77.59,39.46
60.8960,-0.012943,0.072274,0,77.59,39.46
60.9040,-0.013919,0.069235,0,77.59,39.46
60.9120,-0.015873,0.065818,0,77.59,39.46
60.9200,-0.020757,0.060959,0,77.59,39.46
60.9280,-0.031013,0.054389,0,77.59,39.46
60.9360,-0.039805,0.046734,0,77.59,39.46
60.9440,-0.052015,0.034161,0,77.59,39.46
60.9520,-0.060806,0.024587,0,77.59,39.46
60.9600,-0.070085,0.015638,0,77.59,39.46
60.9680,-0.079365,0.007973,0,77.59,39.46
60.9760,-0.086203,0.002157,0,77.59,39.46
60.9840,-0.091575,-0.001456,0,77.59,39.46
60.9920,-0.092552,-0.002881,0,77.59,39.46
61.0000,-0.093040,-0.002509,0,77.59,39.46
61.0080,-0.093529,-0.000936,0,77.59,39.46
61.0160,-0.092552,0.001184,0,77.59,39.46
61.0240,-0.091087,0.003227,0,77.59,39.46
61.0320,-0.090110,0.004775,0,77.59,39.46
61.0400,-0.093529,0.005882,0,77.59,39.46
61.0480,-0.095971,-0.035450,0,77.59,39.46
61.0560,-0.097924,-0.036602,0,77.59,39.46
61.0640,-0.098901,-0.036795,0,77.59,39.46
61.0720,-0.099878,-0.035695,0,77.59,39.46
61.0800,-0.095971,-0.033414,0,77.59,39.46
61.0880,-0.094017,-0.030437,0,77.59,39.46
61.0960,-0.093040,-0.027340,0,77.59,39.46
61.1040,-0.092063,-0.024568,0,77.59,39.46
61.1120,-0.091087,-0.022406,0,77.59,39.46
61.1200,-0.091575,-0.020962,0,77.59,39.46
61.1280,-0.094017,-0.020101,0,77.59,39.46
61.1360,-0.097924,-0.019502,0,77.59,39.46
61.1440,-0.097924,-0.018924,0,77.59,39.46
61.1520,-0.096947,-0.030714,0,77.59,39.46
61.1600,-0.095971,-0.028484,0,77.59,39.46
61.1680,-0.094994,-0.025799,0,77.59,39.46
61.1760,-0.094017,-0.022988,0,77.59,39.46
61.1840,-0.093529,-0.020379,0,77.59,39.46
61.1920,-0.090110,-0.018343,0,77.59,39.46
61.2000,-0.090110,-0.017174,0,77.59,39.46
61.2080,-0.092063,-0.016833,0,77.59,39.46
61.2160,-0.094505,-0.016864,0,77.59,39.46
61.2240,-0.095971,-0.016651,0,77.59,39.46
61.2320,-0.095971,-0.015774,0,77.59,39.46
61.2400,-0.093529,-0.014205,0,77.59,39.46
61.2480,-0.092552,-0.012235,0,77.59,39.46
61.2560,-0.090598,0.018662,0,77.59,39.46
61.2640,-0.087179,0.020834,0,77.59,39.46
61.2720,-0.086691,0.019733,0,77.59,39.46
61.2800,-0.092552,0.013860,0,77.59,39.46
61.2880,-0.104274,0.002677,0,77.59,39.46
61.2960,-0.120391,-0.012966,0,77.59,39.46
61.3040,-0.139438,-0.030760,0,77.59,39.46
61.3120,-0.157021,-0.047122,0,77.59,39.46
61.3200,-0.172161,-0.057670,0,77.59,39.46
61.3280,-0.179487,-0.058135,0,77.59,39.46
61.3360,-0.172161,-0.045849,0,77.59,39.46
61.3440,-0.148230,-0.021401,0,77.59,39.46
61.3520,-0.106227,0.010586,0,77.59,39.46
61.3600,-0.051038,-0.421331,0,77.59,39.46
61.3680,0.022222,-0.386288,0,77.59,39.46
61.3760,0.111111,-0.337026,0,77.59,39.46
61.3840,0.226374,-0.273225,0,77.59,39.46
61.3920,0.358242,-0.196028,0,77.59,39.46
61.4000,0.494017,-0.108880,0,77.59,39.46
61.4080,0.633211,-0.018841,0,77.59,39.46
61.4160,0.789011,0.061706,0,77.59,39.46
61.4240,0.941392,0.115255,0,77.59,39.46
61.4320,1.000000,0.123764,1,77.59,39.46
61.4400,1.000000,0.076454,1,77.59,39.46
61.4480,0.873016,-0.023139,0,77.59,39.46
61.4560,0.672772,-0.154810,0,77.59,39.46
61.4640,0.473993,0.511457,0,77.59,39.46
61.4720,0.286935,0.336681,0,77.59,39.46
61.4800,0.115018,0.176519,0,77.59,39.46
61.4880,-0.038828,0.045024,0,77.59,39.46
61.4960,-0.148718,-0.049211,0,77.59,39.46
61.5040,-0.210745,-0.103215,0,77.59,39.46
61.5120,-0.229304,-0.119727,0,77.59,39.46
61.5200,-0.214164,-0.106250,0,77.59,39.46
61.5280,-0.178999,-0.073116,0,77.59,39.46
61.5360,-0.132112,-0.031088,0,77.59,39.46
61.5440,-0.085714,0.011117,0,77.59,39.46
61.5520,-0.054457,0.049014,0,77.59,39.46
61.5600,-0.038339,0.083234,0,77.59,39.46
61.5680,-0.038828,0.040012,0,77.59,39.46
61.5760,-0.048596,0.037390,0,77.59,39.46
61.5840,-0.062759,0.027080,0,77.59,39.46
61.5920,-0.079365,0.013156,0,77.59,39.46
61.6000,-0.095971,-0.000889,0,77.59,39.46
61.6080,-0.111600,-0.012419,0,77.59,39.46
61.6160,-0.119902,-0.019847,0,77.59,39.46
61.6240,-0.122344,-0.022759,0,77.59,39.46
61.6320,-0.121368,-0.021706,0,77.59,39.46
61.6400,-0.117460,-0.017689,0,77.59,39.46
61.6480,-0.115507,-0.011662,0,77.59,39.46
61.6560,-0.110623,-0.004343,0,77.59,39.46
61.6640,-0.106716,0.003686,0,77.59,39.46
61.6720,-0.105250,-0.250943,0,77.59,39.46
61.6800,-0.108669,-0.255520,0,77.59,39.46
61.6880,-0.113553,-0.258999,0,77.59,39.46
61.6960,-0.116972,-0.259624,0,77.59,39.46
61.7040,-0.119414,-0.255862,0,77.59,39.46
61.7120,-0.118926,-0.246885,0,77.59,39.46
61.7200,-0.117460,-0.232777,0,77.59,39.46
61.7280,-0.116972,-0.214494,0,77.59,39.46
61.7360,-0.116972,-0.193728,0,77.59,39.46
61.7440,-0.112088,-0.172724,0,77.59,39.46
61.7520,-0.108181,-0.153710,0,77.59,39.46
61.7600,-0.107204,-0.137844,0,77.59,39.46
61.7680,-0.110623,-0.124376,0,77.59,39.46
61.7760,-0.113553,-0.006513,0,77.59,39.46
61.7840,-0.112088,-0.002525,0,77.59,39.46
61.7920,-0.111600,-0.000751,0,77.59,39.46
61.8000,-0.110134,-0.000336,0,77.59,39.46
61.8080,-0.109646,-0.000499,0,77.59,39.46
61.8160,-0.105739,-0.000684,0,77.59,39.46
61.8240,-0.101832,-0.000725,0,77.59,39.46
61.8320,-0.098901,-0.000757,0,77.59,39.46
61.8400,-0.097924,-0.000917,0,77.59,39.46
61.8480,-0.099389,-0.001127,0,77.59,39.46
61.8560,-0.101343,-0.001126,0,77.59,39.46
61.8640,-0.101343,-0.000735,0,77.59,39.46
61.8720,-0.101343,-0.000053,0,77.59,39.46
61.8800,-0.101832,-0.005169,0,77.59,39.46
61.8880,-0.099389,-0.002202,0,77.59,39.46
61.8960,-0.094017,0.001424,0,77.59,39.46
61.9040,-0.090110,0.004924,0,77.59,39.46
61.9120,-0.086203,0.007468,0,77.59,39.46
61.9200,-0.083272,0.008533,0,77.59,39.46
61.9280,-0.085226,0.008151,0,77.59,39.46
61.9360,-0.086691,0.006867,0,77.59,39.46
61.9440,-0.087179,0.005359,0,77.59,39.46
61.9520,-0.086203,0.004061,0,77.59,39.46
61.9600,-0.086691,0.003076,0,77.59,39.46
61.9680,-0.085714,0.002316,0,77.59,39.46
61.9760,-0.086203,0.001645,0,77.59,39.46
61.9840,-0.085714,-0.007410,0,77.59,39.46
61.9920,-0.083761,-0.008260,0,77.59,39.46
62.0000,-0.083761,-0.009352,0,77.59,39.46
62.0080,-0.084249,-0.010560,0,77.59,39.46
62.0160,-0.083272,-0.011513,0,77.59,39.46
62.0240,-0.085226,-0.011753,0,77.59,39.46
62.0320,-0.080342,-0.011027,0,77.59,39.46
62.0400,-0.077411,-0.009483,0,77.59,39.46
62.0480,-0.073016,-0.007572,0,77.59,39.46
62.0560,-0.070085,-0.005793,0,77.59,39.46
62.0640,-0.066667,-0.004474,0,77.59,39.46
62.0720,-0.065690,-0.003668,0,77.59,39.46
62.0800,-0.063248,-0.003189,0,77.59,39.46
62.0880,-0.064225,0.004712,0,77.59,39.46
62.0960,-0.065201,0.003471,0,77.59,39.46
62.1040,-0.064225,0.002368,0,77.59,39.46
62.1120,-0.062759,0.001712,0,77.59,39.46
62.1200,-0.062271,0.001667,0,77.59,39.46
62.1280,-0.061294,0.002300,0,77.59,39.46
62.1360,-0.058852,0.003488,0,77.59,39.46
62.1440,-0.054457,0.004814,0,77.59,39.46
62.1520,-0.051526,0.005703,0,77.59,39.46
62.1600,-0.051038,0.005761,0,77.59,39.46
62.1680,-0.051526,0.004963,0,77.59,39.46
62.1760,-0.051038,0.003554,0,77.59,39.46
62.1840,-0.051038,0.001844,0,77.59,39.46
62.1920,-0.047619,0.006056,0,77.59,39.46
62.2000,-0.046642,0.006608,0,77.59,39.46
62.2080,-0.045665,0.007441,0,77.59,39.46
62.2160,-0.043712,0.008304,0,77.59,39.46
62.2240,-0.039805,0.008780,0,77.59,39.46
62.2320,-0.038828,0.008452,0,77.59,39.46
62.2400,-0.039805,0.007253,0,77.59,39.46
62.2480,-0.041758,0.005592,0,77.59,39.46
62.2560,-0.043223,0.004107,0,77.59,39.46
62.2640,-0.041270,0.003258,0,77.59,39.46
62.2720,-0.038828,0.003126,0,77.59,39.46
62.2800,-0.038828,0.003547,0,77.59,39.46
62.2880,-0.035897,0.004267,0,77.59,39.46
62.2960,-0.034432,-0.001667,0,77.59,39.46
62.3040,-0.031502,-0.001122,0,77.59,39.46
62.3120,-0.028083,-0.001333,0,77.59,39.46
62.3200,-0.028571,-0.002528,0,77.59,39.46
62.3280,-0.030525,-0.004466,0,77.59,39.46
62.3360,-0.031013,-0.006521,0,77.59,39.46
62.3440,-0.031502,-0.008020,0,77.59,39.46
62.3520,-0.030037,-0.008519,0,77.59,39.46
62.3600,-0.027595,-0.007923,0,77.59,39.46
62.3680,-0.023687,-0.006434,0,77.59,39.46
62.3760,-0.020757,-0.004377,0,77.59,39.46
62.3840,-0.016850,-0.002041,0,77.59,39.46
62.3920,-0.013431,0.000390,0,77.59,39.46
62.4000,-0.015873,0.046619,0,77.59,39.46
62.4080,-0.022711,0.044243,0,77.59,39.46
62.4160,-0.024176,0.041015,0,77.59,39.46
62.4240,-0.030525,0.037886,0,77.59,39.46
62.4320,-0.031502,0.035509,0,77.59,39.46
62.4400,-0.033455,0.034134,0,77.59,39.46
62.4480,-0.035897,0.033653,0,77.59,39.46
62.4560,-0.036386,0.033652,0,77.59,39.46
62.4640,-0.035897,0.033426,0,77.59,39.46
62.4720,-0.038339,0.032141,0,77.59,39.46
62.4800,-0.039316,0.029165,0,77.59,39.46
62.4880,-0.047619,0.024443,0,77.59,39.46
62.4960,-0.054945,0.018628,0,77.59,39.46
62.5040,-0.059341,0.030038,0,77.59,39.46
62.5120,-0.064225,0.026829,0,77.59,39.46
62.5200,-0.068620,0.024569,0,77.59,39.46
62.5280,-0.071062,0.023158,0,77.59,39.46
62.5360,-0.074481,0.022259,0,77.59,39.46
62.5440,-0.077411,0.021377,0,77.59,39.46
62.5520,-0.077900,0.019997,0,77.59,39.46
62.5600,-0.083761,0.017832,0,77.59,39.46
62.5680,-0.088645,0.015097,0,77.59,39.46
62.5760,-0.096459,0.012475,0,77.59,39.46
62.5840,-0.101343,0.010701,0,77.59,39.46
62.5920,-0.102320,0.010064,0,77.59,39.46
62.6000,-0.104274,0.010217,0,77.59,39.46
62.6080,-0.108181,-0.017463,0,77.59,39.46
62.6160,-0.109158,-0.017581,0,77.59,39.46
62.6240,-0.109646,-0.017760,0,77.59,39.46
62.6320,-0.111600,-0.018388,0,77.59,39.46
62.6400,-0.115507,-0.019581,0,77.59,39.46
62.6480,-0.118437,-0.021074,0,77.59,39.46
62.6560,-0.123321,-0.022338,0,77.59,39.46
62.6640,-0.125275,-0.022817,0,77.59,39.46
62.6720,-0.126252,-0.022158,0,77.59,39.46
62.6800,-0.126740,-0.020286,0,77.59,39.46
62.6880,-0.126252,-0.017334,0,77.59,39.46
62.6960,-0.125275,-0.013576,0,77.59,39.46
62.7040,-0.123810,-0.009381,0,77.59,39.46
62.7120,-0.121368,-0.029635,0,77.59,39.46
62.7200,-0.121368,-0.028706,0,77.59,39.46
62.7280,-0.124786,-0.028575,0,77.59,39.46
62.7360,-0.127228,-0.028628,0,77.59,39.46
62.7440,-0.127228,-0.028166,0,77.59,39.46
62.7520,-0.127228,-0.026760,0,77.59,39.46
62.7600,-0.125763,-0.024368,0,77.59,39.46
62.7680,-0.124298,-0.021290,0,77.59,39.46
62.7760,-0.121368,-0.018094,0,77.59,39.46
62.7840,-0.119414,-0.015453,0,77.59,39.46
62.7920,-0.118926,-0.013886,0,77.59,39.46
62.8000,-0.119414,-0.013506,0,77.59,39.46
62.8080,-0.122344,-0.013911,0,77.59,39.46
62.8160,-0.123810,-0.011722,0,77.59,39.46
62.8240,-0.122833,-0.010665,0,77.59,39.46
62.8320,-0.119414,-0.008961,0,77.59,39.46
62.8400,-0.117949,-0.007067,0,77.59,39.46
62.8480,-0.118437,-0.005460,0,77.59,39.46
62.8560,-0.116972,-0.004466,0,77.59,39.46
62.8640,-0.116972,-0.004271,0,77.59,39.46
62.8720,-0.116972,-0.004861,0,77.59,39.46
62.8800,-0.119902,-0.005894,0,77.59,39.46
62.8880,-0.121856,-0.006742,0,77.59,39.46
62.8960,-0.121856,-0.006784,0,77.59,39.46
62.9040,-0.122344,-0.005755,0,77.59,39.46
62.9120,-0.117949,-0.003960,0,77.59,39.46
62.9200,-0.115507,-0.000895,0,77.59,39.46
62.9280,-0.113553,0.002438,0,77.59,39.46
62.9360,-0.109646,0.005679,0,77.59,39.46
62.9440,-0.106227,0.008185,0,77.59,39.46
62.9520,-0.101832,0.009348,0,77.59,39.46
62.9600,-0.104762,0.008993,0,77.59,39.46
62.9680,-0.108181,0.007560,0,77.59,39.46
62.9760,-0.108181,0.005776,0,77.59,39.46
62.9840,-0.108669,0.004200,0,77.59,39.46
62.9920,-0.109158,0.003115,0,77.59,39.46
63.0000,-0.109646,0.002633,0,77.59,39.46
63.0080,-0.109158,0.002717,0,77.59,39.46
63.0160,-0.107692,0.003152,0,77.59,39.46
63.0240,-0.101832,0.003108,0,77.59,39.46
63.0320,-0.100366,0.004237,0,77.59,39.46
63.0400,-0.100855,0.004516,0,77.59,39.46
63.0480,-0.101343,0.004139,0,77.59,39.46
63.0560,-0.101832,0.003634,0,77.59,39.46
63.0640,-0.101343,0.003533,0,77.59,39.46
63.0720,-0.100855,0.004130,0,77.59,39.46
63.0800,-0.098413,0.005327,0,77.59,39.46
63.0880,-0.094994,0.006627,0,77.59,39.46
63.0960,-0.093529,0.007344,0,77.59,39.46
63.1040,-0.093529,0.006938,0,77.59,39.46
63.1120,-0.092552,0.005264,0,77.59,39.46
63.1200,-0.096947,0.002724,0,77.59,39.46
63.1280,-0.100366,0.008882,0,77.59,39.46
63.1360,-0.101343,0.007518,0,77.59,39.46
63.1440,-0.099878,0.007252,0,77.59,39.46
63.1520,-0.099389,0.007893,0,77.59,39.46
63.1600,-0.095971,0.008892,0,77.59,39.46
63.1680,-0.096459,0.009629,0,77.59,39.46
63.1760,-0.094994,0.009656,0,77.59,39.46
63.1840,-0.095971,0.008818,0,77.59,39.46
63.1920,-0.096947,0.007295,0,77.59,39.46
63.2000,-0.099878,0.005568,0,77.59,39.46
63.2080,-0.101343,0.004206,0,77.59,39.46
63.2160,-0.101832,0.003539,0,77.59,39.46
63.2240,-0.099878,0.003417,0,77.59,39.46
63.2320,-0.098901,-0.001091,0,77.59,39.46
63.2400,-0.095482,0.000189,0,77.59,39.46
63.2480,-0.095971,0.001236,0,77.59,39.46
63.2560,-0.094994,0.001678,0,77.59,39.46
63.2640,-0.094017,0.001266,0,77.59,39.46
63.2720,-0.094017,-0.000052,0,77.59,39.46
63.2800,-0.097924,-0.001955,0,77.59,39.46
63.2880,-0.099878,-0.003771,0,77.59,39.46
63.2960,-0.101343,-0.004808,0,77.59,39.46
63.3040,-0.098901,-0.004713,0,77.59,39.46
63.3120,-0.096947,-0.003535,0,77.59,39.46
63.3200,-0.095971,-0.001546,0,77.59,39.46
63.3280,-0.092552,0.000885,0,77.59,39.46
63.3360,-0.088156,0.005865,0,77.59,39.46
63.3440,-0.085714,0.006566,0,77.59,39.46
63.3520,-0.087179,0.005243,0,77.59,39.46
63.3600,-0.092063,0.002213,0,77.59,39.46
63.3680,-0.097924,-0.001507,0,77.59,39.46
63.3760,-0.099878,-0.004750,0,77.59,39.46
63.3840,-0.101343,-0.006707,0,77.59,39.46
63.3920,-0.101343,-0.007081,0,77.59,39.46
63.4000,-0.100366,-0.006004,0,77.59,39.46
63.4080,-0.097924,-0.003919,0,77.59,39.46
63.4160,-0.094017,-0.001441,0,77.59,39.46
63.4240,-0.091087,0.000906,0,77.59,39.46
63.4320,-0.091087,0.002991,0,77.59,39.46
63.4400,-0.090598,0.006500,0,77.59,39.46
63.4480,-0.092063,0.006279,0,77.59,39.46
63.4560,-0.091575,0.005669,0,77.59,39.46
63.4640,-0.092063,0.004955,0,77.59,39.46
63.4720,-0.093529,0.004399,0,77.59,39.46
63.4800,-0.094017,0.004242,0,77.59,39.46
63.4880,-0.094017,0.004590,0,77.59,39.46
63.4960,-0.093040,0.005294,0,77.59,39.46
63.5040,-0.090598,0.005954,0,77.59,39.46
63.5120,-0.091087,0.006117,0,77.59,39.46
63.5200,-0.091087,0.005523,0,77.59,39.46
63.5280,-0.093529,0.004224,0,77.59,39.46
63.5360,-0.094994,0.002517,0,77.59,39.46
63.5440,-0.096459,-0.005669,0,77.59,39.46
63.5520,-0.096947,-0.006735,0,77.59,39.46
63.5600,-0.097924,-0.007045,0,77.59,39.46
63.5680,-0.095971,-0.006539,0,77.59,39.46
63.5760,-0.096459,-0.005349,0,77.59,39.46
63.5840,-0.093040,-0.003816,0,77.59,39.46
63.5920,-0.090598,-0.002440,0,77.59,39.46
63.6000,-0.088645,-0.001668,0,77.59,39.46
63.6080,-0.090598,-0.001622,0,77.59,39.46
63.6160,-0.090598,-0.002072,0,77.59,39.46
63.6240,-0.091087,-0.002659,0,77.59,39.46
63.6320,-0.092063,-0.003127,0,77.59,39.46
63.6400,-0.091087,-0.003436,0,77.59,39.46
63.6480,-0.092063,-0.001696,0,77.59,39.46
63.6560,-0.090110,-0.000939,0,77.59,39.46
63.6640,-0.088156,-0.000459,0,77.59,39.46
63.6720,-0.086691,-0.000764,0,77.59,39.46
63.6800,-0.089133,-0.001973,0,77.59,39.46
63.6880,-0.093529,-0.003668,0,77.59,39.46
63.6960,-0.093529,-0.005214,0,77.59,39.46
63.7040,-0.092552,-0.006196,0,77.59,39.46
63.7120,-0.093040,-0.006472,0,77.59,39.46
63.7200,-0.092063,-0.005980,0,77.59,39.46
63.7280,-0.092063,-0.004651,0,77.59,39.46
63.7360,-0.090110,-0.002508,0,77.59,39.46
63.7440,-0.086203,0.000166,0,77.59,39.46
63.7520,-0.085226,-0.001901,0,77.59,39.46
63.7600,-0.087179,-0.002598,0,77.59,39.46
63.7680,-0.090598,-0.003754,0,77.59,39.46
63.7760,-0.090598,-0.004669,0,77.59,39.46
63.7840,-0.090110,-0.004860,0,77.59,39.46
63.7920,-0.089133,-0.004248,0,77.59,39.46
63.8000,-0.086203,-0.003064,0,77.59,39.46
63.8080,-0.085714,-0.001668,0,77.59,39.46
63.8160,-0.084737,-0.000409,0,77.59,39.46
63.8240,-0.082784,0.000376,0,77.59,39.46
63.8320,-0.080830,0.000375,0,77.59,39.46
63.8400,-0.082784,-0.000496,0,77.59,39.46
63.8480,-0.084249,-0.001942,0,77.59,39.46
63.8560,-0.084249,0.004342,0,77.59,39.46
63.8640,-0.084249,0.003669,0,77.59,39.46
63.8720,-0.084249,0.003172,0,77.59,39.46
63.8800,-0.085226,0.002898,0,77.59,39.46
63.8880,-0.085714,0.002872,0,77.59,39.46
63.8960,-0.084737,0.002998,0,77.59,39.46
63.9040,-0.083272,0.003027,0,77.59,39.46
63.9120,-0.083761,0.002746,0,77.59,39.46
63.9200,-0.085714,0.002192,0,77.59,39.46
63.9280,-0.086691,0.001625,0,77.59,39.46
63.9360,-0.086203,0.001301,0,77.59,39.46
63.9440,-0.086691,0.001306,0,77.59,39.46
63.9520,-0.085714,0.001538,0,77.59,39.46
63.9600,-0.085226,-0.001975,0,77.59,39.46
63.9680,-0.084249,-0.000602,0,77.59,39.46
63.9760,-0.082295,0.000892,0,77.59,39.46
63.9840,-0.079365,0.001986,0,77.59,39.46
63.9920,-0.078388,0.002156,0,77.59,39.46
64.0000,-0.078877,0.001218,0,77.59,39.46
64.0080,-0.083272,-0.000469,0,77.59,39.46
64.0160,-0.084737,-0.002197,0,77.59,39.46
64.0240,-0.084737,-0.003327,0,77.59,39.46
64.0320,-0.084737,-0.003540,0,77.59,39.46
64.0400,-0.083272,-0.002819,0,77.59,39.46
64.0480,-0.082295,-0.001348,0,77.59,39.46
64.0560,-0.079853,0.000541,0,77.59,39.46
64.0640,-0.075458,-0.043153,0,77.59,39.46
64.0720,-0.070574,-0.042492,0,77.59,39.46
64.0800,-0.070085,-0.042229,0,77.59,39.46
64.0880,-0.069597,-0.042057,0,77.59,39.46
64.0960,-0.066667,-0.041417,0,77.59,39.46
64.1040,-0.062271,-0.039904,0,77.59,39.46
64.1120,-0.056899,-0.037438,0,77.59,39.46
64.1200,-0.052015,-0.034177,0,77.59,39.46
64.1280,-0.046642,-0.030418,0,77.59,39.46
64.1360,-0.039316,-0.026601,0,77.59,39.46
64.1440,-0.032479,-0.023255,0,77.59,39.46
64.1520,-0.026618,-0.020719,0,77.59,39.46
64.1600,-0.024664,-0.018842,0,77.59,39.46
64.1680,-0.023199,0.031691,0,77.59,39.46
64.1760,-0.016850,0.038518,0,77.59,39.46
64.1840,-0.007570,0.047396,0,77.59,39.46
64.1920,0.007570,0.057224,0,77.59,39.46
64.2000,0.017338,0.066030,0,77.59,39.46
64.2080,0.023687,0.071848,0,77.59,39.46
64.2160,0.025153,0.073394,0,77.59,39.46
64.2240,0.023687,0.070302,0,77.59,39.46
64.2320,0.016850,0.063127,0,77.59,39.46
64.2400,0.006593,0.053240,0,77.59,39.46
64.2480,-0.007570,0.042416,0,77.59,39.46
64.2560,-0.015873,0.032043,0,77.59,39.46
64.2640,-0.019780,0.022395,0,77.59,39.46
64.2720,-0.021734,0.087515,0,77.59,39.46
64.2800,-0.023199,0.087556,0,77.59,39.46
64.2880,-0.024664,0.087869,0,77.59,39.46
64.2960,-0.028571,0.087389,0,77.59,39.46
64.3040,-0.032479,0.085418,0,77.59,39.46
64.3120,-0.038828,0.081666,0,77.59,39.46
64.3200,-0.047131,0.076230,0,77.59,39.46
64.3280,-0.055433,0.069531,0,77.59,39.46
64.3360,-0.065201,0.062232,0,77.59,39.46
64.3440,-0.075946,0.055158,0,77.59,39.46
64.3520,-0.085714,0.049085,0,77.59,39.46
64.3600,-0.093040,0.044368,0,77.59,39.46
64.3680,-0.096947,0.040653,0,77.59,39.46
64.3760,-0.093040,-0.023440,0,77.59,39.46
64.3840,-0.089133,-0.022219,0,77.59,39.46
64.3920,-0.089621,-0.021362,0,77.59,39.46
64.4000,-0.092063,-0.021617,0,77.59,39.46
64.4080,-0.094994,-0.022803,0,77.59,39.46
64.4160,-0.098901,-0.024180,0,77.59,39.46
64.4240,-0.099878,-0.024948,0,77.59,39.46
64.4320,-0.100366,-0.024618,0,77.59,39.46
64.4400,-0.099878,-0.023102,0,77.59,39.46
64.4480,-0.098413,-0.020623,0,77.59,39.46
64.4560,-0.096459,-0.017555,0,77.59,39.46
64.4640,-0.095482,-0.014237,0,77.59,39.46
64.4720,-0.094505,-0.010851,0,77.59,39.46
64.4800,-0.096459,-0.036405,0,77.59,39.46
64.4880,-0.100366,-0.036739,0,77.59,39.46
64.4960,-0.101343,-0.036571,0,77.59,39.46
64.5040,-0.100366,-0.035528,0,77.59,39.46
64.5120,-0.098901,-0.033637,0,77.59,39.46
64.5200,-0.099878,-0.031081,0,77.59,39.46
64.5280,-0.099878,-0.028021,0,77.59,39.46
64.5360,-0.097924,-0.024717,0,77.59,39.46
64.5440,-0.094994,-0.021663,0,77.59,39.46
64.5520,-0.093529,-0.019421,0,77.59,39.46
64.5600,-0.094017,-0.018268,0,77.59,39.46
64.5680,-0.098413,-0.018012,0,77.59,39.46
64.5760,-0.097924,-0.018199,0,77.59,39.46
64.5840,-0.098413,0.006158,0,77.59,39.46
64.5920,-0.096459,0.009223,0,77.59,39.46
64.6000,-0.094017,0.013217,0,77.59,39.46
64.6080,-0.093529,0.017796,0,77.59,39.46
64.6160,-0.088645,0.022406,0,77.59,39.46
64.6240,-0.085714,0.026349,0,77.59,39.46
64.6320,-0.085714,0.029020,0,77.59,39.46
64.6400,-0.087179,0.030108,0,77.59,39.46
64.6480,-0.090110,0.029469,0,77.59,39.46
64.6560,-0.091087,0.026856,0,77.59,39.46
64.6640,-0.094017,0.021912,0,77.59,39.46
64.6720,-0.101343,0.014625,0,77.59,39.46
64.6800,-0.113553,0.005806,0,77.59,39.46
64.6880,-0.128205,-0.542067,0,77.59,39.46
64.6960,-0.146764,-0.582368,0,77.59,39.46
64.7040,-0.163858,-0.621866,0,77.59,39.46
64.7120,-0.178999,-0.656510,0,77.59,39.46
64.7200,-0.179487,-0.681900,0,77.59,39.46
64.7280,-0.166300,-0.694111,0,77.59,39.46
64.7360,-0.133089,-0.690165,0,77.59,39.46
64.7440,-0.084249,-0.667975,0,77.59,39.46
64.7520,-0.017338,-0.626134,0,77.59,39.46
64.7600,0.068132,-0.564109,0,77.59,39.46
64.7680,0.175580,-0.483082,0,77.59,39.46
64.7760,0.305983,-0.386951,0,77.59,39.46
64.7840,0.445665,-0.282530,0,77.59,39.46
64.7920,0.589255,0.708911,0,77.59,39.46
64.8000,0.740171,0.819871,0,77.59,39.46
64.8080,0.898901,0.914692,0,77.59,39.46
64.8160,1.000000,0.978610,1,77.59,39.46
64.8240,1.000000,1.000000,1,77.59,39.46
64.8320,0.949206,0.975139,1,77.59,39.46
64.8400,0.767521,0.910284,0,77.59,39.46
64.8480,0.563858,0.819876,0,77.59,39.46
64.8560,0.372405,0.721108,0,77.59,39.46
64.8640,0.195604,0.628144,0,77.59,39.46
64.8720,0.035897,0.549060,0,77.59,39.46
64.8800,-0.101343,0.485080,0,77.59,39.46
64.8880,-0.192186,0.430930,0,77.59,39.46
64.8960,-0.232723,-0.184757,0,77.59,39.46
64.9040,-0.231746,-0.187947,0,77.59,39.46
64.9120,-0.201465,-0.164820,0,77.59,39.46
64.9200,-0.151160,-0.126515,0,77.59,39.46
64.9280,-0.101343,-0.084559,0,77.59,39.46
64.9360,-0.059341,-0.048634,0,77.59,39.46
64.9440,-0.034432,-0.024945,0,77.59,39.46
64.9520,-0.028571,-0.015577,0,77.59,39.46
64.9600,-0.038828,-0.018924,0,77.59,39.46
64.9680,-0.056899,-0.031080,0,77.59,39.46
64.9760,-0.077900,-0.047679,0,77.59,39.46
64.9840,-0.094505,-0.065500,0,77.59,39.46
64.9920,-0.106227,-0.083180,0,77.59,39.46
65.0000,-0.115995,-0.100523,0,77.59,39.46
65.0080,-0.116484,-0.105423,0,77.59,39.46
65.0160,-0.112576,-0.106944,0,77.59,39.46
65.0240,-0.109646,-0.106994,0,77.59,39.46
65.0320,-0.108181,-0.107035,0,77.59,39.46
65.0400,-0.108669,-0.107541,0,77.59,39.46
65.0480,-0.110134,-0.108022,0,77.59,39.46
65.0560,-0.110623,-0.107390,0,77.59,39.46
65.0640,-0.110623,-0.104375,0,77.59,39.46
65.0720,-0.111600,-0.097843,0,77.59,39.46
65.0800,-0.112088,-0.087142,0,77.59,39.46
65.0880,-0.109646,-0.072551,0,77.59,39.46
65.0960,-0.107204,-0.055547,0,77.59,39.46
65.1040,-0.104762,-0.169887,0,77.59,39.46
65.1120,-0.104274,-0.154119,0,77.59,39.46
65.1200,-0.107692,-0.136829,0,77.59,39.46
65.1280,-0.110623,-0.118608,0,77.59,39.46
65.1360,-0.111600,-0.100214,0,77.59,39.46
65.1440,-0.108181,-0.082841,0,77.59,39.46
65.1520,-0.104274,-0.067989,0,77.59,39.46
65.1600,-0.101832,-0.056988,0,77.59,39.46
65.1680,-0.101343,-0.050602,0,77.59,39.46
65.1760,-0.099389,-0.048962,0,77.59,39.46
65.1840,-0.098413,-0.051665,0,77.59,39.46
65.1920,-0.099878,-0.057772,0,77.59,39.46
65.2000,-0.101832,-0.065806,0,77.59,39.46
65.2080,-0.102808,-0.016442,0,77.59,39.46
65.2160,-0.102808,-0.019767,0,77.59,39.46
65.2240,-0.101343,-0.021674,0,77.59,39.46
65.2320,-0.100855,-0.022078,0,77.59,39.46
65.2400,-0.100366,-0.021143,0,77.59,39.46
65.2480,-0.098413,-0.019184,0,77.59,39.46
65.2560,-0.097436,-0.016657,0,77.59,39.46
65.2640,-0.093529,-0.014128,0,77.59,39.46
65.2720,-0.091087,-0.012110,0,77.59,39.46
65.2800,-0.091087,-0.010818,0,77.59,39.46
65.2880,-0.090598,-0.010090,0,77.59,39.46
65.2960,-0.088645,-0.009621,0,77.59,39.46
65.3040,-0.086203,-0.009220,0,77.59,39.46
65.3120,-0.085714,0.007542,0,77.59,39.46
65.3200,-0.083272,0.008907,0,77.59,39.46
65.3280,-0.082295,0.010314,0,77.59,39.46
65.3360,-0.079365,0.011423,0,77.59,39.46
65.3440,-0.076923,0.011747,0,77.59,39.46
65.3520,-0.077411,0.010925,0,77.59,39.46
65.3600,-0.078877,0.009013,0,77.59,39.46
65.3680,-0.082295,0.006536,0,77.59,39.46
65.3760,-0.083272,0.004256,0,77.59,39.46
65.3840,-0.084249,0.002866,0,77.59,39.46
65.3920,-0.084737,0.002762,0,77.59,39.46
65.4000,-0.080830,0.003895,0,77.59,39.46
65.4080,-0.078388,0.005763,0,77.59,39.46
65.4160,-0.071551,0.002954,0,77.59,39.46
65.4240,-0.069109,0.005530,0,77.59,39.46
65.4320,-0.065690,0.006786,0,77.59,39.46
65.4400,-0.064713,0.006462,0,77.59,39.46
65.4480,-0.067643,0.004896,0,77.59,39.46
65.4560,-0.069109,0.002872,0,77.59,39.46
65.4640,-0.069597,0.001213,0,77.59,39.46
65.4720,-0.068620,0.000444,0,77.59,39.46
65.4800,-0.068620,0.000695,0,77.59,39.46
65.4880,-0.064713,0.001700,0,77.59,39.46
65.4960,-0.061294,0.002921,0,77.59,39.46
65.5040,-0.058364,0.003865,0,77.59,39.46
65.5120,-0.058852,0.004451,0,77.59,39.46
65.5200,-0.059829,0.000696,0,77.59,39.46
65.5280,-0.061294,-0.000460,0,77.59,39.46
65.5360,-0.060806,-0.000879,0,77.59,39.46
65.5440,-0.056410,-0.000214,0,77.59,39.46
65.5520,-0.053968,0.001480,0,77.59,39.46
65.5600,-0.052015,0.003922,0,77.59,39.46
65.5680,-0.047131,0.006656,0,77.59,39.46
65.5760,-0.042247,0.008985,0,77.59,39.46
65.5840,-0.039316,0.010144,0,77.59,39.46
65.5920,-0.038828,0.009631,0,77.59,39.46
65.6000,-0.039805,0.007435,0,77.59,39.46
65.6080,-0.044200,0.003996,0,77.59,39.46
65.6160,-0.045177,-0.000055,0,77.59,39.46
65.6240,-0.046154,-0.003168,0,77.59,39.46
65.6320,-0.046642,-0.004582,0,77.59,39.46
65.6400,-0.047131,-0.004641,0,77.59,39.46
65.6480,-0.043223,-0.003604,0,77.59,39.46
65.6560,-0.038828,-0.002210,0,77.59,39.46
65.6640,-0.035409,-0.001354,0,77.59,39.46
65.6720,-0.034432,-0.001542,0,77.59,39.46
65.6800,-0.036874,-0.002569,0,77.59,39.46
65.6880,-0.037851,-0.003707,0,77.59,39.46
65.6960,-0.035897,-0.004260,0,77.59,39.46
65.7040,-0.032479,-0.003969,0,77.59,39.46
65.7120,-0.030525,-0.002978,0,77.59,39.46
65.7200,-0.027595,-0.001619,0,77.59,39.46
65.7280,-0.023687,0.013923,0,77.59,39.46
65.7360,-0.022222,0.016036,0,77.59,39.46
65.7440,-0.019780,0.017376,0,77.59,39.46
65.7520,-0.016850,0.017545,0,77.59,39.46
65.7600,-0.016850,0.016378,0,77.59,39.46
65.7680,-0.021245,0.014207,0,77.59,39.46
65.7760,-0.023199,0.011773,0,77.59,39.46
65.7840,-0.023687,0.009784,0,77.59,39.46
65.7920,-0.023199,0.008586,0,77.59,39.46
65.8000,-0.023199,0.008152,0,77.59,39.46
65.8080,-0.021245,0.008229,0,77.59,39.46
65.8160,-0.019780,0.008506,0,77.59,39.46
65.8240,-0.019780,0.008796,0,77.59,39.46
65.8320,-0.022711,0.050293,0,77.59,39.46
65.8400,-0.027595,0.048343,0,77.59,39.46
65.8480,-0.031502,0.046120,0,77.59,39.46
65.8560,-0.034432,0.044238,0,77.59,39.46
65.8640,-0.036386,0.042941,0,77.59,39.46
65.8720,-0.038339,0.042081,0,77.59,39.46
65.8800,-0.039805,0.041269,0,77.59,39.46
65.8880,-0.043712,0.040081,0,77.59,39.46
65.8960,-0.047131,0.038171,0,77.59,39.46
65.9040,-0.051038,0.035275,0,77.59,39.46
65.9120,-0.055922,0.031262,0,77.59,39.46
65.9200,-0.063248,0.026248,0,77.59,39.46
65.9280,-0.070574,0.020657,0,77.59,39.46
65.9360,-0.077411,0.016588,0,77.59,39.46
65.9440,-0.082295,0.012648,0,77.59,39.46
65.9520,-0.087179,0.009886,0,77.59,39.46
65.9600,-0.091087,0.008356,0,77.59,39.46
65.9680,-0.094505,0.007814,0,77.59,39.46
65.9760,-0.093529,0.007697,0,77.59,39.46
65.9840,-0.096459,0.007329,0,77.59,39.46
65.9920,-0.100366,0.006320,0,77.59,39.46
66.0000,-0.104274,0.004785,0,77.59,39.46
66.0080,-0.110623,0.003254,0,77.59,39.46
66.0160,-0.114530,0.002338,0,77.59,39.46
66.0240,-0.116972,0.002335,0,77.59,39.46
66.0320,-0.117949,0.003009,0,77.59,39.46
66.0400,-0.119902,-0.028961,0,77.59,39.46
66.0480,-0.117949,-0.026639,0,77.59,39.46
66.0560,-0.115507,-0.024143,0,77.59,39.46
66.0640,-0.115507,-0.022362,0,77.59,39.46
66.0720,-0.116484,-0.021870,0,77.59,39.46
66.0800,-0.119414,-0.022660,0,77.59,39.46
66.0880,-0.125275,-0.024155,0,77.59,39.46
66.0960,-0.127228,-0.025483,0,77.59,39.46
66.1040,-0.130159,-0.025837,0,77.59,39.46
66.1120,-0.131136,-0.024676,0,77.59,39.46
66.1200,-0.130647,-0.021802,0,77.59,39.46
66.1280,-0.129182,-0.017415,0,77.59,39.46
66.1360,-0.125275,-0.012126,0,77.59,39.46
66.1440,-0.124298,-0.027383,0,77.59,39.46
66.1520,-0.123810,-0.025289,0,77.59,39.46
66.1600,-0.124298,-0.023740,0,77.59,39.46
66.1680,-0.125275,-0.022370,0,77.59,39.46
66.1760,-0.124298,-0.020811,0,77.59,39.46
66.1840,-0.122833,-0.018891,0,77.59,39.46
66.1920,-0.121856,-0.016623,0,77.59,39.46
66.2000,-0.121856,-0.014106,0,77.59,39.46
66.2080,-0.121368,-0.011587,0,77.59,39.46
66.2160,-0.116972,-0.009602,0,77.59,39.46
66.2240,-0.115995,-0.008837,0,77.59,39.46
66.2320,-0.117460,-0.009615,0,77.59,39.46
66.2400,-0.122344,-0.011488,0,77.59,39.46
66.2480,-0.124786,-0.009924,0,77.59,39.46
66.2560,-0.125763,-0.009851,0,77.59,39.46
66.2640,-0.122833,-0.007933,0,77.59,39.46
66.2720,-0.119414,-0.004349,0,77.59,39.46
66.2800,-0.114530,0.000155,0,77.59,39.46
66.2880,-0.109646,0.004545,0,77.59,39.46
66.2960,-0.106716,0.007801,0,77.59,39.46
66.3040,-0.103785,0.009214,0,77.59,39.46
66.3120,-0.106227,0.008615,0,77.59,39.46
66.3200,-0.109158,0.006401,0,77.59,39.46
66.3280,-0.112576,0.003255,0,77.59,39.46
66.3360,-0.114530,-0.000248,0,77.59,39.46
66.3440,-0.116972,-0.003829,0,77.59,39.46
66.3520,-0.116484,0.000766,0,77.59,39.46
66.3600,-0.112576,0.002571,0,77.59,39.46
66.3680,-0.111111,0.005242,0,77.59,39.46
66.3760,-0.106716,0.007863,0,77.59,39.46
66.3840,-0.103785,0.009528,0,77.59,39.46
66.3920,-0.102320,0.009705,0,77.59,39.46
66.4000,-0.108181,0.008534,0,77.59,39.46
66.4080,-0.107204,0.006667,0,77.59,39.46
66.4160,-0.109646,0.004811,0,77.59,39.46
66.4240,-0.109646,0.003439,0,77.59,39.46
66.4320,-0.109646,0.002753,0,77.59,39.46
66.4400,-0.109646,0.002706,0,77.59,39.46
66.4480,-0.108181,0.003046,0,77.59,39.46
66.4560,-0.101832,0.000055,0,77.59,39.46
66.4640,-0.099878,0.001285,0,77.59,39.46
66.4720,-0.099389,0.001157,0,77.59,39.46
66.4800,-0.100855,-0.000383,0,77.59,39.46
66.4880,-0.103785,-0.002738,0,77.59,39.46
66.4960,-0.106716,-0.004965,0,77.59,39.46
66.5040,-0.107692,-0.006230,0,77.59,39.46
66.5120,-0.104274,-0.006188,0,77.59,39.46
66.5200,-0.103297,-0.005017,0,77.59,39.46
66.5280,-0.101343,-0.003184,0,77.59,39.46
66.5360,-0.096459,-0.001264,0,77.59,39.46
66.5440,-0.093529,0.000277,0,77.59,39.46
66.5520,-0.094017,0.001398,0,77.59,39.46
66.5600,-0.098901,0.007173,0,77.59,39.46
66.5680,-0.102320,0.004925,0,77.59,39.46
66.5760,-0.101343,0.003030,0,77.59,39.46
66.5840,-0.101343,0.001742,0,77.59,39.46
66.5920,-0.101343,0.000972,0,77.59,39.46
66.6000,-0.102808,0.000618,0,77.59,39.46
66.6080,-0.102808,0.000659,0,77.59,39.46
66.6160,-0.102320,0.001051,0,77.59,39.46
66.6240,-0.101343,0.001606,0,77.59,39.46
66.6320,-0.098901,0.002033,0,77.59,39.46
66.6400,-0.099878,0.002106,0,77.59,39.46
66.6480,-0.099878,0.001814,0,77.59,39.46
66.6560,-0.099878,0.001313,0,77.59,39.46
66.6640,-0.101343,-0.005771,0,77.59,39.46
66.6720,-0.102320,-0.007769,0,77.59,39.46
66.6800,-0.105739,-0.009498,0,77.59,39.46
66.6880,-0.107692,-0.010560,0,77.59,39.46
66.6960,-0.104274,-0.010956,0,77.59,39.46
66.7040,-0.102320,-0.011111,0,77.59,39.46
66.7120,-0.102808,-0.011424,0,77.59,39.46
66.7200,-0.104762,-0.011845,0,77.59,39.46
66.7280,-0.104762,-0.011952,0,77.59,39.46
66.7360,-0.102808,-0.011319,0,77.59,39.46
66.7440,-0.101343,-0.009760,0,77.59,39.46
66.7520,-0.097924,-0.007373,0,77.59,39.46
66.7600,-0.094505,-0.004499,0,77.59,39.46
66.7680,-0.094505,-0.003499,0,77.59,39.46
66.7760,-0.094505,-0.004084,0,77.59,39.46
66.7840,-0.094994,-0.006143,0,77.59,39.46
66.7920,-0.097924,-0.009468,0,77.59,39.46
66.8000,-0.102320,-0.013442,0,77.59,39.46
66.8080,-0.106227,-0.017152,0,77.59,39.46
66.8160,-0.108181,-0.019712,0,77.59,39.46
66.8240,-0.107692,-0.020557,0,77.59,39.46
66.8320,-0.106227,-0.019544,0,77.59,39.46
66.8400,-0.101832,-0.016852,0,77.59,39.46
66.8480,-0.099878,-0.012816,0,77.59,39.46
66.8560,-0.093040,-0.007840,0,77.59,39.46
66.8640,-0.088156,-0.002385,0,77.59,39.46
66.8720,-0.087179,0.001983,0,77.59,39.46
66.8800,-0.093040,-0.000151,0,77.59,39.46
66.8880,-0.096947,-0.003515,0,77.59,39.46
66.8960,-0.099389,-0.006850,0,77.59,39.46
66.9040,-0.100855,-0.009186,0,77.59,39.46
66.9120,-0.101343,-0.010028,0,77.59,39.46
66.9200,-0.099878,-0.009332,0,77.59,39.46
66.9280,-0.098413,-0.007460,0,77.59,39.46
66.9360,-0.093529,-0.005102,0,77.59,39.46
66.9440,-0.090110,-0.003053,0,77.59,39.46
66.9520,-0.091087,-0.001850,0,77.59,39.46
66.9600,-0.088645,-0.001567,0,77.59,39.46
66.9680,-0.090110,-0.001873,0,77.59,39.46
66.9760,-0.088645,0.008842,0,77.59,39.46
66.9840,-0.090598,0.007828,0,77.59,39.46
66.9920,-0.093040,0.006797,0,77.59,39.46
67.0000,-0.093040,0.006116,0,77.59,39.46
67.0080,-0.093040,0.005872,0,77.59,39.46
67.0160,-0.092063,0.005810,0,77.59,39.46
67.0240,-0.091087,0.005513,0,77.59,39.46
67.0320,-0.092063,0.004694,0,77.59,39.46
67.0400,-0.093529,0.003429,0,77.59,39.46
67.0480,-0.095971,0.002184,0,77.59,39.46
67.0560,-0.098413,0.001573,0,77.59,39.46
67.0640,-0.097924,0.001946,0,77.59,39.46
67.0720,-0.094994,0.003063,0,77.59,39.46
67.0800,-0.094017,-0.007225,0,77.59,39.46
67.0880,-0.090598,-0.004550,0,77.59,39.46
67.0960,-0.085714,-0.002137,0,77.59,39.46
67.1040,-0.083761,-0.000703,0,77.59,39.46
67.1120,-0.083272,-0.000551,0,77.59,39.46
67.1200,-0.085714,-0.001401,0,77.59,39.46
67.1280,-0.086691,-0.002599,0,77.59,39.46
67.1360,-0.086203,-0.003525,0,77.59,39.46
67.1440,-0.085714,-0.003850,0,77.59,39.46
67.1520,-0.084737,-0.003538,0,77.59,39.46
67.1600,-0.083272,-0.002741,0,77.59,39.46
67.1680,-0.081319,-0.001689,0,77.59,39.46
67.1760,-0.080830,-0.000561,0,77.59,39.46
67.1840,-0.080342,-0.000188,0,77.59,39.46
67.1920,-0.083761,-0.002301,0,77.59,39.46
67.2000,-0.086691,-0.004697,0,77.59,39.46
67.2080,-0.088645,-0.006510,0,77.59,39.46
67.2160,-0.088156,-0.007079,0,77.59,39.46
67.2240,-0.086203,-0.006190,0,77.59,39.46
67.2320,-0.083761,-0.004076,0,77.59,39.46
67.2400,-0.080830,-0.001302,0,77.59,39.46
67.2480,-0.077411,0.001322,0,77.59,39.46
67.2560,-0.073504,0.002893,0,77.59,39.46
67.2640,-0.073016,0.002734,0,77.59,39.46
67.2720,-0.075458,0.000773,0,77.59,39.46
67.2800,-0.079365,-0.002329,0,77.59,39.46
67.2880,-0.082784,0.006542,0,77.59,39.46
67.2960,-0.082295,0.005942,0,77.59,39.46
67.3040,-0.081319,0.006567,0,77.59,39.46
67.3120,-0.077411,0.007865,0,77.59,39.46
67.3200,-0.076435,0.008987,0,77.59,39.46
67.3280,-0.076435,0.009238,0,77.59,39.46
67.3360,-0.077411,0.008334,0,77.59,39.46
67.3440,-0.078388,0.006437,0,77.59,39.46
67.3520,-0.082295,0.004129,0,77.59,39.46
67.3600,-0.085714,0.002235,0,77.59,39.46
67.3680,-0.085714,0.001423,0,77.59,39.46
67.3760,-0.084249,0.001829,0,77.59,39.46
67.3840,-0.082295,0.003012,0,77.59,39.46
67.3920,-0.079365,-0.030737,0,77.59,39.46
67.4000,-0.078388,-0.029439,0,77.59,39.46
67.4080,-0.076435,-0.027676,0,77.59,39.46
67.4160,-0.071551,-0.025567,0,77.59,39.46
67.4240,-0.067643,-0.023371,0,77.59,39.46
67.4320,-0.063248,-0.021325,0,77.59,39.46
67.4400,-0.063248,-0.019444,0,77.59,39.46
67.4480,-0.059829,-0.017596,0,77.59,39.46
67.4560,-0.054457,-0.015801,0,77.59,39.46
67.4640,-0.052015,-0.014291,0,77.59,39.46
67.4720,-0.048596,-0.013292,0,77.59,39.46
67.4800,-0.048107,-0.012821,0,77.59,39.46
67.4880,-0.046154,-0.012680,0,77.59,39.46
67.4960,-0.041270,-0.029434,0,77.59,39.46
67.5040,-0.037851,-0.029814,0,77.59,39.46
67.5120,-0.036386,-0.030411,0,77.59,39.46
67.5200,-0.036386,-0.030578,0,77.59,39.46
67.5280,-0.033455,-0.029336,0,77.59,39.46
67.5360,-0.029548,-0.025938,0,77.59,39.46
67.5440,-0.020269,-0.020440,0,77.59,39.46
67.5520,-0.008059,-0.013909,0,77.59,39.46
67.5600,-0.000244,-0.008071,0,77.59,39.46
67.5680,0.008547,-0.004625,0,77.59,39.46
67.5760,0.011477,-0.004579,0,77.59,39.46
67.5840,0.009035,-0.007798,0,77.59,39.46
67.5920,0.006105,-0.013004,0,77.59,39.46
67.6000,-0.000244,0.092370,0,77.59,39.46
67.6080,-0.000244,0.090843,0,77.59,39.46
67.6160,-0.002686,0.089793,0,77.59,39.46
67.6240,-0.004151,0.088938,0,77.59,39.46
67.6320,-0.006105,0.087659,0,77.59,39.46
67.6400,-0.009035,0.085348,0,77.59,39.46
67.6480,-0.015873,0.081677,0,77.59,39.46
67.6560,-0.022222,0.076679,0,77.59,39.46
67.6640,-0.028571,0.070602,0,77.59,39.46
67.6720,-0.037851,0.063784,0,77.59,39.46
67.6800,-0.045665,0.056569,0,77.59,39.46
67.6880,-0.053968,0.049220,0,77.59,39.46
67.6960,-0.062271,0.041871,0,77.59,39.46
67.7040,-0.069109,-0.005410,0,77.59,39.46
67.7120,-0.072527,-0.010404,0,77.59,39.46
67.7200,-0.077411,-0.013577,0,77.59,39.46
67.7280,-0.080342,-0.014885,0,77.59,39.46
67.7360,-0.078877,-0.014594,0,77.59,39.46
67.7440,-0.077411,-0.013350,0,77.59,39.46
67.7520,-0.074969,-0.011932,0,77.59,39.46
67.7600,-0.076923,-0.010854,0,77.59,39.46
67.7680,-0.077411,-0.010186,0,77.59,39.46
67.7760,-0.078388,-0.009723,0,77.59,39.46
67.7840,-0.077900,-0.009230,0,77.59,39.46
67.7920,-0.079853,-0.008560,0,77.59,39.46
67.8000,-0.078877,-0.007715,0,77.59,39.46
67.8080,-0.079853,-0.024617,0,77.59,39.46
67.8160,-0.078877,-0.025558,0,77.59,39.46
67.8240,-0.080830,-0.027530,0,77.59,39.46
67.8320,-0.084737,-0.030365,0,77.59,39.46
67.8400,-0.091087,-0.033285,0,77.59,39.46
67.8480,-0.094017,-0.035236,0,77.59,39.46
67.8560,-0.095971,-0.035443,0,77.59,39.46
67.8640,-0.093040,-0.033764,0,77.59,39.46
67.8720,-0.091087,-0.030602,0,77.59,39.46
67.8800,-0.091087,-0.026539,0,77.59,39.46
67.8880,-0.086203,-0.022103,0,77.59,39.46
67.8960,-0.084737,-0.017670,0,77.59,39.46
67.9040,-0.083272,-0.013355,0,77.59,39.46
67.9120,-0.083272,-0.015043,0,77.59,39.46
67.9200,-0.085226,-0.014290,0,77.59,39.46
67.9280,-0.085714,-0.013786,0,77.59,39.46
67.9360,-0.085714,-0.013128,0,77.59,39.46
67.9440,-0.085714,-0.012019,0,77.59,39.46
67.9520,-0.086691,-0.010243,0,77.59,39.46
67.9600,-0.085714,-0.007764,0,77.59,39.46
67.9680,-0.082784,-0.004925,0,77.59,39.46
67.9760,-0.078877,-0.002485,0,77.59,39.46
67.9840,-0.077411,-0.001294,0,77.59,39.46
67.9920,-0.079365,-0.001820,0,77.59,39.46
68.0000,-0.083272,-0.003894,0,77.59,39.46
68.0080,-0.086203,-0.006851,0,77.59,39.46
68.0160,-0.090110,-0.107873,0,77.59,39.46
68.0240,-0.094017,-0.118526,0,77.59,39.46
68.0320,-0.101343,-0.131904,0,77.59,39.46
68.0400,-0.114042,-0.148111,0,77.59,39.46
68.0480,-0.126740,-0.166279,0,77.59,39.46
68.0560,-0.141880,-0.184368,0,77.59,39.46
68.0640,-0.153602,-0.199212,0,77.59,39.46
68.0720,-0.159463,-0.206909,0,77.59,39.46
68.0800,-0.152137,-0.203574,0,77.59,39.46
68.0880,-0.132601,-0.186340,0,77.59,39.46
68.0960,-0.093529,-0.154450,0,77.59,39.46
68.1040,-0.038828,-0.110105,0,77.59,39.46
68.1120,0.029060,-0.058571,0,77.59,39.46
68.1200,0.116972,-0.006862,0,77.59,39.46
68.1280,0.226862,0.106330,0,77.59,39.46
68.1360,0.361661,0.239002,0,77.59,39.46
68.1440,0.497924,0.385700,0,77.59,39.46
68.1520,0.634676,0.536853,0,77.59,39.46
68.1600,0.777778,0.677177,0,77.59,39.46
68.1680,0.917949,0.785096,1,77.59,39.46
68.1760,1.000000,0.836585,1,77.59,39.46
68.1840,1.000000,0.813617,1,77.59,39.46
68.1920,0.892063,0.712548,0,77.59,39.46
68.2000,0.690842,0.546281,0,77.59,39.46
68.2080,0.497436,0.337667,0,77.59,39.46
68.2160,0.321123,0.109664,0,77.59,39.46
68.2240,0.159951,0.154290,0,77.59,39.46
68.2320,0.018315,-0.003502,0,77.59,39.46
68.2400,-0.101343,-0.127281,0,77.59,39.46
68.2480,-0.187790,-0.212721,0,77.59,39.46
68.2560,-0.233700,-0.258751,0,77.59,39.46
68.2640,-0.240537,-0.268363,0,77.59,39.46
68.2720,-0.218559,-0.248808,0,77.59,39.46
68.2800,-0.177534,-0.210540,0,77.59,39.46
68.2880,-0.131136,-0.165219,0,77.59,39.46
68.2960,-0.085226,-0.123316,0,77.59,39.46
68.3040,-0.053968,-0.091739,0,77.59,39.46
68.3120,-0.037363,-0.072000,0,77.59,39.46
68.3200,-0.038828,-0.059868,0,77.59,39.46
68.3280,-0.051526,0.013824,0,77.59,39.46
68.3360,-0.067155,0.001870,0,77.59,39.46
68.3440,-0.084249,-0.012496,0,77.59,39.46
68.3520,-0.095971,-0.025792,0,77.59,39.46
68.3600,-0.107692,-0.035988,0,77.59,39.46
68.3680,-0.113553,-0.042324,0,77.59,39.46
68.3760,-0.115507,-0.044962,0,77.59,39.46
68.3840,-0.115018,-0.044569,0,77.59,39.46
68.3920,-0.114042,-0.041853,0,77.59,39.46
68.4000,-0.112576,-0.037265,0,77.59,39.46
68.4080,-0.110623,-0.031008,0,77.59,39.46
68.4160,-0.109646,-0.023280,0,77.59,39.46
68.4240,-0.106227,-0.014573,0,77.59,39.46
68.4320,-0.103785,-0.248127,0,77.59,39.46
68.4400,-0.102808,-0.243860,0,77.59,39.46
68.4480,-0.101343,-0.236731,0,77.59,39.46
68.4560,-0.099389,-0.226664,0,77.59,39.46
68.4640,-0.098901,-0.213923,0,77.59,39.46
68.4720,-0.101343,-0.199094,0,77.59,39.46
68.4800,-0.102808,-0.183076,0,77.59,39.46
68.4880,-0.106716,-0.167039,0,77.59,39.46
68.4960,-0.107204,-0.152222,0,77.59,39.46
68.5040,-0.109158,-0.139533,0,77.59,39.46
68.5120,-0.111111,-0.129186,0,77.59,39.46
68.5200,-0.108669,-0.120711,0,77.59,39.46
68.5280,-0.103297,-0.113278,0,77.59,39.46
68.5360,-0.100855,0.004232,0,77.59,39.46
68.5440,-0.097924,0.005703,0,77.59,39.46
68.5520,-0.098901,0.003930,0,77.59,39.46
68.5600,-0.101343,-0.000155,0,77.59,39.46
68.5680,-0.103297,-0.005147,0,77.59,39.46
68.5760,-0.105250,-0.009616,0,77.59,39.46
68.5840,-0.105739,-0.012500,0,77.59,39.46
68.5920,-0.103785,-0.013302,0,77.59,39.46
68.6000,-0.103297,-0.012055,0,77.59,39.46
68.6080,-0.100855,-0.009176,0,77.59,39.46
68.6160,-0.096459,-0.005326,0,77.59,39.46
68.6240,-0.093040,-0.001165,0,77.59,39.46
68.6320,-0.092063,0.002957,0,77.59,39.46
68.6400,-0.092063,-0.001807,0,77.59,39.46
68.6480,-0.092552,-0.001183,0,77.59,39.46
68.6560,-0.091087,-0.000875,0,77.59,39.46
68.6640,-0.089621,-0.000633,0,77.59,39.46
68.6720,-0.089133,-0.000375,0,77.59,39.46
68.6800,-0.087668,-0.000136,0,77.59,39.46
68.6880,-0.085714,-0.000039,0,77.59,39.46
68.6960,-0.084737,-0.000199,0,77.59,39.46
68.7040,-0.084737,-0.000583,0,77.59,39.46
68.7120,-0.084249,-0.000961,0,77.59,39.46
68.7200,-0.084737,-0.001013,0,77.59,39.46
68.7280,-0.083272,-0.000546,0,77.59,39.46
68.7360,-0.080342,0.000314,0,77.59,39.46
68.7440,-0.075458,0.007320,0,77.59,39.46
68.7520,-0.072527,0.009451,0,77.59,39.46
68.7600,-0.071551,0.010870,0,77.59,39.46
68.7680,-0.071551,0.011405,0,77.59,39.46
68.7760,-0.070085,0.011074,0,77.59,39.46
68.7840,-0.070085,0.009953,0,77.59,39.46
68.7920,-0.070574,0.008244,0,77.59,39.46
68.8000,-0.073504,0.006346,0,77.59,39.46
68.8080,-0.073016,0.004771,0,77.59,39.46
68.8160,-0.073504,0.003932,0,77.59,39.46
68.8240,-0.072527,0.004008,0,77.59,39.46
68.8320,-0.069597,0.004888,0,77.59,39.46
68.8400,-0.067643,0.006218,0,77.59,39.46
68.8480,-0.060806,0.014288,0,77.59,39.46
68.8560,-0.055922,0.018024,0,77.59,39.46
68.8640,-0.052991,0.020599,0,77.59,39.46
68.8720,-0.050549,0.021405,0,77.59,39.46
68.8800,-0.052015,0.020351,0,77.59,39.46
68.8880,-0.054457,0.017853,0,77.59,39.46
68.8960,-0.056899,0.014619,0,77.59,39.46
68.9040,-0.057387,0.011384,0,77.59,39.46
68.9120,-0.060806,0.008825,0,77.59,39.46
68.9200,-0.062271,0.007499,0,77.59,39.46
68.9280,-0.060806,0.007629,0,77.59,39.46
68.9360,-0.055922,0.008935,0,77.59,39.46
68.9440,-0.054945,0.010834,0,77.59,39.46
68.9520,-0.054457,-0.005266,0,77.59,39.46
68.9600,-0.055922,-0.006027,0,77.59,39.46
68.9680,-0.054945,-0.006620,0,77.59,39.46
68.9760,-0.053968,-0.006485,0,77.59,39.46
68.9840,-0.052015,-0.005270,0,77.59,39.46
68.9920,-0.047619,-0.002966,0,77.59,39.46
69.0000,-0.044200,0.000053,0,77.59,39.46
69.0080,-0.038828,0.003079,0,77.59,39.46
69.0160,-0.033944,0.005225,0,77.59,39.46
69.0240,-0.031990,0.005727,0,77.59,39.46
69.0320,-0.031990,0.004287,0,77.59,39.46
69.0400,-0.035409,0.001200,0,77.59,39.46
69.0480,-0.037363,-0.002804,0,77.59,39.46
69.0560,-0.035409,0.010615,0,77.59,39.46
69.0640,-0.035409,0.009344,0,77.59,39.46
69.0720,-0.033944,0.007989,0,77.59,39.46
69.0800,-0.038339,0.006475,0,77.59,39.46
69.0880,-0.038339,0.004980,0,77.59,39.46
69.0960,-0.037851,0.003711,0,77.59,39.46
69.1040,-0.037851,0.002775,0,77.59,39.46
69.1120,-0.038339,0.002272,0,77.59,39.46
69.1200,-0.037851,0.002293,0,77.59,39.46
69.1280,-0.036386,0.002789,0,77.59,39.46
69.1360,-0.032479,0.003494,0,77.59,39.46
69.1440,-0.031502,0.004098,0,77.59,39.46
69.1520,-0.031502,0.004521,0,77.59,39.46
69.1600,-0.033455,0.031236,0,77.59,39.46
69.1680,-0.032479,0.031406,0,77.59,39.46
69.1760,-0.032479,0.030971,0,77.59,39.46
69.1840,-0.033455,0.029796,0,77.59,39.46
69.1920,-0.038339,0.027981,0,77.59,39.46
69.2000,-0.040293,0.025885,0,77.59,39.46
69.2080,-0.043223,0.023901,0,77.59,39.46
69.2160,-0.045177,0.022264,0,77.59,39.46
69.2240,-0.047131,0.020974,0,77.59,39.46
69.2320,-0.047131,0.019800,0,77.59,39.46
69.2400,-0.049084,0.018408,0,77.59,39.46
69.2480,-0.051038,0.016596,0,77.59,39.46
69.2560,-0.054945,0.014459,0,77.59,39.46
69.2640,-0.059341,0.032843,0,77.59,39.46
69.2720,-0.066667,0.028312,0,77.59,39.46
69.2800,-0.074481,0.023661,0,77.59,39.46
69.2880,-0.079365,0.019690,0,77.59,39.46
69.2960,-0.084737,0.016902,0,77.59,39.46
69.3040,-0.085714,0.015371,0,77.59,39.46
69.3120,-0.089133,0.014869,0,77.59,39.46
69.3200,-0.093529,0.015060,0,77.59,39.46
69.3280,-0.094017,0.015481,0,77.59,39.46
69.3360,-0.094017,0.015484,0,77.59,39.46
69.3440,-0.098413,0.014501,0,77.59,39.46
69.3520,-0.103785,0.012424,0,77.59,39.46
69.3600,-0.109646,0.009678,0,77.59,39.46
69.3680,-0.112576,-0.017034,0,77.59,39.46
69.3760,-0.112088,-0.016983,0,77.59,39.46
69.3840,-0.111600,-0.015902,0,77.59,39.46
69.3920,-0.111600,-0.014364,0,77.59,39.46
69.4000,-0.113553,-0.012899,0,77.59,39.46
69.4080,-0.112576,-0.011931,0,77.59,39.46
69.4160,-0.112576,-0.011767,0,77.59,39.46
69.4240,-0.116484,-0.012391,0,77.59,39.46
69.4320,-0.119902,-0.013305,0,77.59,39.46
69.4400,-0.124786,-0.013720,0,77.59,39.46
69.4480,-0.125275,-0.013020,0,77.59,39.46
69.4560,-0.124298,-0.011127,0,77.59,39.46
69.4640,-0.123810,-0.008495,0,77.59,39.46
69.4720,-0.123321,-0.031348,0,77.59,39.46
69.4800,-0.123321,-0.029597,0,77.59,39.46
69.4880,-0.122344,-0.027905,0,77.59,39.46
69.4960,-0.121856,-0.026401,0,77.59,39.46
69.5040,-0.121856,-0.025150,0,77.59,39.46
69.5120,-0.121368,-0.024136,0,77.59,39.46
69.5200,-0.122344,-0.023264,0,77.59,39.46
69.5280,-0.121856,-0.022387,0,77.59,39.46
69.5360,-0.121856,-0.021346,0,77.59,39.46
69.5440,-0.122344,-0.019980,0,77.59,39.46
69.5520,-0.121368,-0.018172,0,77.59,39.46
69.5600,-0.120391,-0.015930,0,77.59,39.46
69.5680,-0.118437,-0.013420,0,77.59,39.46
69.5760,-0.116484,-0.018609,0,77.59,39.46
69.5840,-0.113553,-0.016983,0,77.59,39.46
69.5920,-0.111600,-0.015949,0,77.59,39.46
69.6000,-0.114042,-0.015286,0,77.59,39.46
69.6080,-0.114042,-0.014423,0,77.59,39.46
69.6160,-0.111600,-0.012867,0,77.59,39.46
69.6240,-0.108669,-0.010569,0,77.59,39.46
69.6320,-0.104274,-0.007918,0,77.59,39.46
69.6400,-0.102808,-0.005496,0,77.59,39.46
69.6480,-0.100855,-0.003876,0,77.59,39.46
69.6560,-0.097924,-0.003544,0,77.59,39.46
69.6640,-0.096459,-0.004707,0,77.59,39.46
69.6720,-0.101343,-0.006942,0,77.59,39.46
69.6800,-0.102320,0.010743,0,77.59,39.46
69.6880,-0.101343,0.009707,0,77.59,39.46
69.6960,-0.101343,0.008876,0,77.59,39.46
69.7040,-0.102320,0.008240,0,77.59,39.46
69.7120,-0.103785,0.007843,0,77.59,39.46
69.7200,-0.103785,0.007700,0,77.59,39.46
69.7280,-0.102320,0.007633,0,77.59,39.46
69.7360,-0.101343,0.007301,0,77.59,39.46
69.7440,-0.101343,0.006474,0,77.59,39.46
69.7520,-0.102808,0.005308,0,77.59,39.46
69.7600,-0.106227,0.004356,0,77.59,39.46
69.7680,-0.107692,0.004163,0,77.59,39.46
69.7760,-0.102808,0.004684,0,77.59,39.46
69.7840,-0.099878,0.006480,0,77.59,39.46
69.7920,-0.096459,0.008858,0,77.59,39.46
69.8000,-0.094505,0.010547,0,77.59,39.46
69.8080,-0.094017,0.011053,0,77.59,39.46
69.8160,-0.094017,0.010275,0,77.59,39.46
69.8240,-0.094994,0.008516,0,77.59,39.46
69.8320,-0.099389,0.006440,0,77.59,39.46
69.8400,-0.100855,0.004817,0,77.59,39.46
69.8480,-0.100366,0.004102,0,77.59,39.46
69.8560,-0.097924,0.004206,0,77.59,39.46
69.8640,-0.095971,0.004690,0,77.59,39.46
69.8720,-0.096459,0.005173,0,77.59,39.46
69.8800,-0.095971,0.005551,0,77.59,39.46
69.8880,-0.094994,0.006520,0,77.59,39.46
69.8960,-0.093040,0.006707,0,77.59,39.46
69.9040,-0.092552,0.005970,0,77.59,39.46
69.9120,-0.094017,0.004131,0,77.59,39.46
69.9200,-0.097924,0.001469,0,77.59,39.46
69.9280,-0.101343,-0.001358,0,77.59,39.46
69.9360,-0.102808,-0.003645,0,77.59,39.46
69.9440,-0.103785,-0.004911,0,77.59,39.46
69.9520,-0.103785,-0.004974,0,77.59,39.46
69.9600,-0.102320,-0.003899,0,77.59,39.46
69.9680,-0.100855,-0.001937,0,77.59,39.46
69.9760,-0.096947,0.000564,0,77.59,39.46
69.9840,-0.095482,0.003285,0,77.59,39.46
69.9920,-0.096947,0.003199,0,77.59,39.46
70.0000,-0.101343,0.002181,0,77.59,39.46
70.0080,-0.101832,0.001718,0,77.59,39.46
70.0160,-0.101343,0.002631,0,77.59,39.46
70.0240,-0.097924,0.005118,0,77.59,39.46
70.0320,-0.094505,0.008698,0,77.59,39.46
70.0400,-0.089133,0.012386,0,77.59,39.46
70.0480,-0.086203,0.015028,0,77.59,39.46
70.0560,-0.085226,0.015708,0,77.59,39.46
70.0640,-0.086691,0.014073,0,77.59,39.46
70.0720,-0.092063,0.010428,0,77.59,39.46
70.0800,-0.098413,0.005516,0,77.59,39.46
70.0880,-0.101343,0.000085,0,77.59,39.46
70.0960,-0.105250,-0.011961,0,77.59,39.46
70.1040,-0.106227,-0.013928,0,77.59,39.46
70.1120,-0.106227,-0.014198,0,77.59,39.46
70.1200,-0.105739,-0.013119,0,77.59,39.46
70.1280,-0.101832,-0.011388,0,77.59,39.46
70.1360,-0.098901,-0.009866,0,77.59,39.46
70.1440,-0.097924,-0.009215,0,77.59,39.46
70.1520,-0.098413,-0.009541,0,77.59,39.46
70.1600,-0.101343,-0.010348,0,77.59,39.46
70.1680,-0.101343,-0.010852,0,77.59,39.46
70.1760,-0.101343,-0.010428,0,77.59,39.46
70.1840,-0.098901,-0.008917,0,77.59,39.46
70.1920,-0.095482,-0.006689,0,77.59,39.46
70.2000,-0.094505,-0.001841,0,77.59,39.46
70.2080,-0.093040,-0.001298,0,77.59,39.46
70.2160,-0.093529,-0.001974,0,77.59,39.46
70.2240,-0.094505,-0.003733,0,77.59,39.46
70.2320,-0.098901,-0.005945,0,77.59,39.46
70.2400,-0.101343,-0.007704,0,77.59,39.46
70.2480,-0.101343,-0.008295,0,77.59,39.46
70.2560,-0.099389,-0.007574,0,77.59,39.46
70.2640,-0.094994,-0.005973,0,77.59,39.46
70.2720,-0.094017,-0.004143,0,77.59,39.46
70.2800,-0.092063,-0.002570,0,77.59,39.46
70.2880,-0.091087,-0.001420,0,77.59,39.46
70.2960,-0.090598,-0.000571,0,77.59,39.46
70.3040,-0.092063,0.002460,0,77.59,39.46
70.3120,-0.095971,0.000042,0,77.59,39.46
70.3200,-0.098901,-0.002263,0,77.59,39.46
70.3280,-0.100366,-0.003680,0,77.59,39.46
70.3360,-0.098901,-0.003806,0,77.59,39.46
70.3440,-0.098901,-0.002664,0,77.59,39.46
70.3520,-0.096459,-0.000611,0,77.59,39.46
70.3600,-0.094505,0.001761,0,77.59,39.46
70.3680,-0.092063,0.003708,0,77.59,39.46
70.3760,-0.090110,0.004519,0,77.59,39.46
70.3840,-0.091087,0.003788,0,77.59,39.46
70.3920,-0.094017,0.001618,0,77.59,39.46
70.4000,-0.096947,-0.001400,0,77.59,39.46
70.4080,-0.100366,-0.002149,0,77.59,39.46
70.4160,-0.097924,-0.002811,0,77.59,39.46
70.4240,-0.096459,-0.002569,0,77.59,39.46
70.4320,-0.095971,-0.001807,0,77.59,39.46
70.4400,-0.094994,-0.000881,0,77.59,39.46
70.4480,-0.094994,-0.000022,0,77.59,39.46
70.4560,-0.093529,0.000602,0,77.59,39.46
70.4640,-0.092063,0.000848,0,77.59,39.46
70.4720,-0.093529,0.000695,0,77.59,39.46
70.4800,-0.094017,0.000285,0,77.59,39.46
70.4880,-0.094017,-0.000200,0,77.59,39.46
70.4960,-0.094017,-0.000668,0,77.59,39.46
70.5040,-0.094505,-0.001114,0,77.59,39.46
70.5120,-0.095971,0.000446,0,77.59,39.46
70.5200,-0.094505,0.001509,0,77.59,39.46
70.5280,-0.092552,0.002927,0,77.59,39.46
70.5360,-0.089133,0.004086,0,77.59,39.46
70.5440,-0.088156,0.004392,0,77.59,39.46
70.5520,-0.090598,0.003690,0,77.59,39.46
70.5600,-0.094017,0.002357,0,77.59,39.46
70.5680,-0.093529,0.000955,0,77.59,39.46
70.5760,-0.094994,-0.000114,0,77.59,39.46
70.5840,-0.094505,-0.000648,0,77.59,39.46
70.5920,-0.095971,-0.000538,0,77.59,39.46
70.6000,-0.095971,0.000235,0,77.59,39.46
70.6080,-0.093529,0.001459,0,77.59,39.46
70.6160,-0.092552,-0.002562,0,77.59,39.46
70.6240,-0.091087,-0.002851,0,77.59,39.46
70.6320,-0.093529,-0.003992,0,77.59,39.46
70.6400,-0.095971,-0.005626,0,77.59,39.46
70.6480,-0.096459,-0.007107,0,77.59,39.46
70.6560,-0.098901,-0.007802,0,77.59,39.46
70.6640,-0.096947,-0.007334,0,77.59,39.46
70.6720,-0.095971,-0.005737,0,77.59,39.46
70.6800,-0.093040,-0.003480,0,77.59,39.46
70.6880,-0.090110,-0.001354,0,77.59,39.46
70.6960,-0.085714,-0.000204,0,77.59,39.46
70.7040,-0.087179,-0.000446,0,77.59,39.46
70.7120,-0.090110,-0.001702,0,77.59,39.46
70.7200,-0.094017,-0.040875,0,77.59,39.46
70.7280,-0.093040,-0.042056,0,77.59,39.46
70.7360,-0.088156,-0.041005,0,77.59,39.46
70.7440,-0.084249,-0.037779,0,77.59,39.46
70.7520,-0.076435,-0.033016,0,77.59,39.46
70.7600,-0.070085,-0.027721,0,77.59,39.46
70.7680,-0.061783,-0.023060,0,77.59,39.46
70.7760,-0.054457,-0.020012,0,77.59,39.46
70.7840,-0.053968,-0.018895,0,77.59,39.46
70.7920,-0.054457,-0.019138,0,77.59,39.46
70.8000,-0.054457,-0.019665,0,77.59,39.46
70.8080,-0.052991,-0.019634,0,77.59,39.46
70.8160,-0.046642,-0.018988,0,77.59,39.46
70.8240,-0.042247,0.005768,0,77.59,39.46
70.8320,-0.037851,0.011700,0,77.59,39.46
70.8400,-0.030037,0.019549,0,77.59,39.46
70.8480,-0.019780,0.028650,0,77.59,39.46
70.8560,-0.007570,0.037533,0,77.59,39.46
70.8640,0.003663,0.044262,0,77.59,39.46
70.8720,0.008059,0.047247,0,77.59,39.46
70.8800,0.005617,0.046014,0,77.59,39.46
70.8880,-0.000244,0.041307,0,77.59,39.46
70.8960,-0.006593,0.034449,0,77.59,39.46
70.9040,-0.009035,0.026542,0,77.59,39.46
70.9120,-0.015385,0.018163,0,77.59,39.46
70.9200,-0.021734,0.009572,0,77.59,39.46
70.9280,-0.023199,0.081244,0,77.59,39.46
70.9360,-0.023687,0.079387,0,77.59,39.46
70.9440,-0.028571,0.077009,0,77.59,39.46
70.9520,-0.033944,0.073603,0,77.59,39.46
70.9600,-0.039316,0.069096,0,77.59,39.46
70.9680,-0.047131,0.063760,0,77.59,39.46
70.9760,-0.052991,0.058084,0,77.59,39.46
70.9840,-0.061783,0.052659,0,77.59,39.46
70.9920,-0.068620,0.048003,0,77.59,39.46
71.0000,-0.072527,0.044297,0,77.59,39.46
71.0080,-0.075458,0.041310,0,77.59,39.46
71.0160,-0.080342,0.038651,0,77.59,39.46
71.0240,-0.085226,0.036089,0,77.59,39.46
71.0320,-0.092063,-0.014005,0,77.59,39.46
71.0400,-0.095971,-0.017599,0,77.59,39.46
71.0480,-0.098413,-0.019628,0,77.59,39.46
71.0560,-0.098901,-0.019795,0,77.59,39.46
71.0640,-0.097924,-0.018202,0,77.59,39.46
71.0720,-0.094994,-0.015319,0,77.59,39.46
71.0800,-0.093529,-0.011862,0,77.59,39.46
71.0880,-0.090110,-0.008672,0,77.59,39.46
71.0960,-0.087179,-0.006530,0,77.59,39.46
71.1040,-0.090110,-0.005881,0,77.59,39.46
71.1120,-0.092063,-0.006682,0,77.59,39.46
71.1200,-0.094994,-0.008551,0,77.59,39.46
71.1280,-0.098901,-0.010964,0,77.59,39.46
71.1360,-0.097924,-0.029867,0,77.59,39.46
71.1440,-0.096459,-0.028986,0,77.59,39.46
71.1520,-0.096459,-0.027041,0,77.59,39.46
71.1600,-0.095971,-0.024346,0,77.59,39.46
71.1680,-0.093040,-0.021363,0,77.59,39.46
71.1760,-0.091087,-0.018686,0,77.59,39.46
71.1840,-0.090598,-0.016819,0,77.59,39.46
71.1920,-0.092552,-0.015894,0,77.59,39.46
71.2000,-0.094994,-0.015624,0,77.59,39.46
71.2080,-0.095971,-0.015524,0,77.59,39.46
71.2160,-0.098413,-0.015174,0,77.59,39.46
71.2240,-0.097924,-0.014397,0,77.59,39.46
71.2320,-0.097924,-0.013309,0,77.59,39.46
71.2400,-0.093529,-0.009035,0,77.59,39.46
71.2480,-0.089133,-0.006711,0,77.59,39.46
71.2560,-0.086203,-0.005159,0,77.59,39.46
71.2640,-0.087179,-0.004795,0,77.59,39.46
71.2720,-0.091087,-0.005469,0,77.59,39.46
71.2800,-0.094017,-0.006580,0,77.59,39.46
71.2880,-0.096947,-0.007418,0,77.59,39.46
71.2960,-0.095971,-0.007513,0,77.59,39.46
71.3040,-0.094505,-0.006792,0,77.59,39.46
71.3120,-0.092063,-0.005520,0,77.59,39.46
71.3200,-0.089133,-0.004110,0,77.59,39.46
71.3280,-0.085714,-0.002900,0,77.59,39.46
71.3360,-0.086691,-0.001941,0,77.59,39.46
71.3440,-0.096459,-0.290362,0,77.59,39.46
71.3520,-0.113553,-0.319476,0,77.59,39.46
71.3600,-0.133089,-0.352656,0,77.59,39.46
71.3680,-0.155556,-0.386232,0,77.59,39.46
71.3760,-0.170696,-0.415638,0,77.59,39.46
71.3840,-0.178510,-0.436199,0,77.59,39.46
71.3920,-0.172650,-0.443854,0,77.59,39.46
71.4000,-0.150672,-0.435686,0,77.59,39.46
71.4080,-0.111600,-0.410248,0,77.59,39.46
71.4160,-0.054457,-0.367583,0,77.59,39.46
71.4240,0.010501,-0.309125,0,77.59,39.46
71.4320,0.089133,-0.237978,0,77.59,39.46
71.4400,0.189744,-0.159579,0,77.59,39.46
71.4480,0.312332,0.431113,0,77.59,39.46
71.4560,0.445665,0.553145,0,77.59,39.46
71.4640,0.584860,0.682672,0,77.59,39.46
71.4720,0.722589,0.809238,0,77.59,39.46
71.4800,0.868132,0.916796,0,77.59,39.46
71.4880,0.992674,0.985812,1,77.59,39.46
71.4960,1.000000,1.000000,1,77.59,39.46
71.5040,0.927717,0.954318,0,77.59,39.46
71.5120,0.739194,0.858117,0,77.59,39.46
71.5200,0.542857,0.730552,0,77.59,39.46
71.5280,0.363126,0.591155,0,77.59,39.46
71.5360,0.191209,0.452101,0,77.59,39.46
71.5440,0.038828,0.316263,0,77.59,39.46
71.5520,-0.094505,-0.129974,0,77.59,39.46
71.5600,-0.188767,-0.228541,0,77.59,39.46
71.5680,-0.241514,-0.285367,0,77.59,39.46
71.5760,-0.257143,-0.302971,0,77.59,39.46
71.5840,-0.234188,-0.288499,0,77.59,39.46
71.5920,-0.195116,-0.252616,0,77.59,39.46
71.6000,-0.147253,-0.207441,0,77.59,39.46
71.6080,-0.101343,-0.164285,0,77.59,39.46
71.6160,-0.067643,-0.131747,0,77.59,39.46
71.6240,-0.052015,-0.114427,0,77.59,39.46
71.6320,-0.051038,-0.112611,0,77.59,39.46
71.6400,-0.060806,-0.122961,0,77.59,39.46
71.6480,-0.074481,-0.139785,0,77.59,39.46
71.6560,-0.090598,-0.037545,0,77.59,39.46
71.6640,-0.104274,-0.051983,0,77.59,39.46
71.6720,-0.116484,-0.063517,0,77.59,39.46
71.6800,-0.122344,-0.070886,0,77.59,39.46
71.6880,-0.123321,-0.073997,0,77.59,39.46
71.6960,-0.121368,-0.073630,0,77.59,39.46
71.7040,-0.116972,-0.070948,0,77.59,39.46
71.7120,-0.115507,-0.066977,0,77.59,39.46
71.7200,-0.112088,-0.062315,0,77.59,39.46
71.7280,-0.111600,-0.057121,0,77.59,39.46
71.7360,-0.112088,-0.051251,0,77.59,39.46
71.7440,-0.115507,-0.044540,0,77.59,39.46
71.7520,-0.116972,-0.037148,0,77.59,39.46
71.7600,-0.118437,-0.232527,0,77.59,39.46
71.7680,-0.117460,-0.225254,0,77.59,39.46
71.7760,-0.117460,-0.213881,0,77.59,39.46
71.7840,-0.118437,-0.198762,0,77.59,39.46
71.7920,-0.117949,-0.180774,0,77.59,39.46
71.8000,-0.116972,-0.161381,0,77.59,39.46
71.8080,-0.115507,-0.142475,0,77.59,39.46
71.8160,-0.112576,-0.125967,0,77.59,39.46
71.8240,-0.111600,-0.113308,0,77.59,39.46
71.8320,-0.110623,-0.105153,0,77.59,39.46
71.8400,-0.110134,-0.101299,0,77.59,39.46
71.8480,-0.109158,-0.100806,0,77.59,39.46
71.8560,-0.106716,-0.102196,0,77.59,39.46
71.8640,-0.103785,-0.001517,0,77.59,39.46
71.8720,-0.103785,-0.003067,0,77.59,39.46
71.8800,-0.101832,-0.005368,0,77.59,39.46
71.8880,-0.099878,-0.007894,0,77.59,39.46
71.8960,-0.099878,-0.010198,0,77.59,39.46
71.9040,-0.099878,-0.011847,0,77.59,39.46
71.9120,-0.100855,-0.012445,0,77.59,39.46
71.9200,-0.100366,-0.011800,0,77.59,39.46
71.9280,-0.097924,-0.010080,0,77.59,39.46
71.9360,-0.094994,-0.007774,0,77.59,39.46
71.9440,-0.093529,-0.005411,0,77.59,39.46
71.9520,-0.091575,-0.003291,0,77.59,39.46
71.9600,-0.090110,-0.001405,0,77.59,39.46
71.9680,-0.086203,0.003593,0,77.59,39.46
71.9760,-0.085714,0.003210,0,77.59,39.46
71.9840,-0.086203,0.001730,0,77.59,39.46
71.9920,-0.090110,-0.000163,0,77.59,39.46
72.0000,-0.091087,-0.001559,0,77.59,39.46
72.0080,-0.088645,-0.001844,0,77.59,39.46
72.0160,-0.086691,-0.000978,0,77.59,39.46
72.0240,-0.083761,0.000631,0,77.59,39.46
72.0320,-0.080342,0.002367,0,77.59,39.46
72.0400,-0.078877,0.003625,0,77.59,39.46
72.0480,-0.075946,0.003974,0,77.59,39.46
72.0560,-0.075458,0.003302,0,77.59,39.46
72.0640,-0.076923,0.001933,0,77.59,39.46
72.0720,-0.078877,-0.002108,0,77.59,39.46
72.0800,-0.080342,-0.004394,0,77.59,39.46
72.0880,-0.080830,-0.005836,0,77.59,39.46
72.0960,-0.078388,-0.006131,0,77.59,39.46
72.1040,-0.076435,-0.005358,0,77.59,39.46
72.1120,-0.073016,-0.003862,0,77.59,39.46
72.1200,-0.070574,-0.002101,0,77.59,39.46
72.1280,-0.066667,-0.000562,0,77.59,39.46
72.1360,-0.063736,0.000340,0,77.59,39.46
72.1440,-0.062759,0.000432,0,77.59,39.46
72.1520,-0.063248,-0.000139,0,77.59,39.46
72.1600,-0.062759,-0.001050,0,77.59,39.46
72.1680,-0.061294,-0.002059,0,77.59,39.46
72.1760,-0.058852,0.006295,0,77.59,39.46
72.1840,-0.056899,0.006812,0,77.59,39.46
72.1920,-0.056899,0.007185,0,77.59,39.46
72.2000,-0.054457,0.007170,0,77.59,39.46
72.2080,-0.053480,0.006550,0,77.59,39.46
72.2160,-0.053480,0.005252,0,77.59,39.46
72.2240,-0.054457,0.003500,0,77.59,39.46
72.2320,-0.056410,0.001787,0,77.59,39.46
72.2400,-0.055922,0.000656,0,77.59,39.46
72.2480,-0.054945,0.000440,0,77.59,39.46
72.2560,-0.052503,0.001157,0,77.59,39.46
72.2640,-0.049573,0.002572,0,77.59,39.46
72.2720,-0.047131,0.004337,0,77.59,39.46
72.2800,-0.044200,0.000045,0,77.59,39.46
72.2880,-0.040293,0.000622,0,77.59,39.46
72.2960,-0.041270,0.000049,0,77.59,39.46
72.3040,-0.039805,-0.001584,0,77.59,39.46
72.3120,-0.043223,-0.003756,0,77.59,39.46
72.3200,-0.043712,-0.005724,0,77.59,39.46
72.3280,-0.043712,-0.006870,0,77.59,39.46
72.3360,-0.040293,-0.006963,0,77.59,39.46
72.3440,-0.038828,-0.006115,0,77.59,39.46
72.3520,-0.036386,-0.004600,0,77.59,39.46
72.3600,-0.031502,-0.002740,0,77.59,39.46
72.3680,-0.029060,-0.000813,0,77.59,39.46
72.3760,-0.026129,0.001062,0,77.59,39.46
72.3840,-0.025641,0.015997,0,77.59,39.46
72.3920,-0.029548,0.013779,0,77.59,39.46
72.4000,-0.032479,0.011166,0,77.59,39.46
72.4080,-0.033944,0.009119,0,77.59,39.46
72.4160,-0.032479,0.008213,0,77.59,39.46
72.4240,-0.031013,0.008514,0,77.59,39.46
72.4320,-0.030525,0.009737,0,77.59,39.46
72.4400,-0.027595,0.011346,0,77.59,39.46
72.4480,-0.023687,0.012603,0,77.59,39.46
72.4560,-0.023687,0.012776,0,77.59,39.46
72.4640,-0.023199,0.011462,0,77.59,39.46
72.4720,-0.026618,0.008760,0,77.59,39.46
72.4800,-0.029548,0.005235,0,77.59,39.46
72.4880,-0.030525,0.045135,0,77.59,39.46
72.4960,-0.031502,0.044744,0,77.59,39.46
72.5040,-0.032479,0.044616,0,77.59,39.46
72.5120,-0.034432,0.044560,0,77.59,39.46
72.5200,-0.036386,0.044310,0,77.59,39.46
72.5280,-0.037851,0.043485,0,77.59,39.46
72.5360,-0.037363,0.041644,0,77.59,39.46
72.5440,-0.044200,0.038610,0,77.59,39.46
72.5520,-0.051038,0.034717,0,77.59,39.46
72.5600,-0.055922,0.030606,0,77.59,39.46
72.5680,-0.061783,0.026792,0,77.59,39.46
72.5760,-0.064713,0.023440,0,77.59,39.46
72.5840,-0.069597,0.020407,0,77.59,39.46
72.5920,-0.072039,0.011687,0,77.59,39.46
72.6000,-0.076923,0.010179,0,77.59,39.46
72.6080,-0.077411,0.008705,0,77.59,39.46
72.6160,-0.080342,0.006828,0,77.59,39.46
72.6240,-0.084737,0.004327,0,77.59,39.46
72.6320,-0.090110,0.001408,0,77.59,39.46
72.6400,-0.094994,-0.001349,0,77.59,39.46
72.6480,-0.100366,-0.003259,0,77.59,39.46
72.6560,-0.101343,-0.003851,0,77.59,39.46
72.6640,-0.104274,-0.003085,0,77.59,39.46
72.6720,-0.100855,-0.001345,0,77.59,39.46
72.6800,-0.102320,0.000825,0,77.59,39.46
72.6880,-0.103785,0.003088,0,77.59,39.46
72.6960,-0.106716,-0.024452,0,77.59,39.46
72.7040,-0.112088,-0.027771,0,77.59,39.46
72.7120,-0.118926,-0.031024,0,77.59,39.46
72.7200,-0.123810,-0.032976,0,77.59,39.46
72.7280,-0.121856,-0.032828,0,77.59,39.46
72.7360,-0.121368,-0.030507,0,77.59,39.46
72.7440,-0.118437,-0.026492,0,77.59,39.46
72.7520,-0.116972,-0.021570,0,77.59,39.46
72.7600,-0.113065,-0.016779,0,77.59,39.46
72.7680,-0.107692,-0.013320,0,77.59,39.46
72.7760,-0.109158,-0.012131,0,77.59,39.46
72.7840,-0.112576,-0.013326,0,77.59,39.46
72.7920,-0.118926,-0.016028,0,77.59,39.46
72.8000,-0.120391,-0.024862,0,77.59,39.46
72.8080,-0.123321,-0.025532,0,77.59,39.46
72.8160,-0.121368,-0.024910,0,77.59,39.46
72.8240,-0.119414,-0.023344,0,77.59,39.46
72.8320,-0.119902,-0.021350,0,77.59,39.46
72.8400,-0.119902,-0.019312,0,77.59,39.46
72.8480,-0.118437,-0.017492,0,77.59,39.46
72.8560,-0.116972,-0.016110,0,77.59,39.46
72.8640,-0.117460,-0.015234,0,77.59,39.46
72.8720,-0.119414,-0.014663,0,77.59,39.46
72.8800,-0.119414,-0.014043,0,77.59,39.46
72.8880,-0.119414,-0.013132,0,77.59,39.46
72.8960,-0.117949,-0.011969,0,77.59,39.46
72.9040,-0.116972,-0.019477,0,77.59,39.46
72.9120,-0.116972,-0.017995,0,77.59,39.46
72.9200,-0.114530,-0.016372,0,77.59,39.46
72.9280,-0.111111,-0.014971,0,77.59,39.46
72.9360,-0.110623,-0.014140,0,77.59,39.46
72.9440,-0.110134,-0.013928,0,77.59,39.46
72.9520,-0.111111,-0.014001,0,77.59,39.46
72.9600,-0.111600,-0.013833,0,77.59,39.46
72.9680,-0.109646,-0.013039,0,77.59,39.46
72.9760,-0.107692,-0.011631,0,77.59,39.46
72.9840,-0.102320,-0.009980,0,77.59,39.46
72.9920,-0.101832,-0.008485,0,77.59,39.46
73.0000,-0.100855,-0.007233,0,77.59,39.46
73.0080,-0.099878,0.002213,0,77.59,39.46
73.0160,-0.097924,0.001743,0,77.59,39.46
73.0240,-0.099878,0.000612,0,77.59,39.46
73.0320,-0.101343,-0.000725,0,77.59,39.46
73.0400,-0.101343,-0.001711,0,77.59,39.46
73.0480,-0.101343,-0.001950,0,77.59,39.46
73.0560,-0.099878,-0.001365,0,77.59,39.46
73.0640,-0.096459,-0.000204,0,77.59,39.46
73.0720,-0.095971,0.001099,0,77.59,39.46
73.0800,-0.094017,0.002100,0,77.59,39.46
73.0880,-0.092063,0.002437,0,77.59,39.46
73.0960,-0.091087,0.001952,0,77.59,39.46
73.1040,-0.093040,0.000876,0,77.59,39.46
73.1120,-0.094994,0.009421,0,77.59,39.46
73.1200,-0.096947,0.008150,0,77.59,39.46
73.1280,-0.096459,0.007725,0,77.59,39.46
73.1360,-0.094505,0.008302,0,77.59,39.46
73.1440,-0.092063,0.009676,0,77.59,39.46
73.1520,-0.091087,0.011476,0,77.59,39.46
73.1600,-0.090110,0.013262,0,77.59,39.46
73.1680,-0.085226,0.014461,0,77.59,39.46
73.1760,-0.084737,0.014463,0,77.59,39.46
73.1840,-0.085714,0.012986,0,77.59,39.46
73.1920,-0.090110,0.010304,0,77.59,39.46
73.2000,-0.094505,0.007027,0,77.59,39.46
73.2080,-0.094505,0.003624,0,77.59,39.46
73.2160,-0.095971,0.006089,0,77.59,39.46
73.2240,-0.093529,0.007104,0,77.59,39.46
73.2320,-0.092063,0.009143,0,77.59,39.46
73.2400,-0.087179,0.011326,0,77.59,39.46
73.2480,-0.085714,0.012666,0,77.59,39.46
73.2560,-0.084737,0.012496,0,77.59,39.46
73.2640,-0.087179,0.010798,0,77.59,39.46
73.2720,-0.092063,0.008242,0,77.59,39.46
73.2800,-0.094994,0.005816,0,77.59,39.46
73.2880,-0.095971,0.004258,0,77.59,39.46
73.2960,-0.094017,0.003727,0,77.59,39.46
73.3040,-0.094017,0.003931,0,77.59,39.46
73.3120,-0.094017,0.004475,0,77.59,39.46
73.3200,-0.092552,-0.003516,0,77.59,39.46
73.3280,-0.090598,-0.002918,0,77.59,39.46
73.3360,-0.089133,-0.003030,0,77.59,39.46
73.3440,-0.090110,-0.003969,0,77.59,39.46
73.3520,-0.093529,-0.005368,0,77.59,39.46
73.3600,-0.094017,-0.006552,0,77.59,39.46
73.3680,-0.094994,-0.006933,0,77.59,39.46
73.3760,-0.093040,-0.006316,0,77.59,39.46
73.3840,-0.090598,-0.004953,0,77.59,39.46
73.3920,-0.088645,-0.003368,0,77.59,39.46
73.4000,-0.086203,-0.002083,0,77.59,39.46
73.4080,-0.085714,-0.001363,0,77.59,39.46
73.4160,-0.086203,-0.001078,0,77.59,39.46
73.4240,-0.092063,-0.000761,0,77.59,39.46
73.4320,-0.095971,-0.004167,0,77.59,39.46
73.4400,-0.098413,-0.006791,0,77.59,39.46
73.4480,-0.099878,-0.007908,0,77.59,39.46
73.4560,-0.097924,-0.007384,0,77.59,39.46
73.4640,-0.094994,-0.005627,0,77.59,39.46
73.4720,-0.093040,-0.003314,0,77.59,39.46
73.4800,-0.092552,-0.001122,0,77.59,39.46
73.4880,-0.088645,0.000365,0,77.59,39.46
73.4960,-0.088156,0.000728,0,77.59,39.46
73.5040,-0.090598,-0.000079,0,77.59,39.46
73.5120,-0.093040,-0.001714,0,77.59,39.46
73.5200,-0.093529,-0.003717,0,77.59,39.46
73.5280,-0.093529,0.004092,0,77.59,39.46
73.5360,-0.092063,0.005639,0,77.59,39.46
73.5440,-0.089133,0.007902,0,77.59,39.46
73.5520,-0.086203,0.010190,0,77.59,39.46
73.5600,-0.085714,0.011780,0,77.59,39.46
73.5680,-0.085714,0.012162,0,77.59,39.46
73.5760,-0.085714,0.011141,0,77.59,39.46
73.5840,-0.088156,0.008914,0,77.59,39.46
73.5920,-0.093040,0.006140,0,77.59,39.46
73.6000,-0.096459,0.003763,0,77.59,39.46
73.6080,-0.098901,0.002556,0,77.59,39.46
73.6160,-0.096459,0.002696,0,77.59,39.46
73.6240,-0.095482,0.003702,0,77.59,39.46
73.6320,-0.095971,-0.006631,0,77.59,39.46
73.6400,-0.093529,-0.004603,0,77.59,39.46
73.6480,-0.090110,-0.002604,0,77.59,39.46
73.6560,-0.087179,-0.001237,0,77.59,39.46
73.6640,-0.087179,-0.000827,0,77.59,39.46
73.6720,-0.090110,-0.001178,0,77.59,39.46
73.6800,-0.090598,-0.001759,0,77.59,39.46
73.6880,-0.090110,-0.002136,0,77.59,39.46
73.6960,-0.089133,-0.002203,0,77.59,39.46
73.7040,-0.088645,-0.002068,0,77.59,39.46
73.7120,-0.088645,-0.001833,0,77.59,39.46
73.7200,-0.090110,-0.001493,0,77.59,39.46
73.7280,-0.088156,-0.001050,0,77.59,39.46
73.7360,-0.085714,-0.001090,0,77.59,39.46
73.7440,-0.088156,-0.001957,0,77.59,39.46
73.7520,-0.090110,-0.003210,0,77.59,39.46
73.7600,-0.091087,-0.004383,0,77.59,39.46
73.7680,-0.091087,-0.005070,0,77.59,39.46
73.7760,-0.090110,-0.005062,0,77.59,39.46
73.7840,-0.090110,-0.004306,0,77.59,39.46
73.7920,-0.090110,-0.002899,0,77.59,39.46
73.8000,-0.085714,-0.001197,0,77.59,39.46
73.8080,-0.084249,0.000183,0,77.59,39.46
73.8160,-0.082295,0.000642,0,77.59,39.46
73.8240,-0.082784,-0.000043,0,77.59,39.46
73.8320,-0.085714,-0.001524,0,77.59,39.46
73.8400,-0.085714,0.002126,0,77.59,39.46
73.8480,-0.085714,0.001669,0,77.59,39.46
73.8560,-0.085714,0.001862,0,77.59,39.46
73.8640,-0.085714,0.002794,0,77.59,39.46
73.8720,-0.084737,0.004303,0,77.59,39.46
73.8800,-0.080830,0.005883,0,77.59,39.46
73.8880,-0.078877,0.006828,0,77.59,39.46
73.8960,-0.079365,0.006644,0,77.59,39.46
73.9040,-0.080830,0.005386,0,77.59,39.46
73.9120,-0.085226,0.003629,0,77.59,39.46
73.9200,-0.085714,0.002092,0,77.59,39.46
73.9280,-0.086691,0.001177,0,77.59,39.46
73.9360,-0.085226,0.000763,0,77.59,39.46
73.9440,-0.084249,-0.004516,0,77.59,39.46
73.9520,-0.082295,-0.003365,0,77.59,39.46
73.9600,-0.080830,-0.002476,0,77.59,39.46
73.9680,-0.079365,-0.002351,0,77.59,39.46
73.9760,-0.080342,-0.003189,0,77.59,39.46
73.9840,-0.082295,-0.004745,0,77.59,39.46
73.9920,-0.084737,-0.006416,0,77.59,39.46
74.0000,-0.085714,-0.007527,0,77.59,39.46
74.0080,-0.085226,-0.007656,0,77.59,39.46
74.0160,-0.082784,-0.006767,0,77.59,39.46
74.0240,-0.080830,-0.005113,0,77.59,39.46
74.0320,-0.078388,-0.003024,0,77.59,39.46
74.0400,-0.076435,-0.000763,0,77.59,39.46
74.0480,-0.075946,0.001129,0,77.59,39.46
74.0560,-0.076435,-0.000161,0,77.59,39.46
74.0640,-0.078877,-0.002428,0,77.59,39.46
74.0720,-0.083761,-0.004924,0,77.59,39.46
74.0800,-0.084249,-0.006815,0,77.59,39.46
74.0880,-0.084249,-0.007588,0,77.59,39.46
74.0960,-0.082784,-0.007180,0,77.59,39.46
74.1040,-0.080830,-0.005838,0,77.59,39.46
74.1120,-0.080830,-0.003958,0,77.59,39.46
74.1200,-0.076923,-0.002067,0,77.59,39.46
74.1280,-0.073504,-0.000789,0,77.59,39.46
74.1360,-0.072527,-0.000528,0,77.59,39.46
74.1440,-0.075458,-0.001066,0,77.59,39.46
74.1520,-0.078388,-0.004606,0,77.59,39.46
74.1600,-0.078877,-0.006451,0,77.59,39.46
74.1680,-0.079365,-0.007958,0,77.59,39.46
74.1760,-0.079365,-0.009038,0,77.59,39.46
74.1840,-0.079365,-0.009757,0,77.59,39.46
74.1920,-0.080342,-0.010177,0,77.59,39.46
74.2000,-0.080342,-0.010326,0,77.59,39.46
74.2080,-0.078388,-0.010264,0,77.59,39.46
74.2160,-0.077411,-0.010028,0,77.59,39.46
74.2240,-0.077900,-0.009476,0,77.59,39.46
74.2320,-0.077411,-0.008295,0,77.59,39.46
74.2400,-0.075458,-0.006283,0,77.59,39.46
74.2480,-0.070574,-0.003659,0,77.59,39.46
74.2560,-0.065690,-0.047201,0,77.59,39.46
74.2640,-0.060806,-0.043428,0,77.59,39.46
74.2720,-0.053480,-0.039019,0,77.59,39.46
74.2800,-0.046642,-0.034585,0,77.59,39.46
74.2880,-0.038828,-0.030826,0,77.59,39.46
74.2960,-0.033455,-0.028258,0,77.59,39.46
74.3040,-0.030525,-0.026914,0,77.59,39.46
74.3120,-0.029548,-0.026302,0,77.59,39.46
74.3200,-0.024664,-0.025714,0,77.59,39.46
74.3280,-0.022222,-0.024589,0,77.59,39.46
74.3360,-0.016361,-0.022697,0,77.59,39.46
74.3440,-0.010501,-0.020148,0,77.59,39.46
74.3520,-0.005128,-0.017265,0,77.59,39.46
74.3600,0.008547,0.059844,0,77.59,39.46
74.3680,0.019780,0.067086,0,77.59,39.46
74.3760,0.023687,0.070462,0,77.59,39.46
74.3840,0.021734,0.069244,0,77.59,39.46
74.3920,0.011477,0.064330,0,77.59,39.46
74.4000,0.006105,0.057621,0,77.59,39.46
74.4080,-0.000244,0.051009,0,77.59,39.46
74.4160,-0.004151,0.045715,0,77.59,39.46
74.4240,-0.006593,0.042125,0,77.59,39.46
74.4320,-0.007082,0.039921,0,77.59,39.46
74.4400,-0.007570,0.038389,0,77.59,39.46
74.4480,-0.006593,0.036847,0,77.59,39.46
74.4560,-0.010989,0.035058,0,77.59,39.46
74.4640,-0.021245,0.062519,0,77.59,39.46
74.4720,-0.031502,0.055610,0,77.59,39.46
74.4800,-0.039316,0.048282,0,77.59,39.46
74.4880,-0.049084,0.041574,0,77.59,39.46
74.4960,-0.054457,0.036205,0,77.59,39.46
74.5040,-0.061294,0.032518,0,77.59,39.46
74.5120,-0.064225,0.030465,0,77.59,39.46
74.5200,-0.066667,0.029590,0,77.59,39.46
74.5280,-0.066667,0.029125,0,77.59,39.46
74.5360,-0.068620,0.028275,0,77.59,39.46
74.5440,-0.073016,0.026597,0,77.59,39.46
74.5520,-0.079365,0.024154,0,77.59,39.46
74.5600,-0.083272,0.021327,0,77.59,39.46
74.5680,-0.083272,-0.022302,0,77.59,39.46
74.5760,-0.084249,-0.022862,0,77.59,39.46
74.5840,-0.084249,-0.022644,0,77.59,39.46
74.5920,-0.084737,-0.022050,0,77.59,39.46
74.6000,-0.084249,-0.021507,0,77.59,39.46
74.6080,-0.084249,-0.021376,0,77.59,39.46
74.6160,-0.085226,-0.021780,0,77.59,39.46
74.6240,-0.088645,-0.022436,0,77.59,39.46
74.6320,-0.091575,-0.022692,0,77.59,39.46
74.6400,-0.093529,-0.021843,0,77.59,39.46
74.6480,-0.090598,-0.019544,0,77.59,39.46
74.6560,-0.088156,-0.015975,0,77.59,39.46
74.6640,-0.085714,-0.011692,0,77.59,39.46
74.6720,-0.082295,-0.025901,0,77.59,39.46
74.6800,-0.077411,-0.021910,0,77.59,39.46
74.6880,-0.076435,-0.019543,0,77.59,39.46
74.6960,-0.077411,-0.019045,0,77.59,39.46
74.7040,-0.084249,-0.019833,0,77.59,39.46
74.7120,-0.085714,-0.020873,0,77.59,39.46
74.7200,-0.086691,-0.021314,0,77.59,39.46
74.7280,-0.087179,-0.020815,0,77.59,39.46
74.7360,-0.085714,-0.019452,0,77.59,39.46
74.7440,-0.085226,-0.017461,0,77.59,39.46
74.7520,-0.085714,-0.015008,0,77.59,39.46
74.7600,-0.084737,-0.012167,0,77.59,39.46
74.7680,-0.082295,-0.009076,0,77.59,39.46
74.7760,-0.082295,0.072038,0,77.59,39.46
74.7840,-0.085714,0.075387,0,77.59,39.46
74.7920,-0.086691,0.078768,0,77.59,39.46
74.8000,-0.088156,0.082797,0,77.59,39.46
74.8080,-0.086691,0.087676,0,77.59,39.46
74.8160,-0.085714,0.092938,0,77.59,39.46
74.8240,-0.084737,0.097426,0,77.59,39.46
74.8320,-0.085714,0.099445,0,77.59,39.46
74.8400,-0.088156,0.097137,0,77.59,39.46
74.8480,-0.099878,0.089123,0,77.59,39.46
74.8560,-0.116972,0.075172,0,77.59,39.46
74.8640,-0.141392,0.056430,0,77.59,39.46
74.8720,-0.164835,0.035085,0,77.59,39.46
74.8800,-0.179487,-0.930575,0,77.59,39.46
74.8880,-0.178999,-0.968214,0,77.59,39.46
74.8960,-0.158974,-0.991935,0,77.59,39.46
74.9040,-0.123810,-1.000000,0,77.59,39.46
74.9120,-0.070085,-0.991827,0,77.59,39.46
74.9200,-0.000733,-0.967518,0,77.59,39.46
74.9280,0.087179,-0.927667,0,77.59,39.46
74.9360,0.193162,-0.873403,0,77.59,39.46
74.9440,0.315263,-0.806382,0,77.59,39.46
74.9520,0.445665,-0.728537,0,77.59,39.46
74.9600,0.585348,-0.641877,0,77.59,39.46
74.9680,0.733333,-0.548740,0,77.59,39.46
74.9760,0.893040,-0.452300,0,77.59,39.46
74.9840,1.000000,0.973218,1,77.59,39.46
74.9920,1.000000,1.000000,1,77.59,39.46
75.0000,0.955067,0.978071,0,77.59,39.46
75.0080,0.787057,0.912321,0,77.59,39.46
75.0160,0.586325,0.816077,0,77.59,39.46
75.0240,0.393895,0.706524,0,77.59,39.46
75.0320,0.206838,0.599930,0,77.59,39.46
75.0400,0.038339,0.509400,0,77.59,39.46
75.0480,-0.101343,0.444409,0,77.59,39.46
75.0560,-0.188767,0.410216,0,77.59,39.46
75.0640,-0.228816,0.406903,0,77.59,39.46
75.0720,-0.227839,0.428831,0,77.59,39.46
75.0800,-0.194628,0.465181,0,77.59,39.46
75.0880,-0.142857,-0.080371,0,77.59,39.46
75.0960,-0.092552,-0.030522,0,77.59,39.46
75.1040,-0.055922,0.011386,0,77.59,39.46
75.1120,-0.038339,0.039440,0,77.59,39.46
75.1200,-0.032967,0.052515,0,77.59,39.46
75.1280,-0.039805,0.053014,0,77.59,39.46
75.1360,-0.054457,0.045202,0,77.59,39.46
75.1440,-0.071062,0.033683,0,77.59,39.46
75.1520,-0.085714,0.022188,0,77.59,39.46
75.1600,-0.095971,0.012876,0,77.59,39.46
75.1680,-0.101832,0.006275,0,77.59,39.46
75.1760,-0.106227,0.001784,0,77.59,39.46
75.1840,-0.111600,-0.001618,0,77.59,39.46
75.1920,-0.112088,-0.172474,0,77.59,39.46
75.2000,-0.110623,-0.175691,0,77.59,39.46
75.2080,-0.107692,-0.177208,0,77.59,39.46
75.2160,-0.104274,-0.177466,0,77.59,39.46
75.2240,-0.101832,-0.176819,0,77.59,39.46
75.2320,-0.100855,-0.175352,0,77.59,39.46
75.2400,-0.100855,-0.172794,0,77.59,39.46
75.2480,-0.101343,-0.168495,0,77.59,39.46
75.2560,-0.104274,-0.161417,0,77.59,39.46
75.2640,-0.109646,-0.150239,0,77.59,39.46
75.2720,-0.114530,-0.133890,0,77.59,39.46
75.2800,-0.114530,-0.112459,0,77.59,39.46
75.2880,-0.111600,-0.087810,0,77.59,39.46
75.2960,-0.108181,-0.084825,0,77.59,39.46
75.3040,-0.105739,-0.062014,0,77.59,39.46
75.3120,-0.101832,-0.041315,0,77.59,39.46
75.3200,-0.098901,-0.024665,0,77.59,39.46
75.3280,-0.095971,-0.013310,0,77.59,39.46
75.3360,-0.096947,-0.007515,0,77.59,39.46
75.3440,-0.101343,-0.006441,0,77.59,39.46
75.3520,-0.102808,-0.008465,0,77.59,39.46
75.3600,-0.103785,-0.011807,0,77.59,39.46
75.3680,-0.101832,-0.015062,0,77.59,39.46
75.3760,-0.100366,-0.017444,0,77.59,39.46
75.3840,-0.096947,-0.018809,0,77.59,39.46
75.3920,-0.094505,-0.019552,0,77.59,39.46
75.4000,-0.090598,-0.005267,0,77.59,39.46
75.4080,-0.087179,-0.003120,0,77.59,39.46
75.4160,-0.086691,-0.001677,0,77.59,39.46
75.4240,-0.090110,-0.001027,0,77.59,39.46
75.4320,-0.090598,-0.000899,0,77.59,39.46
75.4400,-0.090110,-0.001043,0,77.59,39.46
75.4480,-0.088645,-0.001386,0,77.59,39.46
75.4560,-0.090598,-0.001817,0,77.59,39.46
75.4640,-0.092063,-0.002038,0,77.59,39.46
75.4720,-0.091087,-0.001781,0,77.59,39.46
75.4800,-0.086691,-0.001106,0,77.59,39.46
75.4880,-0.085226,-0.000308,0,77.59,39.46
75.4960,-0.084737,0.000424,0,77.59,39.46
75.5040,-0.085714,-0.003422,0,77.59,39.46
75.5120,-0.085714,-0.004193,0,77.59,39.46
75.5200,-0.085714,-0.004528,0,77.59,39.46
75.5280,-0.084737,-0.004031,0,77.59,39.46
75.5360,-0.082295,-0.002608,0,77.59,39.46
75.5440,-0.078388,-0.000520,0,77.59,39.46
75.5520,-0.075946,0.001702,0,77.59,39.46
75.5600,-0.071551,0.003444,0,77.59,39.46
75.5680,-0.070085,0.004218,0,77.59,39.46
75.5760,-0.069597,0.003853,0,77.59,39.46
75.5840,-0.070085,0.002532,0,77.59,39.46
75.5920,-0.071551,0.000633,0,77.59,39.46
75.6000,-0.071062,-0.001499,0,77.59,39.46
75.6080,-0.070085,-0.004170,0,77.59,39.46
75.6160,-0.067643,-0.003703,0,77.59,39.46
75.6240,-0.066667,-0.002550,0,77.59,39.46
75.6320,-0.062759,-0.001106,0,77.59,39.46
75.6400,-0.059829,0.000074,0,77.59,39.46
75.6480,-0.056899,0.000476,0,77.59,39.46
75.6560,-0.056899,-0.000078,0,77.59,39.46
75.6640,-0.057387,-0.001277,0,77.59,39.46
75.6720,-0.058852,-0.002467,0,77.59,39.46
75.6800,-0.057387,-0.003024,0,77.59,39.46
75.6880,-0.054945,-0.002688,0,77.59,39.46
75.6960,-0.051038,-0.001617,0,77.59,39.46
75.7040,-0.049084,-0.000181,0,77.59,39.46
75.7120,-0.046154,0.006720,0,77.59,39.46
75.7200,-0.041758,0.008415,0,77.59,39.46
75.7280,-0.040293,0.009307,0,77.59,39.46
75.7360,-0.038828,0.009248,0,77.59,39.46
75.7440,-0.039316,0.008425,0,77.59,39.46
75.7520,-0.039805,0.007284,0,77.59,39.46
75.7600,-0.040293,0.006294,0,77.59,39.46
75.7680,-0.038339,0.005701,0,77.59,39.46
75.7760,-0.035897,0.005430,0,77.59,39.46
75.7840,-0.033944,0.005283,0,77.59,39.46
75.7920,-0.035409,0.005201,0,77.59,39.46
75.8000,-0.033455,0.005269,0,77.59,39.46
75.8080,-0.031013,0.005489,0,77.59,39.46
75.8160,-0.028571,0.008823,0,77.59,39.46
75.8240,-0.030037,0.008213,0,77.59,39.46
75.8320,-0.030037,0.007475,0,77.59,39.46
75.8400,-0.028571,0.006979,0,77.59,39.46
75.8480,-0.028083,0.007005,0,77.59,39.46
75.8560,-0.026129,0.007661,0,77.59,39.46
75.8640,-0.023687,0.008855,0,77.59,39.46
75.8720,-0.022222,0.010268,0,77.59,39.46
75.8800,-0.018315,0.011362,0,77.59,39.46
75.8880,-0.015873,0.011488,0,77.59,39.46
75.8960,-0.015873,0.010191,0,77.59,39.46
75.9040,-0.018315,0.007509,0,77.59,39.46
75.9120,-0.020757,0.003987,0,77.59,39.46
75.9200,-0.020269,0.022880,0,77.59,39.46
75.9280,-0.020757,0.023439,0,77.59,39.46
75.9360,-0.017338,0.025310,0,77.59,39.46
75.9440,-0.014896,0.028071,0,77.59,39.46
75.9520,-0.010989,0.030908,0,77.59,39.46
75.9600,-0.007570,0.032854,0,77.59,39.46
75.9680,-0.007570,0.033131,0,77.59,39.46
75.9760,-0.008547,0.031454,0,77.59,39.46
75.9840,-0.013431,0.028135,0,77.59,39.46
75.9920,-0.017827,0.023913,0,77.59,39.46
76.0000,-0.023199,0.019564,0,77.59,39.46
76.0080,-0.024664,0.015524,0,77.59,39.46
76.0160,-0.028083,0.011781,0,77.59,39.46
76.0240,-0.030037,0.048497,0,77.59,39.46
76.0320,-0.031502,0.048071,0,77.59,39.46
76.0400,-0.032967,0.047099,0,77.59,39.46
76.0480,-0.037363,0.045075,0,77.59,39.46
76.0560,-0.041270,0.041899,0,77.59,39.46
76.0640,-0.050061,0.037965,0,77.59,39.46
76.0720,-0.055433,0.033978,0,77.59,39.46
76.0800,-0.061783,0.030566,0,77.59,39.46
76.0880,-0.064713,0.027982,0,77.59,39.46
76.0960,-0.068620,0.026075,0,77.59,39.46
76.1040,-0.071062,0.024502,0,77.59,39.46
76.1120,-0.076435,0.022994,0,77.59,39.46
76.1200,-0.080342,0.021476,0,77.59,39.46
76.1280,-0.084737,-0.000179,0,77.59,39.46
76.1360,-0.089133,-0.003959,0,77.59,39.46
76.1440,-0.096459,-0.007961,0,77.59,39.46
76.1520,-0.101832,-0.011625,0,77.59,39.46
76.1600,-0.107204,-0.014306,0,77.59,39.46
76.1680,-0.110623,-0.015522,0,77.59,39.46
76.1760,-0.111600,-0.015136,0,77.59,39.46
76.1840,-0.112576,-0.013384,0,77.59,39.46
76.1920,-0.113553,-0.010810,0,77.59,39.46
76.2000,-0.110134,-0.008191,0,77.59,39.46
76.2080,-0.111111,-0.006286,0,77.59,39.46
76.2160,-0.113553,-0.005418,0,77.59,39.46
76.2240,-0.117460,-0.005271,0,77.59,39.46
76.2320,-0.119902,-0.032742,0,77.59,39.46
76.2400,-0.121856,-0.033291,0,77.59,39.46
76.2480,-0.122344,-0.033039,0,77.59,39.46
76.2560,-0.122344,-0.031965,0,77.59,39.46
76.2640,-0.123810,-0.030193,0,77.59,39.46
76.2720,-0.123321,-0.027949,0,77.59,39.46
76.2800,-0.121368,-0.025593,0,77.59,39.46
76.2880,-0.121368,-0.023533,0,77.59,39.46
76.2960,-0.121368,-0.021985,0,77.59,39.46
76.3040,-0.123810,-0.020821,0,77.59,39.46
76.3120,-0.125275,-0.019675,0,77.59,39.46
76.3200,-0.125763,-0.018246,0,77.59,39.46
76.3280,-0.124786,-0.016536,0,77.59,39.46
76.3360,-0.124298,-0.025281,0,77.59,39.46
76.3440,-0.122833,-0.022828,0,77.59,39.46
76.3520,-0.121856,-0.020138,0,77.59,39.46
76.3600,-0.119902,-0.017624,0,77.59,39.46
76.3680,-0.116972,-0.015765,0,77.59,39.46
76.3760,-0.116972,-0.014868,0,77.59,39.46
76.3840,-0.119414,-0.014792,0,77.59,39.46
76.3920,-0.121856,-0.014986,0,77.59,39.46
76.4000,-0.120879,-0.014865,0,77.59,39.46
76.4080,-0.121368,-0.014134,0,77.59,39.46
76.4160,-0.118926,-0.012831,0,77.59,39.46
76.4240,-0.117949,-0.011178,0,77.59,39.46
76.4320,-0.116972,-0.009396,0,77.59,39.46
76.4400,-0.112576,-0.000657,0,77.59,39.46
76.4480,-0.109158,0.001397,0,77.59,39.46
76.4560,-0.108669,0.002382,0,77.59,39.46
76.4640,-0.110623,0.002383,0,77.59,39.46
76.4720,-0.111600,0.001925,0,77.59,39.46
76.4800,-0.112088,0.001586,0,77.59,39.46
76.4880,-0.110623,0.001658,0,77.59,39.46
76.4960,-0.109646,0.002083,0,77.59,39.46
76.5040,-0.108669,0.002611,0,77.59,39.46
76.5120,-0.108669,0.002981,0,77.59,39.46
76.5200,-0.108181,0.002999,0,77.59,39.46
76.5280,-0.106716,0.002571,0,77.59,39.46
76.5360,-0.108669,0.001803,0,77.59,39.46
76.5440,-0.110623,0.005296,0,77.59,39.46
76.5520,-0.112576,0.005077,0,77.59,39.46
76.5600,-0.110134,0.006046,0,77.59,39.46
76.5680,-0.106227,0.008129,0,77.59,39.46
76.5760,-0.103297,0.010841,0,77.59,39.46
76.5840,-0.101343,0.013603,0,77.59,39.46
76.5920,-0.100366,0.015861,0,77.59,39.46
76.6000,-0.094994,0.017008,0,77.59,39.46
76.6080,-0.095482,0.016513,0,77.59,39.46
76.6160,-0.098413,0.014289,0,77.59,39.46
76.6240,-0.103297,0.010829,0,77.59,39.46
76.6320,-0.107692,0.006846,0,77.59,39.46
76.6400,-0.108669,0.002790,0,77.59,39.46
76.6480,-0.107204,-0.001767,0,77.59,39.46
76.6560,-0.103785,-0.000242,0,77.59,39.46
76.6640,-0.101343,0.002272,0,77.59,39.46
76.6720,-0.100366,0.005007,0,77.59,39.46
76.6800,-0.094017,0.007120,0,77.59,39.46
76.6880,-0.092063,0.007849,0,77.59,39.46
76.6960,-0.093529,0.006948,0,77.59,39.46
76.7040,-0.097924,0.004942,0,77.59,39.46
76.7120,-0.099878,0.002790,0,77.59,39.46
76.7200,-0.099878,0.001284,0,77.59,39.46
76.7280,-0.098901,0.000708,0,77.59,39.46
76.7360,-0.097924,0.000912,0,77.59,39.46
76.7440,-0.096947,0.001532,0,77.59,39.46
76.7520,-0.096459,0.002027,0,77.59,39.46
76.7600,-0.094017,0.002699,0,77.59,39.46
76.7680,-0.093529,0.002850,0,77.59,39.46
76.7760,-0.093529,0.002374,0,77.59,39.46
76.7840,-0.095971,0.001443,0,77.59,39.46
76.7920,-0.094994,0.000382,0,77.59,39.46
76.8000,-0.096459,-0.000509,0,77.59,39.46
76.8080,-0.096459,-0.001038,0,77.59,39.46
76.8160,-0.094994,-0.001143,0,77.59,39.46
76.8240,-0.094994,-0.000861,0,77.59,39.46
76.8320,-0.094017,-0.000239,0,77.59,39.46
76.8400,-0.093040,0.000669,0,77.59,39.46
76.8480,-0.091087,0.001751,0,77.59,39.46
76.8560,-0.091087,0.009881,0,77.59,39.46
76.8640,-0.095482,0.007933,0,77.59,39.46
76.8720,-0.097924,0.005599,0,77.59,39.46
76.8800,-0.100366,0.003604,0,77.59,39.46
76.8880,-0.101343,0.002482,0,77.59,39.46
76.8960,-0.100855,0.002424,0,77.59,39.46
76.9040,-0.100366,0.003296,0,77.59,39.46
76.9120,-0.100855,0.004702,0,77.59,39.46
76.9200,-0.096459,0.006001,0,77.59,39.46
76.9280,-0.094505,0.006489,0,77.59,39.46
76.9360,-0.097924,0.005838,0,77.59,39.46
76.9440,-0.101343,0.004293,0,77.59,39.46
76.9520,-0.101343,0.002347,0,77.59,39.46
76.9600,-0.101343,-0.007792,0,77.59,39.46
76.9680,-0.099878,-0.007273,0,77.59,39.46
76.9760,-0.098901,-0.005840,0,77.59,39.46
76.9840,-0.096947,-0.003831,0,77.59,39.46
76.9920,-0.094017,-0.001804,0,77.59,39.46
77.0000,-0.091087,-0.000435,0,77.59,39.46
77.0080,-0.089621,-0.000214,0,77.59,39.46
77.0160,-0.093040,-0.001101,0,77.59,39.46
77.0240,-0.094505,-0.002500,0,77.59,39.46
77.0320,-0.096459,-0.003644,0,77.59,39.46
77.0400,-0.095971,-0.004029,0,77.59,39.46
77.0480,-0.093529,-0.003630,0,77.59,39.46
77.0560,-0.093040,-0.002776,0,77.59,39.46
77.0640,-0.093529,0.001476,0,77.59,39.46
77.0720,-0.092063,0.002253,0,77.59,39.46
77.0800,-0.091087,0.002566,0,77.59,39.46
77.0880,-0.090110,0.002145,0,77.59,39.46
77.0960,-0.093040,0.000981,0,77.59,39.46
77.1040,-0.094994,-0.000596,0,77.59,39.46
77.1120,-0.096459,-0.002110,0,77.59,39.46
77.1200,-0.096947,-0.003184,0,77.59,39.46
77.1280,-0.096947,-0.003619,0,77.59,39.46
77.1360,-0.096947,-0.003331,0,77.59,39.46
77.1440,-0.096459,-0.002306,0,77.59,39.46
77.1520,-0.094994,-0.000631,0,77.59,39.46
77.1600,-0.092552,0.001438,0,77.59,39.46
77.1680,-0.090110,-0.000658,0,77.59,39.46
77.1760,-0.090598,-0.000634,0,77.59,39.46
77.1840,-0.093040,-0.001308,0,77.59,39.46
77.1920,-0.093040,-0.002248,0,77.59,39.46
77.2000,-0.093529,-0.002999,0,77.59,39.46
77.2080,-0.093529,-0.003254,0,77.59,39.46
77.2160,-0.092552,-0.002866,0,77.59,39.46
77.2240,-0.092552,-0.001865,0,77.59,39.46
77.2320,-0.091087,-0.000516,0,77.59,39.46
77.2400,-0.086203,0.000651,0,77.59,39.46
77.2480,-0.086691,0.001075,0,77.59,39.46
77.2560,-0.086691,0.000551,0,77.59,39.46
77.2640,-0.088645,-0.000615,0,77.59,39.46
77.2720,-0.090110,0.002971,0,77.59,39.46
77.2800,-0.090110,0.002488,0,77.59,39.46
77.2880,-0.088156,0.002550,0,77.59,39.46
77.2960,-0.088645,0.003133,0,77.59,39.46
77.3040,-0.089133,0.004137,0,77.59,39.46
77.3120,-0.086691,0.005318,0,77.59,39.46
77.3200,-0.084737,0.006216,0,77.59,39.46
77.3280,-0.083272,0.006347,0,77.59,39.46
77.3360,-0.085714,0.005562,0,77.59,39.46
77.3440,-0.087668,0.004177,0,77.59,39.46
77.3520,-0.090110,0.002763,0,77.59,39.46
77.3600,-0.091575,0.001751,0,77.59,39.46
77.3680,-0.090110,0.001140,0,77.59,39.46
77.3760,-0.088156,-0.001583,0,77.59,39.46
77.3840,-0.087179,-0.000333,0,77.59,39.46
77.3920,-0.085714,0.000841,0,77.59,39.46
77.4000,-0.085226,0.001588,0,77.59,39.46
77.4080,-0.084249,0.001704,0,77.59,39.46
77.4160,-0.084737,0.001171,0,77.59,39.46
77.4240,-0.085714,0.000197,0,77.59,39.46
77.4320,-0.087668,-0.000830,0,77.59,39.46
77.4400,-0.087668,-0.001518,0,77.59,39.46
77.4480,-0.087179,-0.001661,0,77.59,39.46
77.4560,-0.085714,-0.001265,0,77.59,39.46
77.4640,-0.086203,-0.000452,0,77.59,39.46
77.4720,-0.084249,0.000599,0,77.59,39.46
77.4800,-0.079365,0.003477,0,77.59,39.46
77.4880,-0.076923,0.005070,0,77.59,39.46
77.4960,-0.076435,0.005417,0,77.59,39.46
77.5040,-0.078877,0.004431,0,77.59,39.46
77.5120,-0.080342,0.002510,0,77.59,39.46
77.5200,-0.082784,0.000295,0,77.59,39.46
77.5280,-0.084249,-0.001560,0,77.59,39.46
77.5360,-0.085714,-0.002549,0,77.59,39.46
77.5440,-0.085714,-0.002444,0,77.59,39.46
77.5520,-0.083272,-0.001401,0,77.59,39.46
77.5600,-0.080830,0.000118,0,77.59,39.46
77.5680,-0.078388,0.001640,0,77.59,39.46
77.5760,-0.078877,0.002996,0,77.59,39.46
77.5840,-0.080830,0.008838,0,77.59,39.46
77.5920,-0.081319,0.008574,0,77.59,39.46
77.6000,-0.082295,0.008440,0,77.59,39.46
77.6080,-0.080342,0.008527,0,77.59,39.46
77.6160,-0.080342,0.008681,0,77.59,39.46
77.6240,-0.081319,0.008712,0,77.59,39.46
77.6320,-0.082295,0.008497,0,77.59,39.46
77.6400,-0.081319,0.007938,0,77.59,39.46
77.6480,-0.082784,0.006982,0,77.59,39.46
77.6560,-0.084249,0.005764,0,77.59,39.46
77.6640,-0.087179,0.004636,0,77.59,39.46
77.6720,-0.089133,0.003939,0,77.59,39.46
77.6800,-0.087179,0.003661,0,77.59,39.46
77.6880,-0.085714,-0.001720,0,77.59,39.46
77.6960,-0.082784,0.000939,0,77.59,39.46
77.7040,-0.081319,0.004077,0,77.59,39.46
77.7120,-0.077900,0.006985,0,77.59,39.46
77.7200,-0.072527,0.008783,0,77.59,39.46
77.7280,-0.072527,0.008797,0,77.59,39.46
77.7360,-0.077411,0.007076,0,77.59,39.46
77.7440,-0.080830,0.004420,0,77.59,39.46
77.7520,-0.083272,0.001882,0,77.59,39.46
77.7600,-0.084737,0.000258,0,77.59,39.46
77.7680,-0.085226,-0.000125,0,77.59,39.46
77.7760,-0.082784,0.000575,0,77.59,39.46
77.7840,-0.082295,0.001876,0,77.59,39.46
77.7920,-0.078388,-0.011543,0,77.59,39.46
77.8000,-0.077411,-0.010775,0,77.59,39.46
77.8080,-0.075946,-0.011098,0,77.59,39.46
77.8160,-0.077411,-0.012507,0,77.59,39.46
77.8240,-0.081319,-0.014409,0,77.59,39.46
77.8320,-0.083272,-0.015891,0,77.59,39.46
77.8400,-0.082295,-0.016230,0,77.59,39.46
77.8480,-0.078877,-0.015244,0,77.59,39.46
77.8560,-0.076923,-0.013232,0,77.59,39.46
77.8640,-0.072527,-0.010732,0,77.59,39.46
77.8720,-0.070085,-0.008292,0,77.59,39.46
77.8800,-0.065201,-0.006280,0,77.59,39.46
77.8880,-0.065690,-0.004675,0,77.59,39.46
77.8960,-0.070085,-0.030862,0,77.59,39.46
77.9040,-0.071062,-0.034393,0,77.59,39.46
77.9120,-0.074481,-0.037235,0,77.59,39.46
77.9200,-0.072527,-0.038433,0,77.59,39.46
77.9280,-0.070574,-0.037513,0,77.59,39.46
77.9360,-0.064713,-0.034582,0,77.59,39.46
77.9440,-0.058852,-0.030270,0,77.59,39.46
77.9520,-0.050061,-0.025564,0,77.59,39.46
77.9600,-0.043223,-0.021498,0,77.59,39.46
77.9680,-0.038828,-0.018756,0,77.59,39.46
77.9760,-0.036874,-0.017420,0,77.59,39.46
77.9840,-0.035409,-0.017092,0,77.59,39.46
77.9920,-0.031990,-0.017244,0,77.59,39.46
78.0000,-0.025641,0.005059,0,77.59,39.46
78.0080,-0.022711,0.007556,0,77.59,39.46
78.0160,-0.016361,0.010596,0,77.59,39.46
78.0240,-0.013431,0.014179,0,77.59,39.46
78.0320,-0.007570,0.018154,0,77.59,39.46
78.0400,-0.000244,0.022001,0,77.59,39.46
78.0480,0.008059,0.024798,0,77.59,39.46
78.0560,0.012454,0.025593,0,77.59,39.46
78.0640,0.009524,0.023957,0,77.59,39.46
78.0720,0.006105,0.020261,0,77.59,39.46
78.0800,-0.002686,0.015436,0,77.59,39.46
78.0880,-0.006593,0.010398,0,77.59,39.46
78.0960,-0.007570,0.005521,0,77.59,39.46
78.1040,-0.007570,0.070231,0,77.59,39.46
78.1120,-0.007082,0.070819,0,77.59,39.46
78.1200,-0.006105,0.070601,0,77.59,39.46
78.1280,-0.007570,0.068468,0,77.59,39.46
78.1360,-0.016361,0.064107,0,77.59,39.46
78.1440,-0.023687,0.058113,0,77.59,39.46
78.1520,-0.031990,0.051574,0,77.59,39.46
78.1600,-0.038828,0.045511,0,77.59,39.46
78.1680,-0.043223,0.040561,0,77.59,39.46
78.1760,-0.047619,0.036979,0,77.59,39.46
78.1840,-0.052991,0.034788,0,77.59,39.46
78.1920,-0.054457,0.033807,0,77.59,39.46
78.2000,-0.055433,0.033572,0,77.59,39.46
78.2080,-0.059829,0.004027,0,77.59,39.46
78.2160,-0.066667,-0.000276,0,77.59,39.46
78.2240,-0.071551,-0.004765,0,77.59,39.46
78.2320,-0.075458,-0.008743,0,77.59,39.46
78.2400,-0.080342,-0.011615,0,77.59,39.46
78.2480,-0.080830,-0.013041,0,77.59,39.46
78.2560,-0.082295,-0.012987,0,77.59,39.46
78.2640,-0.082295,-0.011683,0,77.59,39.46
78.2720,-0.082295,-0.009569,0,77.59,39.46
78.2800,-0.078388,-0.007279,0,77.59,39.46
78.2880,-0.078877,-0.005436,0,77.59,39.46
78.2960,-0.079365,-0.004321,0,77.59,39.46
78.3040,-0.081807,-0.003723,0,77.59,39.46
78.3120,-0.082784,-0.026239,0,77.59,39.46
78.3200,-0.081807,-0.025574,0,77.59,39.46
78.3280,-0.081319,-0.024266,0,77.59,39.46
78.3360,-0.082295,-0.022384,0,77.59,39.46
78.3440,-0.080830,-0.020179,0,77.59,39.46
78.3520,-0.078388,-0.018132,0,77.59,39.46
78.3600,-0.078388,-0.016772,0,77.59,39.46
78.3680,-0.080342,-0.016308,0,77.59,39.46
78.3760,-0.083272,-0.016439,0,77.59,39.46
78.3840,-0.086203,-0.016509,0,77.59,39.46
78.3920,-0.088156,-0.015898,0,77.59,39.46
78.4000,-0.086203,-0.014396,0,77.59,39.46
78.4080,-0.085714,-0.012299,0,77.59,39.46
78.4160,-0.082295,-0.016729,0,77.59,39.46
78.4240,-0.081319,-0.013118,0,77.59,39.46
78.4320,-0.077900,-0.009927,0,77.59,39.46
78.4400,-0.076435,-0.007862,0,77.59,39.46
78.4480,-0.075458,-0.007376,0,77.59,39.46
78.4560,-0.079365,-0.008388,0,77.59,39.46
78.4640,-0.082784,-0.010240,0,77.59,39.46
78.4720,-0.085714,-0.012023,0,77.59,39.46
78.4800,-0.085714,-0.012988,0,77.59,39.46
78.4880,-0.085714,-0.012712,0,77.59,39.46
78.4960,-0.085714,-0.011051,0,77.59,39.46
78.5040,-0.083272,-0.008133,0,77.59,39.46
78.5120,-0.078877,-0.004446,0,77.59,39.46
78.5200,-0.075458,-0.075845,0,77.59,39.46
78.5280,-0.077411,-0.083573,0,77.59,39.46
78.5360,-0.087179,-0.097702,0,77.59,39.46
78.5440,-0.102808,-0.118182,0,77.59,39.46
78.5520,-0.124298,-0.143119,0,77.59,39.46
78.5600,-0.145299,-0.168947,0,77.59,39.46
78.5680,-0.163370,-0.190909,0,77.59,39.46
78.5760,-0.175092,-0.203734,0,77.59,39.46
78.5840,-0.173626,-0.202609,0,77.59,39.46
78.5920,-0.154579,-0.184445,0,77.59,39.46
78.6000,-0.115507,-0.149039,0,77.59,39.46
78.6080,-0.063736,-0.099569,0,77.59,39.46
78.6160,-0.000733,-0.042210,0,77.59,39.46
78.6240,0.085226,-0.113226,0,77.59,39.46
78.6320,0.190720,-0.005895,0,77.59,39.46
78.6400,0.321612,0.123457,0,77.59,39.46
78.6480,0.461294,0.270704,0,77.59,39.46
78.6560,0.604884,0.426678,0,77.59,39.46
78.6640,0.765568,0.575290,0,77.59,39.46
78.6720,0.929182,0.693737,1,77.59,39.46
78.6800,1.000000,0.757697,1,77.59,39.46
78.6880,1.000000,0.749070,0,77.59,39.46
78.6960,0.957021,0.661458,0,77.59,39.46
78.7040,0.770940,0.502479,0,77.59,39.46
78.7120,0.567766,0.291965,0,77.59,39.46
78.7200,0.378266,0.055433,0,77.59,39.46
78.7280,0.196581,0.194044,0,77.59,39.46
78.7360,0.032967,0.021577,0,77.59,39.46
78.7440,-0.101343,-0.112166,0,77.59,39.46
78.7520,-0.186813,-0.200022,0,77.59,39.46
78.7600,-0.221490,-0.241436,0,77.59,39.46
78.7680,-0.220024,-0.242397,0,77.59,39.46
78.7760,-0.186813,-0.213973,0,77.59,39.46
78.7840,-0.139927,-0.169919,0,77.59,39.46
78.7920,-0.091087,-0.123863,0,77.59,39.46
78.8000,-0.054457,-0.086536,0,77.59,39.46
78.8080,-0.032479,-0.063662,0,77.59,39.46
78.8160,-0.029548,-0.054987,0,77.59,39.46
78.8240,-0.038828,-0.054812,0,77.59,39.46
78.8320,-0.053480,0.013831,0,77.59,39.46
78.8400,-0.070085,-0.000354,0,77.59,39.46
78.8480,-0.086203,-0.014972,0,77.59,39.46
78.8560,-0.101343,-0.027226,0,77.59,39.46
78.8640,-0.109646,-0.035520,0,77.59,39.46
78.8720,-0.114042,-0.039431,0,77.59,39.46
78.8800,-0.113553,-0.039496,0,77.59,39.46
78.8880,-0.110623,-0.036842,0,77.59,39.46
78.8960,-0.106716,-0.032740,0,77.59,39.46
78.9040,-0.103785,-0.028211,0,77.59,39.46
78.9120,-0.104762,-0.023790,0,77.59,39.46
78.9200,-0.103297,-0.019586,0,77.59,39.46
78.9280,-0.106716,-0.015466,0,77.59,39.46
78.9360,-0.111600,-0.257207,0,77.59,39.46
78.9440,-0.115507,-0.258525,0,77.59,39.46
78.9520,-0.116972,-0.255026,0,77.59,39.46
78.9600,-0.113553,-0.245963,0,77.59,39.46
78.9680,-0.111600,-0.231556,0,77.59,39.46
78.9760,-0.108669,-0.212893,0,77.59,39.46
78.9840,-0.106227,-0.191762,0,77.59,39.46
78.9920,-0.102320,-0.170489,0,77.59,39.46
79.0000,-0.101343,-0.151568,0,77.59,39.46
79.0080,-0.101343,-0.137067,0,77.59,39.46
79.0160,-0.102808,-0.127997,0,77.59,39.46
79.0240,-0.107692,-0.123874,0,77.59,39.46
79.0320,-0.111600,-0.122737,0,77.59,39.46
79.0400,-0.112088,-0.009733,0,77.59,39.46
79.0480,-0.108669,-0.008084,0,77.59,39.46
79.0560,-0.104274,-0.006468,0,77.59,39.46
79.0640,-0.101343,-0.004867,0,77.59,39.46
79.0720,-0.095971,-0.003603,0,77.59,39.46
79.0800,-0.088156,-0.003220,0,77.59,39.46
79.0880,-0.090110,-0.004040,0,77.59,39.46
79.0960,-0.094017,-0.005711,0,77.59,39.46
79.1040,-0.094994,-0.007351,0,77.59,39.46
79.1120,-0.098413,-0.008068,0,77.59,39.46
79.1200,-0.098413,-0.007348,0,77.59,39.46
79.1280,-0.095971,-0.005241,0,77.59,39.46
79.1360,-0.093529,-0.002318,0,77.59,39.46
79.1440,-0.091575,-0.008135,0,77.59,39.46
79.1520,-0.086691,-0.005724,0,77.59,39.46
79.1600,-0.085226,-0.004330,0,77.59,39.46
79.1680,-0.083272,-0.004284,0,77.59,39.46
79.1760,-0.084737,-0.005481,0,77.59,39.46
79.1840,-0.085714,-0.007428,0,77.59,39.46
79.1920,-0.086691,-0.009452,0,77.59,39.46
79.2000,-0.086691,-0.010926,0,77.59,39.46
79.2080,-0.085714,-0.011367,0,77.59,39.46
79.2160,-0.085226,-0.010472,0,77.59,39.46
79.2240,-0.080342,-0.008176,0,77.59,39.46
79.2320,-0.076923,-0.004712,0,77.59,39.46
79.2400,-0.070574,-0.000588,0,77.59,39.46
79.2480,-0.071551,0.006786,0,77.59,39.46
79.2560,-0.073016,0.005039,0,77.59,39.46
79.2640,-0.076923,0.002403,0,77.59,39.46
79.2720,-0.077411,-0.000108,0,77.59,39.46
79.2800,-0.078388,-0.001689,0,77.59,39.46
79.2880,-0.076923,-0.001966,0,77.59,39.46
79.2960,-0.074481,-0.000994,0,77.59,39.46
79.3040,-0.073016,0.000834,0,77.59,39.46
79.3120,-0.068620,0.002865,0,77.59,39.46
79.3200,-0.064225,0.004307,0,77.59,39.46
79.3280,-0.062759,0.004554,0,77.59,39.46
79.3360,-0.064713,0.003547,0,77.59,39.46
79.3440,-0.064713,0.001773,0,77.59,39.46
79.3520,-0.064713,0.002730,0,77.59,39.46
79.3600,-0.064713,0.001794,0,77.59,39.46
79.3680,-0.063248,0.001537,0,77.59,39.46
79.3760,-0.062271,0.002031,0,77.59,39.46
79.3840,-0.060806,0.003142,0,77.59,39.46
79.3920,-0.057387,0.004511,0,77.59,39.46
79.4000,-0.054457,0.005606,0,77.59,39.46
79.4080,-0.052015,0.005957,0,77.59,39.46
79.4160,-0.052991,0.005451,0,77.59,39.46
79.4240,-0.053968,0.004382,0,77.59,39.46
79.4320,-0.053480,0.003199,0,77.59,39.46
79.4400,-0.053480,0.002199,0,77.59,39.46
79.4480,-0.052015,0.001391,0,77.59,39.46
79.4560,-0.047131,-0.002939,0,77.59,39.46
79.4640,-0.044200,-0.000431,0,77.59,39.46
79.4720,-0.040293,0.002306,0,77.59,39.46
79.4800,-0.036386,0.004650,0,77.59,39.46
79.4880,-0.031990,0.005992,0,77.59,39.46
79.4960,-0.030525,0.005962,0,77.59,39.46
79.5040,-0.031502,0.004693,0,77.59,39.46
79.5120,-0.033455,0.002814,0,77.59,39.46
79.5200,-0.033944,0.001114,0,77.59,39.46
79.5280,-0.031502,0.000139,0,77.59,39.46
79.5360,-0.030525,0.000069,0,77.59,39.46
79.5440,-0.029548,0.000815,0,77.59,39.46
79.5520,-0.025641,0.002059,0,77.59,39.46
79.5600,-0.023199,0.008254,0,77.59,39.46
79.5680,-0.023199,0.007295,0,77.59,39.46
79.5760,-0.024176,0.005393,0,77.59,39.46
79.5840,-0.028571,0.003263,0,77.59,39.46
79.5920,-0.027595,0.001774,0,77.59,39.46
79.6000,-0.026618,0.001438,0,77.59,39.46
79.6080,-0.023199,0.002216,0,77.59,39.46
79.6160,-0.020269,0.003667,0,77.59,39.46
79.6240,-0.018315,0.005201,0,77.59,39.46
79.6320,-0.015873,0.006235,0,77.59,39.46
79.6400,-0.012454,0.006281,0,77.59,39.46
79.6480,-0.012454,0.005147,0,77.59,39.46
79.6560,-0.014896,0.003186,0,77.59,39.46
79.6640,-0.019780,0.046620,0,77.59,39.46
79.6720,-0.021734,0.044841,0,77.59,39.46
79.6800,-0.023687,0.043612,0,77.59,39.46
79.6880,-0.023199,0.043077,0,77.59,39.46
79.6960,-0.024176,0.043056,0,77.59,39.46
79.7040,-0.026618,0.043257,0,77.59,39.46
79.7120,-0.027595,0.043283,0,77.59,39.46
79.7200,-0.026129,0.042530,0,77.59,39.46
79.7280,-0.028571,0.040372,0,77.59,39.46
79.7360,-0.035409,0.036587,0,77.59,39.46
79.7440,-0.041758,0.031517,0,77.59,39.46
79.7520,-0.049573,0.025772,0,77.59,39.46
79.7600,-0.054457,0.019827,0,77.59,39.46
79.7680,-0.060317,0.028157,0,77.59,39.46
79.7760,-0.062271,0.026055,0,77.59,39.46
79.7840,-0.066667,0.024604,0,77.59,39.46
79.7920,-0.068620,0.023133,0,77.59,39.46
79.8000,-0.071551,0.020976,0,77.59,39.46
79.8080,-0.077411,0.017822,0,77.59,39.46
79.8160,-0.085226,0.013962,0,77.59,39.46
79.8240,-0.091575,0.010181,0,77.59,39.46
79.8320,-0.097924,0.007367,0,77.59,39.46
79.8400,-0.101343,0.006117,0,77.59,39.46
79.8480,-0.102320,0.006504,0,77.59,39.46
79.8560,-0.102808,0.008138,0,77.59,39.46
79.8640,-0.104274,0.010422,0,77.59,39.46
79.8720,-0.105739,-0.014706,0,77.59,39.46
79.8800,-0.107692,-0.015502,0,77.59,39.46
79.8880,-0.110134,-0.017424,0,77.59,39.46
79.8960,-0.116484,-0.020156,0,77.59,39.46
79.9040,-0.121856,-0.022884,0,77.59,39.46
79.9120,-0.126740,-0.024602,0,77.59,39.46
79.9200,-0.129182,-0.024572,0,77.59,39.46
79.9280,-0.129182,-0.022677,0,77.59,39.46
79.9360,-0.125763,-0.019487,0,77.59,39.46
79.9440,-0.125275,-0.015950,0,77.59,39.46
79.9520,-0.124786,-0.012916,0,77.59,39.46
79.9600,-0.124298,-0.010783,0,77.59,39.46
79.9680,-0.128205,-0.009338,0,77.59,39.46
79.9760,-0.132601,-0.036877,0,77.59,39.46
79.9840,-0.136020,-0.037942,0,77.59,39.46
79.9920,-0.136996,-0.037721,0,77.59,39.46
80.0000,-0.134066,-0.035984,0,77.59,39.46
80.0080,-0.132601,-0.032990,0,77.59,39.46
80.0160,-0.131624,-0.029179,0,77.59,39.46
80.0240,-0.129182,-0.025032,0,77.59,39.46
80.0320,-0.125763,-0.021138,0,77.59,39.46
80.0400,-0.123321,-0.018148,0,77.59,39.46
80.0480,-0.123321,-0.016527,0,77.59,39.46
80.0560,-0.125275,-0.016328,0,77.59,39.46
80.0640,-0.127717,-0.017216,0,77.59,39.46
80.0720,-0.129670,-0.018667,0,77.59,39.46
80.0800,-0.129182,-0.018795,0,77.59,39.46
80.0880,-0.127717,-0.017292,0,77.59,39.46
80.0960,-0.125763,-0.014964,0,77.59,39.46
80.1040,-0.124298,-0.012301,0,77.59,39.46
80.1120,-0.121368,-0.009950,0,77.59,39.46
80.1200,-0.118437,-0.008562,0,77.59,39.46
80.1280,-0.118437,-0.008478,0,77.59,39.46
80.1360,-0.121368,-0.009410,0,77.59,39.46
80.1440,-0.125275,-0.010516,0,77.59,39.46
80.1520,-0.124298,-0.010935,0,77.59,39.46
80.1600,-0.122344,-0.010289,0,77.59,39.46
80.1680,-0.120391,-0.008731,0,77.59,39.46
80.1760,-0.118437,-0.006689,0,77.59,39.46
80.1840,-0.116972,0.000193,0,77.59,39.46
80.1920,-0.115507,0.001770,0,77.59,39.46
80.2000,-0.112088,0.002451,0,77.59,39.46
80.2080,-0.112088,0.002037,0,77.59,39.46
80.2160,-0.116484,0.000813,0,77.59,39.46
80.2240,-0.116972,-0.000566,0,77.59,39.46
80.2320,-0.116972,-0.001524,0,77.59,39.46
80.2400,-0.116484,-0.001861,0,77.59,39.46
80.2480,-0.113553,-0.001686,0,77.59,39.46
80.2560,-0.114530,-0.001167,0,77.59,39.46
80.2640,-0.114042,-0.000360,0,77.59,39.46
80.2720,-0.111111,0.000706,0,77.59,39.46
80.2800,-0.109646,0.001922,0,77.59,39.46
80.2880,-0.110134,0.001384,0,77.59,39.46
80.2960,-0.113553,-0.000013,0,77.59,39.46
80.3040,-0.114530,-0.001136,0,77.59,39.46
80.3120,-0.113553,-0.001460,0,77.59,39.46
80.3200,-0.110623,-0.000899,0,77.59,39.46
80.3280,-0.108669,0.000320,0,77.59,39.46
80.3360,-0.108181,0.001922,0,77.59,39.46
80.3440,-0.106716,0.003638,0,77.59,39.46
80.3520,-0.102808,0.005046,0,77.59,39.46
80.3600,-0.100855,0.005567,0,77.59,39.46
80.3680,-0.101343,0.004747,0,77.59,39.46
80.3760,-0.101832,0.002556,0,77.59,39.46
80.3840,-0.105739,-0.000515,0,77.59,39.46
80.3920,-0.108181,-0.000241,0,77.59,39.46
80.4000,-0.108181,-0.001902,0,77.59,39.46
80.4080,-0.109158,-0.002428,0,77.59,39.46
80.4160,-0.106227,-0.001864,0,77.59,39.46
80.4240,-0.105739,-0.000586,0,77.59,39.46
80.4320,-0.101832,0.000839,0,77.59,39.46
80.4400,-0.100855,0.001852,0,77.59,39.46
80.4480,-0.098901,0.002123,0,77.59,39.46
80.4560,-0.100855,0.001703,0,77.59,39.46
80.4640,-0.101343,0.000934,0,77.59,39.46
80.4720,-0.101343,0.000166,0,77.59,39.46
80.4800,-0.099878,-0.000463,0,77.59,39.46
80.4880,-0.100366,-0.001002,0,77.59,39.46
80.4960,-0.099878,0.008897,0,77.59,39.46
80.5040,-0.099878,0.009777,0,77.59,39.46
80.5120,-0.096459,0.010508,0,77.59,39.46
80.5200,-0.096459,0.010603,0,77.59,39.46
80.5280,-0.095971,0.009760,0,77.59,39.46
80.5360,-0.100366,0.008102,0,77.59,39.46
80.5440,-0.101343,0.006109,0,77.59,39.46
80.5520,-0.103297,0.004326,0,77.59,39.46
80.5600,-0.104274,0.003144,0,77.59,39.46
80.5680,-0.103785,0.002731,0,77.59,39.46
80.5760,-0.103785,0.003065,0,77.59,39.46
80.5840,-0.102808,0.003987,0,77.59,39.46
80.5920,-0.101343,0.005239,0,77.59,39.46
80.6000,-0.101343,0.001844,0,77.59,39.46
80.6080,-0.100366,0.001793,0,77.59,39.46
80.6160,-0.101343,0.001393,0,77.59,39.46
80.6240,-0.102320,0.000882,0,77.59,39.46
80.6320,-0.102808,0.000543,0,77.59,39.46
80.6400,-0.101343,0.000533,0,77.59,39.46
80.6480,-0.101343,0.000860,0,77.59,39.46
80.6560,-0.101343,0.001468,0,77.59,39.46
80.6640,-0.101343,0.002225,0,77.59,39.46
80.6720,-0.098901,0.002826,0,77.59,39.46
80.6800,-0.097924,0.002844,0,77.59,39.46
80.6880,-0.098413,0.002037,0,77.59,39.46
80.6960,-0.101343,0.000617,0,77.59,39.46
80.7040,-0.104762,-0.000220,0,77.59,39.46
80.7120,-0.106227,-0.001581,0,77.59,39.46
80.7200,-0.105739,-0.001927,0,77.59,39.46
80.7280,-0.104762,-0.001272,0,77.59,39.46
80.7360,-0.102320,-0.000008,0,77.59,39.46
80.7440,-0.101832,0.001323,0,77.59,39.46
80.7520,-0.100855,0.002223,0,77.59,39.46
80.7600,-0.099389,0.002348,0,77.59,39.46
80.7680,-0.100855,0.001634,0,77.59,39.46
80.7760,-0.102808,0.000411,0,77.59,39.46
80.7840,-0.106227,-0.000715,0,77.59,39.46
80.7920,-0.107204,-0.001253,0,77.59,39.46
80.8000,-0.104762,-0.001239,0,77.59,39.46
80.8080,-0.101343,0.004916,0,77.59,39.46
80.8160,-0.098901,0.008434,0,77.59,39.46
80.8240,-0.096459,0.011914,0,77.59,39.46
80.8320,-0.092552,0.014483,0,77.59,39.46
80.8400,-0.091087,0.015331,0,77.59,39.46
80.8480,-0.091575,0.014077,0,77.59,39.46
80.8560,-0.097924,0.011087,0,77.59,39.46
80.8640,-0.102808,0.007391,0,77.59,39.46
80.8720,-0.105739,0.004173,0,77.59,39.46
80.8800,-0.107692,0.002290,0,77.59,39.46
80.8880,-0.107692,0.002091,0,77.59,39.46
80.8960,-0.107692,0.003429,0,77.59,39.46
80.9040,-0.104274,0.005699,0,77.59,39.46
80.9120,-0.101343,-0.008485,0,77.59,39.46
80.9200,-0.099389,-0.007739,0,77.59,39.46
80.9280,-0.100366,-0.008318,0,77.59,39.46
80.9360,-0.101832,-0.010018,0,77.59,39.46
80.9440,-0.107204,-0.012083,0,77.59,39.46
80.9520,-0.106716,-0.013634,0,77.59,39.46
80.9600,-0.106227,-0.014115,0,77.59,39.46
80.9680,-0.105739,-0.013405,0,77.59,39.46
80.9760,-0.102808,-0.011708,0,77.59,39.46
80.9840,-0.101343,-0.009439,0,77.59,39.46
80.9920,-0.096459,-0.007115,0,77.59,39.46
81.0000,-0.094017,-0.005143,0,77.59,39.46
81.0080,-0.094017,-0.003544,0,77.59,39.46
81.0160,-0.096459,0.005720,0,77.59,39.46
81.0240,-0.098901,0.004468,0,77.59,39.46
81.0320,-0.100366,0.003608,0,77.59,39.46
81.0400,-0.098901,0.003629,0,77.59,39.46
81.0480,-0.097924,0.004536,0,77.59,39.46
81.0560,-0.096459,0.005987,0,77.59,39.46
81.0640,-0.094994,0.007465,0,77.59,39.46
81.0720,-0.093529,0.008416,0,77.59,39.46
81.0800,-0.092552,0.008414,0,77.59,39.46
81.0880,-0.094505,0.007353,0,77.59,39.46
81.0960,-0.097924,0.005527,0,77.59,39.46
81.1040,-0.100366,0.003399,0,77.59,39.46
81.1120,-0.100855,0.001256,0,77.59,39.46
81.1200,-0.100366,-0.005385,0,77.59,39.46
81.1280,-0.098413,-0.003883,0,77.59,39.46
81.1360,-0.094505,-0.001638,0,77.59,39.46
81.1440,-0.093529,0.000711,0,77.59,39.46
81.1520,-0.090598,0.002527,0,77.59,39.46
81.1600,-0.088156,0.003306,0,77.59,39.46
81.1680,-0.088645,0.002896,0,77.59,39.46
81.1760,-0.093040,0.001654,0,77.59,39.46
81.1840,-0.093040,0.000249,0,77.59,39.46
81.1920,-0.094017,-0.000758,0,77.59,39.46
81.2000,-0.093040,-0.001145,0,77.59,39.46
81.2080,-0.092063,-0.001002,0,77.59,39.46
81.2160,-0.091575,-0.000576,0,77.59,39.46
81.2240,-0.093040,-0.004206,0,77.59,39.46
81.2320,-0.094017,-0.005099,0,77.59,39.46
81.2400,-0.092552,-0.006414,0,77.59,39.46
81.2480,-0.093529,-0.008128,0,77.59,39.46
81.2560,-0.097436,-0.009935,0,77.59,39.46
81.2640,-0.099389,-0.011303,0,77.59,39.46
81.2720,-0.097924,-0.011838,0,77.59,39.46
81.2800,-0.095482,-0.011522,0,77.59,39.46
81.2880,-0.094505,-0.010559,0,77.59,39.46
81.2960,-0.093529,-0.009112,0,77.59,39.46
81.3040,-0.091087,-0.007260,0,77.59,39.46
81.3120,-0.088645,-0.005087,0,77.59,39.46
81.3200,-0.085714,-0.002734,0,77.59,39.46
81.3280,-0.085714,0.004757,0,77.59,39.46
81.3360,-0.085714,0.004235,0,77.59,39.46
81.3440,-0.088156,0.002959,0,77.59,39.46
81.3520,-0.090110,0.001395,0,77.59,39.46
81.3600,-0.091087,0.000016,0,77.59,39.46
81.3680,-0.090110,-0.000819,0,77.59,39.46
81.3760,-0.094017,-0.000856,0,77.59,39.46
81.3840,-0.092063,-0.000025,0,77.59,39.46
81.3920,-0.088645,0.001348,0,77.59,39.46
81.4000,-0.086203,0.002592,0,77.59,39.46
81.4080,-0.085226,0.003076,0,77.59,39.46
81.4160,-0.085714,0.002576,0,77.59,39.46
81.4240,-0.088156,0.001399,0,77.59,39.46
81.4320,-0.088156,-0.000282,0,77.59,39.46
81.4400,-0.088156,-0.001053,0,77.59,39.46
81.4480,-0.088645,-0.001123,0,77.59,39.46
81.4560,-0.090110,-0.000205,0,77.59,39.46
81.4640,-0.086691,0.001655,0,77.59,39.46
81.4720,-0.083272,0.003891,0,77.59,39.46
81.4800,-0.079365,0.005603,0,77.59,39.46
81.4880,-0.078388,0.006083,0,77.59,39.46
81.4960,-0.082295,0.005258,0,77.59,39.46
81.5040,-0.084249,0.003653,0,77.59,39.46
81.5120,-0.085714,0.001931,0,77.59,39.46
81.5200,-0.086691,0.000478,0,77.59,39.46
81.5280,-0.086691,-0.000710,0,77.59,39.46
81.5360,-0.085714,-0.005855,0,77.59,39.46
81.5440,-0.086203,-0.005713,0,77.59,39.46
81.5520,-0.084249,-0.005637,0,77.59,39.46
81.5600,-0.083272,-0.005967,0,77.59,39.46
81.5680,-0.084249,-0.006805,0,77.59,39.46
81.5760,-0.085714,-0.007868,0,77.59,39.46
81.5840,-0.087179,-0.008626,0,77.59,39.46
81.5920,-0.086691,-0.008633,0,77.59,39.46
81.6000,-0.084249,-0.007803,0,77.59,39.46
81.6080,-0.081319,-0.006420,0,77.59,39.46
81.6160,-0.080342,-0.004894,0,77.59,39.46
81.6240,-0.077411,-0.003512,0,77.59,39.46
81.6320,-0.077411,-0.002311,0,77.59,39.46
81.6400,-0.071062,0.002065,0,77.59,39.46
81.6480,-0.071062,0.001651,0,77.59,39.46
81.6560,-0.075458,-0.000181,0,77.59,39.46
81.6640,-0.078388,-0.002750,0,77.59,39.46
81.6720,-0.080342,-0.005140,0,77.59,39.46
81.6800,-0.080342,-0.006660,0,77.59,39.46
81.6880,-0.080342,-0.006981,0,77.59,39.46
81.6960,-0.079853,-0.006100,0,77.59,39.46
81.7040,-0.077411,-0.004344,0,77.59,39.46
81.7120,-0.072527,-0.002351,0,77.59,39.46
81.7200,-0.070574,-0.000797,0,77.59,39.46
81.7280,-0.070574,0.000001,0,77.59,39.46
81.7360,-0.070574,0.000254,0,77.59,39.46
81.7440,-0.070574,-0.037298,0,77.59,39.46
81.7520,-0.069109,-0.036862,0,77.59,39.46
81.7600,-0.063248,-0.035051,0,77.59,39.46
81.7680,-0.056899,-0.032110,0,77.59,39.46
81.7760,-0.053968,-0.028543,0,77.59,39.46
81.7840,-0.047131,-0.024922,0,77.59,39.46
81.7920,-0.039805,-0.021818,0,77.59,39.46
81.8000,-0.038339,-0.019632,0,77.59,39.46
81.8080,-0.033455,-0.018393,0,77.59,39.46
81.8160,-0.031502,-0.017792,0,77.59,39.46
81.8240,-0.031013,-0.017353,0,77.59,39.46
81.8320,-0.026129,-0.016708,0,77.59,39.46
81.8400,-0.022222,-0.015836,0,77.59,39.46
81.8480,-0.016850,0.026691,0,77.59,39.46
81.8560,-0.011966,0.032830,0,77.59,39.46
81.8640,-0.004151,0.039096,0,77.59,39.46
81.8720,0.005617,0.043985,0,77.59,39.46
81.8800,0.012454,0.045920,0,77.59,39.46
81.8880,0.008547,0.044274,0,77.59,39.46
81.8960,-0.000244,0.039935,0,77.59,39.46
81.9040,-0.005128,0.034702,0,77.59,39.46
81.9120,-0.007570,0.030093,0,77.59,39.46
81.9200,-0.007570,0.026649,0,77.59,39.46
81.9280,-0.006593,0.024048,0,77.59,39.46
81.9360,-0.008059,0.021709,0,77.59,39.46
81.9440,-0.010989,0.019325,0,77.59,39.46
81.9520,-0.013431,0.074474,0,77.59,39.46
81.9600,-0.018315,0.070265,0,77.59,39.46
81.9680,-0.024664,0.063929,0,77.59,39.46
81.9760,-0.035409,0.056147,0,77.59,39.46
81.9840,-0.047131,0.048279,0,77.59,39.46
81.9920,-0.055922,0.041861,0,77.59,39.46
82.0000,-0.060806,0.037892,0,77.59,39.46
82.0080,-0.062271,0.036393,0,77.59,39.46
82.0160,-0.063248,0.036459,0,77.59,39.46
82.0240,-0.062271,0.036683,0,77.59,39.46
82.0320,-0.063248,0.035782,0,77.59,39.46
82.0400,-0.070085,0.033246,0,77.59,39.46
82.0480,-0.076923,0.029583,0,77.59,39.46
82.0560,-0.085714,-0.024413,0,77.59,39.46
82.0640,-0.090598,-0.028912,0,77.59,39.46
82.0720,-0.091087,-0.031301,0,77.59,39.46
82.0800,-0.089133,-0.031637,0,77.59,39.46
82.0880,-0.090598,-0.030393,0,77.59,39.46
82.0960,-0.088156,-0.028051,0,77.59,39.46
82.1040,-0.087668,-0.025013,0,77.59,39.46
82.1120,-0.085714,-0.021730,0,77.59,39.46
82.1200,-0.080830,-0.018804,0,77.59,39.46
82.1280,-0.079365,-0.016822,0,77.59,39.46
82.1360,-0.082784,-0.015968,0,77.59,39.46
82.1440,-0.084249,-0.015947,0,77.59,39.46
82.1520,-0.085226,-0.016299,0,77.59,39.46
82.1600,-0.085226,-0.028961,0,77.59,39.46
82.1680,-0.085226,-0.028067,0,77.59,39.46
82.1760,-0.085714,-0.026563,0,77.59,39.46
82.1840,-0.084249,-0.024760,0,77.59,39.46
82.1920,-0.083272,-0.023123,0,77.59,39.46
82.2000,-0.082784,-0.022052,0,77.59,39.46
82.2080,-0.084249,-0.021619,0,77.59,39.46
82.2160,-0.086203,-0.021449,0,77.59,39.46
82.2240,-0.090110,-0.020924,0,77.59,39.46
82.2320,-0.087668,-0.019627,0,77.59,39.46
82.2400,-0.085226,-0.017636,0,77.59,39.46
82.2480,-0.084737,-0.015315,0,77.59,39.46
82.2560,-0.084737,-0.012933,0,77.59,39.46
82.2640,-0.082295,0.028105,0,77.59,39.46
82.2720,-0.079365,0.031615,0,77.59,39.46
82.2800,-0.078388,0.033961,0,77.59,39.46
82.2880,-0.080342,0.035118,0,77.59,39.46
82.2960,-0.085714,0.035689,0,77.59,39.46
82.3040,-0.086691,0.036499,0,77.59,39.46
82.3120,-0.087179,0.037943,0,77.59,39.46
82.3200,-0.086203,0.039616,0,77.59,39.46
82.3280,-0.086203,0.040410,0,77.59,39.46
82.3360,-0.087179,0.038943,0,77.59,39.46
82.3440,-0.093040,0.034173,0,77.59,39.46
82.3520,-0.101343,0.026017,0,77.59,39.46
82.3600,-0.116972,0.015684,0,77.59,39.46
82.3680,-0.133089,-0.719359,0,77.59,39.46
82.3760,-0.155067,-0.766864,0,77.59,39.46
82.3840,-0.169231,-0.809208,0,77.59,39.46
82.3920,-0.168254,-0.841666,0,77.59,39.46
82.4000,-0.152137,-0.860501,0,77.59,39.46
82.4080,-0.124298,-0.863023,0,77.59,39.46
82.4160,-0.076923,-0.847202,0,77.59,39.46
82.4240,-0.014896,-0.811516,0,77.59,39.46
82.4320,0.070085,-0.755279,0,77.59,39.46
82.4400,0.173626,-0.679269,0,77.59,39.46
82.4480,0.299145,-0.586216,0,77.59,39.46
82.4560,0.432479,-0.480771,0,77.59,39.46
82.4640,0.575092,-0.369017,0,77.59,39.46
82.4720,0.726984,0.804790,0,77.59,39.46
82.4800,0.891575,0.901819,0,77.59,39.46
82.4880,1.000000,0.970875,1,77.59,39.46
82.4960,1.000000,1.000000,1,77.59,39.46
82.5040,0.979976,0.984136,0,77.59,39.46
82.5120,0.802686,0.927494,0,77.59,39.46
82.5200,0.596581,0.842916,0,77.59,39.46
82.5280,0.401221,0.747358,0,77.59,39.46
82.5360,0.219048,0.656203,0,77.59,39.46
82.5440,0.057387,0.580047,0,77.59,39.46
82.5520,-0.079853,0.523789,0,77.59,39.46
82.5600,-0.179487,0.486266,0,77.59,39.46
82.5680,-0.234188,0.460302,0,77.59,39.46
82.5760,-0.250305,-0.226667,0,77.59,39.46
82.5840,-0.221490,-0.206474,0,77.59,39.46
82.5920,-0.175092,-0.165121,0,77.59,39.46
82.6000,-0.121856,-0.115869,0,77.59,39.46
82.6080,-0.076435,-0.070413,0,77.59,39.46
82.6160,-0.047131,-0.036609,0,77.59,39.46
82.6240,-0.035409,-0.017667,0,77.59,39.46
82.6320,-0.034432,-0.012867,0,77.59,39.46
82.6400,-0.042247,-0.019110,0,77.59,39.46
82.6480,-0.057387,-0.032443,0,77.59,39.46
82.6560,-0.074969,-0.049194,0,77.59,39.46
82.6640,-0.090110,-0.066824,0,77.59,39.46
82.6720,-0.100855,-0.084300,0,77.59,39.46
82.6800,-0.106227,-0.122045,0,77.59,39.46
82.6880,-0.109646,-0.129209,0,77.59,39.46
82.6960,-0.110623,-0.133791,0,77.59,39.46
82.7040,-0.110134,-0.136489,0,77.59,39.46
82.7120,-0.110134,-0.137677,0,77.59,39.46
82.7200,-0.108181,-0.137332,0,77.59,39.46
82.7280,-0.106716,-0.135130,0,77.59,39.46
82.7360,-0.103785,-0.130602,0,77.59,39.46
82.7440,-0.101832,-0.123288,0,77.59,39.46
82.7520,-0.100366,-0.112935,0,77.59,39.46
82.7600,-0.096459,-0.099728,0,77.59,39.46
82.7680,-0.095971,-0.084357,0,77.59,39.46
82.7760,-0.099878,-0.067832,0,77.59,39.46
82.7840,-0.101343,-0.135148,0,77.59,39.46
82.7920,-0.102808,-0.118337,0,77.59,39.46
82.8000,-0.102808,-0.099907,0,77.59,39.46
82.8080,-0.104762,-0.081050,0,77.59,39.46
82.8160,-0.104274,-0.063083,0,77.59,39.46
82.8240,-0.101832,-0.047319,0,77.59,39.46
82.8320,-0.098413,-0.035007,0,77.59,39.46
82.8400,-0.094017,-0.027172,0,77.59,39.46
82.8480,-0.094017,-0.024308,0,77.59,39.46
82.8560,-0.094994,-0.026122,0,77.59,39.46
82.8640,-0.098413,-0.031594,0,77.59,39.46
82.8720,-0.100855,-0.039374,0,77.59,39.46
82.8800,-0.101343,-0.048228,0,77.59,39.46
82.8880,-0.101343,-0.024663,0,77.59,39.46
82.8960,-0.101343,-0.026008,0,77.59,39.46
82.9040,-0.097924,-0.025470,0,77.59,39.46
82.9120,-0.092063,-0.023938,0,77.59,39.46
82.9200,-0.090110,-0.022560,0,77.59,39.46
82.9280,-0.090110,-0.022035,0,77.59,39.46
82.9360,-0.093529,-0.022228,0,77.59,39.46
82.9440,-0.095482,-0.022392,0,77.59,39.46
82.9520,-0.094017,-0.021775,0,77.59,39.46
82.9600,-0.090110,-0.020084,0,77.59,39.46
82.9680,-0.085714,-0.017480,0,77.59,39.46
82.9760,-0.082784,-0.014286,0,77.59,39.46
82.9840,-0.077411,-0.010816,0,77.59,39.46
82.9920,-0.073504,-0.005660,0,77.59,39.46
83.0000,-0.074969,-0.007054,0,77.59,39.46
83.0080,-0.075946,-0.010005,0,77.59,39.46
83.0160,-0.080830,-0.013315,0,77.59,39.46
83.0240,-0.084249,-0.015497,0,77.59,39.46
83.0320,-0.080830,-0.015500,0,77.59,39.46
83.0400,-0.075458,-0.013223,0,77.59,39.46
83.0480,-0.070085,-0.009422,0,77.59,39.46
83.0560,-0.064713,-0.005285,0,77.59,39.46
83.0640,-0.057875,-0.002066,0,77.59,39.46
83.0720,-0.054457,-0.000715,0,77.59,39.46
83.0800,-0.054457,-0.001445,0,77.59,39.46
83.0880,-0.056899,-0.003549,0,77.59,39.46
83.0960,-0.062271,0.005618,0,77.59,39.46
83.1040,-0.068620,0.000661,0,77.59,39.46
83.1120,-0.070085,-0.003118,0,77.59,39.46
83.1200,-0.069109,-0.005089,0,77.59,39.46
83.1280,-0.067643,-0.005341,0,77.59,39.46
83.1360,-0.064713,-0.004364,0,77.59,39.46
83.1440,-0.063248,-0.002744,0,77.59,39.46
83.1520,-0.059829,-0.001024,0,77.59,39.46
83.1600,-0.056899,0.000319,0,77.59,39.46
83.1680,-0.054457,0.000949,0,77.59,39.46
83.1760,-0.054457,0.000794,0,77.59,39.46
83.1840,-0.053968,0.000045,0,77.59,39.46
83.1920,-0.052991,-0.000999,0,77.59,39.46
83.2000,-0.053480,0.002061,0,77.59,39.46
83.2080,-0.052015,0.001370,0,77.59,39.46
83.2160,-0.053480,0.001137,0,77.59,39.46
83.2240,-0.051038,0.001338,0,77.59,39.46
83.2320,-0.048107,0.001594,0,77.59,39.46
83.2400,-0.045177,0.001326,0,77.59,39.46
83.2480,-0.045177,0.000206,0,77.59,39.46
83.2560,-0.048107,-0.001495,0,77.59,39.46
83.2640,-0.049084,-0.003028,0,77.59,39.46
83.2720,-0.048107,-0.003641,0,77.59,39.46
83.2800,-0.046642,-0.002983,0,77.59,39.46
83.2880,-0.041270,-0.001211,0,77.59,39.46
83.2960,-0.038828,0.001166,0,77.59,39.46
83.3040,-0.035409,-0.003698,0,77.59,39.46
83.3120,-0.031502,-0.002517,0,77.59,39.46
83.3200,-0.029060,-0.002478,0,77.59,39.46
83.3280,-0.030037,-0.003420,0,77.59,39.46
83.3360,-0.031502,-0.004636,0,77.59,39.46
83.3440,-0.031502,-0.005243,0,77.59,39.46
83.3520,-0.029060,-0.004715,0,77.59,39.46
83.3600,-0.023687,-0.003162,0,77.59,39.46
83.3680,-0.021245,-0.001191,0,77.59,39.46
83.3760,-0.017338,0.000461,0,77.59,39.46
83.3840,-0.014896,0.001222,0,77.59,39.46
83.3920,-0.013919,0.000914,0,77.59,39.46
83.4000,-0.014896,-0.000128,0,77.59,39.46
83.4080,-0.018315,0.017436,0,77.59,39.46
83.4160,-0.023199,0.013960,0,77.59,39.46
83.4240,-0.025153,0.011422,0,77.59,39.46
83.4320,-0.024664,0.010663,0,77.59,39.46
83.4400,-0.022222,0.011886,0,77.59,39.46
83.4480,-0.018803,0.014675,0,77.59,39.46
83.4560,-0.014408,0.018146,0,77.59,39.46
83.4640,-0.009524,0.021148,0,77.59,39.46
83.4720,-0.007570,0.022551,0,77.59,39.46
83.4800,-0.007570,0.021557,0,77.59,39.46
83.4880,-0.010012,0.017944,0,77.59,39.46
83.4960,-0.016850,0.012145,0,77.59,39.46
83.5040,-0.022711,0.005126,0,77.59,39.46
83.5120,-0.025641,0.043131,0,77.59,39.46
83.5200,-0.029548,0.040174,0,77.59,39.46
83.5280,-0.031990,0.038091,0,77.59,39.46
83.5360,-0.036386,0.036829,0,77.59,39.46
83.5440,-0.037363,0.036126,0,77.59,39.46
83.5520,-0.038339,0.035451,0,77.59,39.46
83.5600,-0.038828,0.034177,0,77.59,39.46
83.5680,-0.044200,0.031956,0,77.59,39.46
83.5760,-0.049573,0.028944,0,77.59,39.46
83.5840,-0.054457,0.025629,0,77.59,39.46
83.5920,-0.059341,0.022474,0,77.59,39.46
83.6000,-0.062759,0.019684,0,77.59,39.46
83.6080,-0.066667,0.017181,0,77.59,39.46
83.6160,-0.070085,0.015442,0,77.59,39.46
83.6240,-0.073016,0.013624,0,77.59,39.46
83.6320,-0.076435,0.011462,0,77.59,39.46
83.6400,-0.081319,0.008862,0,77.59,39.46
83.6480,-0.087179,0.006067,0,77.59,39.46
83.6560,-0.093040,0.003542,0,77.59,39.46
83.6640,-0.095971,0.001688,0,77.59,39.46
83.6720,-0.099389,0.000648,0,77.59,39.46
83.6800,-0.101832,0.000336,0,77.59,39.46
83.6880,-0.103785,0.000600,0,77.59,39.46
83.6960,-0.107204,0.001358,0,77.59,39.46
83.7040,-0.110134,0.002593,0,77.59,39.46
83.7120,-0.110134,0.004181,0,77.59,39.46
83.7200,-0.111111,-0.028641,0,77.59,39.46
83.7280,-0.114530,-0.029366,0,77.59,39.46
83.7360,-0.116972,-0.029972,0,77.59,39.46
83.7440,-0.119414,-0.030087,0,77.59,39.46
83.7520,-0.118926,-0.029438,0,77.59,39.46
83.7600,-0.119414,-0.027942,0,77.59,39.46
83.7680,-0.120391,-0.025648,0,77.59,39.46
83.7760,-0.119902,-0.022753,0,77.59,39.46
83.7840,-0.116972,-0.019718,0,77.59,39.46
83.7920,-0.116484,-0.017170,0,77.59,39.46
83.8000,-0.116972,-0.015600,0,77.59,39.46
83.8080,-0.118437,-0.015097,0,77.59,39.46
83.8160,-0.121856,-0.015284,0,77.59,39.46
83.8240,-0.123321,-0.022738,0,77.59,39.46
83.8320,-0.121856,-0.021051,0,77.59,39.46
83.8400,-0.119414,-0.018270,0,77.59,39.46
83.8480,-0.117460,-0.014776,0,77.59,39.46
83.8560,-0.115507,-0.011127,0,77.59,39.46
83.8640,-0.113553,-0.007952,0,77.59,39.46
83.8720,-0.110134,-0.005861,0,77.59,39.46
83.8800,-0.111600,-0.005198,0,77.59,39.46
83.8880,-0.115018,-0.005778,0,77.59,39.46
83.8960,-0.117460,-0.006962,0,77.59,39.46
83.9040,-0.121368,-0.008049,0,77.59,39.46
83.9120,-0.120391,-0.008671,0,77.59,39.46
83.9200,-0.121368,-0.008920,0,77.59,39.46
83.9280,-0.119902,-0.020182,0,77.59,39.46
83.9360,-0.118437,-0.018749,0,77.59,39.46
83.9440,-0.116972,-0.017249,0,77.59,39.46
83.9520,-0.114042,-0.016131,0,77.59,39.46
83.9600,-0.114042,-0.015617,0,77.59,39.46
83.9680,-0.114530,-0.015544,0,77.59,39.46
83.9760,-0.115507,-0.015436,0,77.59,39.46
83.9840,-0.114530,-0.014831,0,77.59,39.46
83.9920,-0.111600,-0.013585,0,77.59,39.46
84.0000,-0.108669,-0.011926,0,77.59,39.46
84.0080,-0.105739,-0.010232,0,77.59,39.46
84.0160,-0.104274,-0.008751,0,77.59,39.46
84.0240,-0.102808,-0.007478,0,77.59,39.46
84.0320,-0.102808,0.005589,0,77.59,39.46
84.0400,-0.102320,0.005283,0,77.59,39.46
84.0480,-0.102808,0.004691,0,77.59,39.46
84.0560,-0.104274,0.004186,0,77.59,39.46
84.0640,-0.103785,0.004036,0,77.59,39.46
84.0720,-0.101343,0.004229,0,77.59,39.46
84.0800,-0.100366,0.004523,0,77.59,39.46
84.0880,-0.100366,0.004694,0,77.59,39.46
84.0960,-0.100855,0.004670,0,77.59,39.46
84.1040,-0.099878,0.004448,0,77.59,39.46
84.1120,-0.098901,0.004005,0,77.59,39.46
84.1200,-0.100366,0.003354,0,77.59,39.46
84.1280,-0.099878,0.002579,0,77.59,39.46
84.1360,-0.100855,0.006579,0,77.59,39.46
84.1440,-0.099389,0.006479,0,77.59,39.46
84.1520,-0.098413,0.006796,0,77.59,39.46
84.1600,-0.098413,0.007702,0,77.59,39.46
84.1680,-0.097924,0.009410,0,77.59,39.46
84.1760,-0.095971,0.011926,0,77.59,39.46
84.1840,-0.091087,0.014756,0,77.59,39.46
84.1920,-0.086691,0.016930,0,77.59,39.46
84.2000,-0.085226,0.017447,0,77.59,39.46
84.2080,-0.086203,0.015837,0,77.59,39.46
84.2160,-0.092552,0.012422,0,77.59,39.46
84.2240,-0.098413,0.008036,0,77.59,39.46
84.2320,-0.098901,0.003373,0,77.59,39.46
84.2400,-0.097924,-0.000926,0,77.59,39.46
84.2480,-0.096947,-0.001287,0,77.59,39.46
84.2560,-0.096947,-0.001206,0,77.59,39.46
84.2640,-0.095971,-0.001308,0,77.59,39.46
84.2720,-0.094505,-0.002062,0,77.59,39.46
84.2800,-0.095971,-0.003571,0,77.59,39.46
84.2880,-0.099389,-0.005410,0,77.59,39.46
84.2960,-0.101343,-0.006799,0,77.59,39.46
84.3040,-0.101343,-0.007093,0,77.59,39.46
84.3120,-0.097924,-0.006160,0,77.59,39.46
84.3200,-0.094994,-0.004366,0,77.59,39.46
84.3280,-0.092063,-0.002220,0,77.59,39.46
84.3360,-0.091087,-0.000025,0,77.59,39.46
84.3440,-0.090598,-0.003667,0,77.59,39.46
84.3520,-0.091575,-0.005771,0,77.59,39.46
84.3600,-0.094505,-0.009026,0,77.59,39.46
84.3680,-0.099878,-0.012555,0,77.59,39.46
84.3760,-0.101832,-0.015287,0,77.59,39.46
84.3840,-0.102808,-0.016412,0,77.59,39.46
84.3920,-0.100855,-0.015692,0,77.59,39.46
84.4000,-0.096947,-0.013493,0,77.59,39.46
84.4080,-0.093040,-0.010574,0,77.59,39.46
84.4160,-0.090110,-0.007765,0,77.59,39.46
84.4240,-0.085714,-0.005687,0,77.59,39.46
84.4320,-0.085714,-0.004542,0,77.59,39.46
84.4400,-0.085226,-0.004033,0,77.59,39.46
84.4480,-0.089133,0.013872,0,77.59,39.46
84.4560,-0.091575,0.012129,0,77.59,39.46
84.4640,-0.093040,0.010642,0,77.59,39.46
84.4720,-0.092552,0.009719,0,77.59,39.46
84.4800,-0.093529,0.009352,0,77.59,39.46
84.4880,-0.093529,0.009416,0,77.59,39.46
84.4960,-0.095971,0.009760,0,77.59,39.46
84.5040,-0.094017,0.010112,0,77.59,39.46
84.5120,-0.093040,0.010051,0,77.59,39.46
84.5200,-0.094505,0.009273,0,77.59,39.46
84.5280,-0.098901,0.007879,0,77.59,39.46
84.5360,-0.101343,0.006254,0,77.59,39.46
84.5440,-0.101343,0.004658,0,77.59,39.46
84.5520,-0.096459,-0.003716,0,77.59,39.46
84.5600,-0.093040,-0.000679,0,77.59,39.46
84.5680,-0.088645,0.002316,0,77.59,39.46
84.5760,-0.086691,0.004444,0,77.59,39.46
84.5840,-0.088156,0.005324,0,77.59,39.46
84.5920,-0.087179,0.004975,0,77.59,39.46
84.6000,-0.087179,0.003639,0,77.59,39.46
84.6080,-0.090110,0.001759,0,77.59,39.46
84.6160,-0.092552,-0.000007,0,77.59,39.46
84.6240,-0.094505,-0.001009,0,77.59,39.46
84.6320,-0.093040,-0.000941,0,77.59,39.46
84.6400,-0.090598,0.000034,0,77.59,39.46
84.6480,-0.090110,0.001480,0,77.59,39.46
84.6560,-0.089133,-0.005000,0,77.59,39.46
84.6640,-0.089133,-0.005589,0,77.59,39.46
84.6720,-0.089133,-0.007298,0,77.59,39.46
84.6800,-0.092552,-0.009965,0,77.59,39.46
84.6880,-0.095971,-0.013000,0,77.59,39.46
84.6960,-0.098901,-0.015588,0,77.59,39.46
84.7040,-0.099878,-0.017022,0,77.59,39.46
84.7120,-0.098901,-0.016966,0,77.59,39.46
84.7200,-0.095971,-0.015510,0,77.59,39.46
84.7280,-0.093040,-0.013016,0,77.59,39.46
84.7360,-0.090110,-0.009902,0,77.59,39.46
84.7440,-0.085714,-0.006503,0,77.59,39.46
84.7520,-0.082784,-0.003023,0,77.59,39.46
84.7600,-0.084737,0.009241,0,77.59,39.46
84.7680,-0.086203,0.008034,0,77.59,39.46
84.7760,-0.091087,0.006334,0,77.59,39.46
84.7840,-0.093040,0.004965,0,77.59,39.46
84.7920,-0.093529,0.004565,0,77.59,39.46
84.8000,-0.093040,0.005368,0,77.59,39.46
84.8080,-0.091087,0.007144,0,77.59,39.46
84.8160,-0.086203,0.009235,0,77.59,39.46
84.8240,-0.084249,0.010770,0,77.59,39.46
84.8320,-0.084249,0.011002,0,77.59,39.46
84.8400,-0.085714,0.009562,0,77.59,39.46
84.8480,-0.089133,0.006564,0,77.59,39.46
84.8560,-0.095971,0.002616,0,77.59,39.46
84.8640,-0.097924,-0.004462,0,77.59,39.46
84.8720,-0.097924,-0.004502,0,77.59,39.46
84.8800,-0.093040,-0.002522,0,77.59,39.46
84.8880,-0.090110,0.000826,0,77.59,39.46
84.8960,-0.087179,0.004695,0,77.59,39.46
84.9040,-0.084249,0.008295,0,77.59,39.46
84.9120,-0.080342,0.010911,0,77.59,39.46
84.9200,-0.078877,0.011981,0,77.59,39.46
84.9280,-0.080342,0.011296,0,77.59,39.46
84.9360,-0.083272,0.009098,0,77.59,39.46
84.9440,-0.086691,0.005923,0,77.59,39.46
84.9520,-0.091087,0.002324,0,77.59,39.46
84.9600,-0.093040,-0.001362,0,77.59,39.46
84.9680,-0.095971,-0.011713,0,77.59,39.46
84.9760,-0.094994,-0.012039,0,77.59,39.46
84.9840,-0.092552,-0.011381,0,77.59,39.46
84.9920,-0.091087,-0.010489,0,77.59,39.46
85.0000,-0.087668,-0.010072,0,77.59,39.46
85.0080,-0.089621,-0.010404,0,77.59,39.46
85.0160,-0.092063,-0.011164,0,77.59,39.46
85.0240,-0.092063,-0.011732,0,77.59,39.46
85.0320,-0.090598,-0.011661,0,77.59,39.46
85.0400,-0.088156,-0.010842,0,77.59,39.46
85.0480,-0.088156,-0.009360,0,77.59,39.46
85.0560,-0.085226,-0.007364,0,77.59,39.46
85.0640,-0.082784,-0.005076,0,77.59,39.46
85.0720,-0.079365,0.010121,0,77.59,39.46
85.0800,-0.082295,0.009721,0,77.59,39.46
85.0880,-0.085226,0.008479,0,77.59,39.46
85.0960,-0.088156,0.007212,0,77.59,39.46
85.1040,-0.087668,0.006579,0,77.59,39.46
85.1120,-0.086691,0.006746,0,77.59,39.46
85.1200,-0.085714,0.007458,0,77.59,39.46
85.1280,-0.085714,0.008304,0,77.59,39.46
85.1360,-0.085714,0.008894,0,77.59,39.46
85.1440,-0.085714,0.008884,0,77.59,39.46
85.1520,-0.085714,0.008000,0,77.59,39.46
85.1600,-0.087179,0.006174,0,77.59,39.46
85.1680,-0.091087,0.003714,0,77.59,39.46
85.1760,-0.093040,-0.013775,0,77.59,39.46
85.1840,-0.092552,-0.014053,0,77.59,39.46
85.1920,-0.088645,-0.013286,0,77.59,39.46
85.2000,-0.085714,-0.012057,0,77.59,39.46
85.2080,-0.085226,-0.010910,0,77.59,39.46
85.2160,-0.085714,-0.010016,0,77.59,39.46
85.2240,-0.085226,-0.009272,0,77.59,39.46
85.2320,-0.083272,-0.008612,0,77.59,39.46
85.2400,-0.080830,-0.008119,0,77.59,39.46
85.2480,-0.080342,-0.007831,0,77.59,39.46
85.2560,-0.082784,-0.007538,0,77.59,39.46
85.2640,-0.080830,-0.006951,0,77.59,39.46
85.2720,-0.077900,-0.006056,0,77.59,39.46
85.2800,-0.074969,-0.038405,0,77.59,39.46
85.2880,-0.070574,-0.036550,0,77.59,39.46
85.2960,-0.069109,-0.034209,0,77.59,39.46
85.3040,-0.061294,-0.031900,0,77.59,39.46
85.3120,-0.055922,-0.030298,0,77.59,39.46
85.3200,-0.052991,-0.029802,0,77.59,39.46
85.3280,-0.054457,-0.030075,0,77.59,39.46
85.3360,-0.054457,-0.030177,0,77.59,39.46
85.3440,-0.050061,-0.029219,0,77.59,39.46
85.3520,-0.043712,-0.026896,0,77.59,39.46
85.3600,-0.037851,-0.023467,0,77.59,39.46
85.3680,-0.031013,-0.019405,0,77.59,39.46
85.3760,-0.025641,-0.015112,0,77.59,39.46
85.3840,-0.020269,0.021512,0,77.59,39.46
85.3920,-0.012454,0.026986,0,77.59,39.46
85.4000,-0.006105,0.031175,0,77.59,39.46
85.4080,-0.001221,0.033304,0,77.59,39.46
85.4160,-0.000244,0.033046,0,77.59,39.46
85.4240,-0.003175,0.030845,0,77.59,39.46
85.4320,-0.007570,0.027802,0,77.59,39.46
85.4400,-0.009035,0.025080,0,77.59,39.46
85.4480,-0.008059,0.023269,0,77.59,39.46
85.4560,-0.007082,0.022141,0,77.59,39.46
85.4640,-0.002686,0.020905,0,77.59,39.46
85.4720,-0.002198,0.018845,0,77.59,39.46
85.4800,-0.007082,0.015979,0,77.59,39.46
85.4880,-0.016361,0.082220,0,77.59,39.46
85.4960,-0.025641,0.076050,0,77.59,39.46
85.5040,-0.033455,0.069933,0,77.59,39.46
85.5120,-0.038828,0.064695,0,77.59,39.46
85.5200,-0.043712,0.060481,0,77.59,39.46
85.5280,-0.047619,0.056956,0,77.59,39.46
85.5360,-0.053968,0.053636,0,77.59,39.46
85.5440,-0.057387,0.050103,0,77.59,39.46
85.5520,-0.062759,0.046145,0,77.59,39.46
85.5600,-0.070574,0.041907,0,77.59,39.46
85.5680,-0.077411,0.037854,0,77.59,39.46
85.5760,-0.084249,0.034411,0,77.59,39.46
85.5840,-0.086203,0.031549,0,77.59,39.46
85.5920,-0.085714,-0.019956,0,77.59,39.46
85.6000,-0.084249,-0.018764,0,77.59,39.46
85.6080,-0.082295,-0.016746,0,77.59,39.46
85.6160,-0.080830,-0.014701,0,77.59,39.46
85.6240,-0.080342,-0.013181,0,77.59,39.46
85.6320,-0.080830,-0.012393,0,77.59,39.46
85.6400,-0.080342,-0.012234,0,77.59,39.46
85.6480,-0.083272,-0.012340,0,77.59,39.46
85.6560,-0.085226,-0.012247,0,77.59,39.46
85.6640,-0.084737,-0.011693,0,77.59,39.46
85.6720,-0.082784,-0.010788,0,77.59,39.46
85.6800,-0.084249,-0.009813,0,77.59,39.46
85.6880,-0.085714,-0.008898,0,77.59,39.46
85.6960,-0.088156,-0.029712,0,77.59,39.46
85.7040,-0.086203,-0.029686,0,77.59,39.46
85.7120,-0.087179,-0.029801,0,77.59,39.46
85.7200,-0.088156,-0.030142,0,77.59,39.46
85.7280,-0.092552,-0.030482,0,77.59,39.46
85.7360,-0.092552,-0.030407,0,77.59,39.46
85.7440,-0.093040,-0.029616,0,77.59,39.46
85.7520,-0.092063,-0.028074,0,77.59,39.46
85.7600,-0.090110,-0.025935,0,77.59,39.46
85.7680,-0.090598,-0.023367,0,77.59,39.46
85.7760,-0.089621,-0.020486,0,77.59,39.46
85.7840,-0.086203,-0.017413,0,77.59,39.46
85.7920,-0.085714,-0.014278,0,77.59,39.46
85.8000,-0.087179,0.051135,0,77.59,39.46
85.8080,-0.086691,0.054550,0,77.59,39.46
85.8160,-0.088645,0.058153,0,77.59,39.46
85.8240,-0.087668,0.062287,0,77.59,39.46
85.8320,-0.086203,0.066917,0,77.59,39.46
85.8400,-0.084737,0.071543,0,77.59,39.46
85.8480,-0.085226,0.075264,0,77.59,39.46
85.8560,-0.085714,0.076880,0,77.59,39.46
85.8640,-0.088156,0.075055,0,77.59,39.46
85.8720,-0.096459,0.068739,0,77.59,39.46
85.8800,-0.110134,0.057701,0,77.59,39.46
85.8880,-0.129670,0.042801,0,77.59,39.46
85.8960,-0.148718,0.025778,0,77.59,39.46
85.9040,-0.168254,-0.853371,0,77.59,39.46
85.9120,-0.171184,-0.894973,0,77.59,39.46
85.9200,-0.166789,-0.925600,0,77.59,39.46
85.9280,-0.148230,-0.942631,0,77.59,39.46
85.9360,-0.114530,-0.944332,0,77.59,39.46
85.9440,-0.061783,-0.929767,0,77.59,39.46
85.9520,0.005128,-0.898530,0,77.59,39.46
85.9600,0.081319,-0.850467,0,77.59,39.46
85.9680,0.179487,-0.786029,0,77.59,39.46
85.9760,0.298168,-0.707125,0,77.59,39.46
85.9840,0.427106,-0.617336,0,77.59,39.46
85.9920,0.560928,-0.520999,0,77.59,39.46
86.0000,0.691331,-0.422051,0,77.59,39.46
86.0080,0.832967,0.893518,0,77.59,39.46
86.0160,0.960928,0.966162,1,77.59,39.46
86.0240,1.000000,1.000000,1,77.59,39.46
86.0320,0.953602,0.987898,1,77.59,39.46
86.0400,0.785104,0.933550,0,77.59,39.46
86.0480,0.585348,0.850343,0,77.59,39.46
86.0560,0.398291,0.755570,0,77.59,39.46
86.0640,0.226862,0.664469,0,77.59,39.46
86.0720,0.073993,0.587587,0,77.59,39.46
86.0800,-0.058852,0.530873,0,77.59,39.46
86.0880,-0.162393,0.496109,0,77.59,39.46
86.0960,-0.224908,0.480506,0,77.59,39.46
86.1040,-0.250305,0.476378,0,77.59,39.46
86.1120,-0.233700,-0.199748,0,77.59,39.46
86.1200,-0.196093,-0.166199,0,77.59,39.46
86.1280,-0.153114,-0.121345,0,77.59,39.46
86.1360,-0.108181,-0.076035,0,77.59,39.46
86.1440,-0.072039,-0.038596,0,77.59,39.46
86.1520,-0.054457,-0.013714,0,77.59,39.46
86.1600,-0.048107,-0.002261,0,77.59,39.46
86.1680,-0.053968,-0.002163,0,77.59,39.46
86.1760,-0.064713,-0.009906,0,77.59,39.46
86.1840,-0.075946,-0.021997,0,77.59,39.46
86.1920,-0.088156,-0.035879,0,77.59,39.46
86.2000,-0.100366,-0.050146,0,77.59,39.46
86.2080,-0.110623,-0.064314,0,77.59,39.46
86.2160,-0.119902,-0.155504,0,77.59,39.46
86.2240,-0.122344,-0.162924,0,77.59,39.46
86.2320,-0.119414,-0.166907,0,77.59,39.46
86.2400,-0.116972,-0.168226,0,77.59,39.46
86.2480,-0.115018,-0.167586,0,77.59,39.46
86.2560,-0.113553,-0.165257,0,77.59,39.46
86.2640,-0.110623,-0.161143,0,77.59,39.46
86.2720,-0.107204,-0.155004,0,77.59,39.46
86.2800,-0.104274,-0.146533,0,77.59,39.46
86.2880,-0.105739,-0.135276,0,77.59,39.46
86.2960,-0.107692,-0.120761,0,77.59,39.46
86.3040,-0.109158,-0.103034,0,77.59,39.46
86.3120,-0.107692,-0.083216,0,77.59,39.46
86.3200,-0.108181,-0.112172,0,77.59,39.46
86.3280,-0.108181,-0.092302,0,77.59,39.46
86.3360,-0.107692,-0.072358,0,77.59,39.46
86.3440,-0.106227,-0.054094,0,77.59,39.46
86.3520,-0.103297,-0.039066,0,77.59,39.46
86.3600,-0.101832,-0.028229,0,77.59,39.46
86.3680,-0.104762,-0.021643,0,77.59,39.46
86.3760,-0.106227,-0.018605,0,77.59,39.46
86.3840,-0.104762,-0.018221,0,77.59,39.46
86.3920,-0.101832,-0.019898,0,77.59,39.46
86.4000,-0.100366,-0.023384,0,77.59,39.46
86.4080,-0.096947,-0.028458,0,77.59,39.46
86.4160,-0.100366,-0.034569,0,77.59,39.46
86.4240,-0.094017,-0.007887,0,77.59,39.46
86.4320,-0.092063,-0.009809,0,77.59,39.46
86.4400,-0.094994,-0.012271,0,77.59,39.46
86.4480,-0.099389,-0.014829,0,77.59,39.46
86.4560,-0.102320,-0.016586,0,77.59,39.46
86.4640,-0.103785,-0.016731,0,77.59,39.46
86.4720,-0.101343,-0.015013,0,77.59,39.46
86.4800,-0.096947,-0.011893,0,77.59,39.46
86.4880,-0.093040,-0.008321,0,77.59,39.46
86.4960,-0.088645,-0.005335,0,77.59,39.46
86.5040,-0.086203,-0.003680,0,77.59,39.46
86.5120,-0.084737,-0.003533,0,77.59,39.46
86.5200,-0.086203,-0.004394,0,77.59,39.46
86.5280,-0.085226,0.013048,0,77.59,39.46
86.5360,-0.085226,0.014262,0,77.59,39.46
86.5440,-0.081319,0.016509,0,77.59,39.46
86.5520,-0.076435,0.019453,0,77.59,39.46
86.5600,-0.073016,0.022325,0,77.59,39.46
86.5680,-0.070085,0.024299,0,77.59,39.46
86.5760,-0.070085,0.024793,0,77.59,39.46
86.5840,-0.070085,0.023580,0,77.59,39.46
86.5920,-0.071551,0.020841,0,77.59,39.46
86.6000,-0.077411,0.017200,0,77.59,39.46
86.6080,-0.081319,0.013552,0,77.59,39.46
86.6160,-0.085226,0.010579,0,77.59,39.46
86.6240,-0.083272,0.008267,0,77.59,39.46
86.6320,-0.081319,-0.005319,0,77.59,39.46
86.6400,-0.077411,-0.003031,0,77.59,39.46
86.6480,-0.072527,-0.000175,0,77.59,39.46
86.6560,-0.070085,0.002427,0,77.59,39.46
86.6640,-0.067643,0.004159,0,77.59,39.46
86.6720,-0.064713,0.004661,0,77.59,39.46
86.6800,-0.063736,0.003894,0,77.59,39.46
86.6880,-0.066667,0.002287,0,77.59,39.46
86.6960,-0.069109,0.000621,0,77.59,39.46
86.7040,-0.066667,-0.000412,0,77.59,39.46
86.7120,-0.066667,-0.000559,0,77.59,39.46
86.7200,-0.062759,0.000019,0,77.59,39.46
86.7280,-0.061783,0.000962,0,77.59,39.46
86.7360,-0.060317,-0.007441,0,77.59,39.46
86.7440,-0.058852,-0.008368,0,77.59,39.46
86.7520,-0.057387,-0.010399,0,77.59,39.46
86.7600,-0.059829,-0.013190,0,77.59,39.46
86.7680,-0.063736,-0.015756,0,77.59,39.46
86.7760,-0.065201,-0.016883,0,77.59,39.46
86.7840,-0.060317,-0.015881,0,77.59,39.46
86.7920,-0.054457,-0.013000,0,77.59,39.46
86.8000,-0.049573,-0.009256,0,77.59,39.46
86.8080,-0.039805,-0.005910,0,77.59,39.46
86.8160,-0.040293,-0.003881,0,77.59,39.46
86.8240,-0.037363,-0.003329,0,77.59,39.46
86.8320,-0.037363,-0.003712,0,77.59,39.46
86.8400,-0.039805,0.012502,0,77.59,39.46
86.8480,-0.043223,0.009114,0,77.59,39.46
86.8560,-0.047131,0.006023,0,77.59,39.46
86.8640,-0.046642,0.003980,0,77.59,39.46
86.8720,-0.046154,0.003261,0,77.59,39.46
86.8800,-0.045665,0.003731,0,77.59,39.46
86.8880,-0.043712,0.004995,0,77.59,39.46
86.8960,-0.039805,0.006464,0,77.59,39.46
86.9040,-0.038828,0.007508,0,77.59,39.46
86.9120,-0.036386,0.007667,0,77.59,39.46
86.9200,-0.037363,0.006810,0,77.59,39.46
86.9280,-0.038339,0.005138,0,77.59,39.46
86.9360,-0.038828,0.003039,0,77.59,39.46
86.9440,-0.037851,0.016344,0,77.59,39.46
86.9520,-0.035897,0.017166,0,77.59,39.46
86.9600,-0.033455,0.018511,0,77.59,39.46
86.9680,-0.033455,0.020200,0,77.59,39.46
86.9760,-0.031502,0.022058,0,77.59,39.46
86.9840,-0.029548,0.023784,0,77.59,39.46
86.9920,-0.026129,0.024883,0,77.59,39.46
87.0000,-0.026129,0.024867,0,77.59,39.46
87.0080,-0.028571,0.023525,0,77.59,39.46
87.0160,-0.030525,0.020966,0,77.59,39.46
87.0240,-0.033455,0.017458,0,77.59,39.46
87.0320,-0.037363,0.013308,0,77.59,39.46
87.0400,-0.041270,0.008838,0,77.59,39.46
87.0480,-0.044200,0.034643,0,77.59,39.46
87.0560,-0.043223,0.034094,0,77.59,39.46
87.0640,-0.043223,0.033214,0,77.59,39.46
87.0720,-0.044689,0.031190,0,77.59,39.46
87.0800,-0.052015,0.027791,0,77.59,39.46
87.0880,-0.057875,0.023516,0,77.59,39.46
87.0960,-0.063736,0.019246,0,77.59,39.46
87.1040,-0.069109,0.015778,0,77.59,39.46
87.1120,-0.071062,0.013544,0,77.59,39.46
87.1200,-0.073016,0.012606,0,77.59,39.46
87.1280,-0.076923,0.012819,0,77.59,39.46
87.1360,-0.075458,0.013924,0,77.59,39.46
87.1440,-0.076435,0.015529,0,77.59,39.46
87.1520,-0.077900,0.013166,0,77.59,39.46
87.1600,-0.085226,0.010367,0,77.59,39.46
87.1680,-0.090598,0.006776,0,77.59,39.46
87.1760,-0.097924,0.003299,0,77.59,39.46
87.1840,-0.100366,0.000681,0,77.59,39.46
87.1920,-0.102808,-0.000760,0,77.59,39.46
87.2000,-0.105739,-0.001054,0,77.59,39.46
87.2080,-0.107692,-0.000411,0,77.59,39.46
87.2160,-0.108669,0.000786,0,77.59,39.46
87.2240,-0.107692,0.001970,0,77.59,39.46
87.2320,-0.109158,0.002586,0,77.59,39.46
87.2400,-0.112576,0.002411,0,77.59,39.46
87.2480,-0.116484,0.001701,0,77.59,39.46
87.2560,-0.116972,-0.028306,0,77.59,39.46
87.2640,-0.117949,-0.028772,0,77.59,39.46
87.2720,-0.119414,-0.028937,0,77.59,39.46
87.2800,-0.119414,-0.028936,0,77.59,39.46
87.2880,-0.121856,-0.028797,0,77.59,39.46
87.2960,-0.124298,-0.028418,0,77.59,39.46
87.3040,-0.123321,-0.027718,0,77.59,39.46
87.3120,-0.123321,-0.026733,0,77.59,39.46
87.3200,-0.123810,-0.025471,0,77.59,39.46
87.3280,-0.125275,-0.023757,0,77.59,39.46
87.3360,-0.124786,-0.021319,0,77.59,39.46
87.3440,-0.123321,-0.018063,0,77.59,39.46
87.3520,-0.119902,-0.014251,0,77.59,39.46
87.3600,-0.116972,-0.019534,0,77.59,39.46
87.3680,-0.115995,-0.016555,0,77.59,39.46
87.3760,-0.115507,-0.014232,0,77.59,39.46
87.3840,-0.112576,-0.012872,0,77.59,39.46
87.3920,-0.113553,-0.012678,0,77.59,39.46
87.4000,-0.114530,-0.013543,0,77.59,39.46
87.4080,-0.117949,-0.014923,0,77.59,39.46
87.4160,-0.121368,-0.015992,0,77.59,39.46
87.4240,-0.121368,-0.016052,0,77.59,39.46
87.4320,-0.118437,-0.014877,0,77.59,39.46
87.4400,-0.116972,-0.012670,0,77.59,39.46
87.4480,-0.115507,-0.009782,0,77.59,39.46
87.4560,-0.112576,-0.006559,0,77.59,39.46
87.4640,-0.110623,-0.015390,0,77.59,39.46
87.4720,-0.108669,-0.014616,0,77.59,39.46
87.4800,-0.108669,-0.014705,0,77.59,39.46
87.4880,-0.110134,-0.015321,0,77.59,39.46
87.4960,-0.111111,-0.015921,0,77.59,39.46
87.5040,-0.108669,-0.016069,0,77.59,39.46
87.5120,-0.107692,-0.015597,0,77.59,39.46
87.5200,-0.105739,-0.014518,0,77.59,39.46
87.5280,-0.104274,-0.012930,0,77.59,39.46
87.5360,-0.100855,-0.011036,0,77.59,39.46
87.5440,-0.096947,-0.009152,0,77.59,39.46
87.5520,-0.094017,-0.007550,0,77.59,39.46
87.5600,-0.093040,-0.006236,0,77.59,39.46
87.5680,-0.097924,0.014396,0,77.59,39.46
87.5760,-0.100855,0.012195,0,77.59,39.46
87.5840,-0.101832,0.010158,0,77.59,39.46
87.5920,-0.101832,0.008772,0,77.59,39.46
87.6000,-0.102320,0.008162,0,77.59,39.46
87.6080,-0.102320,0.008234,0,77.59,39.46
87.6160,-0.101343,0.008728,0,77.59,39.46
87.6240,-0.099389,0.009222,0,77.59,39.46
87.6320,-0.097924,0.009264,0,77.59,39.46
87.6400,-0.098901,0.008631,0,77.59,39.46
87.6480,-0.101343,0.007471,0,77.59,39.46
87.6560,-0.102808,0.006124,0,77.59,39.46
87.6640,-0.102320,0.004802,0,77.59,39.46
87.6720,-0.101343,0.004503,0,77.59,39.46
87.6800,-0.101343,0.006237,0,77.59,39.46
87.6880,-0.098901,0.009033,0,77.59,39.46
87.6960,-0.093529,0.012240,0,77.59,39.46
87.7040,-0.089133,0.014777,0,77.59,39.46
87.7120,-0.086691,0.015618,0,77.59,39.46
87.7200,-0.088645,0.014380,0,77.59,39.46
87.7280,-0.093529,0.011578,0,77.59,39.46
87.7360,-0.097924,0.008326,0,77.59,39.46
87.7440,-0.099389,0.005689,0,77.59,39.46
87.7520,-0.099389,0.004219,0,77.59,39.46
87.7600,-0.099878,0.003884,0,77.59,39.46
87.7680,-0.098413,0.004232,0,77.59,39.46
87.7760,-0.096947,-0.003303,0,77.59,39.46
87.7840,-0.093529,-0.003364,0,77.59,39.46
87.7920,-0.094017,-0.004886,0,77.59,39.46
87.8000,-0.098901,-0.007835,0,77.59,39.46
87.8080,-0.102808,-0.011385,0,77.59,39.46
87.8160,-0.106716,-0.014348,0,77.59,39.46
87.8240,-0.107204,-0.015759,0,77.59,39.46
87.8320,-0.105739,-0.015268,0,77.59,39.46
87.8400,-0.101343,-0.013184,0,77.59,39.46
87.8480,-0.098413,-0.010203,0,77.59,39.46
87.8560,-0.094994,-0.007037,0,77.59,39.46
87.8640,-0.090598,-0.004148,0,77.59,39.46
87.8720,-0.090110,-0.001586,0,77.59,39.46
87.8800,-0.092063,0.005656,0,77.59,39.46
87.8880,-0.096947,0.003188,0,77.59,39.46
87.8960,-0.100366,0.000541,0,77.59,39.46
87.9040,-0.099878,-0.001479,0,77.59,39.46
87.9120,-0.100855,-0.002500,0,77.59,39.46
87.9200,-0.100855,-0.002463,0,77.59,39.46
87.9280,-0.100855,-0.001488,0,77.59,39.46
87.9360,-0.098901,0.000083,0,77.59,39.46
87.9440,-0.095482,0.001654,0,77.59,39.46
87.9520,-0.094017,0.002563,0,77.59,39.46
87.9600,-0.094505,0.002439,0,77.59,39.46
87.9680,-0.097436,0.001389,0,77.59,39.46
87.9760,-0.097924,-0.000162,0,77.59,39.46
87.9840,-0.096947,-0.002751,0,77.59,39.46
87.9920,-0.094994,-0.002216,0,77.59,39.46
88.0000,-0.094505,-0.001325,0,77.59,39.46
88.0080,-0.094017,-0.000338,0,77.59,39.46
88.0160,-0.093529,0.000473,0,77.59,39.46
88.0240,-0.092063,0.000777,0,77.59,39.46
88.0320,-0.091087,0.000270,0,77.59,39.46
88.0400,-0.092552,-0.001055,0,77.59,39.46
88.0480,-0.095971,-0.002700,0,77.59,39.46
88.0560,-0.098901,-0.003829,0,77.59,39.46
88.0640,-0.097924,-0.003785,0,77.59,39.46
88.0720,-0.094505,-0.002499,0,77.59,39.46
88.0800,-0.092552,-0.000465,0,77.59,39.46
88.0880,-0.092552,0.001247,0,77.59,39.46
88.0960,-0.093040,0.001976,0,77.59,39.46
88.1040,-0.090110,0.002005,0,77.59,39.46
88.1120,-0.092063,0.001214,0,77.59,39.46
88.1200,-0.092063,-0.000267,0,77.59,39.46
88.1280,-0.095971,-0.001997,0,77.59,39.46
88.1360,-0.096947,-0.003401,0,77.59,39.46
88.1440,-0.096459,-0.004074,0,77.59,39.46
88.1520,-0.096459,-0.003933,0,77.59,39.46
88.1600,-0.094017,-0.003146,0,77.59,39.46
88.1680,-0.093529,-0.001944,0,77.59,39.46
88.1760,-0.093529,-0.000478,0,77.59,39.46
88.1840,-0.091087,0.001142,0,77.59,39.46
88.1920,-0.091575,-0.006308,0,77.59,39.46
88.2000,-0.094505,-0.008501,0,77.59,39.46
88.2080,-0.097924,-0.010896,0,77.59,39.46
88.2160,-0.100366,-0.012582,0,77.59,39.46
88.2240,-0.099389,-0.012915,0,77.59,39.46
88.2320,-0.095971,-0.011800,0,77.59,39.46
88.2400,-0.094017,-0.009593,0,77.59,39.46
88.2480,-0.092063,-0.006867,0,77.59,39.46
88.2560,-0.087179,-0.004312,0,77.59,39.46
88.2640,-0.084737,-0.002648,0,77.59,39.46
88.2720,-0.083761,-0.002357,0,77.59,39.46
88.2800,-0.085226,-0.003424,0,77.59,39.46
88.2880,-0.087179,-0.005324,0,77.59,39.46
88.2960,-0.089133,-0.001325,0,77.59,39.46
88.3040,-0.091575,-0.003344,0,77.59,39.46
88.3120,-0.092063,-0.004697,0,77.59,39.46
88.3200,-0.093040,-0.005122,0,77.59,39.46
88.3280,-0.092063,-0.004637,0,77.59,39.46
88.3360,-0.090598,-0.003572,0,77.59,39.46
88.3440,-0.087179,-0.002501,0,77.59,39.46
88.3520,-0.086203,-0.001973,0,77.59,39.46
88.3600,-0.086203,-0.002169,0,77.59,39.46
88.3680,-0.089133,-0.002753,0,77.59,39.46
88.3760,-0.090598,-0.003132,0,77.59,39.46
88.3840,-0.088156,-0.002937,0,77.59,39.46
88.3920,-0.086691,-0.002285,0,77.59,39.46
88.4000,-0.086203,-0.002256,0,77.59,39.46
88.4080,-0.085714,-0.001600,0,77.59,39.46
88.4160,-0.084737,-0.001254,0,77.59,39.46
88.4240,-0.083761,-0.001453,0,77.59,39.46
88.4320,-0.084249,-0.002312,0,77.59,39.46
88.4400,-0.085714,-0.003690,0,77.59,39.46
88.4480,-0.087179,-0.005163,0,77.59,39.46
88.4560,-0.090110,-0.006178,0,77.59,39.46
88.4640,-0.088156,-0.006348,0,77.59,39.46
88.4720,-0.085714,-0.005642,0,77.59,39.46
88.4800,-0.084737,-0.004258,0,77.59,39.46
88.4880,-0.083272,-0.002418,0,77.59,39.46
88.4960,-0.080342,-0.000331,0,77.59,39.46
88.5040,-0.076923,0.004286,0,77.59,39.46
88.5120,-0.076923,0.004588,0,77.59,39.46
88.5200,-0.077411,0.004182,0,77.59,39.46
88.5280,-0.079853,0.003427,0,77.59,39.46
88.5360,-0.081319,0.002821,0,77.59,39.46
88.5440,-0.080830,0.002701,0,77.59,39.46
88.5520,-0.078388,0.003072,0,77.59,39.46
88.5600,-0.077411,0.003670,0,77.59,39.46
88.5680,-0.077411,0.004173,0,77.59,39.46
88.5760,-0.076435,0.004328,0,77.59,39.46
88.5840,-0.076923,0.003990,0,77.59,39.46
88.5920,-0.077900,0.003167,0,77.59,39.46
88.6000,-0.079853,0.002039,0,77.59,39.46
88.6080,-0.083272,0.001641,0,77.59,39.46
88.6160,-0.084249,0.001106,0,77.59,39.46
88.6240,-0.081319,0.001557,0,77.59,39.46
88.6320,-0.078877,0.002653,0,77.59,39.46
88.6400,-0.078388,0.003889,0,77.59,39.46
88.6480,-0.078388,0.004901,0,77.59,39.46
88.6560,-0.077411,0.005464,0,77.59,39.46
88.6640,-0.076435,0.005385,0,77.59,39.46
88.6720,-0.076435,0.004567,0,77.59,39.46
88.6800,-0.078388,0.003203,0,77.59,39.46
88.6880,-0.082295,0.001820,0,77.59,39.46
88.6960,-0.084249,0.000941,0,77.59,39.46
88.7040,-0.081319,0.000598,0,77.59,39.46
88.7120,-0.077900,-0.000103,0,77.59,39.46
88.7200,-0.074969,0.002356,0,77.59,39.46
88.7280,-0.073504,0.004496,0,77.59,39.46
88.7360,-0.072527,0.005731,0,77.59,39.46
88.7440,-0.071062,0.005683,0,77.59,39.46
88.7520,-0.071551,0.004266,0,77.59,39.46
88.7600,-0.074969,0.001865,0,77.59,39.46
88.7680,-0.079853,-0.000659,0,77.59,39.46
88.7760,-0.081319,-0.002372,0,77.59,39.46
88.7840,-0.079365,-0.002748,0,77.59,39.46
88.7920,-0.079365,-0.001806,0,77.59,39.46
88.8000,-0.075458,0.000077,0,77.59,39.46
88.8080,-0.074481,0.002414,0,77.59,39.46
88.8160,-0.070085,-0.026672,0,77.59,39.46
88.8240,-0.067155,-0.026365,0,77.59,39.46
88.8320,-0.066178,-0.027439,0,77.59,39.46
88.8400,-0.070085,-0.029644,0,77.59,39.46
88.8480,-0.071062,-0.032139,0,77.59,39.46
88.8560,-0.072527,-0.033939,0,77.59,39.46
88.8640,-0.070574,-0.034357,0,77.59,39.46
88.8720,-0.066667,-0.033182,0,77.59,39.46
88.8800,-0.063248,-0.030578,0,77.59,39.46
88.8880,-0.056899,-0.026858,0,77.59,39.46
88.8960,-0.052991,-0.022330,0,77.59,39.46
88.9040,-0.045177,-0.017266,0,77.59,39.46
88.9120,-0.038828,-0.011943,0,77.59,39.46
88.9200,-0.035409,-0.023399,0,77.59,39.46
88.9280,-0.031502,-0.021503,0,77.59,39.46
88.9360,-0.028571,-0.020133,0,77.59,39.46
88.9440,-0.023199,-0.019032,0,77.59,39.46
88.9520,-0.020269,-0.017934,0,77.59,39.46
88.9600,-0.017338,-0.016467,0,77.59,39.46
88.9680,-0.014408,-0.014230,0,77.59,39.46
88.9760,-0.008547,-0.011111,0,77.59,39.46
88.9840,-0.002686,-0.007602,0,77.59,39.46
88.9920,0.008059,-0.004800,0,77.59,39.46
89.0000,0.012454,-0.003884,0,77.59,39.46
89.0080,0.013431,-0.005306,0,77.59,39.46
89.0160,0.010501,-0.008344,0,77.59,39.46
89.0240,0.006593,0.088316,0,77.59,39.46
89.0320,0.003663,0.086213,0,77.59,39.46
89.0400,-0.000244,0.084236,0,77.59,39.46
89.0480,-0.003175,0.082768,0,77.59,39.46
89.0560,-0.005128,0.081633,0,77.59,39.46
89.0640,-0.005128,0.080153,0,77.59,39.46
89.0720,-0.008547,0.077495,0,77.59,39.46
89.0800,-0.014408,0.073170,0,77.59,39.46
89.0880,-0.023199,0.067286,0,77.59,39.46
89.0960,-0.031013,0.060389,0,77.59,39.46
89.1040,-0.039316,0.053129,0,77.59,39.46
89.1120,-0.049084,0.045983,0,77.59,39.46
89.1200,-0.054945,0.039085,0,77.59,39.46
89.1280,-0.060806,0.004835,0,77.59,39.46
89.1360,-0.061783,0.002128,0,77.59,39.46
89.1440,-0.062271,0.000232,0,77.59,39.46
89.1520,-0.063736,-0.001675,0,77.59,39.46
89.1600,-0.069109,-0.003952,0,77.59,39.46
89.1680,-0.072527,-0.006390,0,77.59,39.46
89.1760,-0.075458,-0.008517,0,77.59,39.46
89.1840,-0.075946,-0.009926,0,77.59,39.46
89.1920,-0.078388,-0.010344,0,77.59,39.46
89.2000,-0.078388,-0.009581,0,77.59,39.46
89.2080,-0.077900,-0.007566,0,77.59,39.46
89.2160,-0.076923,-0.004438,0,77.59,39.46
89.2240,-0.073504,-0.000619,0,77.59,39.46
89.2320,-0.074481,-0.022580,0,77.59,39.46
89.2400,-0.078388,-0.024161,0,77.59,39.46
89.2480,-0.084737,-0.026066,0,77.59,39.46
89.2560,-0.085714,-0.027314,0,77.59,39.46
89.2640,-0.085714,-0.027314,0,77.59,39.46
89.2720,-0.084737,-0.026028,0,77.59,39.46
89.2800,-0.084249,-0.023761,0,77.59,39.46
89.2880,-0.082784,-0.020943,0,77.59,39.46
89.2960,-0.082784,-0.018060,0,77.59,39.46
89.3040,-0.079853,-0.015635,0,77.59,39.46
89.3120,-0.080830,-0.014098,0,77.59,39.46
89.3200,-0.082784,-0.013541,0,77.59,39.46
89.3280,-0.085714,-0.013614,0,77.59,39.46
89.3360,-0.086691,-0.027878,0,77.59,39.46
89.3440,-0.087668,-0.027629,0,77.59,39.46
89.3520,-0.086691,-0.026569,0,77.59,39.46
89.3600,-0.085714,-0.024758,0,77.59,39.46
89.3680,-0.085714,-0.022409,0,77.59,39.46
89.3760,-0.083272,-0.019868,0,77.59,39.46
89.3840,-0.080830,-0.017620,0,77.59,39.46
89.3920,-0.078877,-0.016104,0,77.59,39.46
89.4000,-0.080342,-0.015403,0,77.59,39.46
89.4080,-0.082295,-0.015132,0,77.59,39.46
89.4160,-0.082784,-0.014730,0,77.59,39.46
89.4240,-0.080342,-0.013888,0,77.59,39.46
89.4320,-0.078877,-0.012705,0,77.59,39.46
89.4400,-0.078388,-0.096137,0,77.59,39.46
89.4480,-0.083272,-0.105179,0,77.59,39.46
89.4560,-0.088645,-0.119515,0,77.59,39.46
89.4640,-0.102808,-0.139562,0,77.59,39.46
89.4720,-0.122833,-0.164025,0,77.59,39.46
89.4800,-0.144811,-0.189608,0,77.59,39.46
89.4880,-0.163858,-0.211444,0,77.59,39.46
89.4960,-0.173138,-0.224060,0,77.59,39.46
89.5040,-0.168254,-0.222534,0,77.59,39.46
89.5120,-0.148230,-0.203576,0,77.59,39.46
89.5200,-0.110134,-0.166456,0,77.59,39.46
89.5280,-0.057875,-0.113843,0,77.59,39.46
89.5360,0.016361,-0.052172,0,77.59,39.46
89.5440,0.102320,-0.087249,0,77.59,39.46
89.5520,0.211722,0.020076,0,77.59,39.46
89.5600,0.338706,0.146548,0,77.59,39.46
89.5680,0.470574,0.288592,0,77.59,39.46
89.5760,0.611233,0.438339,0,77.59,39.46
89.5840,0.764591,0.581265,0,77.59,39.46
89.5920,0.919414,0.695869,1,77.59,39.46
89.6000,1.000000,0.758272,1,77.59,39.46
89.6080,1.000000,0.749974,0,77.59,39.46
89.6160,0.946276,0.664087,0,77.59,39.46
89.6240,0.769475,0.507820,0,77.59,39.46
89.6320,0.570208,0.300361,0,77.59,39.46
89.6400,0.376313,0.066757,0,77.59,39.46
89.6480,0.190720,0.182695,0,77.59,39.46
89.6560,0.023687,0.006288,0,77.59,39.46
89.6640,-0.113553,-0.130358,0,77.59,39.46
89.6720,-0.195604,-0.219253,0,77.59,39.46
89.6800,-0.232723,-0.259535,0,77.59,39.46
89.6880,-0.226374,-0.257437,0,77.59,39.46
89.6960,-0.187790,-0.224905,0,77.59,39.46
89.7040,-0.134066,-0.177013,0,77.59,39.46
89.7120,-0.084249,-0.128541,0,77.59,39.46
89.7200,-0.047131,-0.090665,0,77.59,39.46
89.7280,-0.030037,-0.068782,0,77.59,39.46
89.7360,-0.026618,-0.061963,0,77.59,39.46
89.7440,-0.036874,-0.063965,0,77.59,39.46
89.7520,-0.051526,0.016424,0,77.59,39.46
89.7600,-0.067155,0.004003,0,77.59,39.46
89.7680,-0.081319,-0.007849,0,77.59,39.46
89.7760,-0.090110,-0.017342,0,77.59,39.46
89.7840,-0.094505,-0.024320,0,77.59,39.46
89.7920,-0.098901,-0.029487,0,77.59,39.46
89.8000,-0.104762,-0.033415,0,77.59,39.46
89.8080,-0.110134,-0.035968,0,77.59,39.46
89.8160,-0.114042,-0.036439,0,77.59,39.46
89.8240,-0.113553,-0.034122,0,77.59,39.46
89.8320,-0.110623,-0.028854,0,77.59,39.46
89.8400,-0.106227,-0.021176,0,77.59,39.46
89.8480,-0.104762,-0.012121,0,77.59,39.46
89.8560,-0.104274,-0.261176,0,77.59,39.46
89.8640,-0.103297,-0.259740,0,77.59,39.46
89.8720,-0.105739,-0.255961,0,77.59,39.46
89.8800,-0.106227,-0.249017,0,77.59,39.46
89.8880,-0.109646,-0.238285,0,77.59,39.46
89.8960,-0.108669,-0.223752,0,77.59,39.46
89.9040,-0.109158,-0.206249,0,77.59,39.46
89.9120,-0.108669,-0.187339,0,77.59,39.46
89.9200,-0.106716,-0.168930,0,77.59,39.46
89.9280,-0.106227,-0.152756,0,77.59,39.46
89.9360,-0.103785,-0.139842,0,77.59,39.46
89.9440,-0.101343,-0.130146,0,77.59,39.46
89.9520,-0.098901,-0.122499,0,77.59,39.46
89.9600,-0.099878,-0.000325,0,77.59,39.46
89.9680,-0.101343,-0.000358,0,77.59,39.46
89.9760,-0.100855,-0.002087,0,77.59,39.46
89.9840,-0.098413,-0.004350,0,77.59,39.46
89.9920,-0.097924,-0.006305,0,77.59,39.46
90.0000,-0.096459,-0.007427,0,77.59,39.46
90.0080,-0.094994,-0.007523,0,77.59,39.46
90.0160,-0.093040,-0.006733,0,77.59,39.46
90.0240,-0.092552,-0.005424,0,77.59,39.46
90.0320,-0.091087,-0.003997,0,77.59,39.46
90.0400,-0.092063,-0.002707,0,77.59,39.46
90.0480,-0.093040,-0.001589,0,77.59,39.46
90.0560,-0.092063,-0.000560,0,77.59,39.46
90.0640,-0.088645,-0.003826,0,77.59,39.46
90.0720,-0.085714,-0.001367,0,77.59,39.46
90.0800,-0.084737,0.001198,0,77.59,39.46
90.0880,-0.080830,0.003539,0,77.59,39.46
90.0960,-0.078388,0.005200,0,77.59,39.46
90.1040,-0.074481,0.005687,0,77.59,39.46
90.1120,-0.074969,0.004811,0,77.59,39.46
90.1200,-0.078388,0.002974,0,77.59,39.46
90.1280,-0.079853,0.001027,0,77.59,39.46
90.1360,-0.079853,-0.000227,0,77.59,39.46
90.1440,-0.077900,-0.000424,0,77.59,39.46
90.1520,-0.075946,0.000323,0,77.59,39.46
90.1600,-0.073504,0.001592,0,77.59,39.46
90.1680,-0.071062,0.006338,0,77.59,39.46
90.1760,-0.067155,0.008925,0,77.59,39.46
90.1840,-0.062271,0.010752,0,77.59,39.46
90.1920,-0.060806,0.011117,0,77.59,39.46
90.2000,-0.061294,0.009756,0,77.59,39.46
90.2080,-0.064713,0.007010,0,77.59,39.46
90.2160,-0.066667,0.003664,0,77.59,39.46
90.2240,-0.068620,0.000613,0,77.59,39.46
90.2320,-0.069109,-0.001375,0,77.59,39.46
90.2400,-0.069109,-0.001767,0,77.59,39.46
90.2480,-0.067155,-0.000364,0,77.59,39.46
90.2560,-0.061783,0.002589,0,77.59,39.46
90.2640,-0.056899,0.006425,0,77.59,39.46
90.2720,-0.055433,0.007749,0,77.59,39.46
90.2800,-0.055922,0.008098,0,77.59,39.46
90.2880,-0.056899,0.008031,0,77.59,39.46
90.2960,-0.054457,0.008161,0,77.59,39.46
90.3040,-0.053480,0.008849,0,77.59,39.46
90.3120,-0.050061,0.010101,0,77.59,39.46
90.3200,-0.047619,0.011662,0,77.59,39.46
90.3280,-0.046154,0.013124,0,77.59,39.46
90.3360,-0.043712,0.013979,0,77.59,39.46
90.3440,-0.040293,0.013651,0,77.59,39.46
90.3520,-0.041758,0.011750,0,77.59,39.46
90.3600,-0.045177,0.008384,0,77.59,39.46
90.3680,-0.048107,0.004155,0,77.59,39.46
90.3760,-0.047131,-0.002037,0,77.59,39.46
90.3840,-0.044200,-0.001960,0,77.59,39.46
90.3920,-0.041270,-0.000638,0,77.59,39.46
90.4000,-0.039316,0.001616,0,77.59,39.46
90.4080,-0.035897,0.004438,0,77.59,39.46
90.4160,-0.031013,0.007321,0,77.59,39.46
90.4240,-0.026129,0.009613,0,77.59,39.46
90.4320,-0.024176,0.010745,0,77.59,39.46
90.4400,-0.023199,0.010498,0,77.59,39.46
90.4480,-0.025641,0.009038,0,77.59,39.46
90.4560,-0.024664,0.006685,0,77.59,39.46
90.4640,-0.025641,0.003718,0,77.59,39.46
90.4720,-0.028083,0.000403,0,77.59,39.46
90.4800,-0.028083,-0.001187,0,77.59,39.46
90.4880,-0.024664,-0.000338,0,77.59,39.46
90.4960,-0.021245,0.001256,0,77.59,39.46
90.5040,-0.015873,0.002686,0,77.59,39.46
90.5120,-0.014408,0.003200,0,77.59,39.46
90.5200,-0.014896,0.002674,0,77.59,39.46
90.5280,-0.017827,0.001655,0,77.59,39.46
90.5360,-0.016361,0.000875,0,77.59,39.46
90.5440,-0.013919,0.000698,0,77.59,39.46
90.5520,-0.010501,0.000978,0,77.59,39.46
90.5600,-0.008547,0.001335,0,77.59,39.46
90.5680,-0.007570,0.001511,0,77.59,39.46
90.5760,-0.006593,0.001502,0,77.59,39.46
90.5840,-0.005617,0.052295,0,77.59,39.46
90.5920,-0.007570,0.050481,0,77.59,39.46
90.6000,-0.013919,0.047451,0,77.59,39.46
90.6080,-0.020757,0.044189,0,77.59,39.46
90.6160,-0.023199,0.041639,0,77.59,39.46
90.6240,-0.023687,0.040164,0,77.59,39.46
90.6320,-0.025153,0.039505,0,77.59,39.46
90.6400,-0.026618,0.039107,0,77.59,39.46
90.6480,-0.030037,0.038360,0,77.59,39.46
90.6560,-0.031013,0.036621,0,77.59,39.46
90.6640,-0.033455,0.033293,0,77.59,39.46
90.6720,-0.038828,0.028172,0,77.59,39.46
90.6800,-0.049084,0.021832,0,77.59,39.46
90.6880,-0.055433,0.029141,0,77.59,39.46
90.6960,-0.062759,0.025196,0,77.59,39.46
90.7040,-0.065690,0.023090,0,77.59,39.46
90.7120,-0.067155,0.022819,0,77.59,39.46
90.7200,-0.067643,0.023806,0,77.59,39.46
90.7280,-0.069597,0.025169,0,77.59,39.46
90.7360,-0.070085,0.025947,0,77.59,39.46
90.7440,-0.070574,0.025317,0,77.59,39.46
90.7520,-0.077411,0.022962,0,77.59,39.46
90.7600,-0.085226,0.019323,0,77.59,39.46
90.7680,-0.094017,0.015357,0,77.59,39.46
90.7760,-0.100855,0.011886,0,77.59,39.46
90.7840,-0.102808,0.009030,0,77.59,39.46
90.7920,-0.104762,-0.023874,0,77.59,39.46
90.8000,-0.105739,-0.023171,0,77.59,39.46
90.8080,-0.106716,-0.021649,0,77.59,39.46
90.8160,-0.103785,-0.020231,0,77.59,39.46
90.8240,-0.104762,-0.019744,0,77.59,39.46
90.8320,-0.109158,-0.020470,0,77.59,39.46
90.8400,-0.113553,-0.021968,0,77.59,39.46
90.8480,-0.117460,-0.023355,0,77.59,39.46
90.8560,-0.121368,-0.023736,0,77.59,39.46
90.8640,-0.121368,-0.022571,0,77.59,39.46
90.8720,-0.119902,-0.019831,0,77.59,39.46
90.8800,-0.119902,-0.015868,0,77.59,39.46
90.8880,-0.117460,-0.011238,0,77.59,39.46
90.8960,-0.115995,-0.026099,0,77.59,39.46
90.9040,-0.113553,-0.024044,0,77.59,39.46
90.9120,-0.115507,-0.023187,0,77.59,39.46
90.9200,-0.116972,-0.023308,0,77.59,39.46
90.9280,-0.121856,-0.023752,0,77.59,39.46
90.9360,-0.121856,-0.023796,0,77.59,39.46
90.9440,-0.122344,-0.023008,0,77.59,39.46
90.9520,-0.122344,-0.021335,0,77.59,39.46
90.9600,-0.121368,-0.019017,0,77.59,39.46
90.9680,-0.119414,-0.016491,0,77.59,39.46
90.9760,-0.118437,-0.014224,0,77.59,39.46
90.9840,-0.117460,-0.012487,0,77.59,39.46
90.9920,-0.118926,-0.011176,0,77.59,39.46
91.0000,-0.123810,-0.020125,0,77.59,39.46
91.0080,-0.125763,-0.021536,0,77.59,39.46
91.0160,-0.127717,-0.021831,0,77.59,39.46
91.0240,-0.125275,-0.020573,0,77.59,39.46
91.0320,-0.121856,-0.017899,0,77.59,39.46
91.0400,-0.119414,-0.014304,0,77.59,39.46
91.0480,-0.116972,-0.010384,0,77.59,39.46
91.0560,-0.113553,-0.006788,0,77.59,39.46
91.0640,-0.109646,-0.004245,0,77.59,39.46
91.0720,-0.107692,-0.003389,0,77.59,39.46
91.0800,-0.110623,-0.004441,0,77.59,39.46
91.0880,-0.112576,-0.007080,0,77.59,39.46
91.0960,-0.115995,-0.010598,0,77.59,39.46
91.1040,-0.115507,-0.002559,0,77.59,39.46
91.1120,-0.114042,-0.001618,0,77.59,39.46
91.1200,-0.112088,0.000620,0,77.59,39.46
91.1280,-0.108669,0.003586,0,77.59,39.46
91.1360,-0.103297,0.006437,0,77.59,39.46
91.1440,-0.101832,0.008399,0,77.59,39.46
91.1520,-0.101832,0.009122,0,77.59,39.46
91.1600,-0.102808,0.008732,0,77.59,39.46
91.1680,-0.103297,0.007597,0,77.59,39.46
91.1760,-0.104274,0.006057,0,77.59,39.46
91.1840,-0.104762,0.004324,0,77.59,39.46
91.1920,-0.106716,0.002505,0,77.59,39.46
91.2000,-0.107692,0.000656,0,77.59,39.46
91.2080,-0.105739,-0.006131,0,77.59,39.46
91.2160,-0.105739,-0.006567,0,77.59,39.46
91.2240,-0.104274,-0.007133,0,77.59,39.46
91.2320,-0.104762,-0.007896,0,77.59,39.46
91.2400,-0.106227,-0.008579,0,77.59,39.46
91.2480,-0.106716,-0.008723,0,77.59,39.46
91.2560,-0.103785,-0.008046,0,77.59,39.46
91.2640,-0.101343,-0.006661,0,77.59,39.46
91.2720,-0.097924,-0.004988,0,77.59,39.46
91.2800,-0.095971,-0.003519,0,77.59,39.46
91.2880,-0.093529,-0.002619,0,77.59,39.46
91.2960,-0.092552,-0.002390,0,77.59,39.46
91.3040,-0.092552,-0.002621,0,77.59,39.46
91.3120,-0.093529,0.005761,0,77.59,39.46
91.3200,-0.098413,0.002829,0,77.59,39.46
91.3280,-0.100855,0.000245,0,77.59,39.46
91.3360,-0.101343,-0.001203,0,77.59,39.46
91.3440,-0.099878,-0.001210,0,77.59,39.46
91.3520,-0.096947,0.000046,0,77.59,39.46
91.3600,-0.095482,0.002123,0,77.59,39.46
91.3680,-0.093529,0.004479,0,77.59,39.46
91.3760,-0.090598,0.006455,0,77.59,39.46
91.3840,-0.086691,0.007276,0,77.59,39.46
91.3920,-0.086691,0.006355,0,77.59,39.46
91.4000,-0.091087,0.003704,0,77.59,39.46
91.4080,-0.094017,0.000007,0,77.59,39.46
91.4160,-0.096459,0.003596,0,77.59,39.46
91.4240,-0.095482,0.002203,0,77.59,39.46
91.4320,-0.094994,0.001751,0,77.59,39.46
91.4400,-0.095971,0.002104,0,77.59,39.46
91.4480,-0.094994,0.003001,0,77.59,39.46
91.4560,-0.092063,0.004015,0,77.59,39.46
91.4640,-0.090598,0.004632,0,77.59,39.46
91.4720,-0.091087,0.004552,0,77.59,39.46
91.4800,-0.093040,0.003869,0,77.59,39.46
91.4880,-0.094017,0.002940,0,77.59,39.46
91.4960,-0.094017,0.002090,0,77.59,39.46
91.5040,-0.094017,0.001446,0,77.59,39.46
91.5120,-0.094017,0.000951,0,77.59,39.46
91.5200,-0.091087,0.002109,0,77.59,39.46
91.5280,-0.090110,0.003469,0,77.59,39.46
91.5360,-0.087179,0.004336,0,77.59,39.46
91.5440,-0.086203,0.004212,0,77.59,39.46
91.5520,-0.088156,0.003015,0,77.59,39.46
91.5600,-0.091087,0.001206,0,77.59,39.46
91.5680,-0.094017,-0.000456,0,77.59,39.46
91.5760,-0.093529,-0.001374,0,77.59,39.46
91.5840,-0.092552,-0.001399,0,77.59,39.46
91.5920,-0.091087,-0.000760,0,77.59,39.46
91.6000,-0.090110,0.000213,0,77.59,39.46
91.6080,-0.090110,0.001306,0,77.59,39.46
91.6160,-0.088645,0.002434,0,77.59,39.46
91.6240,-0.086203,0.003195,0,77.59,39.46
91.6320,-0.090110,0.001617,0,77.59,39.46
91.6400,-0.092552,-0.000424,0,77.59,39.46
91.6480,-0.095971,-0.002055,0,77.59,39.46
91.6560,-0.095482,-0.002555,0,77.59,39.46
91.6640,-0.093529,-0.001708,0,77.59,39.46
91.6720,-0.092063,0.000182,0,77.59,39.46
91.6800,-0.088645,0.002476,0,77.59,39.46
91.6880,-0.087179,0.004416,0,77.59,39.46
91.6960,-0.086203,0.005317,0,77.59,39.46
91.7040,-0.085714,0.004734,0,77.59,39.46
91.7120,-0.087179,0.002631,0,77.59,39.46
91.7200,-0.092063,-0.000459,0,77.59,39.46
91.7280,-0.096459,-0.000787,0,77.59,39.46
91.7360,-0.097924,-0.001932,0,77.59,39.46
91.7440,-0.095971,-0.001194,0,77.59,39.46
91.7520,-0.093040,0.001172,0,77.59,39.46
91.7600,-0.088645,0.004339,0,77.59,39.46
91.7680,-0.085714,0.007301,0,77.59,39.46
91.7760,-0.084249,0.009233,0,77.59,39.46
91.7840,-0.083761,0.009698,0,77.59,39.46
91.7920,-0.085226,0.008688,0,77.59,39.46
91.8000,-0.087179,0.006570,0,77.59,39.46
91.8080,-0.092063,0.003942,0,77.59,39.46
91.8160,-0.094505,0.001352,0,77.59,39.46
91.8240,-0.094994,-0.001025,0,77.59,39.46
91.8320,-0.093040,-0.004533,0,77.59,39.46
91.8400,-0.090598,-0.002123,0,77.59,39.46
91.8480,-0.087179,0.000827,0,77.59,39.46
91.8560,-0.084249,0.003331,0,77.59,39.46
91.8640,-0.080342,0.004517,0,77.59,39.46
91.8720,-0.082784,0.004017,0,77.59,39.46
91.8800,-0.085714,0.002204,0,77.59,39.46
91.8880,-0.089133,-0.000020,0,77.59,39.46
91.8960,-0.090598,-0.001731,0,77.59,39.46
91.9040,-0.090598,-0.002398,0,77.59,39.46
91.9120,-0.089133,-0.001994,0,77.59,39.46
91.9200,-0.087179,-0.000845,0,77.59,39.46
91.9280,-0.086691,0.000644,0,77.59,39.46
91.9360,-0.084737,-0.005028,0,77.59,39.46
91.9440,-0.082295,-0.004584,0,77.59,39.46
91.9520,-0.082295,-0.004972,0,77.59,39.46
91.9600,-0.085226,-0.005948,0,77.59,39.46
91.9680,-0.085714,-0.006936,0,77.59,39.46
91.9760,-0.085714,-0.007380,0,77.59,39.46
91.9840,-0.084737,-0.007004,0,77.59,39.46
91.9920,-0.083272,-0.005875,0,77.59,39.46
92.0000,-0.080342,-0.004329,0,77.59,39.46
92.0080,-0.079365,-0.002840,0,77.59,39.46
92.0160,-0.076923,-0.001858,0,77.59,39.46
92.0240,-0.074481,-0.001642,0,77.59,39.46
92.0320,-0.076923,-0.002025,0,77.59,39.46
92.0400,-0.080830,0.006330,0,77.59,39.46
92.0480,-0.085714,0.003327,0,77.59,39.46
92.0560,-0.087179,0.000992,0,77.59,39.46
92.0640,-0.087179,-0.000154,0,77.59,39.46
92.0720,-0.087179,-0.000099,0,77.59,39.46
92.0800,-0.085714,0.000844,0,77.59,39.46
92.0880,-0.085226,0.002217,0,77.59,39.46
92.0960,-0.084249,0.003516,0,77.59,39.46
92.1040,-0.080830,0.004240,0,77.59,39.46
92.1120,-0.082784,0.004078,0,77.59,39.46
92.1200,-0.084249,0.003096,0,77.59,39.46
92.1280,-0.086691,0.001636,0,77.59,39.46
92.1360,-0.086691,0.000021,0,77.59,39.46
92.1440,-0.085714,-0.006799,0,77.59,39.46
92.1520,-0.083272,-0.005390,0,77.59,39.46
92.1600,-0.080830,-0.003409,0,77.59,39.46
92.1680,-0.078388,-0.001422,0,77.59,39.46
92.1760,-0.075458,0.000001,0,77.59,39.46
92.1840,-0.075458,0.000472,0,77.59,39.46
92.1920,-0.074969,-0.000043,0,77.59,39.46
92.2000,-0.077411,-0.001197,0,77.59,39.46
92.2080,-0.079365,-0.002397,0,77.59,39.46
92.2160,-0.078877,-0.003104,0,77.59,39.46
92.2240,-0.078877,-0.003080,0,77.59,39.46
92.2320,-0.075946,-0.002427,0,77.59,39.46
92.2400,-0.075458,-0.001443,0,77.59,39.46
92.2480,-0.074481,0.003950,0,77.59,39.46
92.2560,-0.072527,0.005143,0,77.59,39.46
92.2640,-0.070574,0.005757,0,77.59,39.46
92.2720,-0.070085,0.005468,0,77.59,39.46
92.2800,-0.072039,0.004239,0,77.59,39.46
92.2880,-0.075946,0.002419,0,77.59,39.46
92.2960,-0.077900,0.000552,0,77.59,39.46
92.3040,-0.078388,-0.000892,0,77.59,39.46
92.3120,-0.079365,-0.001632,0,77.59,39.46
92.3200,-0.080342,-0.001532,0,77.59,39.46
92.3280,-0.078388,-0.000590,0,77.59,39.46
92.3360,-0.076923,0.001021,0,77.59,39.46
92.3440,-0.074481,0.002998,0,77.59,39.46
92.3520,-0.075458,0.001272,0,77.59,39.46
92.3600,-0.075946,0.000854,0,77.59,39.46
92.3680,-0.077411,0.000116,0,77.59,39.46
92.3760,-0.077411,-0.000559,0,77.59,39.46
92.3840,-0.077411,-0.000894,0,77.59,39.46
92.3920,-0.076923,-0.000755,0,77.59,39.46
92.4000,-0.076435,-0.000118,0,77.59,39.46
92.4080,-0.076923,0.000913,0,77.59,39.46
92.4160,-0.073504,0.002010,0,77.59,39.46
92.4240,-0.071062,0.002647,0,77.59,39.46
92.4320,-0.072039,0.002431,0,77.59,39.46
92.4400,-0.074481,0.001388,0,77.59,39.46
92.4480,-0.074969,-0.000119,0,77.59,39.46
92.4560,-0.070574,-0.043083,0,77.59,39.46
92.4640,-0.070085,-0.043062,0,77.59,39.46
92.4720,-0.067643,-0.042071,0,77.59,39.46
92.4800,-0.063736,-0.040181,0,77.59,39.46
92.4880,-0.060806,-0.037686,0,77.59,39.46
92.4960,-0.052991,-0.035177,0,77.59,39.46
92.5040,-0.047131,-0.033328,0,77.59,39.46
92.5120,-0.046154,-0.032363,0,77.59,39.46
92.5200,-0.046154,-0.031745,0,77.59,39.46
92.5280,-0.043223,-0.030513,0,77.59,39.46
92.5360,-0.038828,-0.027936,0,77.59,39.46
92.5440,-0.031013,-0.023933,0,77.59,39.46
92.5520,-0.023687,-0.019059,0,77.59,39.46
92.5600,-0.020269,0.013097,0,77.59,39.46
92.5680,-0.015873,0.017752,0,77.59,39.46
92.5760,-0.010012,0.022138,0,77.59,39.46
92.5840,-0.006593,0.026083,0,77.59,39.46
92.5920,-0.001709,0.029132,0,77.59,39.46
92.6000,0.003663,0.030571,0,77.59,39.46
92.6080,0.005617,0.029738,0,77.59,39.46
92.6160,0.003663,0.026603,0,77.59,39.46
92.6240,-0.004151,0.022062,0,77.59,39.46
92.6320,-0.007570,0.017537,0,77.59,39.46
92.6400,-0.008059,0.014139,0,77.59,39.46
92.6480,-0.008059,0.012163,0,77.59,39.46
92.6560,-0.006105,0.011111,0,77.59,39.46
92.6640,-0.006105,0.079614,0,77.59,39.46
92.6720,-0.007570,0.078232,0,77.59,39.46
92.6800,-0.015873,0.074953,0,77.59,39.46
92.6880,-0.023199,0.070349,0,77.59,39.46
92.6960,-0.029548,0.065199,0,77.59,39.46
92.7040,-0.033455,0.059995,0,77.59,39.46
92.7120,-0.039805,0.054933,0,77.59,39.46
92.7200,-0.047131,0.050202,0,77.59,39.46
92.7280,-0.054457,0.046061,0,77.59,39.46
92.7360,-0.056899,0.042627,0,77.59,39.46
92.7440,-0.061783,0.039759,0,77.59,39.46
92.7520,-0.065201,0.037200,0,77.59,39.46
92.7600,-0.070085,0.034770,0,77.59,39.46
92.7680,-0.073504,-0.007182,0,77.59,39.46
92.7760,-0.076435,-0.009252,0,77.59,39.46
92.7840,-0.077411,-0.010409,0,77.59,39.46
92.7920,-0.077900,-0.010718,0,77.59,39.46
92.8000,-0.080342,-0.010337,0,77.59,39.46
92.8080,-0.079365,-0.009536,0,77.59,39.46
92.8160,-0.078388,-0.008737,0,77.59,39.46
92.8240,-0.078877,-0.008365,0,77.59,39.46
92.8320,-0.078877,-0.008530,0,77.59,39.46
92.8400,-0.085714,-0.008848,0,77.59,39.46
92.8480,-0.086203,-0.008705,0,77.59,39.46
92.8560,-0.085714,-0.007793,0,77.59,39.46
92.8640,-0.085714,-0.006324,0,77.59,39.46
92.8720,-0.085714,-0.029632,0,77.59,39.46
92.8800,-0.085714,-0.026945,0,77.59,39.46
92.8880,-0.083272,-0.023534,0,77.59,39.46
92.8960,-0.078388,-0.020149,0,77.59,39.46
92.9040,-0.075946,-0.017754,0,77.59,39.46
92.9120,-0.077411,-0.016957,0,77.59,39.46
92.9200,-0.080830,-0.017585,0,77.59,39.46
92.9280,-0.085714,-0.018776,0,77.59,39.46
92.9360,-0.088156,-0.019487,0,77.59,39.46
92.9440,-0.087668,-0.019053,0,77.59,39.46
92.9520,-0.086691,-0.017387,0,77.59,39.46
92.9600,-0.085714,-0.014808,0,77.59,39.46
92.9680,-0.084737,-0.011771,0,77.59,39.46
92.9760,-0.082784,-0.000642,0,77.59,39.46
92.9840,-0.082295,0.001292,0,77.59,39.46
92.9920,-0.082784,0.002499,0,77.59,39.46
93.0000,-0.085226,0.003328,0,77.59,39.46
93.0080,-0.085714,0.004351,0,77.59,39.46
93.0160,-0.085714,0.006024,0,77.59,39.46
93.0240,-0.084249,0.008425,0,77.59,39.46
93.0320,-0.082784,0.011164,0,77.59,39.46
93.0400,-0.080830,0.013414,0,77.59,39.46
93.0480,-0.078877,0.014081,0,77.59,39.46
93.0560,-0.080342,0.012199,0,77.59,39.46
93.0640,-0.083272,0.007511,0,77.59,39.46
93.0720,-0.094994,0.000925,0,77.59,39.46
93.0800,-0.112088,-0.496573,0,77.59,39.46
93.0880,-0.132601,-0.538682,0,77.59,39.46
93.0960,-0.154579,-0.580944,0,77.59,39.46
93.1040,-0.170696,-0.618741,0,77.59,39.46
93.1120,-0.178022,-0.647234,0,77.59,39.46
93.1200,-0.169719,-0.662151,0,77.59,39.46
93.1280,-0.146764,-0.660331,0,77.59,39.46
93.1360,-0.100855,-0.639895,0,77.59,39.46
93.1440,-0.040293,-0.599975,0,77.59,39.46
93.1520,0.031990,-0.540342,0,77.59,39.46
93.1600,0.123810,-0.461794,0,77.59,39.46
93.1680,0.235653,-0.367525,0,77.59,39.46
93.1760,0.367521,-0.264216,0,77.59,39.46
93.1840,0.508181,0.633824,0,77.59,39.46
93.1920,0.650305,0.750759,0,77.59,39.46
93.2000,0.812943,0.860077,0,77.59,39.46
93.2080,0.970696,0.946826,0,77.59,39.46
93.2160,1.000000,0.996461,1,77.59,39.46
93.2240,1.000000,1.000000,1,77.59,39.46
93.2320,0.915995,0.957085,0,77.59,39.46
93.2400,0.712332,0.876794,0,77.59,39.46
93.2480,0.513065,0.775088,0,77.59,39.46
93.2560,0.321123,0.668760,0,77.59,39.46
93.2640,0.143346,0.569696,0,77.59,39.46
93.2720,-0.014896,0.482210,0,77.59,39.46
93.2800,-0.134066,0.403070,0,77.59,39.46
93.2880,-0.203907,-0.211385,0,77.59,39.46
93.2960,-0.226374,-0.239944,0,77.59,39.46
93.3040,-0.212210,-0.231684,0,77.59,39.46
93.3120,-0.174115,-0.198487,0,77.59,39.46
93.3200,-0.125763,-0.153729,0,77.59,39.46
93.3280,-0.080342,-0.109625,0,77.59,39.46
93.3360,-0.048107,-0.075147,0,77.59,39.46
93.3440,-0.031013,-0.054975,0,77.59,39.46
93.3520,-0.029548,-0.049644,0,77.59,39.46
93.3600,-0.040293,-0.056675,0,77.59,39.46
93.3680,-0.055433,-0.072224,0,77.59,39.46
93.3760,-0.070574,-0.092595,0,77.59,39.46
93.3840,-0.087179,-0.114955,0,77.59,39.46
93.3920,-0.101343,-0.070156,0,77.59,39.46
93.4000,-0.110134,-0.079178,0,77.59,39.46
93.4080,-0.110623,-0.083727,0,77.59,39.46
93.4160,-0.110134,-0.084658,0,77.59,39.46
93.4240,-0.105739,-0.083397,0,77.59,39.46
93.4320,-0.101832,-0.081314,0,77.59,39.46
93.4400,-0.101832,-0.079203,0,77.59,39.46
93.4480,-0.101832,-0.077083,0,77.59,39.46
93.4560,-0.102808,-0.074386,0,77.59,39.46
93.4640,-0.104762,-0.070307,0,77.59,39.46
93.4720,-0.108669,-0.064161,0,77.59,39.46
93.4800,-0.113065,-0.055782,0,77.59,39.46
93.4880,-0.115507,-0.045868,0,77.59,39.46
93.4960,-0.114530,-0.197390,0,77.59,39.46
93.5040,-0.111111,-0.181599,0,77.59,39.46
93.5120,-0.108181,-0.161538,0,77.59,39.46
93.5200,-0.103785,-0.139053,0,77.59,39.46
93.5280,-0.100855,-0.116482,0,77.59,39.46
93.5360,-0.095971,-0.096297,0,77.59,39.46
93.5440,-0.094505,-0.080579,0,77.59,39.46
93.5520,-0.096459,-0.070413,0,77.59,39.46
93.5600,-0.101343,-0.065656,0,77.59,39.46
93.5680,-0.102808,-0.065276,0,77.59,39.46
93.5760,-0.106227,-0.067921,0,77.59,39.46
93.5840,-0.104274,-0.072355,0,77.59,39.46
93.5920,-0.102808,-0.077634,0,77.59,39.46
93.6000,-0.101343,-0.018666,0,77.59,39.46
93.6080,-0.098901,-0.019508,0,77.59,39.46
93.6160,-0.094505,-0.020140,0,77.59,39.46
93.6240,-0.093529,-0.020855,0,77.59,39.46
93.6320,-0.094017,-0.021719,0,77.59,39.46
93.6400,-0.096947,-0.022409,0,77.59,39.46
93.6480,-0.097924,-0.022437,0,77.59,39.46
93.6560,-0.095971,-0.021515,0,77.59,39.46
93.6640,-0.094017,-0.019708,0,77.59,39.46
93.6720,-0.091575,-0.017272,0,77.59,39.46
93.6800,-0.088645,-0.014438,0,77.59,39.46
93.6880,-0.085714,-0.011349,0,77.59,39.46
93.6960,-0.080830,-0.008130,0,77.59,39.46
93.7040,-0.080342,0.003075,0,77.59,39.46
93.7120,-0.080830,0.001847,0,77.59,39.46
93.7200,-0.085226,-0.000113,0,77.59,39.46
93.7280,-0.084737,-0.001856,0,77.59,39.46
93.7360,-0.085226,-0.002617,0,77.59,39.46
93.7440,-0.084249,-0.002056,0,77.59,39.46
93.7520,-0.080342,-0.000310,0,77.59,39.46
93.7600,-0.077900,0.002063,0,77.59,39.46
93.7680,-0.073016,0.004245,0,77.59,39.46
93.7760,-0.070085,0.005421,0,77.59,39.46
93.7840,-0.070085,0.005105,0,77.59,39.46
93.7920,-0.070085,0.003337,0,77.59,39.46
93.8000,-0.072527,0.000674,0,77.59,39.46
93.8080,-0.072039,0.005678,0,77.59,39.46
93.8160,-0.072039,0.004491,0,77.59,39.46
93.8240,-0.070574,0.003755,0,77.59,39.46
93.8320,-0.071062,0.003514,0,77.59,39.46
93.8400,-0.070574,0.003828,0,77.59,39.46
93.8480,-0.069597,0.004673,0,77.59,39.46
93.8560,-0.066667,0.005769,0,77.59,39.46
93.8640,-0.062759,0.006592,0,77.59,39.46
93.8720,-0.061783,0.006669,0,77.59,39.46
93.8800,-0.062759,0.005943,0,77.59,39.46
93.8880,-0.065201,0.004792,0,77.59,39.46
93.8960,-0.063736,0.003645,0,77.59,39.46
93.9040,-0.062759,0.002639,0,77.59,39.46
93.9120,-0.059341,-0.003019,0,77.59,39.46
93.9200,-0.056899,-0.001640,0,77.59,39.46
93.9280,-0.054457,-0.000238,0,77.59,39.46
93.9360,-0.051526,0.000695,0,77.59,39.46
93.9440,-0.049084,0.000782,0,77.59,39.46
93.9520,-0.048596,-0.000043,0,77.59,39.46
93.9600,-0.051038,-0.001408,0,77.59,39.46
93.9680,-0.051038,-0.002688,0,77.59,39.46
93.9760,-0.049084,-0.003381,0,77.59,39.46
93.9840,-0.047131,-0.003296,0,77.59,39.46
93.9920,-0.045177,-0.002449,0,77.59,39.46
94.0000,-0.043712,-0.000955,0,77.59,39.46
94.0080,-0.039316,0.000935,0,77.59,39.46
94.0160,-0.037363,-0.001918,0,77.59,39.46
94.0240,-0.033455,-0.001662,0,77.59,39.46
94.0320,-0.033455,-0.002355,0,77.59,39.46
94.0400,-0.036386,-0.003720,0,77.59,39.46
94.0480,-0.033455,-0.005236,0,77.59,39.46
94.0560,-0.034432,-0.006437,0,77.59,39.46
94.0640,-0.032479,-0.006997,0,77.59,39.46
94.0720,-0.031013,-0.006706,0,77.59,39.46
94.0800,-0.031013,-0.005523,0,77.59,39.46
94.0880,-0.024176,-0.003733,0,77.59,39.46
94.0960,-0.019780,-0.001953,0,77.59,39.46
94.1040,-0.015873,-0.000726,0,77.59,39.46
94.1120,-0.016361,-0.000054,0,77.59,39.46
94.1200,-0.020757,0.011418,0,77.59,39.46
94.1280,-0.022222,0.008983,0,77.59,39.46
94.1360,-0.023199,0.007293,0,77.59,39.46
94.1440,-0.022222,0.006998,0,77.59,39.46
94.1520,-0.018803,0.008162,0,77.59,39.46
94.1600,-0.015385,0.010350,0,77.59,39.46
94.1680,-0.012454,0.012833,0,77.59,39.46
94.1760,-0.007570,0.014779,0,77.59,39.46
94.1840,-0.006105,0.015470,0,77.59,39.46
94.1920,-0.007082,0.014525,0,77.59,39.46
94.2000,-0.007570,0.011954,0,77.59,39.46
94.2080,-0.010012,0.008071,0,77.59,39.46
94.2160,-0.013919,0.003442,0,77.59,39.46
94.2240,-0.015873,0.054755,0,77.59,39.46
94.2320,-0.018803,0.053352,0,77.59,39.46
94.2400,-0.022222,0.052384,0,77.59,39.46
94.2480,-0.023199,0.051649,0,77.59,39.46
94.2560,-0.023687,0.050618,0,77.59,39.46
94.2640,-0.026618,0.048692,0,77.59,39.46
94.2720,-0.031013,0.045612,0,77.59,39.46
94.2800,-0.038828,0.041655,0,77.59,39.46
94.2880,-0.045177,0.037430,0,77.59,39.46
94.2960,-0.049084,0.033453,0,77.59,39.46
94.3040,-0.053480,0.029918,0,77.59,39.46
94.3120,-0.059341,0.026786,0,77.59,39.46
94.3200,-0.063248,0.023913,0,77.59,39.46
94.3280,-0.064225,0.019049,0,77.59,39.46
94.3360,-0.065201,0.018070,0,77.59,39.46
94.3440,-0.069597,0.016409,0,77.59,39.46
94.3520,-0.073016,0.013806,0,77.59,39.46
94.3600,-0.082295,0.010519,0,77.59,39.46
94.3680,-0.085714,0.007082,0,77.59,39.46
94.3760,-0.090598,0.003982,0,77.59,39.46
94.3840,-0.094994,0.001571,0,77.59,39.46
94.3920,-0.099878,0.000157,0,77.59,39.46
94.4000,-0.101832,0.000003,0,77.59,39.46
94.4080,-0.105739,0.001211,0,77.59,39.46
94.4160,-0.103785,0.003594,0,77.59,39.46
94.4240,-0.104274,0.006667,0,77.59,39.46
94.4320,-0.108669,-0.023064,0,77.59,39.46
94.4400,-0.112576,-0.024164,0,77.59,39.46
94.4480,-0.114530,-0.025175,0,77.59,39.46
94.4560,-0.116972,-0.025673,0,77.59,39.46
94.4640,-0.117949,-0.025385,0,77.59,39.46
94.4720,-0.119902,-0.024183,0,77.59,39.46
94.4800,-0.120391,-0.022123,0,77.59,39.46
94.4880,-0.118926,-0.019534,0,77.59,39.46
94.4960,-0.117949,-0.016985,0,77.59,39.46
94.5040,-0.117949,-0.015026,0,77.59,39.46
94.5120,-0.120391,-0.013895,0,77.59,39.46
94.5200,-0.123810,-0.013442,0,77.59,39.46
94.5280,-0.125275,-0.013322,0,77.59,39.46
94.5360,-0.125275,-0.029843,0,77.59,39.46
94.5440,-0.124786,-0.027807,0,77.59,39.46
94.5520,-0.122833,-0.024824,0,77.59,39.46
94.5600,-0.121368,-0.021370,0,77.59,39.46
94.5680,-0.116972,-0.018126,0,77.59,39.46
94.5760,-0.116484,-0.015733,0,77.59,39.46
94.5840,-0.116972,-0.014478,0,77.59,39.46
94.5920,-0.118437,-0.014164,0,77.59,39.46
94.6000,-0.121368,-0.014275,0,77.59,39.46
94.6080,-0.121368,-0.014287,0,77.59,39.46
94.6160,-0.121368,-0.013909,0,77.59,39.46
94.6240,-0.122344,-0.013109,0,77.59,39.46
94.6320,-0.121368,-0.012039,0,77.59,39.46
94.6400,-0.120391,-0.017362,0,77.59,39.46
94.6480,-0.116972,-0.015290,0,77.59,39.46
94.6560,-0.114042,-0.013769,0,77.59,39.46
94.6640,-0.114042,-0.013285,0,77.59,39.46
94.6720,-0.115995,-0.013793,0,77.59,39.46
94.6800,-0.117460,-0.014734,0,77.59,39.46
94.6880,-0.118926,-0.015355,0,77.59,39.46
94.6960,-0.118437,-0.015098,0,77.59,39.46
94.7040,-0.115507,-0.013846,0,77.59,39.46
94.7120,-0.112088,-0.011910,0,77.59,39.46
94.7200,-0.109646,-0.009743,0,77.59,39.46
94.7280,-0.107692,-0.007648,0,77.59,39.46
94.7360,-0.105739,-0.005681,0,77.59,39.46
94.7440,-0.107692,0.000273,0,77.59,39.46
94.7520,-0.110134,-0.001395,0,77.59,39.46
94.7600,-0.112088,-0.003061,0,77.59,39.46
94.7680,-0.112088,-0.004079,0,77.59,39.46
94.7760,-0.110623,-0.004143,0,77.59,39.46
94.7840,-0.109646,-0.003272,0,77.59,39.46
94.7920,-0.107692,-0.001692,0,77.59,39.46
94.8000,-0.105739,0.000209,0,77.59,39.46
94.8080,-0.101832,0.001880,0,77.59,39.46
94.8160,-0.100366,0.002728,0,77.59,39.46
94.8240,-0.099389,0.002384,0,77.59,39.46
94.8320,-0.101343,0.000893,0,77.59,39.46
94.8400,-0.102808,-0.001290,0,77.59,39.46
94.8480,-0.103297,0.008412,0,77.59,39.46
94.8560,-0.101343,0.008531,0,77.59,39.46
94.8640,-0.100855,0.009218,0,77.59,39.46
94.8720,-0.097924,0.010199,0,77.59,39.46
94.8800,-0.099878,0.011165,0,77.59,39.46
94.8880,-0.096459,0.011800,0,77.59,39.46
94.8960,-0.095971,0.011779,0,77.59,39.46
94.9040,-0.095971,0.010925,0,77.59,39.46
94.9120,-0.098901,0.009415,0,77.59,39.46
94.9200,-0.100855,0.007719,0,77.59,39.46
94.9280,-0.101832,0.006299,0,77.59,39.46
94.9360,-0.101343,0.005334,0,77.59,39.46
94.9440,-0.101343,0.004682,0,77.59,39.46
94.9520,-0.101343,0.002348,0,77.59,39.46
94.9600,-0.100855,0.003585,0,77.59,39.46
94.9680,-0.096947,0.004954,0,77.59,39.46
94.9760,-0.094017,0.005698,0,77.59,39.46
94.9840,-0.094017,0.005213,0,77.59,39.46
94.9920,-0.096459,0.003502,0,77.59,39.46
95.0000,-0.101343,0.001218,0,77.59,39.46
95.0080,-0.101832,-0.000770,0,77.59,39.46
95.0160,-0.101832,-0.001873,0,77.59,39.46
95.0240,-0.100855,-0.001917,0,77.59,39.46
95.0320,-0.100366,-0.000998,0,77.59,39.46
95.0400,-0.098413,0.000656,0,77.59,39.46
95.0480,-0.095971,0.002715,0,77.59,39.46
95.0560,-0.094017,0.002911,0,77.59,39.46
95.0640,-0.094505,0.001919,0,77.59,39.46
95.0720,-0.099878,-0.000024,0,77.59,39.46
95.0800,-0.101343,-0.002240,0,77.59,39.46
95.0880,-0.101343,-0.004120,0,77.59,39.46
95.0960,-0.102320,-0.005339,0,77.59,39.46
95.1040,-0.102808,-0.005759,0,77.59,39.46
95.1120,-0.102320,-0.005347,0,77.59,39.46
95.1200,-0.101832,-0.004224,0,77.59,39.46
95.1280,-0.098901,-0.002729,0,77.59,39.46
95.1360,-0.095971,-0.001355,0,77.59,39.46
95.1440,-0.094994,-0.000464,0,77.59,39.46
95.1520,-0.095971,-0.000003,0,77.59,39.46
95.1600,-0.098901,0.002794,0,77.59,39.46
95.1680,-0.100855,0.001325,0,77.59,39.46
95.1760,-0.100855,0.000119,0,77.59,39.46
95.1840,-0.101343,-0.000561,0,77.59,39.46
95.1920,-0.101832,-0.000634,0,77.59,39.46
95.2000,-0.101832,-0.000123,0,77.59,39.46
95.2080,-0.101343,0.000804,0,77.59,39.46
95.2160,-0.098901,0.001775,0,77.59,39.46
95.2240,-0.096947,0.002338,0,77.59,39.46
95.2320,-0.098901,0.002246,0,77.59,39.46
95.2400,-0.100366,0.001616,0,77.59,39.46
95.2480,-0.101343,0.000742,0,77.59,39.46
95.2560,-0.101343,-0.000176,0,77.59,39.46
95.2640,-0.101343,-0.002911,0,77.59,39.46
95.2720,-0.098901,-0.001426,0,77.59,39.46
95.2800,-0.096459,0.000480,0,77.59,39.46
95.2880,-0.094017,0.002242,0,77.59,39.46
95.2960,-0.093529,0.003378,0,77.59,39.46
95.3040,-0.092552,0.003658,0,77.59,39.46
95.3120,-0.093040,0.003170,0,77.59,39.46
95.3200,-0.095971,0.002283,0,77.59,39.46
95.3280,-0.096459,0.001437,0,77.59,39.46
95.3360,-0.094994,0.000863,0,77.59,39.46
95.3440,-0.095482,0.000549,0,77.59,39.46
95.3520,-0.096459,0.000410,0,77.59,39.46
95.3600,-0.095971,0.000371,0,77.59,39.46
95.3680,-0.094505,0.000071,0,77.59,39.46
95.3760,-0.092063,0.000963,0,77.59,39.46
95.3840,-0.090110,0.001203,0,77.59,39.46
95.3920,-0.092063,0.000551,0,77.59,39.46
95.4000,-0.094017,-0.000749,0,77.59,39.46
95.4080,-0.095971,-0.002135,0,77.59,39.46
95.4160,-0.096459,-0.003077,0,77.59,39.46
95.4240,-0.095971,-0.003330,0,77.59,39.46
95.4320,-0.094017,-0.002961,0,77.59,39.46
95.4400,-0.094017,-0.002177,0,77.59,39.46
95.4480,-0.093529,-0.001166,0,77.59,39.46
95.4560,-0.090598,-0.000076,0,77.59,39.46
95.4640,-0.090598,0.001005,0,77.59,39.46
95.4720,-0.092552,0.003548,0,77.59,39.46
95.4800,-0.094017,0.003035,0,77.59,39.46
95.4880,-0.093040,0.002791,0,77.59,39.46
95.4960,-0.093529,0.002996,0,77.59,39.46
95.5040,-0.092552,0.003556,0,77.59,39.46
95.5120,-0.089621,0.004154,0,77.59,39.46
95.5200,-0.090598,0.004450,0,77.59,39.46
95.5280,-0.091575,0.004277,0,77.59,39.46
95.5360,-0.090598,0.003652,0,77.59,39.46
95.5440,-0.091575,0.002724,0,77.59,39.46
95.5520,-0.094017,0.001805,0,77.59,39.46
95.5600,-0.096459,0.001245,0,77.59,39.46
95.5680,-0.093529,0.001077,0,77.59,39.46
95.5760,-0.091575,0.001598,0,77.59,39.46
95.5840,-0.090110,0.003370,0,77.59,39.46
95.5920,-0.088645,0.005244,0,77.59,39.46
95.6000,-0.087179,0.006924,0,77.59,39.46
95.6080,-0.085714,0.008165,0,77.59,39.46
95.6160,-0.085714,0.008773,0,77.59,39.46
95.6240,-0.084249,0.008646,0,77.59,39.46
95.6320,-0.086203,0.007859,0,77.59,39.46
95.6400,-0.089133,0.006688,0,77.59,39.46
95.6480,-0.088156,0.005448,0,77.59,39.46
95.6560,-0.090598,0.004321,0,77.59,39.46
95.6640,-0.090598,0.003350,0,77.59,39.46
95.6720,-0.091575,0.002484,0,77.59,39.46
95.6800,-0.091087,-0.011031,0,77.59,39.46
95.6880,-0.086691,-0.010017,0,77.59,39.46
95.6960,-0.084737,-0.009235,0,77.59,39.46
95.7040,-0.084249,-0.009215,0,77.59,39.46
95.7120,-0.085714,-0.010044,0,77.59,39.46
95.7200,-0.086691,-0.011372,0,77.59,39.46
95.7280,-0.087668,-0.012639,0,77.59,39.46
95.7360,-0.088156,-0.013305,0,77.59,39.46
95.7440,-0.086203,-0.013014,0,77.59,39.46
95.7520,-0.085714,-0.011671,0,77.59,39.46
95.7600,-0.080830,-0.009446,0,77.59,39.46
95.7680,-0.076923,-0.006694,0,77.59,39.46
95.7760,-0.074481,-0.003752,0,77.59,39.46
95.7840,-0.076435,0.005353,0,77.59,39.46
95.7920,-0.080342,0.003033,0,77.59,39.46
95.8000,-0.085226,0.000250,0,77.59,39.46
95.8080,-0.088645,-0.001985,0,77.59,39.46
95.8160,-0.088645,-0.002973,0,77.59,39.46
95.8240,-0.086203,-0.002554,0,77.59,39.46
95.8320,-0.085714,-0.001005,0,77.59,39.46
95.8400,-0.082784,0.001128,0,77.59,39.46
95.8480,-0.078388,0.003118,0,77.59,39.46
95.8560,-0.076435,0.004214,0,77.59,39.46
95.8640,-0.076435,0.003937,0,77.59,39.46
95.8720,-0.078388,0.002299,0,77.59,39.46
95.8800,-0.082295,-0.000180,0,77.59,39.46
95.8880,-0.082784,-0.002427,0,77.59,39.46
95.8960,-0.083761,-0.003626,0,77.59,39.46
95.9040,-0.083272,-0.003914,0,77.59,39.46
95.9120,-0.084249,-0.003383,0,77.59,39.46
95.9200,-0.080830,-0.002431,0,77.59,39.46
95.9280,-0.079365,-0.001693,0,77.59,39.46
95.9360,-0.077411,-0.001725,0,77.59,39.46
95.9440,-0.080342,-0.002606,0,77.59,39.46
95.9520,-0.082295,-0.003829,0,77.59,39.46
95.9600,-0.084737,-0.004627,0,77.59,39.46
95.9680,-0.082784,-0.004485,0,77.59,39.46
95.9760,-0.079365,-0.003431,0,77.59,39.46
95.9840,-0.078388,-0.001871,0,77.59,39.46
95.9920,-0.074969,0.001556,0,77.59,39.46
96.0000,-0.075458,0.002483,0,77.59,39.46
96.0080,-0.074481,0.002462,0,77.59,39.46
96.0160,-0.075458,0.001452,0,77.59,39.46
96.0240,-0.076923,-0.000338,0,77.59,39.46
96.0320,-0.078877,-0.002448,0,77.59,39.46
96.0400,-0.082295,-0.004255,0,77.59,39.46
96.0480,-0.083272,-0.005213,0,77.59,39.46
96.0560,-0.080830,-0.005151,0,77.59,39.46
96.0640,-0.078388,-0.004265,0,77.59,39.46
96.0720,-0.079365,-0.002797,0,77.59,39.46
96.0800,-0.078388,-0.000859,0,77.59,39.46
96.0880,-0.074969,0.001395,0,77.59,39.46
96.0960,-0.071551,0.002899,0,77.59,39.46
96.1040,-0.072527,0.002995,0,77.59,39.46
96.1120,-0.075458,0.002395,0,77.59,39.46
96.1200,-0.075458,0.001724,0,77.59,39.46
96.1280,-0.076435,0.001550,0,77.59,39.46
96.1360,-0.073993,0.002087,0,77.59,39.46
96.1440,-0.072527,0.003180,0,77.59,39.46
96.1520,-0.072039,0.004473,0,77.59,39.46
96.1600,-0.070574,0.005545,0,77.59,39.46
96.1680,-0.069597,0.005952,0,77.59,39.46
96.1760,-0.069597,0.005322,0,77.59,39.46
96.1840,-0.070085,0.003556,0,77.59,39.46
96.1920,-0.074481,0.001018,0,77.59,39.46
96.2000,-0.078388,-0.027637,0,77.59,39.46
96.2080,-0.079365,-0.029986,0,77.59,39.46
96.2160,-0.077411,-0.030557,0,77.59,39.46
96.2240,-0.075458,-0.029245,0,77.59,39.46
96.2320,-0.071551,-0.026409,0,77.59,39.46
96.2400,-0.065201,-0.022780,0,77.59,39.46
96.2480,-0.060317,-0.019293,0,77.59,39.46
96.2560,-0.054945,-0.016761,0,77.59,39.46
96.2640,-0.052991,-0.015522,0,77.59,39.46
96.2720,-0.053480,-0.015273,0,77.59,39.46
96.2800,-0.053968,-0.015289,0,77.59,39.46
96.2880,-0.051526,-0.014971,0,77.59,39.46
96.2960,-0.047619,-0.014258,0,77.59,39.46
96.3040,-0.044689,-0.013502,0,77.59,39.46
96.3120,-0.039316,-0.009133,0,77.59,39.46
96.3200,-0.033455,-0.003749,0,77.59,39.46
96.3280,-0.023687,0.001725,0,77.59,39.46
96.3360,-0.015873,0.006087,0,77.59,39.46
96.3440,-0.011966,0.008442,0,77.59,39.46
96.3520,-0.012454,0.008709,0,77.59,39.46
96.3600,-0.013431,0.007586,0,77.59,39.46
96.3680,-0.014408,0.005991,0,77.59,39.46
96.3760,-0.011966,0.004459,0,77.59,39.46
96.3840,-0.009035,0.002942,0,77.59,39.46
96.3920,-0.008547,0.001150,0,77.59,39.46
96.4000,-0.010501,-0.000965,0,77.59,39.46
96.4080,-0.009035,0.067947,0,77.59,39.46
96.4160,-0.007082,0.070096,0,77.59,39.46
96.4240,-0.005128,0.071507,0,77.59,39.46
96.4320,-0.005128,0.071469,0,77.59,39.46
96.4400,-0.009035,0.069615,0,77.59,39.46
96.4480,-0.014408,0.066137,0,77.59,39.46
96.4560,-0.021245,0.061624,0,77.59,39.46
96.4640,-0.026129,0.056717,0,77.59,39.46
96.4720,-0.031502,0.051845,0,77.59,39.46
96.4800,-0.038339,0.047187,0,77.59,39.46
96.4880,-0.041758,0.042712,0,77.59,39.46
96.4960,-0.046642,0.038264,0,77.59,39.46
96.5040,-0.052991,0.033765,0,77.59,39.46
96.5120,-0.059829,0.010808,0,77.59,39.46
96.5200,-0.069109,0.004462,0,77.59,39.46
96.5280,-0.074481,-0.000917,0,77.59,39.46
96.5360,-0.078388,-0.004693,0,77.59,39.46
96.5440,-0.080830,-0.006593,0,77.59,39.46
96.5520,-0.082295,-0.006693,0,77.59,39.46
96.5600,-0.082295,-0.005368,0,77.59,39.46
96.5680,-0.080342,-0.003288,0,77.59,39.46
96.5760,-0.078388,-0.001289,0,77.59,39.46
96.5840,-0.078388,-0.000080,0,77.59,39.46
96.5920,-0.080342,0.000050,0,77.59,39.46
96.6000,-0.083761,-0.000720,0,77.59,39.46
96.6080,-0.085714,-0.001945,0,77.59,39.46
96.6160,-0.086203,-0.034271,0,77.59,39.46
96.6240,-0.085714,-0.034096,0,77.59,39.46
96.6320,-0.085714,-0.032897,0,77.59,39.46
96.6400,-0.085226,-0.030926,0,77.59,39.46
96.6480,-0.082295,-0.028706,0,77.59,39.46
96.6560,-0.079365,-0.026937,0,77.59,39.46
96.6640,-0.079365,-0.026113,0,77.59,39.46
96.6720,-0.082295,-0.026118,0,77.59,39.46
96.6800,-0.085226,-0.026228,0,77.59,39.46
96.6880,-0.085714,-0.025556,0,77.59,39.46
96.6960,-0.085226,-0.023560,0,77.59,39.46
96.7040,-0.081319,-0.020278,0,77.59,39.46
96.7120,-0.078877,-0.016238,0,77.59,39.46
96.7200,-0.075458,-0.017906,0,77.59,39.46
96.7280,-0.072527,-0.014763,0,77.59,39.46
96.7360,-0.071062,-0.012845,0,77.59,39.46
96.7440,-0.072039,-0.012314,0,77.59,39.46
96.7520,-0.074969,-0.012852,0,77.59,39.46
96.7600,-0.076435,-0.013852,0,77.59,39.46
96.7680,-0.077900,-0.014716,0,77.59,39.46
96.7760,-0.078388,-0.015035,0,77.59,39.46
96.7840,-0.077900,-0.014614,0,77.59,39.46
96.7920,-0.076923,-0.013397,0,77.59,39.46
96.8000,-0.076435,-0.011395,0,77.59,39.46
96.8080,-0.073504,-0.008712,0,77.59,39.46
96.8160,-0.070085,-0.005626,0,77.59,39.46
96.8240,-0.069597,-0.051875,0,77.59,39.46
96.8320,-0.073504,-0.059437,0,77.59,39.46
96.8400,-0.082784,-0.072164,0,77.59,39.46
96.8480,-0.096947,-0.089927,0,77.59,39.46
96.8560,-0.113553,-0.111416,0,77.59,39.46
96.8640,-0.132112,-0.134058,0,77.59,39.46
96.8720,-0.150672,-0.154075,0,77.59,39.46
96.8800,-0.163370,-0.166892,0,77.59,39.46
96.8880,-0.162882,-0.168064,0,77.59,39.46
96.8960,-0.148718,-0.154402,0,77.59,39.46
96.9040,-0.121368,-0.124981,0,77.59,39.46
96.9120,-0.076435,-0.081987,0,77.59,39.46
96.9200,-0.016361,-0.031030,0,77.59,39.46
96.9280,0.064225,-0.182510,0,77.59,39.46
96.9360,0.166789,-0.081784,0,77.59,39.46
96.9440,0.297680,0.042347,0,77.59,39.46
96.9520,0.437363,0.185848,0,77.59,39.46
96.9600,0.585836,0.339924,0,77.59,39.46
96.9680,0.743101,0.489337,0,77.59,39.46
96.9760,0.915507,0.612275,0,77.59,39.46
96.9840,1.000000,0.684753,1,77.59,39.46
96.9920,1.000000,0.687661,1,77.59,39.46
97.0000,0.995604,0.611875,0,77.59,39.46
97.0080,0.820269,0.461503,0,77.59,39.46
97.0160,0.612210,0.254582,0,77.59,39.46
97.0240,0.418803,0.018029,0,77.59,39.46
97.0320,0.236142,0.232620,0,77.59,39.46
97.0400,0.072039,0.055623,0,77.59,39.46
97.0480,-0.068620,-0.086595,0,77.59,39.46
97.0560,-0.166789,-0.186448,0,77.59,39.46
97.0640,-0.221978,-0.241580,0,77.59,39.46
97.0720,-0.233700,-0.255156,0,77.59,39.46
97.0800,-0.211233,-0.235565,0,77.59,39.46
97.0880,-0.164835,-0.195045,0,77.59,39.46
97.0960,-0.112088,-0.147177,0,77.59,39.46
97.1040,-0.068132,-0.103731,0,77.59,39.46
97.1120,-0.038339,-0.071864,0,77.59,39.46
97.1200,-0.024664,-0.052623,0,77.59,39.46
97.1280,-0.025641,-0.041246,0,77.59,39.46
97.1360,-0.037851,0.020188,0,77.59,39.46
97.1440,-0.054457,0.006532,0,77.59,39.46
97.1520,-0.075946,-0.010028,0,77.59,39.46
97.1600,-0.093529,-0.025469,0,77.59,39.46
97.1680,-0.105739,-0.037007,0,77.59,39.46
97.1760,-0.112576,-0.043377,0,77.59,39.46
97.1840,-0.112088,-0.044691,0,77.59,39.46
97.1920,-0.109646,-0.041996,0,77.59,39.46
97.2000,-0.106227,-0.036730,0,77.59,39.46
97.2080,-0.098901,-0.030354,0,77.59,39.46
97.2160,-0.094505,-0.024054,0,77.59,39.46
97.2240,-0.093529,-0.018423,0,77.59,39.46
97.2320,-0.095971,-0.013308,0,77.59,39.46
97.2400,-0.100855,-0.243670,0,77.59,39.46
97.2480,-0.103297,-0.246127,0,77.59,39.46
97.2560,-0.107692,-0.244839,0,77.59,39.46
97.2640,-0.108669,-0.238711,0,77.59,39.46
97.2720,-0.109158,-0.227497,0,77.59,39.46
97.2800,-0.108181,-0.211980,0,77.59,39.46
97.2880,-0.106227,-0.193874,0,77.59,39.46
97.2960,-0.105739,-0.175380,0,77.59,39.46
97.3040,-0.108181,-0.158515,0,77.59,39.46
97.3120,-0.111600,-0.144511,0,77.59,39.46
97.3200,-0.116484,-0.133565,0,77.59,39.46
97.3280,-0.115018,-0.125036,0,77.59,39.46
97.3360,-0.112576,-0.117845,0,77.59,39.46
97.3440,-0.108669,-0.006815,0,77.59,39.46
97.3520,-0.102808,-0.001213,0,77.59,39.46
97.3600,-0.098901,0.002551,0,77.59,39.46
97.3680,-0.091575,0.004289,0,77.59,39.46
97.3760,-0.089133,0.004010,0,77.59,39.46
97.3840,-0.088645,0.002147,0,77.59,39.46
97.3920,-0.091087,-0.000420,0,77.59,39.46
97.4000,-0.093040,-0.002666,0,77.59,39.46
97.4080,-0.093529,-0.003856,0,77.59,39.46
97.4160,-0.093040,-0.003750,0,77.59,39.46
97.4240,-0.093529,-0.002499,0,77.59,39.46
97.4320,-0.093040,-0.000429,0,77.59,39.46
97.4400,-0.091575,0.002058,0,77.59,39.46
97.4480,-0.087179,-0.006593,0,77.59,39.46
97.4560,-0.085714,-0.005340,0,77.59,39.46
97.4640,-0.085226,-0.005095,0,77.59,39.46
97.4720,-0.086691,-0.005581,0,77.59,39.46
97.4800,-0.085714,-0.006183,0,77.59,39.46
97.4880,-0.085714,-0.006263,0,77.59,39.46
97.4960,-0.083761,-0.005436,0,77.59,39.46
97.5040,-0.080830,-0.003730,0,77.59,39.46
97.5120,-0.076435,-0.001621,0,77.59,39.46
97.5200,-0.073504,0.000140,0,77.59,39.46
97.5280,-0.070085,0.000863,0,77.59,39.46
97.5360,-0.070574,0.000291,0,77.59,39.46
97.5440,-0.072527,-0.001185,0,77.59,39.46
97.5520,-0.076435,0.005482,0,77.59,39.46
97.5600,-0.079365,0.002902,0,77.59,39.46
97.5680,-0.078877,0.001533,0,77.59,39.46
97.5760,-0.077411,0.001760,0,77.59,39.46
97.5840,-0.074481,0.003429,0,77.59,39.46
97.5920,-0.070574,0.005988,0,77.59,39.46
97.6000,-0.067155,0.008672,0,77.59,39.46
97.6080,-0.063736,0.010661,0,77.59,39.46
97.6160,-0.059829,0.011262,0,77.59,39.46
97.6240,-0.060806,0.010184,0,77.59,39.46
97.6320,-0.063736,0.007722,0,77.59,39.46
97.6400,-0.067643,0.004539,0,77.59,39.46
97.6480,-0.066667,0.001164,0,77.59,39.46
97.6560,-0.064713,0.000513,0,77.59,39.46
97.6640,-0.060806,0.002520,0,77.59,39.46
97.6720,-0.057875,0.005765,0,77.59,39.46
97.6800,-0.053480,0.009497,0,77.59,39.46
97.6880,-0.046154,0.012735,0,77.59,39.46
97.6960,-0.044200,0.014532,0,77.59,39.46
97.7040,-0.042247,0.014407,0,77.59,39.46
97.7120,-0.045665,0.012603,0,77.59,39.46
97.7200,-0.048107,0.009932,0,77.59,39.46
97.7280,-0.049573,0.007324,0,77.59,39.46
97.7360,-0.050061,0.005383,0,77.59,39.46
97.7440,-0.048596,0.004212,0,77.59,39.46
97.7520,-0.048107,0.003514,0,77.59,39.46
97.7600,-0.046642,0.000308,0,77.59,39.46
97.7680,-0.043223,0.001053,0,77.59,39.46
97.7760,-0.040293,0.001250,0,77.59,39.46
97.7840,-0.039805,0.000529,0,77.59,39.46
97.7920,-0.041758,-0.000915,0,77.59,39.46
97.8000,-0.044200,-0.002403,0,77.59,39.46
97.8080,-0.043712,-0.003241,0,77.59,39.46
97.8160,-0.039316,-0.003180,0,77.59,39.46
97.8240,-0.038339,-0.002415,0,77.59,39.46
97.8320,-0.036386,-0.001294,0,77.59,39.46
97.8400,-0.032967,-0.000130,0,77.59,39.46
97.8480,-0.031013,0.000871,0,77.59,39.46
97.8560,-0.029548,0.001696,0,77.59,39.46
97.8640,-0.029548,0.007423,0,77.59,39.46
97.8720,-0.031502,0.006180,0,77.59,39.46
97.8800,-0.032479,0.005245,0,77.59,39.46
97.8880,-0.030525,0.005134,0,77.59,39.46
97.8960,-0.028083,0.005941,0,77.59,39.46
97.9040,-0.024664,0.007405,0,77.59,39.46
97.9120,-0.023199,0.009151,0,77.59,39.46
97.9200,-0.022711,0.010805,0,77.59,39.46
97.9280,-0.017827,0.011873,0,77.59,39.46
97.9360,-0.015873,0.011733,0,77.59,39.46
97.9440,-0.016850,0.009969,0,77.59,39.46
97.9520,-0.020269,0.006701,0,77.59,39.46
97.9600,-0.023199,0.002553,0,77.59,39.46
97.9680,-0.023199,0.034788,0,77.59,39.46
97.9760,-0.021734,0.035799,0,77.59,39.46
97.9840,-0.019780,0.037633,0,77.59,39.46
97.9920,-0.019292,0.039656,0,77.59,39.46
98.0000,-0.017827,0.041084,0,77.59,39.46
98.0080,-0.016850,0.041160,0,77.59,39.46
98.0160,-0.020269,0.039418,0,77.59,39.46
98.0240,-0.023687,0.035943,0,77.59,39.46
98.0320,-0.031013,0.031411,0,77.59,39.46
98.0400,-0.038828,0.026819,0,77.59,39.46
98.0480,-0.040781,0.022938,0,77.59,39.46
98.0560,-0.043712,0.019948,0,77.59,39.46
98.0640,-0.046642,0.017521,0,77.59,39.46
98.0720,-0.048596,0.035652,0,77.59,39.46
98.0800,-0.051038,0.035732,0,77.59,39.46
98.0880,-0.050061,0.035212,0,77.59,39.46
98.0960,-0.053480,0.033418,0,77.59,39.46
98.1040,-0.059829,0.030191,0,77.59,39.46
98.1120,-0.068620,0.026053,0,77.59,39.46
98.1200,-0.073504,0.021853,0,77.59,39.46
98.1280,-0.079365,0.018317,0,77.59,39.46
98.1360,-0.084249,0.015849,0,77.59,39.46
98.1440,-0.085714,0.014531,0,77.59,39.46
98.1520,-0.090598,0.014244,0,77.59,39.46
98.1600,-0.092063,0.014769,0,77.59,39.46
98.1680,-0.093529,0.015776,0,77.59,39.46
98.1760,-0.096459,-0.015696,0,77.59,39.46
98.1840,-0.101343,-0.018790,0,77.59,39.46
98.1920,-0.107692,-0.022340,0,77.59,39.46
98.2000,-0.113065,-0.025593,0,77.59,39.46
98.2080,-0.116972,-0.027807,0,77.59,39.46
98.2160,-0.117949,-0.028521,0,77.59,39.46
98.2240,-0.120391,-0.027612,0,77.59,39.46
98.2320,-0.119902,-0.025264,0,77.59,39.46
98.2400,-0.117949,-0.021983,0,77.59,39.46
98.2480,-0.115507,-0.018522,0,77.59,39.46
98.2560,-0.114042,-0.015575,0,77.59,39.46
98.2640,-0.115507,-0.013434,0,77.59,39.46
98.2720,-0.116972,-0.011859,0,77.59,39.46
98.2800,-0.116972,-0.021525,0,77.59,39.46
98.2880,-0.118437,-0.020064,0,77.59,39.46
98.2960,-0.116972,-0.018044,0,77.59,39.46
98.3040,-0.115995,-0.015627,0,77.59,39.46
98.3120,-0.115995,-0.013210,0,77.59,39.46
98.3200,-0.114530,-0.011292,0,77.59,39.46
98.3280,-0.114530,-0.010298,0,77.59,39.46
98.3360,-0.116972,-0.010342,0,77.59,39.46
98.3440,-0.119902,-0.011070,0,77.59,39.46
98.3520,-0.124298,-0.011788,0,77.59,39.46
98.3600,-0.125275,-0.011817,0,77.59,39.46
98.3680,-0.126740,-0.010876,0,77.59,39.46
98.3760,-0.124786,-0.009243,0,77.59,39.46
98.3840,-0.123321,-0.031804,0,77.59,39.46
98.3920,-0.122344,-0.028909,0,77.59,39.46
98.4000,-0.117460,-0.025764,0,77.59,39.46
98.4080,-0.114530,-0.023070,0,77.59,39.46
98.4160,-0.112576,-0.021407,0,77.59,39.46
98.4240,-0.112088,-0.020930,0,77.59,39.46
98.4320,-0.114042,-0.021265,0,77.59,39.46
98.4400,-0.115507,-0.021685,0,77.59,39.46
98.4480,-0.114042,-0.021513,0,77.59,39.46
98.4560,-0.111111,-0.020398,0,77.59,39.46
98.4640,-0.109646,-0.018274,0,77.59,39.46
98.4720,-0.107692,-0.015239,0,77.59,39.46
98.4800,-0.101832,-0.011630,0,77.59,39.46
98.4880,-0.100366,0.000152,0,77.59,39.46
98.4960,-0.099878,-0.000440,0,77.59,39.46
98.5040,-0.101343,-0.003030,0,77.59,39.46
98.5120,-0.106227,-0.006978,0,77.59,39.46
98.5200,-0.112088,-0.011074,0,77.59,39.46
98.5280,-0.113553,-0.014035,0,77.59,39.46
98.5360,-0.114530,-0.015070,0,77.59,39.46
98.5440,-0.109646,-0.014135,0,77.59,39.46
98.5520,-0.107204,-0.011774,0,77.59,39.46
98.5600,-0.102808,-0.008737,0,77.59,39.46
98.5680,-0.099389,-0.005666,0,77.59,39.46
98.5760,-0.094994,-0.002924,0,77.59,39.46
98.5840,-0.093529,-0.000503,0,77.59,39.46
98.5920,-0.093529,0.015449,0,77.59,39.46
98.6000,-0.095971,0.014276,0,77.59,39.46
98.6080,-0.097924,0.012537,0,77.59,39.46
98.6160,-0.098413,0.010843,0,77.59,39.46
98.6240,-0.099878,0.009629,0,77.59,39.46
98.6320,-0.101343,0.009103,0,77.59,39.46
98.6400,-0.099878,0.009184,0,77.59,39.46
98.6480,-0.097924,0.009467,0,77.59,39.46
98.6560,-0.096459,0.009456,0,77.59,39.46
98.6640,-0.098413,0.008916,0,77.59,39.46
98.6720,-0.099878,0.007991,0,77.59,39.46
98.6800,-0.100366,0.006973,0,77.59,39.46
98.6880,-0.099878,0.006004,0,77.59,39.46
98.6960,-0.098413,0.004367,0,77.59,39.46
98.7040,-0.095971,0.005286,0,77.59,39.46
98.7120,-0.094994,0.006306,0,77.59,39.46
98.7200,-0.095971,0.007219,0,77.59,39.46
98.7280,-0.092552,0.007870,0,77.59,39.46
98.7360,-0.092552,0.008092,0,77.59,39.46
98.7440,-0.092063,0.007825,0,77.59,39.46
98.7520,-0.094017,0.007218,0,77.59,39.46
98.7600,-0.094505,0.006523,0,77.59,39.46
98.7680,-0.094017,0.005868,0,77.59,39.46
98.7760,-0.094017,0.005177,0,77.59,39.46
98.7840,-0.093529,0.004300,0,77.59,39.46
98.7920,-0.095971,0.003229,0,77.59,39.46
98.8000,-0.093529,-0.000886,0,77.59,39.46
98.8080,-0.093529,-0.000390,0,77.59,39.46
98.8160,-0.090110,-0.000145,0,77.59,39.46
98.8240,-0.090598,-0.000501,0,77.59,39.46
98.8320,-0.092552,-0.001476,0,77.59,39.46
98.8400,-0.093529,-0.002781,0,77.59,39.46
98.8480,-0.093040,-0.004061,0,77.59,39.46
98.8560,-0.094017,-0.005041,0,77.59,39.46
98.8640,-0.093040,-0.005491,0,77.59,39.46
98.8720,-0.094505,-0.005179,0,77.59,39.46
98.8800,-0.093040,-0.003974,0,77.59,39.46
98.8880,-0.088645,-0.002004,0,77.59,39.46
98.8960,-0.087179,0.000376,0,77.59,39.46
98.9040,-0.088156,0.010174,0,77.59,39.46
98.9120,-0.092063,0.009141,0,77.59,39.46
98.9200,-0.093529,0.007921,0,77.59,39.46
98.9280,-0.094017,0.007116,0,77.59,39.46
98.9360,-0.093040,0.007021,0,77.59,39.46
98.9440,-0.093040,0.007660,0,77.59,39.46
98.9520,-0.093529,0.008891,0,77.59,39.46
98.9600,-0.091087,0.010348,0,77.59,39.46
98.9680,-0.088645,0.011392,0,77.59,39.46
98.9760,-0.088156,0.011331,0,77.59,39.46
98.9840,-0.090598,0.009793,0,77.59,39.46
98.9920,-0.094017,0.006925,0,77.59,39.46
99.0000,-0.097924,0.003291,0,77.59,39.46
99.0080,-0.097924,0.000020,0,77.59,39.46
99.0160,-0.096947,0.000712,0,77.59,39.46
99.0240,-0.094017,0.002563,0,77.59,39.46
99.0320,-0.093040,0.004900,0,77.59,39.46
99.0400,-0.089621,0.006849,0,77.59,39.46
99.0480,-0.087668,0.007562,0,77.59,39.46
99.0560,-0.088156,0.006571,0,77.59,39.46
99.0640,-0.092552,0.004158,0,77.59,39.46
99.0720,-0.098413,0.001327,0,77.59,39.46
99.0800,-0.101343,-0.000730,0,77.59,39.46
99.0880,-0.099878,-0.001317,0,77.59,39.46
99.0960,-0.098413,-0.000496,0,77.59,39.46
99.1040,-0.096947,0.001133,0,77.59,39.46
99.1120,-0.094017,-0.006261,0,77.59,39.46
99.1200,-0.091575,-0.003694,0,77.59,39.46
99.1280,-0.087179,-0.002163,0,77.59,39.46
99.1360,-0.085714,-0.002372,0,77.59,39.46
99.1440,-0.091087,-0.004355,0,77.59,39.46
99.1520,-0.094017,-0.007371,0,77.59,39.46
99.1600,-0.097924,-0.010316,0,77.59,39.46
99.1680,-0.098901,-0.012245,0,77.59,39.46
99.1760,-0.097924,-0.012646,0,77.59,39.46
99.1840,-0.096459,-0.011419,0,77.59,39.46
99.1920,-0.094505,-0.008726,0,77.59,39.46
99.2000,-0.090110,-0.004908,0,77.59,39.46
99.2080,-0.085714,-0.000478,0,77.59,39.46
99.2160,-0.085226,0.000870,0,77.59,39.46
99.2240,-0.087179,-0.000071,0,77.59,39.46
99.2320,-0.090598,-0.001853,0,77.59,39.46
99.2400,-0.093040,-0.003422,0,77.59,39.46
99.2480,-0.093529,-0.003882,0,77.59,39.46
99.2560,-0.092063,-0.002893,0,77.59,39.46
99.2640,-0.087179,-0.000786,0,77.59,39.46
99.2720,-0.085714,0.001669,0,77.59,39.46
99.2800,-0.082784,0.003603,0,77.59,39.46
99.2880,-0.080342,0.004329,0,77.59,39.46
99.2960,-0.082784,0.003572,0,77.59,39.46
99.3040,-0.085226,0.001566,0,77.59,39.46
99.3120,-0.087179,-0.001115,0,77.59,39.46
99.3200,-0.090110,-0.001298,0,77.59,39.46
99.3280,-0.090598,-0.002199,0,77.59,39.46
99.3360,-0.088645,-0.002095,0,77.59,39.46
99.3440,-0.088156,-0.001288,0,77.59,39.46
99.3520,-0.086203,-0.000265,0,77.59,39.46
99.3600,-0.085714,0.000500,0,77.59,39.46
99.3680,-0.084737,0.000676,0,77.59,39.46
99.3760,-0.084737,0.000182,0,77.59,39.46
99.3840,-0.086203,-0.000751,0,77.59,39.46
99.3920,-0.088156,-0.001637,0,77.59,39.46
99.4000,-0.088645,-0.002004,0,77.59,39.46
99.4080,-0.086203,-0.001699,0,77.59,39.46
99.4160,-0.085226,-0.000952,0,77.59,39.46
99.4240,-0.085714,-0.000593,0,77.59,39.46
99.4320,-0.084737,0.000186,0,77.59,39.46
99.4400,-0.084737,0.000846,0,77.59,39.46
99.4480,-0.079853,0.000969,0,77.59,39.46
99.4560,-0.080830,0.000155,0,77.59,39.46
99.4640,-0.084737,-0.001604,0,77.59,39.46
99.4720,-0.087668,-0.003792,0,77.59,39.46
99.4800,-0.092063,-0.005609,0,77.59,39.46
99.4880,-0.093529,-0.006380,0,77.59,39.46
99.4960,-0.088156,-0.005887,0,77.59,39.46
99.5040,-0.086203,-0.004343,0,77.59,39.46
99.5120,-0.085714,-0.002090,0,77.59,39.46
99.5200,-0.080830,0.000539,0,77.59,39.46
99.5280,-0.082295,-0.005721,0,77.59,39.46
99.5360,-0.084249,-0.007722,0,77.59,39.46
99.5440,-0.087179,-0.010503,0,77.59,39.46
99.5520,-0.092063,-0.013008,0,77.59,39.46
99.5600,-0.092063,-0.014298,0,77.59,39.46
99.5680,-0.089621,-0.013982,0,77.59,39.46
99.5760,-0.087179,-0.012278,0,77.59,39.46
99.5840,-0.084737,-0.009722,0,77.59,39.46
99.5920,-0.082784,-0.006950,0,77.59,39.46
99.6000,-0.078388,-0.004657,0,77.59,39.46
99.6080,-0.075946,-0.003499,0,77.59,39.46
99.6160,-0.074481,-0.003774,0,77.59,39.46
99.6240,-0.078388,-0.005075,0,77.59,39.46
99.6320,-0.085714,-0.000739,0,77.59,39.46
99.6400,-0.086691,-0.003444,0,77.59,39.46
99.6480,-0.086203,-0.004848,0,77.59,39.46
99.6560,-0.087179,-0.004657,0,77.59,39.46
99.6640,-0.084249,-0.003030,0,77.59,39.46
99.6720,-0.082784,-0.000474,0,77.59,39.46
99.6800,-0.078388,0.002213,0,77.59,39.46
99.6880,-0.074481,0.004121,0,77.59,39.46
99.6960,-0.074481,0.004610,0,77.59,39.46
99.7040,-0.076435,0.003643,0,77.59,39.46
99.7120,-0.080342,0.001741,0,77.59,39.46
99.7200,-0.082295,-0.000450,0,77.59,39.46
99.7280,-0.082295,-0.002598,0,77.59,39.46
99.7360,-0.082295,-0.000205,0,77.59,39.46
99.7440,-0.082295,0.000157,0,77.59,39.46
99.7520,-0.083272,0.001078,0,77.59,39.46
99.7600,-0.079365,0.002046,0,77.59,39.46
99.7680,-0.077411,0.002363,0,77.59,39.46
99.7760,-0.078388,0.001571,0,77.59,39.46
99.7840,-0.082295,-0.000149,0,77.59,39.46
99.7920,-0.085226,-0.002073,0,77.59,39.46
99.8000,-0.085714,-0.003412,0,77.59,39.46
99.8080,-0.085714,-0.003715,0,77.59,39.46
99.8160,-0.084249,-0.002952,0,77.59,39.46
99.8240,-0.082295,-0.001393,0,77.59,39.46
99.8320,-0.080830,0.000569,0,77.59,39.46
99.8400,-0.077411,-0.029230,0,77.59,39.46
99.8480,-0.076435,-0.029355,0,77.59,39.46
99.8560,-0.076435,-0.030004,0,77.59,39.46
99.8640,-0.075458,-0.030797,0,77.59,39.46
99.8720,-0.076435,-0.031166,0,77.59,39.46
99.8800,-0.073016,-0.030634,0,77.59,39.46
99.8880,-0.070085,-0.029027,0,77.59,39.46
99.8960,-0.065690,-0.026501,0,77.59,39.46
99.9040,-0.061294,-0.023436,0,77.59,39.46
99.9120,-0.055922,-0.020305,0,77.59,39.46
99.9200,-0.052503,-0.017526,0,77.59,39.46
99.9280,-0.047131,-0.015308,0,77.59,39.46
99.9360,-0.045665,-0.013532,0,77.59,39.46
99.9440,-0.047619,-0.011059,0,77.59,39.46
99.9520,-0.050061,-0.011179,0,77.59,39.46
99.9600,-0.042247,-0.009945,0,77.59,39.46
99.9680,-0.038828,-0.007081,0,77.59,39.46
99.9760,-0.033455,-0.002824,0,77.59,39.46
99.9840,-0.026129,0.002285,0,77.59,39.46
99.9920,-0.022222,0.007437,0,77.59,39.46
100.0000,-0.012454,0.011524,0,77.59,39.46
100.0080,-0.007570,0.013349,0,77.59,39.46
100.0160,-0.007570,0.012180,0,77.59,39.46
100.0240,-0.011966,0.008200,0,77.59,39.46
100.0320,-0.018315,0.002331,0,77.59,39.46
100.0400,-0.019780,-0.004378,0,77.59,39.46
100.0480,-0.014408,0.079443,0,77.59,39.46
100.0560,-0.010012,0.082941,0,77.59,39.46
100.0640,-0.008059,0.085917,0,77.59,39.46
100.0720,-0.010012,0.087181,0,77.59,39.46
100.0800,-0.013431,0.086107,0,77.59,39.46
100.0880,-0.016850,0.082543,0,77.59,39.46
100.0960,-0.023687,0.076743,0,77.59,39.46
100.1040,-0.033455,0.069429,0,77.59,39.46
100.1120,-0.045177,0.061715,0,77.59,39.46
100.1200,-0.052015,0.054681,0,77.59,39.46
100.1280,-0.059341,0.048926,0,77.59,39.46
100.1360,-0.064225,0.044438,0,77.59,39.46
100.1440,-0.069109,0.040731,0,77.59,39.46
100.1520,-0.073016,-0.011004,0,77.59,39.46
100.1600,-0.076923,-0.014279,0,77.59,39.46
100.1680,-0.077411,-0.017107,0,77.59,39.46
100.1760,-0.080830,-0.019643,0,77.59,39.46
100.1840,-0.084249,-0.021782,0,77.59,39.46
100.1920,-0.085714,-0.023214,0,77.59,39.46
100.2000,-0.086691,-0.023649,0,77.59,39.46
100.2080,-0.085714,-0.022978,0,77.59,39.46
100.2160,-0.084737,-0.021282,0,77.59,39.46
100.2240,-0.082295,-0.018766,0,77.59,39.46
100.2320,-0.081319,-0.015683,0,77.59,39.46
100.2400,-0.076435,-0.012299,0,77.59,39.46
100.2480,-0.075458,-0.008814,0,77.59,39.46
100.2560,-0.075458,-0.016627,0,77.59,39.46
100.2640,-0.081319,-0.019200,0,77.59,39.46
100.2720,-0.086691,-0.022281,0,77.59,39.46
100.2800,-0.090110,-0.024606,0,77.59,39.46
100.2880,-0.091087,-0.025308,0,77.59,39.46
100.2960,-0.090110,-0.024212,0,77.59,39.46
100.3040,-0.088156,-0.021759,0,77.59,39.46
100.3120,-0.085714,-0.018715,0,77.59,39.46
100.3200,-0.085226,-0.015844,0,77.59,39.46
100.3280,-0.083272,-0.013671,0,77.59,39.46
100.3360,-0.085226,-0.012370,0,77.59,39.46
100.3440,-0.085714,-0.011792,0,77.59,39.46
100.3520,-0.087179,-0.011601,0,77.59,39.46
100.3600,-0.088645,-0.014234,0,77.59,39.46
100.3680,-0.086691,-0.012297,0,77.59,39.46
100.3760,-0.085714,-0.009197,0,77.59,39.46
100.3840,-0.083272,-0.005152,0,77.59,39.46
100.3920,-0.079853,-0.000701,0,77.59,39.46
100.4000,-0.075458,0.003353,0,77.59,39.46
100.4080,-0.073016,0.006184,0,77.59,39.46
100.4160,-0.073504,0.007293,0,77.59,39.46
100.4240,-0.075946,0.006698,0,77.59,39.46
100.4320,-0.078877,0.004783,0,77.59,39.46
100.4400,-0.080830,0.002017,0,77.59,39.46
100.4480,-0.084737,-0.001230,0,77.59,39.46
100.4560,-0.087668,-0.004688,0,77.59,39.46
100.4640,-0.096459,-0.282839,0,77.59,39.46
100.4720,-0.108669,-0.307787,0,77.59,39.46
100.4800,-0.122833,-0.335956,0,77.59,39.46
100.4880,-0.137973,-0.365651,0,77.59,39.46
100.4960,-0.153114,-0.393885,0,77.59,39.46
100.5040,-0.165812,-0.416445,0,77.59,39.46
100.5120,-0.166789,-0.428499,0,77.59,39.46
100.5200,-0.150672,-0.425649,0,77.59,39.46
100.5280,-0.116972,-0.404853,0,77.59,39.46
100.5360,-0.066667,-0.364874,0,77.59,39.46
100.5440,-0.001221,-0.306541,0,77.59,39.46
100.5520,0.079853,-0.233251,0,77.59,39.46
100.5600,0.181441,-0.151436,0,77.59,39.46
100.5680,0.307937,0.401268,0,77.59,39.46
100.5760,0.442247,0.526330,0,77.59,39.46
100.5840,0.574115,0.657533,0,77.59,39.46
100.5920,0.705495,0.785817,0,77.59,39.46
100.6000,0.838828,0.897449,0,77.59,39.46
100.6080,0.959463,0.974547,1,77.59,39.46
100.6160,1.000000,1.000000,1,77.59,39.46
100.6240,0.954090,0.965258,1,77.59,39.46
100.6320,0.789499,0.875590,0,77.59,39.46
100.6400,0.598535,0.747955,0,77.59,39.46
100.6480,0.415385,0.602344,0,77.59,39.46
100.6560,0.243956,0.452988,0,77.59,39.46
100.6640,0.091575,0.304975,0,77.59,39.46
100.6720,-0.045177,-0.090697,0,77.59,39.46
100.6800,-0.148718,-0.199424,0,77.59,39.46
100.6880,-0.216606,-0.269148,0,77.59,39.46
100.6960,-0.250305,-0.300202,0,77.59,39.46
100.7040,-0.237118,-0.297234,0,77.59,39.46
100.7120,-0.205861,-0.268994,0,77.59,39.46
100.7200,-0.160928,-0.226746,0,77.59,39.46
100.7280,-0.112088,-0.182081,0,77.59,39.46
100.7360,-0.072039,-0.144834,0,77.59,39.46
100.7440,-0.049084,-0.121338,0,77.59,39.46
100.7520,-0.041758,-0.113460,0,77.59,39.46
100.7600,-0.046154,-0.118729,0,77.59,39.46
100.7680,-0.059341,-0.131329,0,77.59,39.46
100.7760,-0.074481,-0.018439,0,77.59,39.46
100.7840,-0.088645,-0.032865,0,77.59,39.46
100.7920,-0.101832,-0.045824,0,77.59,39.46
100.8000,-0.110623,-0.055901,0,77.59,39.46
100.8080,-0.116484,-0.062742,0,77.59,39.46
100.8160,-0.117949,-0.066664,0,77.59,39.46
100.8240,-0.119902,-0.068137,0,77.59,39.46
100.8320,-0.121856,-0.067365,0,77.59,39.46
100.8400,-0.121368,-0.064239,0,77.59,39.46
100.8480,-0.119414,-0.058598,0,77.59,39.46
100.8560,-0.117460,-0.050498,0,77.59,39.46
100.8640,-0.115995,-0.040349,0,77.59,39.46
100.8720,-0.115507,-0.028960,0,77.59,39.46
100.8800,-0.112088,-0.232072,0,77.59,39.46
100.8880,-0.110134,-0.222703,0,77.59,39.46
100.8960,-0.109158,-0.210438,0,77.59,39.46
100.9040,-0.108669,-0.195529,0,77.59,39.46
100.9120,-0.110623,-0.178492,0,77.59,39.46
100.9200,-0.110623,-0.160289,0,77.59,39.46
100.9280,-0.109646,-0.142379,0,77.59,39.46
100.9360,-0.109158,-0.126417,0,77.59,39.46
100.9440,-0.109646,-0.113756,0,77.59,39.46
100.9520,-0.109646,-0.105134,0,77.59,39.46
100.9600,-0.107692,-0.100631,0,77.59,39.46
100.9680,-0.107692,-0.099620,0,77.59,39.46
100.9760,-0.107692,-0.100697,0,77.59,39.46
100.9840,-0.110623,0.000328,0,77.59,39.46
100.9920,-0.111111,-0.001844,0,77.59,39.46
101.0000,-0.109646,-0.003443,0,77.59,39.46
101.0080,-0.106716,-0.003739,0,77.59,39.46
101.0160,-0.101343,-0.002690,0,77.59,39.46
101.0240,-0.097924,-0.000806,0,77.59,39.46
101.0320,-0.094994,0.001140,0,77.59,39.46
101.0400,-0.092063,0.002415,0,77.59,39.46
101.0480,-0.094017,0.002615,0,77.59,39.46
101.0560,-0.096459,0.001866,0,77.59,39.46
101.0640,-0.101343,0.000699,0,77.59,39.46
101.0720,-0.101832,-0.000377,0,77.59,39.46
101.0800,-0.101832,-0.001236,0,77.59,39.46
101.0880,-0.101343,-0.011154,0,77.59,39.46
101.0960,-0.097924,-0.009781,0,77.59,39.46
101.1040,-0.094505,-0.008042,0,77.59,39.46
101.1120,-0.093529,-0.006355,0,77.59,39.46
101.1200,-0.090598,-0.004986,0,77.59,39.46
101.1280,-0.088156,-0.004102,0,77.59,39.46
101.1360,-0.085714,-0.003765,0,77.59,39.46
101.1440,-0.085714,-0.003827,0,77.59,39.46
101.1520,-0.086203,-0.003935,0,77.59,39.46
101.1600,-0.084249,-0.003788,0,77.59,39.46
101.1680,-0.080342,-0.003385,0,77.59,39.46
101.1760,-0.078388,-0.002944,0,77.59,39.46
101.1840,-0.077900,-0.002595,0,77.59,39.46
101.1920,-0.078388,0.000240,0,77.59,39.46
101.2000,-0.078877,-0.001008,0,77.59,39.46
101.2080,-0.078877,-0.002510,0,77.59,39.46
101.2160,-0.077900,-0.004080,0,77.59,39.46
101.2240,-0.079365,-0.005500,0,77.59,39.46
101.2320,-0.079365,-0.006464,0,77.59,39.46
101.2400,-0.078877,-0.006691,0,77.59,39.46
101.2480,-0.076435,-0.006113,0,77.59,39.46
101.2560,-0.073016,-0.004935,0,77.59,39.46
101.2640,-0.070085,-0.003510,0,77.59,39.46
101.2720,-0.068620,-0.002151,0,77.59,39.46
101.2800,-0.063736,-0.001040,0,77.59,39.46
101.2880,-0.063248,-0.000161,0,77.59,39.46
101.2960,-0.064225,0.004578,0,77.59,39.46
101.3040,-0.069597,0.001303,0,77.59,39.46
101.3120,-0.072527,-0.001809,0,77.59,39.46
101.3200,-0.072527,-0.003865,0,77.59,39.46
101.3280,-0.070085,-0.004541,0,77.59,39.46
101.3360,-0.068620,-0.003979,0,77.59,39.46
101.3440,-0.067643,-0.002487,0,77.59,39.46
101.3520,-0.064225,-0.000432,0,77.59,39.46
101.3600,-0.061783,0.001653,0,77.59,39.46
101.3680,-0.055922,0.003058,0,77.59,39.46
101.3760,-0.054457,0.003146,0,77.59,39.46
101.3840,-0.055433,0.001770,0,77.59,39.46
101.3920,-0.057387,-0.000561,0,77.59,39.46
101.4000,-0.057875,0.002227,0,77.59,39.46
101.4080,-0.057387,0.001183,0,77.59,39.46
101.4160,-0.055922,0.001218,0,77.59,39.46
101.4240,-0.055433,0.002535,0,77.59,39.46
101.4320,-0.052991,0.004980,0,77.59,39.46
101.4400,-0.046154,0.007843,0,77.59,39.46
101.4480,-0.040293,0.009983,0,77.59,39.46
101.4560,-0.039316,0.010439,0,77.59,39.46
101.4640,-0.040781,0.009068,0,77.59,39.46
101.4720,-0.046154,0.006604,0,77.59,39.46
101.4800,-0.047619,0.004104,0,77.59,39.46
101.4880,-0.047619,0.002228,0,77.59,39.46
101.4960,-0.046154,0.000918,0,77.59,39.46
101.5040,-0.044200,0.002880,0,77.59,39.46
101.5120,-0.041270,0.004311,0,77.59,39.46
101.5200,-0.038828,0.005620,0,77.59,39.46
101.5280,-0.035897,0.006274,0,77.59,39.46
101.5360,-0.036874,0.006090,0,77.59,39.46
101.5440,-0.037363,0.005291,0,77.59,39.46
101.5520,-0.037363,0.004309,0,77.59,39.46
101.5600,-0.036874,0.003529,0,77.59,39.46
101.5680,-0.037363,0.003154,0,77.59,39.46
101.5760,-0.034921,0.003149,0,77.59,39.46
101.5840,-0.032967,0.003298,0,77.59,39.46
101.5920,-0.033455,0.003400,0,77.59,39.46
101.6000,-0.032479,0.003416,0,77.59,39.46
101.6080,-0.033455,0.036177,0,77.59,39.46
101.6160,-0.038828,0.034246,0,77.59,39.46
101.6240,-0.041758,0.032180,0,77.59,39.46
101.6320,-0.044200,0.030625,0,77.59,39.46
101.6400,-0.044200,0.029808,0,77.59,39.46
101.6480,-0.044200,0.029504,0,77.59,39.46
101.6560,-0.044689,0.029281,0,77.59,39.46
101.6640,-0.047619,0.028771,0,77.59,39.46
101.6720,-0.049084,0.027718,0,77.59,39.46
101.6800,-0.051526,0.025881,0,77.59,39.46
101.6880,-0.053968,0.023024,0,77.59,39.46
101.6960,-0.057875,0.019093,0,77.59,39.46
101.7040,-0.065201,0.014448,0,77.59,39.46
101.7120,-0.070085,0.025083,0,77.59,39.46
101.7200,-0.076435,0.022806,0,77.59,39.46
101.7280,-0.076435,0.022094,0,77.59,39.46
101.7360,-0.076923,0.022803,0,77.59,39.46
101.7440,-0.078388,0.024336,0,77.59,39.46
101.7520,-0.078388,0.025851,0,77.59,39.46
101.7600,-0.077411,0.026427,0,77.59,39.46
101.7680,-0.081319,0.025368,0,77.59,39.46
101.7760,-0.086203,0.022591,0,77.59,39.46
101.7840,-0.094994,0.018722,0,77.59,39.46
101.7920,-0.101832,0.014756,0,77.59,39.46
101.8000,-0.109158,0.011464,0,77.59,39.46
101.8080,-0.110134,0.008876,0,77.59,39.46
101.8160,-0.112088,-0.025693,0,77.59,39.46
101.8240,-0.113553,-0.024873,0,77.59,39.46
101.8320,-0.111600,-0.022983,0,77.59,39.46
101.8400,-0.109646,-0.020853,0,77.59,39.46
101.8480,-0.108669,-0.019250,0,77.59,39.46
101.8560,-0.109646,-0.018516,0,77.59,39.46
101.8640,-0.114042,-0.018409,0,77.59,39.46
101.8720,-0.115018,-0.018347,0,77.59,39.46
101.8800,-0.115995,-0.017848,0,77.59,39.46
101.8880,-0.115507,-0.016769,0,77.59,39.46
101.8960,-0.115507,-0.015242,0,77.59,39.46
101.9040,-0.115507,-0.013481,0,77.59,39.46
101.9120,-0.115995,-0.011639,0,77.59,39.46
101.9200,-0.112088,-0.031874,0,77.59,39.46
101.9280,-0.112088,-0.032330,0,77.59,39.46
101.9360,-0.114530,-0.034312,0,77.59,39.46
101.9440,-0.119902,-0.037351,0,77.59,39.46
101.9520,-0.125275,-0.040332,0,77.59,39.46
101.9600,-0.127228,-0.042031,0,77.59,39.46
101.9680,-0.127228,-0.041654,0,77.59,39.46
101.9760,-0.124298,-0.039086,0,77.59,39.46
101.9840,-0.119414,-0.034810,0,77.59,39.46
101.9920,-0.115507,-0.029649,0,77.59,39.46
102.0000,-0.108669,-0.024467,0,77.59,39.46
102.0080,-0.103785,-0.019848,0,77.59,39.46
102.0160,-0.102808,-0.015792,0,77.59,39.46
102.0240,-0.106716,-0.006906,0,77.59,39.46
102.0320,-0.110623,-0.009073,0,77.59,39.46
102.0400,-0.113553,-0.010981,0,77.59,39.46
102.0480,-0.114042,-0.011586,0,77.59,39.46
102.0560,-0.111111,-0.010518,0,77.59,39.46
102.0640,-0.110134,-0.008047,0,77.59,39.46
102.0720,-0.106716,-0.004869,0,77.59,39.46
102.0800,-0.101343,-0.001916,0,77.59,39.46
102.0880,-0.099878,-0.000057,0,77.59,39.46
102.0960,-0.100366,0.000272,0,77.59,39.46
102.1040,-0.101343,-0.000830,0,77.59,39.46
102.1120,-0.103785,-0.002922,0,77.59,39.46
102.1200,-0.104762,-0.005488,0,77.59,39.46
102.1280,-0.104762,0.003932,0,77.59,39.46
102.1360,-0.102320,0.004690,0,77.59,39.46
102.1440,-0.101343,0.006139,0,77.59,39.46
102.1520,-0.099878,0.007836,0,77.59,39.46
102.1600,-0.096947,0.009229,0,77.59,39.46
102.1680,-0.095482,0.009785,0,77.59,39.46
102.1760,-0.095971,0.009237,0,77.59,39.46
102.1840,-0.097924,0.007775,0,77.59,39.46
102.1920,-0.101343,0.005960,0,77.59,39.46
102.2000,-0.101343,0.004409,0,77.59,39.46
102.2080,-0.102320,0.003484,0,77.59,39.46
102.2160,-0.101343,0.003201,0,77.59,39.46
102.2240,-0.100855,0.003305,0,77.59,39.46
102.2320,-0.098413,0.003040,0,77.59,39.46
102.2400,-0.094505,0.005439,0,77.59,39.46
102.2480,-0.089133,0.006963,0,77.59,39.46
102.2560,-0.088645,0.006810,0,77.59,39.46
102.2640,-0.092552,0.004955,0,77.59,39.46
102.2720,-0.095971,0.002183,0,77.59,39.46
102.2800,-0.098413,-0.000419,0,77.59,39.46
102.2880,-0.098901,-0.002050,0,77.59,39.46
102.2960,-0.096459,-0.002450,0,77.59,39.46
102.3040,-0.095971,-0.001757,0,77.59,39.46
102.3120,-0.094994,-0.000238,0,77.59,39.46
102.3200,-0.091575,0.001827,0,77.59,39.46
102.3280,-0.089621,0.004155,0,77.59,39.46
102.3360,-0.091087,0.010165,0,77.59,39.46
102.3440,-0.094017,0.007887,0,77.59,39.46
102.3520,-0.098413,0.005039,0,77.59,39.46
102.3600,-0.100855,0.002559,0,77.59,39.46
102.3680,-0.101343,0.001160,0,77.59,39.46
102.3760,-0.101343,0.001124,0,77.59,39.46
102.3840,-0.100855,0.002304,0,77.59,39.46
102.3920,-0.098413,0.004148,0,77.59,39.46
102.4000,-0.094017,0.005809,0,77.59,39.46
102.4080,-0.094017,0.006503,0,77.59,39.46
102.4160,-0.095971,0.005917,0,77.59,39.46
102.4240,-0.098413,0.004281,0,77.59,39.46
102.4320,-0.099878,0.002100,0,77.59,39.46
102.4400,-0.097924,0.005388,0,77.59,39.46
102.4480,-0.094994,0.006730,0,77.59,39.46
102.4560,-0.094017,0.008324,0,77.59,39.46
102.4640,-0.093529,0.009680,0,77.59,39.46
102.4720,-0.093040,0.010408,0,77.59,39.46
102.4800,-0.092552,0.010199,0,77.59,39.46
102.4880,-0.093040,0.008899,0,77.59,39.46
102.4960,-0.095482,0.006719,0,77.59,39.46
102.5040,-0.101343,0.004339,0,77.59,39.46
102.5120,-0.103297,0.002623,0,77.59,39.46
102.5200,-0.102808,0.002106,0,77.59,39.46
102.5280,-0.101343,0.002738,0,77.59,39.46
102.5360,-0.100366,0.004034,0,77.59,39.46
102.5440,-0.098413,-0.006051,0,77.59,39.46
102.5520,-0.096459,-0.004230,0,77.59,39.46
102.5600,-0.093040,-0.003167,0,77.59,39.46
102.5680,-0.093529,-0.003324,0,77.59,39.46
102.5760,-0.095971,-0.004660,0,77.59,39.46
102.5840,-0.098413,-0.006615,0,77.59,39.46
102.5920,-0.100855,-0.008417,0,77.59,39.46
102.6000,-0.100366,-0.009439,0,77.59,39.46
102.6080,-0.100366,-0.009369,0,77.59,39.46
102.6160,-0.099389,-0.008204,0,77.59,39.46
102.6240,-0.095971,-0.006193,0,77.59,39.46
102.6320,-0.093040,-0.003715,0,77.59,39.46
102.6400,-0.091575,-0.001083,0,77.59,39.46
102.6480,-0.092063,0.002727,0,77.59,39.46
102.6560,-0.093529,0.001652,0,77.59,39.46
102.6640,-0.095971,-0.000007,0,77.59,39.46
102.6720,-0.098413,-0.001612,0,77.59,39.46
102.6800,-0.097924,-0.002693,0,77.59,39.46
102.6880,-0.097436,-0.003091,0,77.59,39.46
102.6960,-0.096947,-0.002843,0,77.59,39.46
102.7040,-0.098413,-0.002018,0,77.59,39.46
102.7120,-0.096459,-0.000794,0,77.59,39.46
102.7200,-0.093529,0.000399,0,77.59,39.46
102.7280,-0.091087,0.001001,0,77.59,39.46
102.7360,-0.093040,0.000734,0,77.59,39.46
102.7440,-0.094505,-0.000153,0,77.59,39.46
102.7520,-0.099389,-0.001473,0,77.59,39.46
102.7600,-0.099878,-0.002526,0,77.59,39.46
102.7680,-0.097924,-0.002614,0,77.59,39.46
102.7760,-0.096459,-0.001829,0,77.59,39.46
102.7840,-0.096947,-0.000449,0,77.59,39.46
102.7920,-0.094994,0.001231,0,77.59,39.46
102.8000,-0.093040,0.002835,0,77.59,39.46
102.8080,-0.090598,0.003899,0,77.59,39.46
102.8160,-0.090110,0.004073,0,77.59,39.46
102.8240,-0.092063,0.003329,0,77.59,39.46
102.8320,-0.094017,0.001954,0,77.59,39.46
102.8400,-0.094994,0.000302,0,77.59,39.46
102.8480,-0.095971,-0.001414,0,77.59,39.46
102.8560,-0.096459,-0.004992,0,77.59,39.46
102.8640,-0.095482,-0.004311,0,77.59,39.46
102.8720,-0.093529,-0.003044,0,77.59,39.46
102.8800,-0.090110,-0.001714,0,77.59,39.46
102.8880,-0.088645,-0.000845,0,77.59,39.46
102.8960,-0.090110,-0.000661,0,77.59,39.46
102.9040,-0.090110,-0.001041,0,77.59,39.46
102.9120,-0.090110,-0.001697,0,77.59,39.46
102.9200,-0.090598,-0.002332,0,77.59,39.46
102.9280,-0.091575,-0.002686,0,77.59,39.46
102.9360,-0.090110,-0.002602,0,77.59,39.46
102.9440,-0.090598,-0.002078,0,77.59,39.46
102.9520,-0.088645,-0.001276,0,77.59,39.46
102.9600,-0.088156,-0.002546,0,77.59,39.46
102.9680,-0.088645,-0.004049,0,77.59,39.46
102.9760,-0.091575,-0.006408,0,77.59,39.46
102.9840,-0.095971,-0.009013,0,77.59,39.46
102.9920,-0.099389,-0.011011,0,77.59,39.46
103.0000,-0.098901,-0.011774,0,77.59,39.46
103.0080,-0.095971,-0.011218,0,77.59,39.46
103.0160,-0.093529,-0.009706,0,77.59,39.46
103.0240,-0.092063,-0.007736,0,77.59,39.46
103.0320,-0.090110,-0.005760,0,77.59,39.46
103.0400,-0.085714,-0.004179,0,77.59,39.46
103.0480,-0.084249,-0.003238,0,77.59,39.46
103.0560,-0.085226,-0.002802,0,77.59,39.46
103.0640,-0.085714,0.008273,0,77.59,39.46
103.0720,-0.086691,0.007694,0,77.59,39.46
103.0800,-0.087179,0.007142,0,77.59,39.46
103.0880,-0.087179,0.006783,0,77.59,39.46
103.0960,-0.086203,0.006605,0,77.59,39.46
103.1040,-0.088156,0.006531,0,77.59,39.46
103.1120,-0.088156,0.006459,0,77.59,39.46
103.1200,-0.087179,0.006203,0,77.59,39.46
103.1280,-0.086203,0.005565,0,77.59,39.46
103.1360,-0.090110,0.004603,0,77.59,39.46
103.1440,-0.092063,0.003705,0,77.59,39.46
103.1520,-0.093040,0.003248,0,77.59,39.46
103.1600,-0.091087,0.003213,0,77.59,39.46
103.1680,-0.089621,0.004304,0,77.59,39.46
103.1760,-0.086203,0.007938,0,77.59,39.46
103.1840,-0.082784,0.012256,0,77.59,39.46
103.1920,-0.077900,0.016346,0,77.59,39.46
103.2000,-0.073016,0.019098,0,77.59,39.46
103.2080,-0.072527,0.019621,0,77.59,39.46
103.2160,-0.074969,0.017751,0,77.59,39.46
103.2240,-0.082295,0.014217,0,77.59,39.46
103.2320,-0.086203,0.010269,0,77.59,39.46
103.2400,-0.089133,0.007068,0,77.59,39.46
103.2480,-0.091575,0.005294,0,77.59,39.46
103.2560,-0.092063,0.005014,0,77.59,39.46
103.2640,-0.090110,0.005692,0,77.59,39.46
103.2720,-0.088156,-0.001984,0,77.59,39.46
103.2800,-0.085226,0.000859,0,77.59,39.46
103.2880,-0.079853,0.003116,0,77.59,39.46
103.2960,-0.078877,0.003965,0,77.59,39.46
103.3040,-0.080830,0.003179,0,77.59,39.46
103.3120,-0.084249,0.001217,0,77.59,39.46
103.3200,-0.086203,-0.001095,0,77.59,39.46
103.3280,-0.087668,-0.002988,0,77.59,39.46
103.3360,-0.088156,-0.003958,0,77.59,39.46
103.3440,-0.088645,-0.003797,0,77.59,39.46
103.3520,-0.086203,-0.002565,0,77.59,39.46
103.3600,-0.084737,-0.000539,0,77.59,39.46
103.3680,-0.082295,0.001898,0,77.59,39.46
103.3760,-0.082295,0.000424,0,77.59,39.46
103.3840,-0.082295,0.001128,0,77.59,39.46
103.3920,-0.082295,0.001734,0,77.59,39.46
103.4000,-0.080342,0.002416,0,77.59,39.46
103.4080,-0.079365,0.003227,0,77.59,39.46
103.4160,-0.079365,0.004177,0,77.59,39.46
103.4240,-0.078388,0.005239,0,77.59,39.46
103.4320,-0.077411,0.006235,0,77.59,39.46
103.4400,-0.074481,0.006794,0,77.59,39.46
103.4480,-0.074969,0.006516,0,77.59,39.46
103.4560,-0.076435,0.005245,0,77.59,39.46
103.4640,-0.078877,0.003157,0,77.59,39.46
103.4720,-0.080830,0.000630,0,77.59,39.46
103.4800,-0.080830,-0.035450,0,77.59,39.46
103.4880,-0.080830,-0.036408,0,77.59,39.46
103.4960,-0.078388,-0.035899,0,77.59,39.46
103.5040,-0.075946,-0.034016,0,77.59,39.46
103.5120,-0.071062,-0.031160,0,77.59,39.46
103.5200,-0.065201,-0.027974,0,77.59,39.46
103.5280,-0.061294,-0.025134,0,77.59,39.46
103.5360,-0.055922,-0.023076,0,77.59,39.46
103.5440,-0.054945,-0.021791,0,77.59,39.46
103.5520,-0.053968,-0.020854,0,77.59,39.46
103.5600,-0.049573,-0.019753,0,77.59,39.46
103.5680,-0.046642,-0.018239,0,77.59,39.46
103.5760,-0.041758,-0.016415,0,77.59,39.46
103.5840,-0.038828,-0.002224,0,77.59,39.46
103.5920,-0.031990,0.002244,0,77.59,39.46
103.6000,-0.023687,0.006883,0,77.59,39.46
103.6080,-0.019780,0.011044,0,77.59,39.46
103.6160,-0.014408,0.014259,0,77.59,39.46
103.6240,-0.011966,0.016356,0,77.59,39.46
103.6320,-0.010012,0.017346,0,77.59,39.46
103.6400,-0.007082,0.017248,0,77.59,39.46
103.6480,-0.005128,0.016026,0,77.59,39.46
103.6560,-0.006105,0.013752,0,77.59,39.46
103.6640,-0.008547,0.010763,0,77.59,39.46
103.6720,-0.010989,0.007522,0,77.59,39.46
103.6800,-0.010012,0.004293,0,77.59,39.46
103.6880,-0.009035,0.077834,0,77.59,39.46
103.6960,-0.010012,0.076641,0,77.59,39.46
103.7040,-0.014896,0.073796,0,77.59,39.46
103.7120,-0.022711,0.069564,0,77.59,39.46
103.7200,-0.030037,0.064712,0,77.59,39.46
103.7280,-0.035897,0.059991,0,77.59,39.46
103.7360,-0.038828,0.055755,0,77.59,39.46
103.7440,-0.044689,0.052006,0,77.59,39.46
103.7520,-0.051038,0.048636,0,77.59,39.46
103.7600,-0.054457,0.045466,0,77.59,39.46
103.7680,-0.057387,0.042195,0,77.59,39.46
103.7760,-0.062759,0.038575,0,77.59,39.46
103.7840,-0.069109,0.034660,0,77.59,39.46
103.7920,-0.070085,0.004554,0,77.59,39.46
103.8000,-0.071062,0.002189,0,77.59,39.46
103.8080,-0.075458,-0.000003,0,77.59,39.46
103.8160,-0.077411,-0.002049,0,77.59,39.46
103.8240,-0.082295,-0.003773,0,77.59,39.46
103.8320,-0.083272,-0.004992,0,77.59,39.46
103.8400,-0.084737,-0.005699,0,77.59,39.46
103.8480,-0.085226,-0.006050,0,77.59,39.46
103.8560,-0.085714,-0.006150,0,77.59,39.46
103.8640,-0.090598,-0.005866,0,77.59,39.46
103.8720,-0.089133,-0.004933,0,77.59,39.46
103.8800,-0.090598,-0.003254,0,77.59,39.46
103.8880,-0.088645,-0.001059,0,77.59,39.46
103.8960,-0.088156,-0.034197,0,77.59,39.46
103.9040,-0.086691,-0.032268,0,77.59,39.46
103.9120,-0.084737,-0.030304,0,77.59,39.46
103.9200,-0.083761,-0.028680,0,77.59,39.46
103.9280,-0.082784,-0.027636,0,77.59,39.46
103.9360,-0.084249,-0.027135,0,77.59,39.46
103.9440,-0.085714,-0.026829,0,77.59,39.46
103.9520,-0.087179,-0.026245,0,77.59,39.46
103.9600,-0.086203,-0.025046,0,77.59,39.46
103.9680,-0.084737,-0.023167,0,77.59,39.46
103.9760,-0.083761,-0.020719,0,77.59,39.46
103.9840,-0.083272,-0.017847,0,77.59,39.46
103.9920,-0.080830,-0.014733,0,77.59,39.46
104.0000,-0.077900,-0.005953,0,77.59,39.46
104.0080,-0.079365,-0.005646,0,77.59,39.46
104.0160,-0.082295,-0.006565,0,77.59,39.46
104.0240,-0.086203,-0.007988,0,77.59,39.46
104.0320,-0.088156,-0.008912,0,77.59,39.46
104.0400,-0.090110,-0.008511,0,77.59,39.46
104.0480,-0.087179,-0.006480,0,77.59,39.46
104.0560,-0.084737,-0.003177,0,77.59,39.46
104.0640,-0.082295,0.000477,0,77.59,39.46
104.0720,-0.077411,0.003187,0,77.59,39.46
104.0800,-0.074481,0.003652,0,77.59,39.46
104.0880,-0.075458,0.001291,0,77.59,39.46
104.0960,-0.085714,-0.003093,0,77.59,39.46
104.1040,-0.097924,-0.331840,0,77.59,39.46
104.1120,-0.116972,-0.364188,0,77.59,39.46
104.1200,-0.135043,-0.398726,0,77.59,39.46
104.1280,-0.153602,-0.432244,0,77.59,39.46
104.1360,-0.167277,-0.460891,0,77.59,39.46
104.1440,-0.172650,-0.480555,0,77.59,39.46
104.1520,-0.165324,-0.487437,0,77.59,39.46
104.1600,-0.138462,-0.478615,0,77.59,39.46
104.1680,-0.096947,-0.452277,0,77.59,39.46
104.1760,-0.041270,-0.407615,0,77.59,39.46
104.1840,0.026618,-0.345049,0,77.59,39.46
104.1920,0.115018,-0.267327,0,77.59,39.46
104.2000,0.226862,-0.180708,0,77.59,39.46
104.2080,0.357265,0.479926,0,77.59,39.46
104.2160,0.492552,0.602336,0,77.59,39.46
104.2240,0.634188,0.729365,0,77.59,39.46
104.2320,0.790965,0.848962,0,77.59,39.46
104.2400,0.947253,0.944377,0,77.59,39.46
104.2480,1.000000,0.998487,1,77.59,39.46
104.2560,1.000000,1.000000,1,77.59,39.46
104.2640,0.914530,0.947855,1,77.59,39.46
104.2720,0.715751,0.852085,0,77.59,39.46
104.2800,0.521368,0.729884,0,77.59,39.46
104.2880,0.333822,0.598032,0,77.59,39.46
104.2960,0.153114,0.466772,0,77.59,39.46
104.3040,-0.007082,0.338426,0,77.59,39.46
104.3120,-0.131136,-0.170777,0,77.59,39.46
104.3200,-0.209768,-0.253050,0,77.59,39.46
104.3280,-0.237118,-0.289577,0,77.59,39.46
104.3360,-0.226862,-0.286961,0,77.59,39.46
104.3440,-0.193651,-0.256350,0,77.59,39.46
104.3520,-0.141880,-0.211042,0,77.59,39.46
104.3600,-0.092063,-0.163997,0,77.59,39.46
104.3680,-0.053480,-0.125557,0,77.59,39.46
104.3760,-0.031502,-0.101887,0,77.59,39.46
104.3840,-0.027595,-0.094647,0,77.59,39.46
104.3920,-0.034432,-0.101863,0,77.59,39.46
104.4000,-0.048107,-0.119359,0,77.59,39.46
104.4080,-0.065201,-0.142003,0,77.59,39.46
104.4160,-0.085226,-0.046512,0,77.59,39.46
104.4240,-0.101343,-0.061966,0,77.59,39.46
104.4320,-0.110134,-0.073082,0,77.59,39.46
104.4400,-0.114530,-0.079215,0,77.59,39.46
104.4480,-0.113553,-0.080844,0,77.59,39.46
104.4560,-0.111600,-0.079048,0,77.59,39.46
104.4640,-0.106716,-0.075070,0,77.59,39.46
104.4720,-0.101343,-0.070020,0,77.59,39.46
104.4800,-0.098901,-0.064652,0,77.59,39.46
104.4880,-0.096947,-0.059247,0,77.59,39.46
104.4960,-0.098901,-0.053697,0,77.59,39.46
104.5040,-0.101832,-0.047785,0,77.59,39.46
104.5120,-0.106227,-0.041499,0,77.59,39.46
104.5200,-0.110134,-0.225559,0,77.59,39.46
104.5280,-0.111600,-0.219193,0,77.59,39.46
104.5360,-0.114530,-0.207932,0,77.59,39.46
104.5440,-0.115507,-0.191995,0,77.59,39.46
104.5520,-0.112088,-0.172609,0,77.59,39.46
104.5600,-0.108669,-0.151913,0,77.59,39.46
104.5680,-0.105739,-0.132399,0,77.59,39.46
104.5760,-0.104274,-0.116161,0,77.59,39.46
104.5840,-0.105250,-0.104416,0,77.59,39.46
104.5920,-0.104274,-0.097504,0,77.59,39.46
104.6000,-0.102320,-0.095127,0,77.59,39.46
104.6080,-0.101343,-0.096419,0,77.59,39.46
104.6160,-0.101343,-0.099855,0,77.59,39.46
104.6240,-0.101343,-0.010817,0,77.59,39.46
104.6320,-0.099878,-0.013749,0,77.59,39.46
104.6400,-0.097924,-0.017062,0,77.59,39.46
104.6480,-0.097924,-0.020273,0,77.59,39.46
104.6560,-0.101343,-0.022770,0,77.59,39.46
104.6640,-0.101343,-0.023913,0,77.59,39.46
104.6720,-0.100855,-0.023375,0,77.59,39.46
104.6800,-0.097924,-0.021346,0,77.59,39.46
104.6880,-0.094994,-0.018395,0,77.59,39.46
104.6960,-0.093040,-0.015159,0,77.59,39.46
104.7040,-0.090110,-0.012083,0,77.59,39.46
104.7120,-0.087668,-0.009345,0,77.59,39.46
104.7200,-0.085226,-0.006868,0,77.59,39.46
104.7280,-0.085226,-0.004434,0,77.59,39.46
104.7360,-0.085714,-0.005912,0,77.59,39.46
104.7440,-0.087179,-0.007916,0,77.59,39.46
104.7520,-0.088645,-0.009670,0,77.59,39.46
104.7600,-0.088156,-0.010478,0,77.59,39.46
104.7680,-0.085714,-0.009956,0,77.59,39.46
104.7760,-0.084249,-0.008108,0,77.59,39.46
104.7840,-0.079853,-0.005341,0,77.59,39.46
104.7920,-0.074481,-0.002438,0,77.59,39.46
104.8000,-0.070574,-0.000343,0,77.59,39.46
104.8080,-0.068132,0.000246,0,77.59,39.46
104.8160,-0.069109,-0.000765,0,77.59,39.46
104.8240,-0.070574,-0.002800,0,77.59,39.46
104.8320,-0.071551,0.011721,0,77.59,39.46
104.8400,-0.071062,0.010621,0,77.59,39.46
104.8480,-0.070574,0.010191,0,77.59,39.46
104.8560,-0.070085,0.010496,0,77.59,39.46
104.8640,-0.067643,0.011303,0,77.59,39.46
104.8720,-0.064713,0.012113,0,77.59,39.46
104.8800,-0.063736,0.012363,0,77.59,39.46
104.8880,-0.062271,0.011719,0,77.59,39.46
104.8960,-0.065201,0.010276,0,77.59,39.46
104.9040,-0.066178,0.008512,0,77.59,39.46
104.9120,-0.067643,0.006992,0,77.59,39.46
104.9200,-0.067643,0.006034,0,77.59,39.46
104.9280,-0.065690,0.005525,0,77.59,39.46
104.9360,-0.062759,-0.005821,0,77.59,39.46
104.9440,-0.061294,-0.004067,0,77.59,39.46
104.9520,-0.055922,-0.002260,0,77.59,39.46
104.9600,-0.052991,-0.001099,0,77.59,39.46
104.9680,-0.050061,-0.001071,0,77.59,39.46
104.9760,-0.051526,-0.002115,0,77.59,39.46
104.9840,-0.054457,-0.003598,0,77.59,39.46
104.9920,-0.052991,-0.004744,0,77.59,39.46
105.0000,-0.050061,-0.005106,0,77.59,39.46
105.0080,-0.049084,-0.004633,0,77.59,39.46
105.0160,-0.045665,-0.003473,0,77.59,39.46
105.0240,-0.043223,-0.001841,0,77.59,39.46
105.0320,-0.039805,0.000022,0,77.59,39.46
105.0400,-0.037363,0.008051,0,77.59,39.46
105.0480,-0.037363,0.007725,0,77.59,39.46
105.0560,-0.037851,0.006793,0,77.59,39.46
105.0640,-0.038828,0.005852,0,77.59,39.46
105.0720,-0.037851,0.005464,0,77.59,39.46
105.0800,-0.035897,0.005872,0,77.59,39.46
105.0880,-0.032479,0.006924,0,77.59,39.46
105.0960,-0.031013,0.008200,0,77.59,39.46
105.1040,-0.028083,0.009200,0,77.59,39.46
105.1120,-0.027595,0.009451,0,77.59,39.46
105.1200,-0.025641,0.008601,0,77.59,39.46
105.1280,-0.026129,0.006575,0,77.59,39.46
105.1360,-0.029548,0.003756,0,77.59,39.46
105.1440,-0.033455,0.005327,0,77.59,39.46
105.1520,-0.032479,0.004380,0,77.59,39.46
105.1600,-0.030037,0.005010,0,77.59,39.46
105.1680,-0.025641,0.006997,0,77.59,39.46
105.1760,-0.023199,0.009806,0,77.59,39.46
105.1840,-0.020269,0.012824,0,77.59,39.46
105.1920,-0.015873,0.015368,0,77.59,39.46
105.2000,-0.011477,0.016703,0,77.59,39.46
105.2080,-0.011966,0.016312,0,77.59,39.46
105.2160,-0.013431,0.014183,0,77.59,39.46
105.2240,-0.017338,0.010787,0,77.59,39.46
105.2320,-0.020269,0.006753,0,77.59,39.46
105.2400,-0.021734,0.002527,0,77.59,39.46
105.2480,-0.020269,0.040702,0,77.59,39.46
105.2560,-0.021734,0.041207,0,77.59,39.46
105.2640,-0.021734,0.041886,0,77.59,39.46
105.2720,-0.021245,0.042198,0,77.59,39.46
105.2800,-0.022711,0.041627,0,77.59,39.46
105.2880,-0.023687,0.039903,0,77.59,39.46
105.2960,-0.030037,0.037199,0,77.59,39.46
105.3040,-0.035409,0.034071,0,77.59,39.46
105.3120,-0.038828,0.031057,0,77.59,39.46
105.3200,-0.041270,0.028306,0,77.59,39.46
105.3280,-0.043712,0.025590,0,77.59,39.46
105.3360,-0.047619,0.022634,0,77.59,39.46
105.3440,-0.053480,0.019430,0,77.59,39.46
105.3520,-0.056899,0.025267,0,77.59,39.46
105.3600,-0.061294,0.021446,0,77.59,39.46
105.3680,-0.068620,0.017132,0,77.59,39.46
105.3760,-0.074481,0.012752,0,77.59,39.46
105.3840,-0.082295,0.008909,0,77.59,39.46
105.3920,-0.085714,0.006118,0,77.59,39.46
105.4000,-0.089133,0.004581,0,77.59,39.46
105.4080,-0.092063,0.004190,0,77.59,39.46
105.4160,-0.093529,0.004616,0,77.59,39.46
105.4240,-0.094505,0.005415,0,77.59,39.46
105.4320,-0.096459,0.006166,0,77.59,39.46
105.4400,-0.097924,0.006636,0,77.59,39.46
105.4480,-0.101343,0.006874,0,77.59,39.46
105.4560,-0.105739,-0.018585,0,77.59,39.46
105.4640,-0.112088,-0.021429,0,77.59,39.46
105.4720,-0.116484,-0.023717,0,77.59,39.46
105.4800,-0.116972,-0.025046,0,77.59,39.46
105.4880,-0.119414,-0.025366,0,77.59,39.46
105.4960,-0.120879,-0.024770,0,77.59,39.46
105.5040,-0.123321,-0.023352,0,77.59,39.46
105.5120,-0.122833,-0.021293,0,77.59,39.46
105.5200,-0.121368,-0.018974,0,77.59,39.46
105.5280,-0.121368,-0.016846,0,77.59,39.46
105.5360,-0.122833,-0.015158,0,77.59,39.46
105.5440,-0.125275,-0.013851,0,77.59,39.46
105.5520,-0.125763,-0.012719,0,77.59,39.46
105.5600,-0.126252,-0.032674,0,77.59,39.46
105.5680,-0.125275,-0.030778,0,77.59,39.46
105.5760,-0.124298,-0.028150,0,77.59,39.46
105.5840,-0.123321,-0.025130,0,77.59,39.46
105.5920,-0.119902,-0.022305,0,77.59,39.46
105.6000,-0.117949,-0.020336,0,77.59,39.46
105.6080,-0.118926,-0.019584,0,77.59,39.46
105.6160,-0.121368,-0.019798,0,77.59,39.46
105.6240,-0.126252,-0.020201,0,77.59,39.46
105.6320,-0.125763,-0.019965,0,77.59,39.46
105.6400,-0.125275,-0.018677,0,77.59,39.46
105.6480,-0.123321,-0.016440,0,77.59,39.46
105.6560,-0.121856,-0.013676,0,77.59,39.46
105.6640,-0.120391,-0.015283,0,77.59,39.46
105.6720,-0.116972,-0.012684,0,77.59,39.46
105.6800,-0.114042,-0.010922,0,77.59,39.46
105.6880,-0.114530,-0.010358,0,77.59,39.46
105.6960,-0.115507,-0.010879,0,77.59,39.46
105.7040,-0.118437,-0.011939,0,77.59,39.46
105.7120,-0.119414,-0.012868,0,77.59,39.46
105.7200,-0.118437,-0.013209,0,77.59,39.46
105.7280,-0.116972,-0.012811,0,77.59,39.46
105.7360,-0.116972,-0.011666,0,77.59,39.46
105.7440,-0.115995,-0.009785,0,77.59,39.46
105.7520,-0.111600,-0.007288,0,77.59,39.46
105.7600,-0.109158,-0.004456,0,77.59,39.46
105.7680,-0.108181,-0.001359,0,77.59,39.46
105.7760,-0.109646,-0.002321,0,77.59,39.46
105.7840,-0.112576,-0.003916,0,77.59,39.46
105.7920,-0.113553,-0.005328,0,77.59,39.46
105.8000,-0.112576,-0.005859,0,77.59,39.46
105.8080,-0.113065,-0.005148,0,77.59,39.46
105.8160,-0.109646,-0.003287,0,77.59,39.46
105.8240,-0.104762,-0.000847,0,77.59,39.46
105.8320,-0.101832,0.001317,0,77.59,39.46
105.8400,-0.099878,0.002452,0,77.59,39.46
105.8480,-0.098901,0.002197,0,77.59,39.46
105.8560,-0.101343,0.000686,0,77.59,39.46
105.8640,-0.102320,-0.001551,0,77.59,39.46
105.8720,-0.103297,0.008193,0,77.59,39.46
105.8800,-0.103785,0.007508,0,77.59,39.46
105.8880,-0.102320,0.007505,0,77.59,39.46
105.8960,-0.101832,0.008071,0,77.59,39.46
105.9040,-0.101343,0.008926,0,77.59,39.46
105.9120,-0.098901,0.009666,0,77.59,39.46
105.9200,-0.097436,0.009857,0,77.59,39.46
105.9280,-0.097924,0.009271,0,77.59,39.46
105.9360,-0.100366,0.008057,0,77.59,39.46
105.9440,-0.101343,0.006632,0,77.59,39.46
105.9520,-0.101832,0.005383,0,77.59,39.46
105.9600,-0.102320,0.004473,0,77.59,39.46
105.9680,-0.101832,0.003814,0,77.59,39.46
105.9760,-0.101832,0.002284,0,77.59,39.46
105.9840,-0.101343,0.002353,0,77.59,39.46
105.9920,-0.100855,0.002373,0,77.59,39.46
106.0000,-0.099389,0.002154,0,77.59,39.46
106.0080,-0.100366,0.001670,0,77.59,39.46
106.0160,-0.101343,0.001149,0,77.59,39.46
106.0240,-0.101832,0.000953,0,77.59,39.46
106.0320,-0.101343,0.001298,0,77.59,39.46
106.0400,-0.098901,0.002039,0,77.59,39.46
106.0480,-0.095971,0.002707,0,77.59,39.46
106.0560,-0.095482,0.002841,0,77.59,39.46
106.0640,-0.097924,0.002326,0,77.59,39.46
106.0720,-0.097924,0.001410,0,77.59,39.46
106.0800,-0.096459,0.005601,0,77.59,39.46
106.0880,-0.097924,0.004212,0,77.59,39.46
106.0960,-0.099878,0.002515,0,77.59,39.46
106.1040,-0.102320,0.000928,0,77.59,39.46
106.1120,-0.103785,-0.000085,0,77.59,39.46
106.1200,-0.102320,-0.000290,0,77.59,39.46
106.1280,-0.101343,0.000228,0,77.59,39.46
106.1360,-0.100855,0.001208,0,77.59,39.46
106.1440,-0.100855,0.002339,0,77.59,39.46
106.1520,-0.098901,0.003231,0,77.59,39.46
106.1600,-0.096459,0.003426,0,77.59,39.46
106.1680,-0.097924,0.002673,0,77.59,39.46
106.1760,-0.100855,0.001229,0,77.59,39.46
106.1840,-0.101832,-0.002952,0,77.59,39.46
106.1920,-0.101832,-0.003903,0,77.59,39.46
106.2000,-0.101343,-0.004405,0,77.59,39.46
106.2080,-0.101343,-0.004421,0,77.59,39.46
106.2160,-0.101343,-0.003898,0,77.59,39.46
106.2240,-0.101343,-0.002792,0,77.59,39.46
106.2320,-0.099878,-0.001256,0,77.59,39.46
106.2400,-0.094994,0.000227,0,77.59,39.46
106.2480,-0.093529,0.001047,0,77.59,39.46
106.2560,-0.094994,0.000930,0,77.59,39.46
106.2640,-0.098413,0.000117,0,77.59,39.46
106.2720,-0.097436,-0.000966,0,77.59,39.46
106.2800,-0.097924,-0.002076,0,77.59,39.46
106.2880,-0.095971,-0.000010,0,77.59,39.46
106.2960,-0.093529,0.001469,0,77.59,39.46
106.3040,-0.093529,0.003205,0,77.59,39.46
106.3120,-0.090598,0.004759,0,77.59,39.46
106.3200,-0.088156,0.005649,0,77.59,39.46
106.3280,-0.087668,0.005547,0,77.59,39.46
106.3360,-0.090598,0.004561,0,77.59,39.46
106.3440,-0.093040,0.003210,0,77.59,39.46
106.3520,-0.093529,0.002060,0,77.59,39.46
106.3600,-0.093040,0.001397,0,77.59,39.46
106.3680,-0.093040,0.001211,0,77.59,39.46
106.3760,-0.093040,0.001362,0,77.59,39.46
106.3840,-0.092552,0.001682,0,77.59,39.46
106.3920,-0.092552,-0.004169,0,77.59,39.46
106.4000,-0.088645,-0.004585,0,77.59,39.46
106.4080,-0.090598,-0.005894,0,77.59,39.46
106.4160,-0.093529,-0.007910,0,77.59,39.46
106.4240,-0.095971,-0.009947,0,77.59,39.46
106.4320,-0.097924,-0.011214,0,77.59,39.46
106.4400,-0.096459,-0.011256,0,77.59,39.46
106.4480,-0.092552,-0.010142,0,77.59,39.46
106.4560,-0.092552,-0.008295,0,77.59,39.46
106.4640,-0.088156,-0.006239,0,77.59,39.46
106.4720,-0.085714,-0.004448,0,77.59,39.46
106.4800,-0.084249,-0.003167,0,77.59,39.46
106.4880,-0.083761,-0.002279,0,77.59,39.46
106.4960,-0.086203,-0.000546,0,77.59,39.46
106.5040,-0.093040,-0.003845,0,77.59,39.46
106.5120,-0.095482,-0.006782,0,77.59,39.46
106.5200,-0.094505,-0.008616,0,77.59,39.46
106.5280,-0.093529,-0.009158,0,77.59,39.46
106.5360,-0.094994,-0.008525,0,77.59,39.46
106.5440,-0.093040,-0.007013,0,77.59,39.46
106.5520,-0.088156,-0.005177,0,77.59,39.46
106.5600,-0.086203,-0.003700,0,77.59,39.46
106.5680,-0.085714,-0.002994,0,77.59,39.46
106.5760,-0.087179,-0.002974,0,77.59,39.46
106.5840,-0.088156,-0.003263,0,77.59,39.46
106.5920,-0.086203,-0.003581,0,77.59,39.46
106.6000,-0.086691,0.008279,0,77.59,39.46
106.6080,-0.085714,0.008749,0,77.59,39.46
106.6160,-0.086691,0.009477,0,77.59,39.46
106.6240,-0.086203,0.010456,0,77.59,39.46
106.6320,-0.085226,0.011483,0,77.59,39.46
106.6400,-0.082784,0.012105,0,77.59,39.46
106.6480,-0.082295,0.011836,0,77.59,39.46
106.6560,-0.085226,0.010536,0,77.59,39.46
106.6640,-0.088645,0.008583,0,77.59,39.46
106.6720,-0.092552,0.006648,0,77.59,39.46
106.6800,-0.093040,0.005267,0,77.59,39.46
106.6880,-0.093040,0.004560,0,77.59,39.46
106.6960,-0.093529,0.004276,0,77.59,39.46
106.7040,-0.089133,-0.002633,0,77.59,39.46
106.7120,-0.085226,0.000355,0,77.59,39.46
106.7200,-0.080342,0.002713,0,77.59,39.46
106.7280,-0.079365,0.003633,0,77.59,39.46
106.7360,-0.080830,0.002985,0,77.59,39.46
106.7440,-0.085714,0.001363,0,77.59,39.46
106.7520,-0.086203,-0.000343,0,77.59,39.46
106.7600,-0.087179,-0.001460,0,77.59,39.46
106.7680,-0.086203,-0.001753,0,77.59,39.46
106.7760,-0.085714,-0.001319,0,77.59,39.46
106.7840,-0.085226,-0.000415,0,77.59,39.46
106.7920,-0.082295,0.000680,0,77.59,39.46
106.8000,-0.082784,0.001791,0,77.59,39.46
106.8080,-0.083272,-0.000947,0,77.59,39.46
106.8160,-0.085226,-0.001863,0,77.59,39.46
106.8240,-0.087179,-0.002687,0,77.59,39.46
106.8320,-0.087179,-0.002985,0,77.59,39.46
106.8400,-0.085714,-0.002515,0,77.59,39.46
106.8480,-0.084249,-0.001298,0,77.59,39.46
106.8560,-0.080830,0.000409,0,77.59,39.46
106.8640,-0.078877,0.002167,0,77.59,39.46
106.8720,-0.075458,0.003450,0,77.59,39.46
106.8800,-0.074481,0.003785,0,77.59,39.46
106.8880,-0.075458,0.002941,0,77.59,39.46
106.8960,-0.078877,0.001041,0,77.59,39.46
106.9040,-0.082295,-0.001470,0,77.59,39.46
106.9120,-0.081319,0.002946,0,77.59,39.46
106.9200,-0.079365,0.003883,0,77.59,39.46
106.9280,-0.077411,0.005861,0,77.59,39.46
106.9360,-0.075458,0.008351,0,77.59,39.46
106.9440,-0.072527,0.010689,0,77.59,39.46
106.9520,-0.070574,0.012185,0,77.59,39.46
106.9600,-0.070085,0.012309,0,77.59,39.46
106.9680,-0.070574,0.010931,0,77.59,39.46
106.9760,-0.074969,0.008466,0,77.59,39.46
106.9840,-0.078388,0.005772,0,77.59,39.46
106.9920,-0.080830,0.003747,0,77.59,39.46
107.0000,-0.082295,0.002850,0,77.59,39.46
107.0080,-0.079365,0.002814,0,77.59,39.46
107.0160,-0.078877,-0.000892,0,77.59,39.46
107.0240,-0.077411,0.001244,0,77.59,39.46
107.0320,-0.073504,0.003344,0,77.59,39.46
107.0400,-0.070574,0.004694,0,77.59,39.46
107.0480,-0.071551,0.004914,0,77.59,39.46
107.0560,-0.074481,0.004191,0,77.59,39.46
107.0640,-0.075458,0.003055,0,77.59,39.46
107.0720,-0.074969,0.001955,0,77.59,39.46
107.0800,-0.074969,0.001102,0,77.59,39.46
107.0880,-0.076435,0.000610,0,77.59,39.46
107.0960,-0.076435,0.000587,0,77.59,39.46
107.1040,-0.075946,0.001047,0,77.59,39.46
107.1120,-0.074481,0.001821,0,77.59,39.46
107.1200,-0.072039,0.000505,0,77.59,39.46
107.1280,-0.071551,0.000070,0,77.59,39.46
107.1360,-0.073504,-0.001078,0,77.59,39.46
107.1440,-0.077411,-0.002328,0,77.59,39.46
107.1520,-0.077900,-0.002879,0,77.59,39.46
107.1600,-0.076435,-0.002297,0,77.59,39.46
107.1680,-0.073504,-0.000766,0,77.59,39.46
107.1760,-0.070574,0.001082,0,77.59,39.46
107.1840,-0.069597,0.002553,0,77.59,39.46
107.1920,-0.069597,0.003178,0,77.59,39.46
107.2000,-0.069109,0.002778,0,77.59,39.46
107.2080,-0.070085,0.001440,0,77.59,39.46
107.2160,-0.072527,-0.000472,0,77.59,39.46
107.2240,-0.075946,-0.004759,0,77.59,39.46
107.2320,-0.077900,-0.005593,0,77.59,39.46
107.2400,-0.075946,-0.004974,0,77.59,39.46
107.2480,-0.071551,-0.003193,0,77.59,39.46
107.2560,-0.070085,-0.000972,0,77.59,39.46
107.2640,-0.068620,0.000934,0,77.59,39.46
107.2720,-0.065690,0.001970,0,77.59,39.46
107.2800,-0.066667,0.001900,0,77.59,39.46
107.2880,-0.068132,0.000909,0,77.59,39.46
107.2960,-0.069597,-0.000480,0,77.59,39.46
107.3040,-0.071551,-0.001682,0,77.59,39.46
107.3120,-0.071551,-0.002354,0,77.59,39.46
107.3200,-0.070085,-0.002586,0,77.59,39.46
107.3280,-0.067643,-0.042440,0,77.59,39.46
107.3360,-0.065201,-0.040907,0,77.59,39.46
107.3440,-0.062271,-0.038545,0,77.59,39.46
107.3520,-0.054457,-0.036041,0,77.59,39.46
107.3600,-0.049573,-0.034239,0,77.59,39.46
107.3680,-0.047131,-0.033623,0,77.59,39.46
107.3760,-0.048107,-0.033908,0,77.59,39.46
107.3840,-0.047619,-0.034199,0,77.59,39.46
107.3920,-0.044200,-0.033539,0,77.59,39.46
107.4000,-0.039316,-0.031369,0,77.59,39.46
107.4080,-0.033944,-0.027645,0,77.59,39.46
107.4160,-0.024664,-0.022745,0,77.59,39.46
107.4240,-0.018315,-0.017262,0,77.59,39.46
107.4320,-0.010989,0.016529,0,77.59,39.46
107.4400,-0.007570,0.020207,0,77.59,39.46
107.4480,-0.005128,0.022239,0,77.59,39.46
107.4560,-0.003175,0.022787,0,77.59,39.46
107.4640,-0.002198,0.022144,0,77.59,39.46
107.4720,-0.002198,0.020665,0,77.59,39.46
107.4800,-0.002198,0.018782,0,77.59,39.46
107.4880,-0.004151,0.017022,0,77.59,39.46
107.4960,-0.006593,0.015846,0,77.59,39.46
107.5040,-0.002686,0.015284,0,77.59,39.46
107.5120,-0.000244,0.014751,0,77.59,39.46
107.5200,0.005617,0.013496,0,77.59,39.46
107.5280,-0.001221,0.011429,0,77.59,39.46
107.5360,-0.008547,0.071861,0,77.59,39.46
107.5440,-0.020757,0.065287,0,77.59,39.46
107.5520,-0.026618,0.058381,0,77.59,39.46
107.5600,-0.031990,0.051966,0,77.59,39.46
107.5680,-0.038339,0.046308,0,77.59,39.46
107.5760,-0.045177,0.041484,0,77.59,39.46
107.5840,-0.052015,0.037575,0,77.59,39.46
107.5920,-0.054457,0.034553,0,77.59,39.46
107.6000,-0.057875,0.032193,0,77.59,39.46
107.6080,-0.060806,0.030232,0,77.59,39.46
107.6160,-0.064713,0.028577,0,77.59,39.46
107.6240,-0.070085,0.027301,0,77.59,39.46
107.6320,-0.070085,0.026374,0,77.59,39.46
107.6400,-0.070085,-0.004254,0,77.59,39.46
107.6480,-0.071062,-0.003596,0,77.59,39.46
107.6560,-0.071062,-0.002284,0,77.59,39.46
107.6640,-0.070574,-0.000669,0,77.59,39.46
107.6720,-0.069597,0.000696,0,77.59,39.46
107.6800,-0.067643,0.001159,0,77.59,39.46
107.6880,-0.070085,0.000313,0,77.59,39.46
107.6960,-0.074481,-0.001650,0,77.59,39.46
107.7040,-0.079365,-0.003941,0,77.59,39.46
107.7120,-0.083272,-0.005568,0,77.59,39.46
107.7200,-0.085226,-0.005821,0,77.59,39.46
107.7280,-0.085226,-0.004595,0,77.59,39.46
107.7360,-0.084249,-0.002421,0,77.59,39.46
107.7440,-0.084249,-0.035877,0,77.59,39.46
107.7520,-0.080342,-0.033983,0,77.59,39.46
107.7600,-0.079365,-0.032723,0,77.59,39.46
107.7680,-0.080342,-0.032401,0,77.59,39.46
107.7760,-0.084249,-0.032685,0,77.59,39.46
107.7840,-0.085714,-0.032854,0,77.59,39.46
107.7920,-0.085714,-0.032282,0,77.59,39.46
107.8000,-0.084249,-0.030758,0,77.59,39.46
107.8080,-0.081319,-0.028429,0,77.59,39.46
107.8160,-0.082295,-0.025547,0,77.59,39.46
107.8240,-0.078877,-0.022317,0,77.59,39.46
107.8320,-0.077411,-0.018907,0,77.59,39.46
107.8400,-0.075458,-0.015443,0,77.59,39.46
107.8480,-0.077411,0.013077,0,77.59,39.46
107.8560,-0.080342,0.013249,0,77.59,39.46
107.8640,-0.084249,0.013753,0,77.59,39.46
107.8720,-0.082784,0.015521,0,77.59,39.46
107.8800,-0.080342,0.018943,0,77.59,39.46
107.8880,-0.077900,0.023768,0,77.59,39.46
107.8960,-0.073504,0.029206,0,77.59,39.46
107.9040,-0.070574,0.033999,0,77.59,39.46
107.9120,-0.067155,0.036545,0,77.59,39.46
107.9200,-0.067155,0.035254,0,77.59,39.46
107.9280,-0.073016,0.029181,0,77.59,39.46
107.9360,-0.085714,0.018655,0,77.59,39.46
107.9440,-0.101832,0.005443,0,77.59,39.46
107.9520,-0.121856,-0.622846,0,77.59,39.46
107.9600,-0.141880,-0.669536,0,77.59,39.46
107.9680,-0.160440,-0.712767,0,77.59,39.46
107.9760,-0.170208,-0.748246,0,77.59,39.46
107.9840,-0.163858,-0.772128,0,77.59,39.46
107.9920,-0.145788,-0.781465,0,77.59,39.46
108.0000,-0.107692,-0.774078,0,77.59,39.46
108.0080,-0.056410,-0.748084,0,77.59,39.46
108.0160,0.010012,-0.701637,0,77.59,39.46
108.0240,0.097924,-0.633524,0,77.59,39.46
108.0320,0.211233,-0.544614,0,77.59,39.46
108.0400,0.345055,-0.439101,0,77.59,39.46
108.0480,0.488156,-0.324506,0,77.59,39.46
108.0560,0.635653,0.730793,0,77.59,39.46
108.0640,0.801221,0.839520,0,77.59,39.46
108.0720,0.964835,0.928594,0,77.59,39.46
108.0800,1.000000,0.984936,1,77.59,39.46
108.0880,1.000000,1.000000,1,77.59,39.46
108.0960,0.961905,0.971781,0,77.59,39.46
108.1040,0.775336,0.905985,0,77.59,39.46
108.1120,0.570696,0.815703,0,77.59,39.46
108.1200,0.375336,0.717346,0,77.59,39.46
108.1280,0.191209,0.625227,0,77.59,39.46
108.1360,0.025153,0.548135,0,77.59,39.46
108.1440,-0.106227,0.487754,0,77.59,39.46
108.1520,-0.187302,0.438391,0,77.59,39.46
108.1600,-0.221490,-0.218569,0,77.59,39.46
108.1680,-0.216606,-0.217337,0,77.59,39.46
108.1760,-0.182906,-0.187534,0,77.59,39.46
108.1840,-0.133089,-0.142321,0,77.59,39.46
108.1920,-0.083272,-0.094670,0,77.59,39.46
108.2000,-0.043712,-0.054921,0,77.59,39.46
108.2080,-0.024176,-0.029112,0,77.59,39.46
108.2160,-0.019780,-0.018691,0,77.59,39.46
108.2240,-0.026618,-0.021611,0,77.59,39.46
108.2320,-0.041270,-0.034081,0,77.59,39.46
108.2400,-0.058852,-0.052199,0,77.59,39.46
108.2480,-0.075458,-0.072984,0,77.59,39.46
108.2560,-0.092063,-0.094647,0,77.59,39.46
108.2640,-0.101832,-0.101558,0,77.59,39.46
108.2720,-0.106227,-0.109451,0,77.59,39.46
108.2800,-0.107692,-0.113143,0,77.59,39.46
108.2880,-0.103785,-0.113540,0,77.59,39.46
108.2960,-0.101343,-0.111674,0,77.59,39.46
108.3040,-0.098413,-0.108414,0,77.59,39.46
108.3120,-0.092063,-0.104438,0,77.59,39.46
108.3200,-0.087668,-0.100200,0,77.59,39.46
108.3280,-0.087179,-0.095640,0,77.59,39.46
108.3360,-0.091575,-0.089983,0,77.59,39.46
108.3440,-0.096947,-0.082132,0,77.59,39.46
108.3520,-0.099389,-0.071580,0,77.59,39.46
108.3600,-0.100855,-0.059105,0,77.59,39.46
108.3680,-0.102320,-0.180219,0,77.59,39.46
108.3760,-0.104762,-0.165238,0,77.59,39.46
108.3840,-0.105739,-0.147105,0,77.59,39.46
108.3920,-0.102808,-0.127254,0,77.59,39.46
108.4000,-0.101343,-0.107557,0,77.59,39.46
108.4080,-0.098413,-0.089897,0,77.59,39.46
108.4160,-0.097924,-0.075691,0,77.59,39.46
108.4240,-0.095971,-0.065695,0,77.59,39.46
108.4320,-0.093040,-0.060094,0,77.59,39.46
108.4400,-0.092552,-0.058602,0,77.59,39.46
108.4480,-0.091087,-0.060530,0,77.59,39.46
108.4560,-0.089133,-0.064905,0,77.59,39.46
108.4640,-0.088156,-0.070600,0,77.59,39.46
108.4720,-0.085714,-0.007514,0,77.59,39.46
108.4800,-0.085714,-0.009786,0,77.59,39.46
108.4880,-0.085714,-0.011908,0,77.59,39.46
108.4960,-0.086691,-0.013539,0,77.59,39.46
108.5040,-0.090598,-0.014329,0,77.59,39.46
108.5120,-0.088156,-0.014100,0,77.59,39.46
108.5200,-0.088645,-0.012989,0,77.59,39.46
108.5280,-0.086691,-0.011335,0,77.59,39.46
108.5360,-0.086203,-0.009474,0,77.59,39.46
108.5440,-0.085714,-0.007668,0,77.59,39.46
108.5520,-0.081319,-0.006162,0,77.59,39.46
108.5600,-0.079365,-0.005148,0,77.59,39.46
108.5680,-0.079365,-0.004547,0,77.59,39.46
108.5760,-0.082295,0.003455,0,77.59,39.46
108.5840,-0.082295,0.002412,0,77.59,39.46
108.5920,-0.082784,0.001938,0,77.59,39.46
108.6000,-0.080342,0.002352,0,77.59,39.46
108.6080,-0.078877,0.003628,0,77.59,39.46
108.6160,-0.077411,0.005488,0,77.59,39.46
108.6240,-0.074481,0.007436,0,77.59,39.46
108.6320,-0.070574,0.008808,0,77.59,39.46
108.6400,-0.070085,0.009027,0,77.59,39.46
108.6480,-0.071062,0.007961,0,77.59,39.46
108.6560,-0.074969,0.005991,0,77.59,39.46
108.6640,-0.076435,0.003693,0,77.59,39.46
108.6720,-0.075946,0.001394,0,77.59,39.46
108.6800,-0.071551,-0.003531,0,77.59,39.46
108.6880,-0.070085,-0.002292,0,77.59,39.46
108.6960,-0.068132,-0.000732,0,77.59,39.46
108.7040,-0.065201,0.000677,0,77.59,39.46
108.7120,-0.061783,0.001485,0,77.59,39.46
108.7200,-0.061294,0.001403,0,77.59,39.46
108.7280,-0.061783,0.000505,0,77.59,39.46
108.7360,-0.062271,-0.000776,0,77.59,39.46
108.7440,-0.063736,-0.001856,0,77.59,39.46
108.7520,-0.061783,-0.002272,0,77.59,39.46
108.7600,-0.060806,-0.001863,0,77.59,39.46
108.7680,-0.057387,-0.000775,0,77.59,39.46
108.7760,-0.055433,0.000669,0,77.59,39.46
108.7840,-0.055433,-0.005086,0,77.59,39.46
108.7920,-0.053480,-0.005336,0,77.59,39.46
108.8000,-0.051526,-0.006304,0,77.59,39.46
108.8080,-0.052503,-0.007926,0,77.59,39.46
108.8160,-0.054457,-0.009791,0,77.59,39.46
108.8240,-0.054457,-0.011272,0,77.59,39.46
108.8320,-0.053968,-0.011848,0,77.59,39.46
108.8400,-0.051038,-0.011329,0,77.59,39.46
108.8480,-0.047131,-0.009873,0,77.59,39.46
108.8560,-0.045177,-0.007841,0,77.59,39.46
108.8640,-0.039316,-0.005649,0,77.59,39.46
108.8720,-0.035897,-0.003629,0,77.59,39.46
108.8800,-0.033944,-0.001844,0,77.59,39.46
108.8880,-0.034432,0.010821,0,77.59,39.46
108.8960,-0.037363,0.009321,0,77.59,39.46
108.9040,-0.038339,0.007856,0,77.59,39.46
108.9120,-0.036874,0.006987,0,77.59,39.46
108.9200,-0.034432,0.006808,0,77.59,39.46
108.9280,-0.033944,0.007134,0,77.59,39.46
108.9360,-0.033455,0.007735,0,77.59,39.46
108.9440,-0.031013,0.008351,0,77.59,39.46
108.9520,-0.029060,0.008638,0,77.59,39.46
108.9600,-0.027595,0.008285,0,77.59,39.46
108.9680,-0.028571,0.007231,0,77.59,39.46
108.9760,-0.030525,0.005694,0,77.59,39.46
108.9840,-0.029548,0.003965,0,77.59,39.46
108.9920,-0.027595,0.007422,0,77.59,39.46
109.0000,-0.025153,0.009412,0,77.59,39.46
109.0080,-0.022222,0.012484,0,77.59,39.46
109.0160,-0.016850,0.016112,0,77.59,39.46
109.0240,-0.012454,0.019439,0,77.59,39.46
109.0320,-0.007570,0.021505,0,77.59,39.46
109.0400,-0.007082,0.021636,0,77.59,39.46
109.0480,-0.007570,0.019816,0,77.59,39.46
109.0560,-0.014408,0.016736,0,77.59,39.46
109.0640,-0.015873,0.013386,0,77.59,39.46
109.0720,-0.016361,0.010459,0,77.59,39.46
109.0800,-0.017827,0.008120,0,77.59,39.46
109.0880,-0.018315,0.006155,0,77.59,39.46
109.0960,-0.019780,0.050874,0,77.59,39.46
109.1040,-0.018803,0.052132,0,77.59,39.46
109.1120,-0.017338,0.052775,0,77.59,39.46
109.1200,-0.018315,0.052096,0,77.59,39.46
109.1280,-0.022711,0.049862,0,77.59,39.46
109.1360,-0.030037,0.046505,0,77.59,39.46
109.1440,-0.035409,0.042796,0,77.59,39.46
109.1520,-0.038828,0.039311,0,77.59,39.46
109.1600,-0.042247,0.036181,0,77.59,39.46
109.1680,-0.046154,0.033249,0,77.59,39.46
109.1760,-0.052015,0.030362,0,77.59,39.46
109.1840,-0.055922,0.027471,0,77.59,39.46
109.1920,-0.060806,0.024590,0,77.59,39.46
109.2000,-0.063736,0.026450,0,77.59,39.46
109.2080,-0.071062,0.022676,0,77.59,39.46
109.2160,-0.078388,0.019093,0,77.59,39.46
109.2240,-0.084737,0.016429,0,77.59,39.46
109.2320,-0.087179,0.015126,0,77.59,39.46
109.2400,-0.087668,0.015055,0,77.59,39.46
109.2480,-0.090110,0.015689,0,77.59,39.46
109.2560,-0.093040,0.016416,0,77.59,39.46
109.2640,-0.094017,0.016680,0,77.59,39.46
109.2720,-0.098413,0.016004,0,77.59,39.46
109.2800,-0.101343,0.014093,0,77.59,39.46
109.2880,-0.107692,0.010978,0,77.59,39.46
109.2960,-0.115507,0.007121,0,77.59,39.46
109.3040,-0.118437,-0.031459,0,77.59,39.46
109.3120,-0.118437,-0.031711,0,77.59,39.46
109.3200,-0.118926,-0.030144,0,77.59,39.46
109.3280,-0.117460,-0.027228,0,77.59,39.46
109.3360,-0.115995,-0.023623,0,77.59,39.46
109.3440,-0.115018,-0.020070,0,77.59,39.46
109.3520,-0.112088,-0.017280,0,77.59,39.46
109.3600,-0.113065,-0.015714,0,77.59,39.46
109.3680,-0.116484,-0.015348,0,77.59,39.46
109.3760,-0.118926,-0.015684,0,77.59,39.46
109.3840,-0.123321,-0.016048,0,77.59,39.46
109.3920,-0.125275,-0.015973,0,77.59,39.46
109.4000,-0.125275,-0.015467,0,77.59,39.46
109.4080,-0.125275,-0.028359,0,77.59,39.46
109.4160,-0.123810,-0.024878,0,77.59,39.46
109.4240,-0.119414,-0.020875,0,77.59,39.46
109.4320,-0.116484,-0.017395,0,77.59,39.46
109.4400,-0.115018,-0.015369,0,77.59,39.46
109.4480,-0.116972,-0.015168,0,77.59,39.46
109.4560,-0.120391,-0.016416,0,77.59,39.46
109.4640,-0.125275,-0.018163,0,77.59,39.46
109.4720,-0.127717,-0.019322,0,77.59,39.46
109.4800,-0.127717,-0.019118,0,77.59,39.46
109.4880,-0.127228,-0.017276,0,77.59,39.46
109.4960,-0.125275,-0.013998,0,77.59,39.46
109.5040,-0.121368,-0.009880,0,77.59,39.46
109.5120,-0.117460,-0.013917,0,77.59,39.46
109.5200,-0.116972,-0.012083,0,77.59,39.46
109.5280,-0.116972,-0.011358,0,77.59,39.46
109.5360,-0.117949,-0.011419,0,77.59,39.46
109.5440,-0.119414,-0.011726,0,77.59,39.46
109.5520,-0.117949,-0.011815,0,77.59,39.46
109.5600,-0.117949,-0.011439,0,77.59,39.46
109.5680,-0.116972,-0.010524,0,77.59,39.46
109.5760,-0.116484,-0.009125,0,77.59,39.46
109.5840,-0.114042,-0.007483,0,77.59,39.46
109.5920,-0.110623,-0.006042,0,77.59,39.46
109.6000,-0.107204,-0.005209,0,77.59,39.46
109.6080,-0.109646,-0.004948,0,77.59,39.46
109.6160,-0.112088,0.005699,0,77.59,39.46
109.6240,-0.113553,0.004890,0,77.59,39.46
109.6320,-0.112088,0.004811,0,77.59,39.46
109.6400,-0.111600,0.005721,0,77.59,39.46
109.6480,-0.109646,0.007500,0,77.59,39.46
109.6560,-0.107692,0.009705,0,77.59,39.46
109.6640,-0.103785,0.011642,0,77.59,39.46
109.6720,-0.102320,0.012588,0,77.59,39.46
109.6800,-0.102808,0.012135,0,77.59,39.46
109.6880,-0.105739,0.010395,0,77.59,39.46
109.6960,-0.109158,0.007867,0,77.59,39.46
109.7040,-0.110623,0.005069,0,77.59,39.46
109.7120,-0.112088,0.002256,0,77.59,39.46
109.7200,-0.109158,0.000474,0,77.59,39.46
109.7280,-0.107692,0.001925,0,77.59,39.46
109.7360,-0.107692,0.004000,0,77.59,39.46
109.7440,-0.101343,0.006010,0,77.59,39.46
109.7520,-0.100366,0.007204,0,77.59,39.46
109.7600,-0.100855,0.007118,0,77.59,39.46
109.7680,-0.101343,0.005810,0,77.59,39.46
109.7760,-0.103785,0.003799,0,77.59,39.46
109.7840,-0.106716,0.001840,0,77.59,39.46
109.7920,-0.106227,0.000598,0,77.59,39.46
109.8000,-0.105739,0.000375,0,77.59,39.46
109.8080,-0.104274,0.001073,0,77.59,39.46
109.8160,-0.102320,0.002303,0,77.59,39.46
109.8240,-0.099878,0.005108,0,77.59,39.46
109.8320,-0.094994,0.006569,0,77.59,39.46
109.8400,-0.094505,0.006638,0,77.59,39.46
109.8480,-0.096947,0.005162,0,77.59,39.46
109.8560,-0.101343,0.002672,0,77.59,39.46
109.8640,-0.102808,0.000023,0,77.59,39.46
109.8720,-0.103785,-0.002062,0,77.59,39.46
109.8800,-0.104762,-0.003154,0,77.59,39.46
109.8880,-0.104274,-0.003105,0,77.59,39.46
109.8960,-0.102808,-0.002021,0,77.59,39.46
109.9040,-0.100366,-0.000239,0,77.59,39.46
109.9120,-0.095971,0.001808,0,77.59,39.46
109.9200,-0.095971,0.003854,0,77.59,39.46
109.9280,-0.097924,0.009777,0,77.59,39.46
109.9360,-0.100366,0.008941,0,77.59,39.46
109.9440,-0.101343,0.008279,0,77.59,39.46
109.9520,-0.099878,0.008162,0,77.59,39.46
109.9600,-0.099878,0.008543,0,77.59,39.46
109.9680,-0.097924,0.009106,0,77.59,39.46
109.9760,-0.098901,0.009503,0,77.59,39.46
109.9840,-0.098413,0.009501,0,77.59,39.46
109.9920,-0.099878,0.009018,0,77.59,39.46
110.0000,-0.100366,0.008077,0,77.59,39.46
110.0080,-0.101343,0.006758,0,77.59,39.46
110.0160,-0.103785,0.005188,0,77.59,39.46
110.0240,-0.104762,0.003510,0,77.59,39.46
110.0320,-0.102320,-0.002864,0,77.59,39.46
110.0400,-0.100855,-0.000769,0,77.59,39.46
110.0480,-0.097924,0.002034,0,77.59,39.46
110.0560,-0.094505,0.004757,0,77.59,39.46
110.0640,-0.090598,0.006442,0,77.59,39.46
110.0720,-0.090110,0.006338,0,77.59,39.46
110.0800,-0.092063,0.004368,0,77.59,39.46
110.0880,-0.098901,0.001295,0,77.59,39.46
110.0960,-0.101343,-0.001635,0,77.59,39.46
110.1040,-0.102320,-0.003336,0,77.59,39.46
110.1120,-0.102320,-0.003288,0,77.59,39.46
110.1200,-0.099878,-0.001607,0,77.59,39.46
110.1280,-0.096459,0.001048,0,77.59,39.46
110.1360,-0.094994,-0.000570,0,77.59,39.46
110.1440,-0.092552,0.000773,0,77.59,39.46
110.1520,-0.091087,0.000374,0,77.59,39.46
110.1600,-0.092063,-0.002055,0,77.59,39.46
110.1680,-0.098901,-0.005958,0,77.59,39.46
110.1760,-0.104762,-0.010006,0,77.59,39.46
110.1840,-0.107692,-0.012737,0,77.59,39.46
110.1920,-0.107692,-0.013306,0,77.59,39.46
110.2000,-0.101832,-0.011804,0,77.59,39.46
110.2080,-0.099389,-0.008978,0,77.59,39.46
110.2160,-0.095971,-0.005650,0,77.59,39.46
110.2240,-0.092552,-0.002341,0,77.59,39.46
110.2320,-0.090598,0.000818,0,77.59,39.46
110.2400,-0.089133,0.008693,0,77.59,39.46
110.2480,-0.091575,0.007448,0,77.59,39.46
110.2560,-0.095482,0.005172,0,77.59,39.46
110.2640,-0.098413,0.002650,0,77.59,39.46
110.2720,-0.099389,0.000575,0,77.59,39.46
110.2800,-0.101343,-0.000632,0,77.59,39.46
110.2880,-0.101343,-0.000816,0,77.59,39.46
110.2960,-0.101343,-0.000084,0,77.59,39.46
110.3040,-0.098413,0.001190,0,77.59,39.46
110.3120,-0.097924,0.002447,0,77.59,39.46
110.3200,-0.094994,0.003142,0,77.59,39.46
110.3280,-0.095482,0.003007,0,77.59,39.46
110.3360,-0.097924,0.002255,0,77.59,39.46
110.3440,-0.096459,-0.001399,0,77.59,39.46
110.3520,-0.094994,-0.000881,0,77.59,39.46
110.3600,-0.093529,-0.000175,0,77.59,39.46
110.3680,-0.094017,0.000567,0,77.59,39.46
110.3760,-0.094017,0.001208,0,77.59,39.46
110.3840,-0.092063,0.001544,0,77.59,39.46
110.3920,-0.091087,0.001321,0,77.59,39.46
110.4000,-0.092552,0.000458,0,77.59,39.46
110.4080,-0.093529,-0.000755,0,77.59,39.46
110.4160,-0.097924,-0.001728,0,77.59,39.46
110.4240,-0.095971,-0.001934,0,77.59,39.46
110.4320,-0.094994,-0.001252,0,77.59,39.46
110.4400,-0.093040,-0.000005,0,77.59,39.46
110.4480,-0.092552,-0.000854,0,77.59,39.46
110.4560,-0.089133,0.001197,0,77.59,39.46
110.4640,-0.085714,0.002800,0,77.59,39.46
110.4720,-0.084737,0.003413,0,77.59,39.46
110.4800,-0.085714,0.002831,0,77.59,39.46
110.4880,-0.087179,0.001304,0,77.59,39.46
110.4960,-0.090110,-0.000582,0,77.59,39.46
110.5040,-0.091575,-0.002150,0,77.59,39.46
110.5120,-0.092063,-0.002903,0,77.59,39.46
110.5200,-0.091087,-0.002689,0,77.59,39.46
110.5280,-0.088156,-0.001661,0,77.59,39.46
110.5360,-0.088156,-0.000109,0,77.59,39.46
110.5440,-0.085714,0.001692,0,77.59,39.46
110.5520,-0.084737,0.004854,0,77.59,39.46
110.5600,-0.085226,0.004824,0,77.59,39.46
110.5680,-0.085714,0.004319,0,77.59,39.46
110.5760,-0.089133,0.003802,0,77.59,39.46
110.5840,-0.086691,0.003643,0,77.59,39.46
110.5920,-0.085714,0.003885,0,77.59,39.46
110.6000,-0.085226,0.004312,0,77.59,39.46
110.6080,-0.084249,0.004685,0,77.59,39.46
110.6160,-0.085226,0.004845,0,77.59,39.46
110.6240,-0.084249,0.004695,0,77.59,39.46
110.6320,-0.084737,0.004152,0,77.59,39.46
110.6400,-0.084737,0.003194,0,77.59,39.46
110.6480,-0.086691,0.001952,0,77.59,39.46
110.6560,-0.090598,-0.005107,0,77.59,39.46
110.6640,-0.095971,-0.006520,0,77.59,39.46
110.6720,-0.092063,-0.006229,0,77.59,39.46
110.6800,-0.090110,-0.004279,0,77.59,39.46
110.6880,-0.085714,-0.001414,0,77.59,39.46
110.6960,-0.082784,0.001296,0,77.59,39.46
110.7040,-0.078877,0.002855,0,77.59,39.46
110.7120,-0.078877,0.002753,0,77.59,39.46
110.7200,-0.083272,0.001257,0,77.59,39.46
110.7280,-0.085714,-0.000760,0,77.59,39.46
110.7360,-0.087668,-0.002391,0,77.59,39.46
110.7440,-0.086691,-0.003217,0,77.59,39.46
110.7520,-0.085714,-0.003443,0,77.59,39.46
110.7600,-0.082784,0.004315,0,77.59,39.46
110.7680,-0.082784,0.006213,0,77.59,39.46
110.7760,-0.080342,0.007872,0,77.59,39.46
110.7840,-0.079365,0.008828,0,77.59,39.46
110.7920,-0.078877,0.008761,0,77.59,39.46
110.8000,-0.080342,0.007663,0,77.59,39.46
110.8080,-0.083272,0.005917,0,77.59,39.46
110.8160,-0.085714,0.004164,0,77.59,39.46
110.8240,-0.088156,0.002981,0,77.59,39.46
110.8320,-0.085714,0.002573,0,77.59,39.46
110.8400,-0.085714,0.002759,0,77.59,39.46
110.8480,-0.085714,0.003239,0,77.59,39.46
110.8560,-0.085714,0.003816,0,77.59,39.46
110.8640,-0.081319,-0.006789,0,77.59,39.46
110.8720,-0.076923,-0.005468,0,77.59,39.46
110.8800,-0.076923,-0.005179,0,77.59,39.46
110.8880,-0.078388,-0.005901,0,77.59,39.46
110.8960,-0.082295,-0.006984,0,77.59,39.46
110.9040,-0.081319,-0.007618,0,77.59,39.46
110.9120,-0.080342,-0.007348,0,77.59,39.46
110.9200,-0.078388,-0.006226,0,77.59,39.46
110.9280,-0.074969,-0.004652,0,77.59,39.46
110.9360,-0.074969,-0.003131,0,77.59,39.46
110.9440,-0.071062,-0.002090,0,77.59,39.46
110.9520,-0.070574,-0.001736,0,77.59,39.46
110.9600,-0.071551,-0.001899,0,77.59,39.46
110.9680,-0.076435,0.009167,0,77.59,39.46
110.9760,-0.080342,0.006714,0,77.59,39.46
110.9840,-0.080830,0.005075,0,77.59,39.46
110.9920,-0.080342,0.004691,0,77.59,39.46
111.0000,-0.080342,0.005535,0,77.59,39.46
111.0080,-0.078388,0.007261,0,77.59,39.46
111.0160,-0.076923,0.009293,0,77.59,39.46
111.0240,-0.074481,0.010921,0,77.59,39.46
111.0320,-0.073016,0.011468,0,77.59,39.46
111.0400,-0.074481,0.010570,0,77.59,39.46
111.0480,-0.077900,0.008345,0,77.59,39.46
111.0560,-0.082784,0.005284,0,77.59,39.46
111.0640,-0.084249,0.001897,0,77.59,39.46
111.0720,-0.083761,-0.004158,0,77.59,39.46
111.0800,-0.082295,-0.002521,0,77.59,39.46
111.0880,-0.077900,0.000379,0,77.59,39.46
111.0960,-0.076435,0.003695,0,77.59,39.46
111.1040,-0.070085,0.006424,0,77.59,39.46
111.1120,-0.070085,0.007703,0,77.59,39.46
111.1200,-0.069597,0.007172,0,77.59,39.46
111.1280,-0.072527,0.005172,0,77.59,39.46
111.1360,-0.077900,0.002625,0,77.59,39.46
111.1440,-0.079853,0.000571,0,77.59,39.46
111.1520,-0.079365,-0.000404,0,77.59,39.46
111.1600,-0.076923,-0.000377,0,77.59,39.46
111.1680,-0.077411,0.000189,0,77.59,39.46
111.1760,-0.075458,-0.006302,0,77.59,39.46
111.1840,-0.074481,-0.005000,0,77.59,39.46
111.1920,-0.072039,-0.004152,0,77.59,39.46
111.2000,-0.070574,-0.004164,0,77.59,39.46
111.2080,-0.072527,-0.005130,0,77.59,39.46
111.2160,-0.074481,-0.006716,0,77.59,39.46
111.2240,-0.075946,-0.008323,0,77.59,39.46
111.2320,-0.077411,-0.009385,0,77.59,39.46
111.2400,-0.075458,-0.009567,0,77.59,39.46
111.2480,-0.074969,-0.008774,0,77.59,39.46
111.2560,-0.074481,-0.007046,0,77.59,39.46
111.2640,-0.070574,-0.004544,0,77.59,39.46
111.2720,-0.067643,-0.001604,0,77.59,39.46
111.2800,-0.064713,-0.034873,0,77.59,39.46
111.2880,-0.063248,-0.034662,0,77.59,39.46
111.2960,-0.063248,-0.034507,0,77.59,39.46
111.3040,-0.060806,-0.033968,0,77.59,39.46
111.3120,-0.055922,-0.032765,0,77.59,39.46
111.3200,-0.052991,-0.030844,0,77.59,39.46
111.3280,-0.049084,-0.028268,0,77.59,39.46
111.3360,-0.044200,-0.025210,0,77.59,39.46
111.3440,-0.038828,-0.022019,0,77.59,39.46
111.3520,-0.032479,-0.019190,0,77.59,39.46
111.3600,-0.028571,-0.017162,0,77.59,39.46
111.3680,-0.024664,-0.016068,0,77.59,39.46
111.3760,-0.023199,-0.015616,0,77.59,39.46
111.3840,-0.018315,0.025275,0,77.59,39.46
111.3920,-0.012454,0.028117,0,77.59,39.46
111.4000,-0.007570,0.029885,0,77.59,39.46
111.4080,-0.008547,0.030290,0,77.59,39.46
111.4160,-0.011477,0.029681,0,77.59,39.46
111.4240,-0.010501,0.028770,0,77.59,39.46
111.4320,-0.011966,0.028118,0,77.59,39.46
111.4400,-0.010012,0.027813,0,77.59,39.46
111.4480,-0.007570,0.027441,0,77.59,39.46
111.4560,-0.008059,0.026326,0,77.59,39.46
111.4640,-0.007570,0.023901,0,77.59,39.46
111.4720,-0.010501,0.020033,0,77.59,39.46
111.4800,-0.015873,0.015201,0,77.59,39.46
111.4880,-0.021734,0.062829,0,77.59,39.46
111.4960,-0.024176,0.058946,0,77.59,39.46
111.5040,-0.029548,0.054338,0,77.59,39.46
111.5120,-0.036386,0.048780,0,77.59,39.46
111.5200,-0.041270,0.042235,0,77.59,39.46
111.5280,-0.052503,0.035082,0,77.59,39.46
111.5360,-0.061294,0.028142,0,77.59,39.46
111.5440,-0.067155,0.022366,0,77.59,39.46
111.5520,-0.072527,0.018503,0,77.59,39.46
111.5600,-0.075458,0.016985,0,77.59,39.46
111.5680,-0.075946,0.017903,0,77.59,39.46
111.5760,-0.076435,0.020941,0,77.59,39.46
111.5840,-0.071551,0.025276,0,77.59,39.46
111.5920,-0.070085,-0.005991,0,77.59,39.46
111.6000,-0.070085,-0.005122,0,77.59,39.46
111.6080,-0.071551,-0.005294,0,77.59,39.46
111.6160,-0.074969,-0.006012,0,77.59,39.46
111.6240,-0.077411,-0.006552,0,77.59,39.46
111.6320,-0.076923,-0.006438,0,77.59,39.46
111.6400,-0.075458,-0.005680,0,77.59,39.46
111.6480,-0.075458,-0.004598,0,77.59,39.46
111.6560,-0.077900,-0.003518,0,77.59,39.46
111.6640,-0.076923,-0.002707,0,77.59,39.46
111.6720,-0.077411,-0.002425,0,77.59,39.46
111.6800,-0.079365,-0.002808,0,77.59,39.46
111.6880,-0.083272,-0.003660,0,77.59,39.46
111.6960,-0.084737,-0.024299,0,77.59,39.46
111.7040,-0.084249,-0.023274,0,77.59,39.46
111.7120,-0.081319,-0.021237,0,77.59,39.46
111.7200,-0.080342,-0.018621,0,77.59,39.46
111.7280,-0.078388,-0.015879,0,77.59,39.46
111.7360,-0.078877,-0.013327,0,77.59,39.46
111.7440,-0.076923,-0.011205,0,77.59,39.46
111.7520,-0.076435,-0.009773,0,77.59,39.46
111.7600,-0.075458,-0.009223,0,77.59,39.46
111.7680,-0.079365,-0.009443,0,77.59,39.46
111.7760,-0.083272,-0.009974,0,77.59,39.46
111.7840,-0.084249,-0.010352,0,77.59,39.46
111.7920,-0.084249,-0.010476,0,77.59,39.46
111.8000,-0.083272,0.070800,0,77.59,39.46
111.8080,-0.079365,0.078108,0,77.59,39.46
111.8160,-0.076923,0.086162,0,77.59,39.46
111.8240,-0.072527,0.093989,0,77.59,39.46
111.8320,-0.070085,0.100410,0,77.59,39.46
111.8400,-0.070085,0.104235,0,77.59,39.46
111.8480,-0.072527,0.104522,0,77.59,39.46
111.8560,-0.081807,0.100791,0,77.59,39.46
111.8640,-0.091575,0.093104,0,77.59,39.46
111.8720,-0.106227,0.082034,0,77.59,39.46
111.8800,-0.125275,0.068588,0,77.59,39.46
111.8880,-0.145299,0.053938,0,77.59,39.46
111.8960,-0.160440,0.038945,0,77.59,39.46
111.9040,-0.164347,-0.936730,0,77.59,39.46
111.9120,-0.157998,-0.970164,0,77.59,39.46
111.9200,-0.138950,-0.991957,0,77.59,39.46
111.9280,-0.101832,-1.000000,0,77.59,39.46
111.9360,-0.051038,-0.992538,0,77.59,39.46
111.9440,0.022222,-0.968310,0,77.59,39.46
111.9520,0.110134,-0.926925,0,77.59,39.46
111.9600,0.224908,-0.869398,0,77.59,39.46
111.9680,0.358242,-0.798398,0,77.59,39.46
111.9760,0.498901,-0.717695,0,77.59,39.46
111.9840,0.643956,-0.631111,0,77.59,39.46
111.9920,0.798779,-0.541764,0,77.59,39.46
112.0000,0.945788,-0.451787,0,77.59,39.46
112.0080,1.000000,0.991331,1,77.59,39.46
112.0160,1.000000,1.000000,1,77.59,39.46
112.0240,0.914530,0.960856,0,77.59,39.46
112.0320,0.711844,0.882900,0,77.59,39.46
112.0400,0.517949,0.782446,0,77.59,39.46
112.0480,0.336264,0.676961,0,77.59,39.46
112.0560,0.170696,0.580199,0,77.59,39.46
112.0640,0.030037,0.501165,0,77.59,39.46
112.0720,-0.091575,0.445251,0,77.59,39.46
112.0800,-0.178022,0.415151,0,77.59,39.46
112.0880,-0.224420,0.410540,0,77.59,39.46
112.0960,-0.234676,0.427052,0,77.59,39.46
112.1040,-0.211233,0.455876,0,77.59,39.46
112.1120,-0.170696,-0.111535,0,77.59,39.46
112.1200,-0.123321,-0.063681,0,77.59,39.46
112.1280,-0.079365,-0.017945,0,77.59,39.46
112.1360,-0.048107,0.018242,0,77.59,39.46
112.1440,-0.031502,0.040932,0,77.59,39.46
112.1520,-0.030037,0.049702,0,77.59,39.46
112.1600,-0.038828,0.046915,0,77.59,39.46
112.1680,-0.054945,0.036535,0,77.59,39.46
112.1760,-0.073016,0.022852,0,77.59,39.46
112.1840,-0.087179,0.009398,0,77.59,39.46
112.1920,-0.099878,-0.001704,0,77.59,39.46
112.2000,-0.108669,-0.009929,0,77.59,39.46
112.2080,-0.111600,-0.016213,0,77.59,39.46
112.2160,-0.110134,-0.182969,0,77.59,39.46
112.2240,-0.106227,-0.184717,0,77.59,39.46
112.2320,-0.100855,-0.185189,0,77.59,39.46
112.2400,-0.096459,-0.185544,0,77.59,39.46
112.2480,-0.098413,-0.186031,0,77.59,39.46
112.2560,-0.100366,-0.185859,0,77.59,39.46
112.2640,-0.101832,-0.183642,0,77.59,39.46
112.2720,-0.102808,-0.178047,0,77.59,39.46
112.2800,-0.102320,-0.168226,0,77.59,39.46
112.2880,-0.101832,-0.153951,0,77.59,39.46
112.2960,-0.103785,-0.135578,0,77.59,39.46
112.3040,-0.104762,-0.114013,0,77.59,39.46
112.3120,-0.107204,-0.090689,0,77.59,39.46
112.3200,-0.107692,-0.075096,0,77.59,39.46
112.3280,-0.109646,-0.056543,0,77.59,39.46
112.3360,-0.109158,-0.039192,0,77.59,39.46
112.3440,-0.105739,-0.023982,0,77.59,39.46
112.3520,-0.101832,-0.011799,0,77.59,39.46
112.3600,-0.097924,-0.003315,0,77.59,39.46
112.3680,-0.095971,0.001297,0,77.59,39.46
112.3760,-0.097924,0.002484,0,77.59,39.46
112.3840,-0.095971,0.001049,0,77.59,39.46
112.3920,-0.094017,-0.002288,0,77.59,39.46
112.4000,-0.094017,-0.007042,0,77.59,39.46
112.4080,-0.095971,-0.012806,0,77.59,39.46
112.4160,-0.098901,-0.019131,0,77.59,39.46
112.4240,-0.098413,-0.013499,0,77.59,39.46
112.4320,-0.096459,-0.012731,0,77.59,39.46
112.4400,-0.094017,-0.010355,0,77.59,39.46
112.4480,-0.091575,-0.007111,0,77.59,39.46
112.4560,-0.088156,-0.003884,0,77.59,39.46
112.4640,-0.086691,-0.001440,0,77.59,39.46
112.4720,-0.085714,-0.000212,0,77.59,39.46
112.4800,-0.086691,-0.000188,0,77.59,39.46
112.4880,-0.087179,-0.000983,0,77.59,39.46
112.4960,-0.089133,-0.002049,0,77.59,39.46
112.5040,-0.088156,-0.002947,0,77.59,39.46
112.5120,-0.086691,-0.003535,0,77.59,39.46
112.5200,-0.086203,-0.003931,0,77.59,39.46
112.5280,-0.085226,0.002840,0,77.59,39.46
112.5360,-0.082784,0.004476,0,77.59,39.46
112.5440,-0.078877,0.006048,0,77.59,39.46
112.5520,-0.077411,0.007022,0,77.59,39.46
112.5600,-0.077411,0.007100,0,77.59,39.46
112.5680,-0.077900,0.006366,0,77.59,39.46
112.5760,-0.078877,0.005195,0,77.59,39.46
112.5840,-0.080342,0.004042,0,77.59,39.46
112.5920,-0.079365,0.003224,0,77.59,39.46
112.6000,-0.077411,0.002822,0,77.59,39.46
112.6080,-0.078388,0.002823,0,77.59,39.46
112.6160,-0.077900,0.003222,0,77.59,39.46
112.6240,-0.074969,0.003905,0,77.59,39.46
112.6320,-0.071551,-0.000532,0,77.59,39.46
112.6400,-0.070574,-0.000614,0,77.59,39.46
112.6480,-0.071551,-0.001265,0,77.59,39.46
112.6560,-0.072527,-0.002112,0,77.59,39.46
112.6640,-0.071551,-0.002669,0,77.59,39.46
112.6720,-0.070085,-0.002617,0,77.59,39.46
112.6800,-0.069109,-0.001876,0,77.59,39.46
112.6880,-0.066667,-0.000601,0,77.59,39.46
112.6960,-0.062759,0.000821,0,77.59,39.46
112.7040,-0.061294,0.001892,0,77.59,39.46
112.7120,-0.059341,0.002194,0,77.59,39.46
112.7200,-0.056899,0.001565,0,77.59,39.46
112.7280,-0.059341,0.000264,0,77.59,39.46
112.7360,-0.057875,0.000972,0,77.59,39.46
112.7440,-0.056899,0.000531,0,77.59,39.46
112.7520,-0.054457,0.000198,0,77.59,39.46
112.7600,-0.054457,-0.000063,0,77.59,39.46
112.7680,-0.054457,-0.000175,0,77.59,39.46
112.7760,-0.053968,-0.000021,0,77.59,39.46
112.7840,-0.051038,0.000346,0,77.59,39.46
112.7920,-0.048107,0.000655,0,77.59,39.46
112.8000,-0.046642,0.000675,0,77.59,39.46
112.8080,-0.048596,0.000481,0,77.59,39.46
112.8160,-0.046642,0.000372,0,77.59,39.46
112.8240,-0.045177,0.000556,0,77.59,39.46
112.8320,-0.042735,0.000974,0,77.59,39.46
112.8400,-0.041758,0.003546,0,77.59,39.46
112.8480,-0.040293,0.003635,0,77.59,39.46
112.8560,-0.040293,0.003286,0,77.59,39.46
112.8640,-0.038828,0.002389,0,77.59,39.46
112.8720,-0.038828,0.000943,0,77.59,39.46
112.8800,-0.040293,-0.000832,0,77.59,39.46
112.8880,-0.041270,-0.002473,0,77.59,39.46
112.8960,-0.042247,-0.003466,0,77.59,39.46
112.9040,-0.039316,-0.003525,0,77.59,39.46
112.9120,-0.037363,-0.002708,0,77.59,39.46
112.9200,-0.033455,-0.001284,0,77.59,39.46
112.9280,-0.031990,0.000470,0,77.59,39.46
112.9360,-0.028571,0.002361,0,77.59,39.46
112.9440,-0.023199,0.014984,0,77.59,39.46
112.9520,-0.021734,0.014687,0,77.59,39.46
112.9600,-0.023199,0.012329,0,77.59,39.46
112.9680,-0.030037,0.008601,0,77.59,39.46
112.9760,-0.033944,0.004830,0,77.59,39.46
112.9840,-0.035897,0.002238,0,77.59,39.46
112.9920,-0.033944,0.001359,0,77.59,39.46
113.0000,-0.031013,0.001974,0,77.59,39.46
113.0080,-0.030525,0.003466,0,77.59,39.46
113.0160,-0.027106,0.005128,0,77.59,39.46
113.0240,-0.023687,0.006331,0,77.59,39.46
113.0320,-0.023199,0.006744,0,77.59,39.46
113.0400,-0.024176,0.006550,0,77.59,39.46
113.0480,-0.030525,0.049583,0,77.59,39.46
113.0560,-0.038339,0.046505,0,77.59,39.46
113.0640,-0.041270,0.044029,0,77.59,39.46
113.0720,-0.043223,0.042730,0,77.59,39.46
113.0800,-0.043223,0.042383,0,77.59,39.46
113.0880,-0.043712,0.042274,0,77.59,39.46
113.0960,-0.047619,0.041647,0,77.59,39.46
113.1040,-0.049573,0.039990,0,77.59,39.46
113.1120,-0.054457,0.037117,0,77.59,39.46
113.1200,-0.060806,0.033187,0,77.59,39.46
113.1280,-0.067643,0.028636,0,77.59,39.46
113.1360,-0.075458,0.023941,0,77.59,39.46
113.1440,-0.079853,0.019341,0,77.59,39.46
113.1520,-0.084249,0.004036,0,77.59,39.46
113.1600,-0.085714,0.002941,0,77.59,39.46
113.1680,-0.088156,0.002946,0,77.59,39.46
113.1760,-0.088645,0.003526,0,77.59,39.46
113.1840,-0.090110,0.004050,0,77.59,39.46
113.1920,-0.089133,0.003933,0,77.59,39.46
113.2000,-0.093040,0.002924,0,77.59,39.46
113.2080,-0.099878,0.001332,0,77.59,39.46
113.2160,-0.102320,-0.000185,0,77.59,39.46
113.2240,-0.105739,-0.001087,0,77.59,39.46
113.2320,-0.107204,-0.001202,0,77.59,39.46
113.2400,-0.108181,-0.000688,0,77.59,39.46
113.2480,-0.110623,0.000156,0,77.59,39.46
113.2560,-0.110134,-0.025722,0,77.59,39.46
113.2640,-0.108181,-0.024694,0,77.59,39.46
113.2720,-0.108181,-0.024299,0,77.59,39.46
113.2800,-0.110623,-0.024727,0,77.59,39.46
113.2880,-0.115507,-0.025569,0,77.59,39.46
113.2960,-0.117460,-0.026106,0,77.59,39.46
113.3040,-0.117949,-0.025831,0,77.59,39.46
113.3120,-0.115995,-0.024686,0,77.59,39.46
113.3200,-0.116484,-0.022888,0,77.59,39.46
113.3280,-0.116484,-0.020624,0,77.59,39.46
113.3360,-0.116484,-0.017968,0,77.59,39.46
113.3440,-0.114530,-0.014993,0,77.59,39.46
113.3520,-0.113553,-0.011839,0,77.59,39.46
113.3600,-0.114530,-0.019885,0,77.59,39.46
113.3680,-0.116484,-0.019994,0,77.59,39.46
113.3760,-0.117949,-0.020345,0,77.59,39.46
113.3840,-0.118437,-0.020518,0,77.59,39.46
113.3920,-0.119414,-0.020148,0,77.59,39.46
113.4000,-0.120391,-0.018981,0,77.59,39.46
113.4080,-0.118437,-0.016979,0,77.59,39.46
113.4160,-0.116972,-0.014416,0,77.59,39.46
113.4240,-0.114530,-0.011843,0,77.59,39.46
113.4320,-0.111600,-0.009893,0,77.59,39.46
113.4400,-0.111600,-0.008992,0,77.59,39.46
113.4480,-0.114042,-0.009115,0,77.59,39.46
113.4560,-0.114530,-0.009836,0,77.59,39.46
113.4640,-0.115507,-0.013950,0,77.59,39.46
113.4720,-0.115507,-0.013696,0,77.59,39.46
113.4800,-0.113553,-0.012503,0,77.59,39.46
113.4880,-0.110623,-0.010498,0,77.59,39.46
113.4960,-0.109646,-0.008011,0,77.59,39.46
113.5040,-0.106227,-0.005488,0,77.59,39.46
113.5120,-0.102320,-0.003447,0,77.59,39.46
113.5200,-0.100855,-0.002297,0,77.59,39.46
113.5280,-0.102320,-0.002087,0,77.59,39.46
113.5360,-0.102808,-0.002549,0,77.59,39.46
113.5440,-0.101832,-0.003390,0,77.59,39.46
113.5520,-0.101832,-0.004460,0,77.59,39.46
113.5600,-0.102808,-0.005668,0,77.59,39.46
113.5680,-0.105250,-0.006247,0,77.59,39.46
113.5760,-0.106716,-0.007508,0,77.59,39.46
113.5840,-0.106227,-0.008244,0,77.59,39.46
113.5920,-0.104274,-0.008610,0,77.59,39.46
113.6000,-0.102320,-0.008940,0,77.59,39.46
113.6080,-0.104274,-0.009393,0,77.59,39.46
113.6160,-0.104274,-0.009804,0,77.59,39.46
113.6240,-0.103785,-0.009884,0,77.59,39.46
113.6320,-0.101343,-0.009468,0,77.59,39.46
113.6400,-0.099878,-0.008545,0,77.59,39.46
113.6480,-0.097924,-0.007168,0,77.59,39.46
113.6560,-0.095971,-0.005407,0,77.59,39.46
113.6640,-0.092552,-0.003413,0,77.59,39.46
113.6720,-0.090598,0.005257,0,77.59,39.46
113.6800,-0.093040,0.003102,0,77.59,39.46
113.6880,-0.098413,-0.000198,0,77.59,39.46
113.6960,-0.101343,-0.003600,0,77.59,39.46
113.7040,-0.102808,-0.006071,0,77.59,39.46
113.7120,-0.102808,-0.006967,0,77.59,39.46
113.7200,-0.101343,-0.006133,0,77.59,39.46
113.7280,-0.098901,-0.003881,0,77.59,39.46
113.7360,-0.094994,-0.000968,0,77.59,39.46
113.7440,-0.089133,0.001541,0,77.59,39.46
113.7520,-0.087179,0.002663,0,77.59,39.46
113.7600,-0.086691,0.002024,0,77.59,39.46
113.7680,-0.090598,0.000161,0,77.59,39.46
113.7760,-0.091087,0.017804,0,77.59,39.46
113.7840,-0.090598,0.017338,0,77.59,39.46
113.7920,-0.090110,0.017240,0,77.59,39.46
113.8000,-0.090110,0.017370,0,77.59,39.46
113.8080,-0.090110,0.017484,0,77.59,39.46
113.8160,-0.090598,0.017333,0,77.59,39.46
113.8240,-0.091087,0.016710,0,77.59,39.46
113.8320,-0.092552,0.015502,0,77.59,39.46
113.8400,-0.093529,0.013761,0,77.59,39.46
113.8480,-0.097436,0.011786,0,77.59,39.46
113.8560,-0.100855,0.010037,0,77.59,39.46
113.8640,-0.101832,0.008844,0,77.59,39.46
113.8720,-0.101343,0.008114,0,77.59,39.46
113.8800,-0.101343,-0.007177,0,77.59,39.46
113.8880,-0.100855,-0.006502,0,77.59,39.46
113.8960,-0.100366,-0.005245,0,77.59,39.46
113.9040,-0.095971,-0.003764,0,77.59,39.46
113.9120,-0.094017,-0.002530,0,77.59,39.46
113.9200,-0.093529,-0.001852,0,77.59,39.46
113.9280,-0.094505,-0.001691,0,77.59,39.46
113.9360,-0.094505,-0.001778,0,77.59,39.46
113.9440,-0.094017,-0.001875,0,77.59,39.46
113.9520,-0.093529,-0.001923,0,77.59,39.46
113.9600,-0.092063,-0.002010,0,77.59,39.46
113.9680,-0.093529,-0.002216,0,77.59,39.46
113.9760,-0.093529,-0.002521,0,77.59,39.46
113.9840,-0.093040,-0.000443,0,77.59,39.46
113.9920,-0.093529,-0.001344,0,77.59,39.46
114.0000,-0.094505,-0.002767,0,77.59,39.46
114.0080,-0.096947,-0.004572,0,77.59,39.46
114.0160,-0.098901,-0.006440,0,77.59,39.46
114.0240,-0.100855,-0.008021,0,77.59,39.46
114.0320,-0.100366,-0.009087,0,77.59,39.46
114.0400,-0.099878,-0.009547,0,77.59,39.46
114.0480,-0.101343,-0.009303,0,77.59,39.46
114.0560,-0.101343,-0.008221,0,77.59,39.46
114.0640,-0.097924,-0.006311,0,77.59,39.46
114.0720,-0.094017,-0.003831,0,77.59,39.46
114.0800,-0.092552,-0.001109,0,77.59,39.46
114.0880,-0.093040,0.000102,0,77.59,39.46
114.0960,-0.093529,0.000283,0,77.59,39.46
114.1040,-0.092552,0.000054,0,77.59,39.46
114.1120,-0.093529,-0.000296,0,77.59,39.46
114.1200,-0.094017,-0.000438,0,77.59,39.46
114.1280,-0.094505,-0.000064,0,77.59,39.46
114.1360,-0.093529,0.000947,0,77.59,39.46
114.1440,-0.092063,0.002364,0,77.59,39.46
114.1520,-0.087179,0.003598,0,77.59,39.46
114.1600,-0.086691,0.004010,0,77.59,39.46
114.1680,-0.088645,0.003342,0,77.59,39.46
114.1760,-0.092063,0.001839,0,77.59,39.46
114.1840,-0.092063,-0.000053,0,77.59,39.46
114.1920,-0.091087,-0.003073,0,77.59,39.46
114.2000,-0.091087,-0.002981,0,77.59,39.46
114.2080,-0.091575,-0.002264,0,77.59,39.46
114.2160,-0.088645,-0.001238,0,77.59,39.46
114.2240,-0.086203,-0.000448,0,77.59,39.46
114.2320,-0.085714,-0.000401,0,77.59,39.46
114.2400,-0.086203,-0.001192,0,77.59,39.46
114.2480,-0.090598,-0.002380,0,77.59,39.46
114.2560,-0.091087,-0.003279,0,77.59,39.46
114.2640,-0.090110,-0.003452,0,77.59,39.46
114.2720,-0.088156,-0.002922,0,77.59,39.46
114.2800,-0.086203,-0.001999,0,77.59,39.46
114.2880,-0.086203,-0.000956,0,77.59,39.46
114.2960,-0.086203,0.002702,0,77.59,39.46
114.3040,-0.085714,0.002466,0,77.59,39.46
114.3120,-0.085714,0.001668,0,77.59,39.46
114.3200,-0.086203,0.000504,0,77.59,39.46
114.3280,-0.090598,-0.000581,0,77.59,39.46
114.3360,-0.089133,-0.001104,0,77.59,39.46
114.3440,-0.088645,-0.000876,0,77.59,39.46
114.3520,-0.086203,-0.000080,0,77.59,39.46
114.3600,-0.085714,0.000908,0,77.59,39.46
114.3680,-0.084249,0.001705,0,77.59,39.46
114.3760,-0.083272,0.002006,0,77.59,39.46
114.3840,-0.082784,0.001690,0,77.59,39.46
114.3920,-0.084737,0.000931,0,77.59,39.46
114.4000,-0.086691,0.000897,0,77.59,39.46
114.4080,-0.089133,-0.000875,0,77.59,39.46
114.4160,-0.092552,-0.001795,0,77.59,39.46
114.4240,-0.089133,-0.001489,0,77.59,39.46
114.4320,-0.086691,-0.000095,0,77.59,39.46
114.4400,-0.085714,0.001953,0,77.59,39.46
114.4480,-0.084737,0.004173,0,77.59,39.46
114.4560,-0.080830,0.006009,0,77.59,39.46
114.4640,-0.078877,0.006852,0,77.59,39.46
114.4720,-0.080342,0.006322,0,77.59,39.46
114.4800,-0.083272,0.004495,0,77.59,39.46
114.4880,-0.086203,0.001800,0,77.59,39.46
114.4960,-0.088156,-0.001284,0,77.59,39.46
114.5040,-0.087179,0.004120,0,77.59,39.46
114.5120,-0.086691,0.004762,0,77.59,39.46
114.5200,-0.085714,0.006354,0,77.59,39.46
114.5280,-0.085714,0.008575,0,77.59,39.46
114.5360,-0.080830,0.010823,0,77.59,39.46
114.5440,-0.078388,0.012286,0,77.59,39.46
114.5520,-0.078877,0.012331,0,77.59,39.46
114.5600,-0.081319,0.010906,0,77.59,39.46
114.5680,-0.085226,0.008564,0,77.59,39.46
114.5760,-0.088645,0.006134,0,77.59,39.46
114.5840,-0.090598,0.004294,0,77.59,39.46
114.5920,-0.091087,0.003270,0,77.59,39.46
114.6000,-0.091087,0.002803,0,77.59,39.46
114.6080,-0.089133,-0.008231,0,77.59,39.46
114.6160,-0.087179,-0.005423,0,77.59,39.46
114.6240,-0.082295,-0.002085,0,77.59,39.46
114.6320,-0.078388,0.000970,0,77.59,39.46
114.6400,-0.074969,0.003008,0,77.59,39.46
114.6480,-0.076435,0.003695,0,77.59,39.46
114.6560,-0.076923,0.003172,0,77.59,39.46
114.6640,-0.077411,0.001849,0,77.59,39.46
114.6720,-0.078877,0.000210,0,77.59,39.46
114.6800,-0.080342,-0.001223,0,77.59,39.46
114.6880,-0.082784,-0.001956,0,77.59,39.46
114.6960,-0.082295,-0.001748,0,77.59,39.46
114.7040,-0.079365,-0.000859,0,77.59,39.46
114.7120,-0.080342,0.001006,0,77.59,39.46
114.7200,-0.083272,0.000095,0,77.59,39.46
114.7280,-0.084249,-0.000733,0,77.59,39.46
114.7360,-0.084737,-0.001045,0,77.59,39.46
114.7440,-0.083272,-0.000630,0,77.59,39.46
114.7520,-0.082784,0.000457,0,77.59,39.46
114.7600,-0.080342,0.001977,0,77.59,39.46
114.7680,-0.080342,0.003594,0,77.59,39.46
114.7760,-0.078388,0.004907,0,77.59,39.46
114.7840,-0.077900,0.005439,0,77.59,39.46
114.7920,-0.076435,0.004716,0,77.59,39.46
114.8000,-0.077411,0.002553,0,77.59,39.46
114.8080,-0.083272,-0.000618,0,77.59,39.46
114.8160,-0.085714,-0.018304,0,77.59,39.46
114.8240,-0.083272,-0.019695,0,77.59,39.46
114.8320,-0.083272,-0.020000,0,77.59,39.46
114.8400,-0.080830,-0.019412,0,77.59,39.46
114.8480,-0.080830,-0.018172,0,77.59,39.46
114.8560,-0.078388,-0.016538,0,77.59,39.46
114.8640,-0.074481,-0.014865,0,77.59,39.46
114.8720,-0.071551,-0.013537,0,77.59,39.46
114.8800,-0.071062,-0.012713,0,77.59,39.46
114.8880,-0.070085,-0.012190,0,77.59,39.46
114.8960,-0.069597,-0.011560,0,77.59,39.46
114.9040,-0.067643,-0.010523,0,77.59,39.46
114.9120,-0.063736,-0.009129,0,77.59,39.46
114.9200,-0.061294,-0.034115,0,77.59,39.46
114.9280,-0.055433,-0.031547,0,77.59,39.46
114.9360,-0.051038,-0.028467,0,77.59,39.46
114.9440,-0.046154,-0.025299,0,77.59,39.46
114.9520,-0.039316,-0.022497,0,77.59,39.46
114.9600,-0.036386,-0.020385,0,77.59,39.46
114.9680,-0.033455,-0.018996,0,77.59,39.46
114.9760,-0.031013,-0.018107,0,77.59,39.46
114.9840,-0.026618,-0.017425,0,77.59,39.46
114.9920,-0.024664,-0.016673,0,77.59,39.46
115.0000,-0.021245,-0.015611,0,77.59,39.46
115.0080,-0.017827,-0.014122,0,77.59,39.46
115.0160,-0.012454,-0.012334,0,77.59,39.46
115.0240,-0.009035,0.064693,0,77.59,39.46
115.0320,-0.010501,0.065385,0,77.59,39.46
115.0400,-0.014896,0.065242,0,77.59,39.46
115.0480,-0.017827,0.065316,0,77.59,39.46
115.0560,-0.016850,0.066189,0,77.59,39.46
115.0640,-0.011966,0.067411,0,77.59,39.46
115.0720,-0.010501,0.067778,0,77.59,39.46
115.0800,-0.012943,0.066185,0,77.59,39.46
115.0880,-0.021245,0.062255,0,77.59,39.46
115.0960,-0.027595,0.056261,0,77.59,39.46
115.1040,-0.034432,0.048654,0,77.59,39.46
115.1120,-0.041758,0.039834,0,77.59,39.46
115.1200,-0.052991,0.030314,0,77.59,39.46
115.1280,-0.061783,0.019623,0,77.59,39.46
115.1360,-0.068132,0.013986,0,77.59,39.46
115.1440,-0.070574,0.010514,0,77.59,39.46
115.1520,-0.071551,0.008959,0,77.59,39.46
115.1600,-0.072527,0.008809,0,77.59,39.46
115.1680,-0.074969,0.009581,0,77.59,39.46
115.1760,-0.074481,0.010807,0,77.59,39.46
115.1840,-0.072527,0.011855,0,77.59,39.46
115.1920,-0.071551,0.012026,0,77.59,39.46
115.2000,-0.075458,0.010963,0,77.59,39.46
115.2080,-0.080342,0.008892,0,77.59,39.46
115.2160,-0.085226,0.006367,0,77.59,39.46
115.2240,-0.086691,0.003792,0,77.59,39.46
115.2320,-0.088645,-0.028633,0,77.59,39.46
115.2400,-0.088645,-0.029731,0,77.59,39.46
115.2480,-0.090110,-0.030117,0,77.59,39.46
115.2560,-0.091087,-0.030003,0,77.59,39.46
115.2640,-0.090110,-0.029614,0,77.59,39.46
115.2720,-0.089133,-0.029153,0,77.59,39.46
115.2800,-0.091087,-0.028625,0,77.59,39.46
115.2880,-0.092063,-0.027756,0,77.59,39.46
115.2960,-0.092552,-0.026213,0,77.59,39.46
115.3040,-0.089133,-0.023921,0,77.59,39.46
115.3120,-0.087179,-0.021101,0,77.59,39.46
115.3200,-0.086691,-0.018038,0,77.59,39.46
115.3280,-0.085226,-0.014896,0,77.59,39.46
115.3360,-0.084737,-0.019001,0,77.59,39.46
115.3440,-0.083272,-0.018589,0,77.59,39.46
115.3520,-0.085226,-0.019225,0,77.59,39.46
115.3600,-0.088645,-0.020482,0,77.59,39.46
115.3680,-0.093040,-0.021556,0,77.59,39.46
115.3760,-0.093529,-0.021698,0,77.59,39.46
115.3840,-0.093040,-0.020619,0,77.59,39.46
115.3920,-0.091087,-0.018568,0,77.59,39.46
115.4000,-0.088645,-0.016102,0,77.59,39.46
115.4080,-0.087668,-0.013751,0,77.59,39.46
115.4160,-0.087179,-0.011802,0,77.59,39.46
115.4240,-0.085714,-0.010277,0,77.59,39.46
115.4320,-0.085226,-0.009018,0,77.59,39.46
115.4400,-0.087179,0.044273,0,77.59,39.46
115.4480,-0.086691,0.046609,0,77.59,39.46
115.4560,-0.087179,0.047731,0,77.59,39.46
115.4640,-0.087179,0.046365,0,77.59,39.46
115.4720,-0.092552,0.041191,0,77.59,39.46
115.4800,-0.103785,0.031629,0,77.59,39.46
115.4880,-0.118437,0.018453,0,77.59,39.46
115.4960,-0.135531,0.003983,0,77.59,39.46
115.5040,-0.153602,-0.008174,0,77.59,39.46
115.5120,-0.166300,-0.013967,0,77.59,39.46
115.5200,-0.170208,-0.010381,0,77.59,39.46
115.5280,-0.159463,0.002856,0,77.59,39.46
115.5360,-0.132601,0.022314,0,77.59,39.46
115.5440,-0.086203,-0.862362,0,77.59,39.46
115.5520,-0.023199,-0.834864,0,77.59,39.46
115.5600,0.053968,-0.788298,0,77.59,39.46
115.5680,0.147253,-0.722312,0,77.59,39.46
115.5760,0.265934,-0.637776,0,77.59,39.46
115.5840,0.396337,-0.537949,0,77.59,39.46
115.5920,0.531136,-0.429377,0,77.59,39.46
115.6000,0.664469,-0.322947,0,77.59,39.46
115.6080,0.802198,-0.234982,1,77.59,39.46
115.6160,0.941392,-0.185744,1,77.59,39.46
115.6240,1.000000,-0.192207,1,77.59,39.46
115.6320,1.000000,-0.256774,0,77.59,39.46
115.6400,0.870085,-0.359571,0,77.59,39.46
115.6480,0.666911,0.771015,0,77.59,39.46
115.6560,0.473993,0.610510,0,77.59,39.46
115.6640,0.296703,0.445423,0,77.59,39.46
115.6720,0.131624,0.293370,0,77.59,39.46
115.6800,-0.018315,0.166188,0,77.59,39.46
115.6880,-0.135531,0.071498,0,77.59,39.46
115.6960,-0.211233,0.013273,0,77.59,39.46
115.7040,-0.250305,-0.008511,0,77.59,39.46
115.7120,-0.239560,0.001894,0,77.59,39.46
115.7200,-0.207814,0.036869,0,77.59,39.46
115.7280,-0.160440,0.087584,0,77.59,39.46
115.7360,-0.108669,0.146464,0,77.59,39.46
115.7440,-0.066667,0.208627,0,77.59,39.46
115.7520,-0.041758,0.033349,0,77.59,39.46
115.7600,-0.038339,0.048385,0,77.59,39.46
115.7680,-0.046154,0.050028,0,77.59,39.46
115.7760,-0.061783,0.042933,0,77.59,39.46
115.7840,-0.075458,0.032163,0,77.59,39.46
115.7920,-0.088645,0.021748,0,77.59,39.46
115.8000,-0.099389,0.014102,0,77.59,39.46
115.8080,-0.102808,0.010017,0,77.59,39.46
115.8160,-0.105739,0.008998,0,77.59,39.46
115.8240,-0.104274,0.009837,0,77.59,39.46
115.8320,-0.104274,0.011280,0,77.59,39.46
115.8400,-0.107692,0.012573,0,77.59,39.46
115.8480,-0.111111,0.013638,0,77.59,39.46
115.8560,-0.112088,-0.258813,0,77.59,39.46
115.8640,-0.110623,-0.263678,0,77.59,39.46
115.8720,-0.112088,-0.265976,0,77.59,39.46
115.8800,-0.110623,-0.265210,0,77.59,39.46
115.8880,-0.111600,-0.260980,0,77.59,39.46
115.8960,-0.108669,-0.253101,0,77.59,39.46
115.9040,-0.108181,-0.241682,0,77.59,39.46
115.9120,-0.106716,-0.227092,0,77.59,39.46
115.9200,-0.108181,-0.209851,0,77.59,39.46
115.9280,-0.110623,-0.190569,0,77.59,39.46
115.9360,-0.110134,-0.169967,0,77.59,39.46
115.9440,-0.106716,-0.148802,0,77.59,39.46
115.9520,-0.103785,-0.127577,0,77.59,39.46
115.9600,-0.102320,-0.008310,0,77.59,39.46
115.9680,-0.101832,0.001291,0,77.59,39.46
115.9760,-0.101832,0.006582,0,77.59,39.46
115.9840,-0.101343,0.007912,0,77.59,39.46
115.9920,-0.101832,0.006018,0,77.59,39.46
116.0000,-0.104274,0.002057,0,77.59,39.46
116.0080,-0.106716,-0.002467,0,77.59,39.46
116.0160,-0.107204,-0.006071,0,77.59,39.46
116.0240,-0.105739,-0.007751,0,77.59,39.46
116.0320,-0.100855,-0.007218,0,77.59,39.46
116.0400,-0.098413,-0.004756,0,77.59,39.46
116.0480,-0.095971,-0.000911,0,77.59,39.46
116.0560,-0.092063,0.003653,0,77.59,39.46
116.0640,-0.089133,0.002591,0,77.59,39.46
116.0720,-0.086203,0.004841,0,77.59,39.46
116.0800,-0.086691,0.005828,0,77.59,39.46
116.0880,-0.090110,0.006009,0,77.59,39.46
116.0960,-0.090598,0.006103,0,77.59,39.46
116.1040,-0.087179,0.006521,0,77.59,39.46
116.1120,-0.085226,0.007175,0,77.59,39.46
116.1200,-0.085226,0.007763,0,77.59,39.46
116.1280,-0.084737,0.008032,0,77.59,39.46
116.1360,-0.083272,0.007790,0,77.59,39.46
116.1440,-0.083272,0.006917,0,77.59,39.46
116.1520,-0.085226,0.005468,0,77.59,39.46
116.1600,-0.085714,0.003681,0,77.59,39.46
116.1680,-0.088156,-0.001909,0,77.59,39.46
116.1760,-0.088645,-0.003426,0,77.59,39.46
116.1840,-0.088156,-0.003910,0,77.59,39.46
116.1920,-0.086691,-0.003119,0,77.59,39.46
116.2000,-0.084249,-0.001069,0,77.59,39.46
116.2080,-0.080830,0.001907,0,77.59,39.46
116.2160,-0.075946,0.005104,0,77.59,39.46
116.2240,-0.069597,0.007559,0,77.59,39.46
116.2320,-0.068620,0.008466,0,77.59,39.46
116.2400,-0.070085,0.007589,0,77.59,39.46
116.2480,-0.071551,0.005285,0,77.59,39.46
116.2560,-0.074969,0.002162,0,77.59,39.46
116.2640,-0.075458,-0.001273,0,77.59,39.46
116.2720,-0.073504,-0.003804,0,77.59,39.46
116.2800,-0.073504,-0.003622,0,77.59,39.46
116.2880,-0.071551,-0.002507,0,77.59,39.46
116.2960,-0.068620,-0.000933,0,77.59,39.46
116.3040,-0.063248,0.000389,0,77.59,39.46
116.3120,-0.061783,0.000816,0,77.59,39.46
116.3200,-0.062759,0.000172,0,77.59,39.46
116.3280,-0.063248,-0.001172,0,77.59,39.46
116.3360,-0.063248,-0.002564,0,77.59,39.46
116.3440,-0.063736,-0.003379,0,77.59,39.46
116.3520,-0.061783,-0.003227,0,77.59,39.46
116.3600,-0.059829,-0.002088,0,77.59,39.46
116.3680,-0.055922,-0.000332,0,77.59,39.46
116.3760,-0.053968,-0.001762,0,77.59,39.46
116.3840,-0.052503,-0.001793,0,77.59,39.46
116.3920,-0.052015,-0.002821,0,77.59,39.46
116.4000,-0.053968,-0.004555,0,77.59,39.46
116.4080,-0.054945,-0.006383,0,77.59,39.46
116.4160,-0.054945,-0.007654,0,77.59,39.46
116.4240,-0.054457,-0.007947,0,77.59,39.46
116.4320,-0.051038,-0.007210,0,77.59,39.46
116.4400,-0.048596,-0.005726,0,77.59,39.46
116.4480,-0.044689,-0.003960,0,77.59,39.46
116.4560,-0.041270,-0.002364,0,77.59,39.46
116.4640,-0.038828,-0.001183,0,77.59,39.46
116.4720,-0.037363,-0.000340,0,77.59,39.46
116.4800,-0.038339,0.004410,0,77.59,39.46
116.4880,-0.038828,0.002822,0,77.59,39.46
116.4960,-0.038828,0.000966,0,77.59,39.46
116.5040,-0.038828,-0.000851,0,77.59,39.46
116.5120,-0.038828,-0.002378,0,77.59,39.46
116.5200,-0.039805,-0.003356,0,77.59,39.46
116.5280,-0.038828,-0.003578,0,77.59,39.46
116.5360,-0.037851,-0.003038,0,77.59,39.46
116.5440,-0.032967,-0.002028,0,77.59,39.46
116.5520,-0.031013,-0.000971,0,77.59,39.46
116.5600,-0.030037,-0.000125,0,77.59,39.46
116.5680,-0.028571,0.000515,0,77.59,39.46
116.5760,-0.026129,0.001061,0,77.59,39.46
116.5840,-0.026618,0.033483,0,77.59,39.46
116.5920,-0.024664,0.034445,0,77.59,39.46
116.6000,-0.025641,0.035163,0,77.59,39.46
116.6080,-0.024664,0.035512,0,77.59,39.46
116.6160,-0.024176,0.035213,0,77.59,39.46
116.6240,-0.025641,0.033962,0,77.59,39.46
116.6320,-0.027595,0.031657,0,77.59,39.46
116.6400,-0.031013,0.028558,0,77.59,39.46
116.6480,-0.037851,0.025261,0,77.59,39.46
116.6560,-0.040293,0.022371,0,77.59,39.46
116.6640,-0.040293,0.020095,0,77.59,39.46
116.6720,-0.041758,0.018221,0,77.59,39.46
116.6800,-0.045177,0.016483,0,77.59,39.46
116.6880,-0.047619,0.033315,0,77.59,39.46
116.6960,-0.052015,0.030879,0,77.59,39.46
116.7040,-0.055433,0.027533,0,77.59,39.46
116.7120,-0.059829,0.023320,0,77.59,39.46
116.7200,-0.067643,0.018607,0,77.59,39.46
116.7280,-0.075458,0.014067,0,77.59,39.46
116.7360,-0.079365,0.010336,0,77.59,39.46
116.7440,-0.081319,0.007702,0,77.59,39.46
116.7520,-0.085714,0.006190,0,77.59,39.46
116.7600,-0.087179,0.005835,0,77.59,39.46
116.7680,-0.090110,0.006770,0,77.59,39.46
116.7760,-0.092552,0.009043,0,77.59,39.46
116.7840,-0.088156,0.012263,0,77.59,39.46
116.7920,-0.090110,0.003052,0,77.59,39.46
116.8000,-0.097924,0.001488,0,77.59,39.46
116.8080,-0.101343,-0.000778,0,77.59,39.46
116.8160,-0.105739,-0.003124,0,77.59,39.46
116.8240,-0.108181,-0.005095,0,77.59,39.46
116.8320,-0.111600,-0.006407,0,77.59,39.46
116.8400,-0.115995,-0.006852,0,77.59,39.46
116.8480,-0.116972,-0.006377,0,77.59,39.46
116.8560,-0.117460,-0.005236,0,77.59,39.46
116.8640,-0.116972,-0.003929,0,77.59,39.46
116.8720,-0.119414,-0.002900,0,77.59,39.46
116.8800,-0.122344,-0.002289,0,77.59,39.46
116.8880,-0.124786,-0.001940,0,77.59,39.46
116.8960,-0.125275,-0.032151,0,77.59,39.46
116.9040,-0.126252,-0.031472,0,77.59,39.46
116.9120,-0.125275,-0.030141,0,77.59,39.46
116.9200,-0.125763,-0.028298,0,77.59,39.46
116.9280,-0.125763,-0.026151,0,77.59,39.46
116.9360,-0.124298,-0.024020,0,77.59,39.46
116.9440,-0.121856,-0.022318,0,77.59,39.46
116.9520,-0.123321,-0.021301,0,77.59,39.46
116.9600,-0.125275,-0.020797,0,77.59,39.46
116.9680,-0.127228,-0.020276,0,77.59,39.46
116.9760,-0.128205,-0.019184,0,77.59,39.46
116.9840,-0.127228,-0.017297,0,77.59,39.46
116.9920,-0.125275,-0.014850,0,77.59,39.46
117.0000,-0.124298,-0.023149,0,77.59,39.46
117.0080,-0.123321,-0.020508,0,77.59,39.46
117.0160,-0.119902,-0.017871,0,77.59,39.46
117.0240,-0.117460,-0.015641,0,77.59,39.46
117.0320,-0.117460,-0.014138,0,77.59,39.46
117.0400,-0.115507,-0.013441,0,77.59,39.46
117.0480,-0.117460,-0.013372,0,77.59,39.46
117.0560,-0.117460,-0.013559,0,77.59,39.46
117.0640,-0.116972,-0.013585,0,77.59,39.46
117.0720,-0.118437,-0.013110,0,77.59,39.46
117.0800,-0.115018,-0.011973,0,77.59,39.46
117.0880,-0.115018,-0.010232,0,77.59,39.46
117.0960,-0.112088,-0.008142,0,77.59,39.46
117.1040,-0.108181,-0.002424,0,77.59,39.46
117.1120,-0.110134,-0.002610,0,77.59,39.46
117.1200,-0.114042,-0.003475,0,77.59,39.46
117.1280,-0.113553,-0.004334,0,77.59,39.46
117.1360,-0.113553,-0.004644,0,77.59,39.46
117.1440,-0.112088,-0.004242,0,77.59,39.46
117.1520,-0.110623,-0.003286,0,77.59,39.46
117.1600,-0.107692,-0.002104,0,77.59,39.46
117.1680,-0.107692,-0.001030,0,77.59,39.46
117.1760,-0.106227,-0.000309,0,77.59,39.46
117.1840,-0.103785,-0.000122,0,77.59,39.46
117.1920,-0.104274,-0.000519,0,77.59,39.46
117.2000,-0.104762,-0.001316,0,77.59,39.46
117.2080,-0.104274,0.006943,0,77.59,39.46
117.2160,-0.104274,0.007269,0,77.59,39.46
117.2240,-0.101343,0.008186,0,77.59,39.46
117.2320,-0.100366,0.009757,0,77.59,39.46
117.2400,-0.098901,0.011958,0,77.59,39.46
117.2480,-0.096459,0.014583,0,77.59,39.46
117.2560,-0.092552,0.017047,0,77.59,39.46
117.2640,-0.086691,0.018449,0,77.59,39.46
117.2720,-0.088156,0.018053,0,77.59,39.46
117.2800,-0.091087,0.015793,0,77.59,39.46
117.2880,-0.096459,0.012262,0,77.59,39.46
117.2960,-0.098901,0.008206,0,77.59,39.46
117.3040,-0.100855,0.004057,0,77.59,39.46
117.3120,-0.100855,0.003170,0,77.59,39.46
117.3200,-0.099878,0.003388,0,77.59,39.46
117.3280,-0.098901,0.004378,0,77.59,39.46
117.3360,-0.095482,0.005385,0,77.59,39.46
117.3440,-0.094017,0.005661,0,77.59,39.46
117.3520,-0.094505,0.004856,0,77.59,39.46
117.3600,-0.097924,0.003268,0,77.59,39.46
117.3680,-0.101343,0.001671,0,77.59,39.46
117.3760,-0.100855,0.000761,0,77.59,39.46
117.3840,-0.098413,0.000702,0,77.59,39.46
117.3920,-0.096459,0.001188,0,77.59,39.46
117.4000,-0.096459,0.001839,0,77.59,39.46
117.4080,-0.095971,0.002481,0,77.59,39.46
117.4160,-0.094017,0.008072,0,77.59,39.46
117.4240,-0.092063,0.008739,0,77.59,39.46
117.4320,-0.092063,0.008698,0,77.59,39.46
117.4400,-0.093529,0.007931,0,77.59,39.46
117.4480,-0.094505,0.006666,0,77.59,39.46
117.4560,-0.096459,0.005224,0,77.59,39.46
117.4640,-0.096947,0.003861,0,77.59,39.46
117.4720,-0.096459,0.002725,0,77.59,39.46
117.4800,-0.098901,0.001957,0,77.59,39.46
117.4880,-0.099878,0.001745,0,77.59,39.46
117.4960,-0.097924,0.002172,0,77.59,39.46
117.5040,-0.096947,0.003108,0,77.59,39.46
117.5120,-0.095971,0.004302,0,77.59,39.46
117.5200,-0.097924,0.004895,0,77.59,39.46
117.5280,-0.097924,0.005413,0,77.59,39.46
117.5360,-0.095482,0.005926,0,77.59,39.46
117.5440,-0.094505,0.006220,0,77.59,39.46
117.5520,-0.095482,0.006167,0,77.59,39.46
117.5600,-0.097924,0.005924,0,77.59,39.46
117.5680,-0.098901,0.005765,0,77.59,39.46
117.5760,-0.097924,0.005755,0,77.59,39.46
117.5840,-0.096947,0.005665,0,77.59,39.46
117.5920,-0.097436,0.005235,0,77.59,39.46
117.6000,-0.100855,0.004458,0,77.59,39.46
117.6080,-0.101832,0.003549,0,77.59,39.46
117.6160,-0.101832,0.002660,0,77.59,39.46
117.6240,-0.101343,-0.006821,0,77.59,39.46
117.6320,-0.100366,-0.006501,0,77.59,39.46
117.6400,-0.100366,-0.005989,0,77.59,39.46
117.6480,-0.098901,-0.005515,0,77.59,39.46
117.6560,-0.099878,-0.005267,0,77.59,39.46
117.6640,-0.098413,-0.005384,0,77.59,39.46
117.6720,-0.098413,-0.005913,0,77.59,39.46
117.6800,-0.099389,-0.006702,0,77.59,39.46
117.6880,-0.101343,-0.007360,0,77.59,39.46
117.6960,-0.100855,-0.007420,0,77.59,39.46
117.7040,-0.100366,-0.006597,0,77.59,39.46
117.7120,-0.097924,-0.004926,0,77.59,39.46
117.7200,-0.095482,-0.002744,0,77.59,39.46
117.7280,-0.095482,-0.004852,0,77.59,39.46
117.7360,-0.094017,-0.004545,0,77.59,39.46
117.7440,-0.094017,-0.005019,0,77.59,39.46
117.7520,-0.095482,-0.006189,0,77.59,39.46
117.7600,-0.096947,-0.007697,0,77.59,39.46
117.7680,-0.099878,-0.009018,0,77.59,39.46
117.7760,-0.099389,-0.009707,0,77.59,39.46
117.7840,-0.097924,-0.009598,0,77.59,39.46
117.7920,-0.096459,-0.008785,0,77.59,39.46
117.8000,-0.095482,-0.007450,0,77.59,39.46
117.8080,-0.093040,-0.005777,0,77.59,39.46
117.8160,-0.090110,-0.003946,0,77.59,39.46
117.8240,-0.088645,-0.002080,0,77.59,39.46
117.8320,-0.088156,0.007009,0,77.59,39.46
117.8400,-0.089621,0.006487,0,77.59,39.46
117.8480,-0.091575,0.005563,0,77.59,39.46
117.8560,-0.093040,0.004752,0,77.59,39.46
117.8640,-0.093040,0.004462,0,77.59,39.46
117.8720,-0.092063,0.004869,0,77.59,39.46
117.8800,-0.092063,0.005904,0,77.59,39.46
117.8880,-0.090110,0.007272,0,77.59,39.46
117.8960,-0.088156,0.008446,0,77.59,39.46
117.9040,-0.086203,0.008779,0,77.59,39.46
117.9120,-0.086203,0.007803,0,77.59,39.46
117.9200,-0.091575,0.005530,0,77.59,39.46
117.9280,-0.094505,0.002477,0,77.59,39.46
117.9360,-0.093529,-0.000027,0,77.59,39.46
117.9440,-0.094505,-0.000493,0,77.59,39.46
117.9520,-0.093529,0.000043,0,77.59,39.46
117.9600,-0.092063,0.001383,0,77.59,39.46
117.9680,-0.091087,0.003143,0,77.59,39.46
117.9760,-0.088156,0.004766,0,77.59,39.46
117.9840,-0.085714,0.005623,0,77.59,39.46
117.9920,-0.085714,0.005303,0,77.59,39.46
118.0000,-0.088156,0.003928,0,77.59,39.46
118.0080,-0.092063,0.002145,0,77.59,39.46
118.0160,-0.093529,0.000724,0,77.59,39.46
118.0240,-0.093040,0.000054,0,77.59,39.46
118.0320,-0.092063,-0.000049,0,77.59,39.46
118.0400,-0.090110,0.000407,0,77.59,39.46
118.0480,-0.086691,0.003249,0,77.59,39.46
118.0560,-0.082784,0.005643,0,77.59,39.46
118.0640,-0.079853,0.006601,0,77.59,39.46
118.0720,-0.081319,0.005629,0,77.59,39.46
118.0800,-0.085714,0.003056,0,77.59,39.46
118.0880,-0.090110,-0.000115,0,77.59,39.46
118.0960,-0.092552,-0.002744,0,77.59,39.46
118.1040,-0.093040,-0.004064,0,77.59,39.46
118.1120,-0.091575,-0.003855,0,77.59,39.46
118.1200,-0.090110,-0.002314,0,77.59,39.46
118.1280,-0.088156,0.000169,0,77.59,39.46
118.1360,-0.085226,0.003138,0,77.59,39.46
118.1440,-0.084249,-0.005284,0,77.59,39.46
118.1520,-0.083272,-0.005881,0,77.59,39.46
118.1600,-0.086203,-0.007469,0,77.59,39.46
118.1680,-0.089133,-0.009332,0,77.59,39.46
118.1760,-0.090598,-0.010609,0,77.59,39.46
118.1840,-0.088645,-0.010748,0,77.59,39.46
118.1920,-0.086691,-0.009671,0,77.59,39.46
118.2000,-0.085714,-0.007637,0,77.59,39.46
118.2080,-0.083272,-0.005142,0,77.59,39.46
118.2160,-0.077900,-0.002932,0,77.59,39.46
118.2240,-0.075458,-0.001798,0,77.59,39.46
118.2320,-0.075458,-0.002092,0,77.59,39.46
118.2400,-0.078388,-0.003402,0,77.59,39.46
118.2480,-0.083272,0.000923,0,77.59,39.46
118.2560,-0.084249,-0.001607,0,77.59,39.46
118.2640,-0.085226,-0.003424,0,77.59,39.46
118.2720,-0.085226,-0.004337,0,77.59,39.46
118.2800,-0.085226,-0.004439,0,77.59,39.46
118.2880,-0.085226,-0.003970,0,77.59,39.46
118.2960,-0.083272,-0.003282,0,77.59,39.46
118.3040,-0.082295,-0.002772,0,77.59,39.46
118.3120,-0.080342,-0.002703,0,77.59,39.46
118.3200,-0.082784,-0.002964,0,77.59,39.46
118.3280,-0.084249,-0.003090,0,77.59,39.46
118.3360,-0.083761,-0.002652,0,77.59,39.46
118.3440,-0.080342,-0.001696,0,77.59,39.46
118.3520,-0.078877,0.001099,0,77.59,39.46
118.3600,-0.078388,0.001971,0,77.59,39.46
118.3680,-0.078877,0.002504,0,77.59,39.46
118.3760,-0.079365,0.002692,0,77.59,39.46
118.3840,-0.076923,0.002518,0,77.59,39.46
118.3920,-0.078388,0.001972,0,77.59,39.46
118.4000,-0.078877,0.001206,0,77.59,39.46
118.4080,-0.081319,0.000523,0,77.59,39.46
118.4160,-0.079365,0.000165,0,77.59,39.46
118.4240,-0.079365,0.000161,0,77.59,39.46
118.4320,-0.078388,0.000406,0,77.59,39.46
118.4400,-0.078877,0.000796,0,77.59,39.46
118.4480,-0.077900,0.001258,0,77.59,39.46
118.4560,-0.076435,-0.013132,0,77.59,39.46
118.4640,-0.076923,-0.014484,0,77.59,39.46
118.4720,-0.077411,-0.016732,0,77.59,39.46
118.4800,-0.080830,-0.019584,0,77.59,39.46
118.4880,-0.084249,-0.022413,0,77.59,39.46
118.4960,-0.084249,-0.024570,0,77.59,39.46
118.5040,-0.083761,-0.025656,0,77.59,39.46
118.5120,-0.082784,-0.025517,0,77.59,39.46
118.5200,-0.080830,-0.024094,0,77.59,39.46
118.5280,-0.078877,-0.021372,0,77.59,39.46
118.5360,-0.073016,-0.017457,0,77.59,39.46
118.5440,-0.068620,-0.012633,0,77.59,39.46
118.5520,-0.062271,-0.007323,0,77.59,39.46
118.5600,-0.059341,-0.032363,0,77.59,39.46
118.5680,-0.055433,-0.030577,0,77.59,39.46
118.5760,-0.053480,-0.028900,0,77.59,39.46
118.5840,-0.049573,-0.026846,0,77.59,39.46
118.5920,-0.044200,-0.024111,0,77.59,39.46
118.6000,-0.038828,-0.020736,0,77.59,39.46
118.6080,-0.033455,-0.017092,0,77.59,39.46
118.6160,-0.026129,-0.013796,0,77.59,39.46
118.6240,-0.020757,-0.011507,0,77.59,39.46
118.6320,-0.017827,-0.010577,0,77.59,39.46
118.6400,-0.017827,-0.010832,0,77.59,39.46
118.6480,-0.017338,-0.011751,0,77.59,39.46
118.6560,-0.013919,-0.012896,0,77.59,39.46
118.6640,-0.007570,0.058695,0,77.59,39.46
118.6720,-0.005128,0.062132,0,77.59,39.46
118.6800,-0.002686,0.064905,0,77.59,39.46
118.6880,-0.004640,0.066779,0,77.59,39.46
118.6960,-0.002198,0.067592,0,77.59,39.46
118.7040,-0.002198,0.067024,0,77.59,39.46
118.7120,-0.004151,0.064690,0,77.59,39.46
118.7200,-0.007570,0.060464,0,77.59,39.46
118.7280,-0.015385,0.054719,0,77.59,39.46
118.7360,-0.023199,0.048261,0,77.59,39.46
118.7440,-0.030037,0.041945,0,77.59,39.46
118.7520,-0.034432,0.036220,0,77.59,39.46
118.7600,-0.038828,0.030979,0,77.59,39.46
118.7680,-0.041758,0.038922,0,77.59,39.46
118.7760,-0.047131,0.034740,0,77.59,39.46
118.7840,-0.052991,0.030039,0,77.59,39.46
118.7920,-0.057875,0.024981,0,77.59,39.46
118.8000,-0.066667,0.020068,0,77.59,39.46
118.8080,-0.070574,0.015907,0,77.59,39.46
118.8160,-0.073016,0.012912,0,77.59,39.46
118.8240,-0.077900,0.011206,0,77.59,39.46
118.8320,-0.077411,0.010658,0,77.59,39.46
118.8400,-0.077900,0.010930,0,77.59,39.46
118.8480,-0.079365,0.011632,0,77.59,39.46
118.8560,-0.079365,0.012494,0,77.59,39.46
118.8640,-0.080830,0.013405,0,77.59,39.46
118.8720,-0.084249,-0.024656,0,77.59,39.46
118.8800,-0.085714,-0.026778,0,77.59,39.46
118.8880,-0.090110,-0.028340,0,77.59,39.46
118.8960,-0.090110,-0.028755,0,77.59,39.46
118.9040,-0.090598,-0.027737,0,77.59,39.46
118.9120,-0.087179,-0.025446,0,77.59,39.46
118.9200,-0.085714,-0.022381,0,77.59,39.46
118.9280,-0.084249,-0.019176,0,77.59,39.46
118.9360,-0.081319,-0.016455,0,77.59,39.46
118.9440,-0.080830,-0.014688,0,77.59,39.46
118.9520,-0.082295,-0.014007,0,77.59,39.46
118.9600,-0.085714,-0.014152,0,77.59,39.46
118.9680,-0.086691,-0.014692,0,77.59,39.46
118.9760,-0.087179,-0.035763,0,77.59,39.46
118.9840,-0.088156,-0.035532,0,77.59,39.46
118.9920,-0.086203,-0.034709,0,77.59,39.46
119.0000,-0.086203,-0.033543,0,77.59,39.46
119.0080,-0.086203,-0.032256,0,77.59,39.46
119.0160,-0.085714,-0.030968,0,77.59,39.46
119.0240,-0.084249,-0.029727,0,77.59,39.46
119.0320,-0.084249,-0.028475,0,77.59,39.46
119.0400,-0.084249,-0.026999,0,77.59,39.46
119.0480,-0.083272,-0.025039,0,77.59,39.46
119.0560,-0.080342,-0.022491,0,77.59,39.46
119.0640,-0.076435,-0.019498,0,77.59,39.46
119.0720,-0.074481,-0.016310,0,77.59,39.46
119.0800,-0.073504,0.084577,0,77.59,39.46
119.0880,-0.073016,0.088338,0,77.59,39.46
119.0960,-0.076435,0.089854,0,77.59,39.46
119.1040,-0.081319,0.088641,0,77.59,39.46
119.1120,-0.086691,0.084290,0,77.59,39.46
119.1200,-0.097924,0.076611,0,77.59,39.46
119.1280,-0.110134,0.065958,0,77.59,39.46
119.1360,-0.125275,0.053520,0,77.59,39.46
119.1440,-0.142369,0.041459,0,77.59,39.46
119.1520,-0.159463,0.032642,0,77.59,39.46
119.1600,-0.172161,0.029666,0,77.59,39.46
119.1680,-0.172161,0.033308,0,77.59,39.46
119.1760,-0.159463,0.041437,0,77.59,39.46
119.1840,-0.129670,-0.999428,0,77.59,39.46
119.1920,-0.085714,-1.000000,0,77.59,39.46
119.2000,-0.029060,-0.984413,0,77.59,39.46
119.2080,0.046642,-0.950962,0,77.59,39.46
119.2160,0.141880,-0.898245,0,77.59,39.46
119.2240,0.249817,-0.826344,0,77.59,39.46
119.2320,0.392918,-0.738385,0,77.59,39.46
119.2400,0.531136,-0.641724,0,77.59,39.46
119.2480,0.675214,-0.548299,0,77.59,39.46
119.2560,0.837851,-0.473676,0,77.59,39.46
119.2640,0.984860,-0.432223,1,77.59,39.46
119.2720,1.000000,-0.427973,1,77.59,39.46
119.2800,1.000000,-0.448697,0,77.59,39.46
119.2880,0.878388,0.912120,0,77.59,39.46
119.2960,0.680098,0.791807,0,77.59,39.46
119.3040,0.485714,0.645290,0,77.59,39.46
119.3120,0.300122,0.493759,0,77.59,39.46
119.3200,0.124298,0.354763,0,77.59,39.46
119.3280,-0.031502,0.241307,0,77.59,39.46
119.3360,-0.143834,0.161850,0,77.59,39.46
119.3440,-0.206349,0.119807,0,77.59,39.46
119.3520,-0.225397,0.113419,0,77.59,39.46
119.3600,-0.210256,0.136739,0,77.59,39.46
119.3680,-0.168254,0.181510,0,77.59,39.46
119.3760,-0.117949,0.239318,0,77.59,39.46
119.3840,-0.072527,0.303185,0,77.59,39.46
119.3920,-0.042247,0.031963,0,77.59,39.46
119.4000,-0.030525,0.054590,0,77.59,39.46
119.4080,-0.030037,0.062721,0,77.59,39.46
119.4160,-0.040293,0.059181,0,77.59,39.46
119.4240,-0.057875,0.048182,0,77.59,39.46
119.4320,-0.076435,0.034168,0,77.59,39.46
119.4400,-0.094017,0.020940,0,77.59,39.46
119.4480,-0.106716,0.011091,0,77.59,39.46
119.4560,-0.111600,0.005793,0,77.59,39.46
119.4640,-0.115018,0.005001,0,77.59,39.46
119.4720,-0.112576,0.007909,0,77.59,39.46
119.4800,-0.110134,0.013373,0,77.59,39.46
119.4880,-0.106227,0.020164,0,77.59,39.46
119.4960,-0.102320,-0.235466,0,77.59,39.46
119.5040,-0.101343,-0.239030,0,77.59,39.46
119.5120,-0.101343,-0.242634,0,77.59,39.46
119.5200,-0.104762,-0.245230,0,77.59,39.46
119.5280,-0.106716,-0.245400,0,77.59,39.46
119.5360,-0.106716,-0.241877,0,77.59,39.46
119.5440,-0.105739,-0.233937,0,77.59,39.46
119.5520,-0.104274,-0.221475,0,77.59,39.46
119.5600,-0.104762,-0.204898,0,77.59,39.46
119.5680,-0.104274,-0.185045,0,77.59,39.46
119.5760,-0.102320,-0.163088,0,77.59,39.46
119.5840,-0.101832,-0.140191,0,77.59,39.46
119.5920,-0.102808,-0.117091,0,77.59,39.46
119.6000,-0.104762,-0.027991,0,77.59,39.46
119.6080,-0.107692,-0.016890,0,77.59,39.46
119.6160,-0.106716,-0.008678,0,77.59,39.46
119.6240,-0.105739,-0.003017,0,77.59,39.46
119.6320,-0.102320,0.000383,0,77.59,39.46
119.6400,-0.100855,0.001846,0,77.59,39.46
119.6480,-0.098413,0.001776,0,77.59,39.46
119.6560,-0.094505,0.000604,0,77.59,39.46
119.6640,-0.093529,-0.001205,0,77.59,39.46
119.6720,-0.094017,-0.003065,0,77.59,39.46
119.6800,-0.095971,-0.004335,0,77.59,39.46
119.6880,-0.096459,-0.004653,0,77.59,39.46
119.6960,-0.094505,-0.004259,0,77.59,39.46
119.7040,-0.092552,-0.006540,0,77.59,39.46
119.7120,-0.088645,-0.003156,0,77.59,39.46
119.7200,-0.086203,0.000142,0,77.59,39.46
119.7280,-0.084737,0.002761,0,77.59,39.46
119.7360,-0.084249,0.004337,0,77.59,39.46
119.7440,-0.080342,0.004669,0,77.59,39.46
119.7520,-0.080830,0.003792,0,77.59,39.46
119.7600,-0.084249,0.002178,0,77.59,39.46
119.7680,-0.085714,0.000630,0,77.59,39.46
119.7760,-0.085226,-0.000194,0,77.59,39.46
119.7840,-0.082295,-0.000153,0,77.59,39.46
119.7920,-0.079365,0.000454,0,77.59,39.46
119.8000,-0.079365,0.001259,0,77.59,39.46
119.8080,-0.076923,-0.000043,0,77.59,39.46
119.8160,-0.073016,0.001394,0,77.59,39.46
119.8240,-0.070085,0.002146,0,77.59,39.46
119.8320,-0.070085,0.001954,0,77.59,39.46
119.8400,-0.072039,0.000971,0,77.59,39.46
119.8480,-0.071062,-0.000390,0,77.59,39.46
119.8560,-0.071551,-0.001725,0,77.59,39.46
119.8640,-0.070574,-0.002736,0,77.59,39.46
119.8720,-0.070085,-0.003181,0,77.59,39.46
119.8800,-0.070085,-0.002852,0,77.59,39.46
119.8880,-0.066667,-0.001682,0,77.59,39.46
119.8960,-0.062759,0.000159,0,77.59,39.46
119.9040,-0.059829,0.002336,0,77.59,39.46
119.9120,-0.057387,0.011235,0,77.59,39.46
119.9200,-0.059829,0.010763,0,77.59,39.46
119.9280,-0.059829,0.009818,0,77.59,39.46
119.9360,-0.059829,0.008983,0,77.59,39.46
119.9440,-0.059341,0.008654,0,77.59,39.46
119.9520,-0.057387,0.008922,0,77.59,39.46
119.9600,-0.055433,0.009608,0,77.59,39.46
119.9680,-0.054457,0.010387,0,77.59,39.46
119.9760,-0.052991,0.010877,0,77.59,39.46
119.9840,-0.050061,0.010685,0,77.59,39.46
119.9920,-0.051038,0.009565,0,77.59,39.46
120.0000,-0.052991,0.007595,0,77.59,39.46
120.0080,-0.053968,0.005143,0,77.59,39.46
