time_s,raw_normalised,filtered,r_peak,bpm,hrv_ms
0.0000,-0.096459,-0.301371,0,NaN,NaN
0.0080,-0.097924,-0.402388,0,NaN,NaN
0.0160,-0.101343,-0.507678,0,NaN,NaN
0.0240,-0.103297,-0.619575,0,NaN,NaN
0.0320,-0.104274,-0.738060,0,NaN,NaN
0.0400,-0.106716,-0.856179,0,NaN,NaN
0.0480,-0.111111,-0.953635,0,NaN,NaN
0.0560,-0.112576,-1.000000,0,NaN,NaN
0.0640,-0.111600,-0.969223,0,NaN,NaN
0.0720,-0.107204,-0.854399,0,NaN,NaN
0.0800,-0.097924,-0.672057,0,NaN,NaN
0.0880,-0.090598,-0.451453,0,NaN,NaN
0.0960,-0.085226,-0.217147,1,NaN,NaN
0.1040,-0.083272,0.555112,0,NaN,NaN
0.1120,-0.083272,0.585681,1,NaN,NaN
0.1200,-0.085714,0.493908,1,NaN,NaN
0.1280,-0.085714,0.313100,0,NaN,NaN
0.1360,-0.090110,0.086462,0,NaN,NaN
0.1440,-0.094505,-0.129959,0,NaN,NaN
0.1520,-0.099389,-0.277430,0,NaN,NaN
0.1600,-0.096947,-0.321421,0,NaN,NaN
0.1680,-0.094994,-0.267909,0,NaN,NaN
0.1760,-0.092063,-0.151415,0,NaN,NaN
0.1840,-0.090110,-0.011455,0,NaN,NaN
0.1920,-0.085714,0.123767,0,NaN,NaN
0.2000,-0.085714,0.246834,0,NaN,NaN
0.2080,-0.085714,0.255001,0,NaN,NaN
0.2160,-0.088156,0.211662,0,NaN,NaN
0.2240,-0.088645,0.179017,0,NaN,NaN
0.2320,-0.087668,0.188409,0,NaN,NaN
0.2400,-0.086203,0.246219,0,NaN,NaN
0.2480,-0.084737,0.334669,0,NaN,NaN
0.2560,-0.080830,0.420310,0,NaN,NaN
0.2640,-0.080830,0.468726,0,NaN,NaN
0.2720,-0.080342,0.460352,0,NaN,NaN
0.2800,-0.081319,0.397034,0,NaN,NaN
0.2880,-0.084249,0.297571,0,NaN,NaN
0.2960,-0.085226,0.184731,0,NaN,NaN
0.3040,-0.085714,0.071135,0,NaN,NaN
0.3120,-0.085226,0.017449,0,NaN,NaN
0.3200,-0.082784,0.031369,0,NaN,NaN
0.3280,-0.081807,0.036737,0,NaN,NaN
0.3360,-0.081319,0.011379,0,NaN,NaN
0.3440,-0.082295,-0.047211,0,NaN,NaN
0.3520,-0.084249,-0.121269,0,NaN,NaN
0.3600,-0.084249,-0.185116,0,NaN,NaN
0.3680,-0.083272,-0.220116,0,NaN,NaN
0.3760,-0.082295,-0.219553,0,NaN,NaN
0.3840,-0.081807,-0.184845,0,NaN,NaN
0.3920,-0.079365,-0.122647,0,NaN,NaN
0.4000,-0.077900,-0.043121,0,NaN,NaN
0.4080,-0.076435,0.043849,0,NaN,NaN
0.4160,-0.077900,-0.916268,0,NaN,NaN
0.4240,-0.077900,-0.959318,0,NaN,NaN
0.4320,-0.076923,-0.991442,0,NaN,NaN
0.4400,-0.075458,-1.000000,0,NaN,NaN
0.4480,-0.072527,-0.974598,0,NaN,NaN
0.4560,-0.069597,-0.908420,0,NaN,NaN
0.4640,-0.064713,-0.802988,0,NaN,NaN
0.4720,-0.055922,-0.674584,0,NaN,NaN
0.4800,-0.046642,-0.552991,0,NaN,NaN
0.4880,-0.041758,-0.467326,0,NaN,NaN
0.4960,-0.039805,-0.429666,0,NaN,NaN
0.5040,-0.040293,-0.431530,0,NaN,NaN
0.5120,-0.037363,-0.453909,0,NaN,NaN
0.5200,-0.031013,0.084727,0,NaN,NaN
0.5280,-0.025641,0.177194,0,NaN,NaN
0.5360,-0.023199,0.286421,1,NaN,NaN
0.5440,-0.017827,0.413725,1,NaN,NaN
0.5520,-0.013919,0.559519,0,NaN,NaN
0.5600,-0.007570,0.713526,0,NaN,NaN
0.5680,-0.001709,0.848476,0,NaN,NaN
0.5760,0.006105,0.924110,0,NaN,NaN
0.5840,0.007570,0.905691,0,NaN,NaN
0.5920,0.005128,0.787402,0,NaN,NaN
0.6000,-0.004151,0.598708,0,NaN,NaN
0.6080,-0.007570,0.382322,0,NaN,NaN
0.6160,-0.008059,0.163529,0,NaN,NaN
0.6240,-0.006105,0.958859,0,NaN,NaN
0.6320,-0.002198,0.985219,0,NaN,NaN
0.6400,-0.001221,1.000000,1,NaN,NaN
0.6480,-0.006105,0.990337,0,NaN,NaN
0.6560,-0.010989,0.951562,0,NaN,NaN
0.6640,-0.018803,0.886481,0,NaN,NaN
0.6720,-0.028083,0.803258,0,NaN,NaN
0.6800,-0.038828,0.713570,0,NaN,NaN
0.6880,-0.049084,0.629977,0,NaN,NaN
0.6960,-0.055922,0.562499,0,NaN,NaN
0.7040,-0.063736,0.515871,0,NaN,NaN
0.7120,-0.065690,0.488310,0,NaN,NaN
0.7200,-0.069109,0.472205,0,NaN,NaN
0.7280,-0.070085,-0.042292,0,NaN,NaN
0.7360,-0.073504,-0.060878,0,NaN,NaN
0.7440,-0.074969,-0.074182,0,NaN,NaN
0.7520,-0.075458,-0.083094,0,NaN,NaN
0.7600,-0.075946,-0.087648,0,NaN,NaN
0.7680,-0.078388,-0.086282,0,NaN,NaN
0.7760,-0.079365,-0.076686,0,NaN,NaN
0.7840,-0.079365,-0.059407,0,NaN,NaN
0.7920,-0.076923,-0.040317,0,NaN,NaN
0.8000,-0.076923,-0.028000,0,NaN,NaN
0.8080,-0.079365,-0.027907,0,NaN,NaN
0.8160,-0.082784,-0.039215,0,NaN,NaN
0.8240,-0.085226,-0.056667,0,NaN,NaN
0.8320,-0.088156,-0.502558,0,NaN,NaN
0.8400,-0.088156,-0.509601,0,NaN,NaN
0.8480,-0.087668,-0.498339,0,NaN,NaN
0.8560,-0.087179,-0.468915,0,NaN,NaN
0.8640,-0.085714,-0.423050,0,NaN,NaN
0.8720,-0.084249,-0.364722,0,NaN,NaN
0.8800,-0.079365,-0.301720,0,NaN,NaN
0.8880,-0.077411,-0.244643,0,NaN,NaN
0.8960,-0.076923,-0.203156,0,NaN,NaN
0.9040,-0.076923,-0.183369,0,NaN,NaN
0.9120,-0.077411,-0.187314,0,NaN,NaN
0.9200,-0.081319,-0.212092,0,NaN,NaN
0.9280,-0.085714,-0.249200,0,NaN,NaN
0.9360,-0.087668,-0.120736,0,NaN,NaN
0.9440,-0.086691,-0.101023,0,NaN,NaN
0.9520,-0.085714,-0.059041,0,NaN,NaN
0.9600,-0.084737,-0.000848,0,NaN,NaN
0.9680,-0.079365,0.063945,0,NaN,NaN
0.9760,-0.078877,0.125226,0,NaN,NaN
0.9840,-0.077900,0.175309,0,NaN,NaN
0.9920,-0.076435,0.208423,0,NaN,NaN
1.0000,-0.075946,0.218622,0,NaN,NaN
1.0080,-0.078388,0.200064,0,NaN,NaN
1.0160,-0.080342,0.149021,0,NaN,NaN
1.0240,-0.084249,0.067045,0,NaN,NaN
1.0320,-0.094017,-0.034838,0,NaN,NaN
1.0400,-0.106716,-0.741914,0,NaN,NaN
1.0480,-0.125763,-0.801736,0,NaN,NaN
1.0560,-0.148230,-0.863334,0,NaN,NaN
1.0640,-0.165324,-0.920624,0,NaN,NaN
1.0720,-0.173138,-0.966754,0,NaN,NaN
1.0800,-0.168742,-0.995148,0,NaN,NaN
1.0880,-0.149206,-1.000000,0,NaN,NaN
1.0960,-0.111111,-0.976430,0,NaN,NaN
1.1040,-0.054457,-0.920703,0,NaN,NaN
1.1120,0.023687,-0.830831,0,NaN,NaN
1.1200,0.120879,-0.707856,0,NaN,NaN
1.1280,0.242491,-0.557636,0,NaN,NaN
1.1360,0.384615,-0.391908,0,NaN,NaN
1.1440,0.534066,0.637669,0,NaN,NaN
1.1520,0.695238,0.756032,0,NaN,NaN
1.1600,0.876923,0.863138,0,NaN,NaN
1.1680,1.000000,0.945605,0,NaN,NaN
1.1760,1.000000,0.993053,0,NaN,NaN
1.1840,1.000000,1.000000,1,NaN,NaN
1.1920,0.978022,0.965391,0,NaN,NaN
1.2000,0.789988,0.893932,0,NaN,NaN
1.2080,0.577534,0.797429,0,NaN,NaN
1.2160,0.378755,0.691217,0,NaN,NaN
1.2240,0.186325,0.587894,0,NaN,NaN
1.2320,0.016850,0.493252,0,NaN,NaN
1.2400,-0.116972,0.405558,0,NaN,NaN
1.2480,-0.194628,-0.186248,0,NaN,NaN
1.2560,-0.218071,-0.215932,0,NaN,NaN
1.2640,-0.200977,-0.205567,0,NaN,NaN
1.2720,-0.155556,-0.168784,0,NaN,NaN
1.2800,-0.099878,-0.121255,0,NaN,NaN
1.2880,-0.054457,-0.076975,0,NaN,NaN
1.2960,-0.028571,-0.045338,0,NaN,NaN
1.3040,-0.019780,-0.030076,0,NaN,NaN
1.3120,-0.024664,-0.030149,0,NaN,NaN
1.3200,-0.039316,-0.041667,0,NaN,NaN
1.3280,-0.060806,-0.059909,0,NaN,NaN
1.3360,-0.078388,-0.080984,0,NaN,NaN
1.3440,-0.092552,-0.102697,0,NaN,NaN
1.3520,-0.101343,-0.085135,0,NaN,NaN
1.3600,-0.106716,-0.092299,0,NaN,NaN
1.3680,-0.108669,-0.096116,0,NaN,NaN
1.3760,-0.110134,-0.097645,0,NaN,NaN
1.3840,-0.106227,-0.097943,0,NaN,NaN
1.3920,-0.104762,-0.097797,0,NaN,NaN
1.4000,-0.104274,-0.097378,0,NaN,NaN
1.4080,-0.106716,-0.096098,0,NaN,NaN
1.4160,-0.106716,-0.092901,0,NaN,NaN
1.4240,-0.105739,-0.086836,0,NaN,NaN
1.4320,-0.103785,-0.077527,0,NaN,NaN
1.4400,-0.103785,-0.065359,0,NaN,NaN
1.4480,-0.103785,-0.051465,0,NaN,NaN
1.4560,-0.103785,-0.204026,0,NaN,NaN
1.4640,-0.104274,-0.190555,0,NaN,NaN
1.4720,-0.104274,-0.174199,0,NaN,NaN
1.4800,-0.103785,-0.155834,0,NaN,NaN
1.4880,-0.102808,-0.136664,0,NaN,NaN
1.4960,-0.103785,-0.118094,0,NaN,NaN
1.5040,-0.101343,-0.101609,0,NaN,NaN
1.5120,-0.099389,-0.088586,0,NaN,NaN
1.5200,-0.096459,-0.079971,0,NaN,NaN
1.5280,-0.098413,-0.075979,0,NaN,NaN
1.5360,-0.096947,-0.076043,0,NaN,NaN
1.5440,-0.096459,-0.079052,0,NaN,NaN
1.5520,-0.094017,-0.083633,0,NaN,NaN
1.5600,-0.092063,-0.002826,0,NaN,NaN
1.5680,-0.091575,-0.002791,0,NaN,NaN
1.5760,-0.088156,-0.001525,0,NaN,NaN
1.5840,-0.084249,0.000916,0,NaN,NaN
1.5920,-0.080342,0.003884,0,NaN,NaN
1.6000,-0.076923,0.006466,0,NaN,NaN
1.6080,-0.078388,0.007947,0,NaN,NaN
1.6160,-0.079853,0.008085,0,NaN,NaN
1.6240,-0.081319,0.007066,0,NaN,NaN
1.6320,-0.084737,0.005323,0,NaN,NaN
1.6400,-0.086691,0.003357,0,NaN,NaN
1.6480,-0.088645,0.001528,0,NaN,NaN
1.6560,-0.088156,-0.000110,0,NaN,NaN
1.6640,-0.085714,-0.005594,0,NaN,NaN
1.6720,-0.082784,-0.004350,0,NaN,NaN
1.6800,-0.079853,-0.002822,0,NaN,NaN
1.6880,-0.079365,-0.001292,0,NaN,NaN
1.6960,-0.076435,0.000117,0,NaN,NaN
1.7040,-0.074481,0.001291,0,NaN,NaN
1.7120,-0.071551,0.002066,0,NaN,NaN
1.7200,-0.070574,0.002314,0,NaN,NaN
1.7280,-0.070085,0.002053,0,NaN,NaN
1.7360,-0.069597,0.001461,0,NaN,NaN
1.7440,-0.069597,0.000783,0,NaN,NaN
1.7520,-0.069597,0.000215,0,NaN,NaN
1.7600,-0.067643,-0.000218,0,NaN,NaN
1.7680,-0.068620,0.001487,0,NaN,NaN
1.7760,-0.067155,0.001156,0,NaN,NaN
1.7840,-0.067155,0.001139,0,NaN,NaN
1.7920,-0.064713,0.001476,0,NaN,NaN
1.8000,-0.062759,0.002126,0,NaN,NaN
1.8080,-0.061783,0.003009,0,NaN,NaN
1.8160,-0.060317,0.004004,0,NaN,NaN
1.8240,-0.055922,0.004846,0,NaN,NaN
1.8320,-0.054457,0.005195,0,NaN,NaN
1.8400,-0.054457,0.004874,0,NaN,NaN
1.8480,-0.054945,0.003979,0,NaN,NaN
1.8560,-0.054457,0.002736,0,NaN,NaN
1.8640,-0.054457,0.001341,0,NaN,NaN
1.8720,-0.055922,0.002549,0,NaN,NaN
1.8800,-0.056899,0.001491,0,NaN,NaN
1.8880,-0.056410,0.001211,0,NaN,NaN
1.8960,-0.054457,0.001746,0,NaN,NaN
1.9040,-0.052991,0.002775,0,NaN,NaN
1.9120,-0.048107,0.003735,0,NaN,NaN
1.9200,-0.048107,0.004113,0,NaN,NaN
1.9280,-0.048107,0.003756,0,NaN,NaN
1.9360,-0.049084,0.002902,0,NaN,NaN
1.9440,-0.048107,0.001953,0,NaN,NaN
1.9520,-0.048107,0.001258,0,NaN,NaN
1.9600,-0.048107,0.000996,0,NaN,NaN
1.9680,-0.045177,0.001071,0,NaN,NaN
1.9760,-0.041270,-0.003807,0,NaN,NaN
1.9840,-0.037851,-0.001300,0,NaN,NaN
1.9920,-0.032479,0.001210,0,NaN,NaN
2.0000,-0.029548,0.003206,0,NaN,NaN
2.0080,-0.028083,0.004390,0,NaN,NaN
2.0160,-0.026129,0.004715,0,NaN,NaN
2.0240,-0.025641,0.004285,0,NaN,NaN
2.0320,-0.024176,0.003291,0,NaN,NaN
2.0400,-0.024664,0.002039,0,NaN,NaN
2.0480,-0.025641,0.000963,0,NaN,NaN
2.0560,-0.025153,0.000481,0,NaN,NaN
2.0640,-0.022711,0.000738,0,NaN,NaN
2.0720,-0.019780,0.001487,0,NaN,NaN
2.0800,-0.016850,-0.002155,0,NaN,NaN
2.0880,-0.015385,-0.001911,0,NaN,NaN
2.0960,-0.014896,-0.002238,0,NaN,NaN
2.1040,-0.013919,-0.003076,0,NaN,NaN
2.1120,-0.012943,-0.004210,0,NaN,NaN
2.1200,-0.013431,-0.005299,0,NaN,NaN
2.1280,-0.013431,-0.005929,0,NaN,NaN
2.1360,-0.011966,-0.005807,0,NaN,NaN
2.1440,-0.008059,-0.004957,0,NaN,NaN
2.1520,-0.004640,-0.003697,0,NaN,NaN
2.1600,-0.001221,-0.002390,0,NaN,NaN
2.1680,-0.000244,-0.001213,0,NaN,NaN
2.1760,0.003175,-0.000145,0,NaN,NaN
2.1840,0.005617,0.050068,0,NaN,NaN
2.1920,0.004640,0.050404,0,NaN,NaN
2.2000,0.003663,0.049642,0,NaN,NaN
2.2080,-0.000733,0.048245,0,NaN,NaN
2.2160,-0.002198,0.046720,0,NaN,NaN
2.2240,-0.003175,0.045316,0,NaN,NaN
2.2320,-0.004640,0.043956,0,NaN,NaN
2.2400,-0.007570,0.042385,0,NaN,NaN
2.2480,-0.009035,0.040295,0,NaN,NaN
2.2560,-0.012943,0.037385,0,NaN,NaN
2.2640,-0.015385,0.033462,0,NaN,NaN
2.2720,-0.022711,0.028596,0,NaN,NaN
2.2800,-0.028571,0.023174,0,NaN,NaN
2.2880,-0.034432,0.047421,0,NaN,NaN
2.2960,-0.039316,0.044727,0,NaN,NaN
2.3040,-0.041758,0.042365,0,NaN,NaN
2.3120,-0.046154,0.039888,0,NaN,NaN
2.3200,-0.052503,0.036916,0,NaN,NaN
2.3280,-0.058852,0.033338,0,NaN,NaN
2.3360,-0.064713,0.029282,0,NaN,NaN
2.3440,-0.071551,0.025064,0,NaN,NaN
2.3520,-0.078877,0.021209,0,NaN,NaN
2.3600,-0.085714,0.018367,0,NaN,NaN
2.3680,-0.090598,0.017055,0,NaN,NaN
2.3760,-0.093040,0.017332,0,NaN,NaN
2.3840,-0.093529,0.018649,0,NaN,NaN
2.3920,-0.094505,-0.008591,0,NaN,NaN
2.4000,-0.094994,-0.007706,0,NaN,NaN
2.4080,-0.097924,-0.007376,0,NaN,NaN
2.4160,-0.101343,-0.007813,0,NaN,NaN
2.4240,-0.102320,-0.008978,0,NaN,NaN
2.4320,-0.108181,-0.010556,0,NaN,NaN
2.4400,-0.114530,-0.011947,0,NaN,NaN
2.4480,-0.116972,-0.012551,0,NaN,NaN
2.4560,-0.117949,-0.012129,0,NaN,NaN
2.4640,-0.119902,-0.010846,0,NaN,NaN
2.4720,-0.120879,-0.009041,0,NaN,NaN
2.4800,-0.121856,-0.007022,0,NaN,NaN
2.4880,-0.124298,-0.004958,0,NaN,NaN
2.4960,-0.125763,-0.039018,0,NaN,NaN
2.5040,-0.125763,-0.038448,0,NaN,NaN
2.5120,-0.126252,-0.037552,0,NaN,NaN
2.5200,-0.128205,-0.036085,0,NaN,NaN
2.5280,-0.129182,-0.033742,0,NaN,NaN
2.5360,-0.126252,-0.030461,0,NaN,NaN
2.5440,-0.123321,-0.026611,0,NaN,NaN
2.5520,-0.121368,-0.022857,0,NaN,NaN
2.5600,-0.119414,-0.019848,0,NaN,NaN
2.5680,-0.120391,-0.017985,0,NaN,NaN
2.5760,-0.121368,-0.017327,0,NaN,NaN
2.5840,-0.123810,-0.017635,0,NaN,NaN
2.5920,-0.126252,-0.018475,0,NaN,NaN
2.6000,-0.131136,-0.030516,0,NaN,NaN
2.6080,-0.132601,-0.030510,0,NaN,NaN
2.6160,-0.130647,-0.028814,0,NaN,NaN
2.6240,-0.125275,-0.025879,0,NaN,NaN
2.6320,-0.121368,-0.022600,0,NaN,NaN
2.6400,-0.121368,-0.019743,0,NaN,NaN
2.6480,-0.118926,-0.017647,0,NaN,NaN
2.6560,-0.118437,-0.016326,0,NaN,NaN
2.6640,-0.116972,-0.015623,0,NaN,NaN
2.6720,-0.116972,-0.015276,0,NaN,NaN
2.6800,-0.116972,-0.014956,0,NaN,NaN
2.6880,-0.117460,-0.014396,0,NaN,NaN
2.6960,-0.114530,-0.013586,0,NaN,NaN
2.7040,-0.109646,-0.003916,0,NaN,NaN
2.7120,-0.107692,-0.002409,0,NaN,NaN
2.7200,-0.108669,-0.001792,0,NaN,NaN
2.7280,-0.108669,-0.002029,0,NaN,NaN
2.7360,-0.109158,-0.002799,0,NaN,NaN
2.7440,-0.109646,-0.003675,0,NaN,NaN
2.7520,-0.110134,-0.004242,0,NaN,NaN
2.7600,-0.109646,-0.004199,0,NaN,NaN
2.7680,-0.108181,-0.003479,0,NaN,NaN
2.7760,-0.106227,-0.002314,0,NaN,NaN
2.7840,-0.101343,-0.001156,0,NaN,NaN
2.7920,-0.100855,-0.000384,0,NaN,NaN
2.8000,-0.100855,0.000005,0,NaN,NaN
2.8080,-0.101832,0.008319,0,NaN,NaN
2.8160,-0.103785,0.006127,0,NaN,NaN
2.8240,-0.105739,0.003601,0,NaN,NaN
2.8320,-0.107692,0.001368,0,NaN,NaN
2.8400,-0.109646,0.000020,0,NaN,NaN
2.8480,-0.109158,-0.000091,0,NaN,NaN
2.8560,-0.107692,0.000943,0,NaN,NaN
2.8640,-0.102808,0.002559,0,NaN,NaN
2.8720,-0.101343,0.003992,0,NaN,NaN
2.8800,-0.100366,0.004669,0,NaN,NaN
2.8880,-0.100855,0.004423,0,NaN,NaN
2.8960,-0.101343,0.003425,0,NaN,NaN
2.9040,-0.101832,0.002022,0,NaN,NaN
2.9120,-0.102320,0.003699,0,NaN,NaN
2.9200,-0.102320,0.003190,0,NaN,NaN
2.9280,-0.101832,0.003096,0,NaN,NaN
2.9360,-0.100855,0.003226,0,NaN,NaN
2.9440,-0.098413,0.003218,0,NaN,NaN
2.9520,-0.098901,0.002777,0,NaN,NaN
2.9600,-0.100855,0.001907,0,NaN,NaN
2.9680,-0.101343,0.000886,0,NaN,NaN
2.9760,-0.101343,0.000049,0,NaN,NaN
2.9840,-0.101343,-0.000354,0,NaN,NaN
2.9920,-0.101343,-0.000175,0,NaN,NaN
3.0000,-0.099878,0.000579,0,NaN,NaN
3.0080,-0.097924,0.001699,0,NaN,NaN
3.0160,-0.094994,0.006714,0,NaN,NaN
3.0240,-0.093040,0.007739,0,NaN,NaN
3.0320,-0.093040,0.007642,0,NaN,NaN
3.0400,-0.094994,0.006331,0,NaN,NaN
3.0480,-0.096947,0.004109,0,NaN,NaN
3.0560,-0.100366,0.001526,0,NaN,NaN
3.0640,-0.101832,-0.000818,0,NaN,NaN
3.0720,-0.103297,-0.002438,0,NaN,NaN
3.0800,-0.103785,-0.003021,0,NaN,NaN
3.0880,-0.103785,-0.002450,0,NaN,NaN
3.0960,-0.101343,-0.000849,0,NaN,NaN
3.1040,-0.097924,0.001446,0,NaN,NaN
3.1120,-0.096459,0.004051,0,NaN,NaN
3.1200,-0.097924,0.004090,0,NaN,NaN
3.1280,-0.098901,0.003308,0,NaN,NaN
3.1360,-0.100366,0.002215,0,NaN,NaN
3.1440,-0.101343,0.001385,0,NaN,NaN
3.1520,-0.101343,0.001271,0,NaN,NaN
3.1600,-0.100855,0.002062,0,NaN,NaN
3.1680,-0.098901,0.003594,0,NaN,NaN
3.1760,-0.096459,0.005344,0,NaN,NaN
3.1840,-0.093529,0.006593,0,NaN,NaN
3.1920,-0.094017,0.006740,0,NaN,NaN
3.2000,-0.094994,0.005598,0,NaN,NaN
3.2080,-0.099878,0.003445,0,NaN,NaN
3.2160,-0.100855,0.000789,0,NaN,NaN
3.2240,-0.101343,-0.000843,0,NaN,NaN
3.2320,-0.101832,-0.001418,0,NaN,NaN
3.2400,-0.102808,-0.000888,0,NaN,NaN
3.2480,-0.101343,0.000766,0,NaN,NaN
3.2560,-0.097924,0.003205,0,NaN,NaN
3.2640,-0.093529,0.005738,0,NaN,NaN
3.2720,-0.092063,0.007632,0,NaN,NaN
3.2800,-0.092552,0.008444,0,NaN,NaN
3.2880,-0.092552,0.008078,0,NaN,NaN
3.2960,-0.093529,0.006666,0,NaN,NaN
3.3040,-0.095971,0.004494,0,NaN,NaN
3.3120,-0.100855,0.001947,0,NaN,NaN
3.3200,-0.101343,-0.000680,0,NaN,NaN
3.3280,-0.102320,-0.014446,0,NaN,NaN
3.3360,-0.101343,-0.015250,0,NaN,NaN
3.3440,-0.101343,-0.015727,0,NaN,NaN
3.3520,-0.101343,-0.016170,0,NaN,NaN
3.3600,-0.101343,-0.016699,0,NaN,NaN
3.3680,-0.101832,-0.017251,0,NaN,NaN
3.3760,-0.101343,-0.017645,0,NaN,NaN
3.3840,-0.100366,-0.017656,0,NaN,NaN
3.3920,-0.099878,-0.017051,0,NaN,NaN
3.4000,-0.097924,-0.015636,0,NaN,NaN
3.4080,-0.094994,-0.013361,0,NaN,NaN
3.4160,-0.091087,-0.010378,0,NaN,NaN
3.4240,-0.087179,-0.007004,0,NaN,NaN
3.4320,-0.086203,0.015604,0,NaN,NaN
3.4400,-0.086203,0.016491,0,NaN,NaN
3.4480,-0.086203,0.016237,0,NaN,NaN
3.4560,-0.086691,0.015089,0,NaN,NaN
3.4640,-0.090110,0.013511,0,NaN,NaN
3.4720,-0.093040,0.012117,0,NaN,NaN
3.4800,-0.094017,0.011365,0,NaN,NaN
3.4880,-0.092552,0.011283,0,NaN,NaN
3.4960,-0.093040,0.011488,0,NaN,NaN
3.5040,-0.092063,0.011451,0,NaN,NaN
3.5120,-0.093529,0.010789,0,NaN,NaN
3.5200,-0.095482,0.009433,0,NaN,NaN
3.5280,-0.097924,0.007640,0,NaN,NaN
3.5360,-0.097924,0.002964,0,NaN,NaN
3.5440,-0.097924,0.003567,0,NaN,NaN
3.5520,-0.095971,0.005331,0,NaN,NaN
3.5600,-0.094017,0.008055,0,NaN,NaN
3.5680,-0.090110,0.011224,0,NaN,NaN
3.5760,-0.086203,0.014122,0,NaN,NaN
3.5840,-0.085714,0.016091,0,NaN,NaN
3.5920,-0.085714,0.016746,0,NaN,NaN
3.6000,-0.086691,0.015977,0,NaN,NaN
3.6080,-0.088645,0.013860,0,NaN,NaN
3.6160,-0.093040,0.010618,0,NaN,NaN
3.6240,-0.095971,0.006578,0,NaN,NaN
3.6320,-0.100855,0.002126,0,NaN,NaN
3.6400,-0.101343,-0.014199,0,NaN,NaN
3.6480,-0.100855,-0.014466,0,NaN,NaN
3.6560,-0.098901,-0.013583,0,NaN,NaN
3.6640,-0.094505,-0.012273,0,NaN,NaN
3.6720,-0.093529,-0.011229,0,NaN,NaN
3.6800,-0.094017,-0.010741,0,NaN,NaN
3.6880,-0.094017,-0.010667,0,NaN,NaN
3.6960,-0.093529,-0.010687,0,NaN,NaN
3.7040,-0.092063,-0.010542,0,NaN,NaN
3.7120,-0.091087,-0.010078,0,NaN,NaN
3.7200,-0.091087,-0.009187,0,NaN,NaN
3.7280,-0.089133,-0.007841,0,NaN,NaN
3.7360,-0.086691,-0.006190,0,NaN,NaN
3.7440,-0.086691,-0.000266,0,NaN,NaN
3.7520,-0.088156,-0.000528,0,NaN,NaN
3.7600,-0.089621,-0.001056,0,NaN,NaN
3.7680,-0.088645,-0.001563,0,NaN,NaN
3.7760,-0.088156,-0.001871,0,NaN,NaN
3.7840,-0.090110,-0.001856,0,NaN,NaN
3.7920,-0.088645,-0.001459,0,NaN,NaN
3.8000,-0.087179,-0.000795,0,NaN,NaN
3.8080,-0.085714,-0.000140,0,NaN,NaN
3.8160,-0.085714,0.000250,0,NaN,NaN
3.8240,-0.085226,0.000265,0,NaN,NaN
3.8320,-0.085714,-0.000049,0,NaN,NaN
3.8400,-0.085714,-0.000546,0,NaN,NaN
3.8480,-0.085714,0.003766,0,NaN,NaN
3.8560,-0.086203,0.003592,0,NaN,NaN
3.8640,-0.085714,0.003662,0,NaN,NaN
3.8720,-0.085714,0.004053,0,NaN,NaN
3.8800,-0.085714,0.004764,0,NaN,NaN
3.8880,-0.084737,0.005643,0,NaN,NaN
3.8960,-0.082295,0.006363,0,NaN,NaN
3.9040,-0.082295,0.006582,0,NaN,NaN
3.9120,-0.084249,0.006183,0,NaN,NaN
3.9200,-0.085226,0.005304,0,NaN,NaN
3.9280,-0.085714,0.004163,0,NaN,NaN
3.9360,-0.087179,0.002922,0,NaN,NaN
3.9440,-0.087668,0.001660,0,NaN,NaN
3.9520,-0.090598,-0.012246,0,NaN,NaN
3.9600,-0.090110,-0.013039,0,NaN,NaN
3.9680,-0.088645,-0.013413,0,NaN,NaN
3.9760,-0.087179,-0.013799,0,NaN,NaN
3.9840,-0.087179,-0.014598,0,NaN,NaN
3.9920,-0.088645,-0.015878,0,NaN,NaN
4.0000,-0.091087,-0.017322,0,NaN,NaN
4.0080,-0.090110,-0.018439,0,NaN,NaN
4.0160,-0.089133,-0.018755,0,NaN,NaN
4.0240,-0.090110,-0.017823,0,NaN,NaN
4.0320,-0.086691,-0.015291,0,NaN,NaN
4.0400,-0.083272,-0.011167,0,NaN,NaN
4.0480,-0.075458,-0.006023,0,NaN,NaN
4.0560,-0.069109,-0.034749,0,NaN,NaN
4.0640,-0.063736,-0.032151,0,NaN,NaN
4.0720,-0.062271,-0.030680,0,NaN,NaN
4.0800,-0.059829,-0.030004,0,NaN,NaN
4.0880,-0.058852,-0.029431,0,NaN,NaN
4.0960,-0.054457,-0.028285,0,NaN,NaN
4.1040,-0.052015,-0.026209,0,NaN,NaN
4.1120,-0.044689,-0.023307,0,NaN,NaN
4.1200,-0.038339,-0.020103,0,NaN,NaN
4.1280,-0.033455,-0.017245,0,NaN,NaN
4.1360,-0.028571,-0.015183,0,NaN,NaN
4.1440,-0.025641,-0.013996,0,NaN,NaN
4.1520,-0.023199,-0.013387,0,NaN,NaN
4.1600,-0.021245,0.040868,0,NaN,NaN
4.1680,-0.016850,0.041505,0,NaN,NaN
4.1760,-0.016361,0.040731,0,NaN,NaN
4.1840,-0.020757,0.038963,0,NaN,NaN
4.1920,-0.024664,0.037268,0,NaN,NaN
4.2000,-0.028083,0.036751,0,NaN,NaN
4.2080,-0.023199,0.037708,0,NaN,NaN
4.2160,-0.018315,0.039280,0,NaN,NaN
4.2240,-0.015873,0.039965,0,NaN,NaN
4.2320,-0.017827,0.038483,0,NaN,NaN
4.2400,-0.021245,0.034321,0,NaN,NaN
4.2480,-0.028571,0.027824,0,NaN,NaN
4.2560,-0.035897,0.019994,0,NaN,NaN
4.2640,-0.045665,0.052815,0,NaN,NaN
4.2720,-0.054457,0.045680,0,NaN,NaN
4.2800,-0.062271,0.039632,0,NaN,NaN
4.2880,-0.067643,0.034964,0,NaN,NaN
4.2960,-0.070085,0.031384,0,NaN,NaN
4.3040,-0.073504,0.028284,0,NaN,NaN
4.3120,-0.078877,0.025208,0,NaN,NaN
4.3200,-0.084737,0.022112,0,NaN,NaN
4.3280,-0.087179,0.019283,0,NaN,NaN
4.3360,-0.093040,0.017158,0,NaN,NaN
4.3440,-0.095971,0.016149,0,NaN,NaN
4.3520,-0.097924,0.016384,0,NaN,NaN
4.3600,-0.096947,0.017480,0,NaN,NaN
4.3680,-0.092552,-0.023695,0,NaN,NaN
4.3760,-0.090598,-0.021938,0,NaN,NaN
4.3840,-0.090598,-0.020878,0,NaN,NaN
4.3920,-0.093040,-0.020681,0,NaN,NaN
4.4000,-0.093529,-0.021087,0,NaN,NaN
4.4080,-0.093529,-0.021684,0,NaN,NaN
4.4160,-0.095971,-0.022000,0,NaN,NaN
4.4240,-0.097924,-0.021537,0,NaN,NaN
4.4320,-0.097924,-0.019990,0,NaN,NaN
4.4400,-0.094994,-0.017541,0,NaN,NaN
4.4480,-0.091087,-0.014820,0,NaN,NaN
4.4560,-0.090110,-0.012449,0,NaN,NaN
4.4640,-0.092552,-0.010520,0,NaN,NaN
4.4720,-0.096459,-0.023708,0,NaN,NaN
4.4800,-0.100366,-0.025300,0,NaN,NaN
4.4880,-0.101343,-0.026329,0,NaN,NaN
4.4960,-0.101343,-0.026303,0,NaN,NaN
4.5040,-0.101343,-0.025044,0,NaN,NaN
4.5120,-0.101343,-0.022602,0,NaN,NaN
4.5200,-0.098413,-0.019305,0,NaN,NaN
4.5280,-0.094505,-0.015822,0,NaN,NaN
4.5360,-0.092552,-0.012957,0,NaN,NaN
4.5440,-0.093040,-0.011289,0,NaN,NaN
4.5520,-0.093529,-0.010963,0,NaN,NaN
4.5600,-0.096947,-0.011716,0,NaN,NaN
4.5680,-0.098413,-0.013046,0,NaN,NaN
4.5760,-0.101343,0.066513,0,NaN,NaN
4.5840,-0.101343,0.070490,0,NaN,NaN
4.5920,-0.101343,0.075443,0,NaN,NaN
4.6000,-0.098901,0.080311,0,NaN,NaN
4.6080,-0.095971,0.083218,0,NaN,NaN
4.6160,-0.096459,0.082119,0,NaN,NaN
4.6240,-0.107692,0.075899,0,NaN,NaN
4.6320,-0.123321,0.065210,0,NaN,NaN
4.6400,-0.142857,0.052466,0,NaN,NaN
4.6480,-0.161416,0.041018,0,NaN,NaN
4.6560,-0.176557,0.033837,0,NaN,NaN
4.6640,-0.181929,0.032046,0,NaN,NaN
4.6720,-0.175092,0.034036,0,NaN,NaN
4.6800,-0.150183,-0.995478,0,NaN,NaN
4.6880,-0.109646,-1.000000,0,NaN,NaN
4.6960,-0.052503,-0.987514,0,NaN,NaN
4.7040,0.022711,-0.956157,0,NaN,NaN
4.7120,0.113065,-0.904249,0,NaN,NaN
4.7200,0.231746,-0.831594,0,NaN,NaN
4.7280,0.372894,-0.741308,0,NaN,NaN
4.7360,0.521856,-0.641185,0,NaN,NaN
4.7440,0.673260,-0.544220,0,NaN,NaN
4.7520,0.849084,-0.467493,0,NaN,NaN
4.7600,1.000000,-0.426516,1,NaN,NaN
4.7680,1.000000,-0.425236,1,NaN,NaN
4.7760,1.000000,-0.450295,0,NaN,NaN
4.7840,0.947741,0.939346,0,NaN,NaN
4.7920,0.738217,0.834604,0,NaN,NaN
4.8000,0.533578,0.700576,0,NaN,NaN
4.8080,0.343101,0.557722,0,NaN,NaN
4.8160,0.168742,0.423451,0,NaN,NaN
4.8240,0.010501,0.310259,0,NaN,NaN
4.8320,-0.119414,0.226452,0,NaN,NaN
4.8400,-0.202442,0.176515,0,NaN,NaN
4.8480,-0.237607,0.160764,0,NaN,NaN
4.8560,-0.234188,0.175422,0,NaN,NaN
4.8640,-0.201954,0.213747,0,NaN,NaN
4.8720,-0.155067,0.267749,0,NaN,NaN
4.8800,-0.106227,0.329594,0,NaN,NaN
4.8880,-0.067643,0.015985,0,NaN,NaN
4.8960,-0.043712,0.045668,0,NaN,NaN
4.9040,-0.038339,0.061110,0,NaN,NaN
4.9120,-0.043712,0.063844,0,NaN,NaN
4.9200,-0.057387,0.057405,0,NaN,NaN
4.9280,-0.073504,0.045918,0,NaN,NaN
4.9360,-0.090110,0.033149,0,NaN,NaN
4.9440,-0.106716,0.022037,0,NaN,NaN
4.9520,-0.116972,0.014457,0,NaN,NaN
4.9600,-0.120391,0.011081,0,NaN,NaN
4.9680,-0.122344,0.011543,0,NaN,NaN
4.9760,-0.120391,0.014824,0,NaN,NaN
4.9840,-0.118437,0.019615,0,NaN,NaN
4.9920,-0.115507,-0.235630,0,134.68,NaN
5.0000,-0.109646,-0.237364,0,134.68,NaN
5.0080,-0.105739,-0.239231,0,134.68,NaN
5.0160,-0.105739,-0.241396,0,134.68,NaN
5.0240,-0.110134,-0.243095,0,134.68,NaN
5.0320,-0.116972,-0.242737,0,134.68,NaN
5.0400,-0.119414,-0.238551,0,134.68,NaN
5.0480,-0.120391,-0.229286,0,134.68,NaN
5.0560,-0.122344,-0.214509,0,134.68,NaN
5.0640,-0.121368,-0.194571,0,134.68,NaN
5.0720,-0.118437,-0.170441,0,134.68,NaN
5.0800,-0.114530,-0.143448,0,134.68,NaN
5.0880,-0.109158,-0.115048,0,134.68,NaN
5.0960,-0.109646,-0.031076,0,134.68,NaN
5.1040,-0.112088,-0.019685,0,134.68,NaN
5.1120,-0.116972,-0.013038,0,134.68,NaN
5.1200,-0.118437,-0.009986,0,134.68,NaN
5.1280,-0.121856,-0.009065,0,134.68,NaN
5.1360,-0.120391,-0.008938,0,134.68,NaN
5.1440,-0.117460,-0.008682,0,134.68,NaN
5.1520,-0.113553,-0.007934,0,134.68,NaN
5.1600,-0.106716,-0.006854,0,134.68,NaN
5.1680,-0.101832,-0.005913,0,134.68,NaN
5.1760,-0.099878,-0.005511,0,134.68,NaN
5.1840,-0.101343,-0.005704,0,134.68,NaN
5.1920,-0.101343,-0.006262,0,134.68,NaN
5.2000,-0.102808,-0.008462,0,134.68,NaN
5.2080,-0.104762,-0.008797,0,134.68,NaN
5.2160,-0.104762,-0.008150,0,134.68,NaN
5.2240,-0.104762,-0.006175,0,134.68,NaN
5.2320,-0.101343,-0.002930,0,134.68,NaN
5.2400,-0.094994,0.001003,0,134.68,NaN
5.2480,-0.090110,0.004680,0,134.68,NaN
5.2560,-0.086691,0.007212,0,134.68,NaN
5.2640,-0.086203,0.008089,0,134.68,NaN
5.2720,-0.085714,0.007212,0,134.68,NaN
5.2800,-0.087179,0.004759,0,134.68,NaN
5.2880,-0.089133,0.001094,0,134.68,NaN
5.2960,-0.093040,-0.003254,0,134.68,NaN
5.3040,-0.092063,0.001134,0,134.68,NaN
5.3120,-0.090598,0.002033,0,134.68,NaN
5.3200,-0.085714,0.004039,0,134.68,NaN
5.3280,-0.082295,0.006357,0,134.68,NaN
5.3360,-0.079365,0.008233,0,134.68,NaN
5.3440,-0.078877,0.009253,0,134.68,NaN
5.3520,-0.077900,0.009346,0,134.68,NaN
5.3600,-0.076923,0.008620,0,134.68,NaN
5.3680,-0.076435,0.007272,0,134.68,NaN
5.3760,-0.077411,0.005648,0,134.68,NaN
5.3840,-0.080830,0.004230,0,134.68,NaN
5.3920,-0.079365,0.003375,0,134.68,NaN
5.4000,-0.077411,0.002992,0,134.68,NaN
5.4080,-0.075458,-0.000227,0,134.68,NaN
5.4160,-0.076923,-0.001682,0,134.68,NaN
5.4240,-0.078388,-0.003385,0,134.68,NaN
5.4320,-0.080342,-0.004741,0,134.68,NaN
5.4400,-0.078388,-0.005181,0,134.68,NaN
5.4480,-0.075946,-0.004494,0,134.68,NaN
5.4560,-0.072527,-0.002863,0,134.68,NaN
5.4640,-0.070085,-0.000740,0,134.68,NaN
5.4720,-0.065201,0.001265,0,134.68,NaN
5.4800,-0.063248,0.002514,0,134.68,NaN
5.4880,-0.060806,0.002539,0,134.68,NaN
5.4960,-0.060806,0.001263,0,134.68,NaN
5.5040,-0.063248,-0.000868,0,134.68,NaN
5.5120,-0.063736,-0.001513,0,134.68,NaN
5.5200,-0.064713,-0.003261,0,134.68,NaN
5.5280,-0.063736,-0.004235,0,134.68,NaN
5.5360,-0.062759,-0.004284,0,134.68,NaN
5.5440,-0.060806,-0.003539,0,134.68,NaN
5.5520,-0.057387,-0.002381,0,134.68,NaN
5.5600,-0.054945,-0.001318,0,134.68,NaN
5.5680,-0.052015,-0.000761,0,134.68,NaN
5.5760,-0.052991,-0.000787,0,134.68,NaN
5.5840,-0.052991,-0.001130,0,134.68,NaN
5.5920,-0.052015,-0.001429,0,134.68,NaN
5.6000,-0.049573,-0.001509,0,134.68,NaN
5.6080,-0.048107,-0.001429,0,134.68,NaN
5.6160,-0.048107,-0.000943,0,134.68,NaN
5.6240,-0.046642,0.000064,0,134.68,NaN
5.6320,-0.041758,0.001316,0,134.68,NaN
5.6400,-0.039316,0.002317,0,134.68,NaN
5.6480,-0.037363,0.002578,0,134.68,NaN
5.6560,-0.037363,0.001933,0,134.68,NaN
5.6640,-0.038828,0.000616,0,134.68,NaN
5.6720,-0.038828,-0.000882,0,134.68,NaN
5.6800,-0.038828,-0.002045,0,134.68,NaN
5.6880,-0.037851,-0.002482,0,134.68,NaN
5.6960,-0.036386,-0.001983,0,134.68,NaN
5.7040,-0.033944,-0.000584,0,134.68,NaN
5.7120,-0.029548,0.001376,0,134.68,NaN
5.7200,-0.023687,0.010319,0,134.68,NaN
5.7280,-0.022711,0.011452,0,134.68,NaN
5.7360,-0.022711,0.011638,0,134.68,NaN
5.7440,-0.023199,0.011327,0,134.68,NaN
5.7520,-0.023199,0.011097,0,134.68,NaN
5.7600,-0.020269,0.011269,0,134.68,NaN
5.7680,-0.017827,0.011790,0,134.68,NaN
5.7760,-0.017338,0.012411,0,134.68,NaN
5.7840,-0.016850,0.012837,0,134.68,NaN
5.7920,-0.014408,0.012685,0,134.68,NaN
5.8000,-0.012454,0.011516,0,134.68,NaN
5.8080,-0.014896,0.009154,0,134.68,NaN
5.8160,-0.018315,0.005969,0,134.68,NaN
5.8240,-0.023199,0.050784,0,134.68,NaN
5.8320,-0.028571,0.047053,0,134.68,NaN
5.8400,-0.031990,0.043502,0,134.68,NaN
5.8480,-0.037851,0.040712,0,134.68,NaN
5.8560,-0.040293,0.039024,0,134.68,NaN
5.8640,-0.042247,0.038386,0,134.68,NaN
5.8720,-0.043712,0.038273,0,134.68,NaN
5.8800,-0.041758,0.037822,0,134.68,NaN
5.8880,-0.045177,0.036239,0,134.68,NaN
5.8960,-0.052503,0.033266,0,134.68,NaN
5.9040,-0.058852,0.029209,0,134.68,NaN
5.9120,-0.063248,0.024533,0,134.68,NaN
5.9200,-0.070085,0.019608,0,134.68,NaN
5.9280,-0.073504,0.015392,0,134.68,NaN
5.9360,-0.080342,0.012979,0,134.68,NaN
5.9440,-0.082784,0.011585,0,134.68,NaN
5.9520,-0.084737,0.010887,0,134.68,NaN
5.9600,-0.085714,0.010242,0,134.68,NaN
5.9680,-0.088156,0.009028,0,134.68,NaN
5.9760,-0.094017,0.007051,0,134.68,NaN
5.9840,-0.100366,0.004638,0,134.68,NaN
5.9920,-0.102808,0.002391,0,134.68,NaN
6.0000,-0.108181,0.000909,0,134.68,NaN
6.0080,-0.111600,0.000663,0,134.68,NaN
6.0160,-0.114530,0.001809,0,134.68,NaN
6.0240,-0.112576,0.003928,0,134.68,NaN
6.0320,-0.112088,-0.024727,0,134.68,NaN
6.0400,-0.110134,-0.022810,0,134.68,NaN
6.0480,-0.109646,-0.021705,0,134.68,NaN
6.0560,-0.113553,-0.021686,0,134.68,NaN
6.0640,-0.116972,-0.022487,0,134.68,NaN
6.0720,-0.118437,-0.023556,0,134.68,NaN
6.0800,-0.122344,-0.024303,0,134.68,NaN
6.0880,-0.124786,-0.024210,0,134.68,NaN
6.0960,-0.125275,-0.022970,0,134.68,NaN
6.1040,-0.125275,-0.020625,0,134.68,NaN
6.1120,-0.122833,-0.017545,0,134.68,NaN
6.1200,-0.120879,-0.014205,0,134.68,NaN
6.1280,-0.121856,-0.010878,0,134.68,NaN
6.1360,-0.124298,-0.037190,0,134.68,NaN
6.1440,-0.125275,-0.037563,0,134.68,NaN
6.1520,-0.127228,-0.037505,0,134.68,NaN
6.1600,-0.124786,-0.036525,0,134.68,NaN
6.1680,-0.124786,-0.034391,0,134.68,NaN
6.1760,-0.122344,-0.031155,0,134.68,NaN
6.1840,-0.117949,-0.027203,0,134.68,NaN
6.1920,-0.114042,-0.023231,0,134.68,NaN
6.2000,-0.109646,-0.020012,0,134.68,NaN
6.2080,-0.109158,-0.018034,0,134.68,NaN
6.2160,-0.110134,-0.017305,0,134.68,NaN
6.2240,-0.110623,-0.017456,0,134.68,NaN
6.2320,-0.110623,-0.018032,0,134.68,NaN
6.2400,-0.110623,-0.000495,0,134.68,NaN
6.2480,-0.109646,0.000508,0,134.68,NaN
6.2560,-0.110134,0.002210,0,134.68,NaN
6.2640,-0.108181,0.004511,0,134.68,NaN
6.2720,-0.103785,0.006922,0,134.68,NaN
6.2800,-0.101832,0.008685,0,134.68,NaN
6.2880,-0.100366,0.009171,0,134.68,NaN
6.2960,-0.102808,0.008257,0,134.68,NaN
6.3040,-0.106227,0.006400,0,134.68,NaN
6.3120,-0.108669,0.004351,0,134.68,NaN
6.3200,-0.109646,0.002726,0,134.68,NaN
6.3280,-0.110134,0.001742,0,134.68,NaN
6.3360,-0.109646,0.001201,0,134.68,NaN
6.3440,-0.109646,-0.001309,0,134.68,NaN
6.3520,-0.102320,0.001201,0,134.68,NaN
6.3600,-0.099878,0.003438,0,134.68,NaN
6.3680,-0.098901,0.004584,0,134.68,NaN
6.3760,-0.098413,0.004297,0,134.68,NaN
6.3840,-0.100855,0.002743,0,134.68,NaN
6.3920,-0.101832,0.000454,0,134.68,NaN
6.4000,-0.103785,-0.001853,0,134.68,NaN
6.4080,-0.106227,-0.003445,0,134.68,NaN
6.4160,-0.105250,-0.003783,0,134.68,NaN
6.4240,-0.102320,-0.002707,0,134.68,NaN
6.4320,-0.100855,-0.000443,0,134.68,NaN
6.4400,-0.095971,0.002503,0,134.68,NaN
6.4480,-0.094505,0.010265,0,134.68,NaN
6.4560,-0.095971,0.010263,0,134.68,NaN
6.4640,-0.096459,0.009316,0,134.68,NaN
6.4720,-0.097436,0.007858,0,134.68,NaN
6.4800,-0.098413,0.006408,0,134.68,NaN
6.4880,-0.100366,0.005476,0,134.68,NaN
6.4960,-0.100855,0.005404,0,134.68,NaN
6.5040,-0.098901,0.006143,0,134.68,NaN
6.5120,-0.095971,0.007190,0,134.68,NaN
6.5200,-0.094994,0.007846,0,134.68,NaN
6.5280,-0.094994,0.007603,0,134.68,NaN
6.5360,-0.096459,0.006376,0,134.68,NaN
6.5440,-0.098901,0.004521,0,134.68,NaN
6.5520,-0.099878,0.004000,0,134.68,NaN
6.5600,-0.101343,0.003234,0,134.68,NaN
6.5680,-0.100855,0.003559,0,134.68,NaN
6.5760,-0.100855,0.005047,0,134.68,NaN
6.5840,-0.096459,0.007289,0,134.68,NaN
6.5920,-0.093040,0.009447,0,134.68,NaN
6.6000,-0.090598,0.010637,0,134.68,NaN
6.6080,-0.092063,0.010419,0,134.68,NaN
6.6160,-0.095971,0.009001,0,134.68,NaN
6.6240,-0.096947,0.006979,0,134.68,NaN
6.6320,-0.099878,0.004911,0,134.68,NaN
6.6400,-0.099878,0.003063,0,134.68,NaN
6.6480,-0.101343,0.001407,0,134.68,NaN
6.6560,-0.101343,-0.002610,0,134.68,NaN
6.6640,-0.100366,-0.001339,0,134.68,NaN
6.6720,-0.095971,0.000184,0,134.68,NaN
6.6800,-0.094017,0.001112,0,134.68,NaN
6.6880,-0.094505,0.000842,0,134.68,NaN
6.6960,-0.097924,-0.000647,0,134.68,NaN
6.7040,-0.099878,-0.002879,0,134.68,NaN
6.7120,-0.101343,-0.005188,0,134.68,NaN
6.7200,-0.102808,-0.006904,0,134.68,NaN
6.7280,-0.104274,-0.007413,0,134.68,NaN
6.7360,-0.103785,-0.006275,0,134.68,NaN
6.7440,-0.101343,-0.003470,0,134.68,NaN
6.7520,-0.095482,0.000405,0,134.68,NaN
6.7600,-0.094017,-0.002787,0,134.68,NaN
6.7680,-0.094017,-0.002852,0,134.68,NaN
6.7760,-0.098413,-0.004125,0,134.68,NaN
6.7840,-0.098413,-0.005950,0,134.68,NaN
6.7920,-0.100855,-0.007552,0,134.68,NaN
6.8000,-0.100855,-0.008274,0,134.68,NaN
6.8080,-0.101343,-0.007716,0,134.68,NaN
6.8160,-0.099878,-0.005905,0,134.68,NaN
6.8240,-0.094017,-0.003418,0,134.68,NaN
6.8320,-0.091087,-0.001221,0,134.68,NaN
6.8400,-0.089133,-0.000173,0,134.68,NaN
6.8480,-0.089621,-0.000556,0,134.68,NaN
6.8560,-0.092552,-0.001916,0,134.68,NaN
6.8640,-0.094994,-0.001160,0,134.68,NaN
6.8720,-0.098413,-0.004453,0,134.68,NaN
6.8800,-0.101343,-0.007340,0,134.68,NaN
6.8880,-0.102808,-0.009218,0,134.68,NaN
6.8960,-0.104274,-0.009761,0,134.68,NaN
6.9040,-0.102320,-0.009032,0,134.68,NaN
6.9120,-0.100366,-0.007487,0,134.68,NaN
6.9200,-0.096459,-0.005801,0,134.68,NaN
6.9280,-0.095971,-0.004528,0,134.68,NaN
6.9360,-0.096459,-0.003838,0,134.68,NaN
6.9440,-0.096459,-0.003584,0,134.68,NaN
6.9520,-0.094994,-0.003552,0,134.68,NaN
6.9600,-0.094994,-0.003606,0,134.68,NaN
6.9680,-0.095971,-0.005208,0,134.68,NaN
6.9760,-0.094505,-0.003867,0,134.68,NaN
6.9840,-0.091087,-0.001978,0,134.68,NaN
6.9920,-0.087179,-0.000164,0,134.68,NaN
7.0000,-0.085714,0.000850,0,134.68,NaN
7.0080,-0.085714,0.000661,0,134.68,NaN
7.0160,-0.087179,-0.000613,0,134.68,NaN
7.0240,-0.090110,-0.002404,0,134.68,NaN
7.0320,-0.090598,-0.003976,0,134.68,NaN
7.0400,-0.091087,-0.004720,0,134.68,NaN
7.0480,-0.090598,-0.004328,0,134.68,NaN
7.0560,-0.088156,-0.002862,0,134.68,NaN
7.0640,-0.085226,-0.000748,0,134.68,NaN
7.0720,-0.080830,0.003779,0,134.68,NaN
7.0800,-0.080342,0.004287,0,134.68,NaN
7.0880,-0.083272,0.003587,0,134.68,NaN
7.0960,-0.085226,0.002110,0,134.68,NaN
7.1040,-0.085714,0.000429,0,134.68,NaN
7.1120,-0.085714,-0.001039,0,134.68,NaN
7.1200,-0.087668,-0.002027,0,134.68,NaN
7.1280,-0.087179,-0.002362,0,134.68,NaN
7.1360,-0.087179,-0.002006,0,134.68,NaN
7.1440,-0.085714,-0.001115,0,134.68,NaN
7.1520,-0.082784,-0.000004,0,134.68,NaN
7.1600,-0.082295,0.001040,0,134.68,NaN
7.1680,-0.081807,0.001946,0,134.68,NaN
7.1760,-0.083272,0.004820,0,134.68,NaN
7.1840,-0.082295,0.004142,0,134.68,NaN
7.1920,-0.082784,0.003420,0,134.68,NaN
7.2000,-0.084737,0.003091,0,134.68,NaN
7.2080,-0.085226,0.003541,0,134.68,NaN
7.2160,-0.081807,0.004776,0,134.68,NaN
7.2240,-0.078388,0.006284,0,134.68,NaN
7.2320,-0.076923,0.007333,0,134.68,NaN
7.2400,-0.076435,0.007414,0,134.68,NaN
7.2480,-0.078388,0.006489,0,134.68,NaN
7.2560,-0.081319,0.004930,0,134.68,NaN
7.2640,-0.082784,0.003196,0,134.68,NaN
7.2720,-0.082784,0.001511,0,134.68,NaN
7.2800,-0.084249,0.000979,0,134.68,NaN
7.2880,-0.085226,0.001499,0,134.68,NaN
7.2960,-0.082784,0.002966,0,134.68,NaN
7.3040,-0.078877,0.004817,0,134.68,NaN
7.3120,-0.076923,0.006245,0,134.68,NaN
7.3200,-0.076435,0.006655,0,134.68,NaN
7.3280,-0.079365,0.005944,0,134.68,NaN
7.3360,-0.079853,0.004448,0,134.68,NaN
7.3440,-0.082295,0.002693,0,134.68,NaN
7.3520,-0.083272,0.001214,0,134.68,NaN
7.3600,-0.085226,0.000438,0,134.68,NaN
7.3680,-0.085714,0.000539,0,134.68,NaN
7.3760,-0.083272,0.001264,0,134.68,NaN
7.3840,-0.079365,-0.024821,0,134.68,NaN
7.3920,-0.078388,-0.024711,0,134.68,NaN
7.4000,-0.078388,-0.025308,0,134.68,NaN
7.4080,-0.079853,-0.026466,0,134.68,NaN
7.4160,-0.080342,-0.027735,0,134.68,NaN
7.4240,-0.078388,-0.028644,0,134.68,NaN
7.4320,-0.078388,-0.028829,0,134.68,NaN
7.4400,-0.076435,-0.028022,0,134.68,NaN
7.4480,-0.072527,-0.026090,0,134.68,NaN
7.4560,-0.070085,-0.023097,0,134.68,NaN
7.4640,-0.062759,-0.019353,0,134.68,NaN
7.4720,-0.055922,-0.015312,0,134.68,NaN
7.4800,-0.052991,-0.011277,0,134.68,NaN
7.4880,-0.052015,-0.042360,0,134.68,NaN
7.4960,-0.051526,-0.042399,0,134.68,NaN
7.5040,-0.047131,-0.042085,0,134.68,NaN
7.5120,-0.041758,-0.041115,0,134.68,NaN
7.5200,-0.037851,-0.039495,0,134.68,NaN
7.5280,-0.031990,-0.037324,0,134.68,NaN
7.5360,-0.028083,-0.034675,0,134.68,NaN
7.5440,-0.021734,-0.031633,0,134.68,NaN
7.5520,-0.014408,-0.028395,0,134.68,NaN
7.5600,-0.009035,-0.025256,0,134.68,NaN
7.5680,-0.002198,-0.022526,0,134.68,NaN
7.5760,0.005617,-0.020407,0,134.68,NaN
7.5840,0.008059,-0.018795,0,134.68,NaN
7.5920,0.005128,0.081138,0,134.68,NaN
7.6000,-0.006593,0.078196,0,134.68,NaN
7.6080,-0.010501,0.075159,0,134.68,NaN
7.6160,-0.011966,0.073120,0,134.68,NaN
7.6240,-0.010501,0.071965,0,134.68,NaN
7.6320,-0.010989,0.070797,0,134.68,NaN
7.6400,-0.015385,0.068741,0,134.68,NaN
7.6480,-0.021734,0.065435,0,134.68,NaN
7.6560,-0.026618,0.060929,0,134.68,NaN
7.6640,-0.032479,0.055387,0,134.68,NaN
7.6720,-0.039316,0.048962,0,134.68,NaN
7.6800,-0.047619,0.041874,0,134.68,NaN
7.6880,-0.055922,0.034444,0,134.68,NaN
7.6960,-0.061294,0.017396,0,134.68,NaN
7.7040,-0.066667,0.012987,0,134.68,NaN
7.7120,-0.067155,0.009003,0,134.68,NaN
7.7200,-0.072039,0.004930,0,134.68,NaN
7.7280,-0.079365,0.000723,0,134.68,NaN
7.7360,-0.085714,-0.003096,0,134.68,NaN
7.7440,-0.088156,-0.005836,0,134.68,NaN
7.7520,-0.090598,-0.007045,0,134.68,NaN
7.7600,-0.091087,-0.006626,0,134.68,NaN
7.7680,-0.091087,-0.004832,0,134.68,NaN
7.7760,-0.086691,-0.002202,0,134.68,NaN
7.7840,-0.085714,0.000678,0,134.68,NaN
7.7920,-0.086203,0.003527,0,134.68,NaN
7.8000,-0.086691,-0.024685,0,134.68,NaN
7.8080,-0.090598,-0.026467,0,134.68,NaN
7.8160,-0.093529,-0.028666,0,134.68,NaN
7.8240,-0.094505,-0.030591,0,134.68,NaN
7.8320,-0.098901,-0.031560,0,134.68,NaN
7.8400,-0.098901,-0.031028,0,134.68,NaN
7.8480,-0.098413,-0.028825,0,134.68,NaN
7.8560,-0.094994,-0.025329,0,134.68,NaN
7.8640,-0.091087,-0.021393,0,134.68,NaN
7.8720,-0.088645,-0.017997,0,134.68,NaN
7.8800,-0.088156,-0.015799,0,134.68,NaN
7.8880,-0.092063,-0.014835,0,134.68,NaN
7.8960,-0.093529,-0.014608,0,134.68,NaN
7.9040,-0.094994,-0.024169,0,134.68,NaN
7.9120,-0.096947,-0.024575,0,134.68,NaN
7.9200,-0.096947,-0.024166,0,134.68,NaN
7.9280,-0.098901,-0.022701,0,134.68,NaN
7.9360,-0.096459,-0.020273,0,134.68,NaN
7.9440,-0.093040,-0.017428,0,134.68,NaN
7.9520,-0.089133,-0.014935,0,134.68,NaN
7.9600,-0.091087,-0.013295,0,134.68,NaN
7.9680,-0.093040,-0.012469,0,134.68,NaN
7.9760,-0.092552,-0.012114,0,134.68,NaN
7.9840,-0.092552,-0.011947,0,134.68,NaN
7.9920,-0.093040,-0.011838,0,134.68,NaN
8.0000,-0.093040,-0.011748,0,134.68,NaN
8.0080,-0.093040,-0.041243,0,134.68,NaN
8.0160,-0.090110,-0.043716,0,134.68,NaN
8.0240,-0.091575,-0.050295,0,134.68,NaN
8.0320,-0.099878,-0.062710,0,134.68,NaN
8.0400,-0.116972,-0.081217,0,134.68,NaN
8.0480,-0.136020,-0.103947,0,134.68,NaN
8.0560,-0.160928,-0.126874,0,134.68,NaN
8.0640,-0.179487,-0.144435,0,134.68,NaN
8.0720,-0.186325,-0.150798,0,134.68,NaN
8.0800,-0.178510,-0.141419,0,134.68,NaN
8.0880,-0.153602,-0.114501,0,134.68,NaN
8.0960,-0.108669,-0.072145,0,134.68,NaN
8.1040,-0.046642,-0.020656,0,134.68,NaN
8.1120,0.028083,-0.334729,0,134.68,NaN
8.1200,0.118437,-0.251742,0,134.68,NaN
8.1280,0.234188,-0.147266,0,134.68,NaN
8.1360,0.370940,-0.022567,0,134.68,NaN
8.1440,0.516972,0.117038,0,134.68,NaN
8.1520,0.663980,0.260434,0,134.68,NaN
8.1600,0.830037,0.389234,0,134.68,NaN
8.1680,0.992674,0.479535,0,134.68,NaN
8.1760,1.000000,0.508866,1,134.68,NaN
8.1840,1.000000,0.463293,1,134.68,NaN
8.1920,0.934554,0.340908,0,134.68,NaN
8.2000,0.726984,0.154376,0,134.68,NaN
8.2080,0.523810,-0.068922,0,134.68,NaN
8.2160,0.329426,0.360329,0,134.68,NaN
8.2240,0.150183,0.174080,0,134.68,NaN
8.2320,-0.011966,0.016595,0,134.68,NaN
8.2400,-0.135531,-0.100567,0,134.68,NaN
8.2480,-0.210745,-0.171884,0,134.68,NaN
8.2560,-0.234188,-0.198607,0,134.68,NaN
8.2640,-0.220024,-0.188468,0,134.68,NaN
8.2720,-0.180952,-0.153764,0,134.68,NaN
8.2800,-0.132601,-0.108393,0,134.68,NaN
8.2880,-0.086203,-0.064676,0,134.68,NaN
8.2960,-0.054457,-0.030591,0,134.68,NaN
8.3040,-0.038828,-0.008053,0,134.68,NaN
8.3120,-0.039316,0.007067,0,134.68,NaN
8.3200,-0.052015,0.022492,0,134.68,NaN
8.3280,-0.070085,0.012031,0,134.68,NaN
8.3360,-0.083761,-0.000615,0,134.68,NaN
8.3440,-0.095482,-0.012396,0,134.68,NaN
8.3520,-0.105739,-0.021777,0,134.68,NaN
8.3600,-0.114530,-0.028224,0,134.68,NaN
8.3680,-0.118437,-0.031761,0,134.68,NaN
8.3760,-0.119414,-0.032739,0,134.68,NaN
8.3840,-0.117949,-0.031609,0,134.68,NaN
8.3920,-0.117460,-0.028646,0,134.68,NaN
8.4000,-0.117460,-0.023852,0,134.68,NaN
8.4080,-0.115995,-0.017255,0,134.68,NaN
8.4160,-0.110134,-0.009393,0,134.68,NaN
8.4240,-0.109646,-0.258998,0,134.68,NaN
8.4320,-0.108669,-0.259756,0,134.68,NaN
8.4400,-0.111600,-0.258679,0,134.68,NaN
8.4480,-0.114042,-0.254707,0,134.68,NaN
8.4560,-0.115507,-0.246819,0,134.68,NaN
8.4640,-0.116972,-0.234492,0,134.68,NaN
8.4720,-0.116484,-0.218010,0,134.68,NaN
8.4800,-0.116972,-0.198557,0,134.68,NaN
8.4880,-0.113553,-0.178114,0,134.68,NaN
8.4960,-0.109158,-0.159114,0,134.68,NaN
8.5040,-0.105739,-0.143633,0,134.68,NaN
8.5120,-0.106716,-0.132316,0,134.68,NaN
8.5200,-0.109158,-0.123842,0,134.68,NaN
8.5280,-0.110623,-0.004449,0,134.68,NaN
8.5360,-0.109646,-0.003365,0,134.68,NaN
8.5440,-0.109646,-0.004228,0,134.68,NaN
8.5520,-0.109646,-0.005965,0,134.68,NaN
8.5600,-0.109158,-0.007535,0,134.68,NaN
8.5680,-0.107692,-0.008217,0,134.68,NaN
8.5760,-0.101343,-0.007886,0,134.68,NaN
8.5840,-0.098901,-0.006930,0,134.68,NaN
8.5920,-0.097924,-0.005809,0,134.68,NaN
8.6000,-0.098413,-0.004733,0,134.68,NaN
8.6080,-0.098901,-0.003677,0,134.68,NaN
8.6160,-0.098413,-0.002568,0,134.68,NaN
8.6240,-0.097924,-0.001410,0,134.68,NaN
8.6320,-0.098901,-0.004060,0,134.68,NaN
8.6400,-0.097924,-0.002068,0,134.68,NaN
8.6480,-0.094017,0.000677,0,134.68,NaN
8.6560,-0.087179,0.003605,0,134.68,NaN
8.6640,-0.085226,0.005919,0,134.68,NaN
8.6720,-0.082295,0.007072,0,134.68,NaN
8.6800,-0.083761,0.006996,0,134.68,NaN
8.6880,-0.082784,0.006009,0,134.68,NaN
8.6960,-0.084249,0.004594,0,134.68,NaN
8.7040,-0.084249,0.003204,0,134.68,NaN
8.7120,-0.084249,0.002147,0,134.68,NaN
8.7200,-0.084249,0.001515,0,134.68,NaN
8.7280,-0.082784,0.001168,0,134.68,NaN
8.7360,-0.076435,0.004538,0,134.68,NaN
8.7440,-0.074969,0.005855,0,134.68,NaN
8.7520,-0.072527,0.006361,0,134.68,NaN
8.7600,-0.075458,0.006033,0,134.68,NaN
8.7680,-0.073504,0.005201,0,134.68,NaN
8.7760,-0.072039,0.004284,0,134.68,NaN
8.7840,-0.074969,0.003699,0,134.68,NaN
8.7920,-0.072527,0.003769,0,134.68,NaN
8.8000,-0.070574,0.004480,0,134.68,NaN
8.8080,-0.067643,0.005389,0,134.68,NaN
8.8160,-0.063736,0.005845,0,134.68,NaN
8.8240,-0.062759,0.005408,0,134.68,NaN
8.8320,-0.065201,0.004239,0,134.68,NaN
8.8400,-0.069109,0.002427,0,134.68,NaN
8.8480,-0.070085,-0.000049,0,134.68,NaN
8.8560,-0.069597,-0.001685,0,134.68,NaN
8.8640,-0.068620,-0.002184,0,134.68,NaN
8.8720,-0.066667,-0.001547,0,134.68,NaN
8.8800,-0.065690,0.000006,0,134.68,NaN
8.8880,-0.060806,0.001988,0,134.68,NaN
8.8960,-0.055922,0.003678,0,134.68,NaN
8.9040,-0.054457,0.004431,0,134.68,NaN
8.9120,-0.054457,0.004058,0,134.68,NaN
8.9200,-0.056899,0.002865,0,134.68,NaN
8.9280,-0.055922,0.001316,0,134.68,NaN
8.9360,-0.055433,-0.000305,0,134.68,NaN
8.9440,-0.054457,0.000690,0,134.68,NaN
8.9520,-0.053968,0.001341,0,134.68,NaN
8.9600,-0.052503,0.003021,0,134.68,NaN
8.9680,-0.047619,0.005372,0,134.68,NaN
8.9760,-0.041270,0.007588,0,134.68,NaN
8.9840,-0.039316,0.008819,0,134.68,NaN
8.9920,-0.040293,0.008702,0,134.68,NaN
9.0000,-0.041270,0.007478,0,134.68,NaN
9.0080,-0.041270,0.005703,0,134.68,NaN
9.0160,-0.042735,0.003954,0,134.68,NaN
9.0240,-0.042247,0.002667,0,134.68,NaN
9.0320,-0.043223,0.002026,0,134.68,NaN
9.0400,-0.040293,0.001859,0,134.68,NaN
9.0480,-0.037851,-0.004350,0,134.68,NaN
9.0560,-0.033455,-0.002814,0,134.68,NaN
9.0640,-0.030037,-0.001721,0,134.68,NaN
9.0720,-0.029548,-0.001462,0,134.68,NaN
9.0800,-0.030037,-0.001984,0,134.68,NaN
9.0880,-0.029548,-0.002935,0,134.68,NaN
9.0960,-0.028571,-0.003925,0,134.68,NaN
9.1040,-0.026618,-0.004636,0,134.68,NaN
9.1120,-0.028571,-0.004772,0,134.68,NaN
9.1200,-0.025641,-0.004140,0,134.68,NaN
9.1280,-0.021734,-0.002858,0,134.68,NaN
9.1360,-0.016361,-0.001309,0,134.68,NaN
9.1440,-0.015873,0.000224,0,134.68,NaN
9.1520,-0.016361,0.027239,0,134.68,NaN
9.1600,-0.020269,0.025615,0,134.68,NaN
9.1680,-0.022222,0.023814,0,134.68,NaN
9.1760,-0.022711,0.022645,0,134.68,NaN
9.1840,-0.021734,0.022548,0,134.68,NaN
9.1920,-0.022222,0.023551,0,134.68,NaN
9.2000,-0.019780,0.025261,0,134.68,NaN
9.2080,-0.016361,0.026859,0,134.68,NaN
9.2160,-0.014408,0.027311,0,134.68,NaN
9.2240,-0.015873,0.025828,0,134.68,NaN
9.2320,-0.020757,0.022236,0,134.68,NaN
9.2400,-0.026618,0.016984,0,134.68,NaN
9.2480,-0.031990,0.010865,0,134.68,NaN
9.2560,-0.038339,0.044676,0,134.68,NaN
9.2640,-0.045665,0.041103,0,134.68,NaN
9.2720,-0.047131,0.038803,0,134.68,NaN
9.2800,-0.052015,0.037779,0,134.68,NaN
9.2880,-0.052991,0.037580,0,134.68,NaN
9.2960,-0.053480,0.037424,0,134.68,NaN
9.3040,-0.054945,0.036508,0,134.68,NaN
9.3120,-0.061783,0.034451,0,134.68,NaN
9.3200,-0.068620,0.031435,0,134.68,NaN
9.3280,-0.073016,0.027902,0,134.68,NaN
9.3360,-0.078877,0.024203,0,134.68,NaN
9.3440,-0.085226,0.020526,0,134.68,NaN
9.3520,-0.090598,0.016932,0,134.68,NaN
9.3600,-0.092063,-0.000823,0,134.68,NaN
9.3680,-0.093040,-0.001040,0,134.68,NaN
9.3760,-0.094017,-0.001140,0,134.68,NaN
9.3840,-0.096459,-0.001769,0,134.68,NaN
9.3920,-0.101343,-0.003150,0,134.68,NaN
9.4000,-0.106227,-0.005053,0,134.68,NaN
9.4080,-0.109646,-0.007002,0,134.68,NaN
9.4160,-0.114530,-0.008491,0,134.68,NaN
9.4240,-0.116972,-0.009103,0,134.68,NaN
9.4320,-0.119902,-0.008600,0,134.68,NaN
9.4400,-0.120391,-0.006992,0,134.68,NaN
9.4480,-0.120391,-0.004531,0,134.68,NaN
9.4560,-0.120879,-0.001613,0,134.68,NaN
9.4640,-0.119414,-0.031459,0,134.68,NaN
9.4720,-0.121856,-0.030809,0,134.68,NaN
9.4800,-0.123321,-0.030428,0,134.68,NaN
9.4880,-0.124298,-0.030074,0,134.68,NaN
9.4960,-0.125275,-0.029511,0,134.68,NaN
9.5040,-0.124786,-0.028566,0,134.68,NaN
9.5120,-0.127228,-0.027095,0,134.68,NaN
9.5200,-0.127228,-0.025030,0,134.68,NaN
9.5280,-0.125275,-0.022544,0,134.68,NaN
9.5360,-0.123321,-0.020062,0,134.68,NaN
9.5440,-0.123321,-0.017988,0,134.68,NaN
9.5520,-0.125275,-0.016424,0,134.68,NaN
9.5600,-0.125275,-0.015176,0,134.68,NaN
9.5680,-0.125275,-0.024108,0,134.68,NaN
9.5760,-0.124786,-0.022844,0,134.68,NaN
9.5840,-0.123321,-0.021001,0,134.68,NaN
9.5920,-0.123810,-0.018591,0,134.68,NaN
9.6000,-0.119414,-0.015856,0,134.68,NaN
9.6080,-0.116972,-0.013279,0,134.68,NaN
9.6160,-0.115507,-0.011341,0,134.68,NaN
9.6240,-0.115995,-0.010236,0,134.68,NaN
9.6320,-0.116484,-0.009830,0,134.68,NaN
9.6400,-0.116972,-0.009816,0,134.68,NaN
9.6480,-0.117460,-0.009909,0,134.68,NaN
9.6560,-0.116972,-0.009957,0,134.68,NaN
9.6640,-0.116972,-0.009952,0,134.68,NaN
9.6720,-0.115995,-0.010161,0,134.68,NaN
9.6800,-0.112088,-0.007227,0,134.68,NaN
9.6880,-0.106227,-0.004035,0,134.68,NaN
9.6960,-0.102808,-0.001443,0,134.68,NaN
9.7040,-0.101343,-0.000033,0,134.68,NaN
9.7120,-0.102808,0.000170,0,134.68,NaN
9.7200,-0.102808,-0.000434,0,134.68,NaN
9.7280,-0.102808,-0.001348,0,134.68,NaN
9.7360,-0.102320,-0.002192,0,134.68,NaN
9.7440,-0.101832,-0.002704,0,134.68,NaN
9.7520,-0.102320,-0.002690,0,134.68,NaN
9.7600,-0.100855,-0.002083,0,134.68,NaN
9.7680,-0.097924,-0.001072,0,134.68,NaN
9.7760,-0.097924,0.009177,0,134.68,NaN
9.7840,-0.100366,0.008157,0,134.68,NaN
9.7920,-0.101343,0.006703,0,134.68,NaN
9.8000,-0.102320,0.005220,0,134.68,NaN
9.8080,-0.102808,0.004053,0,134.68,NaN
9.8160,-0.102320,0.003444,0,134.68,NaN
9.8240,-0.102808,0.003551,0,134.68,NaN
9.8320,-0.102320,0.004393,0,134.68,NaN
9.8400,-0.099878,0.005676,0,134.68,NaN
9.8480,-0.095482,0.006729,0,134.68,NaN
9.8560,-0.093529,0.006798,0,134.68,NaN
9.8640,-0.095971,0.005581,0,134.68,NaN
9.8720,-0.098413,0.003480,0,134.68,NaN
9.8800,-0.099878,0.007949,0,134.68,NaN
9.8880,-0.100366,0.006283,0,134.68,NaN
9.8960,-0.100855,0.005215,0,134.68,NaN
9.9040,-0.101832,0.005009,0,134.68,NaN
9.9120,-0.101343,0.005781,0,134.68,NaN
9.9200,-0.099878,0.007331,0,134.68,NaN
9.9280,-0.094505,0.009052,0,134.68,NaN
9.9360,-0.093529,0.010166,0,134.68,NaN
9.9440,-0.093040,0.010167,0,134.68,NaN
9.9520,-0.096459,0.009056,0,134.68,NaN
9.9600,-0.097924,0.007180,0,134.68,NaN
9.9680,-0.098413,0.004898,0,134.68,NaN
9.9760,-0.100855,0.002444,0,134.68,NaN
9.9840,-0.101343,0.003030,0,134.68,NaN
9.9920,-0.100855,0.003901,0,134.68,NaN
10.0000,-0.098901,0.005619,0,134.68,NaN
10.0080,-0.094017,0.007422,0,134.68,NaN
10.0160,-0.093040,0.008429,0,134.68,NaN
10.0240,-0.094017,0.008131,0,134.68,NaN
10.0320,-0.096459,0.006647,0,134.68,NaN
10.0400,-0.100366,0.004579,0,134.68,NaN
10.0480,-0.101343,0.002654,0,134.68,NaN
10.0560,-0.102808,0.001410,0,134.68,NaN
10.0640,-0.103297,0.001087,0,134.68,NaN
10.0720,-0.102808,0.001624,0,134.68,NaN
10.0800,-0.101343,0.002684,0,134.68,NaN
10.0880,-0.098413,-0.001089,0,134.68,NaN
10.0960,-0.098901,-0.001200,0,134.68,NaN
10.1040,-0.100855,-0.002286,0,134.68,NaN
10.1120,-0.102320,-0.004070,0,134.68,NaN
10.1200,-0.104762,-0.005957,0,134.68,NaN
10.1280,-0.106716,-0.007246,0,134.68,NaN
10.1360,-0.107692,-0.007370,0,134.68,NaN
10.1440,-0.105739,-0.006186,0,134.68,NaN
10.1520,-0.102320,-0.004101,0,134.68,NaN
10.1600,-0.099878,-0.001925,0,134.68,NaN
10.1680,-0.096459,-0.000501,0,134.68,NaN
10.1760,-0.095971,-0.000268,0,134.68,NaN
10.1840,-0.099389,-0.000940,0,134.68,NaN
10.1920,-0.100855,0.002279,0,134.68,NaN
10.2000,-0.100855,0.001360,0,134.68,NaN
10.2080,-0.100855,0.000959,0,134.68,NaN
10.2160,-0.100855,0.001320,0,134.68,NaN
10.2240,-0.100855,0.002555,0,134.68,NaN
10.2320,-0.099878,0.004525,0,134.68,NaN
10.2400,-0.094994,0.006682,0,134.68,NaN
10.2480,-0.092552,0.008178,0,134.68,NaN
10.2560,-0.092063,0.008343,0,134.68,NaN
10.2640,-0.095971,0.007114,0,134.68,NaN
10.2720,-0.100366,0.005000,0,134.68,NaN
10.2800,-0.101343,0.002607,0,134.68,NaN
10.2880,-0.102808,0.000227,0,134.68,NaN
10.2960,-0.103785,-0.007915,0,134.68,NaN
10.3040,-0.104274,-0.007857,0,134.68,NaN
10.3120,-0.103785,-0.006690,0,134.68,NaN
10.3200,-0.101343,-0.004854,0,134.68,NaN
10.3280,-0.095971,-0.003182,0,134.68,NaN
10.3360,-0.094505,-0.002515,0,134.68,NaN
10.3440,-0.097924,-0.003131,0,134.68,NaN
10.3520,-0.099878,-0.004594,0,134.68,NaN
10.3600,-0.101343,-0.006118,0,134.68,NaN
10.3680,-0.101343,-0.006995,0,134.68,NaN
10.3760,-0.101343,-0.006782,0,134.68,NaN
10.3840,-0.101343,-0.005389,0,134.68,NaN
10.3920,-0.096459,-0.003196,0,134.68,NaN
10.4000,-0.090598,0.001596,0,134.68,NaN
10.4080,-0.086203,0.004113,0,134.68,NaN
10.4160,-0.086203,0.004856,0,134.68,NaN
10.4240,-0.088156,0.003708,0,134.68,NaN
10.4320,-0.092552,0.001240,0,134.68,NaN
10.4400,-0.093529,-0.001700,0,134.68,NaN
10.4480,-0.094994,-0.004331,0,134.68,NaN
10.4560,-0.098413,-0.006007,0,134.68,NaN
10.4640,-0.098901,-0.006274,0,134.68,NaN
10.4720,-0.095482,-0.005076,0,134.68,NaN
10.4800,-0.093040,-0.002795,0,134.68,NaN
10.4880,-0.088156,0.000010,0,134.68,NaN
10.4960,-0.087179,0.002945,0,134.68,NaN
10.5040,-0.090110,-0.000692,0,134.68,NaN
10.5120,-0.092063,-0.001886,0,134.68,NaN
10.5200,-0.091087,-0.003288,0,134.68,NaN
10.5280,-0.092063,-0.004443,0,134.68,NaN
10.5360,-0.093040,-0.004992,0,134.68,NaN
10.5440,-0.093529,-0.004674,0,134.68,NaN
10.5520,-0.091575,-0.003511,0,134.68,NaN
10.5600,-0.087668,-0.001922,0,134.68,NaN
10.5680,-0.085714,-0.000538,0,134.68,NaN
10.5760,-0.085226,0.000171,0,134.68,NaN
10.5840,-0.085714,0.000091,0,134.68,NaN
10.5920,-0.085714,-0.000608,0,134.68,NaN
10.6000,-0.086203,-0.001634,0,134.68,NaN
10.6080,-0.088645,0.006947,0,134.68,NaN
10.6160,-0.090598,0.006084,0,134.68,NaN
10.6240,-0.092552,0.006464,0,134.68,NaN
10.6320,-0.088645,0.008265,0,134.68,NaN
10.6400,-0.085714,0.010936,0,134.68,NaN
10.6480,-0.079853,0.013423,0,134.68,NaN
10.6560,-0.078877,0.014744,0,134.68,NaN
10.6640,-0.081319,0.014537,0,134.68,NaN
10.6720,-0.085226,0.013103,0,134.68,NaN
10.6800,-0.085714,0.010946,0,134.68,NaN
10.6880,-0.086691,0.008376,0,134.68,NaN
10.6960,-0.090598,0.005517,0,134.68,NaN
10.7040,-0.093529,0.002498,0,134.68,NaN
10.7120,-0.092063,-0.007836,0,134.68,NaN
10.7200,-0.086203,-0.005727,0,134.68,NaN
10.7280,-0.082784,-0.003420,0,134.68,NaN
10.7360,-0.080830,-0.001924,0,134.68,NaN
10.7440,-0.081319,-0.001714,0,134.68,NaN
10.7520,-0.083272,-0.002634,0,134.68,NaN
10.7600,-0.083761,-0.004134,0,134.68,NaN
10.7680,-0.085226,-0.005556,0,134.68,NaN
10.7760,-0.085714,-0.006335,0,134.68,NaN
10.7840,-0.085714,-0.006126,0,134.68,NaN
10.7920,-0.083272,-0.004939,0,134.68,NaN
10.8000,-0.078877,-0.003100,0,134.68,NaN
10.8080,-0.078388,-0.001003,0,134.68,NaN
10.8160,-0.082295,0.001526,0,134.68,NaN
10.8240,-0.085226,0.000079,0,134.68,NaN
10.8320,-0.085714,-0.001126,0,134.68,NaN
10.8400,-0.085714,-0.001611,0,134.68,NaN
10.8480,-0.084249,-0.001242,0,134.68,NaN
10.8560,-0.082784,-0.000116,0,134.68,NaN
10.8640,-0.082784,0.001556,0,134.68,NaN
10.8720,-0.080342,0.003409,0,134.68,NaN
10.8800,-0.075946,0.004844,0,134.68,NaN
10.8880,-0.075458,0.005208,0,134.68,NaN
10.8960,-0.076923,0.004181,0,134.68,NaN
10.9040,-0.081319,0.001963,0,134.68,NaN
10.9120,-0.083272,-0.000899,0,134.68,NaN
10.9200,-0.084737,-0.018044,0,134.68,NaN
10.9280,-0.084249,-0.019090,0,134.68,NaN
10.9360,-0.084249,-0.018910,0,134.68,NaN
10.9440,-0.081319,-0.017662,0,134.68,NaN
10.9520,-0.077900,-0.015851,0,134.68,NaN
10.9600,-0.073016,-0.014179,0,134.68,NaN
10.9680,-0.071551,-0.013224,0,134.68,NaN
10.9760,-0.071062,-0.013100,0,134.68,NaN
10.9840,-0.072527,-0.013404,0,134.68,NaN
10.9920,-0.071551,-0.013468,0,134.68,NaN
11.0000,-0.070574,-0.012738,0,134.68,NaN
11.0080,-0.066667,-0.011056,0,134.68,NaN
11.0160,-0.061783,-0.008741,0,134.68,NaN
11.0240,-0.057387,-0.045474,0,134.68,NaN
11.0320,-0.051038,-0.042139,0,134.68,NaN
11.0400,-0.044200,-0.038712,0,134.68,NaN
11.0480,-0.038828,-0.035832,0,134.68,NaN
11.0560,-0.031990,-0.034016,0,134.68,NaN
11.0640,-0.031013,-0.033440,0,134.68,NaN
11.0720,-0.027595,-0.033852,0,134.68,NaN
11.0800,-0.023687,-0.034635,0,134.68,NaN
11.0880,-0.023687,-0.034868,0,134.68,NaN
11.0960,-0.021245,-0.033490,0,134.68,NaN
11.1040,-0.013919,-0.029794,0,134.68,NaN
11.1120,-0.002686,-0.023898,0,134.68,NaN
11.1200,0.008059,-0.016723,0,134.68,NaN
11.1280,0.011477,0.073606,0,134.68,NaN
11.1360,0.004640,0.071987,0,134.68,NaN
11.1440,-0.007570,0.067812,0,134.68,NaN
11.1520,-0.010012,0.063154,0,134.68,NaN
11.1600,-0.012943,0.059437,0,134.68,NaN
11.1680,-0.014408,0.057027,0,134.68,NaN
11.1760,-0.015385,0.055561,0,134.68,NaN
11.1840,-0.018315,0.054374,0,134.68,NaN
11.1920,-0.020269,0.052738,0,134.68,NaN
11.2000,-0.022711,0.049926,0,134.68,NaN
11.2080,-0.025153,0.045365,0,134.68,NaN
11.2160,-0.033455,0.038975,0,134.68,NaN
11.2240,-0.042735,0.031413,0,134.68,NaN
11.2320,-0.053480,0.025845,0,134.68,NaN
11.2400,-0.058852,0.019206,0,134.68,NaN
11.2480,-0.065201,0.014266,0,134.68,NaN
11.2560,-0.069109,0.011214,0,134.68,NaN
11.2640,-0.070085,0.009715,0,134.68,NaN
11.2720,-0.070085,0.009073,0,134.68,NaN
11.2800,-0.072527,0.008567,0,134.68,NaN
11.2880,-0.073504,0.007788,0,134.68,NaN
11.2960,-0.076923,0.006756,0,134.68,NaN
11.3040,-0.080830,0.005812,0,134.68,NaN
11.3120,-0.082295,0.005290,0,134.68,NaN
11.3200,-0.080342,0.005225,0,134.68,NaN
11.3280,-0.083272,0.005413,0,134.68,NaN
11.3360,-0.085714,-0.020081,0,134.68,NaN
11.3440,-0.085714,-0.019112,0,134.68,NaN
11.3520,-0.082295,-0.017628,0,134.68,NaN
11.3600,-0.080342,-0.016284,0,134.68,NaN
11.3680,-0.082295,-0.015646,0,134.68,NaN
11.3760,-0.084249,-0.015844,0,134.68,NaN
11.3840,-0.086203,-0.016632,0,134.68,NaN
11.3920,-0.088156,-0.017571,0,134.68,NaN
11.4000,-0.090598,-0.018139,0,134.68,NaN
11.4080,-0.092552,-0.017801,0,134.68,NaN
11.4160,-0.093040,-0.016158,0,134.68,NaN
11.4240,-0.094017,-0.013147,0,134.68,NaN
11.4320,-0.090110,-0.009228,0,134.68,NaN
11.4400,-0.086203,-0.029486,0,134.68,NaN
11.4480,-0.085714,-0.027002,0,134.68,NaN
11.4560,-0.085714,-0.025222,0,134.68,NaN
11.4640,-0.085714,-0.024070,0,134.68,NaN
11.4720,-0.085714,-0.023314,0,134.68,NaN
11.4800,-0.084737,-0.022722,0,134.68,NaN
11.4880,-0.085714,-0.022059,0,134.68,NaN
11.4960,-0.086203,-0.021056,0,134.68,NaN
11.5040,-0.085714,-0.019520,0,134.68,NaN
11.5120,-0.084249,-0.017514,0,134.68,NaN
11.5200,-0.079365,-0.015389,0,134.68,NaN
11.5280,-0.079365,-0.013509,0,134.68,NaN
11.5360,-0.078877,-0.011920,0,134.68,NaN
11.5440,-0.081319,0.000565,0,134.68,NaN
11.5520,-0.081319,-0.001621,0,134.68,NaN
11.5600,-0.085714,-0.006851,0,134.68,NaN
11.5680,-0.093040,-0.016024,0,134.68,NaN
11.5760,-0.104762,-0.029479,0,134.68,NaN
11.5840,-0.121856,-0.046482,0,134.68,NaN
11.5920,-0.137973,-0.064896,0,134.68,NaN
11.6000,-0.156532,-0.081089,0,134.68,NaN
11.6080,-0.171673,-0.090325,0,134.68,NaN
11.6160,-0.173138,-0.087929,0,134.68,NaN
11.6240,-0.161905,-0.071096,0,134.68,NaN
11.6320,-0.131136,-0.040653,0,134.68,NaN
11.6400,-0.081319,-0.001825,0,134.68,NaN
11.6480,-0.015873,-0.512476,0,134.68,NaN
11.6560,0.073504,-0.440700,0,134.68,NaN
11.6640,0.187302,-0.344001,0,134.68,NaN
11.6720,0.325031,-0.224085,0,134.68,NaN
11.6800,0.476435,-0.086710,0,134.68,NaN
11.6880,0.630769,0.056774,0,134.68,NaN
11.6960,0.805617,0.188184,0,134.68,NaN
11.7040,0.985836,0.284577,0,134.68,NaN
11.7120,1.000000,0.325351,1,134.68,NaN
11.7200,1.000000,0.298280,1,134.68,NaN
11.7280,1.000000,0.200313,0,134.68,NaN
11.7360,0.861294,0.039761,0,134.68,NaN
11.7440,0.648840,-0.158976,0,134.68,NaN
11.7520,0.448107,0.474689,0,134.68,NaN
11.7600,0.249817,0.282273,0,134.68,NaN
11.7680,0.073504,0.109321,0,134.68,NaN
11.7760,-0.078388,-0.028222,0,134.68,NaN
11.7840,-0.179487,-0.120580,0,134.68,NaN
11.7920,-0.222955,-0.165314,0,134.68,NaN
11.8000,-0.222955,-0.167584,0,134.68,NaN
11.8080,-0.190720,-0.138607,0,134.68,NaN
11.8160,-0.138462,-0.092770,0,134.68,NaN
11.8240,-0.085714,-0.044111,0,134.68,NaN
11.8320,-0.045177,-0.002772,0,134.68,NaN
11.8400,-0.023687,0.027642,0,134.68,NaN
11.8480,-0.021734,0.050561,0,134.68,NaN
11.8560,-0.032479,0.039263,0,134.68,NaN
11.8640,-0.049084,0.027909,0,134.68,NaN
11.8720,-0.070085,0.012268,0,134.68,NaN
11.8800,-0.090110,-0.003114,0,134.68,NaN
11.8880,-0.102320,-0.015039,0,134.68,NaN
11.8960,-0.114042,-0.021914,0,134.68,NaN
11.9040,-0.115507,-0.023699,0,134.68,NaN
11.9120,-0.110623,-0.021638,0,134.68,NaN
11.9200,-0.108181,-0.017605,0,134.68,NaN
11.9280,-0.103785,-0.013260,0,134.68,NaN
11.9360,-0.105739,-0.009507,0,134.68,NaN
11.9440,-0.104762,-0.006481,0,134.68,NaN
11.9520,-0.107692,-0.003837,0,134.68,NaN
11.9600,-0.108669,-0.261553,0,134.68,NaN
11.9680,-0.111111,-0.264622,0,134.68,NaN
11.9760,-0.112576,-0.263769,0,134.68,NaN
11.9840,-0.112088,-0.258163,0,134.68,NaN
11.9920,-0.108181,-0.247814,0,134.68,NaN
12.0000,-0.102808,-0.233609,0,134.68,NaN
12.0080,-0.105739,-0.216918,0,134.68,NaN
12.0160,-0.104762,-0.199141,0,134.68,NaN
12.0240,-0.107692,-0.181521,0,134.68,NaN
12.0320,-0.109646,-0.165110,0,134.68,NaN
12.0400,-0.112088,-0.150617,0,134.68,NaN
12.0480,-0.113553,-0.138146,0,134.68,NaN
12.0560,-0.113553,-0.127016,0,134.68,NaN
12.0640,-0.109158,-0.011033,0,134.68,NaN
12.0720,-0.106716,-0.004870,0,134.68,NaN
12.0800,-0.101832,-0.001917,0,134.68,NaN
12.0880,-0.101343,-0.002150,0,134.68,NaN
12.0960,-0.101832,-0.004962,0,134.68,NaN
12.1040,-0.103785,-0.009263,0,134.68,NaN
12.1120,-0.104274,-0.013751,0,134.68,NaN
12.1200,-0.108669,-0.017140,0,134.68,NaN
12.1280,-0.109646,-0.018366,0,134.68,NaN
12.1360,-0.108669,-0.016889,0,134.68,NaN
12.1440,-0.103785,-0.012836,0,134.68,NaN
12.1520,-0.100855,-0.006859,0,134.68,NaN
12.1600,-0.094505,0.000123,0,134.68,NaN
12.1680,-0.093040,-0.000710,0,134.68,NaN
12.1760,-0.092552,0.001441,0,134.68,NaN
12.1840,-0.091575,0.002473,0,134.68,NaN
12.1920,-0.091087,0.002835,0,134.68,NaN
12.2000,-0.088645,0.003008,0,134.68,NaN
12.2080,-0.090110,0.003440,0,134.68,NaN
12.2160,-0.088156,0.004449,0,134.68,NaN
12.2240,-0.085714,0.005994,0,134.68,NaN
12.2320,-0.082784,0.007540,0,134.68,NaN
12.2400,-0.077411,0.008245,0,134.68,NaN
12.2480,-0.079365,0.007454,0,134.68,NaN
12.2560,-0.082295,0.005142,0,134.68,NaN
12.2640,-0.084737,0.001911,0,134.68,NaN
12.2720,-0.085714,-0.002473,0,134.68,NaN
12.2800,-0.085226,-0.004198,0,134.68,NaN
12.2880,-0.087179,-0.004577,0,134.68,NaN
12.2960,-0.086203,-0.003344,0,134.68,NaN
12.3040,-0.080342,-0.000797,0,134.68,NaN
12.3120,-0.073504,0.002132,0,134.68,NaN
12.3200,-0.070085,0.004368,0,134.68,NaN
12.3280,-0.070085,0.005312,0,134.68,NaN
12.3360,-0.070574,0.005014,0,134.68,NaN
12.3440,-0.070085,0.003870,0,134.68,NaN
12.3520,-0.070085,0.002262,0,134.68,NaN
12.3600,-0.070085,0.000428,0,134.68,NaN
12.3680,-0.070574,-0.001504,0,134.68,NaN
12.3760,-0.069109,0.001295,0,134.68,NaN
12.3840,-0.067155,0.001897,0,134.68,NaN
12.3920,-0.062759,0.002394,0,134.68,NaN
12.4000,-0.062271,0.002210,0,134.68,NaN
12.4080,-0.063248,0.001135,0,134.68,NaN
12.4160,-0.064713,-0.000588,0,134.68,NaN
12.4240,-0.064713,-0.002483,0,134.68,NaN
12.4320,-0.064225,-0.004065,0,134.68,NaN
12.4400,-0.064713,-0.004906,0,134.68,NaN
12.4480,-0.062759,-0.004663,0,134.68,NaN
12.4560,-0.061294,-0.003198,0,134.68,NaN
12.4640,-0.054945,-0.000699,0,134.68,NaN
12.4720,-0.051526,0.002363,0,134.68,NaN
12.4800,-0.049084,0.000808,0,134.68,NaN
12.4880,-0.047619,0.001161,0,134.68,NaN
12.4960,-0.048107,0.000711,0,134.68,NaN
12.5040,-0.047619,-0.000128,0,134.68,NaN
12.5120,-0.046154,-0.000897,0,134.68,NaN
12.5200,-0.046154,-0.001195,0,134.68,NaN
12.5280,-0.045177,-0.000739,0,134.68,NaN
12.5360,-0.042247,0.000483,0,134.68,NaN
12.5440,-0.038828,0.002077,0,134.68,NaN
12.5520,-0.033944,0.003335,0,134.68,NaN
12.5600,-0.031502,0.003606,0,134.68,NaN
12.5680,-0.033455,0.002720,0,134.68,NaN
12.5760,-0.033455,0.001084,0,134.68,NaN
12.5840,-0.033455,0.006293,0,134.68,NaN
12.5920,-0.031502,0.005954,0,134.68,NaN
12.6000,-0.030525,0.006298,0,134.68,NaN
12.6080,-0.028083,0.007268,0,134.68,NaN
12.6160,-0.025641,0.008563,0,134.68,NaN
12.6240,-0.022711,0.009677,0,134.68,NaN
12.6320,-0.019780,0.010036,0,134.68,NaN
12.6400,-0.018315,0.009302,0,134.68,NaN
12.6480,-0.022222,0.007658,0,134.68,NaN
12.6560,-0.023199,0.005758,0,134.68,NaN
12.6640,-0.023687,0.004303,0,134.68,NaN
12.6720,-0.023199,0.003620,0,134.68,NaN
12.6800,-0.020269,0.003514,0,134.68,NaN
12.6880,-0.018803,0.018206,0,134.68,NaN
12.6960,-0.014408,0.021259,0,134.68,NaN
12.7040,-0.009035,0.024169,0,134.68,NaN
12.7120,-0.007082,0.026146,0,134.68,NaN
12.7200,-0.005617,0.026701,0,134.68,NaN
12.7280,-0.007082,0.025825,0,134.68,NaN
12.7360,-0.009524,0.023895,0,134.68,NaN
12.7440,-0.010012,0.021434,0,134.68,NaN
12.7520,-0.012943,0.018905,0,134.68,NaN
12.7600,-0.013919,0.016627,0,134.68,NaN
12.7680,-0.015385,0.014742,0,134.68,NaN
12.7760,-0.015873,0.013214,0,134.68,NaN
12.7840,-0.016850,0.011888,0,134.68,NaN
12.7920,-0.018803,0.048245,0,134.68,NaN
12.8000,-0.024664,0.044687,0,134.68,NaN
12.8080,-0.031990,0.039897,0,134.68,NaN
12.8160,-0.038828,0.034636,0,134.68,NaN
12.8240,-0.046154,0.029808,0,134.68,NaN
12.8320,-0.051038,0.026151,0,134.68,NaN
12.8400,-0.054457,0.024027,0,134.68,NaN
12.8480,-0.057875,0.023341,0,134.68,NaN
12.8560,-0.057875,0.023537,0,134.68,NaN
12.8640,-0.058852,0.023720,0,134.68,NaN
12.8720,-0.059341,0.022992,0,134.68,NaN
12.8800,-0.064225,0.020937,0,134.68,NaN
12.8880,-0.071551,0.017932,0,134.68,NaN
12.8960,-0.080830,0.005374,0,134.68,NaN
12.9040,-0.087668,-0.000031,0,134.68,NaN
12.9120,-0.094017,-0.004322,0,134.68,NaN
12.9200,-0.099878,-0.006875,0,134.68,NaN
12.9280,-0.101343,-0.007615,0,134.68,NaN
12.9360,-0.101832,-0.007044,0,134.68,NaN
12.9440,-0.101832,-0.005997,0,134.68,NaN
12.9520,-0.103785,-0.005199,0,134.68,NaN
12.9600,-0.106716,-0.004940,0,134.68,NaN
12.9680,-0.110134,-0.005043,0,134.68,NaN
12.9760,-0.114042,-0.005079,0,134.68,NaN
12.9840,-0.116484,-0.004710,0,134.68,NaN
12.9920,-0.116972,-0.003951,0,134.68,NaN
13.0000,-0.119902,-0.033691,0,134.68,NaN
13.0080,-0.121368,-0.032472,0,134.68,NaN
13.0160,-0.119414,-0.030507,0,134.68,NaN
13.0240,-0.117460,-0.028390,0,134.68,NaN
13.0320,-0.116972,-0.026764,0,134.68,NaN
13.0400,-0.119414,-0.025904,0,134.68,NaN
13.0480,-0.122344,-0.025575,0,134.68,NaN
13.0560,-0.124298,-0.025272,0,134.68,NaN
13.0640,-0.124298,-0.024554,0,134.68,NaN
13.0720,-0.125763,-0.023178,0,134.68,NaN
13.0800,-0.125275,-0.021084,0,134.68,NaN
13.0880,-0.125275,-0.018366,0,134.68,NaN
13.0960,-0.123810,-0.015278,0,134.68,NaN
13.1040,-0.121368,-0.026749,0,134.68,NaN
13.1120,-0.119902,-0.025386,0,134.68,NaN
13.1200,-0.121856,-0.024988,0,134.68,NaN
13.1280,-0.123810,-0.025382,0,134.68,NaN
13.1360,-0.124786,-0.026112,0,134.68,NaN
13.1440,-0.126252,-0.026662,0,134.68,NaN
13.1520,-0.126252,-0.026567,0,134.68,NaN
13.1600,-0.127717,-0.025467,0,134.68,NaN
13.1680,-0.125763,-0.023248,0,134.68,NaN
13.1760,-0.122344,-0.020204,0,134.68,NaN
13.1840,-0.116972,-0.016958,0,134.68,NaN
13.1920,-0.115507,-0.014049,0,134.68,NaN
13.2000,-0.115018,-0.011539,0,134.68,NaN
13.2080,-0.115507,-0.006866,0,134.68,NaN
13.2160,-0.115995,-0.007404,0,134.68,NaN
13.2240,-0.116972,-0.008102,0,134.68,NaN
13.2320,-0.116972,-0.008337,0,134.68,NaN
13.2400,-0.116972,-0.007582,0,134.68,NaN
13.2480,-0.115995,-0.005579,0,134.68,NaN
13.2560,-0.111600,-0.002560,0,134.68,NaN
13.2640,-0.106227,0.000686,0,134.68,NaN
13.2720,-0.102320,0.003107,0,134.68,NaN
13.2800,-0.101832,0.003878,0,134.68,NaN
13.2880,-0.102808,0.002739,0,134.68,NaN
13.2960,-0.105739,0.000005,0,134.68,NaN
13.3040,-0.108669,-0.003619,0,134.68,NaN
13.3120,-0.107692,0.006378,0,134.68,NaN
13.3200,-0.107692,0.006864,0,134.68,NaN
13.3280,-0.105739,0.008391,0,134.68,NaN
13.3360,-0.101832,0.010348,0,134.68,NaN
13.3440,-0.098901,0.011892,0,134.68,NaN
13.3520,-0.097924,0.012371,0,134.68,NaN
13.3600,-0.100366,0.011651,0,134.68,NaN
13.3680,-0.101832,0.010108,0,134.68,NaN
13.3760,-0.103785,0.008314,0,134.68,NaN
13.3840,-0.104274,0.006725,0,134.68,NaN
13.3920,-0.104274,0.005559,0,134.68,NaN
13.4000,-0.105739,0.004825,0,134.68,NaN
13.4080,-0.104762,0.004368,0,134.68,NaN
13.4160,-0.101343,0.008304,0,134.68,NaN
13.4240,-0.098901,0.009230,0,134.68,NaN
13.4320,-0.098901,0.009333,0,134.68,NaN
13.4400,-0.100366,0.008506,0,134.68,NaN
13.4480,-0.102808,0.007083,0,134.68,NaN
13.4560,-0.103785,0.005551,0,134.68,NaN
13.4640,-0.103785,0.004265,0,134.68,NaN
13.4720,-0.103785,0.003367,0,134.68,NaN
13.4800,-0.103785,0.002906,0,134.68,NaN
13.4880,-0.105739,0.002929,0,134.68,NaN
13.4960,-0.102808,0.003397,0,134.68,NaN
13.5040,-0.101343,0.004127,0,134.68,NaN
13.5120,-0.101343,0.004931,0,134.68,NaN
13.5200,-0.101343,0.005770,0,134.68,NaN
13.5280,-0.101832,0.005448,0,134.68,NaN
13.5360,-0.101832,0.004841,0,134.68,NaN
13.5440,-0.102320,0.004084,0,134.68,NaN
13.5520,-0.102808,0.003360,0,134.68,NaN
13.5600,-0.103785,0.002902,0,134.68,NaN
13.5680,-0.105739,0.002903,0,134.68,NaN
13.5760,-0.102808,0.003302,0,134.68,NaN
13.5840,-0.101343,0.003738,0,134.68,NaN
13.5920,-0.101832,0.003830,0,134.68,NaN
13.6000,-0.102808,0.003487,0,134.68,NaN
13.6080,-0.105739,0.002905,0,134.68,NaN
13.6160,-0.104274,0.002288,0,134.68,NaN
13.6240,-0.104274,0.001632,0,134.68,NaN
13.6320,-0.105739,0.001133,0,134.68,NaN
13.6400,-0.106716,0.001071,0,134.68,NaN
13.6480,-0.107692,0.001679,0,134.68,NaN
13.6560,-0.104762,0.002913,0,134.68,NaN
13.6640,-0.102320,0.004378,0,134.68,NaN
13.6720,-0.101832,0.005565,0,134.68,NaN
13.6800,-0.101832,0.006125,0,134.68,NaN
13.6880,-0.101832,0.005937,0,134.68,NaN
13.6960,-0.102808,0.005063,0,134.68,NaN
13.7040,-0.105739,0.003689,0,134.68,NaN
13.7120,-0.105739,0.002026,0,134.68,NaN
13.7200,-0.108181,0.000235,0,134.68,NaN
13.7280,-0.107692,-0.006747,0,134.68,NaN
13.7360,-0.106227,-0.005963,0,134.68,NaN
13.7440,-0.104274,-0.004727,0,134.68,NaN
13.7520,-0.101832,-0.003524,0,134.68,NaN
13.7600,-0.101832,-0.002717,0,134.68,NaN
13.7680,-0.101832,-0.002411,0,134.68,NaN
13.7760,-0.101832,-0.002520,0,134.68,NaN
13.7840,-0.101343,-0.002893,0,134.68,NaN
13.7920,-0.101343,-0.003351,0,134.68,NaN
13.8000,-0.102808,-0.003654,0,134.68,NaN
13.8080,-0.102320,-0.003557,0,134.68,NaN
13.8160,-0.101832,-0.002965,0,134.68,NaN
13.8240,-0.099878,-0.002033,0,134.68,NaN
13.8320,-0.100366,-0.004723,0,134.68,NaN
13.8400,-0.100366,-0.005017,0,134.68,NaN
13.8480,-0.100366,-0.005577,0,134.68,NaN
13.8560,-0.100855,-0.006230,0,134.68,NaN
13.8640,-0.101343,-0.006690,0,134.68,NaN
13.8720,-0.101343,-0.006629,0,134.68,NaN
13.8800,-0.101343,-0.005827,0,134.68,NaN
13.8880,-0.098901,-0.004369,0,134.68,NaN
13.8960,-0.094505,-0.002726,0,134.68,NaN
13.9040,-0.093040,-0.001524,0,134.68,NaN
13.9120,-0.092552,-0.001153,0,134.68,NaN
13.9200,-0.094017,-0.001579,0,134.68,NaN
13.9280,-0.094017,-0.002458,0,134.68,NaN
13.9360,-0.097924,-0.002197,0,134.68,NaN
13.9440,-0.099878,-0.004500,0,134.68,NaN
13.9520,-0.100855,-0.006129,0,134.68,NaN
13.9600,-0.101343,-0.006687,0,134.68,NaN
13.9680,-0.100855,-0.006064,0,134.68,NaN
13.9760,-0.098413,-0.004497,0,134.68,NaN
13.9840,-0.094017,-0.002525,0,134.68,NaN
13.9920,-0.093040,-0.000753,0,134.68,NaN
14.0000,-0.092552,0.000407,0,134.68,NaN
14.0080,-0.091087,0.000753,0,134.68,NaN
14.0160,-0.090598,0.000208,0,134.68,NaN
14.0240,-0.091575,-0.001150,0,134.68,NaN
14.0320,-0.093529,-0.003008,0,134.68,NaN
14.0400,-0.095971,0.003056,0,134.68,NaN
14.0480,-0.094505,0.002889,0,134.68,NaN
14.0560,-0.093529,0.003365,0,134.68,NaN
14.0640,-0.091575,0.004135,0,134.68,NaN
14.0720,-0.091087,0.004795,0,134.68,NaN
14.0800,-0.092063,0.005087,0,134.68,NaN
14.0880,-0.091087,0.004890,0,134.68,NaN
14.0960,-0.090598,0.004176,0,134.68,NaN
14.1040,-0.093529,0.003083,0,134.68,NaN
14.1120,-0.093529,0.001955,0,134.68,NaN
14.1200,-0.095971,0.001221,0,134.68,NaN
14.1280,-0.096947,0.001158,0,134.68,NaN
14.1360,-0.094017,0.001636,0,134.68,NaN
14.1440,-0.094017,-0.002269,0,134.68,NaN
14.1520,-0.093040,-0.001659,0,134.68,NaN
14.1600,-0.093040,-0.001015,0,134.68,NaN
14.1680,-0.092063,-0.000367,0,134.68,NaN
14.1760,-0.091575,0.000236,0,134.68,NaN
14.1840,-0.088645,0.000691,0,134.68,NaN
14.1920,-0.089133,0.000966,0,134.68,NaN
14.2000,-0.092063,0.001216,0,134.68,NaN
14.2080,-0.090110,0.001577,0,134.68,NaN
14.2160,-0.087668,0.001869,0,134.68,NaN
14.2240,-0.087179,0.001697,0,134.68,NaN
14.2320,-0.088645,0.000847,0,134.68,NaN
14.2400,-0.090598,-0.000488,0,134.68,NaN
14.2480,-0.092552,-0.001757,0,134.68,NaN
14.2560,-0.093040,-0.003227,0,134.68,NaN
14.2640,-0.094017,-0.004224,0,134.68,NaN
14.2720,-0.094017,-0.004565,0,134.68,NaN
14.2800,-0.093529,-0.004196,0,134.68,NaN
14.2880,-0.092552,-0.003202,0,134.68,NaN
14.2960,-0.090598,-0.001824,0,134.68,NaN
14.3040,-0.089133,-0.000426,0,134.68,NaN
14.3120,-0.087179,0.000597,0,134.68,NaN
14.3200,-0.087179,0.000949,0,134.68,NaN
14.3280,-0.088156,0.000530,0,134.68,NaN
14.3360,-0.087668,-0.000572,0,134.68,NaN
14.3440,-0.090110,-0.002088,0,134.68,NaN
14.3520,-0.090110,0.000582,0,134.68,NaN
14.3600,-0.088645,0.001392,0,134.68,NaN
14.3680,-0.087179,0.002741,0,134.68,NaN
14.3760,-0.084249,0.004132,0,134.68,NaN
14.3840,-0.082784,0.005012,0,134.68,NaN
14.3920,-0.083761,0.005062,0,134.68,NaN
14.4000,-0.085714,0.004318,0,134.68,NaN
14.4080,-0.085714,0.003029,0,134.68,NaN
14.4160,-0.086691,0.001518,0,134.68,NaN
14.4240,-0.088156,0.000210,0,134.68,NaN
14.4320,-0.092063,-0.000371,0,134.68,NaN
14.4400,-0.090598,0.000097,0,134.68,NaN
14.4480,-0.087179,0.001353,0,134.68,NaN
14.4560,-0.085226,-0.002705,0,134.68,NaN
14.4640,-0.083272,-0.001760,0,134.68,NaN
14.4720,-0.083761,-0.001576,0,134.68,NaN
14.4800,-0.084737,-0.002200,0,134.68,NaN
14.4880,-0.085714,-0.003415,0,134.68,NaN
14.4960,-0.086203,-0.004871,0,134.68,NaN
14.5040,-0.088156,-0.006119,0,134.68,NaN
14.5120,-0.090598,-0.006676,0,134.68,NaN
14.5200,-0.088645,-0.006256,0,134.68,NaN
14.5280,-0.086203,-0.004985,0,134.68,NaN
14.5360,-0.083761,-0.003327,0,134.68,NaN
14.5440,-0.079365,-0.001767,0,134.68,NaN
14.5520,-0.080830,-0.000457,0,134.68,NaN
14.5600,-0.082295,-0.001330,0,134.68,NaN
14.5680,-0.082784,-0.002440,0,134.68,NaN
14.5760,-0.085714,-0.003666,0,134.68,NaN
14.5840,-0.085714,-0.004615,0,134.68,NaN
14.5920,-0.086691,-0.004988,0,134.68,NaN
14.6000,-0.085714,-0.004642,0,134.68,NaN
14.6080,-0.084737,-0.003645,0,134.68,NaN
14.6160,-0.079853,-0.002308,0,134.68,NaN
14.6240,-0.077900,-0.001079,0,134.68,NaN
14.6320,-0.076923,-0.000341,0,134.68,NaN
14.6400,-0.076435,-0.000274,0,134.68,NaN
14.6480,-0.076435,-0.000836,0,134.68,NaN
14.6560,-0.078388,-0.001787,0,134.68,NaN
14.6640,-0.079853,-0.010427,0,134.68,NaN
14.6720,-0.083272,-0.013040,0,134.68,NaN
14.6800,-0.085714,-0.015377,0,134.68,NaN
14.6880,-0.085714,-0.017186,0,134.68,NaN
14.6960,-0.085714,-0.018436,0,134.68,NaN
14.7040,-0.085714,-0.019181,0,134.68,NaN
14.7120,-0.085714,-0.019373,0,134.68,NaN
14.7200,-0.085714,-0.018848,0,134.68,NaN
14.7280,-0.083272,-0.017472,0,134.68,NaN
14.7360,-0.078877,-0.015324,0,134.68,NaN
14.7440,-0.074969,-0.012686,0,134.68,NaN
14.7520,-0.070085,-0.009880,0,134.68,NaN
14.7600,-0.067643,-0.007080,0,134.68,NaN
14.7680,-0.061783,-0.039042,0,134.68,NaN
14.7760,-0.057875,-0.037770,0,134.68,NaN
14.7840,-0.054457,-0.036949,0,134.68,NaN
14.7920,-0.054457,-0.036212,0,134.68,NaN
14.8000,-0.051038,-0.035054,0,134.68,NaN
14.8080,-0.045177,-0.033259,0,134.68,NaN
14.8160,-0.038828,-0.031051,0,134.68,NaN
14.8240,-0.032967,-0.028833,0,134.68,NaN
14.8320,-0.029548,-0.026788,0,134.68,NaN
14.8400,-0.026129,-0.024736,0,134.68,NaN
14.8480,-0.021734,-0.022345,0,134.68,NaN
14.8560,-0.014896,-0.019460,0,134.68,NaN
14.8640,-0.008547,-0.016249,0,134.68,NaN
14.8720,-0.008059,0.061076,0,134.68,NaN
14.8800,-0.010989,0.060638,0,134.68,NaN
14.8880,-0.015385,0.059198,0,134.68,NaN
14.8960,-0.017827,0.057908,0,134.68,NaN
14.9040,-0.017827,0.057447,0,134.68,NaN
14.9120,-0.015873,0.057697,0,134.68,NaN
14.9200,-0.015873,0.057905,0,134.68,NaN
14.9280,-0.015873,0.057113,0,134.68,NaN
14.9360,-0.019292,0.054564,0,134.68,NaN
14.9440,-0.024176,0.049958,0,134.68,NaN
14.9520,-0.032479,0.043520,0,134.68,NaN
14.9600,-0.041270,0.035841,0,134.68,NaN
14.9680,-0.048596,0.027595,0,134.68,NaN
14.9760,-0.055433,0.025974,0,134.68,NaN
14.9840,-0.062759,0.020436,0,134.68,NaN
14.9920,-0.069597,0.016752,0,134.68,NaN
15.0000,-0.069597,0.015013,0,134.68,NaN
15.0080,-0.069597,0.014681,0,134.68,NaN
15.0160,-0.068620,0.014831,0,134.68,NaN
15.0240,-0.070085,0.014652,0,134.68,NaN
15.0320,-0.072527,0.013797,0,134.68,NaN
15.0400,-0.076435,0.012394,0,134.68,NaN
15.0480,-0.078877,0.010780,0,134.68,NaN
15.0560,-0.079853,0.009221,0,134.68,NaN
15.0640,-0.084737,0.007843,0,134.68,NaN
15.0720,-0.085714,0.006642,0,134.68,NaN
15.0800,-0.085714,-0.023426,0,134.68,NaN
15.0880,-0.085714,-0.023178,0,134.68,NaN
15.0960,-0.085226,-0.022518,0,134.68,NaN
15.1040,-0.083272,-0.021798,0,134.68,NaN
15.1120,-0.085226,-0.021214,0,134.68,NaN
15.1200,-0.085714,-0.020752,0,134.68,NaN
15.1280,-0.085226,-0.020301,0,134.68,NaN
15.1360,-0.085714,-0.019770,0,134.68,NaN
15.1440,-0.085714,-0.019043,0,134.68,NaN
15.1520,-0.087179,-0.017929,0,134.68,NaN
15.1600,-0.087179,-0.016242,0,134.68,NaN
15.1680,-0.085714,-0.013967,0,134.68,NaN
15.1760,-0.084737,-0.011325,0,134.68,NaN
15.1840,-0.085226,-0.022040,0,134.68,NaN
15.1920,-0.085714,-0.021417,0,134.68,NaN
15.2000,-0.086691,-0.020876,0,134.68,NaN
15.2080,-0.086691,-0.020194,0,134.68,NaN
15.2160,-0.086691,-0.019225,0,134.68,NaN
15.2240,-0.085714,-0.017950,0,134.68,NaN
15.2320,-0.085714,-0.016441,0,134.68,NaN
15.2400,-0.085226,-0.014807,0,134.68,NaN
15.2480,-0.084737,-0.013214,0,134.68,NaN
15.2560,-0.082295,-0.011883,0,134.68,NaN
15.2640,-0.082784,-0.010973,0,134.68,NaN
15.2720,-0.084249,-0.010441,0,134.68,NaN
15.2800,-0.083272,-0.010103,0,134.68,NaN
15.2880,-0.083272,0.063610,0,134.68,NaN
15.2960,-0.084737,0.067632,0,134.68,NaN
15.3040,-0.081319,0.070838,0,134.68,NaN
15.3120,-0.083272,0.071735,0,134.68,NaN
15.3200,-0.086203,0.068611,0,134.68,NaN
15.3280,-0.094994,0.060284,0,134.68,NaN
15.3360,-0.111111,0.046962,0,134.68,NaN
15.3440,-0.132601,0.030819,0,134.68,NaN
15.3520,-0.155556,0.015833,0,134.68,NaN
15.3600,-0.174115,0.006650,0,134.68,NaN
15.3680,-0.180464,0.006748,0,134.68,NaN
15.3760,-0.174115,0.016580,0,134.68,NaN
15.3840,-0.150672,0.032712,0,134.68,NaN
15.3920,-0.107204,-0.945337,0,134.68,NaN
15.4000,-0.046154,-0.920614,0,134.68,NaN
15.4080,0.039316,-0.873323,0,134.68,NaN
15.4160,0.143346,-0.802940,0,134.68,NaN
15.4240,0.271306,-0.710741,0,134.68,NaN
15.4320,0.411477,-0.601059,0,134.68,NaN
15.4400,0.562882,-0.482947,0,134.68,NaN
15.4480,0.726007,-0.371649,0,134.68,NaN
15.4560,0.909646,-0.287274,0,134.68,NaN
15.4640,1.000000,-0.247867,1,134.68,NaN
15.4720,1.000000,-0.260348,1,134.68,NaN
15.4800,1.000000,-0.317125,0,134.68,NaN
15.4880,0.951160,-0.399361,0,134.68,NaN
15.4960,0.748474,0.786065,0,134.68,NaN
15.5040,0.539438,0.626203,0,134.68,NaN
15.5120,0.341148,0.454405,0,134.68,NaN
15.5200,0.149695,0.292163,0,134.68,NaN
15.5280,-0.016361,0.156629,0,134.68,NaN
15.5360,-0.137973,0.059396,0,134.68,NaN
15.5440,-0.210256,0.005516,0,134.68,NaN
15.5520,-0.227839,-0.007001,0,134.68,NaN
15.5600,-0.205372,0.013662,0,134.68,NaN
15.5680,-0.159463,0.055703,0,134.68,NaN
15.5760,-0.105739,0.107441,0,134.68,NaN
15.5840,-0.063248,0.160897,0,134.68,NaN
15.5920,-0.035897,0.213512,0,134.68,NaN
15.6000,-0.025641,0.048173,0,134.68,NaN
15.6080,-0.030037,0.052473,0,134.68,NaN
15.6160,-0.045177,0.046108,0,134.68,NaN
15.6240,-0.064713,0.034193,0,134.68,NaN
15.6320,-0.082784,0.021500,0,134.68,NaN
15.6400,-0.096459,0.011315,0,134.68,NaN
15.6480,-0.101343,0.004988,0,134.68,NaN
15.6560,-0.105739,0.002274,0,134.68,NaN
15.6640,-0.107204,0.002165,0,134.68,NaN
15.6720,-0.108181,0.003619,0,134.68,NaN
15.6800,-0.108669,0.005898,0,134.68,NaN
15.6880,-0.107692,0.008583,0,134.68,NaN
15.6960,-0.108669,0.011480,0,134.68,NaN
15.7040,-0.110623,-0.258340,0,134.68,NaN
15.7120,-0.110623,-0.262848,0,134.68,NaN
15.7200,-0.109158,-0.264894,0,134.68,NaN
15.7280,-0.108669,-0.263993,0,134.68,NaN
15.7360,-0.106716,-0.259829,0,134.68,NaN
15.7440,-0.107692,-0.252160,0,134.68,NaN
15.7520,-0.108181,-0.240862,0,134.68,NaN
15.7600,-0.108181,-0.226119,0,134.68,NaN
15.7680,-0.109158,-0.208541,0,134.68,NaN
15.7760,-0.108669,-0.189047,0,134.68,NaN
15.7840,-0.109158,-0.168608,0,134.68,NaN
15.7920,-0.107692,-0.147989,0,134.68,NaN
15.8000,-0.106716,-0.127522,0,134.68,NaN
15.8080,-0.101343,-0.020543,0,134.68,NaN
15.8160,-0.101343,-0.010569,0,134.68,NaN
15.8240,-0.100855,-0.004952,0,134.68,NaN
15.8320,-0.101343,-0.003146,0,134.68,NaN
15.8400,-0.101343,-0.004076,0,134.68,NaN
15.8480,-0.100855,-0.006435,0,134.68,NaN
15.8560,-0.100855,-0.008946,0,134.68,NaN
15.8640,-0.099389,-0.010596,0,134.68,NaN
15.8720,-0.096947,-0.010847,0,134.68,NaN
15.8800,-0.094017,-0.009684,0,134.68,NaN
15.8880,-0.091087,-0.007472,0,134.68,NaN
15.8960,-0.089133,-0.004693,0,134.68,NaN
15.9040,-0.088156,-0.001725,0,134.68,NaN
15.9120,-0.090110,-0.001877,0,134.68,NaN
15.9200,-0.091087,-0.001732,0,134.68,NaN
15.9280,-0.089133,-0.002098,0,134.68,NaN
15.9360,-0.090110,-0.002796,0,134.68,NaN
15.9440,-0.092063,-0.003489,0,134.68,NaN
15.9520,-0.092552,-0.003735,0,134.68,NaN
15.9600,-0.090598,-0.003309,0,134.68,NaN
15.9680,-0.086691,-0.002373,0,134.68,NaN
15.9760,-0.085714,-0.001319,0,134.68,NaN
15.9840,-0.083761,-0.000479,0,134.68,NaN
15.9920,-0.082784,-0.000004,0,134.68,NaN
16.0000,-0.081319,0.000109,0,134.68,NaN
16.0080,-0.080830,-0.000011,0,134.68,NaN
16.0160,-0.080830,0.000100,0,134.68,NaN
16.0240,-0.081319,-0.000185,0,134.68,NaN
16.0320,-0.080342,0.000093,0,134.68,NaN
16.0400,-0.077900,0.000996,0,134.68,NaN
16.0480,-0.074481,0.002246,0,134.68,NaN
16.0560,-0.072039,0.003386,0,134.68,NaN
16.0640,-0.070574,0.004035,0,134.68,NaN
16.0720,-0.069597,0.004045,0,134.68,NaN
16.0800,-0.069597,0.003494,0,134.68,NaN
16.0880,-0.068132,0.002613,0,134.68,NaN
16.0960,-0.069597,0.001719,0,134.68,NaN
16.1040,-0.070085,0.001094,0,134.68,NaN
16.1120,-0.067155,0.000753,0,134.68,NaN
16.1200,-0.064713,0.002805,0,134.68,NaN
16.1280,-0.062271,0.003190,0,134.68,NaN
16.1360,-0.062271,0.003044,0,134.68,NaN
16.1440,-0.062271,0.002332,0,134.68,NaN
16.1520,-0.062759,0.001275,0,134.68,NaN
16.1600,-0.062271,0.000172,0,134.68,NaN
16.1680,-0.061294,-0.000701,0,134.68,NaN
16.1760,-0.062271,-0.001103,0,134.68,NaN
16.1840,-0.060806,-0.000888,0,134.68,NaN
16.1920,-0.057875,-0.000142,0,134.68,NaN
16.2000,-0.054457,0.000829,0,134.68,NaN
16.2080,-0.053480,0.001734,0,134.68,NaN
16.2160,-0.052015,0.002504,0,134.68,NaN
16.2240,-0.053968,-0.005399,0,134.68,NaN
16.2320,-0.052991,-0.006274,0,134.68,NaN
16.2400,-0.051038,-0.006962,0,134.68,NaN
16.2480,-0.049573,-0.007351,0,134.68,NaN
16.2560,-0.048596,-0.007341,0,134.68,NaN
16.2640,-0.048107,-0.006793,0,134.68,NaN
16.2720,-0.044689,-0.005694,0,134.68,NaN
16.2800,-0.039805,-0.004310,0,134.68,NaN
16.2880,-0.037363,-0.003067,0,134.68,NaN
16.2960,-0.035409,-0.002267,0,134.68,NaN
16.3040,-0.033944,-0.001986,0,134.68,NaN
16.3120,-0.031990,-0.002129,0,134.68,NaN
16.3200,-0.031013,-0.002519,0,134.68,NaN
16.3280,-0.031013,0.004417,0,134.68,NaN
16.3360,-0.033455,0.003066,0,134.68,NaN
16.3440,-0.032479,0.001957,0,134.68,NaN
16.3520,-0.031013,0.001258,0,134.68,NaN
16.3600,-0.030525,0.000870,0,134.68,NaN
16.3680,-0.027595,0.000582,0,134.68,NaN
16.3760,-0.028083,0.000285,0,134.68,NaN
16.3840,-0.028571,0.000070,0,134.68,NaN
16.3920,-0.026618,0.000089,0,134.68,NaN
16.4000,-0.023687,0.000344,0,134.68,NaN
16.4080,-0.022711,0.000711,0,134.68,NaN
16.4160,-0.020757,0.001089,0,134.68,NaN
16.4240,-0.019292,0.001448,0,134.68,NaN
16.4320,-0.016361,0.010229,0,134.68,NaN
16.4400,-0.012943,0.011397,0,134.68,NaN
16.4480,-0.011966,0.012051,0,134.68,NaN
16.4560,-0.010501,0.012125,0,134.68,NaN
16.4640,-0.011966,0.011811,0,134.68,NaN
16.4720,-0.010989,0.011403,0,134.68,NaN
16.4800,-0.009524,0.011066,0,134.68,NaN
16.4880,-0.008547,0.010770,0,134.68,NaN
16.4960,-0.008059,0.010385,0,134.68,NaN
16.5040,-0.007570,0.009783,0,134.68,NaN
16.5120,-0.007082,0.008880,0,134.68,NaN
16.5200,-0.007570,0.007676,0,134.68,NaN
16.5280,-0.008059,0.006279,0,134.68,NaN
16.5360,-0.012943,0.052937,0,134.68,NaN
16.5440,-0.015873,0.050285,0,134.68,NaN
16.5520,-0.020269,0.046817,0,134.68,NaN
16.5600,-0.025641,0.042803,0,134.68,NaN
16.5680,-0.031502,0.038607,0,134.68,NaN
16.5760,-0.037363,0.034648,0,134.68,NaN
16.5840,-0.042247,0.031261,0,134.68,NaN
16.5920,-0.046154,0.028577,0,134.68,NaN
16.6000,-0.049084,0.026511,0,134.68,NaN
16.6080,-0.052991,0.024872,0,134.68,NaN
16.6160,-0.054945,0.023508,0,134.68,NaN
16.6240,-0.061294,0.022371,0,134.68,NaN
16.6320,-0.062271,0.021423,0,134.68,NaN
16.6400,-0.067643,0.019029,0,134.68,NaN
16.6480,-0.070574,0.016415,0,134.68,NaN
16.6560,-0.078388,0.013608,0,134.68,NaN
16.6640,-0.083272,0.010958,0,134.68,NaN
16.6720,-0.086203,0.008699,0,134.68,NaN
16.6800,-0.090110,0.006852,0,134.68,NaN
16.6880,-0.094017,0.005388,0,134.68,NaN
16.6960,-0.098901,0.004369,0,134.68,NaN
16.7040,-0.101832,0.003887,0,134.68,NaN
16.7120,-0.104274,0.003900,0,134.68,NaN
16.7200,-0.105739,0.004191,0,134.68,NaN
16.7280,-0.108181,0.004514,0,134.68,NaN
16.7360,-0.112088,0.004783,0,134.68,NaN
16.7440,-0.115507,-0.032150,0,134.68,NaN
16.7520,-0.116484,-0.032232,0,134.68,NaN
16.7600,-0.115507,-0.031852,0,134.68,NaN
16.7680,-0.116972,-0.031316,0,134.68,NaN
16.7760,-0.119414,-0.030813,0,134.68,NaN
16.7840,-0.119902,-0.030328,0,134.68,NaN
16.7920,-0.122344,-0.029738,0,134.68,NaN
16.8000,-0.121856,-0.028886,0,134.68,NaN
16.8080,-0.124298,-0.027590,0,134.68,NaN
16.8160,-0.124298,-0.025661,0,134.68,NaN
16.8240,-0.124298,-0.022994,0,134.68,NaN
16.8320,-0.122833,-0.019672,0,134.68,NaN
16.8400,-0.121368,-0.015964,0,134.68,NaN
16.8480,-0.121368,-0.027205,0,134.68,NaN
16.8560,-0.121856,-0.026161,0,134.68,NaN
16.8640,-0.122833,-0.025774,0,134.68,NaN
16.8720,-0.123321,-0.025961,0,134.68,NaN
16.8800,-0.124786,-0.026494,0,134.68,NaN
16.8880,-0.126740,-0.026939,0,134.68,NaN
16.8960,-0.130159,-0.026720,0,134.68,NaN
16.9040,-0.128205,-0.025411,0,134.68,NaN
16.9120,-0.126740,-0.023031,0,134.68,NaN
16.9200,-0.122833,-0.020039,0,134.68,NaN
16.9280,-0.119902,-0.017048,0,134.68,NaN
16.9360,-0.118926,-0.014449,0,134.68,NaN
16.9440,-0.118437,-0.012211,0,134.68,NaN
16.9520,-0.118437,-0.011746,0,134.68,NaN
16.9600,-0.116972,-0.011185,0,134.68,NaN
16.9680,-0.118437,-0.010586,0,134.68,NaN
16.9760,-0.116972,-0.009630,0,134.68,NaN
16.9840,-0.116484,-0.008178,0,134.68,NaN
16.9920,-0.113553,-0.006406,0,134.68,NaN
17.0000,-0.110134,-0.004767,0,134.68,NaN
17.0080,-0.108669,-0.003727,0,134.68,NaN
17.0160,-0.109646,-0.003452,0,134.68,NaN
17.0240,-0.109646,-0.003737,0,134.68,NaN
17.0320,-0.111111,-0.004200,0,134.68,NaN
17.0400,-0.110134,-0.004554,0,134.68,NaN
17.0480,-0.109158,-0.004760,0,134.68,NaN
17.0560,-0.109646,0.002871,0,134.68,NaN
17.0640,-0.107692,0.004523,0,134.68,NaN
17.0720,-0.102808,0.006380,0,134.68,NaN
17.0800,-0.101343,0.007846,0,134.68,NaN
17.0880,-0.100366,0.008464,0,134.68,NaN
17.0960,-0.101343,0.008119,0,134.68,NaN
17.1040,-0.101343,0.007002,0,134.68,NaN
17.1120,-0.103785,0.005457,0,134.68,NaN
17.1200,-0.102808,0.003869,0,134.68,NaN
17.1280,-0.104274,0.002619,0,134.68,NaN
17.1360,-0.106227,0.002098,0,134.68,NaN
17.1440,-0.105739,0.002521,0,134.68,NaN
17.1520,-0.101832,0.003637,0,134.68,NaN
17.1600,-0.100366,0.001571,0,134.68,NaN
17.1680,-0.100855,0.001549,0,134.68,NaN
17.1760,-0.100855,0.000742,0,134.68,NaN
17.1840,-0.101832,-0.000808,0,134.68,NaN
17.1920,-0.102808,-0.002865,0,134.68,NaN
17.2000,-0.103785,-0.005013,0,134.68,NaN
17.2080,-0.106227,-0.006674,0,134.68,NaN
17.2160,-0.107692,-0.007269,0,134.68,NaN
17.2240,-0.104274,-0.006555,0,134.68,NaN
17.2320,-0.101343,-0.004821,0,134.68,NaN
17.2400,-0.096459,-0.002703,0,134.68,NaN
17.2480,-0.094017,-0.000753,0,134.68,NaN
17.2560,-0.093529,0.000907,0,134.68,NaN
17.2640,-0.093529,0.012236,0,134.68,NaN
17.2720,-0.095971,0.010372,0,134.68,NaN
17.2800,-0.098413,0.007625,0,134.68,NaN
17.2880,-0.101343,0.004623,0,134.68,NaN
17.2960,-0.104274,0.002025,0,134.68,NaN
17.3040,-0.106716,0.000363,0,134.68,NaN
17.3120,-0.106227,-0.000140,0,134.68,NaN
17.3200,-0.104762,0.000344,0,134.68,NaN
17.3280,-0.103785,0.001373,0,134.68,NaN
17.3360,-0.101832,0.002456,0,134.68,NaN
17.3440,-0.101343,0.003234,0,134.68,NaN
17.3520,-0.100855,0.003585,0,134.68,NaN
17.3600,-0.101343,0.003645,0,134.68,NaN
17.3680,-0.101832,0.000346,0,134.68,NaN
17.3760,-0.103297,0.000054,0,134.68,NaN
17.3840,-0.102808,0.000117,0,134.68,NaN
17.3920,-0.101343,0.000475,0,134.68,NaN
17.4000,-0.099878,0.000861,0,134.68,NaN
17.4080,-0.100855,0.001038,0,134.68,NaN
17.4160,-0.100855,0.000953,0,134.68,NaN
17.4240,-0.101343,0.000694,0,134.68,NaN
17.4320,-0.101343,0.000383,0,134.68,NaN
17.4400,-0.101343,0.000114,0,134.68,NaN
17.4480,-0.101832,-0.000051,0,134.68,NaN
17.4560,-0.101343,-0.000096,0,134.68,NaN
17.4640,-0.101343,-0.000063,0,134.68,NaN
17.4720,-0.098901,-0.003628,0,134.68,NaN
17.4800,-0.099878,-0.003983,0,134.68,NaN
17.4880,-0.100855,-0.004780,0,134.68,NaN
17.4960,-0.102808,-0.005866,0,134.68,NaN
17.5040,-0.101832,-0.007045,0,134.68,NaN
17.5120,-0.102808,-0.008141,0,134.68,NaN
17.5200,-0.104274,-0.008937,0,134.68,NaN
17.5280,-0.103785,-0.009177,0,134.68,NaN
17.5360,-0.103785,-0.008694,0,134.68,NaN
17.5440,-0.101343,-0.007514,0,134.68,NaN
17.5520,-0.099878,-0.005846,0,134.68,NaN
17.5600,-0.096459,-0.003973,0,134.68,NaN
17.5680,-0.095971,-0.002075,0,134.68,NaN
17.5760,-0.098413,-0.002678,0,134.68,NaN
17.5840,-0.100366,-0.004224,0,134.68,NaN
17.5920,-0.101343,-0.006074,0,134.68,NaN
17.6000,-0.101832,-0.007810,0,134.68,NaN
17.6080,-0.104274,-0.009066,0,134.68,NaN
17.6160,-0.104762,-0.009562,0,134.68,NaN
17.6240,-0.102808,-0.009252,0,134.68,NaN
17.6320,-0.100366,-0.008369,0,134.68,NaN
17.6400,-0.099878,-0.007223,0,134.68,NaN
17.6480,-0.098901,-0.006017,0,134.68,NaN
17.6560,-0.096947,-0.004856,0,134.68,NaN
17.6640,-0.094994,-0.003809,0,134.68,NaN
17.6720,-0.094505,-0.002871,0,134.68,NaN
17.6800,-0.096459,0.006530,0,134.68,NaN
17.6880,-0.098901,0.005167,0,134.68,NaN
17.6960,-0.101343,0.003869,0,134.68,NaN
17.7040,-0.101343,0.003033,0,134.68,NaN
17.7120,-0.100855,0.002717,0,134.68,NaN
17.7200,-0.100855,0.002727,0,134.68,NaN
17.7280,-0.100855,0.002822,0,134.68,NaN
17.7360,-0.101343,0.002838,0,134.68,NaN
17.7440,-0.101343,0.002707,0,134.68,NaN
17.7520,-0.101832,0.002438,0,134.68,NaN
17.7600,-0.102320,0.002095,0,134.68,NaN
17.7680,-0.103785,0.001776,0,134.68,NaN
17.7760,-0.103297,0.001520,0,134.68,NaN
17.7840,-0.101343,-0.003787,0,134.68,NaN
17.7920,-0.096947,-0.001805,0,134.68,NaN
17.8000,-0.094505,-0.000154,0,134.68,NaN
17.8080,-0.094017,0.000582,0,134.68,NaN
17.8160,-0.094505,0.000201,0,134.68,NaN
17.8240,-0.096459,-0.001109,0,134.68,NaN
17.8320,-0.096459,-0.002890,0,134.68,NaN
17.8400,-0.100855,-0.004534,0,134.68,NaN
17.8480,-0.100855,-0.005448,0,134.68,NaN
17.8560,-0.099878,-0.005293,0,134.68,NaN
17.8640,-0.098413,-0.004081,0,134.68,NaN
17.8720,-0.095971,-0.002075,0,134.68,NaN
17.8800,-0.093529,0.000344,0,134.68,NaN
17.8880,-0.094017,-0.005785,0,134.68,NaN
17.8960,-0.094505,-0.005894,0,134.68,NaN
17.9040,-0.094017,-0.006248,0,134.68,NaN
17.9120,-0.093529,-0.006544,0,134.68,NaN
17.9200,-0.093529,-0.006496,0,134.68,NaN
17.9280,-0.093529,-0.005890,0,134.68,NaN
17.9360,-0.091087,-0.004729,0,134.68,NaN
17.9440,-0.087668,-0.003334,0,134.68,NaN
17.9520,-0.085226,-0.002190,0,134.68,NaN
17.9600,-0.085226,-0.001636,0,134.68,NaN
17.9680,-0.085714,-0.001700,0,134.68,NaN
17.9760,-0.085714,-0.002194,0,134.68,NaN
17.9840,-0.085714,-0.002892,0,134.68,NaN
17.9920,-0.086203,0.007017,0,134.68,NaN
18.0000,-0.090110,0.005517,0,134.68,NaN
18.0080,-0.093040,0.003967,0,134.68,NaN
18.0160,-0.095482,0.002734,0,134.68,NaN
18.0240,-0.095971,0.002010,0,134.68,NaN
18.0320,-0.094505,0.001731,0,134.68,NaN
18.0400,-0.094994,0.001690,0,134.68,NaN
18.0480,-0.094994,0.001728,0,134.68,NaN
18.0560,-0.096459,0.001804,0,134.68,NaN
18.0640,-0.095971,0.001915,0,134.68,NaN
18.0720,-0.094017,0.001989,0,134.68,NaN
18.0800,-0.094505,0.001931,0,134.68,NaN
18.0880,-0.095482,0.001746,0,134.68,NaN
18.0960,-0.094505,-0.005484,0,134.68,NaN
18.1040,-0.093040,-0.004617,0,134.68,NaN
18.1120,-0.092063,-0.003509,0,134.68,NaN
18.1200,-0.088645,-0.002446,0,134.68,NaN
18.1280,-0.090110,-0.001684,0,134.68,NaN
18.1360,-0.088645,-0.001353,0,134.68,NaN
18.1440,-0.087179,-0.001488,0,134.68,NaN
18.1520,-0.089133,-0.002007,0,134.68,NaN
18.1600,-0.088156,-0.002669,0,134.68,NaN
18.1680,-0.090110,-0.003133,0,134.68,NaN
18.1760,-0.089621,-0.003111,0,134.68,NaN
18.1840,-0.088156,-0.002532,0,134.68,NaN
18.1920,-0.086691,-0.001594,0,134.68,NaN
18.2000,-0.087179,-0.001396,0,134.68,NaN
18.2080,-0.087668,-0.001494,0,134.68,NaN
18.2160,-0.088645,-0.001543,0,134.68,NaN
18.2240,-0.087179,-0.001406,0,134.68,NaN
18.2320,-0.086203,-0.001118,0,134.68,NaN
18.2400,-0.085714,-0.000807,0,134.68,NaN
18.2480,-0.085714,-0.000554,0,134.68,NaN
18.2560,-0.085714,-0.000359,0,134.68,NaN
18.2640,-0.085714,-0.000200,0,134.68,NaN
18.2720,-0.085226,-0.000098,0,134.68,NaN
18.2800,-0.084737,-0.000138,0,134.68,NaN
18.2880,-0.084737,-0.000386,0,134.68,NaN
18.2960,-0.085714,-0.000797,0,134.68,NaN
18.3040,-0.085714,0.001383,0,134.68,NaN
18.3120,-0.085714,0.000343,0,134.68,NaN
18.3200,-0.088645,-0.000659,0,134.68,NaN
18.3280,-0.090110,-0.001213,0,134.68,NaN
18.3360,-0.089133,-0.001076,0,134.68,NaN
18.3440,-0.086203,-0.000397,0,134.68,NaN
18.3520,-0.085714,0.000413,0,134.68,NaN
18.3600,-0.084737,0.000980,0,134.68,NaN
18.3680,-0.084737,0.001140,0,134.68,NaN
18.3760,-0.085226,0.000936,0,134.68,NaN
18.3840,-0.085714,0.000526,0,134.68,NaN
18.3920,-0.085714,0.000058,0,134.68,NaN
18.4000,-0.085714,-0.000404,0,134.68,NaN
18.4080,-0.085714,0.002140,0,134.68,NaN
18.4160,-0.085714,0.002897,0,134.68,NaN
18.4240,-0.082784,0.003733,0,134.68,NaN
18.4320,-0.080830,0.004241,0,134.68,NaN
18.4400,-0.083272,0.004182,0,134.68,NaN
18.4480,-0.084249,0.003655,0,134.68,NaN
18.4560,-0.084737,0.002927,0,134.68,NaN
18.4640,-0.085226,0.002211,0,134.68,NaN
18.4720,-0.085714,0.001624,0,134.68,NaN
18.4800,-0.085714,0.001241,0,134.68,NaN
18.4880,-0.086691,0.001139,0,134.68,NaN
18.4960,-0.087179,0.001369,0,134.68,NaN
18.5040,-0.085714,0.001847,0,134.68,NaN
18.5120,-0.082295,-0.020922,0,134.68,NaN
18.5200,-0.083272,-0.021179,0,134.68,NaN
18.5280,-0.082784,-0.021875,0,134.68,NaN
18.5360,-0.082784,-0.022958,0,134.68,NaN
18.5440,-0.083272,-0.024219,0,134.68,NaN
18.5520,-0.082295,-0.025308,0,134.68,NaN
18.5600,-0.083761,-0.025739,0,134.68,NaN
18.5680,-0.083272,-0.025014,0,134.68,NaN
18.5760,-0.079365,-0.022932,0,134.68,NaN
18.5840,-0.073016,-0.019813,0,134.68,NaN
18.5920,-0.067643,-0.016301,0,134.68,NaN
18.6000,-0.063736,-0.012921,0,134.68,NaN
18.6080,-0.060806,-0.009784,0,134.68,NaN
18.6160,-0.055433,-0.029569,0,134.68,NaN
18.6240,-0.053480,-0.029070,0,134.68,NaN
18.6320,-0.052991,-0.028697,0,134.68,NaN
18.6400,-0.050549,-0.027786,0,134.68,NaN
18.6480,-0.046154,-0.025930,0,134.68,NaN
18.6560,-0.039316,-0.023253,0,134.68,NaN
18.6640,-0.033455,-0.020313,0,134.68,NaN
18.6720,-0.027595,-0.017746,0,134.68,NaN
18.6800,-0.023687,-0.015904,0,134.68,NaN
18.6880,-0.022711,-0.014720,0,134.68,NaN
18.6960,-0.018315,-0.013907,0,134.68,NaN
18.7040,-0.013919,-0.013247,0,134.68,NaN
18.7120,-0.010989,-0.012666,0,134.68,NaN
18.7200,-0.012943,0.060287,0,134.68,NaN
18.7280,-0.018803,0.058602,0,134.68,NaN
18.7360,-0.023199,0.056896,0,134.68,NaN
18.7440,-0.023199,0.055982,0,134.68,NaN
18.7520,-0.021734,0.055888,0,134.68,NaN
18.7600,-0.021734,0.055976,0,134.68,NaN
18.7680,-0.022222,0.055385,0,134.68,NaN
18.7760,-0.023687,0.053445,0,134.68,NaN
18.7840,-0.030037,0.049911,0,134.68,NaN
18.7920,-0.034432,0.044973,0,134.68,NaN
18.8000,-0.041270,0.039076,0,134.68,NaN
18.8080,-0.049573,0.032722,0,134.68,NaN
18.8160,-0.054457,0.026265,0,134.68,NaN
18.8240,-0.061294,0.013634,0,134.68,NaN
18.8320,-0.067643,0.008456,0,134.68,NaN
18.8400,-0.070574,0.004093,0,134.68,NaN
18.8480,-0.075458,0.000484,0,134.68,NaN
18.8560,-0.078388,-0.002487,0,134.68,NaN
18.8640,-0.079365,-0.004888,0,134.68,NaN
18.8720,-0.084249,-0.006616,0,134.68,NaN
18.8800,-0.085714,-0.007405,0,134.68,NaN
18.8880,-0.085714,-0.007045,0,134.68,NaN
18.8960,-0.085714,-0.005615,0,134.68,NaN
18.9040,-0.081319,-0.003501,0,134.68,NaN
18.9120,-0.080830,-0.001166,0,134.68,NaN
18.9200,-0.080830,0.001159,0,134.68,NaN
18.9280,-0.082295,-0.019007,0,134.68,NaN
18.9360,-0.084249,-0.020062,0,134.68,NaN
18.9440,-0.084737,-0.021389,0,134.68,NaN
18.9520,-0.086203,-0.022536,0,134.68,NaN
18.9600,-0.090598,-0.022976,0,134.68,NaN
18.9680,-0.089133,-0.022297,0,134.68,NaN
18.9760,-0.088156,-0.020491,0,134.68,NaN
18.9840,-0.085714,-0.018002,0,134.68,NaN
18.9920,-0.083272,-0.015487,0,134.68,NaN
19.0000,-0.082784,-0.013486,0,134.68,NaN
19.0080,-0.084249,-0.012183,0,134.68,NaN
19.0160,-0.085714,-0.011421,0,134.68,NaN
19.0240,-0.086203,-0.010917,0,134.68,NaN
19.0320,-0.088645,-0.025040,0,134.68,NaN
19.0400,-0.090110,-0.024731,0,134.68,NaN
19.0480,-0.088156,-0.023545,0,134.68,NaN
19.0560,-0.085714,-0.021749,0,134.68,NaN
19.0640,-0.084737,-0.019874,0,134.68,NaN
19.0720,-0.082784,-0.018414,0,134.68,NaN
19.0800,-0.083272,-0.017571,0,134.68,NaN
19.0880,-0.085226,-0.017176,0,134.68,NaN
19.0960,-0.085714,-0.016837,0,134.68,NaN
19.1040,-0.083272,-0.016206,0,134.68,NaN
19.1120,-0.084737,-0.015074,0,134.68,NaN
19.1200,-0.083272,-0.013366,0,134.68,NaN
19.1280,-0.079853,-0.011248,0,134.68,NaN
19.1360,-0.077411,0.012678,0,134.68,NaN
19.1440,-0.076923,0.012818,0,134.68,NaN
19.1520,-0.078388,0.008986,0,134.68,NaN
19.1600,-0.088156,0.000001,0,134.68,NaN
19.1680,-0.101343,-0.014348,0,134.68,NaN
19.1760,-0.118437,-0.032954,0,134.68,NaN
19.1840,-0.138462,-0.053177,0,134.68,NaN
19.1920,-0.160440,-0.070844,0,134.68,NaN
19.2000,-0.175092,-0.080888,0,134.68,NaN
19.2080,-0.177534,-0.078745,0,134.68,NaN
19.2160,-0.163858,-0.062076,0,134.68,NaN
19.2240,-0.134554,-0.032150,0,134.68,NaN
19.2320,-0.088156,0.005776,0,134.68,NaN
19.2400,-0.028083,-0.563346,0,134.68,NaN
19.2480,0.052991,-0.502440,0,134.68,NaN
19.2560,0.155556,-0.418614,0,134.68,NaN
19.2640,0.283028,-0.312052,0,134.68,NaN
19.2720,0.425641,-0.186289,0,134.68,NaN
19.2800,0.575580,-0.049817,0,134.68,NaN
19.2880,0.734799,0.082207,0,134.68,NaN
19.2960,0.915018,0.188079,0,134.68,NaN
19.3040,1.000000,0.244423,1,134.68,NaN
19.3120,1.000000,0.233681,1,134.68,NaN
19.3200,1.000000,0.149086,0,134.68,NaN
19.3280,0.889133,-0.001724,0,134.68,NaN
19.3360,0.675214,-0.193091,0,134.68,NaN
19.3440,0.476923,0.532701,0,134.68,NaN
19.3520,0.293773,0.348970,0,134.68,NaN
19.3600,0.119902,0.180312,0,134.68,NaN
19.3680,-0.031990,0.040789,0,134.68,NaN
19.3760,-0.147741,-0.060369,0,134.68,NaN
19.3840,-0.212210,-0.119154,0,134.68,NaN
19.3920,-0.233700,-0.137403,0,134.68,NaN
19.4000,-0.218559,-0.122430,0,134.68,NaN
19.4080,-0.178022,-0.085376,0,134.68,NaN
19.4160,-0.125275,-0.038544,0,134.68,NaN
19.4240,-0.079365,0.007903,0,134.68,NaN
19.4320,-0.048107,0.048863,0,134.68,NaN
19.4400,-0.032967,0.085294,0,134.68,NaN
19.4480,-0.031502,0.042959,0,134.68,NaN
19.4560,-0.040293,0.040926,0,134.68,NaN
19.4640,-0.055922,0.031300,0,134.68,NaN
19.4720,-0.072527,0.018182,0,134.68,NaN
19.4800,-0.090110,0.004999,0,134.68,NaN
19.4880,-0.101343,-0.005902,0,134.68,NaN
19.4960,-0.110623,-0.013285,0,134.68,NaN
19.5040,-0.115995,-0.016779,0,134.68,NaN
19.5120,-0.116484,-0.016617,0,134.68,NaN
19.5200,-0.115507,-0.013443,0,134.68,NaN
19.5280,-0.110623,-0.008154,0,134.68,NaN
19.5360,-0.106716,-0.001661,0,134.68,NaN
19.5440,-0.106227,0.005362,0,134.68,NaN
19.5520,-0.108181,-0.262988,0,134.68,NaN
19.5600,-0.110134,-0.267340,0,134.68,NaN
19.5680,-0.114042,-0.269628,0,134.68,NaN
19.5760,-0.115995,-0.268464,0,134.68,NaN
19.5840,-0.116972,-0.262784,0,134.68,NaN
19.5920,-0.118437,-0.252104,0,134.68,NaN
19.6000,-0.116972,-0.236699,0,134.68,NaN
19.6080,-0.116972,-0.217688,0,134.68,NaN
19.6160,-0.112088,-0.196926,0,134.68,NaN
19.6240,-0.109646,-0.176585,0,134.68,NaN
19.6320,-0.108669,-0.158413,0,134.68,NaN
19.6400,-0.108669,-0.142998,0,134.68,NaN
19.6480,-0.108181,-0.129501,0,134.68,NaN
19.6560,-0.106716,0.004368,0,134.68,NaN
19.6640,-0.103785,0.010439,0,134.68,NaN
19.6720,-0.103785,0.013459,0,134.68,NaN
19.6800,-0.103297,0.014020,0,134.68,NaN
19.6880,-0.101832,0.012861,0,134.68,NaN
19.6960,-0.100855,0.010697,0,134.68,NaN
19.7040,-0.100855,0.008156,0,134.68,NaN
19.7120,-0.101343,0.005808,0,134.68,NaN
19.7200,-0.103297,0.004146,0,134.68,NaN
19.7280,-0.104274,0.003494,0,134.68,NaN
19.7360,-0.104762,0.003900,0,134.68,NaN
19.7440,-0.104762,0.005131,0,134.68,NaN
19.7520,-0.105250,0.006786,0,134.68,NaN
19.7600,-0.101832,-0.014360,0,134.68,NaN
19.7680,-0.099389,-0.011056,0,134.68,NaN
19.7760,-0.093529,-0.008087,0,134.68,NaN
19.7840,-0.091087,-0.006250,0,134.68,NaN
19.7920,-0.091087,-0.005940,0,134.68,NaN
19.8000,-0.091575,-0.006980,0,134.68,NaN
19.8080,-0.093040,-0.008762,0,134.68,NaN
19.8160,-0.093040,-0.010513,0,134.68,NaN
19.8240,-0.093529,-0.011506,0,134.68,NaN
19.8320,-0.092552,-0.011209,0,134.68,NaN
19.8400,-0.088645,-0.009418,0,134.68,NaN
19.8480,-0.085714,-0.006315,0,134.68,NaN
19.8560,-0.079365,-0.002446,0,134.68,NaN
19.8640,-0.076923,0.008524,0,134.68,NaN
19.8720,-0.075946,0.008988,0,134.68,NaN
19.8800,-0.077411,0.007997,0,134.68,NaN
19.8880,-0.078388,0.005988,0,134.68,NaN
19.8960,-0.078877,0.003592,0,134.68,NaN
19.9040,-0.081319,0.001497,0,134.68,NaN
19.9120,-0.082295,0.000325,0,134.68,NaN
19.9200,-0.080830,0.000400,0,134.68,NaN
19.9280,-0.078388,0.001540,0,134.68,NaN
19.9360,-0.073016,0.003100,0,134.68,NaN
19.9440,-0.070574,0.004330,0,134.68,NaN
19.9520,-0.070085,0.004841,0,134.68,NaN
19.9600,-0.070085,0.004797,0,134.68,NaN
19.9680,-0.070085,0.012136,0,134.68,NaN
19.9760,-0.068620,0.011473,0,134.68,NaN
19.9840,-0.070085,0.010818,0,134.68,NaN
19.9920,-0.070085,0.010470,0,134.68,NaN
20.0000,-0.069597,0.010605,0,134.68,NaN
20.0080,-0.067643,0.011119,0,134.68,NaN
20.0160,-0.065201,0.011637,0,134.68,NaN
20.0240,-0.064225,0.011723,0,134.68,NaN
20.0320,-0.064225,0.011139,0,134.68,NaN
20.0400,-0.065201,0.009965,0,134.68,NaN
20.0480,-0.067155,0.008503,0,134.68,NaN
20.0560,-0.066667,0.007041,0,134.68,NaN
20.0640,-0.066667,0.005663,0,134.68,NaN
20.0720,-0.063248,-0.000388,0,134.68,NaN
20.0800,-0.061294,0.001587,0,134.68,NaN
20.0880,-0.055922,0.004013,0,134.68,NaN
20.0960,-0.053480,0.006335,0,134.68,NaN
20.1040,-0.051038,0.008097,0,134.68,NaN
20.1120,-0.049573,0.009010,0,134.68,NaN
20.1200,-0.047131,0.008900,0,134.68,NaN
20.1280,-0.047131,0.007751,0,134.68,NaN
20.1360,-0.048107,0.005840,0,134.68,NaN
20.1440,-0.050061,0.003788,0,134.68,NaN
20.1520,-0.052991,0.002367,0,134.68,NaN
20.1600,-0.052503,0.002052,0,134.68,NaN
20.1680,-0.048107,0.002603,0,134.68,NaN
20.1760,-0.045665,0.000658,0,134.68,NaN
20.1840,-0.043712,0.001186,0,134.68,NaN
20.1920,-0.043712,0.000932,0,134.68,NaN
20.2000,-0.045665,-0.000070,0,134.68,NaN
20.2080,-0.044689,-0.001530,0,134.68,NaN
20.2160,-0.044689,-0.003119,0,134.68,NaN
20.2240,-0.045665,-0.004499,0,134.68,NaN
20.2320,-0.045665,-0.005301,0,134.68,NaN
20.2400,-0.045177,-0.005243,0,134.68,NaN
20.2480,-0.042247,-0.004289,0,134.68,NaN
20.2560,-0.038828,-0.002677,0,134.68,NaN
20.2640,-0.035409,-0.000757,0,134.68,NaN
20.2720,-0.033455,0.001230,0,134.68,NaN
20.2800,-0.031990,0.017710,0,134.68,NaN
20.2880,-0.028083,0.019483,0,134.68,NaN
20.2960,-0.026129,0.020676,0,134.68,NaN
20.3040,-0.026618,0.021305,0,134.68,NaN
20.3120,-0.026618,0.021560,0,134.68,NaN
20.3200,-0.026129,0.021617,0,134.68,NaN
20.3280,-0.025641,0.021420,0,134.68,NaN
20.3360,-0.023687,0.020690,0,134.68,NaN
20.3440,-0.024664,0.019184,0,134.68,NaN
20.3520,-0.029060,0.016989,0,134.68,NaN
20.3600,-0.030525,0.014513,0,134.68,NaN
20.3680,-0.033944,0.012157,0,134.68,NaN
20.3760,-0.033455,0.010018,0,134.68,NaN
20.3840,-0.035897,0.045170,0,134.68,NaN
20.3920,-0.037363,0.045470,0,134.68,NaN
20.4000,-0.038339,0.045811,0,134.68,NaN
20.4080,-0.038828,0.045722,0,134.68,NaN
20.4160,-0.040293,0.044687,0,134.68,NaN
20.4240,-0.045177,0.042427,0,134.68,NaN
20.4320,-0.051038,0.039098,0,134.68,NaN
20.4400,-0.057387,0.035189,0,134.68,NaN
20.4480,-0.062759,0.031273,0,134.68,NaN
20.4560,-0.068132,0.027784,0,134.68,NaN
20.4640,-0.072039,0.024934,0,134.68,NaN
20.4720,-0.076923,0.022705,0,134.68,NaN
20.4800,-0.079853,0.020879,0,134.68,NaN
20.4880,-0.079853,0.012575,0,134.68,NaN
20.4960,-0.082784,0.011573,0,134.68,NaN
20.5040,-0.085714,0.009844,0,134.68,NaN
20.5120,-0.091087,0.007320,0,134.68,NaN
20.5200,-0.096947,0.004369,0,134.68,NaN
20.5280,-0.101343,0.001600,0,134.68,NaN
20.5360,-0.106227,-0.000391,0,134.68,NaN
20.5440,-0.109158,-0.001227,0,134.68,NaN
20.5520,-0.110623,-0.000894,0,134.68,NaN
20.5600,-0.110623,0.000236,0,134.68,NaN
20.5680,-0.110623,0.001592,0,134.68,NaN
20.5760,-0.112088,0.002733,0,134.68,NaN
20.5840,-0.115507,0.003610,0,134.68,NaN
20.5920,-0.119414,-0.030442,0,134.68,NaN
20.6000,-0.123810,-0.032574,0,134.68,NaN
20.6080,-0.125763,-0.034173,0,134.68,NaN
20.6160,-0.127228,-0.034798,0,134.68,NaN
20.6240,-0.129182,-0.034130,0,134.68,NaN
20.6320,-0.129670,-0.032007,0,134.68,NaN
20.6400,-0.127228,-0.028607,0,134.68,NaN
20.6480,-0.123810,-0.024582,0,134.68,NaN
20.6560,-0.119414,-0.020895,0,134.68,NaN
20.6640,-0.118437,-0.018352,0,134.68,NaN
20.6720,-0.121368,-0.017169,0,134.68,NaN
20.6800,-0.124786,-0.016968,0,134.68,NaN
20.6880,-0.124786,-0.017195,0,134.68,NaN
20.6960,-0.125763,-0.028335,0,134.68,NaN
20.7040,-0.128205,-0.028007,0,134.68,NaN
20.7120,-0.127717,-0.026497,0,134.68,NaN
20.7200,-0.125275,-0.023860,0,134.68,NaN
20.7280,-0.121856,-0.020587,0,134.68,NaN
20.7360,-0.118437,-0.017407,0,134.68,NaN
20.7440,-0.116972,-0.014937,0,134.68,NaN
20.7520,-0.116972,-0.013436,0,134.68,NaN
20.7600,-0.116972,-0.012782,0,134.68,NaN
20.7680,-0.118437,-0.012645,0,134.68,NaN
20.7760,-0.117949,-0.012697,0,134.68,NaN
20.7840,-0.118437,-0.012753,0,134.68,NaN
20.7920,-0.118437,-0.012776,0,134.68,NaN
20.8000,-0.116484,-0.012736,0,134.68,NaN
20.8080,-0.114530,-0.010885,0,134.68,NaN
20.8160,-0.111600,-0.008963,0,134.68,NaN
20.8240,-0.110134,-0.007415,0,134.68,NaN
20.8320,-0.108181,-0.006563,0,134.68,NaN
20.8400,-0.108669,-0.006497,0,134.68,NaN
20.8480,-0.108181,-0.007045,0,134.68,NaN
20.8560,-0.108669,-0.007829,0,134.68,NaN
20.8640,-0.110134,-0.008353,0,134.68,NaN
20.8720,-0.109158,-0.008192,0,134.68,NaN
20.8800,-0.106716,-0.007197,0,134.68,NaN
20.8880,-0.103785,-0.005535,0,134.68,NaN
20.8960,-0.101343,-0.003535,0,134.68,NaN
20.9040,-0.101832,0.004697,0,134.68,NaN
20.9120,-0.101343,0.004266,0,134.68,NaN
20.9200,-0.101832,0.002985,0,134.68,NaN
20.9280,-0.102320,0.001059,0,134.68,NaN
20.9360,-0.104274,-0.001120,0,134.68,NaN
20.9440,-0.106227,-0.002961,0,134.68,NaN
20.9520,-0.108669,-0.003858,0,134.68,NaN
20.9600,-0.106716,-0.003562,0,134.68,NaN
20.9680,-0.101343,-0.002399,0,134.68,NaN
20.9760,-0.099389,-0.001009,0,134.68,NaN
20.9840,-0.099389,0.000183,0,134.68,NaN
20.9920,-0.098413,0.001143,0,134.68,NaN
21.0000,-0.095971,0.001998,0,134.68,NaN
21.0080,-0.096947,0.018139,0,134.68,NaN
21.0160,-0.098901,0.017018,0,134.68,NaN
21.0240,-0.101343,0.015783,0,134.68,NaN
21.0320,-0.101832,0.014914,0,134.68,NaN
21.0400,-0.102320,0.014603,0,134.68,NaN
21.0480,-0.100855,0.014681,0,134.68,NaN
21.0560,-0.100855,0.014758,0,134.68,NaN
21.0640,-0.101343,0.014446,0,134.68,NaN
21.0720,-0.101343,0.013541,0,134.68,NaN
21.0800,-0.104762,0.012105,0,134.68,NaN
21.0880,-0.106227,0.010415,0,134.68,NaN
21.0960,-0.109158,0.008764,0,134.68,NaN
21.1040,-0.109158,0.007247,0,134.68,NaN
21.1120,-0.110134,-0.005701,0,134.68,NaN
21.1200,-0.108181,-0.004581,0,134.68,NaN
21.1280,-0.103785,-0.002982,0,134.68,NaN
21.1360,-0.101832,-0.001638,0,134.68,NaN
21.1440,-0.102320,-0.001042,0,134.68,NaN
21.1520,-0.102808,-0.001241,0,134.68,NaN
21.1600,-0.103785,-0.001967,0,134.68,NaN
21.1680,-0.103297,-0.002854,0,134.68,NaN
21.1760,-0.104762,-0.003530,0,134.68,NaN
21.1840,-0.105739,-0.003686,0,134.68,NaN
21.1920,-0.103785,-0.003215,0,134.68,NaN
21.2000,-0.101343,-0.002281,0,134.68,NaN
21.2080,-0.101343,-0.001151,0,134.68,NaN
21.2160,-0.101343,-0.000685,0,134.68,NaN
21.2240,-0.103785,-0.002287,0,134.68,NaN
21.2320,-0.106227,-0.004657,0,134.68,NaN
21.2400,-0.108669,-0.007381,0,134.68,NaN
21.2480,-0.109646,-0.009947,0,134.68,NaN
21.2560,-0.113553,-0.011749,0,134.68,NaN
21.2640,-0.114530,-0.012179,0,134.68,NaN
21.2720,-0.114530,-0.010967,0,134.68,NaN
21.2800,-0.108181,-0.008504,0,134.68,NaN
21.2880,-0.104274,-0.005734,0,134.68,NaN
21.2960,-0.101832,-0.003599,0,134.68,NaN
21.3040,-0.101832,-0.002492,0,134.68,NaN
21.3120,-0.102808,-0.002121,0,134.68,NaN
21.3200,-0.103785,0.002686,0,134.68,NaN
21.3280,-0.104274,0.001537,0,134.68,NaN
21.3360,-0.106227,0.000517,0,134.68,NaN
21.3440,-0.107692,0.000119,0,134.68,NaN
21.3520,-0.108181,0.000638,0,134.68,NaN
21.3600,-0.104762,0.001942,0,134.68,NaN
21.3680,-0.101832,0.003482,0,134.68,NaN
21.3760,-0.101343,0.004630,0,134.68,NaN
21.3840,-0.101832,0.005005,0,134.68,NaN
21.3920,-0.101832,0.004549,0,134.68,NaN
21.4000,-0.104274,0.003412,0,134.68,NaN
21.4080,-0.104762,0.001829,0,134.68,NaN
21.4160,-0.106716,0.000032,0,134.68,NaN
21.4240,-0.109646,-0.009299,0,134.68,NaN
21.4320,-0.110134,-0.009504,0,134.68,NaN
21.4400,-0.106716,-0.008670,0,134.68,NaN
21.4480,-0.103785,-0.007271,0,134.68,NaN
21.4560,-0.101832,-0.005898,0,134.68,NaN
21.4640,-0.102320,-0.004890,0,134.68,NaN
21.4720,-0.101343,-0.004281,0,134.68,NaN
21.4800,-0.101343,-0.003987,0,134.68,NaN
21.4880,-0.098413,-0.003958,0,134.68,NaN
21.4960,-0.099878,-0.004122,0,134.68,NaN
21.5040,-0.100855,-0.004286,0,134.68,NaN
21.5120,-0.100366,-0.004252,0,134.68,NaN
21.5200,-0.098901,-0.004019,0,134.68,NaN
21.5280,-0.098413,-0.002325,0,134.68,NaN
21.5360,-0.098901,-0.002787,0,134.68,NaN
21.5440,-0.100855,-0.003461,0,134.68,NaN
21.5520,-0.100855,-0.004215,0,134.68,NaN
21.5600,-0.100366,-0.004908,0,134.68,NaN
21.5680,-0.101343,-0.005398,0,134.68,NaN
21.5760,-0.101343,-0.005506,0,134.68,NaN
21.5840,-0.101343,-0.005091,0,134.68,NaN
21.5920,-0.098901,-0.004192,0,134.68,NaN
21.6000,-0.094994,-0.003091,0,134.68,NaN
21.6080,-0.092552,-0.002175,0,134.68,NaN
21.6160,-0.092063,-0.001669,0,134.68,NaN
21.6240,-0.092552,-0.001488,0,134.68,NaN
21.6320,-0.094505,0.007502,0,134.68,NaN
21.6400,-0.095971,0.005409,0,134.68,NaN
21.6480,-0.099878,0.003246,0,134.68,NaN
21.6560,-0.101343,0.001601,0,134.68,NaN
21.6640,-0.101343,0.000818,0,134.68,NaN
21.6720,-0.101343,0.000889,0,134.68,NaN
21.6800,-0.100855,0.001514,0,134.68,NaN
21.6880,-0.097924,0.002233,0,134.68,NaN
21.6960,-0.098413,0.002646,0,134.68,NaN
21.7040,-0.099878,0.002625,0,134.68,NaN
21.7120,-0.099878,0.002295,0,134.68,NaN
21.7200,-0.100366,0.001832,0,134.68,NaN
21.7280,-0.100366,0.001336,0,134.68,NaN
21.7360,-0.101343,-0.005052,0,134.68,NaN
21.7440,-0.100366,-0.003735,0,134.68,NaN
21.7520,-0.096459,-0.001603,0,134.68,NaN
21.7600,-0.092552,0.000722,0,134.68,NaN
21.7680,-0.090110,0.002459,0,134.68,NaN
21.7760,-0.089133,0.003081,0,134.68,NaN
21.7840,-0.091087,0.002555,0,134.68,NaN
21.7920,-0.093040,0.001274,0,134.68,NaN
21.8000,-0.093040,-0.000221,0,134.68,NaN
21.8080,-0.094505,-0.001434,0,134.68,NaN
21.8160,-0.095971,-0.001972,0,134.68,NaN
21.8240,-0.095971,-0.001668,0,134.68,NaN
21.8320,-0.093040,-0.000759,0,134.68,NaN
21.8400,-0.090110,0.001639,0,134.68,NaN
21.8480,-0.087179,0.003131,0,134.68,NaN
21.8560,-0.086203,0.003580,0,134.68,NaN
21.8640,-0.088645,0.002831,0,134.68,NaN
21.8720,-0.090110,0.001219,0,134.68,NaN
21.8800,-0.092552,-0.000671,0,134.68,NaN
21.8880,-0.093040,-0.002283,0,134.68,NaN
21.8960,-0.094017,-0.003217,0,134.68,NaN
21.9040,-0.094994,-0.003269,0,134.68,NaN
21.9120,-0.092552,-0.002473,0,134.68,NaN
21.9200,-0.091087,-0.001102,0,134.68,NaN
21.9280,-0.088645,0.000507,0,134.68,NaN
21.9360,-0.088156,0.002149,0,134.68,NaN
21.9440,-0.088645,0.004919,0,134.68,NaN
21.9520,-0.089133,0.004145,0,134.68,NaN
21.9600,-0.090110,0.002875,0,134.68,NaN
21.9680,-0.093040,0.001563,0,134.68,NaN
21.9760,-0.093529,0.000666,0,134.68,NaN
21.9840,-0.094017,0.000419,0,134.68,NaN
21.9920,-0.092063,0.000699,0,134.68,NaN
22.0000,-0.091087,0.001124,0,134.68,NaN
22.0080,-0.090110,0.001329,0,134.68,NaN
22.0160,-0.091087,0.001218,0,134.68,NaN
22.0240,-0.093040,0.001017,0,134.68,NaN
22.0320,-0.093040,0.001021,0,134.68,NaN
22.0400,-0.091087,0.001277,0,134.68,NaN
22.0480,-0.090598,0.000308,0,134.68,NaN
22.0560,-0.089133,0.001707,0,134.68,NaN
22.0640,-0.086691,0.003190,0,134.68,NaN
22.0720,-0.085714,0.004419,0,134.68,NaN
22.0800,-0.085226,0.005133,0,134.68,NaN
22.0880,-0.085226,0.005211,0,134.68,NaN
22.0960,-0.085714,0.004668,0,134.68,NaN
22.1040,-0.086203,0.003636,0,134.68,NaN
22.1120,-0.088156,0.002385,0,134.68,NaN
22.1200,-0.089133,0.001289,0,134.68,NaN
22.1280,-0.090598,0.000725,0,134.68,NaN
22.1360,-0.091087,0.000877,0,134.68,NaN
22.1440,-0.088645,0.001556,0,134.68,NaN
22.1520,-0.087179,-0.000352,0,134.68,NaN
22.1600,-0.084249,0.001754,0,134.68,NaN
22.1680,-0.082295,0.003534,0,134.68,NaN
22.1760,-0.080830,0.004510,0,134.68,NaN
22.1840,-0.082295,0.004432,0,134.68,NaN
22.1920,-0.081319,0.003304,0,134.68,NaN
22.2000,-0.084249,0.001366,0,134.68,NaN
22.2080,-0.085714,-0.000888,0,134.68,NaN
22.2160,-0.089133,-0.002754,0,134.68,NaN
22.2240,-0.090598,-0.003533,0,134.68,NaN
22.2320,-0.089133,-0.002850,0,134.68,NaN
22.2400,-0.086203,-0.000838,0,134.68,NaN
22.2480,-0.083272,0.001939,0,134.68,NaN
22.2560,-0.082784,-0.025796,0,134.68,NaN
22.2640,-0.082784,-0.026996,0,134.68,NaN
22.2720,-0.084249,-0.028934,0,134.68,NaN
22.2800,-0.084737,-0.031042,0,134.68,NaN
22.2880,-0.085714,-0.032560,0,134.68,NaN
22.2960,-0.085714,-0.032752,0,134.68,NaN
22.3040,-0.083272,-0.031210,0,134.68,NaN
22.3120,-0.076435,-0.028116,0,134.68,NaN
22.3200,-0.070085,-0.024189,0,134.68,NaN
22.3280,-0.064713,-0.020308,0,134.68,NaN
22.3360,-0.059829,-0.017113,0,134.68,NaN
22.3440,-0.055922,-0.014804,0,134.68,NaN
22.3520,-0.053968,-0.013111,0,134.68,NaN
22.3600,-0.052015,-0.036247,0,134.68,NaN
22.3680,-0.051038,-0.036665,0,134.68,NaN
22.3760,-0.048107,-0.036450,0,134.68,NaN
22.3840,-0.045177,-0.035306,0,134.68,NaN
22.3920,-0.038339,-0.033398,0,134.68,NaN
22.4000,-0.031502,-0.031254,0,134.68,NaN
22.4080,-0.027595,-0.029367,0,134.68,NaN
22.4160,-0.024176,-0.027842,0,134.68,NaN
22.4240,-0.020757,-0.026412,0,134.68,NaN
22.4320,-0.014408,-0.024706,0,134.68,NaN
22.4400,-0.010012,-0.022439,0,134.68,NaN
22.4480,-0.005128,-0.019502,0,134.68,NaN
22.4560,0.003663,-0.016094,0,134.68,NaN
22.4640,0.005617,0.069116,0,134.68,NaN
22.4720,-0.000244,0.068411,0,134.68,NaN
22.4800,-0.004640,0.066064,0,134.68,NaN
22.4880,-0.007570,0.063071,0,134.68,NaN
22.4960,-0.010501,0.060022,0,134.68,NaN
22.5040,-0.011966,0.056957,0,134.68,NaN
22.5120,-0.014896,0.053609,0,134.68,NaN
22.5200,-0.019780,0.049772,0,134.68,NaN
22.5280,-0.023687,0.045518,0,134.68,NaN
22.5360,-0.029548,0.041183,0,134.68,NaN
22.5440,-0.034432,0.037204,0,134.68,NaN
22.5520,-0.038339,0.033847,0,134.68,NaN
22.5600,-0.039805,0.030987,0,134.68,NaN
22.5680,-0.045665,0.032031,0,134.68,NaN
22.5760,-0.053480,0.027758,0,134.68,NaN
22.5840,-0.057387,0.023689,0,134.68,NaN
22.5920,-0.061294,0.020140,0,134.68,NaN
22.6000,-0.064225,0.017243,0,134.68,NaN
22.6080,-0.068620,0.015041,0,134.68,NaN
22.6160,-0.070085,0.013544,0,134.68,NaN
22.6240,-0.073016,0.012685,0,134.68,NaN
22.6320,-0.074481,0.012290,0,134.68,NaN
22.6400,-0.075458,0.012065,0,134.68,NaN
22.6480,-0.076435,0.011673,0,134.68,NaN
22.6560,-0.079365,0.010922,0,134.68,NaN
22.6640,-0.082784,0.009905,0,134.68,NaN
22.6720,-0.084737,-0.027549,0,134.68,NaN
22.6800,-0.086203,-0.029424,0,134.68,NaN
22.6880,-0.090110,-0.030316,0,134.68,NaN
22.6960,-0.090598,-0.029817,0,134.68,NaN
22.7040,-0.087179,-0.027912,0,134.68,NaN
22.7120,-0.084737,-0.025051,0,134.68,NaN
22.7200,-0.082784,-0.021890,0,134.68,NaN
22.7280,-0.080342,-0.019012,0,134.68,NaN
22.7360,-0.080830,-0.016803,0,134.68,NaN
22.7440,-0.079365,-0.015448,0,134.68,NaN
22.7520,-0.080830,-0.014941,0,134.68,NaN
22.7600,-0.084249,-0.015072,0,134.68,NaN
22.7680,-0.085714,-0.015516,0,134.68,NaN
22.7760,-0.085714,-0.018197,0,134.68,NaN
22.7840,-0.085714,-0.016480,0,134.68,NaN
22.7920,-0.084737,-0.013875,0,134.68,NaN
22.8000,-0.080830,-0.010805,0,134.68,NaN
22.8080,-0.079365,-0.007863,0,134.68,NaN
22.8160,-0.078877,-0.005569,0,134.68,NaN
22.8240,-0.078388,-0.004216,0,134.68,NaN
22.8320,-0.078877,-0.003856,0,134.68,NaN
22.8400,-0.080830,-0.004300,0,134.68,NaN
22.8480,-0.083761,-0.005145,0,134.68,NaN
22.8560,-0.086203,-0.005958,0,134.68,NaN
22.8640,-0.085714,-0.006521,0,134.68,NaN
22.8720,-0.087179,-0.006891,0,134.68,NaN
22.8800,-0.085714,-0.018384,0,134.68,NaN
22.8880,-0.085714,-0.019809,0,134.68,NaN
22.8960,-0.087179,-0.024473,0,134.68,NaN
22.9040,-0.095971,-0.033793,0,134.68,NaN
22.9120,-0.106227,-0.048220,0,134.68,NaN
22.9200,-0.124298,-0.066640,0,134.68,NaN
22.9280,-0.145788,-0.086049,0,134.68,NaN
22.9360,-0.163858,-0.101878,0,134.68,NaN
22.9440,-0.174603,-0.109057,0,134.68,NaN
22.9520,-0.169719,-0.103481,0,134.68,NaN
22.9600,-0.152625,-0.083386,0,134.68,NaN
22.9680,-0.119414,-0.050356,0,134.68,NaN
22.9760,-0.069597,-0.009605,0,134.68,NaN
22.9840,-0.000733,-0.488780,0,134.68,NaN
22.9920,0.089133,-0.416778,0,134.68,NaN
23.0000,0.200977,-0.321017,0,134.68,NaN
23.0080,0.336264,-0.202544,0,134.68,NaN
23.0160,0.481807,-0.066244,0,134.68,NaN
23.0240,0.634188,0.077026,0,134.68,NaN
23.0320,0.818315,0.208644,0,134.68,NaN
23.0400,1.000000,0.304699,0,134.68,NaN
23.0480,1.000000,0.344216,1,134.68,NaN
23.0560,1.000000,0.315401,1,134.68,NaN
23.0640,1.000000,0.215552,0,134.68,NaN
23.0720,0.861294,0.052875,0,134.68,NaN
23.0800,0.642491,-0.148286,0,134.68,NaN
23.0880,0.437363,0.461942,0,134.68,NaN
23.0960,0.241026,0.267468,0,134.68,NaN
23.1040,0.060317,0.094011,0,134.68,NaN
23.1120,-0.087179,-0.042357,0,134.68,NaN
23.1200,-0.183883,-0.132184,0,134.68,NaN
23.1280,-0.225885,-0.173679,0,134.68,NaN
23.1360,-0.221490,-0.172760,0,134.68,NaN
23.1440,-0.184371,-0.141416,0,134.68,NaN
23.1520,-0.132112,-0.094595,0,134.68,NaN
23.1600,-0.079365,-0.046407,0,134.68,NaN
23.1680,-0.043223,-0.006553,0,134.68,NaN
23.1760,-0.023199,0.021982,0,134.68,NaN
23.1840,-0.020757,0.042994,0,134.68,NaN
23.1920,-0.028083,0.039612,0,134.68,NaN
23.2000,-0.045177,0.028934,0,134.68,NaN
23.2080,-0.065201,0.013862,0,134.68,NaN
23.2160,-0.085714,-0.001392,0,134.68,NaN
23.2240,-0.098413,-0.013917,0,134.68,NaN
23.2320,-0.107692,-0.022348,0,134.68,NaN
23.2400,-0.111600,-0.026543,0,134.68,NaN
23.2480,-0.115507,-0.027002,0,134.68,NaN
23.2560,-0.114042,-0.024499,0,134.68,NaN
23.2640,-0.109158,-0.019985,0,134.68,NaN
23.2720,-0.106227,-0.014452,0,134.68,NaN
23.2800,-0.101832,-0.008649,0,134.68,NaN
23.2880,-0.103785,-0.002843,0,134.68,NaN
23.2960,-0.104274,-0.268728,0,134.68,NaN
23.3040,-0.106227,-0.271669,0,134.68,NaN
23.3120,-0.105739,-0.272107,0,134.68,NaN
23.3200,-0.107204,-0.269140,0,134.68,NaN
23.3280,-0.110134,-0.262053,0,134.68,NaN
23.3360,-0.111111,-0.250535,0,134.68,NaN
23.3440,-0.109646,-0.235005,0,134.68,NaN
23.3520,-0.109158,-0.216624,0,134.68,NaN
23.3600,-0.108181,-0.196966,0,134.68,NaN
23.3680,-0.106716,-0.177649,0,134.68,NaN
23.3760,-0.104274,-0.159975,0,134.68,NaN
23.3840,-0.102808,-0.144434,0,134.68,NaN
23.3920,-0.099878,-0.130418,0,134.68,NaN
23.4000,-0.098901,-0.002671,0,134.68,NaN
23.4080,-0.098901,0.001256,0,134.68,NaN
23.4160,-0.098901,0.002118,0,134.68,NaN
23.4240,-0.099389,0.001051,0,134.68,NaN
23.4320,-0.096459,-0.000880,0,134.68,NaN
23.4400,-0.094994,-0.002877,0,134.68,NaN
23.4480,-0.095971,-0.004388,0,134.68,NaN
23.4560,-0.093529,-0.005104,0,134.68,NaN
23.4640,-0.093040,-0.004981,0,134.68,NaN
23.4720,-0.093040,-0.004135,0,134.68,NaN
23.4800,-0.093529,-0.002689,0,134.68,NaN
23.4880,-0.093529,-0.000763,0,134.68,NaN
23.4960,-0.092063,0.001440,0,134.68,NaN
23.5040,-0.090598,-0.009846,0,134.68,NaN
23.5120,-0.088156,-0.009586,0,134.68,NaN
23.5200,-0.088645,-0.010508,0,134.68,NaN
23.5280,-0.092552,-0.012407,0,134.68,NaN
23.5360,-0.093529,-0.014660,0,134.68,NaN
23.5440,-0.093529,-0.016591,0,134.68,NaN
23.5520,-0.093040,-0.017697,0,134.68,NaN
23.5600,-0.092552,-0.017651,0,134.68,NaN
23.5680,-0.090110,-0.016312,0,134.68,NaN
23.5760,-0.085714,-0.013826,0,134.68,NaN
23.5840,-0.079365,-0.010604,0,134.68,NaN
23.5920,-0.075946,-0.007090,0,134.68,NaN
23.6000,-0.071551,-0.003535,0,134.68,NaN
23.6080,-0.072039,0.009978,0,134.68,NaN
23.6160,-0.072527,0.009065,0,134.68,NaN
23.6240,-0.072527,0.007121,0,134.68,NaN
23.6320,-0.075458,0.004809,0,134.68,NaN
23.6400,-0.076923,0.002877,0,134.68,NaN
23.6480,-0.078388,0.001899,0,134.68,NaN
23.6560,-0.074481,0.001989,0,134.68,NaN
23.6640,-0.072527,0.002764,0,134.68,NaN
23.6720,-0.069597,0.003642,0,134.68,NaN
23.6800,-0.068620,0.004208,0,134.68,NaN
23.6880,-0.068620,0.004380,0,134.68,NaN
23.6960,-0.068620,0.004323,0,134.68,NaN
23.7040,-0.066667,0.004205,0,134.68,NaN
23.7120,-0.065201,0.011933,0,134.68,NaN
23.7200,-0.065201,0.012562,0,134.68,NaN
23.7280,-0.064713,0.013645,0,134.68,NaN
23.7360,-0.062759,0.015192,0,134.68,NaN
23.7440,-0.057875,0.016846,0,134.68,NaN
23.7520,-0.056899,0.017983,0,134.68,NaN
23.7600,-0.054945,0.018045,0,134.68,NaN
23.7680,-0.055922,0.016825,0,134.68,NaN
23.7760,-0.058852,0.014590,0,134.68,NaN
23.7840,-0.061783,0.011971,0,134.68,NaN
23.7920,-0.063736,0.009645,0,134.68,NaN
23.8000,-0.065201,0.007978,0,134.68,NaN
23.8080,-0.063736,0.006837,0,134.68,NaN
23.8160,-0.060806,-0.008563,0,134.68,NaN
23.8240,-0.053480,-0.005749,0,134.68,NaN
23.8320,-0.049084,-0.003469,0,134.68,NaN
23.8400,-0.046154,-0.002865,0,134.68,NaN
23.8480,-0.047131,-0.004384,0,134.68,NaN
23.8560,-0.049573,-0.007586,0,134.68,NaN
23.8640,-0.054457,-0.011344,0,134.68,NaN
23.8720,-0.054945,-0.014316,0,134.68,NaN
23.8800,-0.054945,-0.015431,0,134.68,NaN
23.8880,-0.053968,-0.014177,0,134.68,NaN
23.8960,-0.045177,-0.010726,0,134.68,NaN
23.9040,-0.038828,-0.005790,0,134.68,NaN
23.9120,-0.033455,-0.000194,0,134.68,NaN
23.9200,-0.033944,0.005485,0,134.68,NaN
23.9280,-0.032967,0.005767,0,134.68,NaN
23.9360,-0.032479,0.004982,0,134.68,NaN
23.9440,-0.032479,0.003639,0,134.68,NaN
23.9520,-0.033455,0.002208,0,134.68,NaN
23.9600,-0.032479,0.001045,0,134.68,NaN
23.9680,-0.032479,0.000347,0,134.68,NaN
23.9760,-0.031013,0.000144,0,134.68,NaN
23.9840,-0.030037,0.000326,0,134.68,NaN
23.9920,-0.025641,0.000721,0,134.68,NaN
24.0000,-0.027595,0.001250,0,134.68,NaN
24.0080,-0.025153,0.001963,0,134.68,NaN
24.0160,-0.022222,0.002847,0,134.68,NaN
24.0240,-0.020757,0.009410,0,134.68,NaN
24.0320,-0.018315,0.010465,0,134.68,NaN
24.0400,-0.017827,0.011567,0,134.68,NaN
24.0480,-0.015873,0.012779,0,134.68,NaN
24.0560,-0.014408,0.014005,0,134.68,NaN
24.0640,-0.009035,0.014916,0,134.68,NaN
24.0720,-0.010012,0.015144,0,134.68,NaN
24.0800,-0.009524,0.014581,0,134.68,NaN
24.0880,-0.010989,0.013411,0,134.68,NaN
24.0960,-0.011966,0.011889,0,134.68,NaN
24.1040,-0.010012,0.010119,0,134.68,NaN
24.1120,-0.010989,0.008068,0,134.68,NaN
24.1200,-0.012943,0.005789,0,134.68,NaN
24.1280,-0.013919,0.052085,0,134.68,NaN
24.1360,-0.013919,0.052058,0,134.68,NaN
24.1440,-0.015873,0.051338,0,134.68,NaN
24.1520,-0.017338,0.049559,0,134.68,NaN
24.1600,-0.023199,0.046619,0,134.68,NaN
24.1680,-0.029060,0.042773,0,134.68,NaN
24.1760,-0.033944,0.038468,0,134.68,NaN
24.1840,-0.038828,0.034145,0,134.68,NaN
24.1920,-0.044200,0.030208,0,134.68,NaN
24.2000,-0.049573,0.027057,0,134.68,NaN
24.2080,-0.053968,0.025000,0,134.68,NaN
24.2160,-0.056410,0.024057,0,134.68,NaN
24.2240,-0.057387,0.023844,0,134.68,NaN
24.2320,-0.060806,0.026436,0,134.68,NaN
24.2400,-0.067155,0.024539,0,134.68,NaN
24.2480,-0.070574,0.022098,0,134.68,NaN
24.2560,-0.075946,0.019334,0,134.68,NaN
24.2640,-0.081319,0.016561,0,134.68,NaN
24.2720,-0.085714,0.014159,0,134.68,NaN
24.2800,-0.092063,0.012493,0,134.68,NaN
24.2880,-0.094994,0.011726,0,134.68,NaN
24.2960,-0.095971,0.011626,0,134.68,NaN
24.3040,-0.097924,0.011639,0,134.68,NaN
24.3120,-0.101343,0.011241,0,134.68,NaN
24.3200,-0.105739,0.010236,0,134.68,NaN
24.3280,-0.111111,0.008824,0,134.68,NaN
24.3360,-0.114042,-0.030169,0,134.68,NaN
24.3440,-0.117460,-0.032158,0,134.68,NaN
24.3520,-0.119414,-0.033261,0,134.68,NaN
24.3600,-0.123810,-0.033124,0,134.68,NaN
24.3680,-0.123810,-0.031522,0,134.68,NaN
24.3760,-0.121856,-0.028634,0,134.68,NaN
24.3840,-0.118437,-0.025088,0,134.68,NaN
24.3920,-0.117949,-0.021660,0,134.68,NaN
24.4000,-0.117460,-0.018941,0,134.68,NaN
24.4080,-0.117949,-0.017216,0,134.68,NaN
24.4160,-0.119902,-0.016489,0,134.68,NaN
24.4240,-0.122344,-0.016544,0,134.68,NaN
24.4320,-0.125275,-0.017017,0,134.68,NaN
24.4400,-0.127228,-0.037838,0,134.68,NaN
24.4480,-0.125763,-0.037040,0,134.68,NaN
24.4560,-0.127228,-0.035357,0,134.68,NaN
24.4640,-0.122344,-0.033237,0,134.68,NaN
24.4720,-0.121368,-0.031230,0,134.68,NaN
24.4800,-0.122344,-0.029620,0,134.68,NaN
24.4880,-0.122833,-0.028291,0,134.68,NaN
24.4960,-0.122344,-0.026965,0,134.68,NaN
24.5040,-0.119902,-0.025464,0,134.68,NaN
24.5120,-0.119414,-0.023723,0,134.68,NaN
24.5200,-0.118926,-0.021690,0,134.68,NaN
24.5280,-0.116972,-0.019336,0,134.68,NaN
24.5360,-0.114530,-0.016764,0,134.68,NaN
24.5440,-0.111600,-0.004196,0,134.68,NaN
24.5520,-0.110623,-0.002215,0,134.68,NaN
24.5600,-0.109158,-0.001123,0,134.68,NaN
24.5680,-0.110623,-0.000957,0,134.68,NaN
24.5760,-0.110623,-0.001503,0,134.68,NaN
24.5840,-0.112088,-0.002348,0,134.68,NaN
24.5920,-0.114042,-0.002959,0,134.68,NaN
24.6000,-0.115507,-0.002883,0,134.68,NaN
24.6080,-0.112576,-0.002042,0,134.68,NaN
24.6160,-0.110623,-0.000834,0,134.68,NaN
24.6240,-0.108669,0.000111,0,134.68,NaN
24.6320,-0.106716,0.000359,0,134.68,NaN
24.6400,-0.109646,0.000004,0,134.68,NaN
24.6480,-0.109158,0.010801,0,134.68,NaN
24.6560,-0.108181,0.011245,0,134.68,NaN
24.6640,-0.106716,0.011788,0,134.68,NaN
24.6720,-0.106716,0.012301,0,134.68,NaN
24.6800,-0.106227,0.012606,0,134.68,NaN
24.6880,-0.106227,0.012512,0,134.68,NaN
24.6960,-0.105739,0.011838,0,134.68,NaN
24.7040,-0.106716,0.010549,0,134.68,NaN
24.7120,-0.110134,0.008904,0,134.68,NaN
24.7200,-0.113065,0.007386,0,134.68,NaN
24.7280,-0.112576,0.006382,0,134.68,NaN
24.7360,-0.112088,0.005939,0,134.68,NaN
24.7440,-0.112088,0.005825,0,134.68,NaN
24.7520,-0.112088,0.003506,0,134.68,NaN
24.7600,-0.113553,0.004042,0,134.68,NaN
24.7680,-0.111600,0.004988,0,134.68,NaN
24.7760,-0.109158,0.006030,0,134.68,NaN
24.7840,-0.106716,0.006650,0,134.68,NaN
24.7920,-0.107692,0.006480,0,134.68,NaN
24.8000,-0.110134,0.005562,0,134.68,NaN
24.8080,-0.110623,0.004250,0,134.68,NaN
24.8160,-0.111600,0.002969,0,134.68,NaN
24.8240,-0.114042,0.002069,0,134.68,NaN
24.8320,-0.112576,0.001730,0,134.68,NaN
24.8400,-0.112576,0.001895,0,134.68,NaN
24.8480,-0.112088,0.002341,0,134.68,NaN
24.8560,-0.110623,-0.003385,0,134.68,NaN
24.8640,-0.109646,-0.004156,0,134.68,NaN
24.8720,-0.113553,-0.005794,0,134.68,NaN
24.8800,-0.115507,-0.008000,0,134.68,NaN
24.8880,-0.117460,-0.010245,0,134.68,NaN
24.8960,-0.118437,-0.011986,0,134.68,NaN
24.9040,-0.120391,-0.012762,0,134.68,NaN
24.9120,-0.118926,-0.012294,0,134.68,NaN
24.9200,-0.117949,-0.010625,0,134.68,NaN
24.9280,-0.114042,-0.008198,0,134.68,NaN
24.9360,-0.108669,-0.005730,0,134.68,NaN
24.9440,-0.106716,-0.003800,0,134.68,NaN
24.9520,-0.107692,-0.002418,0,134.68,NaN
24.9600,-0.108669,-0.001382,0,134.68,NaN
24.9680,-0.109646,-0.002926,0,134.68,NaN
24.9760,-0.111111,-0.004519,0,134.68,NaN
24.9840,-0.113553,-0.005405,0,134.68,NaN
24.9920,-0.113553,-0.004966,0,134.68,NaN
25.0000,-0.111600,-0.003047,0,134.68,NaN
25.0080,-0.106227,-0.000148,0,134.68,NaN
25.0160,-0.101832,0.002746,0,134.68,NaN
25.0240,-0.099878,0.004641,0,134.68,NaN
25.0320,-0.099878,0.004959,0,134.68,NaN
25.0400,-0.101343,0.003644,0,134.68,NaN
25.0480,-0.103785,0.001051,0,134.68,NaN
25.0560,-0.106716,-0.002231,0,134.68,NaN
25.0640,-0.106716,0.002800,0,134.68,NaN
25.0720,-0.106716,0.003023,0,134.68,NaN
25.0800,-0.106227,0.004480,0,134.68,NaN
25.0880,-0.101832,0.006750,0,134.68,NaN
25.0960,-0.098413,0.009068,0,134.68,NaN
25.1040,-0.096459,0.010663,0,134.68,NaN
25.1120,-0.096459,0.011124,0,134.68,NaN
25.1200,-0.098901,0.010530,0,134.68,NaN
25.1280,-0.099878,0.009251,0,134.68,NaN
25.1360,-0.101343,0.007644,0,134.68,NaN
25.1440,-0.101832,0.005888,0,134.68,NaN
25.1520,-0.103785,0.004028,0,134.68,NaN
25.1600,-0.105739,0.002099,0,134.68,NaN
25.1680,-0.101832,-0.000602,0,134.68,NaN
25.1760,-0.098901,0.000988,0,134.68,NaN
25.1840,-0.095971,0.002255,0,134.68,NaN
25.1920,-0.094994,0.002570,0,134.68,NaN
25.2000,-0.096947,0.001800,0,134.68,NaN
25.2080,-0.098901,0.000303,0,134.68,NaN
25.2160,-0.099878,-0.001337,0,134.68,NaN
25.2240,-0.100366,-0.002595,0,134.68,NaN
25.2320,-0.100855,-0.003120,0,134.68,NaN
25.2400,-0.100366,-0.002777,0,134.68,NaN
25.2480,-0.097924,-0.001676,0,134.68,NaN
25.2560,-0.094994,-0.000107,0,134.68,NaN
25.2640,-0.094017,0.001639,0,134.68,NaN
25.2720,-0.096459,-0.001097,0,134.68,NaN
25.2800,-0.097436,-0.001999,0,134.68,NaN
25.2880,-0.097924,-0.003013,0,134.68,NaN
25.2960,-0.098901,-0.003823,0,134.68,NaN
25.3040,-0.099878,-0.004164,0,134.68,NaN
25.3120,-0.097924,-0.003885,0,134.68,NaN
25.3200,-0.097924,-0.003026,0,134.68,NaN
25.3280,-0.094017,-0.001844,0,134.68,NaN
25.3360,-0.091087,-0.000756,0,134.68,NaN
25.3440,-0.089133,-0.000154,0,134.68,NaN
25.3520,-0.090598,-0.000183,0,134.68,NaN
25.3600,-0.092063,-0.000702,0,134.68,NaN
25.3680,-0.091575,-0.001454,0,134.68,NaN
25.3760,-0.090598,0.002406,0,134.68,NaN
25.3840,-0.091087,0.002234,0,134.68,NaN
25.3920,-0.091087,0.002423,0,134.68,NaN
25.4000,-0.091087,0.003059,0,134.68,NaN
25.4080,-0.089133,0.004064,0,134.68,NaN
25.4160,-0.086691,0.005146,0,134.68,NaN
25.4240,-0.085714,0.005941,0,134.68,NaN
25.4320,-0.086203,0.006211,0,134.68,NaN
25.4400,-0.085714,0.005908,0,134.68,NaN
25.4480,-0.087179,0.005119,0,134.68,NaN
25.4560,-0.088156,0.003979,0,134.68,NaN
25.4640,-0.088156,0.002607,0,134.68,NaN
25.4720,-0.090110,0.001106,0,134.68,NaN
25.4800,-0.088645,-0.005835,0,134.68,NaN
25.4880,-0.087668,-0.005696,0,134.68,NaN
25.4960,-0.085714,-0.005789,0,134.68,NaN
25.5040,-0.086691,-0.006578,0,134.68,NaN
25.5120,-0.087179,-0.008238,0,134.68,NaN
25.5200,-0.089621,-0.010547,0,134.68,NaN
25.5280,-0.092552,-0.012947,0,134.68,NaN
25.5360,-0.093040,-0.014731,0,134.68,NaN
25.5440,-0.093529,-0.015272,0,134.68,NaN
25.5520,-0.092552,-0.014166,0,134.68,NaN
25.5600,-0.088156,-0.011354,0,134.68,NaN
25.5680,-0.083761,-0.007159,0,134.68,NaN
25.5760,-0.077900,-0.002201,0,134.68,NaN
25.5840,-0.075946,0.009550,0,134.68,NaN
25.5920,-0.077411,0.010037,0,134.68,NaN
25.6000,-0.077411,0.008947,0,134.68,NaN
25.6080,-0.080342,0.006749,0,134.68,NaN
25.6160,-0.082295,0.004067,0,134.68,NaN
25.6240,-0.085226,0.001569,0,134.68,NaN
25.6320,-0.087179,-0.000153,0,134.68,NaN
25.6400,-0.088645,-0.000750,0,134.68,NaN
25.6480,-0.086203,-0.000263,0,134.68,NaN
25.6560,-0.084249,0.000895,0,134.68,NaN
25.6640,-0.083272,0.002209,0,134.68,NaN
25.6720,-0.081319,0.003339,0,134.68,NaN
25.6800,-0.081807,0.004255,0,134.68,NaN
25.6880,-0.079853,0.007303,0,134.68,NaN
25.6960,-0.078388,0.008239,0,134.68,NaN
25.7040,-0.078388,0.008907,0,134.68,NaN
25.7120,-0.078877,0.009319,0,134.68,NaN
25.7200,-0.078388,0.009460,0,134.68,NaN
25.7280,-0.078388,0.009199,0,134.68,NaN
25.7360,-0.077411,0.008354,0,134.68,NaN
25.7440,-0.080342,0.006932,0,134.68,NaN
25.7520,-0.083272,0.005282,0,134.68,NaN
25.7600,-0.085714,0.003949,0,134.68,NaN
25.7680,-0.085226,0.003331,0,134.68,NaN
25.7760,-0.085714,0.003485,0,134.68,NaN
25.7840,-0.084249,0.004129,0,134.68,NaN
25.7920,-0.084249,-0.003157,0,134.68,NaN
25.8000,-0.080830,-0.000986,0,134.68,NaN
25.8080,-0.076923,0.001050,0,134.68,NaN
25.8160,-0.075458,0.002254,0,134.68,NaN
25.8240,-0.074969,0.002228,0,134.68,NaN
25.8320,-0.077900,0.001076,0,134.68,NaN
25.8400,-0.079853,-0.000710,0,134.68,NaN
25.8480,-0.079853,-0.002551,0,134.68,NaN
25.8560,-0.080830,-0.003943,0,134.68,NaN
25.8640,-0.083272,-0.004440,0,134.68,NaN
25.8720,-0.081319,-0.003736,0,134.68,NaN
25.8800,-0.080342,-0.001856,0,134.68,NaN
25.8880,-0.076435,0.000757,0,134.68,NaN
25.8960,-0.075458,-0.003018,0,134.68,NaN
25.9040,-0.077411,-0.003761,0,134.68,NaN
25.9120,-0.079365,-0.005445,0,134.68,NaN
25.9200,-0.082295,-0.007510,0,134.68,NaN
25.9280,-0.083272,-0.009323,0,134.68,NaN
25.9360,-0.084249,-0.010417,0,134.68,NaN
25.9440,-0.083272,-0.010584,0,134.68,NaN
25.9520,-0.082784,-0.009865,0,134.68,NaN
25.9600,-0.080342,-0.008497,0,134.68,NaN
25.9680,-0.077900,-0.006841,0,134.68,NaN
25.9760,-0.075458,-0.005228,0,134.68,NaN
25.9840,-0.075458,-0.003805,0,134.68,NaN
25.9920,-0.073504,-0.002520,0,134.68,NaN
26.0000,-0.074481,-0.029222,0,134.68,NaN
26.0080,-0.072527,-0.029896,0,134.68,NaN
26.0160,-0.071062,-0.030190,0,134.68,NaN
26.0240,-0.070574,-0.029715,0,134.68,NaN
26.0320,-0.070085,-0.028127,0,134.68,NaN
26.0400,-0.062759,-0.025436,0,134.68,NaN
26.0480,-0.057387,-0.022160,0,134.68,NaN
26.0560,-0.051526,-0.019049,0,134.68,NaN
26.0640,-0.048596,-0.016654,0,134.68,NaN
26.0720,-0.045665,-0.015127,0,134.68,NaN
26.0800,-0.043712,-0.014309,0,134.68,NaN
26.0880,-0.041270,-0.013924,0,134.68,NaN
26.0960,-0.038828,-0.013736,0,134.68,NaN
26.1040,-0.036874,-0.006972,0,134.68,NaN
26.1120,-0.033944,-0.004558,0,134.68,NaN
26.1200,-0.028083,-0.000994,0,134.68,NaN
26.1280,-0.021245,0.003428,0,134.68,NaN
26.1360,-0.015385,0.008106,0,134.68,NaN
26.1440,-0.009524,0.012324,0,134.68,NaN
26.1520,-0.005128,0.015353,0,134.68,NaN
26.1600,-0.000244,0.016500,0,134.68,NaN
26.1680,0.003663,0.015339,0,134.68,NaN
26.1760,-0.001709,0.012140,0,134.68,NaN
26.1840,-0.008059,0.007940,0,134.68,NaN
26.1920,-0.010012,0.003852,0,134.68,NaN
26.2000,-0.007570,0.000218,0,134.68,NaN
26.2080,-0.003175,0.075233,0,134.68,NaN
26.2160,-0.000244,0.076703,0,134.68,NaN
26.2240,-0.004151,0.076049,0,134.68,NaN
26.2320,-0.007570,0.072727,0,134.68,NaN
26.2400,-0.016850,0.067079,0,134.68,NaN
26.2480,-0.025153,0.060075,0,134.68,NaN
26.2560,-0.034432,0.052877,0,134.68,NaN
26.2640,-0.039316,0.046470,0,134.68,NaN
26.2720,-0.048596,0.041522,0,134.68,NaN
26.2800,-0.051526,0.038327,0,134.68,NaN
26.2880,-0.053480,0.036734,0,134.68,NaN
26.2960,-0.054457,0.036239,0,134.68,NaN
26.3040,-0.056899,0.036271,0,134.68,NaN
26.3120,-0.061294,0.010182,0,134.68,NaN
26.3200,-0.064225,0.007865,0,134.68,NaN
26.3280,-0.067643,0.005532,0,134.68,NaN
26.3360,-0.070085,0.003434,0,134.68,NaN
26.3440,-0.073504,0.001760,0,134.68,NaN
26.3520,-0.075458,0.000578,0,134.68,NaN
26.3600,-0.076435,-0.000199,0,134.68,NaN
26.3680,-0.078388,-0.000753,0,134.68,NaN
26.3760,-0.079365,-0.001192,0,134.68,NaN
26.3840,-0.082295,-0.001414,0,134.68,NaN
26.3920,-0.085714,-0.001144,0,134.68,NaN
26.4000,-0.085226,-0.000200,0,134.68,NaN
26.4080,-0.084737,0.001248,0,134.68,NaN
26.4160,-0.085714,-0.027668,0,134.68,NaN
26.4240,-0.086203,-0.026628,0,134.68,NaN
26.4320,-0.085714,-0.024955,0,134.68,NaN
26.4400,-0.083761,-0.022786,0,134.68,NaN
26.4480,-0.082295,-0.020470,0,134.68,NaN
26.4560,-0.080342,-0.018427,0,134.68,NaN
26.4640,-0.082295,-0.016930,0,134.68,NaN
26.4720,-0.081319,-0.016013,0,134.68,NaN
26.4800,-0.084249,-0.015496,0,134.68,NaN
26.4880,-0.085226,-0.015086,0,134.68,NaN
26.4960,-0.085714,-0.014527,0,134.68,NaN
26.5040,-0.087179,-0.013712,0,134.68,NaN
26.5120,-0.087179,-0.012706,0,134.68,NaN
26.5200,-0.085714,-0.006395,0,134.68,NaN
26.5280,-0.084249,-0.003061,0,134.68,NaN
26.5360,-0.081319,0.000720,0,134.68,NaN
26.5440,-0.079365,0.004640,0,134.68,NaN
26.5520,-0.077900,0.008458,0,134.68,NaN
26.5600,-0.075458,0.011976,0,134.68,NaN
26.5680,-0.073504,0.014949,0,134.68,NaN
26.5760,-0.072527,0.017061,0,134.68,NaN
26.5840,-0.074481,0.017931,0,134.68,NaN
26.5920,-0.074481,0.017028,0,134.68,NaN
26.6000,-0.074481,0.013718,0,134.68,NaN
26.6080,-0.080342,0.007767,0,134.68,NaN
26.6160,-0.093529,-0.000004,0,134.68,NaN
26.6240,-0.112088,-0.573152,0,134.68,NaN
26.6320,-0.134066,-0.618913,0,134.68,NaN
26.6400,-0.157021,-0.664279,0,134.68,NaN
26.6480,-0.172161,-0.704480,0,134.68,NaN
26.6560,-0.178022,-0.734554,0,134.68,NaN
26.6640,-0.165812,-0.750084,0,134.68,NaN
26.6720,-0.136020,-0.747615,0,134.68,NaN
26.6800,-0.085714,-0.724674,0,134.68,NaN
26.6880,-0.017827,-0.679632,0,134.68,NaN
26.6960,0.071062,-0.611925,0,134.68,NaN
26.7040,0.182906,-0.522942,0,134.68,NaN
26.7120,0.319658,-0.417088,0,134.68,NaN
26.7200,0.465690,-0.301987,0,134.68,NaN
26.7280,0.621978,0.705690,0,134.68,NaN
26.7360,0.797802,0.817723,0,134.68,NaN
26.7440,0.983883,0.911040,0,134.68,NaN
26.7520,1.000000,0.974007,0,134.68,NaN
26.7600,1.000000,1.000000,1,134.68,NaN
26.7680,1.000000,0.986769,1,134.68,NaN
26.7760,0.896947,0.936077,0,134.68,NaN
26.7840,0.680586,0.855857,0,134.68,NaN
26.7920,0.479365,0.759765,0,134.68,NaN
26.8000,0.289377,0.662264,0,134.68,NaN
26.8080,0.107204,0.573617,0,134.68,NaN
26.8160,-0.049084,0.497375,0,134.68,NaN
26.8240,-0.157021,0.429932,0,134.68,NaN
26.8320,-0.210745,-0.210509,0,134.68,NaN
26.8400,-0.218559,-0.224086,0,134.68,NaN
26.8480,-0.190232,-0.203807,0,134.68,NaN
26.8560,-0.142857,-0.163426,0,134.68,NaN
26.8640,-0.093529,-0.117048,0,134.68,NaN
26.8720,-0.053968,-0.076194,0,134.68,NaN
26.8800,-0.028083,-0.048030,0,134.68,NaN
26.8880,-0.020757,-0.035000,0,134.68,NaN
26.8960,-0.025641,-0.035661,0,134.68,NaN
26.9040,-0.040293,-0.046302,0,134.68,NaN
26.9120,-0.056410,-0.062776,0,134.68,NaN
26.9200,-0.071062,-0.081869,0,134.68,NaN
26.9280,-0.085714,-0.101733,0,134.68,NaN
26.9360,-0.094017,-0.086853,0,134.68,NaN
26.9440,-0.101832,-0.095397,0,134.68,NaN
26.9520,-0.104762,-0.101152,0,134.68,NaN
26.9600,-0.107204,-0.104698,0,134.68,NaN
26.9680,-0.104762,-0.106616,0,134.68,NaN
26.9760,-0.105739,-0.107224,0,134.68,NaN
26.9840,-0.106227,-0.106411,0,134.68,NaN
26.9920,-0.104274,-0.103767,0,134.68,NaN
27.0000,-0.101832,-0.098851,0,134.68,NaN
27.0080,-0.101343,-0.091314,0,134.68,NaN
27.0160,-0.101832,-0.080986,0,134.68,NaN
27.0240,-0.102808,-0.068127,0,134.68,NaN
27.0320,-0.103785,-0.053673,0,134.68,NaN
27.0400,-0.105739,-0.190110,0,134.68,NaN
27.0480,-0.108181,-0.176900,0,134.68,NaN
27.0560,-0.109646,-0.161189,0,134.68,NaN
27.0640,-0.113065,-0.143576,0,134.68,NaN
27.0720,-0.112576,-0.124944,0,134.68,NaN
27.0800,-0.111600,-0.106626,0,134.68,NaN
27.0880,-0.106227,-0.090324,0,134.68,NaN
27.0960,-0.102808,-0.077676,0,134.68,NaN
27.1040,-0.101343,-0.069712,0,134.68,NaN
27.1120,-0.100855,-0.066576,0,134.68,NaN
27.1200,-0.100366,-0.067629,0,134.68,NaN
27.1280,-0.098901,-0.071737,0,134.68,NaN
27.1360,-0.098413,-0.077492,0,134.68,NaN
27.1440,-0.098413,-0.013462,0,134.68,NaN
27.1520,-0.095971,-0.014849,0,134.68,NaN
27.1600,-0.094017,-0.015557,0,134.68,NaN
27.1680,-0.092063,-0.015755,0,134.68,NaN
27.1760,-0.093040,-0.015662,0,134.68,NaN
27.1840,-0.094017,-0.015349,0,134.68,NaN
27.1920,-0.094017,-0.014782,0,134.68,NaN
27.2000,-0.093529,-0.013937,0,134.68,NaN
27.2080,-0.093040,-0.012806,0,134.68,NaN
27.2160,-0.093040,-0.011377,0,134.68,NaN
27.2240,-0.090110,-0.009703,0,134.68,NaN
27.2320,-0.086203,-0.007941,0,134.68,NaN
27.2400,-0.085226,-0.006217,0,134.68,NaN
27.2480,-0.083761,0.004253,0,134.68,NaN
27.2560,-0.084249,0.004241,0,134.68,NaN
27.2640,-0.084249,0.003682,0,134.68,NaN
27.2720,-0.084249,0.002783,0,134.68,NaN
27.2800,-0.083272,0.001694,0,134.68,NaN
27.2880,-0.084249,0.000599,0,134.68,NaN
27.2960,-0.085714,-0.000184,0,134.68,NaN
27.3040,-0.085714,-0.000323,0,134.68,NaN
27.3120,-0.084249,0.000252,0,134.68,NaN
27.3200,-0.079853,0.001214,0,134.68,NaN
27.3280,-0.077900,0.002062,0,134.68,NaN
27.3360,-0.078388,0.002506,0,134.68,NaN
27.3440,-0.077411,0.002632,0,134.68,NaN
27.3520,-0.076923,-0.000363,0,134.68,NaN
27.3600,-0.076435,-0.001002,0,134.68,NaN
27.3680,-0.075458,-0.001379,0,134.68,NaN
27.3760,-0.075946,-0.001111,0,134.68,NaN
27.3840,-0.073504,0.000050,0,134.68,NaN
27.3920,-0.070085,0.001970,0,134.68,NaN
27.4000,-0.064713,0.004074,0,134.68,NaN
27.4080,-0.061294,0.005608,0,134.68,NaN
27.4160,-0.060806,0.006066,0,134.68,NaN
27.4240,-0.061294,0.005417,0,134.68,NaN
27.4320,-0.062271,0.003970,0,134.68,NaN
27.4400,-0.062271,0.002097,0,134.68,NaN
27.4480,-0.062759,0.000055,0,134.68,NaN
27.4560,-0.062271,0.001400,0,134.68,NaN
27.4640,-0.061294,0.001701,0,134.68,NaN
27.4720,-0.058852,0.002402,0,134.68,NaN
27.4800,-0.054945,0.002937,0,134.68,NaN
27.4880,-0.054457,0.002769,0,134.68,NaN
27.4960,-0.054457,0.001755,0,134.68,NaN
27.5040,-0.057387,0.000240,0,134.68,NaN
27.5120,-0.057387,-0.001197,0,134.68,NaN
27.5200,-0.055433,-0.002102,0,134.68,NaN
27.5280,-0.054457,-0.002250,0,134.68,NaN
27.5360,-0.054457,-0.001533,0,134.68,NaN
27.5440,-0.051038,0.000017,0,134.68,NaN
27.5520,-0.047131,0.002095,0,134.68,NaN
27.5600,-0.043712,0.001706,0,134.68,NaN
27.5680,-0.043223,0.001330,0,134.68,NaN
27.5760,-0.045665,-0.000160,0,134.68,NaN
27.5840,-0.047131,-0.002277,0,134.68,NaN
27.5920,-0.046642,-0.004431,0,134.68,NaN
27.6000,-0.047131,-0.006133,0,134.68,NaN
27.6080,-0.047619,-0.006993,0,134.68,NaN
27.6160,-0.046154,-0.006767,0,134.68,NaN
27.6240,-0.043712,-0.005499,0,134.68,NaN
27.6320,-0.038828,-0.003610,0,134.68,NaN
27.6400,-0.033944,-0.001727,0,134.68,NaN
27.6480,-0.031990,-0.000298,0,134.68,NaN
27.6560,-0.031013,0.000701,0,134.68,NaN
27.6640,-0.031502,0.003340,0,134.68,NaN
27.6720,-0.030037,0.003576,0,134.68,NaN
27.6800,-0.026618,0.004122,0,134.68,NaN
27.6880,-0.024664,0.005014,0,134.68,NaN
27.6960,-0.023199,0.006175,0,134.68,NaN
27.7040,-0.020757,0.007469,0,134.68,NaN
27.7120,-0.018315,0.008632,0,134.68,NaN
27.7200,-0.014896,0.009274,0,134.68,NaN
27.7280,-0.013919,0.009077,0,134.68,NaN
27.7360,-0.015873,0.008022,0,134.68,NaN
27.7440,-0.015873,0.006367,0,134.68,NaN
27.7520,-0.016850,0.004425,0,134.68,NaN
27.7600,-0.016850,0.002392,0,134.68,NaN
27.7680,-0.015873,0.038882,0,134.68,NaN
27.7760,-0.013919,0.041317,0,134.68,NaN
27.7840,-0.010012,0.043959,0,134.68,NaN
27.7920,-0.008059,0.045992,0,134.68,NaN
27.8000,-0.007570,0.046699,0,134.68,NaN
27.8080,-0.009035,0.045763,0,134.68,NaN
27.8160,-0.013919,0.043366,0,134.68,NaN
27.8240,-0.017827,0.040013,0,134.68,NaN
27.8320,-0.022222,0.036212,0,134.68,NaN
27.8400,-0.024176,0.032267,0,134.68,NaN
27.8480,-0.031502,0.028331,0,134.68,NaN
27.8560,-0.033944,0.024484,0,134.68,NaN
27.8640,-0.038828,0.020725,0,134.68,NaN
27.8720,-0.039316,0.042940,0,134.68,NaN
27.8800,-0.040781,0.042379,0,134.68,NaN
27.8880,-0.044689,0.041501,0,134.68,NaN
27.8960,-0.048107,0.040019,0,134.68,NaN
27.9040,-0.052991,0.037813,0,134.68,NaN
27.9120,-0.054945,0.034854,0,134.68,NaN
27.9200,-0.062271,0.031303,0,134.68,NaN
27.9280,-0.070085,0.027617,0,134.68,NaN
27.9360,-0.074481,0.024364,0,134.68,NaN
27.9440,-0.079853,0.021909,0,134.68,NaN
27.9520,-0.083272,0.020282,0,134.68,NaN
27.9600,-0.085714,0.019258,0,134.68,NaN
27.9680,-0.090110,0.018535,0,134.68,NaN
27.9760,-0.094994,-0.018404,0,134.68,NaN
27.9840,-0.099878,-0.021753,0,134.68,NaN
27.9920,-0.101343,-0.025435,0,134.68,NaN
28.0000,-0.108181,-0.029131,0,134.68,NaN
28.0080,-0.115507,-0.032031,0,134.68,NaN
28.0160,-0.119414,-0.033085,0,134.68,NaN
28.0240,-0.120391,-0.031643,0,134.68,NaN
28.0320,-0.116484,-0.027934,0,134.68,NaN
28.0400,-0.111600,-0.023053,0,134.68,NaN
28.0480,-0.107692,-0.018435,0,134.68,NaN
28.0560,-0.106716,-0.015182,0,134.68,NaN
28.0640,-0.108181,-0.013590,0,134.68,NaN
28.0720,-0.111600,-0.013090,0,134.68,NaN
28.0800,-0.113553,-0.028724,0,134.68,NaN
28.0880,-0.116972,-0.030218,0,134.68,NaN
28.0960,-0.119414,-0.031258,0,134.68,NaN
28.1040,-0.121856,-0.031543,0,134.68,NaN
28.1120,-0.121368,-0.031091,0,134.68,NaN
28.1200,-0.120391,-0.030154,0,134.68,NaN
28.1280,-0.122344,-0.028930,0,134.68,NaN
28.1360,-0.123810,-0.027394,0,134.68,NaN
28.1440,-0.122344,-0.025442,0,134.68,NaN
28.1520,-0.121368,-0.023110,0,134.68,NaN
28.1600,-0.119414,-0.020571,0,134.68,NaN
28.1680,-0.118926,-0.017992,0,134.68,NaN
28.1760,-0.117949,-0.015435,0,134.68,NaN
28.1840,-0.116972,-0.026068,0,134.68,NaN
28.1920,-0.114042,-0.024974,0,134.68,NaN
28.2000,-0.114042,-0.024713,0,134.68,NaN
28.2080,-0.116972,-0.025273,0,134.68,NaN
28.2160,-0.117460,-0.026298,0,134.68,NaN
28.2240,-0.119414,-0.027272,0,134.68,NaN
28.2320,-0.119902,-0.027702,0,134.68,NaN
28.2400,-0.118437,-0.027230,0,134.68,NaN
28.2480,-0.117460,-0.025653,0,134.68,NaN
28.2560,-0.115995,-0.022937,0,134.68,NaN
28.2640,-0.109646,-0.019308,0,134.68,NaN
28.2720,-0.103785,-0.015212,0,134.68,NaN
28.2800,-0.101343,-0.011020,0,134.68,NaN
28.2880,-0.101832,0.002513,0,134.68,NaN
28.2960,-0.106716,0.000722,0,134.68,NaN
28.3040,-0.108669,-0.002035,0,134.68,NaN
28.3120,-0.110134,-0.004921,0,134.68,NaN
28.3200,-0.111111,-0.007283,0,134.68,NaN
28.3280,-0.114042,-0.008598,0,134.68,NaN
28.3360,-0.113553,-0.008526,0,134.68,NaN
28.3440,-0.110623,-0.007128,0,134.68,NaN
28.3520,-0.107692,-0.004948,0,134.68,NaN
28.3600,-0.102808,-0.002788,0,134.68,NaN
28.3680,-0.102320,-0.001311,0,134.68,NaN
28.3760,-0.101343,-0.000721,0,134.68,NaN
28.3840,-0.101832,-0.000726,0,134.68,NaN
28.3920,-0.100855,0.010371,0,134.68,NaN
28.4000,-0.101343,0.009750,0,134.68,NaN
28.4080,-0.102320,0.009214,0,134.68,NaN
28.4160,-0.104274,0.009203,0,134.68,NaN
28.4240,-0.101343,0.009925,0,134.68,NaN
28.4320,-0.099878,0.011161,0,134.68,NaN
28.4400,-0.096459,0.012368,0,134.68,NaN
28.4480,-0.095971,0.012992,0,134.68,NaN
28.4560,-0.096947,0.012737,0,134.68,NaN
28.4640,-0.097924,0.011587,0,134.68,NaN
28.4720,-0.098901,0.009678,0,134.68,NaN
28.4800,-0.101343,0.007210,0,134.68,NaN
28.4880,-0.103785,0.004438,0,134.68,NaN
28.4960,-0.105739,0.001475,0,134.68,NaN
28.5040,-0.102320,0.001704,0,134.68,NaN
28.5120,-0.101343,0.002735,0,134.68,NaN
28.5200,-0.099878,0.004136,0,134.68,NaN
28.5280,-0.098413,0.005483,0,134.68,NaN
28.5360,-0.096459,0.006380,0,134.68,NaN
28.5440,-0.094994,0.006505,0,134.68,NaN
28.5520,-0.095971,0.005758,0,134.68,NaN
28.5600,-0.096947,0.004382,0,134.68,NaN
28.5680,-0.100366,0.002906,0,134.68,NaN
28.5760,-0.101343,0.001866,0,134.68,NaN
28.5840,-0.100366,0.001479,0,134.68,NaN
28.5920,-0.099878,0.001545,0,134.68,NaN
28.6000,-0.099878,-0.000466,0,134.68,NaN
28.6080,-0.100855,-0.000450,0,134.68,NaN
28.6160,-0.098901,-0.000621,0,134.68,NaN
28.6240,-0.098901,-0.001126,0,134.68,NaN
28.6320,-0.099389,-0.001939,0,134.68,NaN
28.6400,-0.101343,-0.002754,0,134.68,NaN
28.6480,-0.101832,-0.003115,0,134.68,NaN
28.6560,-0.101343,-0.002716,0,134.68,NaN
28.6640,-0.100366,-0.001651,0,134.68,NaN
28.6720,-0.094505,-0.000439,0,134.68,NaN
28.6800,-0.094994,0.000309,0,134.68,NaN
28.6880,-0.095971,0.000347,0,134.68,NaN
28.6960,-0.096459,-0.000095,0,134.68,NaN
28.7040,-0.094994,0.010637,0,134.68,NaN
28.7120,-0.094505,0.010735,0,134.68,NaN
28.7200,-0.096459,0.010849,0,134.68,NaN
28.7280,-0.096947,0.011136,0,134.68,NaN
28.7360,-0.095971,0.011582,0,134.68,NaN
28.7440,-0.094505,0.011878,0,134.68,NaN
28.7520,-0.094505,0.011617,0,134.68,NaN
28.7600,-0.096459,0.010621,0,134.68,NaN
28.7680,-0.099878,0.009102,0,134.68,NaN
28.7760,-0.101832,0.007511,0,134.68,NaN
28.7840,-0.103785,0.006247,0,134.68,NaN
28.7920,-0.103785,0.005442,0,134.68,NaN
28.8000,-0.104274,0.004949,0,134.68,NaN
28.8080,-0.104762,-0.010934,0,134.68,NaN
28.8160,-0.104274,-0.011023,0,134.68,NaN
28.8240,-0.103297,-0.010892,0,134.68,NaN
28.8320,-0.102808,-0.010649,0,134.68,NaN
28.8400,-0.102808,-0.010299,0,134.68,NaN
28.8480,-0.102320,-0.009754,0,134.68,NaN
28.8560,-0.101832,-0.008950,0,134.68,NaN
28.8640,-0.099878,-0.007962,0,134.68,NaN
28.8720,-0.096947,-0.007017,0,134.68,NaN
28.8800,-0.096947,-0.006308,0,134.68,NaN
28.8880,-0.096947,-0.005831,0,134.68,NaN
28.8960,-0.096459,-0.005442,0,134.68,NaN
28.9040,-0.094994,-0.005046,0,134.68,NaN
28.9120,-0.093529,0.000503,0,134.68,NaN
28.9200,-0.094017,0.000536,0,134.68,NaN
28.9280,-0.094017,0.000147,0,134.68,NaN
28.9360,-0.094994,-0.000626,0,134.68,NaN
28.9440,-0.095971,-0.001684,0,134.68,NaN
28.9520,-0.095971,-0.002909,0,134.68,NaN
28.9600,-0.096459,-0.004123,0,134.68,NaN
28.9680,-0.099389,-0.004999,0,134.68,NaN
28.9760,-0.099878,-0.005148,0,134.68,NaN
28.9840,-0.098901,-0.004401,0,134.68,NaN
28.9920,-0.094505,-0.002991,0,134.68,NaN
29.0000,-0.092552,-0.001352,0,134.68,NaN
29.0080,-0.092552,0.000257,0,134.68,NaN
29.0160,-0.093040,-0.004078,0,134.68,NaN
29.0240,-0.093529,-0.004978,0,134.68,NaN
29.0320,-0.094017,-0.006115,0,134.68,NaN
29.0400,-0.095482,-0.006961,0,134.68,NaN
29.0480,-0.097436,-0.006969,0,134.68,NaN
29.0560,-0.094505,-0.005872,0,134.68,NaN
29.0640,-0.092063,-0.003931,0,134.68,NaN
29.0720,-0.086203,-0.001849,0,134.68,NaN
29.0800,-0.085226,-0.000375,0,134.68,NaN
29.0880,-0.085226,0.000104,0,134.68,NaN
29.0960,-0.085714,-0.000353,0,134.68,NaN
29.1040,-0.086203,-0.001450,0,134.68,NaN
29.1120,-0.086691,-0.002856,0,134.68,NaN
29.1200,-0.088645,0.005172,0,134.68,NaN
29.1280,-0.090598,0.004819,0,134.68,NaN
29.1360,-0.088156,0.004761,0,134.68,NaN
29.1440,-0.088156,0.004755,0,134.68,NaN
29.1520,-0.085714,0.004471,0,134.68,NaN
29.1600,-0.089133,0.003761,0,134.68,NaN
29.1680,-0.092063,0.002780,0,134.68,NaN
29.1760,-0.093040,0.001837,0,134.68,NaN
29.1840,-0.093040,0.001169,0,134.68,NaN
29.1920,-0.094017,0.000886,0,134.68,NaN
29.2000,-0.094017,0.001019,0,134.68,NaN
29.2080,-0.093529,0.001524,0,134.68,NaN
29.2160,-0.092063,0.002258,0,134.68,NaN
29.2240,-0.088645,-0.004934,0,134.68,NaN
29.2320,-0.088156,-0.004055,0,134.68,NaN
29.2400,-0.087668,-0.003657,0,134.68,NaN
29.2480,-0.088156,-0.003647,0,134.68,NaN
29.2560,-0.088156,-0.003781,0,134.68,NaN
29.2640,-0.087668,-0.003838,0,134.68,NaN
29.2720,-0.086203,-0.003711,0,134.68,NaN
29.2800,-0.086203,-0.003370,0,134.68,NaN
29.2880,-0.085714,-0.002817,0,134.68,NaN
29.2960,-0.084249,-0.002150,0,134.68,NaN
29.3040,-0.082295,-0.001605,0,134.68,NaN
29.3120,-0.080342,-0.001423,0,134.68,NaN
29.3200,-0.082295,-0.001583,0,134.68,NaN
29.3280,-0.085714,0.000357,0,134.68,NaN
29.3360,-0.086203,-0.002211,0,134.68,NaN
29.3440,-0.090110,-0.004698,0,134.68,NaN
29.3520,-0.092063,-0.006492,0,134.68,NaN
29.3600,-0.092063,-0.007160,0,134.68,NaN
29.3680,-0.092063,-0.006643,0,134.68,NaN
29.3760,-0.088645,-0.005309,0,134.68,NaN
29.3840,-0.085714,-0.003797,0,134.68,NaN
29.3920,-0.085714,-0.002655,0,134.68,NaN
29.4000,-0.085714,-0.002082,0,134.68,NaN
29.4080,-0.086203,-0.001966,0,134.68,NaN
29.4160,-0.085714,-0.002105,0,134.68,NaN
29.4240,-0.085714,-0.002344,0,134.68,NaN
29.4320,-0.085714,-0.000161,0,134.68,NaN
29.4400,-0.085226,0.000640,0,134.68,NaN
29.4480,-0.084737,0.002039,0,134.68,NaN
29.4560,-0.081319,0.003830,0,134.68,NaN
29.4640,-0.078388,0.005555,0,134.68,NaN
29.4720,-0.077411,0.006762,0,134.68,NaN
29.4800,-0.077900,0.007260,0,134.68,NaN
29.4880,-0.078388,0.007107,0,134.68,NaN
29.4960,-0.077900,0.006431,0,134.68,NaN
29.5040,-0.078388,0.005328,0,134.68,NaN
29.5120,-0.080342,0.003920,0,134.68,NaN
29.5200,-0.082295,0.002379,0,134.68,NaN
29.5280,-0.082784,0.000826,0,134.68,NaN
29.5360,-0.079365,-0.003040,0,134.68,NaN
29.5440,-0.078388,-0.002523,0,134.68,NaN
29.5520,-0.077900,-0.002256,0,134.68,NaN
29.5600,-0.078388,-0.002412,0,134.68,NaN
29.5680,-0.079365,-0.002903,0,134.68,NaN
29.5760,-0.078877,-0.003530,0,134.68,NaN
29.5840,-0.079365,-0.004097,0,134.68,NaN
29.5920,-0.079365,-0.004430,0,134.68,NaN
29.6000,-0.079365,-0.004372,0,134.68,NaN
29.6080,-0.079365,-0.003840,0,134.68,NaN
29.6160,-0.076923,-0.002914,0,134.68,NaN
29.6240,-0.074481,-0.001810,0,134.68,NaN
29.6320,-0.074481,-0.000697,0,134.68,NaN
29.6400,-0.077411,-0.005557,0,134.68,NaN
29.6480,-0.079365,-0.008381,0,134.68,NaN
29.6560,-0.082784,-0.011471,0,134.68,NaN
29.6640,-0.085226,-0.014097,0,134.68,NaN
29.6720,-0.085714,-0.015664,0,134.68,NaN
29.6800,-0.085714,-0.015882,0,134.68,NaN
29.6880,-0.084737,-0.014841,0,134.68,NaN
29.6960,-0.079365,-0.013010,0,134.68,NaN
29.7040,-0.076435,-0.011028,0,134.68,NaN
29.7120,-0.075946,-0.009315,0,134.68,NaN
29.7200,-0.074969,-0.007906,0,134.68,NaN
29.7280,-0.072527,-0.006647,0,134.68,NaN
29.7360,-0.070574,-0.005426,0,134.68,NaN
29.7440,-0.069597,-0.032827,0,134.68,NaN
29.7520,-0.070085,-0.033739,0,134.68,NaN
29.7600,-0.069109,-0.034167,0,134.68,NaN
29.7680,-0.066667,-0.033666,0,134.68,NaN
29.7760,-0.063248,-0.032004,0,134.68,NaN
29.7840,-0.058852,-0.029211,0,134.68,NaN
29.7920,-0.053480,-0.025569,0,134.68,NaN
29.8000,-0.048107,-0.021607,0,134.68,NaN
29.8080,-0.039805,-0.018044,0,134.68,NaN
29.8160,-0.036386,-0.015556,0,134.68,NaN
29.8240,-0.033455,-0.014471,0,134.68,NaN
29.8320,-0.031502,-0.014657,0,134.68,NaN
29.8400,-0.031013,-0.015601,0,134.68,NaN
29.8480,-0.028083,0.025293,0,134.68,NaN
29.8560,-0.021734,0.028126,0,134.68,NaN
29.8640,-0.015873,0.029786,0,134.68,NaN
29.8720,-0.014408,0.029256,0,134.68,NaN
29.8800,-0.019780,0.026465,0,134.68,NaN
29.8880,-0.026129,0.022507,0,134.68,NaN
29.8960,-0.031502,0.019008,0,134.68,NaN
29.9040,-0.031990,0.017128,0,134.68,NaN
29.9120,-0.028083,0.016918,0,134.68,NaN
29.9200,-0.024176,0.017468,0,134.68,NaN
29.9280,-0.023199,0.017656,0,134.68,NaN
29.9360,-0.024176,0.016898,0,134.68,NaN
29.9440,-0.026618,0.015395,0,134.68,NaN
29.9520,-0.031990,0.054588,0,134.68,NaN
29.9600,-0.039316,0.047907,0,134.68,NaN
29.9680,-0.051038,0.039956,0,134.68,NaN
29.9760,-0.059341,0.032043,0,134.68,NaN
29.9840,-0.067155,0.025391,0,134.68,NaN
29.9920,-0.072527,0.020847,0,134.68,NaN
30.0000,-0.077900,0.018741,0,134.68,NaN
30.0080,-0.076923,0.018743,0,134.68,NaN
30.0160,-0.074969,0.019870,0,134.68,NaN
30.0240,-0.074481,0.020895,0,134.68,NaN
30.0320,-0.076435,0.020940,0,134.68,NaN
30.0400,-0.080342,0.019821,0,134.68,NaN
30.0480,-0.084249,0.017978,0,134.68,NaN
30.0560,-0.085714,-0.010923,0,134.68,NaN
30.0640,-0.086203,-0.011863,0,134.68,NaN
30.0720,-0.086691,-0.011869,0,134.68,NaN
30.0800,-0.086691,-0.010903,0,134.68,NaN
30.0880,-0.086691,-0.009024,0,134.68,NaN
30.0960,-0.084737,-0.006500,0,134.68,NaN
30.1040,-0.080830,-0.003889,0,134.68,NaN
30.1120,-0.080342,-0.001869,0,134.68,NaN
30.1200,-0.080830,-0.000902,0,134.68,NaN
30.1280,-0.084249,-0.001093,0,134.68,NaN
30.1360,-0.085714,-0.002299,0,134.68,NaN
30.1440,-0.088645,-0.004286,0,134.68,NaN
30.1520,-0.093529,-0.006720,0,134.68,NaN
30.1600,-0.094505,-0.025868,0,134.68,NaN
30.1680,-0.093529,-0.024450,0,134.68,NaN
30.1760,-0.090110,-0.022020,0,134.68,NaN
30.1840,-0.086691,-0.019575,0,134.68,NaN
30.1920,-0.086203,-0.018015,0,134.68,NaN
30.2000,-0.087179,-0.017668,0,134.68,NaN
30.2080,-0.092063,-0.018209,0,134.68,NaN
30.2160,-0.090598,-0.018988,0,134.68,NaN
30.2240,-0.093529,-0.019370,0,134.68,NaN
30.2320,-0.094505,-0.018843,0,134.68,NaN
30.2400,-0.093529,-0.017096,0,134.68,NaN
30.2480,-0.093040,-0.014151,0,134.68,NaN
30.2560,-0.088645,-0.010448,0,134.68,NaN
30.2640,-0.085714,0.088814,0,134.68,NaN
30.2720,-0.085714,0.095335,0,134.68,NaN
30.2800,-0.085714,0.100950,0,134.68,NaN
30.2880,-0.086203,0.105331,0,134.68,NaN
30.2960,-0.087179,0.107938,0,134.68,NaN
30.3040,-0.090110,0.108007,0,134.68,NaN
30.3120,-0.097924,0.104808,0,134.68,NaN
30.3200,-0.106227,0.098012,0,134.68,NaN
30.3280,-0.122833,0.088066,0,134.68,NaN
30.3360,-0.141880,0.076335,0,134.68,NaN
30.3440,-0.161416,0.064677,0,134.68,NaN
30.3520,-0.179487,0.054472,0,134.68,NaN
30.3600,-0.185348,0.045698,0,134.68,NaN
30.3680,-0.178022,-0.982340,0,134.68,NaN
30.3760,-0.149695,-0.999783,0,134.68,NaN
30.3840,-0.101343,-1.000000,0,134.68,NaN
30.3920,-0.038339,-0.980886,0,134.68,NaN
30.4000,0.046642,-0.940734,0,134.68,NaN
30.4080,0.157021,-0.879135,0,134.68,NaN
30.4160,0.294750,-0.798476,0,134.68,NaN
30.4240,0.442735,-0.705130,0,134.68,NaN
30.4320,0.598535,-0.609996,0,134.68,NaN
30.4400,0.768498,-0.527924,0,134.68,NaN
30.4480,0.947741,-0.473686,1,134.68,NaN
30.4560,1.000000,-0.453257,1,134.68,NaN
30.4640,1.000000,-0.456586,0,134.68,NaN
30.4720,1.000000,0.979839,0,134.68,NaN
30.4800,0.885226,0.911783,0,134.68,NaN
30.4880,0.671306,0.806019,0,134.68,NaN
30.4960,0.472527,0.679372,0,134.68,NaN
30.5040,0.288889,0.549731,0,134.68,NaN
30.5120,0.114042,0.431854,0,134.68,NaN
30.5200,-0.040293,0.336698,0,134.68,NaN
30.5280,-0.155556,0.271716,0,134.68,NaN
30.5360,-0.218559,0.240453,0,134.68,NaN
30.5440,-0.238584,0.242073,0,134.68,NaN
30.5520,-0.218559,0.271695,0,134.68,NaN
30.5600,-0.178022,0.321502,0,134.68,NaN
30.5680,-0.124298,0.382011,0,134.68,NaN
30.5760,-0.078388,0.002503,0,134.68,NaN
30.5840,-0.045665,0.039449,0,134.68,NaN
30.5920,-0.031502,0.061314,0,134.68,NaN
30.6000,-0.036386,0.068265,0,134.68,NaN
30.6080,-0.050061,0.063752,0,134.68,NaN
30.6160,-0.068620,0.052690,0,134.68,NaN
30.6240,-0.086203,0.039778,0,134.68,NaN
30.6320,-0.101343,0.028470,0,134.68,NaN
30.6400,-0.111600,0.020630,0,134.68,NaN
30.6480,-0.116972,0.016669,0,134.68,NaN
30.6560,-0.118437,0.015995,0,134.68,NaN
30.6640,-0.119902,0.017561,0,134.68,NaN
30.6720,-0.119414,0.020265,0,134.68,NaN
30.6800,-0.119414,-0.232735,0,134.68,NaN
30.6880,-0.117460,-0.237523,0,134.68,NaN
30.6960,-0.115995,-0.241521,0,134.68,NaN
30.7040,-0.115507,-0.244324,0,134.68,NaN
30.7120,-0.117460,-0.245126,0,134.68,NaN
30.7200,-0.117460,-0.242861,0,134.68,NaN
30.7280,-0.117460,-0.236546,0,134.68,NaN
30.7360,-0.116972,-0.225609,0,134.68,NaN
30.7440,-0.112576,-0.210072,0,134.68,NaN
30.7520,-0.113553,-0.190499,0,134.68,NaN
30.7600,-0.112088,-0.167762,0,134.68,NaN
30.7680,-0.109646,-0.142878,0,134.68,NaN
30.7760,-0.108181,-0.116940,0,134.68,NaN
30.7840,-0.108669,-0.031582,0,134.68,NaN
30.7920,-0.110623,-0.015408,0,134.68,NaN
30.8000,-0.109646,-0.002151,0,134.68,NaN
30.8080,-0.106716,0.007836,0,134.68,NaN
30.8160,-0.102320,0.014094,0,134.68,NaN
30.8240,-0.102320,0.016374,0,134.68,NaN
30.8320,-0.102808,0.015059,0,134.68,NaN
30.8400,-0.105739,0.011249,0,134.68,NaN
30.8480,-0.108181,0.006474,0,134.68,NaN
30.8560,-0.110134,0.002213,0,134.68,NaN
30.8640,-0.110623,-0.000543,0,134.68,NaN
30.8720,-0.111600,-0.001563,0,134.68,NaN
30.8800,-0.109158,-0.001447,0,134.68,NaN
30.8880,-0.103297,-0.014539,0,134.68,NaN
30.8960,-0.101343,-0.011659,0,134.68,NaN
30.9040,-0.101343,-0.009305,0,134.68,NaN
30.9120,-0.101343,-0.007695,0,134.68,NaN
30.9200,-0.099878,-0.006712,0,134.68,NaN
30.9280,-0.099878,-0.006160,0,134.68,NaN
30.9360,-0.097924,-0.005867,0,134.68,NaN
30.9440,-0.096947,-0.005689,0,134.68,NaN
30.9520,-0.096947,-0.005469,0,134.68,NaN
30.9600,-0.094994,-0.005076,0,134.68,NaN
30.9680,-0.092552,-0.004502,0,134.68,NaN
30.9760,-0.090598,-0.003847,0,134.68,NaN
30.9840,-0.089133,-0.003196,0,134.68,NaN
30.9920,-0.088645,0.004210,0,134.68,NaN
31.0000,-0.087179,0.004307,0,134.68,NaN
31.0080,-0.086203,0.004124,0,134.68,NaN
31.0160,-0.085714,0.003809,0,134.68,NaN
31.0240,-0.085714,0.003660,0,134.68,NaN
31.0320,-0.085714,0.004047,0,134.68,NaN
31.0400,-0.084249,0.005162,0,134.68,NaN
31.0480,-0.079853,0.006759,0,134.68,NaN
31.0560,-0.076435,0.008159,0,134.68,NaN
31.0640,-0.073504,0.008607,0,134.68,NaN
31.0720,-0.075458,0.007710,0,134.68,NaN
31.0800,-0.077411,0.005625,0,134.68,NaN
31.0880,-0.078877,0.002880,0,134.68,NaN
31.0960,-0.082784,-0.006874,0,134.68,NaN
31.1040,-0.085714,-0.009732,0,134.68,NaN
31.1120,-0.086203,-0.010839,0,134.68,NaN
31.1200,-0.084737,-0.009871,0,134.68,NaN
31.1280,-0.077900,-0.007262,0,134.68,NaN
31.1360,-0.071551,-0.004023,0,134.68,NaN
31.1440,-0.068620,-0.001180,0,134.68,NaN
31.1520,-0.066667,0.000681,0,134.68,NaN
31.1600,-0.065201,0.001418,0,134.68,NaN
31.1680,-0.062759,0.001078,0,134.68,NaN
31.1760,-0.062271,-0.000228,0,134.68,NaN
31.1840,-0.063736,-0.002281,0,134.68,NaN
31.1920,-0.064225,-0.004736,0,134.68,NaN
31.2000,-0.062759,-0.000412,0,134.68,NaN
31.2080,-0.060806,-0.001018,0,134.68,NaN
31.2160,-0.060806,-0.001545,0,134.68,NaN
31.2240,-0.059829,-0.002092,0,134.68,NaN
31.2320,-0.059341,-0.002627,0,134.68,NaN
31.2400,-0.059829,-0.003056,0,134.68,NaN
31.2480,-0.056899,-0.003351,0,134.68,NaN
31.2560,-0.054945,-0.003572,0,134.68,NaN
31.2640,-0.054457,-0.003699,0,134.68,NaN
31.2720,-0.054945,-0.003507,0,134.68,NaN
31.2800,-0.052503,-0.002747,0,134.68,NaN
31.2880,-0.048107,-0.001410,0,134.68,NaN
31.2960,-0.045665,0.000254,0,134.68,NaN
31.3040,-0.046154,0.005764,0,134.68,NaN
31.3120,-0.046642,0.005015,0,134.68,NaN
31.3200,-0.046642,0.003980,0,134.68,NaN
31.3280,-0.046642,0.003049,0,134.68,NaN
31.3360,-0.045665,0.002518,0,134.68,NaN
31.3440,-0.045665,0.002550,0,134.68,NaN
31.3520,-0.043223,0.003123,0,134.68,NaN
31.3600,-0.041270,0.003997,0,134.68,NaN
31.3680,-0.038828,0.004785,0,134.68,NaN
31.3760,-0.037851,0.005107,0,134.68,NaN
31.3840,-0.035897,0.004741,0,134.68,NaN
31.3920,-0.037851,0.003721,0,134.68,NaN
31.4000,-0.037363,0.002320,0,134.68,NaN
31.4080,-0.036386,-0.001757,0,134.68,NaN
31.4160,-0.035897,-0.002626,0,134.68,NaN
31.4240,-0.036386,-0.002741,0,134.68,NaN
31.4320,-0.033944,-0.001780,0,134.68,NaN
31.4400,-0.031013,0.000278,0,134.68,NaN
31.4480,-0.025641,0.003025,0,134.68,NaN
31.4560,-0.020757,0.005740,0,134.68,NaN
31.4640,-0.017827,0.007702,0,134.68,NaN
31.4720,-0.016850,0.008465,0,134.68,NaN
31.4800,-0.017338,0.007885,0,134.68,NaN
31.4880,-0.015873,0.005969,0,134.68,NaN
31.4960,-0.016850,0.002848,0,134.68,NaN
31.5040,-0.021245,-0.001043,0,134.68,NaN
31.5120,-0.023199,0.047164,0,134.68,NaN
31.5200,-0.023687,0.045895,0,134.68,NaN
31.5280,-0.025641,0.044325,0,134.68,NaN
31.5360,-0.028571,0.042200,0,134.68,NaN
31.5440,-0.032479,0.039440,0,134.68,NaN
31.5520,-0.038339,0.036200,0,134.68,NaN
31.5600,-0.041270,0.032740,0,134.68,NaN
31.5680,-0.046154,0.029306,0,134.68,NaN
31.5760,-0.050061,0.026144,0,134.68,NaN
31.5840,-0.054457,0.023551,0,134.68,NaN
31.5920,-0.059341,0.021804,0,134.68,NaN
31.6000,-0.059829,0.020951,0,134.68,NaN
31.6080,-0.061294,0.020687,0,134.68,NaN
31.6160,-0.063736,0.027648,0,134.68,NaN
31.6240,-0.069109,0.025585,0,134.68,NaN
31.6320,-0.073016,0.022963,0,134.68,NaN
31.6400,-0.080830,0.020335,0,134.68,NaN
31.6480,-0.084737,0.018262,0,134.68,NaN
31.6560,-0.085714,0.016951,0,134.68,NaN
31.6640,-0.088645,0.016229,0,134.68,NaN
31.6720,-0.093040,0.015803,0,134.68,NaN
31.6800,-0.094994,0.015396,0,134.68,NaN
31.6880,-0.097924,0.014713,0,134.68,NaN
31.6960,-0.101343,0.013484,0,134.68,NaN
31.7040,-0.105250,0.011617,0,134.68,NaN
31.7120,-0.111600,0.009323,0,134.68,NaN
31.7200,-0.115995,-0.027057,0,134.68,NaN
31.7280,-0.116972,-0.028477,0,134.68,NaN
31.7360,-0.119414,-0.028585,0,134.68,NaN
31.7440,-0.119414,-0.027479,0,134.68,NaN
31.7520,-0.119902,-0.025531,0,134.68,NaN
31.7600,-0.116972,-0.023389,0,134.68,NaN
31.7680,-0.116484,-0.021784,0,134.68,NaN
31.7760,-0.116972,-0.021114,0,134.68,NaN
31.7840,-0.122344,-0.021110,0,134.68,NaN
31.7920,-0.126252,-0.020961,0,134.68,NaN
31.8000,-0.127228,-0.019886,0,134.68,NaN
31.8080,-0.125275,-0.017667,0,134.68,NaN
31.8160,-0.124298,-0.014704,0,134.68,NaN
31.8240,-0.122344,-0.028408,0,134.68,NaN
31.8320,-0.118437,-0.024277,0,134.68,NaN
31.8400,-0.115995,-0.020211,0,134.68,NaN
31.8480,-0.112088,-0.016795,0,134.68,NaN
31.8560,-0.112088,-0.014406,0,134.68,NaN
31.8640,-0.112088,-0.013107,0,134.68,NaN
31.8720,-0.112088,-0.012692,0,134.68,NaN
31.8800,-0.114530,-0.012794,0,134.68,NaN
31.8880,-0.114530,-0.013001,0,134.68,NaN
31.8960,-0.115507,-0.012948,0,134.68,NaN
31.9040,-0.116972,-0.012367,0,134.68,NaN
31.9120,-0.115995,-0.011179,0,134.68,NaN
31.9200,-0.114530,-0.009585,0,134.68,NaN
31.9280,-0.111111,-0.015617,0,134.68,NaN
31.9360,-0.110623,-0.015397,0,134.68,NaN
31.9440,-0.114042,-0.015963,0,134.68,NaN
31.9520,-0.115507,-0.016879,0,134.68,NaN
31.9600,-0.114530,-0.017586,0,134.68,NaN
31.9680,-0.114530,-0.017651,0,134.68,NaN
31.9760,-0.115507,-0.016794,0,134.68,NaN
31.9840,-0.112088,-0.014973,0,134.68,NaN
31.9920,-0.108669,-0.012516,0,134.68,NaN
32.0000,-0.104762,-0.010048,0,134.68,NaN
32.0080,-0.101343,-0.008199,0,134.68,NaN
32.0160,-0.099878,-0.007258,0,134.68,NaN
32.0240,-0.100366,-0.006987,0,134.68,NaN
32.0320,-0.099878,0.010522,0,134.68,NaN
32.0400,-0.101832,0.009138,0,134.68,NaN
32.0480,-0.101832,0.007488,0,134.68,NaN
32.0560,-0.105739,0.006175,0,134.68,NaN
32.0640,-0.106716,0.005723,0,134.68,NaN
32.0720,-0.103785,0.006241,0,134.68,NaN
32.0800,-0.101343,0.007305,0,134.68,NaN
32.0880,-0.099878,0.008257,0,134.68,NaN
32.0960,-0.098901,0.008595,0,134.68,NaN
32.1040,-0.100366,0.008157,0,134.68,NaN
32.1120,-0.100855,0.007059,0,134.68,NaN
32.1200,-0.101343,0.005520,0,134.68,NaN
32.1280,-0.102808,0.003757,0,134.68,NaN
32.1360,-0.101832,0.004882,0,134.68,NaN
32.1440,-0.101343,0.006272,0,134.68,NaN
32.1520,-0.097924,0.008418,0,134.68,NaN
32.1600,-0.093529,0.010646,0,134.68,NaN
32.1680,-0.091575,0.012185,0,134.68,NaN
32.1760,-0.092063,0.012567,0,134.68,NaN
32.1840,-0.093529,0.011788,0,134.68,NaN
32.1920,-0.094505,0.010164,0,134.68,NaN
32.2000,-0.095971,0.008141,0,134.68,NaN
32.2080,-0.097924,0.006208,0,134.68,NaN
32.2160,-0.100855,0.004826,0,134.68,NaN
32.2240,-0.100366,0.004223,0,134.68,NaN
32.2320,-0.098901,0.004187,0,134.68,NaN
32.2400,-0.098413,0.001444,0,134.68,NaN
32.2480,-0.096459,0.001293,0,134.68,NaN
32.2560,-0.098901,0.000738,0,134.68,NaN
32.2640,-0.100366,-0.000045,0,134.68,NaN
32.2720,-0.099878,-0.000770,0,134.68,NaN
32.2800,-0.100366,-0.001306,0,134.68,NaN
32.2880,-0.097924,-0.001703,0,134.68,NaN
32.2960,-0.098901,-0.001998,0,134.68,NaN
32.3040,-0.101343,-0.002051,0,134.68,NaN
32.3120,-0.099878,-0.001686,0,134.68,NaN
32.3200,-0.097924,-0.000964,0,134.68,NaN
32.3280,-0.094994,-0.000163,0,134.68,NaN
32.3360,-0.096459,0.000549,0,134.68,NaN
32.3440,-0.098413,-0.002448,0,134.68,NaN
32.3520,-0.099878,-0.004686,0,134.68,NaN
32.3600,-0.101832,-0.007207,0,134.68,NaN
32.3680,-0.105739,-0.009361,0,134.68,NaN
32.3760,-0.106716,-0.010529,0,134.68,NaN
32.3840,-0.106227,-0.010436,0,134.68,NaN
32.3920,-0.102320,-0.009310,0,134.68,NaN
32.4000,-0.100855,-0.007690,0,134.68,NaN
32.4080,-0.099878,-0.006095,0,134.68,NaN
32.4160,-0.096947,-0.004847,0,134.68,NaN
32.4240,-0.097924,-0.004052,0,134.68,NaN
32.4320,-0.095971,-0.003638,0,134.68,NaN
32.4400,-0.095971,-0.003437,0,134.68,NaN
32.4480,-0.096947,-0.000389,0,134.68,NaN
32.4560,-0.098901,-0.001565,0,134.68,NaN
32.4640,-0.100855,-0.002432,0,134.68,NaN
32.4720,-0.100855,-0.002602,0,134.68,NaN
32.4800,-0.099389,-0.002026,0,134.68,NaN
32.4880,-0.097924,-0.000983,0,134.68,NaN
32.4960,-0.095971,0.000109,0,134.68,NaN
32.5040,-0.096459,0.000921,0,134.68,NaN
32.5120,-0.095971,0.001295,0,134.68,NaN
32.5200,-0.095482,0.001185,0,134.68,NaN
32.5280,-0.095482,0.000613,0,134.68,NaN
32.5360,-0.097924,-0.000297,0,134.68,NaN
32.5440,-0.097924,-0.001365,0,134.68,NaN
32.5520,-0.098413,-0.000055,0,134.68,NaN
32.5600,-0.094994,0.000139,0,134.68,NaN
32.5680,-0.094017,-0.000151,0,134.68,NaN
32.5760,-0.096947,-0.001195,0,134.68,NaN
32.5840,-0.099878,-0.002797,0,134.68,NaN
32.5920,-0.100855,-0.004523,0,134.68,NaN
32.6000,-0.101343,-0.006009,0,134.68,NaN
32.6080,-0.101832,-0.006990,0,134.68,NaN
32.6160,-0.103785,-0.007205,0,134.68,NaN
32.6240,-0.102808,-0.006436,0,134.68,NaN
32.6320,-0.100366,-0.004706,0,134.68,NaN
32.6400,-0.096459,-0.002306,0,134.68,NaN
32.6480,-0.094994,0.000392,0,134.68,NaN
32.6560,-0.094994,0.001369,0,134.68,NaN
32.6640,-0.096459,0.000847,0,134.68,NaN
32.6720,-0.097924,-0.000093,0,134.68,NaN
32.6800,-0.098901,-0.000920,0,134.68,NaN
32.6880,-0.098413,-0.001256,0,134.68,NaN
32.6960,-0.098413,-0.000989,0,134.68,NaN
32.7040,-0.096459,-0.000270,0,134.68,NaN
32.7120,-0.095482,0.000586,0,134.68,NaN
32.7200,-0.094505,0.001248,0,134.68,NaN
32.7280,-0.094505,0.001488,0,134.68,NaN
32.7360,-0.094505,0.001244,0,134.68,NaN
32.7440,-0.095971,0.000604,0,134.68,NaN
32.7520,-0.096459,-0.000245,0,134.68,NaN
32.7600,-0.096947,-0.001327,0,134.68,NaN
32.7680,-0.096459,-0.000986,0,134.68,NaN
32.7760,-0.095971,0.000057,0,134.68,NaN
32.7840,-0.093529,0.001645,0,134.68,NaN
32.7920,-0.090598,0.003361,0,134.68,NaN
32.8000,-0.088156,0.004696,0,134.68,NaN
32.8080,-0.088645,0.005321,0,134.68,NaN
32.8160,-0.089133,0.005231,0,134.68,NaN
32.8240,-0.090598,0.004645,0,134.68,NaN
32.8320,-0.091087,0.003780,0,134.68,NaN
32.8400,-0.091087,0.002711,0,134.68,NaN
32.8480,-0.091575,0.001408,0,134.68,NaN
32.8560,-0.094017,-0.000080,0,134.68,NaN
32.8640,-0.093529,-0.006239,0,134.68,NaN
32.8720,-0.091575,-0.005806,0,134.68,NaN
32.8800,-0.089133,-0.005122,0,134.68,NaN
32.8880,-0.087179,-0.004510,0,134.68,NaN
32.8960,-0.086691,-0.004206,0,134.68,NaN
32.9040,-0.086691,-0.004271,0,134.68,NaN
32.9120,-0.086203,-0.004621,0,134.68,NaN
32.9200,-0.086203,-0.005096,0,134.68,NaN
32.9280,-0.085714,-0.005479,0,134.68,NaN
32.9360,-0.086203,-0.005509,0,134.68,NaN
32.9440,-0.085714,-0.004955,0,134.68,NaN
32.9520,-0.082784,-0.003760,0,134.68,NaN
32.9600,-0.078877,-0.002145,0,134.68,NaN
32.9680,-0.079365,0.007197,0,134.68,NaN
32.9760,-0.082295,0.006227,0,134.68,NaN
32.9840,-0.082295,0.004486,0,134.68,NaN
32.9920,-0.085714,0.002538,0,134.68,NaN
33.0000,-0.087179,0.000992,0,134.68,NaN
33.0080,-0.087179,0.000318,0,134.68,NaN
33.0160,-0.087179,0.000702,0,134.68,NaN
33.0240,-0.086203,0.001989,0,134.68,NaN
33.0320,-0.083272,0.003654,0,134.68,NaN
33.0400,-0.079365,0.004899,0,134.68,NaN
33.0480,-0.078877,0.005045,0,134.68,NaN
33.0560,-0.082295,0.003958,0,134.68,NaN
33.0640,-0.083761,0.002100,0,134.68,NaN
33.0720,-0.085714,-0.001337,0,134.68,NaN
33.0800,-0.086203,-0.002872,0,134.68,NaN
33.0880,-0.087179,-0.003562,0,134.68,NaN
33.0960,-0.087179,-0.003163,0,134.68,NaN
33.1040,-0.085714,-0.001692,0,134.68,NaN
33.1120,-0.082295,0.000478,0,134.68,NaN
33.1200,-0.078877,0.002692,0,134.68,NaN
33.1280,-0.076923,0.004281,0,134.68,NaN
33.1360,-0.077411,0.004841,0,134.68,NaN
33.1440,-0.077411,0.004296,0,134.68,NaN
33.1520,-0.078877,0.002801,0,134.68,NaN
33.1600,-0.080830,0.000634,0,134.68,NaN
33.1680,-0.082784,-0.001875,0,134.68,NaN
33.1760,-0.083761,0.001421,0,134.68,NaN
33.1840,-0.083272,0.001647,0,134.68,NaN
33.1920,-0.080342,0.002322,0,134.68,NaN
33.2000,-0.078388,0.002864,0,134.68,NaN
33.2080,-0.080830,0.002877,0,134.68,NaN
33.2160,-0.082295,0.002339,0,134.68,NaN
33.2240,-0.081319,0.001413,0,134.68,NaN
33.2320,-0.082784,0.000283,0,134.68,NaN
33.2400,-0.084249,-0.000784,0,134.68,NaN
33.2480,-0.085714,-0.001419,0,134.68,NaN
33.2560,-0.085714,-0.001290,0,134.68,NaN
33.2640,-0.085714,-0.000306,0,134.68,NaN
33.2720,-0.082784,0.001255,0,134.68,NaN
33.2800,-0.080830,-0.005076,0,134.68,NaN
33.2880,-0.080830,-0.004670,0,134.68,NaN
33.2960,-0.081319,-0.004788,0,134.68,NaN
33.3040,-0.081319,-0.005168,0,134.68,NaN
33.3120,-0.082784,-0.005380,0,134.68,NaN
33.3200,-0.080830,-0.005025,0,134.68,NaN
33.3280,-0.080830,-0.003893,0,134.68,NaN
33.3360,-0.078388,-0.002068,0,134.68,NaN
33.3440,-0.076435,0.000013,0,134.68,NaN
33.3520,-0.072039,0.001579,0,134.68,NaN
33.3600,-0.070574,0.001823,0,134.68,NaN
33.3680,-0.071062,0.000399,0,134.68,NaN
33.3760,-0.076435,-0.002205,0,134.68,NaN
33.3840,-0.078388,-0.037479,0,134.68,NaN
33.3920,-0.080342,-0.041217,0,134.68,NaN
33.4000,-0.080830,-0.043532,0,134.68,NaN
33.4080,-0.079853,-0.043846,0,134.68,NaN
33.4160,-0.076435,-0.041979,0,134.68,NaN
33.4240,-0.070085,-0.038251,0,134.68,NaN
33.4320,-0.062759,-0.033457,0,134.68,NaN
33.4400,-0.054457,-0.028614,0,134.68,NaN
33.4480,-0.049573,-0.024585,0,134.68,NaN
33.4560,-0.046154,-0.021811,0,134.68,NaN
33.4640,-0.041758,-0.020330,0,134.68,NaN
33.4720,-0.039316,-0.019914,0,134.68,NaN
33.4800,-0.037851,-0.020122,0,134.68,NaN
33.4880,-0.032479,-0.002523,0,134.68,NaN
33.4960,-0.030525,-0.000777,0,134.68,NaN
33.5040,-0.027595,0.001694,0,134.68,NaN
33.5120,-0.022222,0.005084,0,134.68,NaN
33.5200,-0.016361,0.009300,0,134.68,NaN
33.5280,-0.010989,0.013892,0,134.68,NaN
33.5360,-0.005128,0.018027,0,134.68,NaN
33.5440,0.003663,0.020546,0,134.68,NaN
33.5520,0.007570,0.020408,0,134.68,NaN
33.5600,0.003175,0.017430,0,134.68,NaN
33.5680,-0.005128,0.012528,0,134.68,NaN
33.5760,-0.008059,0.006985,0,134.68,NaN
33.5840,-0.007570,0.001485,0,134.68,NaN
33.5920,-0.007570,0.074501,0,134.68,NaN
33.6000,-0.006105,0.074124,0,134.68,NaN
33.6080,-0.009524,0.072503,0,134.68,NaN
33.6160,-0.016361,0.069180,0,134.68,NaN
33.6240,-0.021734,0.064263,0,134.68,NaN
33.6320,-0.028083,0.058201,0,134.68,NaN
33.6400,-0.037363,0.051672,0,134.68,NaN
33.6480,-0.045177,0.045517,0,134.68,NaN
33.6560,-0.052503,0.040510,0,134.68,NaN
33.6640,-0.056410,0.037083,0,134.68,NaN
33.6720,-0.059341,0.035207,0,134.68,NaN
33.6800,-0.060806,0.034491,0,134.68,NaN
33.6880,-0.062759,0.034389,0,134.68,NaN
33.6960,-0.066667,0.002500,0,134.68,NaN
33.7040,-0.068620,0.000646,0,134.68,NaN
33.7120,-0.070085,-0.001065,0,134.68,NaN
33.7200,-0.071551,-0.002397,0,134.68,NaN
33.7280,-0.075946,-0.003009,0,134.68,NaN
33.7360,-0.076435,-0.002659,0,134.68,NaN
33.7440,-0.073016,-0.001530,0,134.68,NaN
33.7520,-0.073504,-0.000232,0,134.68,NaN
33.7600,-0.071551,0.000588,0,134.68,NaN
33.7680,-0.075458,0.000635,0,134.68,NaN
33.7760,-0.078388,0.000051,0,134.68,NaN
33.7840,-0.080342,-0.000833,0,134.68,NaN
33.7920,-0.082295,-0.001782,0,134.68,NaN
33.8000,-0.082784,-0.031645,0,134.68,NaN
33.8080,-0.083272,-0.031232,0,134.68,NaN
33.8160,-0.082784,-0.029993,0,134.68,NaN
33.8240,-0.079853,-0.028366,0,134.68,NaN
33.8320,-0.078877,-0.026917,0,134.68,NaN
33.8400,-0.078388,-0.026029,0,134.68,NaN
33.8480,-0.081319,-0.025651,0,134.68,NaN
33.8560,-0.083272,-0.025358,0,134.68,NaN
33.8640,-0.083272,-0.024660,0,134.68,NaN
33.8720,-0.082295,-0.023254,0,134.68,NaN
33.8800,-0.082295,-0.021041,0,134.68,NaN
33.8880,-0.080830,-0.018092,0,134.68,NaN
33.8960,-0.077900,-0.014683,0,134.68,NaN
33.9040,-0.074481,0.010720,0,134.68,NaN
33.9120,-0.071551,0.014455,0,134.68,NaN
33.9200,-0.070574,0.016950,0,134.68,NaN
33.9280,-0.073504,0.018099,0,134.68,NaN
33.9360,-0.075458,0.018223,0,134.68,NaN
33.9440,-0.076923,0.017779,0,134.68,NaN
33.9520,-0.078388,0.017146,0,134.68,NaN
33.9600,-0.082295,0.016586,0,134.68,NaN
33.9680,-0.083761,0.016163,0,134.68,NaN
33.9760,-0.084249,0.015573,0,134.68,NaN
33.9840,-0.084249,0.014192,0,134.68,NaN
33.9920,-0.085714,0.011543,0,134.68,NaN
34.0000,-0.094994,0.007879,0,134.68,NaN
34.0080,-0.111600,-0.556563,0,134.68,NaN
34.0160,-0.130159,-0.598215,0,134.68,NaN
34.0240,-0.149206,-0.640102,0,134.68,NaN
34.0320,-0.163858,-0.677858,0,134.68,NaN
34.0400,-0.167766,-0.706772,0,134.68,NaN
34.0480,-0.158486,-0.722449,0,134.68,NaN
34.0560,-0.131136,-0.721264,0,134.68,NaN
34.0640,-0.082295,-0.700532,0,134.68,NaN
34.0720,-0.016850,-0.658407,0,134.68,NaN
34.0800,0.065690,-0.593942,0,134.68,NaN
34.0880,0.173138,-0.507945,0,134.68,NaN
34.0960,0.305495,-0.404375,0,134.68,NaN
34.1040,0.452503,-0.290938,0,134.68,NaN
34.1120,0.607326,0.694750,0,134.68,NaN
34.1200,0.782173,0.807744,0,134.68,NaN
34.1280,0.968742,0.903344,0,134.68,NaN
34.1360,1.000000,0.969766,0,134.68,NaN
34.1440,1.000000,1.000000,1,134.68,NaN
34.1520,1.000000,0.991281,1,134.68,NaN
34.1600,0.920879,0.944488,0,134.68,NaN
34.1680,0.708913,0.866402,0,134.68,NaN
34.1760,0.499878,0.770087,0,134.68,NaN
34.1840,0.305495,0.670347,0,134.68,NaN
34.1920,0.118926,0.578198,0,134.68,NaN
34.2000,-0.041758,0.497805,0,134.68,NaN
34.2080,-0.156532,0.425935,0,134.68,NaN
34.2160,-0.213675,-0.211535,0,134.68,NaN
34.2240,-0.221978,-0.226659,0,134.68,NaN
34.2320,-0.195116,-0.206184,0,134.68,NaN
34.2400,-0.145788,-0.164288,0,134.68,NaN
34.2480,-0.092552,-0.115884,0,134.68,NaN
34.2560,-0.049573,-0.073478,0,134.68,NaN
34.2640,-0.023199,-0.044949,0,134.68,NaN
34.2720,-0.018803,-0.032811,0,134.68,NaN
34.2800,-0.026129,-0.035082,0,134.68,NaN
34.2880,-0.041758,-0.047282,0,134.68,NaN
34.2960,-0.059829,-0.064641,0,134.68,NaN
34.3040,-0.074481,-0.083700,0,134.68,NaN
34.3120,-0.086691,-0.102872,0,134.68,NaN
34.3200,-0.095971,-0.084497,0,134.68,NaN
34.3280,-0.102320,-0.091652,0,134.68,NaN
34.3360,-0.103785,-0.096003,0,134.68,NaN
34.3440,-0.104274,-0.098390,0,134.68,NaN
34.3520,-0.103785,-0.099520,0,134.68,NaN
34.3600,-0.104274,-0.099693,0,134.68,NaN
34.3680,-0.104274,-0.098777,0,134.68,NaN
34.3760,-0.102320,-0.096400,0,134.68,NaN
34.3840,-0.101343,-0.092118,0,134.68,NaN
34.3920,-0.102320,-0.085479,0,134.68,NaN
34.4000,-0.103785,-0.076199,0,134.68,NaN
34.4080,-0.103785,-0.064505,0,134.68,NaN
34.4160,-0.107204,-0.051317,0,134.68,NaN
34.4240,-0.107692,-0.188454,0,134.68,NaN
34.4320,-0.106716,-0.172736,0,134.68,NaN
34.4400,-0.105739,-0.153761,0,134.68,NaN
34.4480,-0.102808,-0.132925,0,134.68,NaN
34.4560,-0.101343,-0.112004,0,134.68,NaN
34.4640,-0.098901,-0.092941,0,134.68,NaN
34.4720,-0.095971,-0.077511,0,134.68,NaN
34.4800,-0.097924,-0.066857,0,134.68,NaN
34.4880,-0.099389,-0.061224,0,134.68,NaN
34.4960,-0.100855,-0.060112,0,134.68,NaN
34.5040,-0.101343,-0.062620,0,134.68,NaN
34.5120,-0.101343,-0.067662,0,134.68,NaN
34.5200,-0.101343,-0.074056,0,134.68,NaN
34.5280,-0.101343,-0.015528,0,134.68,NaN
34.5360,-0.097924,-0.015738,0,134.68,NaN
34.5440,-0.093040,-0.014717,0,134.68,NaN
34.5520,-0.090598,-0.012961,0,134.68,NaN
34.5600,-0.088156,-0.011076,0,134.68,NaN
34.5680,-0.088645,-0.009486,0,134.68,NaN
34.5760,-0.088645,-0.008378,0,134.68,NaN
34.5840,-0.088156,-0.007778,0,134.68,NaN
34.5920,-0.088156,-0.007604,0,134.68,NaN
34.6000,-0.089133,-0.007613,0,134.68,NaN
34.6080,-0.090598,-0.007442,0,134.68,NaN
34.6160,-0.088156,-0.006847,0,134.68,NaN
34.6240,-0.085714,-0.005916,0,134.68,NaN
34.6320,-0.083272,-0.000867,0,134.68,NaN
34.6400,-0.082295,0.000109,0,134.68,NaN
34.6480,-0.082295,0.000845,0,134.68,NaN
34.6560,-0.079365,0.001318,0,134.68,NaN
34.6640,-0.077411,0.001481,0,134.68,NaN
34.6720,-0.077900,0.001390,0,134.68,NaN
34.6800,-0.077900,0.001315,0,134.68,NaN
34.6880,-0.078388,0.001563,0,134.68,NaN
34.6960,-0.074969,0.002170,0,134.68,NaN
34.7040,-0.072039,0.002790,0,134.68,NaN
34.7120,-0.070085,0.002943,0,134.68,NaN
34.7200,-0.070574,0.002404,0,134.68,NaN
34.7280,-0.071062,0.001365,0,134.68,NaN
34.7360,-0.073016,-0.001510,0,134.68,NaN
34.7440,-0.073504,-0.003560,0,134.68,NaN
34.7520,-0.074481,-0.004963,0,134.68,NaN
34.7600,-0.074481,-0.005284,0,134.68,NaN
34.7680,-0.071551,-0.004396,0,134.68,NaN
34.7760,-0.068132,-0.002563,0,134.68,NaN
34.7840,-0.064713,-0.000328,0,134.68,NaN
34.7920,-0.060317,0.001692,0,134.68,NaN
34.8000,-0.059341,0.002998,0,134.68,NaN
34.8080,-0.056899,0.003296,0,134.68,NaN
34.8160,-0.055922,0.002490,0,134.68,NaN
34.8240,-0.056410,0.000703,0,134.68,NaN
34.8320,-0.057875,-0.001676,0,134.68,NaN
34.8400,-0.058852,0.000283,0,134.68,NaN
34.8480,-0.060806,-0.000786,0,134.68,NaN
34.8560,-0.057875,-0.001000,0,134.68,NaN
34.8640,-0.054457,-0.000675,0,134.68,NaN
34.8720,-0.053480,-0.000337,0,134.68,NaN
34.8800,-0.052991,-0.000345,0,134.68,NaN
34.8880,-0.052503,-0.000766,0,134.68,NaN
34.8960,-0.051526,-0.001470,0,134.68,NaN
34.9040,-0.051038,-0.002205,0,134.68,NaN
34.9120,-0.051038,-0.002623,0,134.68,NaN
34.9200,-0.050061,-0.002379,0,134.68,NaN
34.9280,-0.048107,-0.001335,0,134.68,NaN
34.9360,-0.043712,0.000262,0,134.68,NaN
34.9440,-0.040293,-0.000049,0,134.68,NaN
34.9520,-0.038828,0.000568,0,134.68,NaN
34.9600,-0.038339,0.000310,0,134.68,NaN
34.9680,-0.038828,-0.000713,0,134.68,NaN
34.9760,-0.038828,-0.002216,0,134.68,NaN
34.9840,-0.038339,-0.003868,0,134.68,NaN
34.9920,-0.038828,-0.005316,0,134.68,NaN
35.0000,-0.039316,-0.006156,0,134.68,NaN
35.0080,-0.038828,-0.006065,0,134.68,NaN
35.0160,-0.034432,-0.005001,0,134.68,NaN
35.0240,-0.031013,-0.003237,0,134.68,NaN
35.0320,-0.027595,-0.001141,0,134.68,NaN
35.0400,-0.024664,0.001046,0,134.68,NaN
35.0480,-0.025641,0.007783,0,134.68,NaN
35.0560,-0.024176,0.007175,0,134.68,NaN
35.0640,-0.025641,0.006414,0,134.68,NaN
35.0720,-0.024176,0.006068,0,134.68,NaN
35.0800,-0.023687,0.006530,0,134.68,NaN
35.0880,-0.021734,0.007838,0,134.68,NaN
35.0960,-0.016850,0.009569,0,134.68,NaN
35.1040,-0.012943,0.010975,0,134.68,NaN
35.1120,-0.011966,0.011397,0,134.68,NaN
35.1200,-0.014408,0.010616,0,134.68,NaN
35.1280,-0.013919,0.008796,0,134.68,NaN
35.1360,-0.015385,0.006240,0,134.68,NaN
35.1440,-0.017338,0.003291,0,134.68,NaN
35.1520,-0.018803,0.031761,0,134.68,NaN
35.1600,-0.018803,0.032737,0,134.68,NaN
35.1680,-0.015873,0.034768,0,134.68,NaN
35.1760,-0.011966,0.037230,0,134.68,NaN
35.1840,-0.010501,0.039256,0,134.68,NaN
35.1920,-0.010012,0.040132,0,134.68,NaN
35.2000,-0.011966,0.039503,0,134.68,NaN
35.2080,-0.013919,0.037357,0,134.68,NaN
35.2160,-0.018315,0.033942,0,134.68,NaN
35.2240,-0.022711,0.029684,0,134.68,NaN
35.2320,-0.029548,0.025082,0,134.68,NaN
35.2400,-0.033455,0.020514,0,134.68,NaN
35.2480,-0.037851,0.016086,0,134.68,NaN
35.2560,-0.038828,0.039701,0,134.68,NaN
35.2640,-0.039805,0.038638,0,134.68,NaN
35.2720,-0.043712,0.036980,0,134.68,NaN
35.2800,-0.051038,0.034448,0,134.68,NaN
35.2880,-0.054457,0.031105,0,134.68,NaN
35.2960,-0.060317,0.027155,0,134.68,NaN
35.3040,-0.066667,0.022921,0,134.68,NaN
35.3120,-0.072527,0.018929,0,134.68,NaN
35.3200,-0.080830,0.015848,0,134.68,NaN
35.3280,-0.084249,0.014213,0,134.68,NaN
35.3360,-0.085226,0.014095,0,134.68,NaN
35.3440,-0.085714,0.015090,0,134.68,NaN
35.3520,-0.088156,0.016632,0,134.68,NaN
35.3600,-0.092552,-0.008679,0,134.68,NaN
35.3680,-0.095971,-0.009982,0,134.68,NaN
35.3760,-0.097924,-0.011555,0,134.68,NaN
35.3840,-0.101343,-0.013283,0,134.68,NaN
35.3920,-0.105739,-0.014940,0,134.68,NaN
35.4000,-0.109646,-0.016160,0,134.68,NaN
35.4080,-0.113553,-0.016608,0,134.68,NaN
35.4160,-0.112576,-0.016194,0,134.68,NaN
35.4240,-0.115018,-0.015077,0,134.68,NaN
35.4320,-0.115018,-0.013473,0,134.68,NaN
35.4400,-0.116972,-0.011511,0,134.68,NaN
35.4480,-0.116972,-0.009262,0,134.68,NaN
35.4560,-0.116972,-0.006828,0,134.68,NaN
35.4640,-0.117949,-0.026203,0,134.68,NaN
35.4720,-0.118437,-0.024657,0,134.68,NaN
35.4800,-0.118437,-0.022800,0,134.68,NaN
35.4880,-0.117460,-0.020801,0,134.68,NaN
35.4960,-0.116972,-0.018991,0,134.68,NaN
35.5040,-0.116972,-0.017693,0,134.68,NaN
35.5120,-0.118437,-0.017010,0,134.68,NaN
35.5200,-0.121856,-0.016733,0,134.68,NaN
35.5280,-0.123321,-0.016471,0,134.68,NaN
35.5360,-0.123810,-0.015898,0,134.68,NaN
35.5440,-0.124786,-0.014857,0,134.68,NaN
35.5520,-0.125763,-0.013349,0,134.68,NaN
35.5600,-0.124786,-0.011535,0,134.68,NaN
35.5680,-0.123321,-0.021960,0,134.68,NaN
35.5760,-0.117949,-0.019015,0,134.68,NaN
35.5840,-0.116972,-0.016457,0,134.68,NaN
35.5920,-0.116972,-0.014663,0,134.68,NaN
35.6000,-0.116484,-0.013649,0,134.68,NaN
35.6080,-0.116972,-0.013209,0,134.68,NaN
35.6160,-0.116972,-0.013062,0,134.68,NaN
35.6240,-0.116972,-0.012929,0,134.68,NaN
35.6320,-0.116972,-0.012556,0,134.68,NaN
35.6400,-0.117460,-0.011754,0,134.68,NaN
35.6480,-0.115018,-0.010498,0,134.68,NaN
35.6560,-0.112576,-0.008953,0,134.68,NaN
35.6640,-0.112088,-0.007319,0,134.68,NaN
35.6720,-0.110623,-0.002607,0,134.68,NaN
35.6800,-0.112088,-0.002508,0,134.68,NaN
35.6880,-0.110623,-0.002920,0,134.68,NaN
35.6960,-0.111600,-0.003585,0,134.68,NaN
35.7040,-0.113553,-0.004084,0,134.68,NaN
35.7120,-0.113553,-0.003974,0,134.68,NaN
35.7200,-0.111600,-0.003085,0,134.68,NaN
35.7280,-0.109158,-0.001679,0,134.68,NaN
35.7360,-0.105739,-0.000322,0,134.68,NaN
35.7440,-0.104274,0.000444,0,134.68,NaN
35.7520,-0.104762,0.000430,0,134.68,NaN
35.7600,-0.107692,-0.000142,0,134.68,NaN
35.7680,-0.105739,-0.000938,0,134.68,NaN
35.7760,-0.106716,0.006953,0,134.68,NaN
35.7840,-0.106716,0.006895,0,134.68,NaN
35.7920,-0.106227,0.007331,0,134.68,NaN
35.8000,-0.105250,0.008252,0,134.68,NaN
35.8080,-0.103785,0.009471,0,134.68,NaN
35.8160,-0.101343,0.010645,0,134.68,NaN
35.8240,-0.099878,0.011411,0,134.68,NaN
35.8320,-0.100855,0.011570,0,134.68,NaN
35.8400,-0.101343,0.011117,0,134.68,NaN
35.8480,-0.101343,0.010092,0,134.68,NaN
35.8560,-0.101832,0.008471,0,134.68,NaN
35.8640,-0.102808,0.006253,0,134.68,NaN
35.8720,-0.106227,0.003631,0,134.68,NaN
35.8800,-0.107204,0.002215,0,134.68,NaN
35.8880,-0.103785,0.002824,0,134.68,NaN
35.8960,-0.100855,0.003933,0,134.68,NaN
35.9040,-0.100366,0.004957,0,134.68,NaN
35.9120,-0.099878,0.005528,0,134.68,NaN
35.9200,-0.100366,0.005548,0,134.68,NaN
35.9280,-0.099878,0.005056,0,134.68,NaN
35.9360,-0.099389,0.004142,0,134.68,NaN
35.9440,-0.101343,0.003007,0,134.68,NaN
35.9520,-0.102320,0.002005,0,134.68,NaN
35.9600,-0.103785,0.001509,0,134.68,NaN
35.9680,-0.102320,0.001667,0,134.68,NaN
35.9760,-0.100855,0.002276,0,134.68,NaN
35.9840,-0.099878,0.006213,0,134.68,NaN
35.9920,-0.099878,0.006359,0,134.68,NaN
36.0000,-0.100855,0.006154,0,134.68,NaN
36.0080,-0.101343,0.005782,0,134.68,NaN
36.0160,-0.101343,0.005482,0,134.68,NaN
36.0240,-0.101343,0.005442,0,134.68,NaN
36.0320,-0.101343,0.005752,0,134.68,NaN
36.0400,-0.101343,0.006358,0,134.68,NaN
36.0480,-0.099878,0.006995,0,134.68,NaN
36.0560,-0.098413,0.007211,0,134.68,NaN
36.0640,-0.098413,0.006590,0,134.68,NaN
36.0720,-0.101343,0.005047,0,134.68,NaN
36.0800,-0.103785,0.002914,0,134.68,NaN
36.0880,-0.105250,-0.003716,0,134.68,NaN
36.0960,-0.106227,-0.004874,0,134.68,NaN
36.1040,-0.106227,-0.005088,0,134.68,NaN
36.1120,-0.105739,-0.004298,0,134.68,NaN
36.1200,-0.103785,-0.002717,0,134.68,NaN
36.1280,-0.101343,-0.000833,0,134.68,NaN
36.1360,-0.097924,0.000713,0,134.68,NaN
36.1440,-0.096947,0.001416,0,134.68,NaN
36.1520,-0.099389,0.001198,0,134.68,NaN
36.1600,-0.100855,0.000384,0,134.68,NaN
36.1680,-0.100855,-0.000629,0,134.68,NaN
36.1760,-0.101343,-0.001623,0,134.68,NaN
36.1840,-0.101832,-0.002565,0,134.68,NaN
36.1920,-0.102320,-0.006242,0,134.68,NaN
36.2000,-0.102808,-0.006271,0,134.68,NaN
36.2080,-0.101343,-0.006005,0,134.68,NaN
36.2160,-0.099878,-0.005751,0,134.68,NaN
36.2240,-0.098901,-0.005818,0,134.68,NaN
36.2320,-0.101343,-0.006282,0,134.68,NaN
36.2400,-0.101343,-0.006961,0,134.68,NaN
36.2480,-0.101343,-0.007592,0,134.68,NaN
36.2560,-0.100855,-0.007931,0,134.68,NaN
36.2640,-0.101343,-0.007730,0,134.68,NaN
36.2720,-0.100855,-0.006760,0,134.68,NaN
36.2800,-0.098413,-0.004978,0,134.68,NaN
36.2880,-0.094994,-0.002667,0,134.68,NaN
36.2960,-0.094017,0.002357,0,134.68,NaN
36.3040,-0.094017,0.002459,0,134.68,NaN
36.3120,-0.095482,0.001867,0,134.68,NaN
36.3200,-0.097924,0.001002,0,134.68,NaN
36.3280,-0.096947,0.000271,0,134.68,NaN
36.3360,-0.096459,-0.000132,0,134.68,NaN
36.3440,-0.096947,-0.000158,0,134.68,NaN
36.3520,-0.097924,0.000204,0,134.68,NaN
36.3600,-0.095971,0.000847,0,134.68,NaN
36.3680,-0.094017,0.001467,0,134.68,NaN
36.3760,-0.093529,0.001719,0,134.68,NaN
36.3840,-0.094505,0.001478,0,134.68,NaN
36.3920,-0.094994,0.000905,0,134.68,NaN
36.4000,-0.097924,-0.004174,0,134.68,NaN
36.4080,-0.100855,-0.006232,0,134.68,NaN
36.4160,-0.101343,-0.007705,0,134.68,NaN
36.4240,-0.101343,-0.008196,0,134.68,NaN
36.4320,-0.101343,-0.007552,0,134.68,NaN
36.4400,-0.099878,-0.005918,0,134.68,NaN
36.4480,-0.094017,-0.003796,0,134.68,NaN
36.4560,-0.092552,-0.001885,0,134.68,NaN
36.4640,-0.090598,-0.000750,0,134.68,NaN
36.4720,-0.090598,-0.000585,0,134.68,NaN
36.4800,-0.093040,-0.001239,0,134.68,NaN
36.4880,-0.092063,-0.002410,0,134.68,NaN
36.4960,-0.093529,-0.003816,0,134.68,NaN
36.5040,-0.094505,0.006098,0,134.68,NaN
36.5120,-0.096459,0.006251,0,134.68,NaN
36.5200,-0.094017,0.007003,0,134.68,NaN
36.5280,-0.091087,0.008002,0,134.68,NaN
36.5360,-0.090598,0.008742,0,134.68,NaN
36.5440,-0.092063,0.008891,0,134.68,NaN
36.5520,-0.092063,0.008378,0,134.68,NaN
36.5600,-0.093529,0.007300,0,134.68,NaN
36.5680,-0.094505,0.005872,0,134.68,NaN
36.5760,-0.097924,0.004450,0,134.68,NaN
36.5840,-0.099878,0.003438,0,134.68,NaN
36.5920,-0.100855,0.003059,0,134.68,NaN
36.6000,-0.099389,0.003161,0,134.68,NaN
36.6080,-0.094994,-0.009129,0,134.68,NaN
36.6160,-0.092552,-0.007630,0,134.68,NaN
36.6240,-0.093040,-0.006545,0,134.68,NaN
36.6320,-0.093040,-0.005973,0,134.68,NaN
36.6400,-0.091087,-0.005808,0,134.68,NaN
36.6480,-0.090598,-0.005893,0,134.68,NaN
36.6560,-0.092063,-0.005991,0,134.68,NaN
36.6640,-0.091087,-0.005819,0,134.68,NaN
36.6720,-0.091087,-0.005239,0,134.68,NaN
36.6800,-0.087668,-0.004387,0,134.68,NaN
36.6880,-0.086203,-0.003585,0,134.68,NaN
36.6960,-0.085714,-0.003070,0,134.68,NaN
36.7040,-0.085714,-0.002809,0,134.68,NaN
36.7120,-0.085714,0.002834,0,134.68,NaN
36.7200,-0.085714,0.001702,0,134.68,NaN
36.7280,-0.086691,-0.000005,0,134.68,NaN
36.7360,-0.088645,-0.001932,0,134.68,NaN
36.7440,-0.092063,-0.003462,0,134.68,NaN
36.7520,-0.093529,-0.003982,0,134.68,NaN
36.7600,-0.091087,-0.003307,0,134.68,NaN
36.7680,-0.087179,-0.001853,0,134.68,NaN
36.7760,-0.085714,-0.000332,0,134.68,NaN
36.7840,-0.085226,0.000695,0,134.68,NaN
36.7920,-0.084737,0.001027,0,134.68,NaN
36.8000,-0.085714,0.000770,0,134.68,NaN
36.8080,-0.085714,0.000196,0,134.68,NaN
36.8160,-0.085714,0.005675,0,134.68,NaN
36.8240,-0.086203,0.006219,0,134.68,NaN
36.8320,-0.085714,0.007535,0,134.68,NaN
36.8400,-0.082784,0.009498,0,134.68,NaN
36.8480,-0.080342,0.011591,0,134.68,NaN
36.8560,-0.076923,0.013097,0,134.68,NaN
36.8640,-0.077411,0.013455,0,134.68,NaN
36.8720,-0.079365,0.012539,0,134.68,NaN
36.8800,-0.080830,0.010674,0,134.68,NaN
36.8880,-0.085226,0.008427,0,134.68,NaN
36.8960,-0.085714,0.006328,0,134.68,NaN
36.9040,-0.088156,0.004642,0,134.68,NaN
36.9120,-0.088156,0.003284,0,134.68,NaN
36.9200,-0.085714,-0.005262,0,134.68,NaN
36.9280,-0.082295,-0.003885,0,134.68,NaN
36.9360,-0.080830,-0.002740,0,134.68,NaN
36.9440,-0.080830,-0.002273,0,134.68,NaN
36.9520,-0.081319,-0.002540,0,134.68,NaN
36.9600,-0.081319,-0.003309,0,134.68,NaN
36.9680,-0.083272,-0.004203,0,134.68,NaN
36.9760,-0.082295,-0.004842,0,134.68,NaN
36.9840,-0.083272,-0.004946,0,134.68,NaN
36.9920,-0.082784,-0.004416,0,134.68,NaN
37.0000,-0.079365,-0.003387,0,134.68,NaN
37.0080,-0.077900,-0.002140,0,134.68,NaN
37.0160,-0.077411,-0.000874,0,134.68,NaN
37.0240,-0.080342,0.000883,0,134.68,NaN
37.0320,-0.079365,-0.000190,0,134.68,NaN
37.0400,-0.080342,-0.001690,0,134.68,NaN
37.0480,-0.081319,-0.003328,0,134.68,NaN
37.0560,-0.085226,-0.004632,0,134.68,NaN
37.0640,-0.084737,-0.005112,0,134.68,NaN
37.0720,-0.084249,-0.004596,0,134.68,NaN
37.0800,-0.080830,-0.003384,0,134.68,NaN
37.0880,-0.078388,-0.002059,0,134.68,NaN
37.0960,-0.077900,-0.001113,0,134.68,NaN
37.1040,-0.078388,-0.000687,0,134.68,NaN
37.1120,-0.078877,-0.000628,0,134.68,NaN
37.1200,-0.077900,-0.000716,0,134.68,NaN
37.1280,-0.076435,-0.037562,0,134.68,NaN
37.1360,-0.074481,-0.036800,0,134.68,NaN
37.1440,-0.070574,-0.034906,0,134.68,NaN
37.1520,-0.067155,-0.032108,0,134.68,NaN
37.1600,-0.058852,-0.028966,0,134.68,NaN
37.1680,-0.053968,-0.026148,0,134.68,NaN
37.1760,-0.051526,-0.024026,0,134.68,NaN
37.1840,-0.049573,-0.022492,0,134.68,NaN
37.1920,-0.046642,-0.021195,0,134.68,NaN
37.2000,-0.041270,-0.019891,0,134.68,NaN
37.2080,-0.038828,-0.018534,0,134.68,NaN
37.2160,-0.033944,-0.017173,0,134.68,NaN
37.2240,-0.031013,-0.015848,0,134.68,NaN
37.2320,-0.024664,0.030040,0,134.68,NaN
37.2400,-0.018803,0.036295,0,134.68,NaN
37.2480,-0.008059,0.041738,0,134.68,NaN
37.2560,-0.003175,0.044932,0,134.68,NaN
37.2640,-0.003663,0.044993,0,134.68,NaN
37.2720,-0.007570,0.042108,0,134.68,NaN
37.2800,-0.013919,0.037417,0,134.68,NaN
37.2880,-0.019780,0.032410,0,134.68,NaN
37.2960,-0.022222,0.028238,0,134.68,NaN
37.3040,-0.022711,0.025311,0,134.68,NaN
37.3120,-0.023199,0.023392,0,134.68,NaN
37.3200,-0.023199,0.022000,0,134.68,NaN
37.3280,-0.025153,0.020768,0,134.68,NaN
37.3360,-0.031502,0.058884,0,134.68,NaN
37.3440,-0.038339,0.054109,0,134.68,NaN
37.3520,-0.043223,0.047980,0,134.68,NaN
37.3600,-0.052503,0.041094,0,134.68,NaN
37.3680,-0.061294,0.034339,0,134.68,NaN
37.3760,-0.070085,0.028752,0,134.68,NaN
37.3840,-0.074969,0.025103,0,134.68,NaN
37.3920,-0.077411,0.023509,0,134.68,NaN
37.4000,-0.076435,0.023361,0,134.68,NaN
37.4080,-0.076923,0.023662,0,134.68,NaN
37.4160,-0.077411,0.023599,0,134.68,NaN
37.4240,-0.084249,0.022932,0,134.68,NaN
37.4320,-0.085226,0.021911,0,134.68,NaN
37.4400,-0.085714,-0.019045,0,134.68,NaN
37.4480,-0.085714,-0.019377,0,134.68,NaN
37.4560,-0.085714,-0.018981,0,134.68,NaN
37.4640,-0.085714,-0.017989,0,134.68,NaN
37.4720,-0.084249,-0.016613,0,134.68,NaN
37.4800,-0.083272,-0.015156,0,134.68,NaN
37.4880,-0.081319,-0.013910,0,134.68,NaN
37.4960,-0.083272,-0.013010,0,134.68,NaN
37.5040,-0.082784,-0.012389,0,134.68,NaN
37.5120,-0.083761,-0.011880,0,134.68,NaN
37.5200,-0.084249,-0.011338,0,134.68,NaN
37.5280,-0.084737,-0.010692,0,134.68,NaN
37.5360,-0.085226,-0.009958,0,134.68,NaN
37.5440,-0.085714,-0.024522,0,134.68,NaN
37.5520,-0.084249,-0.022001,0,134.68,NaN
37.5600,-0.080342,-0.018805,0,134.68,NaN
37.5680,-0.077411,-0.015648,0,134.68,NaN
37.5760,-0.075458,-0.013258,0,134.68,NaN
37.5840,-0.077411,-0.012039,0,134.68,NaN
37.5920,-0.076923,-0.012001,0,134.68,NaN
37.6000,-0.078388,-0.012848,0,134.68,NaN
37.6080,-0.080830,-0.014004,0,134.68,NaN
37.6160,-0.085226,-0.014652,0,134.68,NaN
37.6240,-0.085714,-0.014058,0,134.68,NaN
37.6320,-0.083761,-0.012019,0,134.68,NaN
37.6400,-0.080342,-0.009029,0,134.68,NaN
37.6480,-0.078388,0.092547,0,134.68,NaN
37.6560,-0.076435,0.099058,0,134.68,NaN
37.6640,-0.076923,0.104680,0,134.68,NaN
37.6720,-0.078388,0.109126,0,134.68,NaN
37.6800,-0.078877,0.112076,0,134.68,NaN
37.6880,-0.082295,0.113025,0,134.68,NaN
37.6960,-0.087668,0.111352,0,134.68,NaN
37.7040,-0.095971,0.106541,0,134.68,NaN
37.7120,-0.108669,0.098446,0,134.68,NaN
37.7200,-0.124298,0.087496,0,134.68,NaN
37.7280,-0.145299,0.074682,0,134.68,NaN
37.7360,-0.164347,0.061132,0,134.68,NaN
37.7440,-0.178999,0.047533,0,134.68,NaN
37.7520,-0.179487,-0.959794,0,134.68,NaN
37.7600,-0.163858,-0.987251,0,134.68,NaN
37.7680,-0.132112,-1.000000,0,134.68,NaN
37.7760,-0.080342,-0.995804,0,134.68,NaN
37.7840,-0.010989,-0.972987,0,134.68,NaN
37.7920,0.084737,-0.930792,0,134.68,NaN
37.8000,0.199512,-0.870064,0,134.68,NaN
37.8080,0.336264,-0.793993,0,134.68,NaN
37.8160,0.481807,-0.708684,0,134.68,NaN
37.8240,0.636142,-0.623376,0,134.68,NaN
37.8320,0.813431,-0.549317,0,134.68,NaN
37.8400,0.997070,-0.494685,0,134.68,NaN
37.8480,1.000000,-0.456321,0,134.68,NaN
37.8560,1.000000,1.000000,1,134.68,NaN
37.8640,1.000000,0.975101,1,134.68,NaN
37.8720,0.856410,0.906204,0,134.68,NaN
37.8800,0.643956,0.803067,0,134.68,NaN
37.8880,0.441270,0.681703,0,134.68,NaN
37.8960,0.242979,0.559578,0,134.68,NaN
37.9040,0.062759,0.451937,0,134.68,NaN
37.9120,-0.088645,0.370450,0,134.68,NaN
37.9200,-0.186813,0.322432,0,134.68,NaN
37.9280,-0.229792,0.310010,0,134.68,NaN
37.9360,-0.227839,0.329921,0,134.68,NaN
37.9440,-0.191697,0.374281,0,134.68,NaN
37.9520,-0.137485,0.431942,0,134.68,NaN
37.9600,-0.085226,-0.015980,0,134.68,NaN
37.9680,-0.045177,0.027210,0,134.68,NaN
37.9760,-0.026618,0.055180,0,134.68,NaN
37.9840,-0.025641,0.066619,0,134.68,NaN
37.9920,-0.038339,0.064273,0,134.68,NaN
38.0000,-0.055922,0.053070,0,134.68,NaN
38.0080,-0.077411,0.038370,0,134.68,NaN
38.0160,-0.096947,0.024713,0,134.68,NaN
38.0240,-0.108669,0.015052,0,134.68,NaN
38.0320,-0.115507,0.010465,0,134.68,NaN
38.0400,-0.114530,0.010409,0,134.68,NaN
38.0480,-0.111600,0.013406,0,134.68,NaN
38.0560,-0.111600,0.017850,0,134.68,NaN
38.0640,-0.110623,-0.200322,0,134.68,NaN
38.0720,-0.110134,-0.205154,0,134.68,NaN
38.0800,-0.111600,-0.210151,0,134.68,NaN
38.0880,-0.113553,-0.214418,0,134.68,NaN
38.0960,-0.116484,-0.216780,0,134.68,NaN
38.1040,-0.115995,-0.216157,0,134.68,NaN
38.1120,-0.115507,-0.211821,0,134.68,NaN
38.1200,-0.114530,-0.203376,0,134.68,NaN
38.1280,-0.115507,-0.190615,0,134.68,NaN
38.1360,-0.116972,-0.173525,0,134.68,NaN
38.1440,-0.116972,-0.152516,0,134.68,NaN
38.1520,-0.116484,-0.128555,0,134.68,NaN
38.1600,-0.115995,-0.103038,0,134.68,NaN
38.1680,-0.116484,-0.058083,0,134.68,NaN
38.1760,-0.114530,-0.038152,0,134.68,NaN
38.1840,-0.110623,-0.020633,0,134.68,NaN
38.1920,-0.107692,-0.006863,0,134.68,NaN
38.2000,-0.104274,0.002204,0,134.68,NaN
38.2080,-0.104274,0.006322,0,134.68,NaN
38.2160,-0.105739,0.006126,0,134.68,NaN
38.2240,-0.108181,0.002983,0,134.68,NaN
38.2320,-0.109646,-0.001424,0,134.68,NaN
38.2400,-0.110134,-0.005582,0,134.68,NaN
38.2480,-0.111111,-0.008470,0,134.68,NaN
38.2560,-0.111600,-0.009776,0,134.68,NaN
38.2640,-0.108669,-0.010012,0,134.68,NaN
38.2720,-0.105250,-0.020122,0,134.68,NaN
38.2800,-0.101343,-0.017176,0,134.68,NaN
38.2880,-0.100366,-0.014524,0,134.68,NaN
38.2960,-0.100855,-0.012522,0,134.68,NaN
38.3040,-0.098901,-0.011172,0,134.68,NaN
38.3120,-0.097924,-0.010345,0,134.68,NaN
38.3200,-0.095971,-0.009873,0,134.68,NaN
38.3280,-0.095971,-0.009518,0,134.68,NaN
38.3360,-0.094505,-0.009011,0,134.68,NaN
38.3440,-0.092552,-0.008211,0,134.68,NaN
38.3520,-0.088645,-0.007225,0,134.68,NaN
38.3600,-0.085714,-0.006288,0,134.68,NaN
38.3680,-0.085226,-0.005504,0,134.68,NaN
38.3760,-0.085714,0.004176,0,134.68,NaN
38.3840,-0.085714,0.003169,0,134.68,NaN
38.3920,-0.085714,0.001870,0,134.68,NaN
38.4000,-0.086203,0.000692,0,134.68,NaN
38.4080,-0.086203,0.000109,0,134.68,NaN
38.4160,-0.087179,0.000536,0,134.68,NaN
38.4240,-0.083272,0.002042,0,134.68,NaN
38.4320,-0.078388,0.004154,0,134.68,NaN
38.4400,-0.074481,0.006026,0,134.68,NaN
38.4480,-0.072527,0.006868,0,134.68,NaN
38.4560,-0.072039,0.006299,0,134.68,NaN
38.4640,-0.073504,0.004448,0,134.68,NaN
38.4720,-0.074969,0.001843,0,134.68,NaN
38.4800,-0.074969,0.008115,0,134.68,NaN
38.4880,-0.074481,0.007258,0,134.68,NaN
38.4960,-0.074969,0.007300,0,134.68,NaN
38.5040,-0.072527,0.008325,0,134.68,NaN
38.5120,-0.070085,0.010138,0,134.68,NaN
38.5200,-0.066667,0.012272,0,134.68,NaN
38.5280,-0.062271,0.014110,0,134.68,NaN
38.5360,-0.061783,0.015116,0,134.68,NaN
38.5440,-0.061294,0.014995,0,134.68,NaN
38.5520,-0.060317,0.013659,0,134.68,NaN
38.5600,-0.061783,0.011183,0,134.68,NaN
38.5680,-0.065201,0.007839,0,134.68,NaN
38.5760,-0.067155,0.004043,0,134.68,NaN
38.5840,-0.065201,-0.004291,0,134.68,NaN
38.5920,-0.061783,-0.003557,0,134.68,NaN
38.6000,-0.057875,-0.002345,0,134.68,NaN
38.6080,-0.055433,-0.001444,0,134.68,NaN
38.6160,-0.054457,-0.001355,0,134.68,NaN
38.6240,-0.054457,-0.002123,0,134.68,NaN
38.6320,-0.054945,-0.003411,0,134.68,NaN
38.6400,-0.054945,-0.004688,0,134.68,NaN
38.6480,-0.054457,-0.005429,0,134.68,NaN
38.6560,-0.053968,-0.005274,0,134.68,NaN
38.6640,-0.049573,-0.004147,0,134.68,NaN
38.6720,-0.047131,-0.002254,0,134.68,NaN
38.6800,-0.043223,0.000038,0,134.68,NaN
38.6880,-0.042247,0.005713,0,134.68,NaN
38.6960,-0.042735,0.005265,0,134.68,NaN
38.7040,-0.043712,0.004240,0,134.68,NaN
38.7120,-0.042247,0.003067,0,134.68,NaN
38.7200,-0.042247,0.002140,0,134.68,NaN
38.7280,-0.043223,0.001801,0,134.68,NaN
38.7360,-0.040781,0.002245,0,134.68,NaN
38.7440,-0.038828,0.003356,0,134.68,NaN
38.7520,-0.035897,0.004673,0,134.68,NaN
38.7600,-0.031990,0.005553,0,134.68,NaN
38.7680,-0.031502,0.005469,0,134.68,NaN
38.7760,-0.031990,0.004314,0,134.68,NaN
38.7840,-0.033455,0.002469,0,134.68,NaN
38.7920,-0.031502,0.005435,0,134.68,NaN
38.8000,-0.031013,0.005498,0,134.68,NaN
38.8080,-0.030037,0.006363,0,134.68,NaN
38.8160,-0.026618,0.007984,0,134.68,NaN
38.8240,-0.023199,0.010028,0,134.68,NaN
38.8320,-0.020757,0.011966,0,134.68,NaN
38.8400,-0.016850,0.013248,0,134.68,NaN
38.8480,-0.016850,0.013500,0,134.68,NaN
38.8560,-0.017338,0.012660,0,134.68,NaN
38.8640,-0.018315,0.010934,0,134.68,NaN
38.8720,-0.019780,0.008627,0,134.68,NaN
38.8800,-0.020757,0.006006,0,134.68,NaN
38.8880,-0.022222,0.003252,0,134.68,NaN
38.8960,-0.023199,0.041217,0,134.68,NaN
38.9040,-0.022222,0.042168,0,134.68,NaN
38.9120,-0.020757,0.043150,0,134.68,NaN
38.9200,-0.020757,0.043553,0,134.68,NaN
38.9280,-0.023199,0.042930,0,134.68,NaN
38.9360,-0.025641,0.041159,0,134.68,NaN
38.9440,-0.030525,0.038395,0,134.68,NaN
38.9520,-0.033455,0.034947,0,134.68,NaN
38.9600,-0.038828,0.031190,0,134.68,NaN
38.9680,-0.043712,0.027551,0,134.68,NaN
38.9760,-0.049084,0.024427,0,134.68,NaN
38.9840,-0.052503,0.022006,0,134.68,NaN
38.9920,-0.054457,0.020099,0,134.68,NaN
39.0000,-0.056899,0.026770,0,134.68,NaN
39.0080,-0.063736,0.024249,0,134.68,NaN
39.0160,-0.068620,0.021342,0,134.68,NaN
39.0240,-0.071551,0.018247,0,134.68,NaN
39.0320,-0.078388,0.015238,0,134.68,NaN
39.0400,-0.083272,0.012667,0,134.68,NaN
39.0480,-0.087179,0.010833,0,134.68,NaN
39.0560,-0.090110,0.009804,0,134.68,NaN
39.0640,-0.092552,0.009385,0,134.68,NaN
39.0720,-0.093529,0.009238,0,134.68,NaN
39.0800,-0.097436,0.009099,0,134.68,NaN
39.0880,-0.101343,0.008914,0,134.68,NaN
39.0960,-0.103297,0.008741,0,134.68,NaN
39.1040,-0.107692,-0.021235,0,134.68,NaN
39.1120,-0.109646,-0.022699,0,134.68,NaN
39.1200,-0.111600,-0.023717,0,134.68,NaN
39.1280,-0.115507,-0.024113,0,134.68,NaN
39.1360,-0.116484,-0.023747,0,134.68,NaN
39.1440,-0.116972,-0.022655,0,134.68,NaN
39.1520,-0.116484,-0.021097,0,134.68,NaN
39.1600,-0.116972,-0.019415,0,134.68,NaN
39.1680,-0.116972,-0.017853,0,134.68,NaN
39.1760,-0.119414,-0.016455,0,134.68,NaN
39.1840,-0.119902,-0.015127,0,134.68,NaN
39.1920,-0.120391,-0.013781,0,134.68,NaN
39.2000,-0.121368,-0.012401,0,134.68,NaN
39.2080,-0.121856,-0.027025,0,134.68,NaN
39.2160,-0.120391,-0.024868,0,134.68,NaN
39.2240,-0.117949,-0.022398,0,134.68,NaN
39.2320,-0.116972,-0.020018,0,134.68,NaN
39.2400,-0.116972,-0.017997,0,134.68,NaN
39.2480,-0.117460,-0.016377,0,134.68,NaN
39.2560,-0.117949,-0.015088,0,134.68,NaN
39.2640,-0.116972,-0.014109,0,134.68,NaN
39.2720,-0.116972,-0.013474,0,134.68,NaN
39.2800,-0.117949,-0.013106,0,134.68,NaN
39.2880,-0.120879,-0.012709,0,134.68,NaN
39.2960,-0.122344,-0.011951,0,134.68,NaN
39.3040,-0.119902,-0.010822,0,134.68,NaN
39.3120,-0.117460,-0.020113,0,134.68,NaN
39.3200,-0.116484,-0.018798,0,134.68,NaN
39.3280,-0.116972,-0.017545,0,134.68,NaN
39.3360,-0.116484,-0.016285,0,134.68,NaN
39.3440,-0.114042,-0.014953,0,134.68,NaN
39.3520,-0.111600,-0.013610,0,134.68,NaN
39.3600,-0.110623,-0.012327,0,134.68,NaN
39.3680,-0.110623,-0.011045,0,134.68,NaN
39.3760,-0.109646,-0.009686,0,134.68,NaN
39.3840,-0.106227,-0.008388,0,134.68,NaN
39.3920,-0.103297,-0.007531,0,134.68,NaN
39.4000,-0.102320,-0.007415,0,134.68,NaN
39.4080,-0.104274,-0.007893,0,134.68,NaN
39.4160,-0.102808,0.003706,0,134.68,NaN
39.4240,-0.102808,0.003250,0,134.68,NaN
39.4320,-0.103785,0.002727,0,134.68,NaN
39.4400,-0.102808,0.002348,0,134.68,NaN
39.4480,-0.104274,0.002283,0,134.68,NaN
39.4560,-0.102808,0.002560,0,134.68,NaN
39.4640,-0.100855,0.002973,0,134.68,NaN
39.4720,-0.098901,0.003172,0,134.68,NaN
39.4800,-0.099389,0.002953,0,134.68,NaN
39.4880,-0.100855,0.002441,0,134.68,NaN
39.4960,-0.101343,0.001962,0,134.68,NaN
39.5040,-0.099878,0.001735,0,134.68,NaN
39.5120,-0.098901,0.001721,0,134.68,NaN
39.5200,-0.099878,0.006289,0,134.68,NaN
39.5280,-0.101343,0.006689,0,134.68,NaN
39.5360,-0.099389,0.007705,0,134.68,NaN
39.5440,-0.095482,0.009105,0,134.68,NaN
39.5520,-0.094017,0.010360,0,134.68,NaN
39.5600,-0.093529,0.010971,0,134.68,NaN
39.5680,-0.092552,0.010683,0,134.68,NaN
39.5760,-0.094505,0.009542,0,134.68,NaN
39.5840,-0.095971,0.007861,0,134.68,NaN
39.5920,-0.096947,0.006102,0,134.68,NaN
39.6000,-0.099389,0.004716,0,134.68,NaN
39.6080,-0.099878,0.003960,0,134.68,NaN
39.6160,-0.097924,0.003697,0,134.68,NaN
39.6240,-0.095971,0.000524,0,134.68,NaN
39.6320,-0.093529,0.000447,0,134.68,NaN
39.6400,-0.095482,-0.000526,0,134.68,NaN
39.6480,-0.097924,-0.002322,0,134.68,NaN
39.6560,-0.099878,-0.004476,0,134.68,NaN
39.6640,-0.101343,-0.006435,0,134.68,NaN
39.6720,-0.101343,-0.007763,0,134.68,NaN
39.6800,-0.102320,-0.008171,0,134.68,NaN
39.6880,-0.101343,-0.007531,0,134.68,NaN
39.6960,-0.099878,-0.005963,0,134.68,NaN
39.7040,-0.094505,-0.003870,0,134.68,NaN
39.7120,-0.092063,-0.001728,0,134.68,NaN
39.7200,-0.091575,0.000266,0,134.68,NaN
39.7280,-0.092063,0.009837,0,134.68,NaN
39.7360,-0.092552,0.009272,0,134.68,NaN
39.7440,-0.093529,0.008058,0,134.68,NaN
39.7520,-0.094994,0.006536,0,134.68,NaN
39.7600,-0.096947,0.005102,0,134.68,NaN
39.7680,-0.098901,0.004151,0,134.68,NaN
39.7760,-0.098901,0.003908,0,134.68,NaN
39.7840,-0.097924,0.004302,0,134.68,NaN
39.7920,-0.096947,0.004992,0,134.68,NaN
39.8000,-0.096459,0.005535,0,134.68,NaN
39.8080,-0.095971,0.005556,0,134.68,NaN
39.8160,-0.095971,0.004895,0,134.68,NaN
39.8240,-0.098901,0.003743,0,134.68,NaN
39.8320,-0.100855,0.002803,0,134.68,NaN
39.8400,-0.101343,0.002461,0,134.68,NaN
39.8480,-0.101343,0.002985,0,134.68,NaN
39.8560,-0.099389,0.004202,0,134.68,NaN
39.8640,-0.097924,0.005561,0,134.68,NaN
39.8720,-0.094994,0.006375,0,134.68,NaN
39.8800,-0.096459,0.006199,0,134.68,NaN
39.8880,-0.100366,0.005098,0,134.68,NaN
39.8960,-0.101343,0.003523,0,134.68,NaN
39.9040,-0.101832,0.001995,0,134.68,NaN
39.9120,-0.105739,0.000971,0,134.68,NaN
39.9200,-0.106716,0.000721,0,134.68,NaN
39.9280,-0.104274,0.001085,0,134.68,NaN
39.9360,-0.101832,-0.010614,0,134.68,NaN
39.9440,-0.100366,-0.009482,0,134.68,NaN
39.9520,-0.099389,-0.008889,0,134.68,NaN
39.9600,-0.098901,-0.009074,0,134.68,NaN
39.9680,-0.100855,-0.009910,0,134.68,NaN
39.9760,-0.101832,-0.011005,0,134.68,NaN
39.9840,-0.101832,-0.011913,0,134.68,NaN
39.9920,-0.101343,-0.012288,0,134.68,NaN
40.0000,-0.101343,-0.011890,0,134.68,NaN
40.0080,-0.101343,-0.010612,0,134.68,NaN
40.0160,-0.095971,-0.008609,0,134.68,NaN
40.0240,-0.093040,-0.006255,0,134.68,NaN
40.0320,-0.092063,-0.003842,0,134.68,NaN
40.0400,-0.093529,0.008385,0,134.68,NaN
40.0480,-0.094017,0.007586,0,134.68,NaN
40.0560,-0.096947,0.006135,0,134.68,NaN
40.0640,-0.097924,0.004488,0,134.68,NaN
40.0720,-0.099878,0.003052,0,134.68,NaN
40.0800,-0.101343,0.002109,0,134.68,NaN
40.0880,-0.101343,0.001766,0,134.68,NaN
40.0960,-0.101343,0.001927,0,134.68,NaN
40.1040,-0.100366,0.002340,0,134.68,NaN
40.1120,-0.100366,0.002729,0,134.68,NaN
40.1200,-0.100366,0.002923,0,134.68,NaN
40.1280,-0.101343,0.002904,0,134.68,NaN
40.1360,-0.101343,0.002764,0,134.68,NaN
40.1440,-0.101343,-0.004831,0,134.68,NaN
40.1520,-0.099878,-0.004343,0,134.68,NaN
40.1600,-0.100366,-0.003355,0,134.68,NaN
40.1680,-0.098413,-0.001946,0,134.68,NaN
40.1760,-0.094994,-0.000420,0,134.68,NaN
40.1840,-0.093529,0.000779,0,134.68,NaN
40.1920,-0.092552,0.001337,0,134.68,NaN
40.2000,-0.094017,0.001234,0,134.68,NaN
40.2080,-0.094505,0.000688,0,134.68,NaN
40.2160,-0.094017,-0.000037,0,134.68,NaN
40.2240,-0.094994,-0.000734,0,134.68,NaN
40.2320,-0.095971,-0.001273,0,134.68,NaN
40.2400,-0.094994,-0.001663,0,134.68,NaN
40.2480,-0.094994,0.002977,0,134.68,NaN
40.2560,-0.093040,0.003600,0,134.68,NaN
40.2640,-0.091087,0.004003,0,134.68,NaN
40.2720,-0.092063,0.003924,0,134.68,NaN
40.2800,-0.094017,0.003288,0,134.68,NaN
40.2880,-0.094994,0.002186,0,134.68,NaN
40.2960,-0.095971,0.000787,0,134.68,NaN
40.3040,-0.098901,-0.000650,0,134.68,NaN
40.3120,-0.101343,-0.001750,0,134.68,NaN
40.3200,-0.102320,-0.002129,0,134.68,NaN
40.3280,-0.101343,-0.001548,0,134.68,NaN
40.3360,-0.100855,-0.000031,0,134.68,NaN
40.3440,-0.095971,0.002080,0,134.68,NaN
40.3520,-0.094994,-0.006183,0,134.68,NaN
40.3600,-0.094017,-0.004815,0,134.68,NaN
40.3680,-0.092552,-0.003792,0,134.68,NaN
40.3760,-0.090598,-0.003075,0,134.68,NaN
40.3840,-0.090598,-0.002531,0,134.68,NaN
40.3920,-0.090110,-0.001957,0,134.68,NaN
40.4000,-0.088645,-0.001189,0,134.68,NaN
40.4080,-0.087179,-0.000234,0,134.68,NaN
40.4160,-0.085714,0.000689,0,134.68,NaN
40.4240,-0.083272,0.001201,0,134.68,NaN
40.4320,-0.081319,0.000948,0,134.68,NaN
40.4400,-0.085226,-0.000131,0,134.68,NaN
40.4480,-0.085714,-0.001724,0,134.68,NaN
40.4560,-0.088156,0.000182,0,134.68,NaN
40.4640,-0.092552,-0.003404,0,134.68,NaN
40.4720,-0.095971,-0.006491,0,134.68,NaN
40.4800,-0.098901,-0.008280,0,134.68,NaN
40.4880,-0.098413,-0.008325,0,134.68,NaN
40.4960,-0.094994,-0.006758,0,134.68,NaN
40.5040,-0.092063,-0.004215,0,134.68,NaN
40.5120,-0.089133,-0.001535,0,134.68,NaN
40.5200,-0.086203,0.000516,0,134.68,NaN
40.5280,-0.086203,0.001416,0,134.68,NaN
40.5360,-0.085714,0.000950,0,134.68,NaN
40.5440,-0.086203,-0.000774,0,134.68,NaN
40.5520,-0.090110,-0.003280,0,134.68,NaN
40.5600,-0.090598,0.005239,0,134.68,NaN
40.5680,-0.088156,0.005959,0,134.68,NaN
40.5760,-0.085714,0.007175,0,134.68,NaN
40.5840,-0.085226,0.008300,0,134.68,NaN
40.5920,-0.084249,0.008833,0,134.68,NaN
40.6000,-0.085714,0.008515,0,134.68,NaN
40.6080,-0.086203,0.007318,0,134.68,NaN
40.6160,-0.086691,0.005430,0,134.68,NaN
40.6240,-0.090598,0.003314,0,134.68,NaN
40.6320,-0.093529,0.001669,0,134.68,NaN
40.6400,-0.094017,0.001133,0,134.68,NaN
40.6480,-0.093529,0.001894,0,134.68,NaN
40.6560,-0.090110,0.003529,0,134.68,NaN
40.6640,-0.086203,-0.026976,0,134.68,NaN
40.6720,-0.086691,-0.027449,0,134.68,NaN
40.6800,-0.089133,-0.028592,0,134.68,NaN
40.6880,-0.088156,-0.029971,0,134.68,NaN
40.6960,-0.088645,-0.031003,0,134.68,NaN
40.7040,-0.087668,-0.031159,0,134.68,NaN
40.7120,-0.085714,-0.030071,0,134.68,NaN
40.7200,-0.082784,-0.027651,0,134.68,NaN
40.7280,-0.077900,-0.024209,0,134.68,NaN
40.7360,-0.070085,-0.020449,0,134.68,NaN
40.7440,-0.065201,-0.017161,0,134.68,NaN
40.7520,-0.062759,-0.014745,0,134.68,NaN
40.7600,-0.060806,-0.012985,0,134.68,NaN
40.7680,-0.059341,-0.015678,0,134.68,NaN
40.7760,-0.055922,-0.015312,0,134.68,NaN
40.7840,-0.054457,-0.014696,0,134.68,NaN
40.7920,-0.051038,-0.013458,0,134.68,NaN
40.8000,-0.047619,-0.011343,0,134.68,NaN
40.8080,-0.043223,-0.008313,0,134.68,NaN
40.8160,-0.037363,-0.004655,0,134.68,NaN
40.8240,-0.031502,-0.001014,0,134.68,NaN
40.8320,-0.025641,0.001728,0,134.68,NaN
40.8400,-0.022222,0.002728,0,134.68,NaN
40.8480,-0.020757,0.001520,0,134.68,NaN
40.8560,-0.023199,-0.001728,0,134.68,NaN
40.8640,-0.026129,-0.006203,0,134.68,NaN
40.8720,-0.030037,0.065402,0,134.68,NaN
40.8800,-0.028083,0.067903,0,134.68,NaN
40.8880,-0.023199,0.071781,0,134.68,NaN
40.8960,-0.015873,0.075549,0,134.68,NaN
40.9040,-0.014896,0.077394,0,134.68,NaN
40.9120,-0.018803,0.076144,0,134.68,NaN
40.9200,-0.025641,0.071702,0,134.68,NaN
40.9280,-0.033944,0.064851,0,134.68,NaN
40.9360,-0.043223,0.056841,0,134.68,NaN
40.9440,-0.052991,0.049008,0,134.68,NaN
40.9520,-0.061783,0.042408,0,134.68,NaN
40.9600,-0.067155,0.037440,0,134.68,NaN
40.9680,-0.069597,0.033627,0,134.68,NaN
40.9760,-0.068620,0.017260,0,134.68,NaN
40.9840,-0.070085,0.016343,0,134.68,NaN
40.9920,-0.071551,0.014717,0,134.68,NaN
41.0000,-0.076923,0.012065,0,134.68,NaN
41.0080,-0.082295,0.008721,0,134.68,NaN
41.0160,-0.085714,0.005378,0,134.68,NaN
41.0240,-0.090598,0.002748,0,134.68,NaN
41.0320,-0.093040,0.001325,0,134.68,NaN
41.0400,-0.093529,0.001220,0,134.68,NaN
41.0480,-0.093529,0.002138,0,134.68,NaN
41.0560,-0.092063,0.003553,0,134.68,NaN
41.0640,-0.092552,0.005010,0,134.68,NaN
41.0720,-0.094017,0.006364,0,134.68,NaN
41.0800,-0.093529,-0.025954,0,134.68,NaN
41.0880,-0.093529,-0.025755,0,134.68,NaN
41.0960,-0.093040,-0.025369,0,134.68,NaN
41.1040,-0.093529,-0.024617,0,134.68,NaN
41.1120,-0.093529,-0.023269,0,134.68,NaN
41.1200,-0.092063,-0.021188,0,134.68,NaN
41.1280,-0.090598,-0.018486,0,134.68,NaN
41.1360,-0.087179,-0.015575,0,134.68,NaN
41.1440,-0.085714,-0.013034,0,134.68,NaN
41.1520,-0.085714,-0.011378,0,134.68,NaN
41.1600,-0.085714,-0.010876,0,134.68,NaN
41.1680,-0.087668,-0.011474,0,134.68,NaN
41.1760,-0.091087,-0.012752,0,134.68,NaN
41.1840,-0.093040,-0.015355,0,134.68,NaN
41.1920,-0.094994,-0.015188,0,134.68,NaN
41.2000,-0.094505,-0.013490,0,134.68,NaN
41.2080,-0.092063,-0.010374,0,134.68,NaN
41.2160,-0.086691,-0.006458,0,134.68,NaN
41.2240,-0.085714,-0.002550,0,134.68,NaN
41.2320,-0.083272,0.000690,0,134.68,NaN
41.2400,-0.082784,0.002846,0,134.68,NaN
41.2480,-0.082295,0.003655,0,134.68,NaN
41.2560,-0.082784,0.002960,0,134.68,NaN
41.2640,-0.085226,0.000762,0,134.68,NaN
41.2720,-0.089133,-0.002684,0,134.68,NaN
41.2800,-0.094017,-0.006845,0,134.68,NaN
41.2880,-0.102320,-0.321829,0,134.68,NaN
41.2960,-0.115507,-0.349212,0,134.68,NaN
41.3040,-0.130647,-0.379484,0,134.68,NaN
41.3120,-0.148230,-0.410370,0,134.68,NaN
41.3200,-0.163858,-0.438384,0,134.68,NaN
41.3280,-0.169231,-0.459347,0,134.68,NaN
41.3360,-0.163858,-0.469050,0,134.68,NaN
41.3440,-0.143834,-0.463758,0,134.68,NaN
41.3520,-0.106716,-0.440563,0,134.68,NaN
41.3600,-0.052991,-0.397841,0,134.68,NaN
41.3680,0.021245,-0.335964,0,134.68,NaN
41.3760,0.109646,-0.258207,0,134.68,NaN
41.3840,0.222466,-0.171321,0,134.68,NaN
41.3920,0.356777,0.473143,0,134.68,NaN
41.4000,0.499878,0.599704,0,134.68,NaN
41.4080,0.652259,0.730382,0,134.68,NaN
41.4160,0.815873,0.851811,0,134.68,NaN
41.4240,0.983394,0.946760,0,134.68,NaN
41.4320,1.000000,0.999294,1,134.68,NaN
41.4400,1.000000,1.000000,1,134.68,NaN
41.4480,0.947253,0.948197,0,134.68,NaN
41.4560,0.742613,0.852722,0,134.68,NaN
41.4640,0.538462,0.730092,0,134.68,NaN
41.4720,0.345055,0.597758,0,134.68,NaN
41.4800,0.167277,0.466834,0,134.68,NaN
41.4880,0.013431,0.339638,0,134.68,NaN
41.4960,-0.117949,-0.156812,0,134.68,NaN
41.5040,-0.204396,-0.245300,0,134.68,NaN
41.5120,-0.250305,-0.289406,0,134.68,NaN
41.5200,-0.250305,-0.293215,0,134.68,NaN
41.5280,-0.207814,-0.266385,0,134.68,NaN
41.5360,-0.158486,-0.222258,0,134.68,NaN
41.5440,-0.107204,-0.174504,0,134.68,NaN
41.5520,-0.068620,-0.134122,0,134.68,NaN
41.5600,-0.041270,-0.107925,0,134.68,NaN
41.5680,-0.033455,-0.098309,0,134.68,NaN
41.5760,-0.039316,-0.103850,0,134.68,NaN
41.5840,-0.054457,-0.120453,0,134.68,NaN
41.5920,-0.071062,-0.142663,0,134.68,NaN
41.6000,-0.088156,-0.046226,0,134.68,NaN
41.6080,-0.099878,-0.059785,0,134.68,NaN
41.6160,-0.107692,-0.070112,0,134.68,NaN
41.6240,-0.113553,-0.077124,0,134.68,NaN
41.6320,-0.116972,-0.081266,0,134.68,NaN
41.6400,-0.117949,-0.083060,0,134.68,NaN
41.6480,-0.116972,-0.082871,0,134.68,NaN
41.6560,-0.116484,-0.080804,0,134.68,NaN
41.6640,-0.114530,-0.076719,0,134.68,NaN
41.6720,-0.111600,-0.070408,0,134.68,NaN
41.6800,-0.109646,-0.061825,0,134.68,NaN
41.6880,-0.106716,-0.051284,0,134.68,NaN
41.6960,-0.106227,-0.039546,0,134.68,NaN
41.7040,-0.109158,-0.215978,0,134.68,NaN
41.7120,-0.110623,-0.208220,0,134.68,NaN
41.7200,-0.113553,-0.197111,0,134.68,NaN
41.7280,-0.114042,-0.182627,0,134.68,NaN
41.7360,-0.116484,-0.165365,0,134.68,NaN
41.7440,-0.116972,-0.146506,0,134.68,NaN
41.7520,-0.114530,-0.127749,0,134.68,NaN
41.7600,-0.112088,-0.111099,0,134.68,NaN
41.7680,-0.109646,-0.098382,0,134.68,NaN
41.7760,-0.108181,-0.090751,0,134.68,NaN
41.7840,-0.108669,-0.088376,0,134.68,NaN
41.7920,-0.110623,-0.090339,0,134.68,NaN
41.8000,-0.111600,-0.094790,0,134.68,NaN
41.8080,-0.110623,-0.005798,0,134.68,NaN
41.8160,-0.108669,-0.007918,0,134.68,NaN
41.8240,-0.107692,-0.009439,0,134.68,NaN
41.8320,-0.105739,-0.009841,0,134.68,NaN
41.8400,-0.102320,-0.008964,0,134.68,NaN
41.8480,-0.099878,-0.007057,0,134.68,NaN
41.8560,-0.096947,-0.004697,0,134.68,NaN
41.8640,-0.094017,-0.002578,0,134.68,NaN
41.8720,-0.094994,-0.001231,0,134.68,NaN
41.8800,-0.096947,-0.000827,0,134.68,NaN
41.8880,-0.096947,-0.001265,0,134.68,NaN
41.8960,-0.098413,-0.002335,0,134.68,NaN
41.9040,-0.099878,-0.003764,0,134.68,NaN
41.9120,-0.100366,-0.001346,0,134.68,NaN
41.9200,-0.098901,0.000722,0,134.68,NaN
41.9280,-0.091087,0.003683,0,134.68,NaN
41.9360,-0.085714,0.006553,0,134.68,NaN
41.9440,-0.084737,0.008449,0,134.68,NaN
41.9520,-0.085226,0.009070,0,134.68,NaN
41.9600,-0.084249,0.008614,0,134.68,NaN
41.9680,-0.084737,0.007468,0,134.68,NaN
41.9760,-0.085714,0.006044,0,134.68,NaN
41.9840,-0.086691,0.004711,0,134.68,NaN
41.9920,-0.086203,0.003709,0,134.68,NaN
42.0000,-0.087179,0.003096,0,134.68,NaN
42.0080,-0.085714,0.002741,0,134.68,NaN
42.0160,-0.085714,-0.006202,0,134.68,NaN
42.0240,-0.085714,-0.006764,0,134.68,NaN
42.0320,-0.085714,-0.006801,0,134.68,NaN
42.0400,-0.084249,-0.006126,0,134.68,NaN
42.0480,-0.078877,-0.004823,0,134.68,NaN
42.0560,-0.076923,-0.003192,0,134.68,NaN
42.0640,-0.074969,-0.001546,0,134.68,NaN
42.0720,-0.071062,-0.000138,0,134.68,NaN
42.0800,-0.070085,0.000783,0,134.68,NaN
42.0880,-0.066178,0.000990,0,134.68,NaN
42.0960,-0.066667,0.000393,0,134.68,NaN
42.1040,-0.067155,-0.000865,0,134.68,NaN
42.1120,-0.066667,-0.002478,0,134.68,NaN
42.1200,-0.067155,0.003866,0,134.68,NaN
42.1280,-0.068620,0.002429,0,134.68,NaN
42.1360,-0.067643,0.001620,0,134.68,NaN
42.1440,-0.068132,0.001744,0,134.68,NaN
42.1520,-0.065690,0.002816,0,134.68,NaN
42.1600,-0.061783,0.004451,0,134.68,NaN
42.1680,-0.057387,0.005960,0,134.68,NaN
42.1760,-0.055922,0.006739,0,134.68,NaN
42.1840,-0.057387,0.006608,0,134.68,NaN
42.1920,-0.057387,0.005772,0,134.68,NaN
42.2000,-0.055922,0.004502,0,134.68,NaN
42.2080,-0.056899,0.002975,0,134.68,NaN
42.2160,-0.056899,0.001317,0,134.68,NaN
42.2240,-0.056899,-0.005320,0,134.68,NaN
42.2320,-0.055433,-0.005296,0,134.68,NaN
42.2400,-0.053480,-0.004579,0,134.68,NaN
42.2480,-0.049084,-0.003487,0,134.68,NaN
42.2560,-0.047619,-0.002398,0,134.68,NaN
42.2640,-0.046154,-0.001538,0,134.68,NaN
42.2720,-0.045177,-0.000977,0,134.68,NaN
42.2800,-0.041270,-0.000765,0,134.68,NaN
42.2880,-0.040293,-0.000942,0,134.68,NaN
42.2960,-0.040293,-0.001374,0,134.68,NaN
42.3040,-0.039805,-0.001737,0,134.68,NaN
42.3120,-0.039316,-0.001747,0,134.68,NaN
42.3200,-0.035409,-0.001428,0,134.68,NaN
42.3280,-0.031990,0.006096,0,134.68,NaN
42.3360,-0.031502,0.006410,0,134.68,NaN
42.3440,-0.031013,0.006194,0,134.68,NaN
42.3520,-0.031013,0.005560,0,134.68,NaN
42.3600,-0.030525,0.004671,0,134.68,NaN
42.3680,-0.028571,0.003651,0,134.68,NaN
42.3760,-0.030037,0.002658,0,134.68,NaN
42.3840,-0.030037,0.001965,0,134.68,NaN
42.3920,-0.030525,0.001830,0,134.68,NaN
42.4000,-0.027106,0.002234,0,134.68,NaN
42.4080,-0.023199,0.002845,0,134.68,NaN
42.4160,-0.023199,0.003318,0,134.68,NaN
42.4240,-0.022222,0.003592,0,134.68,NaN
42.4320,-0.022711,0.027034,0,134.68,NaN
42.4400,-0.021734,0.027645,0,134.68,NaN
42.4480,-0.020269,0.028265,0,134.68,NaN
42.4560,-0.018803,0.028888,0,134.68,NaN
42.4640,-0.020757,0.029501,0,134.68,NaN
42.4720,-0.019780,0.030038,0,134.68,NaN
42.4800,-0.017827,0.030222,0,134.68,NaN
42.4880,-0.017827,0.029622,0,134.68,NaN
42.4960,-0.020757,0.027949,0,134.68,NaN
42.5040,-0.023687,0.025217,0,134.68,NaN
42.5120,-0.027595,0.021660,0,134.68,NaN
42.5200,-0.031013,0.017567,0,134.68,NaN
42.5280,-0.035409,0.013215,0,134.68,NaN
42.5360,-0.038828,0.044237,0,134.68,NaN
42.5440,-0.041270,0.042833,0,134.68,NaN
42.5520,-0.043712,0.041445,0,134.68,NaN
42.5600,-0.047131,0.039627,0,134.68,NaN
42.5680,-0.051038,0.037003,0,134.68,NaN
42.5760,-0.056410,0.033448,0,134.68,NaN
42.5840,-0.063736,0.029192,0,134.68,NaN
42.5920,-0.070085,0.024783,0,134.68,NaN
42.6000,-0.076923,0.020914,0,134.68,NaN
42.6080,-0.082295,0.018222,0,134.68,NaN
42.6160,-0.085714,0.017073,0,134.68,NaN
42.6240,-0.088156,0.017399,0,134.68,NaN
42.6320,-0.088156,0.018655,0,134.68,NaN
42.6400,-0.090110,-0.009360,0,134.68,NaN
42.6480,-0.092063,-0.010172,0,134.68,NaN
42.6560,-0.095482,-0.011695,0,134.68,NaN
42.6640,-0.099878,-0.013802,0,134.68,NaN
42.6720,-0.103785,-0.016088,0,134.68,NaN
42.6800,-0.108181,-0.018040,0,134.68,NaN
42.6880,-0.109646,-0.019176,0,134.68,NaN
42.6960,-0.113553,-0.019124,0,134.68,NaN
42.7040,-0.114530,-0.017726,0,134.68,NaN
42.7120,-0.112088,-0.015218,0,134.68,NaN
42.7200,-0.109646,-0.012209,0,134.68,NaN
42.7280,-0.108669,-0.009291,0,134.68,NaN
42.7360,-0.110623,-0.006626,0,134.68,NaN
42.7440,-0.114042,-0.031901,0,134.68,NaN
42.7520,-0.116972,-0.033707,0,134.68,NaN
42.7600,-0.119414,-0.035544,0,134.68,NaN
42.7680,-0.121368,-0.036768,0,134.68,NaN
42.7760,-0.125275,-0.036762,0,134.68,NaN
42.7840,-0.125275,-0.035128,0,134.68,NaN
42.7920,-0.122344,-0.032022,0,134.68,NaN
42.8000,-0.116972,-0.028231,0,134.68,NaN
42.8080,-0.114042,-0.024746,0,134.68,NaN
42.8160,-0.114530,-0.022145,0,134.68,NaN
42.8240,-0.116484,-0.020342,0,134.68,NaN
42.8320,-0.116972,-0.018892,0,134.68,NaN
42.8400,-0.115018,-0.017482,0,134.68,NaN
42.8480,-0.115995,-0.026028,0,134.68,NaN
42.8560,-0.115995,-0.024845,0,134.68,NaN
42.8640,-0.115507,-0.022733,0,134.68,NaN
42.8720,-0.112088,-0.019686,0,134.68,NaN
42.8800,-0.107692,-0.016118,0,134.68,NaN
42.8880,-0.103297,-0.012696,0,134.68,NaN
42.8960,-0.101343,-0.010002,0,134.68,NaN
42.9040,-0.100366,-0.008272,0,134.68,NaN
42.9120,-0.100855,-0.007440,0,134.68,NaN
42.9200,-0.098901,-0.007366,0,134.68,NaN
42.9280,-0.098413,-0.007980,0,134.68,NaN
42.9360,-0.100366,-0.009180,0,134.68,NaN
42.9440,-0.101343,-0.010730,0,134.68,NaN
42.9520,-0.101343,-0.002697,0,134.68,NaN
42.9600,-0.099389,-0.002161,0,134.68,NaN
42.9680,-0.096459,-0.001477,0,134.68,NaN
42.9760,-0.097924,-0.001013,0,134.68,NaN
42.9840,-0.096459,-0.001002,0,134.68,NaN
42.9920,-0.095971,-0.001553,0,134.68,NaN
43.0000,-0.096459,-0.002651,0,134.68,NaN
43.0080,-0.095971,-0.004055,0,134.68,NaN
43.0160,-0.099389,-0.005240,0,134.68,NaN
43.0240,-0.099878,-0.005563,0,134.68,NaN
43.0320,-0.096947,-0.004643,0,134.68,NaN
43.0400,-0.093529,-0.002595,0,134.68,NaN
43.0480,-0.090110,0.000087,0,134.68,NaN
43.0560,-0.090110,0.008419,0,134.68,NaN
43.0640,-0.088645,0.008720,0,134.68,NaN
43.0720,-0.088645,0.008117,0,134.68,NaN
43.0800,-0.089133,0.006887,0,134.68,NaN
43.0880,-0.091087,0.005552,0,134.68,NaN
43.0960,-0.092552,0.004712,0,134.68,NaN
43.1040,-0.091575,0.004712,0,134.68,NaN
43.1120,-0.088645,0.005401,0,134.68,NaN
43.1200,-0.085714,0.006235,0,134.68,NaN
43.1280,-0.085714,0.006656,0,134.68,NaN
43.1360,-0.085714,0.006397,0,134.68,NaN
43.1440,-0.085714,0.005508,0,134.68,NaN
43.1520,-0.086691,0.004247,0,134.68,NaN
43.1600,-0.089133,0.015998,0,134.68,NaN
43.1680,-0.090110,0.014690,0,134.68,NaN
43.1760,-0.092063,0.013939,0,134.68,NaN
43.1840,-0.092063,0.013946,0,134.68,NaN
43.1920,-0.091087,0.014543,0,134.68,NaN
43.2000,-0.089133,0.015214,0,134.68,NaN
43.2080,-0.087668,0.015367,0,134.68,NaN
43.2160,-0.091087,0.014721,0,134.68,NaN
43.2240,-0.094017,0.013435,0,134.68,NaN
43.2320,-0.095482,0.011835,0,134.68,NaN
43.2400,-0.095971,0.010096,0,134.68,NaN
43.2480,-0.098413,0.008237,0,134.68,NaN
43.2560,-0.100855,0.006288,0,134.68,NaN
43.2640,-0.101343,-0.007541,0,134.68,NaN
43.2720,-0.098413,-0.006594,0,134.68,NaN
43.2800,-0.095971,-0.005052,0,134.68,NaN
43.2880,-0.094017,-0.003518,0,134.68,NaN
43.2960,-0.093529,-0.002461,0,134.68,NaN
43.3040,-0.093040,-0.002102,0,134.68,NaN
43.3120,-0.092552,-0.002450,0,134.68,NaN
43.3200,-0.093529,-0.003314,0,134.68,NaN
43.3280,-0.094505,-0.004301,0,134.68,NaN
43.3360,-0.096459,-0.004900,0,134.68,NaN
43.3440,-0.095971,-0.004723,0,134.68,NaN
43.3520,-0.093529,-0.003732,0,134.68,NaN
43.3600,-0.092063,-0.002245,0,134.68,NaN
43.3680,-0.092552,-0.003417,0,134.68,NaN
43.3760,-0.093529,-0.003696,0,134.68,NaN
43.3840,-0.094017,-0.004223,0,134.68,NaN
43.3920,-0.094994,-0.004757,0,134.68,NaN
43.4000,-0.094017,-0.005120,0,134.68,NaN
43.4080,-0.094017,-0.005209,0,134.68,NaN
43.4160,-0.094994,-0.004939,0,134.68,NaN
43.4240,-0.094017,-0.004276,0,134.68,NaN
43.4320,-0.092552,-0.003356,0,134.68,NaN
43.4400,-0.091087,-0.002486,0,134.68,NaN
43.4480,-0.089133,-0.001965,0,134.68,NaN
43.4560,-0.092063,-0.001869,0,134.68,NaN
43.4640,-0.091087,-0.002031,0,134.68,NaN
43.4720,-0.089133,0.007009,0,134.68,NaN
43.4800,-0.091575,0.006203,0,134.68,NaN
43.4880,-0.093529,0.005156,0,134.68,NaN
43.4960,-0.095482,0.004321,0,134.68,NaN
43.5040,-0.096459,0.004060,0,134.68,NaN
43.5120,-0.094994,0.004406,0,134.68,NaN
43.5200,-0.093529,0.005055,0,134.68,NaN
43.5280,-0.093529,0.005609,0,134.68,NaN
43.5360,-0.094505,0.005815,0,134.68,NaN
43.5440,-0.094505,0.005583,0,134.68,NaN
43.5520,-0.095482,0.004886,0,134.68,NaN
43.5600,-0.094994,0.003734,0,134.68,NaN
43.5680,-0.097924,0.002273,0,134.68,NaN
43.5760,-0.098413,0.002698,0,134.68,NaN
43.5840,-0.098413,0.003125,0,134.68,NaN
43.5920,-0.095971,0.003979,0,134.68,NaN
43.6000,-0.094994,0.004817,0,134.68,NaN
43.6080,-0.094505,0.005228,0,134.68,NaN
43.6160,-0.096947,0.005065,0,134.68,NaN
43.6240,-0.096947,0.004421,0,134.68,NaN
43.6320,-0.097924,0.003484,0,134.68,NaN
43.6400,-0.099389,0.002487,0,134.68,NaN
43.6480,-0.101343,0.001702,0,134.68,NaN
43.6560,-0.101832,0.001342,0,134.68,NaN
43.6640,-0.101343,0.001433,0,134.68,NaN
43.6720,-0.101343,0.001799,0,134.68,NaN
43.6800,-0.098413,-0.002600,0,134.68,NaN
43.6880,-0.098413,-0.001664,0,134.68,NaN
43.6960,-0.097924,-0.001021,0,134.68,NaN
43.7040,-0.097924,-0.000729,0,134.68,NaN
43.7120,-0.098413,-0.000742,0,134.68,NaN
43.7200,-0.096947,-0.000971,0,134.68,NaN
43.7280,-0.099878,-0.001265,0,134.68,NaN
43.7360,-0.099389,-0.001441,0,134.68,NaN
43.7440,-0.098901,-0.001417,0,134.68,NaN
43.7520,-0.098901,-0.001241,0,134.68,NaN
43.7600,-0.098901,-0.000998,0,134.68,NaN
43.7680,-0.098901,-0.000739,0,134.68,NaN
43.7760,-0.098901,-0.000482,0,134.68,NaN
43.7840,-0.097924,-0.000673,0,134.68,NaN
43.7920,-0.094017,0.000928,0,134.68,NaN
43.8000,-0.092063,0.002408,0,134.68,NaN
43.8080,-0.092063,0.003512,0,134.68,NaN
43.8160,-0.092063,0.004223,0,134.68,NaN
43.8240,-0.092063,0.004629,0,134.68,NaN
43.8320,-0.090110,0.004748,0,134.68,NaN
43.8400,-0.090598,0.004537,0,134.68,NaN
43.8480,-0.092063,0.004041,0,134.68,NaN
43.8560,-0.093529,0.003409,0,134.68,NaN
43.8640,-0.093040,0.002753,0,134.68,NaN
43.8720,-0.093040,0.002066,0,134.68,NaN
43.8800,-0.094505,0.001328,0,134.68,NaN
43.8880,-0.096459,-0.003982,0,134.68,NaN
43.8960,-0.093529,-0.003363,0,134.68,NaN
43.9040,-0.092063,-0.002320,0,134.68,NaN
43.9120,-0.089133,-0.001296,0,134.68,NaN
43.9200,-0.089133,-0.000706,0,134.68,NaN
43.9280,-0.088156,-0.000738,0,134.68,NaN
43.9360,-0.090110,-0.001299,0,134.68,NaN
43.9440,-0.090110,-0.002093,0,134.68,NaN
43.9520,-0.091087,-0.002772,0,134.68,NaN
43.9600,-0.090598,-0.003058,0,134.68,NaN
43.9680,-0.090110,-0.002799,0,134.68,NaN
43.9760,-0.089133,-0.002008,0,134.68,NaN
43.9840,-0.086691,-0.000882,0,134.68,NaN
43.9920,-0.085226,-0.011917,0,134.68,NaN
44.0000,-0.084249,-0.012229,0,134.68,NaN
44.0080,-0.085714,-0.013138,0,134.68,NaN
44.0160,-0.086691,-0.014440,0,134.68,NaN
44.0240,-0.085714,-0.015859,0,134.68,NaN
44.0320,-0.086691,-0.017150,0,134.68,NaN
44.0400,-0.085714,-0.018051,0,134.68,NaN
44.0480,-0.086203,-0.018229,0,134.68,NaN
44.0560,-0.085714,-0.017363,0,134.68,NaN
44.0640,-0.080830,-0.015360,0,134.68,NaN
44.0720,-0.076923,-0.012474,0,134.68,NaN
44.0800,-0.070574,-0.009146,0,134.68,NaN
44.0880,-0.068132,-0.005712,0,134.68,NaN
44.0960,-0.064713,-0.040170,0,134.68,NaN
44.1040,-0.062271,-0.039779,0,134.68,NaN
44.1120,-0.059829,-0.039646,0,134.68,NaN
44.1200,-0.055922,-0.039504,0,134.68,NaN
44.1280,-0.054457,-0.039081,0,134.68,NaN
44.1360,-0.051038,-0.038167,0,134.68,NaN
44.1440,-0.045177,-0.036739,0,134.68,NaN
44.1520,-0.038828,-0.034938,0,134.68,NaN
44.1600,-0.035897,-0.032800,0,134.68,NaN
44.1680,-0.031502,-0.030115,0,134.68,NaN
44.1760,-0.023687,-0.026628,0,134.68,NaN
44.1840,-0.017827,-0.022318,0,134.68,NaN
44.1920,-0.008059,-0.017490,0,134.68,NaN
44.2000,-0.002686,0.063726,0,134.68,NaN
44.2080,-0.001709,0.065730,0,134.68,NaN
44.2160,-0.007082,0.065795,0,134.68,NaN
44.2240,-0.007570,0.064777,0,134.68,NaN
44.2320,-0.007570,0.063298,0,134.68,NaN
44.2400,-0.008059,0.061492,0,134.68,NaN
44.2480,-0.010989,0.059262,0,134.68,NaN
44.2560,-0.015873,0.056533,0,134.68,NaN
44.2640,-0.016850,0.053205,0,134.68,NaN
44.2720,-0.021245,0.049057,0,134.68,NaN
44.2800,-0.024664,0.043893,0,134.68,NaN
44.2880,-0.032967,0.037782,0,134.68,NaN
44.2960,-0.039316,0.031114,0,134.68,NaN
44.3040,-0.047619,0.038990,0,134.68,NaN
44.3120,-0.054945,0.031785,0,134.68,NaN
44.3200,-0.063736,0.024769,0,134.68,NaN
44.3280,-0.071062,0.018383,0,134.68,NaN
44.3360,-0.077411,0.012965,0,134.68,NaN
44.3440,-0.081319,0.008678,0,134.68,NaN
44.3520,-0.085714,0.005580,0,134.68,NaN
44.3600,-0.088645,0.003752,0,134.68,NaN
44.3680,-0.092552,0.003303,0,134.68,NaN
44.3760,-0.091575,0.004182,0,134.68,NaN
44.3840,-0.089133,0.006019,0,134.68,NaN
44.3920,-0.088645,0.008306,0,134.68,NaN
44.4000,-0.089133,0.010721,0,134.68,NaN
44.4080,-0.090110,-0.024197,0,134.68,NaN
44.4160,-0.091087,-0.024425,0,134.68,NaN
44.4240,-0.091087,-0.024634,0,134.68,NaN
44.4320,-0.091087,-0.024635,0,134.68,NaN
44.4400,-0.092063,-0.024253,0,134.68,NaN
44.4480,-0.092552,-0.023337,0,134.68,NaN
44.4560,-0.090598,-0.021881,0,134.68,NaN
44.4640,-0.090110,-0.020073,0,134.68,NaN
44.4720,-0.088156,-0.018213,0,134.68,NaN
44.4800,-0.088156,-0.016545,0,134.68,NaN
44.4880,-0.088645,-0.015139,0,134.68,NaN
44.4960,-0.090110,-0.013903,0,134.68,NaN
44.5040,-0.090110,-0.012720,0,134.68,NaN
44.5120,-0.090598,-0.023115,0,134.68,NaN
44.5200,-0.092552,-0.023166,0,134.68,NaN
44.5280,-0.094017,-0.023069,0,134.68,NaN
44.5360,-0.094505,-0.022620,0,134.68,NaN
44.5440,-0.094994,-0.021714,0,134.68,NaN
44.5520,-0.094017,-0.020381,0,134.68,NaN
44.5600,-0.094017,-0.018732,0,134.68,NaN
44.5680,-0.093529,-0.016884,0,134.68,NaN
44.5760,-0.093529,-0.014982,0,134.68,NaN
44.5840,-0.091575,-0.013251,0,134.68,NaN
44.5920,-0.091087,-0.011981,0,134.68,NaN
44.6000,-0.090110,-0.011342,0,134.68,NaN
44.6080,-0.092552,-0.011180,0,134.68,NaN
44.6160,-0.093529,0.020113,0,134.68,NaN
44.6240,-0.095482,0.019962,0,134.68,NaN
44.6320,-0.096459,0.017943,0,134.68,NaN
44.6400,-0.101343,0.012949,0,134.68,NaN
44.6480,-0.109646,0.004083,0,134.68,NaN
44.6560,-0.121856,-0.008745,0,134.68,NaN
44.6640,-0.136508,-0.024286,0,134.68,NaN
44.6720,-0.155556,-0.039613,0,134.68,NaN
44.6800,-0.174115,-0.050378,0,134.68,NaN
44.6880,-0.180464,-0.052043,0,134.68,NaN
44.6960,-0.175092,-0.041751,0,134.68,NaN
44.7040,-0.154090,-0.019962,0,134.68,NaN
44.7120,-0.116972,0.008955,0,134.68,NaN
44.7200,-0.062271,-0.704197,0,134.68,NaN
44.7280,0.009035,-0.659486,0,134.68,NaN
44.7360,0.099389,-0.593139,0,134.68,NaN
44.7440,0.214652,-0.504654,0,134.68,NaN
44.7520,0.351893,-0.395958,0,134.68,NaN
44.7600,0.492552,-0.272653,0,134.68,NaN
44.7680,0.640537,-0.145592,0,134.68,NaN
44.7760,0.800733,-0.032581,0,134.68,NaN
44.7840,0.969719,0.043018,0,134.68,NaN
44.7920,1.000000,0.059516,1,134.68,NaN
44.8000,1.000000,0.005807,1,134.68,NaN
44.8080,0.964347,-0.112893,0,134.68,NaN
44.8160,0.768498,-0.272053,0,134.68,NaN
44.8240,0.561905,0.638561,0,134.68,NaN
44.8320,0.368010,0.457102,0,134.68,NaN
44.8400,0.188278,0.283137,0,134.68,NaN
44.8480,0.027106,0.133133,0,134.68,NaN
44.8560,-0.105739,0.018091,0,134.68,NaN
44.8640,-0.192674,-0.056087,0,134.68,NaN
44.8720,-0.232723,-0.088975,0,134.68,NaN
44.8800,-0.230769,-0.085698,0,134.68,NaN
44.8880,-0.199512,-0.055782,0,134.68,NaN
44.8960,-0.151160,-0.010736,0,134.68,NaN
44.9040,-0.101343,0.039078,0,134.68,NaN
44.9120,-0.061294,0.087367,0,134.68,NaN
44.9200,-0.038828,0.133234,0,134.68,NaN
44.9280,-0.033944,0.045145,0,134.68,NaN
44.9360,-0.039316,0.046581,0,134.68,NaN
44.9440,-0.054457,0.038785,0,134.68,NaN
44.9520,-0.071062,0.026422,0,134.68,NaN
44.9600,-0.088645,0.013627,0,134.68,NaN
44.9680,-0.100855,0.003250,0,134.68,NaN
44.9760,-0.107692,-0.003429,0,134.68,NaN
44.9840,-0.110623,-0.006460,0,134.68,NaN
44.9920,-0.111600,-0.006602,0,134.68,NaN
45.0000,-0.112088,-0.004685,0,134.68,NaN
45.0080,-0.111600,-0.001278,0,134.68,NaN
45.0160,-0.111600,0.003260,0,134.68,NaN
45.0240,-0.108669,0.008523,0,134.68,NaN
45.0320,-0.112088,-0.262209,0,134.68,NaN
45.0400,-0.114042,-0.266769,0,134.68,NaN
45.0480,-0.114042,-0.268983,0,134.68,NaN
45.0560,-0.115507,-0.267908,0,134.68,NaN
45.0640,-0.115018,-0.262813,0,134.68,NaN
45.0720,-0.116484,-0.253280,0,134.68,NaN
45.0800,-0.114530,-0.239409,0,134.68,NaN
45.0880,-0.114042,-0.221993,0,134.68,NaN
45.0960,-0.112088,-0.202455,0,134.68,NaN
45.1040,-0.110623,-0.182451,0,134.68,NaN
45.1120,-0.112088,-0.163339,0,134.68,NaN
45.1200,-0.110623,-0.145704,0,134.68,NaN
45.1280,-0.109158,-0.129190,0,134.68,NaN
45.1360,-0.106227,-0.002293,0,134.68,NaN
45.1440,-0.104274,0.005477,0,134.68,NaN
45.1520,-0.102320,0.009546,0,134.68,NaN
45.1600,-0.103785,0.010435,0,134.68,NaN
45.1680,-0.103785,0.009054,0,134.68,NaN
45.1760,-0.101832,0.006390,0,134.68,NaN
45.1840,-0.102320,0.003320,0,134.68,NaN
45.1920,-0.102808,0.000633,0,134.68,NaN
45.2000,-0.104274,-0.000995,0,134.68,NaN
45.2080,-0.103785,-0.001173,0,134.68,NaN
45.2160,-0.101832,0.000059,0,134.68,NaN
45.2240,-0.101343,0.002312,0,134.68,NaN
45.2320,-0.100366,0.005063,0,134.68,NaN
45.2400,-0.099878,-0.006657,0,134.68,NaN
45.2480,-0.097924,-0.004734,0,134.68,NaN
45.2560,-0.095971,-0.003123,0,134.68,NaN
45.2640,-0.094994,-0.001961,0,134.68,NaN
45.2720,-0.094017,-0.001232,0,134.68,NaN
45.2800,-0.093040,-0.000792,0,134.68,NaN
45.2880,-0.093040,-0.000462,0,134.68,NaN
45.2960,-0.091087,-0.000161,0,134.68,NaN
45.3040,-0.088645,0.000029,0,134.68,NaN
45.3120,-0.088156,0.000007,0,134.68,NaN
45.3200,-0.089133,-0.000178,0,134.68,NaN
45.3280,-0.088156,-0.000372,0,134.68,NaN
45.3360,-0.086691,-0.000513,0,134.68,NaN
45.3440,-0.085714,-0.001270,0,134.68,NaN
45.3520,-0.086203,-0.001951,0,134.68,NaN
45.3600,-0.087179,-0.002359,0,134.68,NaN
45.3680,-0.085714,-0.002127,0,134.68,NaN
45.3760,-0.083761,-0.001132,0,134.68,NaN
45.3840,-0.079365,0.000392,0,134.68,NaN
45.3920,-0.076435,0.001991,0,134.68,NaN
45.4000,-0.075458,0.003242,0,134.68,NaN
45.4080,-0.072527,0.003873,0,134.68,NaN
45.4160,-0.072039,0.003745,0,134.68,NaN
45.4240,-0.071062,0.002862,0,134.68,NaN
45.4320,-0.072527,0.001392,0,134.68,NaN
45.4400,-0.072527,-0.000392,0,134.68,NaN
45.4480,-0.070574,0.000539,0,134.68,NaN
45.4560,-0.068620,0.001040,0,134.68,NaN
45.4640,-0.065201,0.001678,0,134.68,NaN
45.4720,-0.064225,0.002150,0,134.68,NaN
45.4800,-0.064225,0.002384,0,134.68,NaN
45.4880,-0.062759,0.002504,0,134.68,NaN
45.4960,-0.061294,0.002631,0,134.68,NaN
45.5040,-0.059341,0.002779,0,134.68,NaN
45.5120,-0.057875,0.002891,0,134.68,NaN
45.5200,-0.057387,0.002901,0,134.68,NaN
45.5280,-0.054457,0.002745,0,134.68,NaN
45.5360,-0.054457,0.002388,0,134.68,NaN
45.5440,-0.053480,0.001882,0,134.68,NaN
45.5520,-0.054457,0.003062,0,134.68,NaN
45.5600,-0.054457,0.002215,0,134.68,NaN
45.5680,-0.052991,0.001572,0,134.68,NaN
45.5760,-0.052015,0.001110,0,134.68,NaN
45.5840,-0.050061,0.000744,0,134.68,NaN
45.5920,-0.051038,0.000485,0,134.68,NaN
45.6000,-0.050061,0.000443,0,134.68,NaN
45.6080,-0.048107,0.000655,0,134.68,NaN
45.6160,-0.045177,0.000973,0,134.68,NaN
45.6240,-0.043712,0.001196,0,134.68,NaN
45.6320,-0.043223,0.001278,0,134.68,NaN
45.6400,-0.043223,0.001335,0,134.68,NaN
45.6480,-0.040293,0.001449,0,134.68,NaN
45.6560,-0.039316,0.003728,0,134.68,NaN
45.6640,-0.038828,0.003234,0,134.68,NaN
45.6720,-0.038828,0.002703,0,134.68,NaN
45.6800,-0.038828,0.002420,0,134.68,NaN
45.6880,-0.037363,0.002573,0,134.68,NaN
45.6960,-0.034432,0.003098,0,134.68,NaN
45.7040,-0.031990,0.003742,0,134.68,NaN
45.7120,-0.031502,0.004281,0,134.68,NaN
45.7200,-0.031013,0.004633,0,134.68,NaN
45.7280,-0.029548,0.004719,0,134.68,NaN
45.7360,-0.026618,0.004337,0,134.68,NaN
45.7440,-0.025641,0.003298,0,134.68,NaN
45.7520,-0.028083,0.001739,0,134.68,NaN
45.7600,-0.028083,0.009061,0,134.68,NaN
45.7680,-0.028083,0.008726,0,134.68,NaN
45.7760,-0.026129,0.008946,0,134.68,NaN
45.7840,-0.023687,0.009639,0,134.68,NaN
45.7920,-0.023199,0.010651,0,134.68,NaN
45.8000,-0.023199,0.011847,0,134.68,NaN
45.8080,-0.018803,0.012964,0,134.68,NaN
45.8160,-0.016850,0.013552,0,134.68,NaN
45.8240,-0.016850,0.013209,0,134.68,NaN
45.8320,-0.018315,0.011852,0,134.68,NaN
45.8400,-0.020269,0.009710,0,134.68,NaN
45.8480,-0.022711,0.007137,0,134.68,NaN
45.8560,-0.023687,0.004412,0,134.68,NaN
45.8640,-0.026129,0.050210,0,134.68,NaN
45.8720,-0.031502,0.047578,0,134.68,NaN
45.8800,-0.037851,0.044618,0,134.68,NaN
45.8880,-0.041270,0.041672,0,134.68,NaN
45.8960,-0.045177,0.038854,0,134.68,NaN
45.9040,-0.047619,0.036076,0,134.68,NaN
45.9120,-0.054457,0.033284,0,134.68,NaN
45.9200,-0.059341,0.030578,0,134.68,NaN
45.9280,-0.062271,0.028073,0,134.68,NaN
45.9360,-0.067155,0.025787,0,134.68,NaN
45.9440,-0.070574,0.023703,0,134.68,NaN
45.9520,-0.075946,0.021816,0,134.68,NaN
45.9600,-0.078877,0.020087,0,134.68,NaN
45.9680,-0.082295,0.009747,0,134.68,NaN
45.9760,-0.083272,0.008584,0,134.68,NaN
45.9840,-0.085714,0.007175,0,134.68,NaN
45.9920,-0.092063,0.005451,0,134.68,NaN
46.0000,-0.096947,0.003633,0,134.68,NaN
46.0080,-0.098901,0.001955,0,134.68,NaN
46.0160,-0.102320,0.000478,0,134.68,NaN
46.0240,-0.105739,-0.000777,0,134.68,NaN
46.0320,-0.110134,-0.001644,0,134.68,NaN
46.0400,-0.113553,-0.001844,0,134.68,NaN
46.0480,-0.115995,-0.001183,0,134.68,NaN
46.0560,-0.115507,0.000262,0,134.68,NaN
46.0640,-0.116972,0.002167,0,134.68,NaN
46.0720,-0.117949,-0.031780,0,134.68,NaN
46.0800,-0.119902,-0.031530,0,134.68,NaN
46.0880,-0.120391,-0.031246,0,134.68,NaN
46.0960,-0.120391,-0.030941,0,134.68,NaN
46.1040,-0.122344,-0.030540,0,134.68,NaN
46.1120,-0.125275,-0.029849,0,134.68,NaN
46.1200,-0.123810,-0.028704,0,134.68,NaN
46.1280,-0.124298,-0.027139,0,134.68,NaN
46.1360,-0.123321,-0.025306,0,134.68,NaN
46.1440,-0.123810,-0.023294,0,134.68,NaN
46.1520,-0.124298,-0.021045,0,134.68,NaN
46.1600,-0.124786,-0.018453,0,134.68,NaN
46.1680,-0.122344,-0.015578,0,134.68,NaN
46.1760,-0.120391,-0.024422,0,134.68,NaN
46.1840,-0.119414,-0.022610,0,134.68,NaN
46.1920,-0.121856,-0.021030,0,134.68,NaN
46.2000,-0.119414,-0.019633,0,134.68,NaN
46.2080,-0.118437,-0.018480,0,134.68,NaN
46.2160,-0.117460,-0.017683,0,134.68,NaN
46.2240,-0.119414,-0.017177,0,134.68,NaN
46.2320,-0.119902,-0.016679,0,134.68,NaN
46.2400,-0.119902,-0.015889,0,134.68,NaN
46.2480,-0.117949,-0.014704,0,134.68,NaN
46.2560,-0.116972,-0.013218,0,134.68,NaN
46.2640,-0.115507,-0.011591,0,134.68,NaN
46.2720,-0.114530,-0.009932,0,134.68,NaN
46.2800,-0.112576,-0.008446,0,134.68,NaN
46.2880,-0.110134,-0.007004,0,134.68,NaN
46.2960,-0.107692,-0.006217,0,134.68,NaN
46.3040,-0.109158,-0.006120,0,134.68,NaN
46.3120,-0.110623,-0.006364,0,134.68,NaN
46.3200,-0.111111,-0.006456,0,134.68,NaN
46.3280,-0.108181,-0.006120,0,134.68,NaN
46.3360,-0.107692,-0.005406,0,134.68,NaN
46.3440,-0.104762,-0.004519,0,134.68,NaN
46.3520,-0.105739,-0.003646,0,134.68,NaN
46.3600,-0.101832,-0.002931,0,134.68,NaN
46.3680,-0.101343,-0.002463,0,134.68,NaN
46.3760,-0.100855,-0.002204,0,134.68,NaN
46.3840,-0.101343,0.006792,0,134.68,NaN
46.3920,-0.101832,0.006429,0,134.68,NaN
46.4000,-0.101343,0.006037,0,134.68,NaN
46.4080,-0.100855,0.005632,0,134.68,NaN
46.4160,-0.099878,0.005133,0,134.68,NaN
46.4240,-0.101343,0.004505,0,134.68,NaN
46.4320,-0.100855,0.003814,0,134.68,NaN
46.4400,-0.101343,0.003177,0,134.68,NaN
46.4480,-0.100855,0.002695,0,134.68,NaN
46.4560,-0.100855,0.002440,0,134.68,NaN
46.4640,-0.099389,0.002455,0,134.68,NaN
46.4720,-0.100366,0.002750,0,134.68,NaN
46.4800,-0.097924,0.003244,0,134.68,NaN
46.4880,-0.097924,0.004420,0,134.68,NaN
46.4960,-0.097924,0.004178,0,134.68,NaN
46.5040,-0.098413,0.003997,0,134.68,NaN
46.5120,-0.099878,0.004113,0,134.68,NaN
46.5200,-0.096459,0.004531,0,134.68,NaN
46.5280,-0.094505,0.004933,0,134.68,NaN
46.5360,-0.094017,0.004936,0,134.68,NaN
46.5440,-0.094994,0.004415,0,134.68,NaN
46.5520,-0.095971,0.003546,0,134.68,NaN
46.5600,-0.095482,0.002648,0,134.68,NaN
46.5680,-0.096947,0.002022,0,134.68,NaN
46.5760,-0.096947,0.001836,0,134.68,NaN
46.5840,-0.094994,0.001995,0,134.68,NaN
46.5920,-0.096947,0.005800,0,134.68,NaN
46.6000,-0.096947,0.006103,0,134.68,NaN
46.6080,-0.094505,0.006627,0,134.68,NaN
46.6160,-0.094017,0.007224,0,134.68,NaN
46.6240,-0.094017,0.007767,0,134.68,NaN
46.6320,-0.094017,0.008198,0,134.68,NaN
46.6400,-0.093040,0.008423,0,134.68,NaN
46.6480,-0.091575,0.008265,0,134.68,NaN
46.6560,-0.093529,0.007606,0,134.68,NaN
46.6640,-0.094017,0.006528,0,134.68,NaN
46.6720,-0.096947,0.005288,0,134.68,NaN
46.6800,-0.097924,0.004138,0,134.68,NaN
46.6880,-0.097924,0.003137,0,134.68,NaN
46.6960,-0.098413,0.003282,0,134.68,NaN
46.7040,-0.097924,0.003447,0,134.68,NaN
46.7120,-0.098901,0.003863,0,134.68,NaN
46.7200,-0.096459,0.004317,0,134.68,NaN
46.7280,-0.096947,0.004559,0,134.68,NaN
46.7360,-0.096459,0.004454,0,134.68,NaN
46.7440,-0.097924,0.004087,0,134.68,NaN
46.7520,-0.100366,0.003710,0,134.68,NaN
46.7600,-0.098901,0.003484,0,134.68,NaN
46.7680,-0.097924,0.003318,0,134.68,NaN
46.7760,-0.098901,0.003006,0,134.68,NaN
46.7840,-0.099878,0.002459,0,134.68,NaN
46.7920,-0.100855,0.001753,0,134.68,NaN
46.8000,-0.100366,0.000563,0,134.68,NaN
46.8080,-0.097924,0.001768,0,134.68,NaN
46.8160,-0.095971,0.003176,0,134.68,NaN
46.8240,-0.095971,0.004426,0,134.68,NaN
46.8320,-0.094994,0.005236,0,134.68,NaN
46.8400,-0.094505,0.005405,0,134.68,NaN
46.8480,-0.094994,0.004833,0,134.68,NaN
46.8560,-0.095971,0.003634,0,134.68,NaN
46.8640,-0.099389,0.002192,0,134.68,NaN
46.8720,-0.101343,0.001036,0,134.68,NaN
46.8800,-0.100855,0.000554,0,134.68,NaN
46.8880,-0.101343,0.000802,0,134.68,NaN
46.8960,-0.099878,0.001512,0,134.68,NaN
46.9040,-0.100855,-0.005043,0,134.68,NaN
46.9120,-0.097924,-0.003782,0,134.68,NaN
46.9200,-0.096459,-0.002579,0,134.68,NaN
46.9280,-0.094505,-0.001792,0,134.68,NaN
46.9360,-0.095482,-0.001560,0,134.68,NaN
46.9440,-0.096459,-0.001717,0,134.68,NaN
46.9520,-0.096947,-0.001953,0,134.68,NaN
46.9600,-0.096459,-0.002049,0,134.68,NaN
46.9680,-0.095971,-0.001973,0,134.68,NaN
46.9760,-0.094994,-0.001813,0,134.68,NaN
46.9840,-0.094994,-0.001630,0,134.68,NaN
46.9920,-0.096459,-0.001386,0,134.68,NaN
47.0000,-0.094505,-0.001057,0,134.68,NaN
47.0080,-0.094994,-0.001193,0,134.68,NaN
47.0160,-0.095971,-0.001471,0,134.68,NaN
47.0240,-0.095971,-0.001616,0,134.68,NaN
47.0320,-0.095971,-0.001509,0,134.68,NaN
47.0400,-0.094994,-0.001168,0,134.68,NaN
47.0480,-0.093529,-0.000722,0,134.68,NaN
47.0560,-0.093529,-0.000290,0,134.68,NaN
47.0640,-0.093529,0.000117,0,134.68,NaN
47.0720,-0.094017,0.000533,0,134.68,NaN
47.0800,-0.092063,0.000861,0,134.68,NaN
47.0880,-0.090598,0.000834,0,134.68,NaN
47.0960,-0.090598,0.000236,0,134.68,NaN
47.1040,-0.093040,-0.000813,0,134.68,NaN
47.1120,-0.093529,-0.000398,0,134.68,NaN
47.1200,-0.093529,-0.001009,0,134.68,NaN
47.1280,-0.094017,-0.001202,0,134.68,NaN
47.1360,-0.093040,-0.000892,0,134.68,NaN
47.1440,-0.093529,-0.000102,0,134.68,NaN
47.1520,-0.092063,0.000972,0,134.68,NaN
47.1600,-0.088645,0.001922,0,134.68,NaN
47.1680,-0.088156,0.002298,0,134.68,NaN
47.1760,-0.088645,0.001934,0,134.68,NaN
47.1840,-0.091087,0.001088,0,134.68,NaN
47.1920,-0.092552,0.000228,0,134.68,NaN
47.2000,-0.091575,-0.000328,0,134.68,NaN
47.2080,-0.091087,-0.000611,0,134.68,NaN
47.2160,-0.093529,-0.003647,0,134.68,NaN
47.2240,-0.091087,-0.003321,0,134.68,NaN
47.2320,-0.093040,-0.002462,0,134.68,NaN
47.2400,-0.087668,-0.001329,0,134.68,NaN
47.2480,-0.087179,-0.000349,0,134.68,NaN
47.2560,-0.086203,0.000162,0,134.68,NaN
47.2640,-0.087179,0.000215,0,134.68,NaN
47.2720,-0.087668,0.000065,0,134.68,NaN
47.2800,-0.088156,-0.000040,0,134.68,NaN
47.2880,-0.085714,-0.000073,0,134.68,NaN
47.2960,-0.085714,-0.000206,0,134.68,NaN
47.3040,-0.085714,-0.000584,0,134.68,NaN
47.3120,-0.086691,-0.001165,0,134.68,NaN
47.3200,-0.086203,0.000685,0,134.68,NaN
47.3280,-0.085714,-0.000346,0,134.68,NaN
47.3360,-0.088645,-0.001514,0,134.68,NaN
47.3440,-0.090598,-0.002435,0,134.68,NaN
47.3520,-0.090110,-0.002785,0,134.68,NaN
47.3600,-0.088645,-0.002553,0,134.68,NaN
47.3680,-0.087179,-0.001999,0,134.68,NaN
47.3760,-0.087179,-0.001424,0,134.68,NaN
47.3840,-0.086203,-0.001001,0,134.68,NaN
47.3920,-0.086691,-0.000762,0,134.68,NaN
47.4000,-0.086203,-0.000663,0,134.68,NaN
47.4080,-0.085714,-0.000654,0,134.68,NaN
47.4160,-0.085714,-0.000691,0,134.68,NaN
47.4240,-0.085714,-0.005704,0,134.68,NaN
47.4320,-0.085226,-0.005982,0,134.68,NaN
47.4400,-0.085226,-0.006265,0,134.68,NaN
47.4480,-0.084737,-0.006539,0,134.68,NaN
47.4560,-0.085226,-0.006771,0,134.68,NaN
47.4640,-0.084249,-0.006918,0,134.68,NaN
47.4720,-0.084737,-0.006949,0,134.68,NaN
47.4800,-0.083761,-0.006863,0,134.68,NaN
47.4880,-0.082295,-0.006680,0,134.68,NaN
47.4960,-0.081319,-0.006349,0,134.68,NaN
47.5040,-0.083272,-0.005667,0,134.68,NaN
47.5120,-0.080830,-0.004442,0,134.68,NaN
47.5200,-0.077411,-0.002786,0,134.68,NaN
47.5280,-0.073504,-0.029381,0,134.68,NaN
47.5360,-0.070085,-0.027664,0,134.68,NaN
47.5440,-0.067643,-0.025773,0,134.68,NaN
47.5520,-0.063248,-0.023833,0,134.68,NaN
47.5600,-0.058852,-0.022005,0,134.68,NaN
47.5680,-0.054457,-0.020424,0,134.68,NaN
47.5760,-0.052015,-0.019031,0,134.68,NaN
47.5840,-0.052015,-0.017537,0,134.68,NaN
47.5920,-0.047131,-0.015740,0,134.68,NaN
47.6000,-0.039316,-0.013859,0,134.68,NaN
47.6080,-0.036386,-0.012391,0,134.68,NaN
47.6160,-0.033455,-0.011629,0,134.68,NaN
47.6240,-0.032479,-0.011405,0,134.68,NaN
47.6320,-0.030525,0.015281,0,134.68,NaN
47.6400,-0.024664,0.018546,0,134.68,NaN
47.6480,-0.016850,0.022364,0,134.68,NaN
47.6560,-0.008547,0.025960,0,134.68,NaN
47.6640,-0.003175,0.028450,0,134.68,NaN
47.6720,-0.002198,0.029297,0,134.68,NaN
47.6800,-0.004151,0.028530,0,134.68,NaN
47.6880,-0.007570,0.026592,0,134.68,NaN
47.6960,-0.008547,0.023997,0,134.68,NaN
47.7040,-0.011966,0.021068,0,134.68,NaN
47.7120,-0.013919,0.017919,0,134.68,NaN
47.7200,-0.016361,0.014550,0,134.68,NaN
47.7280,-0.021245,0.011015,0,134.68,NaN
47.7360,-0.027595,0.062961,0,134.68,NaN
47.7440,-0.031502,0.059704,0,134.68,NaN
47.7520,-0.036874,0.056099,0,134.68,NaN
47.7600,-0.040781,0.052017,0,134.68,NaN
47.7680,-0.048107,0.047420,0,134.68,NaN
47.7760,-0.054945,0.042557,0,134.68,NaN
47.7840,-0.063736,0.037947,0,134.68,NaN
47.7920,-0.070085,0.034107,0,134.68,NaN
47.8000,-0.071551,0.031238,0,134.68,NaN
47.8080,-0.076435,0.029194,0,134.68,NaN
47.8160,-0.079365,0.027729,0,134.68,NaN
47.8240,-0.083272,0.026650,0,134.68,NaN
47.8320,-0.085714,0.025799,0,134.68,NaN
47.8400,-0.085714,-0.013629,0,134.68,NaN
47.8480,-0.085226,-0.013713,0,134.68,NaN
47.8560,-0.085714,-0.013764,0,134.68,NaN
47.8640,-0.088156,-0.014063,0,134.68,NaN
47.8720,-0.088156,-0.014667,0,134.68,NaN
47.8800,-0.090598,-0.015438,0,134.68,NaN
47.8880,-0.093040,-0.016080,0,134.68,NaN
47.8960,-0.094017,-0.016237,0,134.68,NaN
47.9040,-0.094994,-0.015664,0,134.68,NaN
47.9120,-0.094505,-0.014321,0,134.68,NaN
47.9200,-0.094017,-0.012355,0,134.68,NaN
47.9280,-0.092552,-0.010011,0,134.68,NaN
47.9360,-0.092552,-0.007506,0,134.68,NaN
47.9440,-0.091087,-0.030824,0,134.68,NaN
47.9520,-0.090598,-0.029519,0,134.68,NaN
47.9600,-0.090598,-0.028128,0,134.68,NaN
47.9680,-0.090110,-0.026431,0,134.68,NaN
47.9760,-0.090598,-0.024188,0,134.68,NaN
47.9840,-0.088645,-0.021331,0,134.68,NaN
47.9920,-0.085714,-0.018132,0,134.68,NaN
48.0000,-0.083272,-0.015163,0,134.68,NaN
48.0080,-0.080830,-0.013032,0,134.68,NaN
48.0160,-0.082784,-0.012040,0,134.68,NaN
48.0240,-0.085714,-0.012063,0,134.68,NaN
48.0320,-0.085714,-0.012752,0,134.68,NaN
48.0400,-0.088156,-0.013764,0,134.68,NaN
48.0480,-0.091575,0.069280,0,134.68,NaN
48.0560,-0.092552,0.072937,0,134.68,NaN
48.0640,-0.091575,0.077865,0,134.68,NaN
48.0720,-0.089133,0.083768,0,134.68,NaN
48.0800,-0.088156,0.089886,0,134.68,NaN
48.0880,-0.086203,0.095128,0,134.68,NaN
48.0960,-0.086691,0.098201,0,134.68,NaN
48.1040,-0.090110,0.097823,0,134.68,NaN
48.1120,-0.097924,0.093026,0,134.68,NaN
48.1200,-0.110623,0.083488,0,134.68,NaN
48.1280,-0.130159,0.069728,0,134.68,NaN
48.1360,-0.151648,0.052987,0,134.68,NaN
48.1440,-0.171673,0.034799,0,134.68,NaN
48.1520,-0.180952,-0.930437,0,134.68,NaN
48.1600,-0.178999,-0.966374,0,134.68,NaN
48.1680,-0.159463,-0.990196,0,134.68,NaN
48.1760,-0.121368,-1.000000,0,134.68,NaN
48.1840,-0.067643,-0.994690,0,134.68,NaN
48.1920,0.008059,-0.973723,0,134.68,NaN
48.2000,0.099389,-0.936982,0,134.68,NaN
48.2080,0.211233,-0.884873,0,134.68,NaN
48.2160,0.348962,-0.818494,0,134.68,NaN
48.2240,0.492063,-0.739515,0,134.68,NaN
48.2320,0.645910,-0.649957,0,134.68,NaN
48.2400,0.821245,-0.552528,0,134.68,NaN
48.2480,1.000000,-0.451076,0,134.68,NaN
48.2560,1.000000,0.981496,1,134.68,NaN
48.2640,1.000000,1.000000,1,134.68,NaN
48.2720,1.000000,0.974233,0,134.68,NaN
48.2800,0.820269,0.907604,0,134.68,NaN
48.2880,0.603419,0.811276,0,134.68,NaN
48.2960,0.403663,0.701652,0,134.68,NaN
48.3040,0.211722,0.595065,0,134.68,NaN
48.3120,0.039316,0.504712,0,134.68,NaN
48.3200,-0.100366,0.440008,0,134.68,NaN
48.3280,-0.193651,0.406150,0,134.68,NaN
48.3360,-0.233211,0.403247,0,134.68,NaN
48.3440,-0.229792,0.425684,0,134.68,NaN
48.3520,-0.195116,0.462607,0,134.68,NaN
48.3600,-0.143834,-0.073861,0,134.68,NaN
48.3680,-0.094017,-0.024594,0,134.68,NaN
48.3760,-0.056410,0.016791,0,134.68,NaN
48.3840,-0.037363,0.044354,0,134.68,NaN
48.3920,-0.033455,0.056707,0,134.68,NaN
48.4000,-0.040293,0.055982,0,134.68,NaN
48.4080,-0.058364,0.046394,0,134.68,NaN
48.4160,-0.079365,0.032828,0,134.68,NaN
48.4240,-0.094994,0.019547,0,134.68,NaN
48.4320,-0.107692,0.009328,0,134.68,NaN
48.4400,-0.116484,0.003238,0,134.68,NaN
48.4480,-0.117460,0.000831,0,134.68,NaN
48.4560,-0.118437,0.000570,0,134.68,NaN
48.4640,-0.117949,-0.184183,0,134.68,NaN
48.4720,-0.116972,-0.187724,0,134.68,NaN
48.4800,-0.115995,-0.190692,0,134.68,NaN
48.4880,-0.115507,-0.192966,0,134.68,NaN
48.4960,-0.115507,-0.194080,0,134.68,NaN
48.5040,-0.114530,-0.193397,0,134.68,NaN
48.5120,-0.114042,-0.190258,0,134.68,NaN
48.5200,-0.112576,-0.184015,0,134.68,NaN
48.5280,-0.114042,-0.174005,0,134.68,NaN
48.5360,-0.116484,-0.159664,0,134.68,NaN
48.5440,-0.114530,-0.140923,0,134.68,NaN
48.5520,-0.116484,-0.118567,0,134.68,NaN
48.5600,-0.116484,-0.094179,0,134.68,NaN
48.5680,-0.115995,-0.086437,0,134.68,NaN
48.5760,-0.116484,-0.066958,0,134.68,NaN
48.5840,-0.115507,-0.049335,0,134.68,NaN
48.5920,-0.113553,-0.034803,0,134.68,NaN
48.6000,-0.113553,-0.024065,0,134.68,NaN
48.6080,-0.114530,-0.017147,0,134.68,NaN
48.6160,-0.113553,-0.013580,0,134.68,NaN
48.6240,-0.109646,-0.012713,0,134.68,NaN
48.6320,-0.108669,-0.013821,0,134.68,NaN
48.6400,-0.108669,-0.016069,0,134.68,NaN
48.6480,-0.106227,-0.018673,0,134.68,NaN
48.6560,-0.104762,-0.021184,0,134.68,NaN
48.6640,-0.103785,-0.023560,0,134.68,NaN
48.6720,-0.101832,-0.012289,0,134.68,NaN
48.6800,-0.101343,-0.011466,0,134.68,NaN
48.6880,-0.101832,-0.010088,0,134.68,NaN
48.6960,-0.101343,-0.008146,0,134.68,NaN
48.7040,-0.098901,-0.005769,0,134.68,NaN
48.7120,-0.095971,-0.003307,0,134.68,NaN
48.7200,-0.093529,-0.001206,0,134.68,NaN
48.7280,-0.092552,0.000191,0,134.68,NaN
48.7360,-0.091087,0.000721,0,134.68,NaN
48.7440,-0.089133,0.000375,0,134.68,NaN
48.7520,-0.091087,-0.000688,0,134.68,NaN
48.7600,-0.091575,-0.002173,0,134.68,NaN
48.7680,-0.091087,-0.003820,0,134.68,NaN
48.7760,-0.091087,0.000898,0,134.68,NaN
48.7840,-0.089133,0.001679,0,134.68,NaN
48.7920,-0.085714,0.003128,0,134.68,NaN
48.8000,-0.084249,0.004894,0,134.68,NaN
48.8080,-0.080342,0.006540,0,134.68,NaN
48.8160,-0.078877,0.007637,0,134.68,NaN
48.8240,-0.076923,0.007870,0,134.68,NaN
48.8320,-0.076923,0.007160,0,134.68,NaN
48.8400,-0.076923,0.005728,0,134.68,NaN
48.8480,-0.079365,0.004095,0,134.68,NaN
48.8560,-0.080830,0.002873,0,134.68,NaN
48.8640,-0.078877,0.002394,0,134.68,NaN
48.8720,-0.076435,0.002472,0,134.68,NaN
48.8800,-0.073993,0.008239,0,134.68,NaN
48.8880,-0.072039,0.009567,0,134.68,NaN
48.8960,-0.070085,0.010622,0,134.68,NaN
48.9040,-0.068620,0.011158,0,134.68,NaN
48.9120,-0.067643,0.011057,0,134.68,NaN
48.9200,-0.066667,0.010357,0,134.68,NaN
48.9280,-0.068620,0.009281,0,134.68,NaN
48.9360,-0.068620,0.008162,0,134.68,NaN
48.9440,-0.068132,0.007250,0,134.68,NaN
48.9520,-0.067155,0.006617,0,134.68,NaN
48.9600,-0.066667,0.006225,0,134.68,NaN
48.9680,-0.066667,0.006016,0,134.68,NaN
48.9760,-0.065201,0.005918,0,134.68,NaN
48.9840,-0.062759,-0.005832,0,134.68,NaN
48.9920,-0.059341,-0.004567,0,134.68,NaN
49.0000,-0.056899,-0.003103,0,134.68,NaN
49.0080,-0.054457,-0.001703,0,134.68,NaN
49.0160,-0.051526,-0.000641,0,134.68,NaN
49.0240,-0.048596,-0.000188,0,134.68,NaN
49.0320,-0.047131,-0.000479,0,134.68,NaN
49.0400,-0.047619,-0.001328,0,134.68,NaN
49.0480,-0.049084,-0.002241,0,134.68,NaN
49.0560,-0.047131,-0.002698,0,134.68,NaN
49.0640,-0.045177,-0.002467,0,134.68,NaN
49.0720,-0.041270,-0.001664,0,134.68,NaN
49.0800,-0.039316,-0.000576,0,134.68,NaN
49.0880,-0.038828,0.013996,0,134.68,NaN
49.0960,-0.034432,0.016306,0,134.68,NaN
49.1040,-0.031013,0.018366,0,134.68,NaN
49.1120,-0.026618,0.019520,0,134.68,NaN
49.1200,-0.026129,0.019276,0,134.68,NaN
49.1280,-0.030037,0.017656,0,134.68,NaN
49.1360,-0.031013,0.015154,0,134.68,NaN
49.1440,-0.032479,0.012397,0,134.68,NaN
49.1520,-0.033455,0.009955,0,134.68,NaN
49.1600,-0.036386,0.008326,0,134.68,NaN
49.1680,-0.035409,0.007813,0,134.68,NaN
49.1760,-0.031990,0.008328,0,134.68,NaN
49.1840,-0.030525,0.009425,0,134.68,NaN
49.1920,-0.024664,0.001842,0,134.68,NaN
49.2000,-0.023199,0.003430,0,134.68,NaN
49.2080,-0.023199,0.004847,0,134.68,NaN
49.2160,-0.020757,0.006249,0,134.68,NaN
49.2240,-0.016850,0.007650,0,134.68,NaN
49.2320,-0.013431,0.008802,0,134.68,NaN
49.2400,-0.011966,0.009420,0,134.68,NaN
49.2480,-0.010989,0.009411,0,134.68,NaN
49.2560,-0.011966,0.008884,0,134.68,NaN
49.2640,-0.010012,0.007962,0,134.68,NaN
49.2720,-0.010012,0.006633,0,134.68,NaN
49.2800,-0.008059,0.004825,0,134.68,NaN
49.2880,-0.010989,0.002644,0,134.68,NaN
49.2960,-0.014896,0.053867,0,134.68,NaN
49.3040,-0.018315,0.051812,0,134.68,NaN
49.3120,-0.022222,0.049875,0,134.68,NaN
49.3200,-0.023687,0.048373,0,134.68,NaN
49.3280,-0.027595,0.047322,0,134.68,NaN
49.3360,-0.028571,0.046430,0,134.68,NaN
49.3440,-0.030037,0.045160,0,134.68,NaN
49.3520,-0.032479,0.042982,0,134.68,NaN
49.3600,-0.038828,0.039715,0,134.68,NaN
49.3680,-0.046154,0.035641,0,134.68,NaN
49.3760,-0.051526,0.031243,0,134.68,NaN
49.3840,-0.057387,0.026866,0,134.68,NaN
49.3920,-0.062759,0.022604,0,134.68,NaN
49.4000,-0.069597,0.026081,0,134.68,NaN
49.4080,-0.072039,0.024491,0,134.68,NaN
49.4160,-0.075946,0.023681,0,134.68,NaN
49.4240,-0.077900,0.023118,0,134.68,NaN
49.4320,-0.078877,0.022183,0,134.68,NaN
49.4400,-0.085714,0.020535,0,134.68,NaN
49.4480,-0.092063,0.018311,0,134.68,NaN
49.4560,-0.096459,0.015913,0,134.68,NaN
49.4640,-0.100855,0.013673,0,134.68,NaN
49.4720,-0.104762,0.011794,0,134.68,NaN
49.4800,-0.110623,0.010449,0,134.68,NaN
49.4880,-0.115507,0.009752,0,134.68,NaN
49.4960,-0.116972,0.009560,0,134.68,NaN
49.5040,-0.117949,-0.030953,0,134.68,NaN
49.5120,-0.117949,-0.030292,0,134.68,NaN
49.5200,-0.120391,-0.029090,0,134.68,NaN
49.5280,-0.119902,-0.027555,0,134.68,NaN
49.5360,-0.119902,-0.025919,0,134.68,NaN
49.5440,-0.120391,-0.024441,0,134.68,NaN
49.5520,-0.120391,-0.023305,0,134.68,NaN
49.5600,-0.122833,-0.022496,0,134.68,NaN
49.5680,-0.124786,-0.021764,0,134.68,NaN
49.5760,-0.127228,-0.020761,0,134.68,NaN
49.5840,-0.126740,-0.019257,0,134.68,NaN
49.5920,-0.128205,-0.017249,0,134.68,NaN
49.6000,-0.127717,-0.014929,0,134.68,NaN
49.6080,-0.127228,-0.027014,0,134.68,NaN
49.6160,-0.125763,-0.025178,0,134.68,NaN
49.6240,-0.125275,-0.023882,0,134.68,NaN
49.6320,-0.126252,-0.023333,0,134.68,NaN
49.6400,-0.129670,-0.023373,0,134.68,NaN
49.6480,-0.131136,-0.023589,0,134.68,NaN
49.6560,-0.132601,-0.023576,0,134.68,NaN
49.6640,-0.133089,-0.023094,0,134.68,NaN
49.6720,-0.132601,-0.022055,0,134.68,NaN
49.6800,-0.132601,-0.020406,0,134.68,NaN
49.6880,-0.132601,-0.018047,0,134.68,NaN
49.6960,-0.131624,-0.014937,0,134.68,NaN
49.7040,-0.127228,-0.011309,0,134.68,NaN
49.7120,-0.127228,-0.019491,0,134.68,NaN
49.7200,-0.129182,-0.018581,0,134.68,NaN
49.7280,-0.128205,-0.017783,0,134.68,NaN
49.7360,-0.127228,-0.016962,0,134.68,NaN
49.7440,-0.125275,-0.016209,0,134.68,NaN
49.7520,-0.124298,-0.015683,0,134.68,NaN
49.7600,-0.125275,-0.015366,0,134.68,NaN
49.7680,-0.125275,-0.015019,0,134.68,NaN
49.7760,-0.124298,-0.014360,0,134.68,NaN
49.7840,-0.122344,-0.013250,0,134.68,NaN
49.7920,-0.120391,-0.011744,0,134.68,NaN
49.8000,-0.116972,-0.010008,0,134.68,NaN
49.8080,-0.115507,-0.008204,0,134.68,NaN
49.8160,-0.114042,-0.005676,0,134.68,NaN
49.8240,-0.112576,-0.005967,0,134.68,NaN
49.8320,-0.113553,-0.007155,0,134.68,NaN
49.8400,-0.115995,-0.008848,0,134.68,NaN
49.8480,-0.116972,-0.010433,0,134.68,NaN
49.8560,-0.116972,-0.011345,0,134.68,NaN
49.8640,-0.116484,-0.011251,0,134.68,NaN
49.8720,-0.114530,-0.010141,0,134.68,NaN
49.8800,-0.110623,-0.008333,0,134.68,NaN
49.8880,-0.106716,-0.006350,0,134.68,NaN
49.8960,-0.104762,-0.004659,0,134.68,NaN
49.9040,-0.102320,-0.003450,0,134.68,NaN
49.9120,-0.101343,-0.002593,0,134.68,NaN
49.9200,-0.101832,0.010223,0,134.68,NaN
49.9280,-0.102808,0.009092,0,134.68,NaN
49.9360,-0.103297,0.007264,0,134.68,NaN
49.9440,-0.104274,0.004889,0,134.68,NaN
49.9520,-0.106716,0.002233,0,134.68,NaN
49.9600,-0.110134,-0.000247,0,134.68,NaN
49.9680,-0.110134,-0.002035,0,134.68,NaN
49.9760,-0.111600,-0.002768,0,134.68,NaN
49.9840,-0.109646,-0.002394,0,134.68,NaN
49.9920,-0.105739,-0.001189,0,134.68,NaN
50.0000,-0.103785,0.000438,0,134.68,NaN
50.0080,-0.102808,0.002208,0,134.68,NaN
50.0160,-0.099878,0.004018,0,134.68,NaN
50.0240,-0.096947,0.015077,0,134.68,NaN
50.0320,-0.098901,0.014677,0,134.68,NaN
50.0400,-0.100855,0.013326,0,134.68,NaN
50.0480,-0.103785,0.011430,0,134.68,NaN
50.0560,-0.102808,0.009317,0,134.68,NaN
50.0640,-0.105739,0.007164,0,134.68,NaN
50.0720,-0.106716,0.005152,0,134.68,NaN
50.0800,-0.109158,0.003589,0,134.68,NaN
50.0880,-0.111600,0.002817,0,134.68,NaN
50.0960,-0.109158,0.002973,0,134.68,NaN
50.1040,-0.107692,0.003850,0,134.68,NaN
50.1120,-0.105739,0.005075,0,134.68,NaN
50.1200,-0.105739,0.006384,0,134.68,NaN
50.1280,-0.103785,0.001970,0,134.68,NaN
50.1360,-0.103297,0.002731,0,134.68,NaN
50.1440,-0.102320,0.003142,0,134.68,NaN
50.1520,-0.101832,0.003210,0,134.68,NaN
50.1600,-0.102320,0.003025,0,134.68,NaN
50.1680,-0.101832,0.002758,0,134.68,NaN
50.1760,-0.103297,0.002585,0,134.68,NaN
50.1840,-0.101832,0.002584,0,134.68,NaN
50.1920,-0.101343,0.002673,0,134.68,NaN
50.2000,-0.101343,0.002682,0,134.68,NaN
50.2080,-0.101343,0.002487,0,134.68,NaN
50.2160,-0.102320,0.002075,0,134.68,NaN
50.2240,-0.102808,0.001532,0,134.68,NaN
50.2320,-0.104762,-0.001488,0,134.68,NaN
50.2400,-0.106716,-0.002944,0,134.68,NaN
50.2480,-0.108181,-0.004126,0,134.68,NaN
50.2560,-0.108181,-0.004909,0,134.68,NaN
50.2640,-0.106716,-0.005360,0,134.68,NaN
50.2720,-0.107692,-0.005577,0,134.68,NaN
50.2800,-0.108181,-0.005523,0,134.68,NaN
50.2880,-0.108669,-0.005098,0,134.68,NaN
50.2960,-0.105739,-0.004359,0,134.68,NaN
50.3040,-0.103785,-0.003553,0,134.68,NaN
50.3120,-0.104762,-0.002899,0,134.68,NaN
50.3200,-0.104274,-0.002422,0,134.68,NaN
50.3280,-0.103785,-0.002033,0,134.68,NaN
50.3360,-0.101832,0.001082,0,134.68,NaN
50.3440,-0.101343,0.001098,0,134.68,NaN
50.3520,-0.101832,0.000430,0,134.68,NaN
50.3600,-0.104274,-0.000771,0,134.68,NaN
50.3680,-0.105739,-0.002082,0,134.68,NaN
50.3760,-0.107692,-0.003039,0,134.68,NaN
50.3840,-0.105739,-0.003365,0,134.68,NaN
50.3920,-0.106227,-0.003033,0,134.68,NaN
50.4000,-0.105739,-0.002193,0,134.68,NaN
50.4080,-0.102808,-0.001145,0,134.68,NaN
50.4160,-0.101343,-0.000265,0,134.68,NaN
50.4240,-0.101343,0.000220,0,134.68,NaN
50.4320,-0.101832,0.000392,0,134.68,NaN
50.4400,-0.102808,0.004015,0,134.68,NaN
50.4480,-0.103297,0.004158,0,134.68,NaN
50.4560,-0.101343,0.004504,0,134.68,NaN
50.4640,-0.100855,0.004938,0,134.68,NaN
50.4720,-0.101343,0.005322,0,134.68,NaN
50.4800,-0.101343,0.005608,0,134.68,NaN
50.4880,-0.101343,0.005786,0,134.68,NaN
50.4960,-0.101343,0.005811,0,134.68,NaN
50.5040,-0.101343,0.005597,0,134.68,NaN
50.5120,-0.101832,0.005069,0,134.68,NaN
50.5200,-0.103785,0.004239,0,134.68,NaN
50.5280,-0.104274,0.003189,0,134.68,NaN
50.5360,-0.105739,0.002031,0,134.68,NaN
50.5440,-0.106716,-0.007721,0,134.68,NaN
50.5520,-0.108669,-0.008930,0,134.68,NaN
50.5600,-0.109646,-0.009363,0,134.68,NaN
50.5680,-0.109158,-0.008833,0,134.68,NaN
50.5760,-0.105250,-0.007529,0,134.68,NaN
50.5840,-0.103297,-0.005937,0,134.68,NaN
50.5920,-0.101343,-0.004541,0,134.68,NaN
50.6000,-0.101343,-0.003587,0,134.68,NaN
50.6080,-0.101343,-0.003101,0,134.68,NaN
50.6160,-0.098901,-0.003044,0,134.68,NaN
50.6240,-0.100366,-0.003365,0,134.68,NaN
50.6320,-0.100855,-0.003944,0,134.68,NaN
50.6400,-0.100855,-0.004634,0,134.68,NaN
50.6480,-0.099878,0.000117,0,134.68,NaN
50.6560,-0.100855,-0.000314,0,134.68,NaN
50.6640,-0.100855,-0.000737,0,134.68,NaN
50.6720,-0.101832,-0.000930,0,134.68,NaN
50.6800,-0.102320,-0.000637,0,134.68,NaN
50.6880,-0.101343,0.000230,0,134.68,NaN
50.6960,-0.097924,0.001420,0,134.68,NaN
50.7040,-0.096459,0.002454,0,134.68,NaN
50.7120,-0.095971,0.002930,0,134.68,NaN
50.7200,-0.097924,0.002733,0,134.68,NaN
50.7280,-0.096947,0.001984,0,134.68,NaN
50.7360,-0.099878,0.000894,0,134.68,NaN
50.7440,-0.099878,-0.000337,0,134.68,NaN
50.7520,-0.101343,-0.003187,0,134.68,NaN
50.7600,-0.101343,-0.002697,0,134.68,NaN
50.7680,-0.098413,-0.001348,0,134.68,NaN
50.7760,-0.095482,0.000459,0,134.68,NaN
50.7840,-0.093529,0.002207,0,134.68,NaN
50.7920,-0.092552,0.003546,0,134.68,NaN
50.8000,-0.093529,0.004368,0,134.68,NaN
50.8080,-0.091087,0.004652,0,134.68,NaN
50.8160,-0.091087,0.004350,0,134.68,NaN
50.8240,-0.092063,0.003471,0,134.68,NaN
50.8320,-0.093529,0.002190,0,134.68,NaN
50.8400,-0.095971,0.000768,0,134.68,NaN
50.8480,-0.095482,-0.000636,0,134.68,NaN
50.8560,-0.096459,-0.003326,0,134.68,NaN
50.8640,-0.096947,-0.005085,0,134.68,NaN
50.8720,-0.100366,-0.006761,0,134.68,NaN
50.8800,-0.101343,-0.008045,0,134.68,NaN
50.8880,-0.101343,-0.008718,0,134.68,NaN
50.8960,-0.099878,-0.008795,0,134.68,NaN
50.9040,-0.099878,-0.008433,0,134.68,NaN
50.9120,-0.098901,-0.007789,0,134.68,NaN
50.9200,-0.097924,-0.006963,0,134.68,NaN
50.9280,-0.096947,-0.006031,0,134.68,NaN
50.9360,-0.094994,-0.005059,0,134.68,NaN
50.9440,-0.094505,-0.004091,0,134.68,NaN
50.9520,-0.093040,-0.003132,0,134.68,NaN
50.9600,-0.092552,-0.031926,0,134.68,NaN
50.9680,-0.090110,-0.031777,0,134.68,NaN
50.9760,-0.086203,-0.031508,0,134.68,NaN
50.9840,-0.085714,-0.031148,0,134.68,NaN
50.9920,-0.084737,-0.030542,0,134.68,NaN
51.0000,-0.082295,-0.029498,0,134.68,NaN
51.0080,-0.077411,-0.028051,0,134.68,NaN
51.0160,-0.072527,-0.026456,0,134.68,NaN
51.0240,-0.070085,-0.024861,0,134.68,NaN
51.0320,-0.069109,-0.023068,0,134.68,NaN
51.0400,-0.064713,-0.020712,0,134.68,NaN
51.0480,-0.059341,-0.017637,0,134.68,NaN
51.0560,-0.052991,-0.014083,0,134.68,NaN
51.0640,-0.048107,-0.001417,0,134.68,NaN
51.0720,-0.043712,0.002658,0,134.68,NaN
51.0800,-0.038828,0.007236,0,134.68,NaN
51.0880,-0.033455,0.012206,0,134.68,NaN
51.0960,-0.023199,0.016906,0,134.68,NaN
51.1040,-0.015873,0.020236,0,134.68,NaN
51.1120,-0.012943,0.021287,0,134.68,NaN
51.1200,-0.015873,0.019942,0,134.68,NaN
51.1280,-0.018315,0.016904,0,134.68,NaN
51.1360,-0.021734,0.013211,0,134.68,NaN
51.1440,-0.022711,0.009685,0,134.68,NaN
51.1520,-0.022711,0.006645,0,134.68,NaN
51.1600,-0.023199,0.003949,0,134.68,NaN
51.1680,-0.023687,0.074052,0,134.68,NaN
51.1760,-0.026618,0.072500,0,134.68,NaN
51.1840,-0.031502,0.069328,0,134.68,NaN
51.1920,-0.038828,0.064610,0,134.68,NaN
51.2000,-0.046642,0.058766,0,134.68,NaN
51.2080,-0.054457,0.052394,0,134.68,NaN
51.2160,-0.063248,0.046130,0,134.68,NaN
51.2240,-0.070085,0.040552,0,134.68,NaN
51.2320,-0.076435,0.036121,0,134.68,NaN
51.2400,-0.081319,0.033147,0,134.68,NaN
51.2480,-0.085714,0.031740,0,134.68,NaN
51.2560,-0.086203,0.031707,0,134.68,NaN
51.2640,-0.086691,0.032503,0,134.68,NaN
51.2720,-0.089133,-0.003246,0,134.68,NaN
51.2800,-0.088156,-0.002748,0,134.68,NaN
51.2880,-0.088156,-0.002207,0,134.68,NaN
51.2960,-0.087179,-0.002015,0,134.68,NaN
51.3040,-0.088156,-0.002424,0,134.68,NaN
51.3120,-0.092063,-0.003379,0,134.68,NaN
51.3200,-0.094017,-0.004582,0,134.68,NaN
51.3280,-0.094994,-0.005704,0,134.68,NaN
51.3360,-0.096947,-0.006481,0,134.68,NaN
51.3440,-0.098413,-0.006651,0,134.68,NaN
51.3520,-0.100855,-0.005956,0,134.68,NaN
51.3600,-0.099878,-0.004326,0,134.68,NaN
51.3680,-0.097924,-0.002063,0,134.68,NaN
51.3760,-0.097924,-0.025109,0,134.68,NaN
51.3840,-0.097924,-0.023431,0,134.68,NaN
51.3920,-0.096459,-0.021541,0,134.68,NaN
51.4000,-0.095971,-0.019567,0,134.68,NaN
51.4080,-0.094994,-0.017736,0,134.68,NaN
51.4160,-0.094017,-0.016325,0,134.68,NaN
51.4240,-0.094505,-0.015509,0,134.68,NaN
51.4320,-0.096459,-0.015193,0,134.68,NaN
51.4400,-0.098901,-0.015011,0,134.68,NaN
51.4480,-0.100366,-0.014556,0,134.68,NaN
51.4560,-0.098901,-0.013638,0,134.68,NaN
51.4640,-0.099878,-0.012331,0,134.68,NaN
51.4720,-0.099878,-0.010827,0,134.68,NaN
51.4800,-0.099878,0.007099,0,134.68,NaN
51.4880,-0.098901,0.009591,0,134.68,NaN
51.4960,-0.097924,0.012205,0,134.68,NaN
51.5040,-0.096459,0.014884,0,134.68,NaN
51.5120,-0.096947,0.017685,0,134.68,NaN
51.5200,-0.096459,0.020700,0,134.68,NaN
51.5280,-0.094017,0.023804,0,134.68,NaN
51.5360,-0.092063,0.026468,0,134.68,NaN
51.5440,-0.092063,0.027809,0,134.68,NaN
51.5520,-0.092063,0.026788,0,134.68,NaN
51.5600,-0.094994,0.022552,0,134.68,NaN
51.5680,-0.101832,0.014993,0,134.68,NaN
51.5760,-0.117460,0.005249,0,134.68,NaN
51.5840,-0.135531,-0.642347,0,134.68,NaN
51.5920,-0.157509,-0.687745,0,134.68,NaN
51.6000,-0.172161,-0.729709,0,134.68,NaN
51.6080,-0.179487,-0.763876,0,134.68,NaN
51.6160,-0.170696,-0.786452,0,134.68,NaN
51.6240,-0.148718,-0.794455,0,134.68,NaN
51.6320,-0.110623,-0.785548,0,134.68,NaN
51.6400,-0.054457,-0.757794,0,134.68,NaN
51.6480,0.022222,-0.709677,0,134.68,NaN
51.6560,0.113065,-0.640497,0,134.68,NaN
51.6640,0.229304,-0.551330,0,134.68,NaN
51.6720,0.368987,-0.446193,0,134.68,NaN
51.6800,0.516972,-0.332297,0,134.68,NaN
51.6880,0.665934,0.751614,0,134.68,NaN
51.6960,0.831502,0.857666,0,134.68,NaN
51.7040,0.992674,0.941721,0,134.68,NaN
51.7120,1.000000,0.991535,1,134.68,NaN
51.7200,1.000000,1.000000,1,134.68,NaN
51.7280,0.952137,0.966560,0,134.68,NaN
51.7360,0.748962,0.898157,0,134.68,NaN
51.7440,0.545299,0.808605,0,134.68,NaN
51.7520,0.356777,0.713914,0,134.68,NaN
51.7600,0.186325,0.626710,0,134.68,NaN
51.7680,0.033455,0.553586,0,134.68,NaN
51.7760,-0.096459,0.494835,0,134.68,NaN
51.7840,-0.190232,0.445169,0,134.68,NaN
51.7920,-0.239072,-0.243472,0,134.68,NaN
51.8000,-0.250305,-0.253956,0,134.68,NaN
51.8080,-0.218071,-0.233783,0,134.68,NaN
51.8160,-0.172650,-0.194228,0,134.68,NaN
51.8240,-0.124298,-0.147532,0,134.68,NaN
51.8320,-0.080342,-0.104292,0,134.68,NaN
51.8400,-0.048107,-0.071879,0,134.68,NaN
51.8480,-0.031990,-0.053866,0,134.68,NaN
51.8560,-0.031502,-0.050259,0,134.68,NaN
51.8640,-0.041758,-0.058453,0,134.68,NaN
51.8720,-0.057387,-0.074648,0,134.68,NaN
51.8800,-0.075458,-0.095204,0,134.68,NaN
51.8880,-0.089133,-0.117438,0,134.68,NaN
51.8960,-0.100366,-0.089250,0,134.68,NaN
51.9040,-0.106716,-0.098855,0,134.68,NaN
51.9120,-0.111600,-0.104801,0,134.68,NaN
51.9200,-0.110134,-0.107758,0,134.68,NaN
51.9280,-0.109158,-0.108663,0,134.68,NaN
51.9360,-0.108181,-0.108331,0,134.68,NaN
51.9440,-0.106227,-0.107141,0,134.68,NaN
51.9520,-0.107204,-0.104898,0,134.68,NaN
51.9600,-0.108669,-0.100886,0,134.68,NaN
51.9680,-0.110134,-0.094158,0,134.68,NaN
51.9760,-0.112088,-0.084031,0,134.68,NaN
51.9840,-0.114042,-0.070605,0,134.68,NaN
51.9920,-0.114042,-0.055065,0,134.68,NaN
52.0000,-0.110134,-0.171550,0,134.68,NaN
52.0080,-0.109158,-0.154685,0,134.68,NaN
52.0160,-0.111111,-0.136169,0,134.68,NaN
52.0240,-0.114530,-0.116930,0,134.68,NaN
52.0320,-0.113065,-0.097963,0,134.68,NaN
52.0400,-0.109646,-0.080680,0,134.68,NaN
52.0480,-0.103785,-0.066751,0,134.68,NaN
52.0560,-0.102808,-0.057446,0,134.68,NaN
52.0640,-0.104762,-0.053048,0,134.68,NaN
52.0720,-0.106716,-0.052838,0,134.68,NaN
52.0800,-0.106716,-0.055581,0,134.68,NaN
52.0880,-0.106227,-0.060059,0,134.68,NaN
52.0960,-0.103297,-0.065332,0,134.68,NaN
52.1040,-0.102320,-0.016127,0,134.68,NaN
52.1120,-0.101343,-0.017892,0,134.68,NaN
52.1200,-0.098901,-0.019052,0,134.68,NaN
52.1280,-0.098413,-0.019508,0,134.68,NaN
52.1360,-0.096459,-0.019200,0,134.68,NaN
52.1440,-0.097924,-0.018043,0,134.68,NaN
52.1520,-0.096947,-0.016023,0,134.68,NaN
52.1600,-0.093040,-0.013426,0,134.68,NaN
52.1680,-0.089621,-0.010864,0,134.68,NaN
52.1760,-0.088156,-0.008955,0,134.68,NaN
52.1840,-0.086691,-0.007969,0,134.68,NaN
52.1920,-0.088645,-0.007749,0,134.68,NaN
52.2000,-0.086203,-0.007919,0,134.68,NaN
52.2080,-0.084249,0.006431,0,134.68,NaN
52.2160,-0.082295,0.007923,0,134.68,NaN
52.2240,-0.079365,0.009216,0,134.68,NaN
52.2320,-0.078388,0.009765,0,134.68,NaN
52.2400,-0.075458,0.009058,0,134.68,NaN
52.2480,-0.077411,0.006958,0,134.68,NaN
52.2560,-0.082784,0.003980,0,134.68,NaN
52.2640,-0.085714,0.001144,0,134.68,NaN
52.2720,-0.086203,-0.000579,0,134.68,NaN
52.2800,-0.085714,-0.000715,0,134.68,NaN
52.2880,-0.080830,0.000603,0,134.68,NaN
52.2960,-0.077411,0.002861,0,134.68,NaN
52.3040,-0.074969,0.005512,0,134.68,NaN
52.3120,-0.073016,-0.000382,0,134.68,NaN
52.3200,-0.070085,0.000161,0,134.68,NaN
52.3280,-0.070085,0.000043,0,134.68,NaN
52.3360,-0.070085,-0.000366,0,134.68,NaN
52.3440,-0.069597,-0.000599,0,134.68,NaN
52.3520,-0.068132,-0.000375,0,134.68,NaN
52.3600,-0.064713,0.000238,0,134.68,NaN
52.3680,-0.062759,0.000903,0,134.68,NaN
52.3760,-0.059341,0.001279,0,134.68,NaN
52.3840,-0.060317,0.001275,0,134.68,NaN
52.3920,-0.059829,0.001086,0,134.68,NaN
52.4000,-0.057875,0.000951,0,134.68,NaN
52.4080,-0.055922,0.000918,0,134.68,NaN
52.4160,-0.055922,0.000286,0,134.68,NaN
52.4240,-0.059341,-0.001088,0,134.68,NaN
52.4320,-0.057387,-0.002168,0,134.68,NaN
52.4400,-0.056899,-0.002697,0,134.68,NaN
52.4480,-0.054457,-0.002669,0,134.68,NaN
52.4560,-0.052991,-0.002212,0,134.68,NaN
52.4640,-0.051526,-0.001481,0,134.68,NaN
52.4720,-0.049084,-0.000659,0,134.68,NaN
52.4800,-0.046154,0.000016,0,134.68,NaN
52.4880,-0.044200,0.000334,0,134.68,NaN
52.4960,-0.044200,0.000269,0,134.68,NaN
52.5040,-0.043712,-0.000027,0,134.68,NaN
52.5120,-0.041758,-0.000395,0,134.68,NaN
52.5200,-0.040293,0.004245,0,134.68,NaN
52.5280,-0.039316,0.003809,0,134.68,NaN
52.5360,-0.038828,0.003072,0,134.68,NaN
52.5440,-0.040781,0.002192,0,134.68,NaN
52.5520,-0.039316,0.001399,0,134.68,NaN
52.5600,-0.038339,0.000826,0,134.68,NaN
52.5680,-0.037363,0.000496,0,134.68,NaN
52.5760,-0.035897,0.000402,0,134.68,NaN
52.5840,-0.035409,0.000547,0,134.68,NaN
52.5920,-0.032479,0.000891,0,134.68,NaN
52.6000,-0.030525,0.001331,0,134.68,NaN
52.6080,-0.029548,0.001779,0,134.68,NaN
52.6160,-0.027595,0.002209,0,134.68,NaN
52.6240,-0.027595,-0.003218,0,134.68,NaN
52.6320,-0.025641,-0.004243,0,134.68,NaN
52.6400,-0.026618,-0.005706,0,134.68,NaN
52.6480,-0.025641,-0.007359,0,134.68,NaN
52.6560,-0.028083,-0.008749,0,134.68,NaN
52.6640,-0.027595,-0.009383,0,134.68,NaN
52.6720,-0.024664,-0.009026,0,134.68,NaN
52.6800,-0.021734,-0.007850,0,134.68,NaN
52.6880,-0.017827,-0.006298,0,134.68,NaN
52.6960,-0.014408,-0.004818,0,134.68,NaN
52.7040,-0.013431,-0.003634,0,134.68,NaN
52.7120,-0.010989,-0.002722,0,134.68,NaN
52.7200,-0.008547,-0.001950,0,134.68,NaN
52.7280,-0.009524,0.046810,0,134.68,NaN
52.7360,-0.011966,0.046161,0,134.68,NaN
52.7440,-0.014408,0.044979,0,134.68,NaN
52.7520,-0.016850,0.043682,0,134.68,NaN
52.7600,-0.016850,0.042446,0,134.68,NaN
52.7680,-0.019780,0.041207,0,134.68,NaN
52.7760,-0.022222,0.039789,0,134.68,NaN
52.7840,-0.023687,0.037974,0,134.68,NaN
52.7920,-0.027595,0.035557,0,134.68,NaN
52.8000,-0.031013,0.032456,0,134.68,NaN
52.8080,-0.036874,0.028783,0,134.68,NaN
52.8160,-0.042247,0.024781,0,134.68,NaN
52.8240,-0.046642,0.020676,0,134.68,NaN
52.8320,-0.049084,0.029711,0,134.68,NaN
52.8400,-0.052503,0.028405,0,134.68,NaN
52.8480,-0.053480,0.027400,0,134.68,NaN
52.8560,-0.057387,0.026468,0,134.68,NaN
52.8640,-0.062271,0.025527,0,134.68,NaN
52.8720,-0.062759,0.024520,0,134.68,NaN
52.8800,-0.066667,0.023296,0,134.68,NaN
52.8880,-0.070085,0.021689,0,134.68,NaN
52.8960,-0.073016,0.019667,0,134.68,NaN
52.9040,-0.080342,0.017418,0,134.68,NaN
52.9120,-0.084737,0.015260,0,134.68,NaN
52.9200,-0.088156,0.013400,0,134.68,NaN
52.9280,-0.092063,0.011790,0,134.68,NaN
52.9360,-0.095971,-0.018125,0,134.68,NaN
52.9440,-0.098901,-0.019396,0,134.68,NaN
52.9520,-0.100855,-0.020062,0,134.68,NaN
52.9600,-0.101343,-0.020426,0,134.68,NaN
52.9680,-0.101832,-0.020846,0,134.68,NaN
52.9760,-0.105739,-0.021450,0,134.68,NaN
52.9840,-0.108669,-0.021990,0,134.68,NaN
52.9920,-0.111600,-0.022023,0,134.68,NaN
53.0000,-0.111600,-0.021224,0,134.68,NaN
53.0080,-0.111600,-0.019528,0,134.68,NaN
53.0160,-0.111600,-0.017054,0,134.68,NaN
53.0240,-0.111600,-0.013991,0,134.68,NaN
53.0320,-0.110134,-0.010589,0,134.68,NaN
53.0400,-0.108181,-0.029271,0,134.68,NaN
53.0480,-0.109646,-0.029178,0,134.68,NaN
53.0560,-0.112088,-0.030206,0,134.68,NaN
53.0640,-0.116972,-0.031897,0,134.68,NaN
53.0720,-0.119414,-0.033541,0,134.68,NaN
53.0800,-0.121368,-0.034504,0,134.68,NaN
53.0880,-0.121856,-0.034386,0,134.68,NaN
53.0960,-0.121856,-0.033001,0,134.68,NaN
53.1040,-0.122344,-0.030352,0,134.68,NaN
53.1120,-0.116972,-0.026707,0,134.68,NaN
53.1200,-0.113553,-0.022579,0,134.68,NaN
53.1280,-0.110134,-0.018443,0,134.68,NaN
53.1360,-0.108669,-0.014461,0,134.68,NaN
53.1440,-0.109158,-0.010515,0,134.68,NaN
53.1520,-0.109646,-0.009944,0,134.68,NaN
53.1600,-0.110623,-0.009550,0,134.68,NaN
53.1680,-0.110134,-0.008806,0,134.68,NaN
53.1760,-0.110134,-0.007402,0,134.68,NaN
53.1840,-0.108181,-0.005352,0,134.68,NaN
53.1920,-0.105739,-0.003030,0,134.68,NaN
53.2000,-0.102808,-0.001057,0,134.68,NaN
53.2080,-0.101832,-0.000007,0,134.68,NaN
53.2160,-0.102808,-0.000110,0,134.68,NaN
53.2240,-0.106227,-0.001171,0,134.68,NaN
53.2320,-0.106716,-0.002786,0,134.68,NaN
53.2400,-0.108181,-0.004623,0,134.68,NaN
53.2480,-0.107692,-0.001103,0,134.68,NaN
53.2560,-0.106227,0.000550,0,134.68,NaN
53.2640,-0.103297,0.003269,0,134.68,NaN
53.2720,-0.099878,0.006498,0,134.68,NaN
53.2800,-0.094994,0.009423,0,134.68,NaN
53.2880,-0.092063,0.011253,0,134.68,NaN
53.2960,-0.093040,0.011594,0,134.68,NaN
53.3040,-0.094994,0.010600,0,134.68,NaN
53.3120,-0.095971,0.008763,0,134.68,NaN
53.3200,-0.097924,0.006635,0,134.68,NaN
53.3280,-0.100366,0.004666,0,134.68,NaN
53.3360,-0.101343,0.003085,0,134.68,NaN
53.3440,-0.101343,0.001816,0,134.68,NaN
53.3520,-0.100366,0.000088,0,134.68,NaN
53.3600,-0.098413,0.001235,0,134.68,NaN
53.3680,-0.095971,0.002390,0,134.68,NaN
53.3760,-0.094017,0.002979,0,134.68,NaN
53.3840,-0.094505,0.002651,0,134.68,NaN
53.3920,-0.094994,0.001418,0,134.68,NaN
53.4000,-0.095971,-0.000360,0,134.68,NaN
53.4080,-0.098413,-0.002084,0,134.68,NaN
53.4160,-0.099389,-0.003109,0,134.68,NaN
53.4240,-0.098901,-0.003042,0,134.68,NaN
53.4320,-0.094994,-0.001946,0,134.68,NaN
53.4400,-0.092063,-0.000222,0,134.68,NaN
53.4480,-0.091087,0.001727,0,134.68,NaN
53.4560,-0.091575,0.005413,0,134.68,NaN
53.4640,-0.094017,0.003512,0,134.68,NaN
53.4720,-0.096459,0.000831,0,134.68,NaN
53.4800,-0.099389,-0.001901,0,134.68,NaN
53.4880,-0.101343,-0.003916,0,134.68,NaN
53.4960,-0.102808,-0.004634,0,134.68,NaN
53.5040,-0.101343,-0.003876,0,134.68,NaN
53.5120,-0.098413,-0.001989,0,134.68,NaN
53.5200,-0.094994,0.000247,0,134.68,NaN
53.5280,-0.091575,0.001936,0,134.68,NaN
53.5360,-0.091087,0.002475,0,134.68,NaN
53.5440,-0.093040,0.001819,0,134.68,NaN
53.5520,-0.094017,0.000441,0,134.68,NaN
53.5600,-0.095482,0.006990,0,134.68,NaN
53.5680,-0.099389,0.004859,0,134.68,NaN
53.5760,-0.101832,0.003326,0,134.68,NaN
53.5840,-0.101343,0.002746,0,134.68,NaN
53.5920,-0.101343,0.003055,0,134.68,NaN
53.6000,-0.099878,0.003859,0,134.68,NaN
53.6080,-0.098413,0.004665,0,134.68,NaN
53.6160,-0.099878,0.005122,0,134.68,NaN
53.6240,-0.099878,0.005116,0,134.68,NaN
53.6320,-0.100855,0.004671,0,134.68,NaN
53.6400,-0.101343,0.003829,0,134.68,NaN
53.6480,-0.101832,0.002632,0,134.68,NaN
53.6560,-0.104274,0.001205,0,134.68,NaN
53.6640,-0.102808,-0.009889,0,134.68,NaN
53.6720,-0.100855,-0.009257,0,134.68,NaN
53.6800,-0.098413,-0.008580,0,134.68,NaN
53.6880,-0.098413,-0.008228,0,134.68,NaN
53.6960,-0.099389,-0.008238,0,134.68,NaN
53.7040,-0.099878,-0.008352,0,134.68,NaN
53.7120,-0.098901,-0.008263,0,134.68,NaN
53.7200,-0.098413,-0.007804,0,134.68,NaN
53.7280,-0.096459,-0.006989,0,134.68,NaN
53.7360,-0.095971,-0.005966,0,134.68,NaN
53.7440,-0.093529,-0.004969,0,134.68,NaN
53.7520,-0.091575,-0.004211,0,134.68,NaN
53.7600,-0.092552,-0.003697,0,134.68,NaN
53.7680,-0.094017,0.003962,0,134.68,NaN
53.7760,-0.098413,0.001974,0,134.68,NaN
53.7840,-0.099389,-0.000112,0,134.68,NaN
53.7920,-0.100366,-0.001894,0,134.68,NaN
53.8000,-0.101343,-0.003144,0,134.68,NaN
53.8080,-0.102808,-0.003710,0,134.68,NaN
53.8160,-0.102808,-0.003522,0,134.68,NaN
53.8240,-0.101832,-0.002708,0,134.68,NaN
53.8320,-0.099389,-0.001642,0,134.68,NaN
53.8400,-0.097924,-0.000771,0,134.68,NaN
53.8480,-0.098901,-0.000322,0,134.68,NaN
53.8560,-0.100855,-0.000201,0,134.68,NaN
53.8640,-0.099389,-0.000197,0,134.68,NaN
53.8720,-0.099389,-0.007353,0,134.68,NaN
53.8800,-0.099878,-0.007439,0,134.68,NaN
53.8880,-0.098901,-0.007059,0,134.68,NaN
53.8960,-0.099878,-0.006121,0,134.68,NaN
53.9040,-0.094994,-0.004804,0,134.68,NaN
53.9120,-0.093529,-0.003550,0,134.68,NaN
53.9200,-0.092063,-0.002801,0,134.68,NaN
53.9280,-0.092063,-0.002720,0,134.68,NaN
53.9360,-0.093040,-0.003130,0,134.68,NaN
53.9440,-0.093529,-0.003647,0,134.68,NaN
53.9520,-0.093529,-0.003914,0,134.68,NaN
53.9600,-0.092552,-0.003783,0,134.68,NaN
53.9680,-0.091087,-0.003367,0,134.68,NaN
53.9760,-0.091087,0.001904,0,134.68,NaN
53.9840,-0.088156,0.003263,0,134.68,NaN
53.9920,-0.086203,0.004225,0,134.68,NaN
54.0000,-0.085714,0.004304,0,134.68,NaN
54.0080,-0.085714,0.003285,0,134.68,NaN
54.0160,-0.090110,0.001372,0,134.68,NaN
54.0240,-0.091087,-0.000912,0,134.68,NaN
54.0320,-0.093040,-0.002961,0,134.68,NaN
54.0400,-0.094017,-0.004233,0,134.68,NaN
54.0480,-0.095971,-0.004304,0,134.68,NaN
54.0560,-0.093040,-0.003021,0,134.68,NaN
54.0640,-0.090110,-0.000611,0,134.68,NaN
54.0720,-0.087179,0.002412,0,134.68,NaN
54.0800,-0.085226,0.003430,0,134.68,NaN
54.0880,-0.085714,0.003100,0,134.68,NaN
54.0960,-0.088156,0.001583,0,134.68,NaN
54.1040,-0.090110,-0.000497,0,134.68,NaN
54.1120,-0.093040,-0.002302,0,134.68,NaN
54.1200,-0.093529,-0.003119,0,134.68,NaN
54.1280,-0.092552,-0.002640,0,134.68,NaN
54.1360,-0.090598,-0.001099,0,134.68,NaN
54.1440,-0.085714,0.000811,0,134.68,NaN
54.1520,-0.084737,0.002261,0,134.68,NaN
54.1600,-0.082784,0.002695,0,134.68,NaN
54.1680,-0.085714,0.002077,0,134.68,NaN
54.1760,-0.086203,0.000824,0,134.68,NaN
54.1840,-0.086691,0.002745,0,134.68,NaN
54.1920,-0.088156,0.001605,0,134.68,NaN
54.2000,-0.088645,0.000923,0,134.68,NaN
54.2080,-0.089133,0.000884,0,134.68,NaN
54.2160,-0.088156,0.001453,0,134.68,NaN
54.2240,-0.086203,0.002341,0,134.68,NaN
54.2320,-0.084737,0.003129,0,134.68,NaN
54.2400,-0.084737,0.003499,0,134.68,NaN
54.2480,-0.085714,0.003378,0,134.68,NaN
54.2560,-0.086203,0.002882,0,134.68,NaN
54.2640,-0.086691,0.002153,0,134.68,NaN
54.2720,-0.086691,0.001268,0,134.68,NaN
54.2800,-0.088156,0.000291,0,134.68,NaN
54.2880,-0.088156,-0.001524,0,134.68,NaN
54.2960,-0.088645,-0.001454,0,134.68,NaN
54.3040,-0.088156,-0.001206,0,134.68,NaN
54.3120,-0.086691,-0.001148,0,134.68,NaN
54.3200,-0.086203,-0.001698,0,134.68,NaN
54.3280,-0.087668,-0.003019,0,134.68,NaN
54.3360,-0.091575,-0.004836,0,134.68,NaN
54.3440,-0.092552,-0.006564,0,134.68,NaN
54.3520,-0.093040,-0.007609,0,134.68,NaN
54.3600,-0.093529,-0.007538,0,134.68,NaN
54.3680,-0.093040,-0.006163,0,134.68,NaN
54.3760,-0.088156,-0.003649,0,134.68,NaN
54.3840,-0.085714,-0.000491,0,134.68,NaN
54.3920,-0.079365,-0.007347,0,134.68,NaN
54.4000,-0.078877,-0.006458,0,134.68,NaN
54.4080,-0.080342,-0.007209,0,134.68,NaN
54.4160,-0.083272,-0.009240,0,134.68,NaN
54.4240,-0.084737,-0.011877,0,134.68,NaN
54.4320,-0.085714,-0.014451,0,134.68,NaN
54.4400,-0.087179,-0.016366,0,134.68,NaN
54.4480,-0.089133,-0.017071,0,134.68,NaN
54.4560,-0.088156,-0.016191,0,134.68,NaN
54.4640,-0.083761,-0.013785,0,134.68,NaN
54.4720,-0.078388,-0.010380,0,134.68,NaN
54.4800,-0.072527,-0.006647,0,134.68,NaN
54.4880,-0.071062,-0.002953,0,134.68,NaN
54.4960,-0.070085,-0.029395,0,134.68,NaN
54.5040,-0.067155,-0.028464,0,134.68,NaN
54.5120,-0.062271,-0.027430,0,134.68,NaN
54.5200,-0.059829,-0.026101,0,134.68,NaN
54.5280,-0.056899,-0.024286,0,134.68,NaN
54.5360,-0.054945,-0.021880,0,134.68,NaN
54.5440,-0.046642,-0.019143,0,134.68,NaN
54.5520,-0.038828,-0.016712,0,134.68,NaN
54.5600,-0.037851,-0.015108,0,134.68,NaN
54.5680,-0.035897,-0.014292,0,134.68,NaN
54.5760,-0.034432,-0.013780,0,134.68,NaN
54.5840,-0.031990,-0.013109,0,134.68,NaN
54.5920,-0.026618,-0.012192,0,134.68,NaN
54.6000,-0.019780,0.034224,0,134.68,NaN
54.6080,-0.010989,0.038538,0,134.68,NaN
54.6160,-0.005617,0.041976,0,134.68,NaN
54.6240,-0.002686,0.043856,0,134.68,NaN
54.6320,-0.004640,0.043952,0,134.68,NaN
54.6400,-0.007570,0.042490,0,134.68,NaN
54.6480,-0.011477,0.039937,0,134.68,NaN
54.6560,-0.015873,0.036767,0,134.68,NaN
54.6640,-0.020757,0.033342,0,134.68,NaN
54.6720,-0.024176,0.029886,0,134.68,NaN
54.6800,-0.030525,0.026537,0,134.68,NaN
54.6880,-0.035409,0.023379,0,134.68,NaN
54.6960,-0.038828,0.020380,0,134.68,NaN
54.7040,-0.043223,0.033853,0,134.68,NaN
54.7120,-0.047131,0.029601,0,134.68,NaN
54.7200,-0.054457,0.024586,0,134.68,NaN
54.7280,-0.060806,0.018931,0,134.68,NaN
54.7360,-0.068620,0.013047,0,134.68,NaN
54.7440,-0.074481,0.007523,0,134.68,NaN
54.7520,-0.080342,0.003011,0,134.68,NaN
54.7600,-0.085714,0.000127,0,134.68,NaN
54.7680,-0.086691,-0.000737,0,134.68,NaN
54.7760,-0.085714,0.000404,0,134.68,NaN
54.7840,-0.082784,0.003151,0,134.68,NaN
54.7920,-0.080342,0.006934,0,134.68,NaN
54.8000,-0.077411,0.011216,0,134.68,NaN
54.8080,-0.078877,-0.012011,0,134.68,NaN
54.8160,-0.079853,-0.013040,0,134.68,NaN
54.8240,-0.082295,-0.015486,0,134.68,NaN
54.8320,-0.086203,-0.018861,0,134.68,NaN
54.8400,-0.092063,-0.022371,0,134.68,NaN
54.8480,-0.094994,-0.025101,0,134.68,NaN
54.8560,-0.098413,-0.026330,0,134.68,NaN
54.8640,-0.097924,-0.025775,0,134.68,NaN
54.8720,-0.094505,-0.023651,0,134.68,NaN
54.8800,-0.093529,-0.020447,0,134.68,NaN
54.8880,-0.091087,-0.016611,0,134.68,NaN
54.8960,-0.088645,-0.012438,0,134.68,NaN
54.9040,-0.086203,-0.008115,0,134.68,NaN
54.9120,-0.085714,-0.013913,0,134.68,NaN
54.9200,-0.086691,-0.012866,0,134.68,NaN
54.9280,-0.087179,-0.012682,0,134.68,NaN
54.9360,-0.090598,-0.013140,0,134.68,NaN
54.9440,-0.091575,-0.013948,0,134.68,NaN
54.9520,-0.094017,-0.014788,0,134.68,NaN
54.9600,-0.096459,-0.015310,0,134.68,NaN
54.9680,-0.098901,-0.015166,0,134.68,NaN
54.9760,-0.098413,-0.014172,0,134.68,NaN
54.9840,-0.097924,-0.012451,0,134.68,NaN
54.9920,-0.094994,-0.010367,0,134.68,NaN
55.0000,-0.094994,-0.008282,0,134.68,NaN
55.0080,-0.094994,-0.006316,0,134.68,NaN
55.0160,-0.094017,0.065842,0,134.68,NaN
55.0240,-0.091087,0.071748,0,134.68,NaN
55.0320,-0.087668,0.076778,0,134.68,NaN
55.0400,-0.088156,0.079741,0,134.68,NaN
55.0480,-0.092552,0.079559,0,134.68,NaN
55.0560,-0.097924,0.075554,0,134.68,NaN
55.0640,-0.107692,0.067666,0,134.68,NaN
55.0720,-0.121368,0.056790,0,134.68,NaN
55.0800,-0.139927,0.045003,0,134.68,NaN
55.0880,-0.157509,0.035217,0,134.68,NaN
55.0960,-0.170208,0.030115,0,134.68,NaN
55.1040,-0.176068,0.030690,0,134.68,NaN
55.1120,-0.165324,0.035227,0,134.68,NaN
55.1200,-0.141392,-0.997016,0,134.68,NaN
55.1280,-0.099878,-1.000000,0,134.68,NaN
55.1360,-0.040781,-0.985922,0,134.68,NaN
55.1440,0.034432,-0.953098,0,134.68,NaN
55.1520,0.128694,-0.900113,0,134.68,NaN
55.1600,0.243956,-0.826896,0,134.68,NaN
55.1680,0.382173,-0.736392,0,134.68,NaN
55.1760,0.529182,-0.636154,0,134.68,NaN
55.1840,0.681074,-0.539223,0,134.68,NaN
55.1920,0.858852,-0.462980,1,134.68,NaN
55.2000,1.000000,-0.423040,1,134.68,NaN
55.2080,1.000000,-0.423091,0,134.68,NaN
55.2160,1.000000,-0.449513,0,134.68,NaN
55.2240,0.950183,0.939972,0,134.68,NaN
55.2320,0.749939,0.834233,0,134.68,NaN
55.2400,0.545788,0.696644,0,134.68,NaN
55.2480,0.350427,0.547303,0,134.68,NaN
55.2560,0.163858,0.404764,0,134.68,NaN
55.2640,-0.007570,0.283834,0,134.68,NaN
55.2720,-0.139438,0.195187,0,134.68,NaN
55.2800,-0.219048,0.144652,0,134.68,NaN
55.2880,-0.250305,0.132480,0,134.68,NaN
55.2960,-0.230769,0.153630,0,134.68,NaN
55.3040,-0.186813,0.199525,0,134.68,NaN
55.3120,-0.131136,0.260746,0,134.68,NaN
55.3200,-0.079853,0.329155,0,134.68,NaN
55.3280,-0.043712,0.039043,0,134.68,NaN
55.3360,-0.025641,0.065563,0,134.68,NaN
55.3440,-0.024664,0.075950,0,134.68,NaN
55.3520,-0.036386,0.073160,0,134.68,NaN
55.3600,-0.057387,0.062016,0,134.68,NaN
55.3680,-0.076435,0.047557,0,134.68,NaN
55.3760,-0.094017,0.033782,0,134.68,NaN
55.3840,-0.106227,0.023152,0,134.68,NaN
55.3920,-0.116484,0.016739,0,134.68,NaN
55.4000,-0.120391,0.014622,0,134.68,NaN
55.4080,-0.121856,0.016217,0,134.68,NaN
55.4160,-0.119414,0.020512,0,134.68,NaN
55.4240,-0.116972,0.026261,0,134.68,NaN
55.4320,-0.115507,-0.236554,0,134.68,NaN
55.4400,-0.114530,-0.239881,0,134.68,NaN
55.4480,-0.114042,-0.242443,0,134.68,NaN
55.4560,-0.113553,-0.243692,0,134.68,NaN
55.4640,-0.112576,-0.242953,0,134.68,NaN
55.4720,-0.114042,-0.239452,0,134.68,NaN
55.4800,-0.116484,-0.232370,0,134.68,NaN
55.4880,-0.116484,-0.221103,0,134.68,NaN
55.4960,-0.116972,-0.205599,0,134.68,NaN
55.5040,-0.116484,-0.186455,0,134.68,NaN
55.5120,-0.116484,-0.164684,0,134.68,NaN
55.5200,-0.115995,-0.141358,0,134.68,NaN
55.5280,-0.115995,-0.117370,0,134.68,NaN
55.5360,-0.115018,-0.032179,0,134.68,NaN
55.5440,-0.113553,-0.017698,0,134.68,NaN
55.5520,-0.110134,-0.006875,0,134.68,NaN
55.5600,-0.110623,0.000000,0,134.68,NaN
55.5680,-0.108669,0.003144,0,134.68,NaN
55.5760,-0.108181,0.003211,0,134.68,NaN
55.5840,-0.107204,0.001183,0,134.68,NaN
55.5920,-0.107692,-0.001760,0,134.68,NaN
55.6000,-0.107204,-0.004457,0,134.68,NaN
55.6080,-0.106716,-0.006034,0,134.68,NaN
55.6160,-0.104762,-0.006129,0,134.68,NaN
55.6240,-0.102808,-0.004931,0,134.68,NaN
55.6320,-0.101832,-0.003026,0,134.68,NaN
55.6400,-0.101343,-0.010571,0,134.68,NaN
55.6480,-0.100855,-0.008759,0,134.68,NaN
55.6560,-0.098901,-0.007321,0,134.68,NaN
55.6640,-0.098413,-0.006502,0,134.68,NaN
55.6720,-0.098413,-0.006332,0,134.68,NaN
55.6800,-0.098901,-0.006550,0,134.68,NaN
55.6880,-0.100366,-0.006730,0,134.68,NaN
55.6960,-0.096947,-0.006550,0,134.68,NaN
55.7040,-0.095482,-0.005963,0,134.68,NaN
55.7120,-0.093040,-0.005102,0,134.68,NaN
55.7200,-0.091575,-0.004133,0,134.68,NaN
55.7280,-0.088156,-0.003188,0,134.68,NaN
55.7360,-0.087179,-0.002318,0,134.68,NaN
55.7440,-0.085714,0.003407,0,134.68,NaN
55.7520,-0.086691,0.002726,0,134.68,NaN
55.7600,-0.087179,0.001736,0,134.68,NaN
55.7680,-0.087668,0.000798,0,134.68,NaN
55.7760,-0.086203,0.000162,0,134.68,NaN
55.7840,-0.085226,-0.000065,0,134.68,NaN
55.7920,-0.085714,0.000166,0,134.68,NaN
55.8000,-0.083272,0.000818,0,134.68,NaN
55.8080,-0.080342,0.001670,0,134.68,NaN
55.8160,-0.078388,0.002362,0,134.68,NaN
55.8240,-0.076435,0.002600,0,134.68,NaN
55.8320,-0.076435,0.002314,0,134.68,NaN
55.8400,-0.075946,0.001686,0,134.68,NaN
55.8480,-0.074481,0.005234,0,134.68,NaN
55.8560,-0.071062,0.005825,0,134.68,NaN
55.8640,-0.070085,0.006359,0,134.68,NaN
55.8720,-0.069109,0.006671,0,134.68,NaN
55.8800,-0.068620,0.006683,0,134.68,NaN
55.8880,-0.066667,0.006335,0,134.68,NaN
55.8960,-0.066667,0.005580,0,134.68,NaN
55.9040,-0.065690,0.004492,0,134.68,NaN
55.9120,-0.067155,0.003354,0,134.68,NaN
55.9200,-0.068620,0.002594,0,134.68,NaN
55.9280,-0.065690,0.002509,0,134.68,NaN
55.9360,-0.063736,0.003062,0,134.68,NaN
55.9440,-0.061783,0.003969,0,134.68,NaN
55.9520,-0.061783,-0.003291,0,134.68,NaN
55.9600,-0.057387,-0.002567,0,134.68,NaN
55.9680,-0.055433,-0.002125,0,134.68,NaN
55.9760,-0.054457,-0.002120,0,134.68,NaN
55.9840,-0.053968,-0.002471,0,134.68,NaN
55.9920,-0.052991,-0.002922,0,134.68,NaN
56.0000,-0.052503,-0.003202,0,134.68,NaN
56.0080,-0.050061,-0.003176,0,134.68,NaN
56.0160,-0.047619,-0.002885,0,134.68,NaN
56.0240,-0.045177,-0.002428,0,134.68,NaN
56.0320,-0.045177,-0.001812,0,134.68,NaN
56.0400,-0.042247,-0.000988,0,134.68,NaN
56.0480,-0.039316,-0.000002,0,134.68,NaN
56.0560,-0.038339,0.001920,0,134.68,NaN
56.0640,-0.038339,0.001410,0,134.68,NaN
56.0720,-0.038828,0.000991,0,134.68,NaN
56.0800,-0.037363,0.001086,0,134.68,NaN
56.0880,-0.034432,0.001838,0,134.68,NaN
56.0960,-0.031013,0.003022,0,134.68,NaN
56.1040,-0.027595,0.004205,0,134.68,NaN
56.1120,-0.025153,0.005008,0,134.68,NaN
56.1200,-0.026129,0.005275,0,134.68,NaN
56.1280,-0.023199,0.004991,0,134.68,NaN
56.1360,-0.021734,0.004136,0,134.68,NaN
56.1440,-0.022222,0.002729,0,134.68,NaN
56.1520,-0.022711,0.000967,0,134.68,NaN
56.1600,-0.019780,0.019089,0,134.68,NaN
56.1680,-0.015873,0.021167,0,134.68,NaN
56.1760,-0.011966,0.023115,0,134.68,NaN
56.1840,-0.009035,0.024210,0,134.68,NaN
56.1920,-0.010501,0.024078,0,134.68,NaN
56.2000,-0.011966,0.022827,0,134.68,NaN
56.2080,-0.012943,0.020827,0,134.68,NaN
56.2160,-0.013431,0.018465,0,134.68,NaN
56.2240,-0.015873,0.016099,0,134.68,NaN
56.2320,-0.017338,0.014083,0,134.68,NaN
56.2400,-0.018315,0.012682,0,134.68,NaN
56.2480,-0.017827,0.011934,0,134.68,NaN
56.2560,-0.016850,0.011604,0,134.68,NaN
56.2640,-0.016361,0.054185,0,134.68,NaN
56.2720,-0.018803,0.054202,0,134.68,NaN
56.2800,-0.021245,0.053125,0,134.68,NaN
56.2880,-0.024176,0.050968,0,134.68,NaN
56.2960,-0.029548,0.047941,0,134.68,NaN
56.3040,-0.034921,0.044404,0,134.68,NaN
56.3120,-0.038828,0.040765,0,134.68,NaN
56.3200,-0.046154,0.037388,0,134.68,NaN
56.3280,-0.050061,0.034488,0,134.68,NaN
56.3360,-0.052991,0.031989,0,134.68,NaN
56.3440,-0.055922,0.029589,0,134.68,NaN
56.3520,-0.061783,0.027044,0,134.68,NaN
56.3600,-0.066667,0.024355,0,134.68,NaN
56.3680,-0.070085,0.016049,0,134.68,NaN
56.3760,-0.075946,0.012601,0,134.68,NaN
56.3840,-0.080830,0.008958,0,134.68,NaN
56.3920,-0.088156,0.005459,0,134.68,NaN
56.4000,-0.093529,0.002533,0,134.68,NaN
56.4080,-0.096947,0.000462,0,134.68,NaN
56.4160,-0.100855,-0.000741,0,134.68,NaN
56.4240,-0.101832,-0.001255,0,134.68,NaN
56.4320,-0.106227,-0.001258,0,134.68,NaN
56.4400,-0.108669,-0.000814,0,134.68,NaN
56.4480,-0.110623,0.000064,0,134.68,NaN
56.4560,-0.111600,0.001293,0,134.68,NaN
56.4640,-0.113553,0.002724,0,134.68,NaN
56.4720,-0.116484,-0.028222,0,134.68,NaN
56.4800,-0.116972,-0.027652,0,134.68,NaN
56.4880,-0.116972,-0.026908,0,134.68,NaN
56.4960,-0.117460,-0.026282,0,134.68,NaN
56.5040,-0.118926,-0.025931,0,134.68,NaN
56.5120,-0.123321,-0.025703,0,134.68,NaN
56.5200,-0.124298,-0.025276,0,134.68,NaN
56.5280,-0.124298,-0.024429,0,134.68,NaN
56.5360,-0.125275,-0.023121,0,134.68,NaN
56.5440,-0.125763,-0.021369,0,134.68,NaN
56.5520,-0.126252,-0.019171,0,134.68,NaN
56.5600,-0.126252,-0.016563,0,134.68,NaN
56.5680,-0.125275,-0.013692,0,134.68,NaN
56.5760,-0.124786,-0.028716,0,134.68,NaN
56.5840,-0.125275,-0.027327,0,134.68,NaN
56.5920,-0.125763,-0.026148,0,134.68,NaN
56.6000,-0.125275,-0.025212,0,134.68,NaN
56.6080,-0.125275,-0.024544,0,134.68,NaN
56.6160,-0.125763,-0.024059,0,134.68,NaN
56.6240,-0.127717,-0.023470,0,134.68,NaN
56.6320,-0.128205,-0.022387,0,134.68,NaN
56.6400,-0.128205,-0.020592,0,134.68,NaN
56.6480,-0.123810,-0.018278,0,134.68,NaN
56.6560,-0.121856,-0.015945,0,134.68,NaN
56.6640,-0.120391,-0.014010,0,134.68,NaN
56.6720,-0.121368,-0.012469,0,134.68,NaN
56.6800,-0.120879,-0.017645,0,134.68,NaN
56.6880,-0.121368,-0.017619,0,134.68,NaN
56.6960,-0.121368,-0.017502,0,134.68,NaN
56.7040,-0.120391,-0.017096,0,134.68,NaN
56.7120,-0.119414,-0.016377,0,134.68,NaN
56.7200,-0.116972,-0.015475,0,134.68,NaN
56.7280,-0.116484,-0.014567,0,134.68,NaN
56.7360,-0.113553,-0.013750,0,134.68,NaN
56.7440,-0.114042,-0.012950,0,134.68,NaN
56.7520,-0.114042,-0.011968,0,134.68,NaN
56.7600,-0.109646,-0.010709,0,134.68,NaN
56.7680,-0.106716,-0.009294,0,134.68,NaN
56.7760,-0.105739,-0.007878,0,134.68,NaN
56.7840,-0.103785,0.008249,0,134.68,NaN
56.7920,-0.103785,0.009475,0,134.68,NaN
56.8000,-0.100855,0.010324,0,134.68,NaN
56.8080,-0.100366,0.010688,0,134.68,NaN
56.8160,-0.099878,0.010516,0,134.68,NaN
56.8240,-0.101343,0.009917,0,134.68,NaN
56.8320,-0.101343,0.009102,0,134.68,NaN
56.8400,-0.101343,0.008252,0,134.68,NaN
56.8480,-0.101832,0.007459,0,134.68,NaN
56.8560,-0.101343,0.006757,0,134.68,NaN
56.8640,-0.101832,0.006173,0,134.68,NaN
56.8720,-0.102320,0.005732,0,134.68,NaN
56.8800,-0.101343,0.005401,0,134.68,NaN
56.8880,-0.100855,0.009640,0,134.68,NaN
56.8960,-0.098901,0.009970,0,134.68,NaN
56.9040,-0.098413,0.010059,0,134.68,NaN
56.9120,-0.100366,0.009842,0,134.68,NaN
56.9200,-0.099389,0.009357,0,134.68,NaN
56.9280,-0.098413,0.008614,0,134.68,NaN
56.9360,-0.099878,0.007638,0,134.68,NaN
56.9440,-0.100855,0.006581,0,134.68,NaN
56.9520,-0.101343,0.005669,0,134.68,NaN
56.9600,-0.101343,0.005073,0,134.68,NaN
56.9680,-0.101343,0.004841,0,134.68,NaN
56.9760,-0.100366,0.004910,0,134.68,NaN
56.9840,-0.099878,0.005142,0,134.68,NaN
56.9920,-0.098901,0.001405,0,134.68,NaN
57.0000,-0.098901,0.001658,0,134.68,NaN
57.0080,-0.095971,0.001683,0,134.68,NaN
57.0160,-0.096459,0.001426,0,134.68,NaN
57.0240,-0.098901,0.001061,0,134.68,NaN
57.0320,-0.097924,0.000864,0,134.68,NaN
57.0400,-0.095971,0.000927,0,134.68,NaN
57.0480,-0.095971,0.001111,0,134.68,NaN
57.0560,-0.094017,0.001224,0,134.68,NaN
57.0640,-0.094505,0.001188,0,134.68,NaN
57.0720,-0.095971,0.001086,0,134.68,NaN
57.0800,-0.094017,0.001036,0,134.68,NaN
57.0880,-0.094017,0.001052,0,134.68,NaN
57.0960,-0.093529,0.006568,0,134.68,NaN
57.1040,-0.094505,0.006630,0,134.68,NaN
57.1120,-0.094994,0.006886,0,134.68,NaN
57.1200,-0.094505,0.007413,0,134.68,NaN
57.1280,-0.092552,0.008060,0,134.68,NaN
57.1360,-0.091087,0.008520,0,134.68,NaN
57.1440,-0.092552,0.008575,0,134.68,NaN
57.1520,-0.093529,0.008222,0,134.68,NaN
57.1600,-0.093529,0.007559,0,134.68,NaN
57.1680,-0.094017,0.006658,0,134.68,NaN
57.1760,-0.095971,0.005572,0,134.68,NaN
57.1840,-0.096459,0.004368,0,134.68,NaN
57.1920,-0.097924,0.003110,0,134.68,NaN
57.2000,-0.096947,-0.002229,0,134.68,NaN
57.2080,-0.095971,-0.002255,0,134.68,NaN
57.2160,-0.095482,-0.002051,0,134.68,NaN
57.2240,-0.097924,-0.001515,0,134.68,NaN
57.2320,-0.095482,-0.000515,0,134.68,NaN
57.2400,-0.094017,0.000836,0,134.68,NaN
57.2480,-0.090598,0.002128,0,134.68,NaN
57.2560,-0.089621,0.002900,0,134.68,NaN
57.2640,-0.090110,0.002935,0,134.68,NaN
57.2720,-0.092063,0.002350,0,134.68,NaN
57.2800,-0.092063,0.001402,0,134.68,NaN
57.2880,-0.092063,0.000270,0,134.68,NaN
57.2960,-0.093529,-0.000952,0,134.68,NaN
57.3040,-0.095971,0.004642,0,134.68,NaN
57.3120,-0.098413,0.003509,0,134.68,NaN
57.3200,-0.098413,0.002769,0,134.68,NaN
57.3280,-0.097436,0.002331,0,134.68,NaN
57.3360,-0.097924,0.001985,0,134.68,NaN
57.3440,-0.099878,0.001648,0,134.68,NaN
57.3520,-0.100855,0.001387,0,134.68,NaN
57.3600,-0.099878,0.001248,0,134.68,NaN
57.3680,-0.100366,0.001181,0,134.68,NaN
57.3760,-0.100855,0.001123,0,134.68,NaN
57.3840,-0.101343,0.001074,0,134.68,NaN
57.3920,-0.101832,0.001064,0,134.68,NaN
57.4000,-0.101832,0.001096,0,134.68,NaN
57.4080,-0.101343,-0.008490,0,134.68,NaN
57.4160,-0.101343,-0.007798,0,134.68,NaN
57.4240,-0.100855,-0.006435,0,134.68,NaN
57.4320,-0.097924,-0.004490,0,134.68,NaN
57.4400,-0.094994,-0.002352,0,134.68,NaN
57.4480,-0.092552,-0.000570,0,134.68,NaN
57.4560,-0.091087,0.000407,0,134.68,NaN
57.4640,-0.092063,0.000453,0,134.68,NaN
57.4720,-0.093040,-0.000217,0,134.68,NaN
57.4800,-0.094017,-0.001201,0,134.68,NaN
57.4880,-0.095482,-0.002124,0,134.68,NaN
57.4960,-0.094994,-0.002797,0,134.68,NaN
57.5040,-0.094994,-0.003269,0,134.68,NaN
57.5120,-0.094017,-0.002033,0,134.68,NaN
57.5200,-0.092063,-0.000350,0,134.68,NaN
57.5280,-0.088645,0.001529,0,134.68,NaN
57.5360,-0.087179,0.003121,0,134.68,NaN
57.5440,-0.086203,0.004066,0,134.68,NaN
57.5520,-0.087179,0.004216,0,134.68,NaN
57.5600,-0.086203,0.003578,0,134.68,NaN
57.5680,-0.087179,0.002289,0,134.68,NaN
57.5760,-0.090110,0.000702,0,134.68,NaN
57.5840,-0.091087,-0.000620,0,134.68,NaN
57.5920,-0.093529,-0.001102,0,134.68,NaN
57.6000,-0.093040,-0.000478,0,134.68,NaN
57.6080,-0.089133,0.000947,0,134.68,NaN
57.6160,-0.085714,0.011807,0,134.68,NaN
57.6240,-0.080830,0.016181,0,134.68,NaN
57.6320,-0.077411,0.020019,0,134.68,NaN
57.6400,-0.073504,0.022394,0,134.68,NaN
57.6480,-0.072527,0.022695,0,134.68,NaN
57.6560,-0.076923,0.020930,0,134.68,NaN
57.6640,-0.080830,0.017750,0,134.68,NaN
57.6720,-0.084737,0.014112,0,134.68,NaN
57.6800,-0.088156,0.010897,0,134.68,NaN
57.6880,-0.089133,0.008714,0,134.68,NaN
57.6960,-0.091575,0.007876,0,134.68,NaN
57.7040,-0.092063,0.008371,0,134.68,NaN
57.7120,-0.088645,0.009734,0,134.68,NaN
57.7200,-0.085714,-0.043228,0,134.68,NaN
57.7280,-0.084249,-0.043815,0,134.68,NaN
57.7360,-0.082784,-0.045266,0,134.68,NaN
57.7440,-0.084249,-0.047585,0,134.68,NaN
57.7520,-0.084737,-0.050286,0,134.68,NaN
57.7600,-0.085714,-0.052542,0,134.68,NaN
57.7680,-0.085226,-0.053430,0,134.68,NaN
57.7760,-0.081319,-0.052191,0,134.68,NaN
57.7840,-0.077411,-0.048471,0,134.68,NaN
57.7920,-0.067643,-0.042519,0,134.68,NaN
57.8000,-0.054945,-0.035204,0,134.68,NaN
57.8080,-0.042247,-0.027580,0,134.68,NaN
57.8160,-0.037363,-0.020172,0,134.68,NaN
57.8240,-0.033455,0.056931,0,134.68,NaN
57.8320,-0.039316,0.050849,0,134.68,NaN
57.8400,-0.054457,0.038548,0,134.68,NaN
57.8480,-0.073504,0.022481,0,134.68,NaN
57.8560,-0.094505,0.006215,0,134.68,NaN
57.8640,-0.108669,-0.006774,0,134.68,NaN
57.8720,-0.115507,-0.014234,0,134.68,NaN
57.8800,-0.115507,-0.015683,0,134.68,NaN
57.8880,-0.109646,-0.012168,0,134.68,NaN
57.8960,-0.102808,-0.005519,0,134.68,NaN
57.9040,-0.096459,0.002500,0,134.68,NaN
57.9120,-0.088156,0.010729,0,134.68,NaN
57.9200,-0.084249,0.018792,0,134.68,NaN
57.9280,-0.083272,-0.002134,0,134.68,NaN
57.9360,-0.085714,-0.002936,0,134.68,NaN
57.9440,-0.090110,-0.005152,0,134.68,NaN
57.9520,-0.092552,-0.007807,0,134.68,NaN
57.9600,-0.094017,-0.010169,0,134.68,NaN
57.9680,-0.095971,-0.011828,0,134.68,NaN
57.9760,-0.096459,-0.012593,0,134.68,NaN
57.9840,-0.096947,-0.012404,0,134.68,NaN
57.9920,-0.094994,-0.011343,0,134.68,NaN
58.0000,-0.092552,-0.009631,0,134.68,NaN
58.0080,-0.090110,-0.007541,0,134.68,NaN
58.0160,-0.088156,-0.005281,0,134.68,NaN
58.0240,-0.085714,-0.002963,0,134.68,NaN
58.0320,-0.085714,-0.011276,0,134.68,NaN
58.0400,-0.080830,-0.009905,0,134.68,NaN
58.0480,-0.078388,-0.008801,0,134.68,NaN
58.0560,-0.077411,-0.008224,0,134.68,NaN
58.0640,-0.077411,-0.008316,0,134.68,NaN
58.0720,-0.075946,-0.009080,0,134.68,NaN
58.0800,-0.077900,-0.010352,0,134.68,NaN
58.0880,-0.078877,-0.011748,0,134.68,NaN
58.0960,-0.080830,-0.012673,0,134.68,NaN
58.1040,-0.083272,-0.012483,0,134.68,NaN
58.1120,-0.079853,-0.010792,0,134.68,NaN
58.1200,-0.075458,-0.007713,0,134.68,NaN
58.1280,-0.070574,-0.003828,0,134.68,NaN
58.1360,-0.064225,-0.000117,0,134.68,NaN
58.1440,-0.058852,0.006546,0,134.68,NaN
58.1520,-0.052015,0.013210,0,134.68,NaN
58.1600,-0.045177,0.019463,0,134.68,NaN
58.1680,-0.038828,0.024834,0,134.68,NaN
58.1760,-0.032479,0.028805,0,134.68,NaN
58.1840,-0.030037,0.030903,0,134.68,NaN
58.1920,-0.027595,0.030812,0,134.68,NaN
58.2000,-0.028083,0.028473,0,134.68,NaN
58.2080,-0.032479,0.024211,0,134.68,NaN
58.2160,-0.038828,0.018704,0,134.68,NaN
58.2240,-0.043712,0.012679,0,134.68,NaN
58.2320,-0.047131,0.006552,0,134.68,NaN
58.2400,-0.047619,0.016822,0,134.68,NaN
58.2480,-0.043712,0.019372,0,134.68,NaN
58.2560,-0.038339,0.023863,0,134.68,NaN
58.2640,-0.030037,0.028868,0,134.68,NaN
58.2720,-0.023687,0.032873,0,134.68,NaN
58.2800,-0.023199,0.034951,0,134.68,NaN
58.2880,-0.025153,0.035088,0,134.68,NaN
58.2960,-0.027595,0.033844,0,134.68,NaN
58.3040,-0.027595,0.031664,0,134.68,NaN
58.3120,-0.027106,0.028504,0,134.68,NaN
58.3200,-0.031013,0.024064,0,134.68,NaN
58.3280,-0.035409,0.018278,0,134.68,NaN
58.3360,-0.043223,0.011612,0,134.68,NaN
58.3440,-0.048107,0.033173,0,134.68,NaN
58.3520,-0.052015,0.029373,0,134.68,NaN
58.3600,-0.053480,0.025700,0,134.68,NaN
58.3680,-0.057387,0.021712,0,134.68,NaN
58.3760,-0.064713,0.017264,0,134.68,NaN
58.3840,-0.070085,0.012717,0,134.68,NaN
58.3920,-0.076435,0.008721,0,134.68,NaN
58.4000,-0.078877,0.005875,0,134.68,NaN
58.4080,-0.080342,0.004522,0,134.68,NaN
58.4160,-0.082784,0.004734,0,134.68,NaN
58.4240,-0.080342,0.006317,0,134.68,NaN
58.4320,-0.077900,0.008841,0,134.68,NaN
58.4400,-0.077411,0.011811,0,134.68,NaN
58.4480,-0.081807,-0.026281,0,134.68,NaN
58.4560,-0.086691,-0.029084,0,134.68,NaN
58.4640,-0.089133,-0.031530,0,134.68,NaN
58.4720,-0.090598,-0.032752,0,134.68,NaN
58.4800,-0.090598,-0.032265,0,134.68,NaN
58.4880,-0.089133,-0.030044,0,134.68,NaN
58.4960,-0.085714,-0.026517,0,134.68,NaN
58.5040,-0.081319,-0.022488,0,134.68,NaN
58.5120,-0.077411,-0.018888,0,134.68,NaN
58.5200,-0.074969,-0.016430,0,134.68,NaN
58.5280,-0.076923,-0.015332,0,134.68,NaN
58.5360,-0.075946,-0.015345,0,134.68,NaN
58.5440,-0.077411,-0.015958,0,134.68,NaN
58.5520,-0.078877,-0.002129,0,134.68,NaN
58.5600,-0.083272,-0.005145,0,134.68,NaN
58.5680,-0.088645,-0.007537,0,134.68,NaN
58.5760,-0.094017,-0.007741,0,134.68,NaN
58.5840,-0.093040,-0.004554,0,134.68,NaN
58.5920,-0.086203,0.002077,0,134.68,NaN
58.6000,-0.076923,0.010786,0,134.68,NaN
58.6080,-0.068620,0.019199,0,134.68,NaN
58.6160,-0.063248,0.024713,0,134.68,NaN
58.6240,-0.063736,0.025264,0,134.68,NaN
58.6320,-0.069597,0.019923,0,134.68,NaN
58.6400,-0.081319,0.009269,0,134.68,NaN
58.6480,-0.099878,-0.004564,0,134.68,NaN
58.6560,-0.117460,-0.021687,0,134.68,NaN
58.6640,-0.134066,-0.034690,0,134.68,NaN
58.6720,-0.141392,-0.040403,0,134.68,NaN
58.6800,-0.139438,-0.035954,0,134.68,NaN
58.6880,-0.127228,-0.020376,0,134.68,NaN
58.6960,-0.103785,0.004693,0,134.68,NaN
58.7040,-0.071062,0.034655,0,134.68,NaN
58.7120,-0.038828,0.062402,0,134.68,NaN
58.7200,-0.014408,0.079870,0,134.68,NaN
58.7280,-0.010012,0.080430,0,134.68,NaN
58.7360,-0.030037,0.061281,0,134.68,NaN
58.7440,-0.070574,0.024804,0,134.68,NaN
58.7520,-0.123810,-0.021774,0,134.68,NaN
58.7600,-0.176068,-0.857251,0,134.68,NaN
58.7680,-0.210745,-0.921826,0,134.68,NaN
58.7760,-0.226374,-0.969987,0,134.68,NaN
58.7840,-0.210745,-0.996719,0,134.68,NaN
58.7920,-0.164835,-1.000000,0,134.68,NaN
58.8000,-0.093529,-0.980308,0,134.68,NaN
58.8080,-0.000733,-0.939724,0,134.68,NaN
58.8160,0.118926,-0.881242,0,134.68,NaN
58.8240,0.249817,-0.808414,0,134.68,NaN
58.8320,0.407082,-0.725051,0,134.68,NaN
58.8400,0.559463,-0.634705,0,134.68,NaN
58.8480,0.716728,-0.540209,0,134.68,NaN
58.8560,0.886203,-0.443924,0,134.68,NaN
58.8640,1.000000,0.962916,0,134.68,NaN
58.8720,1.000000,1.000000,1,134.68,NaN
58.8800,1.000000,0.992929,0,134.68,NaN
58.8880,0.853480,0.944399,0,134.68,NaN
58.8960,0.659096,0.864680,0,134.68,NaN
58.9040,0.472039,0.768358,0,134.68,NaN
58.9120,0.291331,0.669729,0,134.68,NaN
58.9200,0.115018,0.580543,0,134.68,NaN
58.9280,-0.045177,0.510000,0,134.68,NaN
58.9360,-0.164835,0.464486,0,134.68,NaN
58.9440,-0.238584,0.446170,0,134.68,NaN
58.9520,-0.262515,0.451440,0,134.68,NaN
58.9600,-0.250305,0.470677,0,134.68,NaN
58.9680,-0.193162,-0.111263,0,134.68,NaN
58.9760,-0.135043,-0.057727,0,134.68,NaN
58.9840,-0.084737,-0.006130,0,134.68,NaN
58.9920,-0.047619,0.033555,0,134.68,NaN
59.0000,-0.031502,0.056453,0,134.68,NaN
59.0080,-0.037363,0.062670,0,134.68,NaN
59.0160,-0.054457,0.055979,0,134.68,NaN
59.0240,-0.075946,0.041797,0,134.68,NaN
59.0320,-0.098413,0.025358,0,134.68,NaN
59.0400,-0.118926,0.010671,0,134.68,NaN
59.0480,-0.136020,0.000076,0,134.68,NaN
59.0560,-0.144811,-0.006009,0,134.68,NaN
59.0640,-0.143834,-0.009130,0,134.68,NaN
59.0720,-0.135531,-0.152332,0,134.68,NaN
59.0800,-0.124298,-0.144569,0,134.68,NaN
59.0880,-0.109646,-0.133587,0,134.68,NaN
59.0960,-0.093040,-0.121368,0,134.68,NaN
59.1040,-0.077900,-0.109935,0,134.68,NaN
59.1120,-0.066667,-0.100974,0,134.68,NaN
59.1200,-0.063736,-0.095275,0,134.68,NaN
59.1280,-0.069109,-0.092352,0,134.68,NaN
59.1360,-0.079853,-0.090623,0,134.68,NaN
59.1440,-0.092063,-0.088171,0,134.68,NaN
59.1520,-0.104762,-0.083607,0,134.68,NaN
59.1600,-0.121856,-0.076601,0,134.68,NaN
59.1680,-0.136996,-0.067975,0,134.68,NaN
59.1760,-0.145788,-0.132174,0,134.68,NaN
59.1840,-0.151160,-0.120765,0,134.68,NaN
59.1920,-0.154579,-0.108011,0,134.68,NaN
59.2000,-0.155067,-0.095694,0,134.68,NaN
59.2080,-0.156532,-0.085025,0,134.68,NaN
59.2160,-0.156532,-0.076444,0,134.68,NaN
59.2240,-0.152625,-0.069818,0,134.68,NaN
59.2320,-0.148230,-0.064780,0,134.68,NaN
59.2400,-0.139927,-0.060932,0,134.68,NaN
59.2480,-0.132601,-0.057910,0,134.68,NaN
59.2560,-0.123810,-0.055385,0,134.68,NaN
59.2640,-0.116484,-0.053089,0,134.68,NaN
59.2720,-0.108669,-0.050884,0,134.68,NaN
59.2800,-0.103785,-0.002437,0,134.68,NaN
59.2880,-0.100366,0.001620,0,134.68,NaN
59.2960,-0.094994,0.004220,0,134.68,NaN
59.3040,-0.094505,0.004729,0,134.68,NaN
59.3120,-0.097924,0.003096,0,134.68,NaN
59.3200,-0.104274,0.000184,0,134.68,NaN
59.3280,-0.110134,-0.002509,0,134.68,NaN
59.3360,-0.112088,-0.003645,0,134.68,NaN
59.3440,-0.107692,-0.002812,0,134.68,NaN
59.3520,-0.101832,-0.000694,0,134.68,NaN
59.3600,-0.095971,0.001490,0,134.68,NaN
59.3680,-0.093529,0.002853,0,134.68,NaN
59.3760,-0.094994,0.003409,0,134.68,NaN
59.3840,-0.099878,-0.030883,0,134.68,NaN
59.3920,-0.103785,-0.036344,0,134.68,NaN
59.4000,-0.108669,-0.040969,0,134.68,NaN
59.4080,-0.109646,-0.043568,0,134.68,NaN
59.4160,-0.109646,-0.043694,0,134.68,NaN
59.4240,-0.101343,-0.041800,0,134.68,NaN
59.4320,-0.096459,-0.038872,0,134.68,NaN
59.4400,-0.093529,-0.035705,0,134.68,NaN
59.4480,-0.091575,-0.032496,0,134.68,NaN
59.4560,-0.085714,-0.029104,0,134.68,NaN
59.4640,-0.078388,-0.025502,0,134.68,NaN
59.4720,-0.070085,-0.021870,0,134.68,NaN
59.4800,-0.065201,-0.018339,0,134.68,NaN
59.4880,-0.063736,-0.027474,0,134.68,NaN
59.4960,-0.065201,-0.033150,0,134.68,NaN
59.5040,-0.070085,-0.041537,0,134.68,NaN
59.5120,-0.076923,-0.051265,0,134.68,NaN
59.5200,-0.083272,-0.060467,0,134.68,NaN
59.5280,-0.085714,-0.067260,0,134.68,NaN
59.5360,-0.085226,-0.070220,0,134.68,NaN
59.5440,-0.077411,-0.068675,0,134.68,NaN
59.5520,-0.069109,-0.062752,0,134.68,NaN
59.5600,-0.054457,-0.053291,0,134.68,NaN
59.5680,-0.036386,-0.041678,0,134.68,NaN
59.5760,-0.016361,-0.029367,0,134.68,NaN
59.5840,-0.006593,-0.017148,0,134.68,NaN
59.5920,-0.006105,0.061033,0,134.68,NaN
59.6000,-0.017338,0.050575,0,134.68,NaN
59.6080,-0.038339,0.032721,0,134.68,NaN
59.6160,-0.061294,0.011225,0,134.68,NaN
59.6240,-0.082784,-0.009491,0,134.68,NaN
59.6320,-0.098901,-0.025583,0,134.68,NaN
59.6400,-0.104274,-0.034674,0,134.68,NaN
59.6480,-0.104274,-0.036181,0,134.68,NaN
59.6560,-0.096459,-0.031060,0,134.68,NaN
59.6640,-0.085226,-0.021254,0,134.68,NaN
59.6720,-0.070085,-0.009004,0,134.68,NaN
59.6800,-0.055922,0.003889,0,134.68,NaN
59.6880,-0.047619,0.016650,0,134.68,NaN
59.6960,-0.038828,0.014909,0,134.68,NaN
59.7040,-0.033944,0.018493,0,134.68,NaN
59.7120,-0.031502,0.018448,0,134.68,NaN
59.7200,-0.034432,0.015409,0,134.68,NaN
59.7280,-0.039316,0.010564,0,134.68,NaN
59.7360,-0.043223,0.005348,0,134.68,NaN
59.7440,-0.047131,0.001019,0,134.68,NaN
59.7520,-0.046154,-0.001620,0,134.68,NaN
59.7600,-0.047131,-0.002270,0,134.68,NaN
59.7680,-0.044200,-0.001031,0,134.68,NaN
59.7760,-0.039316,0.001688,0,134.68,NaN
59.7840,-0.035897,0.005336,0,134.68,NaN
59.7920,-0.031502,0.009399,0,134.68,NaN
59.8000,-0.026618,-0.017678,0,134.68,NaN
59.8080,-0.023199,-0.015326,0,134.68,NaN
59.8160,-0.019780,-0.013034,0,134.68,NaN
59.8240,-0.014408,-0.010668,0,134.68,NaN
59.8320,-0.009035,-0.008207,0,134.68,NaN
59.8400,-0.005617,-0.005777,0,134.68,NaN
59.8480,-0.000244,-0.003664,0,134.68,NaN
59.8560,0.006593,-0.002315,0,134.68,NaN
59.8640,0.008059,-0.002062,0,134.68,NaN
59.8720,0.007570,-0.002763,0,134.68,NaN
59.8800,0.004640,-0.003834,0,134.68,NaN
59.8880,0.006593,-0.004730,0,134.68,NaN
59.8960,0.008059,-0.005354,0,134.68,NaN
59.9040,0.009524,0.086986,0,134.68,NaN
59.9120,0.009524,0.087684,0,134.68,NaN
59.9200,0.008059,0.086507,0,134.68,NaN
59.9280,-0.000244,0.084033,0,134.68,NaN
59.9360,-0.007082,0.081566,0,134.68,NaN
59.9440,-0.008547,0.080290,0,134.68,NaN
59.9520,-0.007570,0.080429,0,134.68,NaN
59.9600,-0.007570,0.081044,0,134.68,NaN
59.9680,-0.006593,0.080377,0,134.68,NaN
59.9760,-0.008059,0.076501,0,134.68,NaN
59.9840,-0.019780,0.068193,0,134.68,NaN
59.9920,-0.033944,0.055631,0,134.68,NaN
60.0000,-0.054457,0.040489,0,134.68,NaN
60.0080,-0.071551,0.021244,0,134.68,NaN
60.0160,-0.085714,0.010149,0,134.68,NaN
60.0240,-0.092063,0.002763,0,134.68,NaN
60.0320,-0.096947,-0.001063,0,134.68,NaN
60.0400,-0.099878,-0.002284,0,134.68,NaN
60.0480,-0.101832,-0.002137,0,134.68,NaN
60.0560,-0.102320,-0.001775,0,134.68,NaN
60.0640,-0.103785,-0.001946,0,134.68,NaN
60.0720,-0.110134,-0.002719,0,134.68,NaN
60.0800,-0.114530,-0.003529,0,134.68,NaN
60.0880,-0.118437,-0.003635,0,134.68,NaN
60.0960,-0.119902,-0.002670,0,134.68,NaN
60.1040,-0.119414,-0.000895,0,134.68,NaN
60.1120,-0.121368,-0.063917,0,134.68,NaN
60.1200,-0.122833,-0.063975,0,134.68,NaN
60.1280,-0.121368,-0.064123,0,134.68,NaN
60.1360,-0.121856,-0.064859,0,134.68,NaN
60.1440,-0.124298,-0.066433,0,134.68,NaN
60.1520,-0.129182,-0.068585,0,134.68,NaN
60.1600,-0.132112,-0.070603,0,134.68,NaN
60.1680,-0.132601,-0.071541,0,134.68,NaN
60.1760,-0.134554,-0.070310,0,134.68,NaN
60.1840,-0.135043,-0.065793,0,134.68,NaN
60.1920,-0.127717,-0.057313,0,134.68,NaN
60.2000,-0.116484,-0.045200,0,134.68,NaN
60.2080,-0.102320,-0.030923,0,134.68,NaN
60.2160,-0.094505,-0.045102,0,134.68,NaN
60.2240,-0.093040,-0.044077,0,134.68,NaN
60.2320,-0.100855,-0.048615,0,134.68,NaN
60.2400,-0.110623,-0.057183,0,134.68,NaN
60.2480,-0.123321,-0.066994,0,134.68,NaN
60.2560,-0.132112,-0.074940,0,134.68,NaN
60.2640,-0.135531,-0.078489,0,134.68,NaN
60.2720,-0.135531,-0.076306,0,134.68,NaN
60.2800,-0.126740,-0.068600,0,134.68,NaN
60.2880,-0.110623,-0.057102,0,134.68,NaN
60.2960,-0.093529,-0.044361,0,134.68,NaN
60.3040,-0.080342,-0.032394,0,134.68,NaN
60.3120,-0.075946,-0.021582,0,134.68,NaN
60.3200,-0.084249,0.042024,0,134.68,NaN
60.3280,-0.097924,0.030958,0,134.68,NaN
60.3360,-0.116972,0.015851,0,134.68,NaN
60.3440,-0.134066,0.000601,0,134.68,NaN
60.3520,-0.148718,-0.011225,0,134.68,NaN
60.3600,-0.156044,-0.017361,0,134.68,NaN
60.3680,-0.153114,-0.017438,0,134.68,NaN
60.3760,-0.147741,-0.012910,0,134.68,NaN
60.3840,-0.138462,-0.006286,0,134.68,NaN
60.3920,-0.132112,-0.000058,0,134.68,NaN
60.4000,-0.130647,0.004213,0,134.68,NaN
60.4080,-0.130159,0.006272,0,134.68,NaN
60.4160,-0.131624,0.006948,0,134.68,NaN
60.4240,-0.131136,-0.007633,0,134.68,NaN
60.4320,-0.129182,-0.004655,0,134.68,NaN
60.4400,-0.124298,0.000634,0,134.68,NaN
60.4480,-0.116484,0.007733,0,134.68,NaN
60.4560,-0.104274,0.015128,0,134.68,NaN
60.4640,-0.097924,0.020850,0,134.68,NaN
60.4720,-0.093529,0.023359,0,134.68,NaN
60.4800,-0.096459,0.022212,0,134.68,NaN
60.4880,-0.102320,0.018182,0,134.68,NaN
60.4960,-0.108669,0.012789,0,134.68,NaN
60.5040,-0.115507,0.007540,0,134.68,NaN
60.5120,-0.117949,0.003243,0,134.68,NaN
60.5200,-0.119902,-0.000252,0,134.68,NaN
60.5280,-0.118926,-0.013108,0,134.68,NaN
60.5360,-0.117460,-0.013484,0,134.68,NaN
60.5440,-0.115995,-0.014245,0,134.68,NaN
60.5520,-0.118437,-0.015718,0,134.68,NaN
60.5600,-0.122344,-0.017453,0,134.68,NaN
60.5680,-0.122344,-0.018577,0,134.68,NaN
60.5760,-0.121368,-0.018391,0,134.68,NaN
60.5840,-0.116972,-0.016729,0,134.68,NaN
60.5920,-0.115018,-0.013937,0,134.68,NaN
60.6000,-0.110623,-0.010727,0,134.68,NaN
60.6080,-0.105250,-0.007986,0,134.68,NaN
60.6160,-0.102320,-0.006354,0,134.68,NaN
60.6240,-0.106227,-0.005676,0,134.68,NaN
60.6320,-0.112576,0.001977,0,134.68,NaN
60.6400,-0.118437,-0.000077,0,134.68,NaN
60.6480,-0.118926,0.000145,0,134.68,NaN
60.6560,-0.110134,0.002948,0,134.68,NaN
60.6640,-0.101343,0.007234,0,134.68,NaN
60.6720,-0.095971,0.011360,0,134.68,NaN
60.6800,-0.094017,0.014113,0,134.68,NaN
60.6880,-0.094017,0.015051,0,134.68,NaN
60.6960,-0.094017,0.014250,0,134.68,NaN
60.7040,-0.094017,0.011944,0,134.68,NaN
60.7120,-0.097924,0.008428,0,134.68,NaN
60.7200,-0.101343,0.004086,0,134.68,NaN
60.7280,-0.104762,-0.000656,0,134.68,NaN
60.7360,-0.107204,0.029843,0,134.68,NaN
60.7440,-0.106716,0.033337,0,134.68,NaN
60.7520,-0.101343,0.040962,0,134.68,NaN
60.7600,-0.091575,0.052079,0,134.68,NaN
60.7680,-0.078877,0.064545,0,134.68,NaN
60.7760,-0.065690,0.075043,0,134.68,NaN
60.7840,-0.056410,0.080111,0,134.68,NaN
60.7920,-0.061294,0.077671,0,134.68,NaN
60.8000,-0.077411,0.068184,0,134.68,NaN
60.8080,-0.097924,0.054485,0,134.68,NaN
60.8160,-0.117949,0.040256,0,134.68,NaN
60.8240,-0.131624,0.028027,0,134.68,NaN
60.8320,-0.133089,0.017847,0,134.68,NaN
60.8400,-0.123321,0.047830,0,134.68,NaN
60.8480,-0.101343,0.067615,0,134.68,NaN
60.8560,-0.076923,0.090251,0,134.68,NaN
60.8640,-0.056899,0.109747,0,134.68,NaN
60.8720,-0.046642,0.121018,0,134.68,NaN
60.8800,-0.051038,0.121360,0,134.68,NaN
60.8880,-0.064713,0.111084,0,134.68,NaN
60.8960,-0.088156,0.093286,0,134.68,NaN
60.9040,-0.116484,0.072932,0,134.68,NaN
60.9120,-0.140904,0.055363,0,134.68,NaN
60.9200,-0.157021,0.044452,0,134.68,NaN
60.9280,-0.161416,0.041085,0,134.68,NaN
60.9360,-0.154579,0.042685,0,134.68,NaN
60.9440,-0.145299,-0.167508,0,134.68,NaN
60.9520,-0.133089,-0.165770,0,134.68,NaN
60.9600,-0.126252,-0.162287,0,134.68,NaN
60.9680,-0.117460,-0.154780,0,134.68,NaN
60.9760,-0.110623,-0.138773,0,134.68,NaN
60.9840,-0.088645,-0.110062,0,134.68,NaN
60.9920,-0.045177,-0.068414,0,134.68,NaN
61.0000,0.022711,-0.020392,0,134.68,NaN
61.0080,0.088156,0.021140,0,134.68,NaN
61.0160,0.130159,0.041446,0,134.68,NaN
61.0240,0.133578,0.030320,0,134.68,NaN
61.0320,0.094994,-0.012465,0,134.68,NaN
61.0400,0.010501,-0.075275,0,134.68,NaN
61.0480,-0.096947,-0.029016,0,134.68,NaN
61.0560,-0.189255,-0.114846,0,134.68,NaN
61.0640,-0.251282,-0.180550,0,134.68,NaN
61.0720,-0.275702,-0.216937,0,134.68,NaN
61.0800,-0.271306,-0.223377,0,134.68,NaN
61.0880,-0.250305,-0.206051,0,134.68,NaN
61.0960,-0.205861,-0.175012,0,134.68,NaN
61.1040,-0.168742,-0.140978,0,134.68,NaN
61.1120,-0.140904,-0.112372,0,134.68,NaN
61.1200,-0.124786,-0.093654,0,134.68,NaN
61.1280,-0.115507,-0.085412,0,134.68,NaN
61.1360,-0.113553,-0.085448,0,134.68,NaN
61.1440,-0.115507,-0.089925,0,134.68,NaN
61.1520,-0.116972,-0.010656,0,134.68,NaN
61.1600,-0.117460,-0.011244,0,134.68,NaN
61.1680,-0.114530,-0.010490,0,134.68,NaN
61.1760,-0.110134,-0.008948,0,134.68,NaN
61.1840,-0.110134,-0.007518,0,134.68,NaN
61.1920,-0.112576,-0.006679,0,134.68,NaN
61.2000,-0.114530,-0.006348,0,134.68,NaN
61.2080,-0.112088,-0.006294,0,134.68,NaN
61.2160,-0.109646,-0.006429,0,134.68,NaN
61.2240,-0.109158,-0.006662,0,134.68,NaN
61.2320,-0.110623,-0.006687,0,134.68,NaN
61.2400,-0.108669,-0.006176,0,134.68,NaN
61.2480,-0.104274,-0.005185,0,134.68,NaN
61.2560,-0.103785,-0.043083,0,134.68,NaN
61.2640,-0.101343,-0.044310,0,134.68,NaN
61.2720,-0.101832,-0.045954,0,134.68,NaN
61.2800,-0.101343,-0.047841,0,134.68,NaN
61.2880,-0.100855,-0.049580,0,134.68,NaN
61.2960,-0.101343,-0.050601,0,134.68,NaN
61.3040,-0.104274,-0.050228,0,134.68,NaN
61.3120,-0.104274,-0.047930,0,134.68,NaN
61.3200,-0.102808,-0.043676,0,134.68,NaN
61.3280,-0.099878,-0.038035,0,134.68,NaN
61.3360,-0.094994,-0.031907,0,134.68,NaN
61.3440,-0.090598,-0.026018,0,134.68,NaN
61.3520,-0.086203,-0.020526,0,134.68,NaN
61.3600,-0.085714,0.034723,0,134.68,NaN
61.3680,-0.088156,0.030318,0,134.68,NaN
61.3760,-0.094994,0.023578,0,134.68,NaN
61.3840,-0.102320,0.016669,0,134.68,NaN
61.3920,-0.107692,0.011790,0,134.68,NaN
61.4000,-0.105739,0.010208,0,134.68,NaN
61.4080,-0.100366,0.011710,0,134.68,NaN
61.4160,-0.093529,0.014828,0,134.68,NaN
61.4240,-0.088156,0.017675,0,134.68,NaN
61.4320,-0.090110,0.018855,0,134.68,NaN
61.4400,-0.092552,0.017881,0,134.68,NaN
61.4480,-0.093529,0.015029,0,134.68,NaN
61.4560,-0.099878,0.011080,0,134.68,NaN
61.4640,-0.106227,0.055488,0,134.68,NaN
61.4720,-0.108181,0.061286,0,134.68,NaN
61.4800,-0.100855,0.074356,0,134.68,NaN
61.4880,-0.077411,0.094333,0,134.68,NaN
61.4960,-0.048107,0.117878,0,134.68,NaN
61.5040,-0.021734,0.139474,0,134.68,NaN
61.5120,-0.002686,0.153235,0,134.68,NaN
61.5200,-0.004151,0.154953,0,134.68,NaN
61.5280,-0.023687,0.143567,0,134.68,NaN
61.5360,-0.059341,0.121384,0,134.68,NaN
61.5440,-0.103785,0.092817,0,134.68,NaN
61.5520,-0.143834,0.062127,0,134.68,NaN
61.5600,-0.168254,0.031467,0,134.68,NaN
61.5680,-0.178999,-0.102818,0,134.68,NaN
61.5760,-0.173626,-0.105309,0,134.68,NaN
61.5840,-0.162882,-0.098123,0,134.68,NaN
61.5920,-0.146764,-0.085472,0,134.68,NaN
61.6000,-0.131136,-0.071517,0,134.68,NaN
61.6080,-0.116972,-0.059418,0,134.68,NaN
61.6160,-0.109646,-0.050842,0,134.68,NaN
61.6240,-0.104762,-0.045986,0,134.68,NaN
61.6320,-0.101832,-0.044054,0,134.68,NaN
61.6400,-0.100855,-0.043875,0,134.68,NaN
61.6480,-0.100366,-0.044402,0,134.68,NaN
61.6560,-0.096947,-0.045022,0,134.68,NaN
61.6640,-0.095971,-0.045581,0,134.68,NaN
61.6720,-0.095971,-0.009411,0,134.68,NaN
61.6800,-0.096459,-0.010104,0,134.68,NaN
61.6880,-0.095971,-0.010990,0,134.68,NaN
61.6960,-0.097924,-0.011596,0,134.68,NaN
61.7040,-0.099878,-0.011427,0,134.68,NaN
61.7120,-0.094994,-0.010386,0,134.68,NaN
61.7200,-0.090598,-0.008975,0,134.68,NaN
61.7280,-0.088645,-0.007881,0,134.68,NaN
61.7360,-0.090110,-0.007365,0,134.68,NaN
61.7440,-0.091575,-0.007134,0,134.68,NaN
61.7520,-0.090110,-0.006734,0,134.68,NaN
61.7600,-0.087179,-0.005976,0,134.68,NaN
61.7680,-0.085714,-0.004978,0,134.68,NaN
61.7760,-0.082295,-0.027237,0,134.68,NaN
61.7840,-0.078388,-0.025692,0,134.68,NaN
61.7920,-0.077411,-0.023916,0,134.68,NaN
61.8000,-0.073016,-0.022115,0,134.68,NaN
61.8080,-0.070085,-0.020511,0,134.68,NaN
61.8160,-0.070085,-0.019142,0,134.68,NaN
61.8240,-0.072039,-0.017716,0,134.68,NaN
61.8320,-0.070574,-0.015872,0,134.68,NaN
61.8400,-0.065690,-0.013637,0,134.68,NaN
61.8480,-0.059829,-0.011542,0,134.68,NaN
61.8560,-0.054457,-0.010229,0,134.68,NaN
61.8640,-0.052991,-0.009938,0,134.68,NaN
61.8720,-0.049573,-0.010346,0,134.68,NaN
61.8800,-0.046154,0.011618,0,134.68,NaN
61.8880,-0.042247,0.012200,0,134.68,NaN
61.8960,-0.038828,0.013031,0,134.68,NaN
61.9040,-0.038339,0.014544,0,134.68,NaN
61.9120,-0.033944,0.017118,0,134.68,NaN
61.9200,-0.029060,0.020747,0,134.68,NaN
61.9280,-0.023199,0.024800,0,134.68,NaN
61.9360,-0.015385,0.028094,0,134.68,NaN
61.9440,-0.011966,0.029303,0,134.68,NaN
61.9520,-0.012943,0.027535,0,134.68,NaN
61.9600,-0.016850,0.022686,0,134.68,NaN
61.9680,-0.023199,0.015394,0,134.68,NaN
61.9760,-0.030037,0.006771,0,134.68,NaN
61.9840,-0.037363,0.097090,0,134.68,NaN
61.9920,-0.033944,0.103029,0,134.68,NaN
62.0000,-0.023199,0.113603,0,134.68,NaN
62.0080,-0.009035,0.126571,0,134.68,NaN
62.0160,-0.000244,0.138488,0,134.68,NaN
62.0240,0.008059,0.145847,0,134.68,NaN
62.0320,0.005617,0.146110,0,134.68,NaN
62.0400,-0.007570,0.138462,0,134.68,NaN
62.0480,-0.023687,0.124035,0,134.68,NaN
62.0560,-0.051526,0.105501,0,134.68,NaN
62.0640,-0.077900,0.086082,0,134.68,NaN
62.0720,-0.098901,0.068063,0,134.68,NaN
62.0800,-0.110134,0.051661,0,134.68,NaN
62.0880,-0.111600,-0.041662,0,134.68,NaN
62.0960,-0.108669,-0.041059,0,134.68,NaN
62.1040,-0.104274,-0.036481,0,134.68,NaN
62.1120,-0.098901,-0.030118,0,134.68,NaN
62.1200,-0.093040,-0.023799,0,134.68,NaN
62.1280,-0.087179,-0.018840,0,134.68,NaN
62.1360,-0.085714,-0.015925,0,134.68,NaN
62.1440,-0.085714,-0.015016,0,134.68,NaN
62.1520,-0.088645,-0.015501,0,134.68,NaN
62.1600,-0.089621,-0.016537,0,134.68,NaN
62.1680,-0.092552,-0.017423,0,134.68,NaN
62.1760,-0.092063,-0.017836,0,134.68,NaN
62.1840,-0.092552,-0.017874,0,134.68,NaN
62.1920,-0.092063,-0.025201,0,134.68,NaN
62.2000,-0.087179,-0.022672,0,134.68,NaN
62.2080,-0.085714,-0.020315,0,134.68,NaN
62.2160,-0.083761,-0.018888,0,134.68,NaN
62.2240,-0.085714,-0.018759,0,134.68,NaN
62.2320,-0.088156,-0.019787,0,134.68,NaN
62.2400,-0.091087,-0.021445,0,134.68,NaN
62.2480,-0.094017,-0.023008,0,134.68,NaN
62.2560,-0.095971,-0.023697,0,134.68,NaN
62.2640,-0.098901,-0.022811,0,134.68,NaN
62.2720,-0.096459,-0.019974,0,134.68,NaN
62.2800,-0.092063,-0.015376,0,134.68,NaN
62.2880,-0.087179,-0.009757,0,134.68,NaN
62.2960,-0.082784,-0.018978,0,134.68,NaN
62.3040,-0.083272,-0.015867,0,134.68,NaN
62.3120,-0.080342,-0.013106,0,134.68,NaN
62.3200,-0.080342,-0.010139,0,134.68,NaN
62.3280,-0.078388,-0.006338,0,134.68,NaN
62.3360,-0.076435,-0.001307,0,134.68,NaN
62.3440,-0.072527,0.004763,0,134.68,NaN
62.3520,-0.064225,0.010834,0,134.68,NaN
62.3600,-0.058852,0.015163,0,134.68,NaN
62.3680,-0.054457,0.015950,0,134.68,NaN
62.3760,-0.058852,0.012180,0,134.68,NaN
62.3840,-0.065690,0.004183,0,134.68,NaN
62.3920,-0.077411,-0.006356,0,134.68,NaN
62.4000,-0.095971,-0.404113,0,134.68,NaN
62.4080,-0.117460,-0.445983,0,134.68,NaN
62.4160,-0.144811,-0.488737,0,134.68,NaN
62.4240,-0.169719,-0.527664,0,134.68,NaN
62.4320,-0.180952,-0.557779,0,134.68,NaN
62.4400,-0.176557,-0.575041,0,134.68,NaN
62.4480,-0.156044,-0.576847,0,134.68,NaN
62.4560,-0.119902,-0.561668,0,134.68,NaN
62.4640,-0.070085,-0.528377,0,134.68,NaN
62.4720,-0.005128,-0.476103,0,134.68,NaN
62.4800,0.079365,-0.405061,0,134.68,NaN
62.4880,0.182418,-0.318111,0,134.68,NaN
62.4960,0.309890,-0.221877,0,134.68,NaN
62.5040,0.445665,0.572695,0,134.68,NaN
62.5120,0.587790,0.694124,0,134.68,NaN
62.5200,0.735287,0.812440,0,134.68,NaN
62.5280,0.885714,0.913369,0,134.68,NaN
62.5360,1.000000,0.980312,1,134.68,NaN
62.5440,1.000000,1.000000,1,134.68,NaN
62.5520,0.947253,0.968319,0,134.68,NaN
62.5600,0.772894,0.892700,0,134.68,NaN
62.5680,0.573138,0.789480,0,134.68,NaN
62.5760,0.390965,0.677085,0,134.68,NaN
62.5840,0.222466,0.569045,0,134.68,NaN
62.5920,0.071551,0.470656,0,134.68,NaN
62.6000,-0.057387,0.379480,0,134.68,NaN
62.6080,-0.157509,-0.204984,0,134.68,NaN
62.6160,-0.217094,-0.266288,0,134.68,NaN
62.6240,-0.238584,-0.290894,0,134.68,NaN
62.6320,-0.226374,-0.284445,0,134.68,NaN
62.6400,-0.191697,-0.255910,0,134.68,NaN
62.6480,-0.147741,-0.215901,0,134.68,NaN
62.6560,-0.103297,-0.174625,0,134.68,NaN
62.6640,-0.070085,-0.140135,0,134.68,NaN
62.6720,-0.047619,-0.117393,0,134.68,NaN
62.6800,-0.038339,-0.108205,0,134.68,NaN
62.6880,-0.038828,-0.111701,0,134.68,NaN
62.6960,-0.049573,-0.124902,0,134.68,NaN
62.7040,-0.065201,-0.143284,0,134.68,NaN
62.7120,-0.081319,-0.048478,0,134.68,NaN
62.7200,-0.093040,-0.062169,0,134.68,NaN
62.7280,-0.100855,-0.073211,0,134.68,NaN
62.7360,-0.107692,-0.081086,0,134.68,NaN
62.7440,-0.110134,-0.086020,0,134.68,NaN
62.7520,-0.109646,-0.088605,0,134.68,NaN
62.7600,-0.110623,-0.089384,0,134.68,NaN
62.7680,-0.109158,-0.088435,0,134.68,NaN
62.7760,-0.113553,-0.085207,0,134.68,NaN
62.7840,-0.112088,-0.078860,0,134.68,NaN
62.7920,-0.108181,-0.068944,0,134.68,NaN
62.8000,-0.106227,-0.055863,0,134.68,NaN
62.8080,-0.103785,-0.040875,0,134.68,NaN
62.8160,-0.101832,-0.161850,0,134.68,NaN
62.8240,-0.099389,-0.143488,0,134.68,NaN
62.8320,-0.092063,-0.121381,0,134.68,NaN
62.8400,-0.085714,-0.097584,0,134.68,NaN
62.8480,-0.080830,-0.075026,0,134.68,NaN
62.8560,-0.082784,-0.056582,0,134.68,NaN
62.8640,-0.086691,-0.044151,0,134.68,NaN
62.8720,-0.097924,-0.038181,0,134.68,NaN
62.8800,-0.107204,-0.037781,0,134.68,NaN
62.8880,-0.118437,-0.041272,0,134.68,NaN
62.8960,-0.127228,-0.046844,0,134.68,NaN
62.9040,-0.132601,-0.053124,0,134.68,NaN
62.9120,-0.132601,-0.059498,0,134.68,NaN
62.9200,-0.128694,-0.040993,0,134.68,NaN
62.9280,-0.123321,-0.041295,0,134.68,NaN
62.9360,-0.119902,-0.041271,0,134.68,NaN
62.9440,-0.116972,-0.041250,0,134.68,NaN
62.9520,-0.116972,-0.041016,0,134.68,NaN
62.9600,-0.115507,-0.040052,0,134.68,NaN
62.9680,-0.111600,-0.037948,0,134.68,NaN
62.9760,-0.108669,-0.034653,0,134.68,NaN
62.9840,-0.105739,-0.030480,0,134.68,NaN
62.9920,-0.099878,-0.026081,0,134.68,NaN
63.0000,-0.093040,-0.022311,0,134.68,NaN
63.0080,-0.090110,-0.019742,0,134.68,NaN
63.0160,-0.091087,-0.018156,0,134.68,NaN
63.0240,-0.094505,-0.012698,0,134.68,NaN
63.0320,-0.096947,-0.016208,0,134.68,NaN
63.0400,-0.097924,-0.019841,0,134.68,NaN
63.0480,-0.101343,-0.022613,0,134.68,NaN
63.0560,-0.101343,-0.023731,0,134.68,NaN
63.0640,-0.100366,-0.022848,0,134.68,NaN
63.0720,-0.093040,-0.020310,0,134.68,NaN
63.0800,-0.086691,-0.017025,0,134.68,NaN
63.0880,-0.083272,-0.013947,0,134.68,NaN
63.0960,-0.079365,-0.011623,0,134.68,NaN
63.1040,-0.077900,-0.010107,0,134.68,NaN
63.1120,-0.075946,-0.009147,0,134.68,NaN
63.1200,-0.073016,-0.008441,0,134.68,NaN
63.1280,-0.069109,0.014687,0,134.68,NaN
63.1360,-0.061783,0.021364,0,134.68,NaN
63.1440,-0.052991,0.028778,0,134.68,NaN
63.1520,-0.044200,0.035196,0,134.68,NaN
63.1600,-0.037851,0.038610,0,134.68,NaN
63.1680,-0.036386,0.037585,0,134.68,NaN
63.1760,-0.043712,0.032072,0,134.68,NaN
63.1840,-0.054945,0.023661,0,134.68,NaN
63.1920,-0.062759,0.015005,0,134.68,NaN
63.2000,-0.070085,0.008818,0,134.68,NaN
63.2080,-0.072527,0.006918,0,134.68,NaN
63.2160,-0.064713,0.009474,0,134.68,NaN
63.2240,-0.054945,0.014835,0,134.68,NaN
63.2320,-0.044200,0.040408,0,134.68,NaN
63.2400,-0.039316,0.043542,0,134.68,NaN
63.2480,-0.041270,0.041773,0,134.68,NaN
63.2560,-0.052015,0.035282,0,134.68,NaN
63.2640,-0.062271,0.025825,0,134.68,NaN
63.2720,-0.073016,0.015829,0,134.68,NaN
63.2800,-0.080830,0.007516,0,134.68,NaN
63.2880,-0.085226,0.002378,0,134.68,NaN
63.2960,-0.085714,0.001010,0,134.68,NaN
63.3040,-0.084249,0.003169,0,134.68,NaN
63.3120,-0.076435,0.007976,0,134.68,NaN
63.3200,-0.070085,0.014292,0,134.68,NaN
63.3280,-0.065690,0.021190,0,134.68,NaN
63.3360,-0.063736,-0.008715,0,134.68,NaN
63.3440,-0.062759,-0.008403,0,134.68,NaN
63.3520,-0.062271,-0.009300,0,134.68,NaN
63.3600,-0.063248,-0.010624,0,134.68,NaN
63.3680,-0.062759,-0.011505,0,134.68,NaN
63.3760,-0.062759,-0.011233,0,134.68,NaN
63.3840,-0.059341,-0.009541,0,134.68,NaN
63.3920,-0.054457,-0.006782,0,134.68,NaN
63.4000,-0.049084,-0.003845,0,134.68,NaN
63.4080,-0.044200,-0.001772,0,134.68,NaN
63.4160,-0.043223,-0.001253,0,134.68,NaN
63.4240,-0.045177,-0.002289,0,134.68,NaN
63.4320,-0.046154,-0.004259,0,134.68,NaN
63.4400,-0.045177,-0.004574,0,134.68,NaN
63.4480,-0.043712,-0.003657,0,134.68,NaN
63.4560,-0.041758,-0.001339,0,134.68,NaN
63.4640,-0.037363,0.002041,0,134.68,NaN
63.4720,-0.031502,0.005643,0,134.68,NaN
63.4800,-0.026618,0.008423,0,134.68,NaN
63.4880,-0.026129,0.009633,0,134.68,NaN
63.4960,-0.025641,0.009154,0,134.68,NaN
63.5040,-0.028571,0.007455,0,134.68,NaN
63.5120,-0.029548,0.005252,0,134.68,NaN
63.5200,-0.029548,0.003117,0,134.68,NaN
63.5280,-0.031013,0.001290,0,134.68,NaN
63.5360,-0.031013,-0.000296,0,134.68,NaN
63.5440,-0.030525,0.026551,0,134.68,NaN
63.5520,-0.024664,0.030178,0,134.68,NaN
63.5600,-0.019780,0.033747,0,134.68,NaN
63.5680,-0.018315,0.036098,0,134.68,NaN
63.5760,-0.016361,0.036449,0,134.68,NaN
63.5840,-0.020269,0.034648,0,134.68,NaN
63.5920,-0.023199,0.031142,0,134.68,NaN
63.6000,-0.027106,0.026735,0,134.68,NaN
63.6080,-0.031013,0.022346,0,134.68,NaN
63.6160,-0.035897,0.018831,0,134.68,NaN
63.6240,-0.037363,0.016755,0,134.68,NaN
63.6320,-0.037363,0.016147,0,134.68,NaN
63.6400,-0.035897,0.016458,0,134.68,NaN
63.6480,-0.036874,0.053087,0,134.68,NaN
63.6560,-0.036874,0.053508,0,134.68,NaN
63.6640,-0.038828,0.052344,0,134.68,NaN
63.6720,-0.044200,0.049580,0,134.68,NaN
63.6800,-0.052015,0.045848,0,134.68,NaN
63.6880,-0.058852,0.042142,0,134.68,NaN
63.6960,-0.064225,0.039262,0,134.68,NaN
63.7040,-0.066667,0.037352,0,134.68,NaN
63.7120,-0.067643,0.035873,0,134.68,NaN
63.7200,-0.072039,0.034035,0,134.68,NaN
63.7280,-0.077411,0.031348,0,134.68,NaN
63.7360,-0.085714,0.027850,0,134.68,NaN
63.7440,-0.091087,0.023926,0,134.68,NaN
63.7520,-0.095971,-0.005803,0,134.68,NaN
63.7600,-0.098901,-0.007974,0,134.68,NaN
63.7680,-0.101832,-0.008960,0,134.68,NaN
63.7760,-0.103785,-0.009001,0,134.68,NaN
63.7840,-0.104274,-0.008537,0,134.68,NaN
63.7920,-0.104762,-0.008070,0,134.68,NaN
63.8000,-0.108181,-0.007920,0,134.68,NaN
63.8080,-0.109646,-0.008073,0,134.68,NaN
63.8160,-0.115018,-0.008225,0,134.68,NaN
63.8240,-0.115995,-0.008048,0,134.68,NaN
63.8320,-0.116972,-0.007449,0,134.68,NaN
63.8400,-0.116972,-0.006589,0,134.68,NaN
63.8480,-0.119902,-0.005647,0,134.68,NaN
63.8560,-0.122344,-0.040765,0,134.68,NaN
63.8640,-0.119414,-0.038975,0,134.68,NaN
63.8720,-0.116484,-0.036547,0,134.68,NaN
63.8800,-0.114530,-0.034098,0,134.68,NaN
63.8880,-0.114530,-0.032075,0,134.68,NaN
63.8960,-0.114530,-0.030538,0,134.68,NaN
63.9040,-0.115507,-0.029246,0,134.68,NaN
63.9120,-0.115507,-0.027920,0,134.68,NaN
63.9200,-0.112088,-0.026438,0,134.68,NaN
63.9280,-0.112088,-0.024776,0,134.68,NaN
63.9360,-0.114042,-0.022805,0,134.68,NaN
63.9440,-0.111600,-0.020376,0,134.68,NaN
63.9520,-0.109158,-0.017589,0,134.68,NaN
63.9600,-0.106716,-0.025303,0,134.68,NaN
63.9680,-0.105739,-0.023873,0,134.68,NaN
63.9760,-0.106227,-0.023213,0,134.68,NaN
63.9840,-0.105739,-0.023359,0,134.68,NaN
63.9920,-0.105739,-0.024143,0,134.68,NaN
64.0000,-0.107692,-0.025139,0,134.68,NaN
64.0080,-0.109646,-0.025683,0,134.68,NaN
64.0160,-0.109646,-0.025129,0,134.68,NaN
64.0240,-0.106716,-0.023229,0,134.68,NaN
64.0320,-0.101343,-0.020276,0,134.68,NaN
64.0400,-0.096947,-0.016871,0,134.68,NaN
64.0480,-0.093529,-0.013502,0,134.68,NaN
64.0560,-0.090598,-0.010303,0,134.68,NaN
64.0640,-0.090598,0.005256,0,134.68,NaN
64.0720,-0.088156,0.004444,0,134.68,NaN
64.0800,-0.091087,0.002524,0,134.68,NaN
64.0880,-0.095971,0.000470,0,134.68,NaN
64.0960,-0.097924,-0.000592,0,134.68,NaN
64.1040,-0.094505,-0.000041,0,134.68,NaN
64.1120,-0.091087,0.001900,0,134.68,NaN
64.1200,-0.086203,0.004416,0,134.68,NaN
64.1280,-0.084249,0.006570,0,134.68,NaN
64.1360,-0.083272,0.007625,0,134.68,NaN
64.1440,-0.080342,0.007118,0,134.68,NaN
64.1520,-0.080830,0.004968,0,134.68,NaN
64.1600,-0.085714,0.001711,0,134.68,NaN
64.1680,-0.088156,0.001411,0,134.68,NaN
64.1760,-0.092063,-0.001763,0,134.68,NaN
64.1840,-0.093529,-0.003656,0,134.68,NaN
64.1920,-0.091575,-0.004001,0,134.68,NaN
64.2000,-0.088645,-0.003094,0,134.68,NaN
64.2080,-0.086691,-0.001545,0,134.68,NaN
64.2160,-0.084737,-0.000002,0,134.68,NaN
64.2240,-0.081319,0.000986,0,134.68,NaN
64.2320,-0.079365,0.001099,0,134.68,NaN
64.2400,-0.082295,0.000443,0,134.68,NaN
64.2480,-0.082784,-0.000486,0,134.68,NaN
64.2560,-0.083272,-0.001211,0,134.68,NaN
64.2640,-0.080830,-0.001643,0,134.68,NaN
64.2720,-0.078877,0.011000,0,134.68,NaN
64.2800,-0.079365,0.009625,0,134.68,NaN
64.2880,-0.085714,0.007485,0,134.68,NaN
64.2960,-0.086691,0.005151,0,134.68,NaN
64.3040,-0.088156,0.003223,0,134.68,NaN
64.3120,-0.087668,0.002078,0,134.68,NaN
64.3200,-0.090110,0.001898,0,134.68,NaN
64.3280,-0.087179,0.002658,0,134.68,NaN
64.3360,-0.086691,0.004026,0,134.68,NaN
64.3440,-0.083761,0.005366,0,134.68,NaN
64.3520,-0.080830,0.005929,0,134.68,NaN
64.3600,-0.080830,0.005265,0,134.68,NaN
64.3680,-0.085714,0.003655,0,134.68,NaN
64.3760,-0.089133,-0.007964,0,134.68,NaN
64.3840,-0.089133,-0.009138,0,134.68,NaN
64.3920,-0.087179,-0.008831,0,134.68,NaN
64.4000,-0.085226,-0.006953,0,134.68,NaN
64.4080,-0.082784,-0.003822,0,134.68,NaN
64.4160,-0.077900,-0.000174,0,134.68,NaN
64.4240,-0.070574,0.002880,0,134.68,NaN
64.4320,-0.068620,0.004281,0,134.68,NaN
64.4400,-0.070085,0.003660,0,134.68,NaN
64.4480,-0.075458,0.001575,0,134.68,NaN
64.4560,-0.077900,-0.000908,0,134.68,NaN
64.4640,-0.081319,-0.002937,0,134.68,NaN
64.4720,-0.078388,-0.004401,0,134.68,NaN
64.4800,-0.077411,0.036069,0,134.68,NaN
64.4880,-0.074481,0.040255,0,134.68,NaN
64.4960,-0.070085,0.044416,0,134.68,NaN
64.5040,-0.067155,0.047217,0,134.68,NaN
64.5120,-0.067155,0.047501,0,134.68,NaN
64.5200,-0.071062,0.044792,0,134.68,NaN
64.5280,-0.080830,0.039584,0,134.68,NaN
64.5360,-0.089133,0.033157,0,134.68,NaN
64.5440,-0.097924,0.027039,0,134.68,NaN
64.5520,-0.103297,0.022470,0,134.68,NaN
64.5600,-0.107692,0.020083,0,134.68,NaN
64.5680,-0.109646,0.019786,0,134.68,NaN
64.5760,-0.108669,0.020782,0,134.68,NaN
64.5840,-0.103785,-0.021354,0,134.68,NaN
64.5920,-0.097924,-0.017526,0,134.68,NaN
64.6000,-0.093040,-0.014581,0,134.68,NaN
64.6080,-0.093040,-0.013408,0,134.68,NaN
64.6160,-0.095482,-0.014004,0,134.68,NaN
64.6240,-0.096947,-0.015650,0,134.68,NaN
64.6320,-0.098901,-0.017355,0,134.68,NaN
64.6400,-0.100366,-0.018239,0,134.68,NaN
64.6480,-0.098901,-0.017791,0,134.68,NaN
64.6560,-0.096459,-0.015986,0,134.68,NaN
64.6640,-0.092552,-0.013186,0,134.68,NaN
64.6720,-0.088645,-0.009881,0,134.68,NaN
64.6800,-0.086203,-0.006425,0,134.68,NaN
64.6880,-0.086691,-0.001743,0,134.68,NaN
64.6960,-0.090110,-0.002907,0,134.68,NaN
64.7040,-0.090598,-0.004655,0,134.68,NaN
64.7120,-0.092063,-0.006201,0,134.68,NaN
64.7200,-0.095971,-0.006832,0,134.68,NaN
64.7280,-0.094017,-0.006156,0,134.68,NaN
64.7360,-0.092552,-0.004378,0,134.68,NaN
64.7440,-0.087179,-0.002271,0,134.68,NaN
64.7520,-0.086203,-0.000731,0,134.68,NaN
64.7600,-0.086691,-0.000235,0,134.68,NaN
64.7680,-0.089621,-0.000646,0,134.68,NaN
64.7760,-0.091087,-0.001503,0,134.68,NaN
64.7840,-0.090598,-0.002461,0,134.68,NaN
64.7920,-0.090110,0.001021,0,134.68,NaN
64.8000,-0.090110,0.002652,0,134.68,NaN
64.8080,-0.087668,0.005074,0,134.68,NaN
64.8160,-0.085226,0.007779,0,134.68,NaN
64.8240,-0.082295,0.010000,0,134.68,NaN
64.8320,-0.079365,0.010990,0,134.68,NaN
64.8400,-0.082295,0.010424,0,134.68,NaN
64.8480,-0.085226,0.008603,0,134.68,NaN
64.8560,-0.087179,0.006253,0,134.68,NaN
64.8640,-0.090110,0.004145,0,134.68,NaN
64.8720,-0.090598,0.002797,0,134.68,NaN
64.8800,-0.090110,0.002309,0,134.68,NaN
64.8880,-0.089133,0.002370,0,134.68,NaN
64.8960,-0.085714,0.000556,0,134.68,NaN
64.9040,-0.082295,0.002317,0,134.68,NaN
64.9120,-0.079365,0.003093,0,134.68,NaN
64.9200,-0.082784,0.002471,0,134.68,NaN
64.9280,-0.085714,0.000605,0,134.68,NaN
64.9360,-0.086691,-0.002053,0,134.68,NaN
64.9440,-0.088156,-0.005005,0,134.68,NaN
64.9520,-0.092063,-0.007670,0,134.68,NaN
64.9600,-0.094017,-0.009317,0,134.68,NaN
64.9680,-0.094505,-0.009242,0,134.68,NaN
64.9760,-0.093529,-0.007080,0,134.68,NaN
64.9840,-0.086203,-0.003054,0,134.68,NaN
64.9920,-0.081319,0.002046,0,134.68,NaN
65.0000,-0.077900,0.006121,0,134.68,NaN
65.0080,-0.078877,0.006256,0,134.68,NaN
65.0160,-0.082295,0.004942,0,134.68,NaN
65.0240,-0.085714,0.002702,0,134.68,NaN
65.0320,-0.089133,0.000306,0,134.68,NaN
65.0400,-0.094505,-0.001440,0,134.68,NaN
65.0480,-0.095971,-0.001969,0,134.68,NaN
65.0560,-0.092552,-0.001234,0,134.68,NaN
65.0640,-0.088645,0.000252,0,134.68,NaN
65.0720,-0.085714,0.001728,0,134.68,NaN
65.0800,-0.084737,0.002610,0,134.68,NaN
65.0880,-0.085714,0.002736,0,134.68,NaN
65.0960,-0.087179,0.002363,0,134.68,NaN
65.1040,-0.090110,-0.009610,0,134.68,NaN
65.1120,-0.091087,-0.011249,0,134.68,NaN
65.1200,-0.094505,-0.012040,0,134.68,NaN
65.1280,-0.092063,-0.011849,0,134.68,NaN
65.1360,-0.088645,-0.011123,0,134.68,NaN
65.1440,-0.087179,-0.010649,0,134.68,NaN
65.1520,-0.085714,-0.011041,0,134.68,NaN
65.1600,-0.088156,-0.012302,0,134.68,NaN
65.1680,-0.092063,-0.013722,0,134.68,NaN
65.1760,-0.093529,-0.014233,0,134.68,NaN
65.1840,-0.091575,-0.013026,0,134.68,NaN
65.1920,-0.086691,-0.010008,0,134.68,NaN
65.2000,-0.080342,-0.005850,0,134.68,NaN
65.2080,-0.071551,-0.036937,0,134.68,NaN
65.2160,-0.060806,-0.029916,0,134.68,NaN
65.2240,-0.052015,-0.024052,0,134.68,NaN
65.2320,-0.045665,-0.020515,0,134.68,NaN
65.2400,-0.044200,-0.019663,0,134.68,NaN
65.2480,-0.046154,-0.020970,0,134.68,NaN
65.2560,-0.045177,-0.023405,0,134.68,NaN
65.2640,-0.043223,-0.025886,0,134.68,NaN
65.2720,-0.043223,-0.027389,0,134.68,NaN
65.2800,-0.041758,-0.026889,0,134.68,NaN
65.2880,-0.038828,-0.023599,0,134.68,NaN
65.2960,-0.028571,-0.017496,0,134.68,NaN
65.3040,-0.016361,-0.009626,0,134.68,NaN
65.3120,-0.002198,0.070941,0,134.68,NaN
65.3200,0.011966,0.081932,0,134.68,NaN
65.3280,0.017827,0.088487,0,134.68,NaN
65.3360,0.018315,0.089470,0,134.68,NaN
65.3440,0.011477,0.085361,0,134.68,NaN
65.3520,-0.000244,0.077985,0,134.68,NaN
65.3600,-0.008059,0.069659,0,134.68,NaN
65.3680,-0.016361,0.062256,0,134.68,NaN
65.3760,-0.021245,0.056654,0,134.68,NaN
65.3840,-0.022711,0.052685,0,134.68,NaN
65.3920,-0.023199,0.049538,0,134.68,NaN
65.4000,-0.029548,0.046468,0,134.68,NaN
65.4080,-0.033455,0.043241,0,134.68,NaN
65.4160,-0.039316,0.055659,0,134.68,NaN
65.4240,-0.047131,0.050364,0,134.68,NaN
65.4320,-0.053968,0.045330,0,134.68,NaN
65.4400,-0.061783,0.041478,0,134.68,NaN
65.4480,-0.064713,0.039298,0,134.68,NaN
65.4560,-0.065201,0.038480,0,134.68,NaN
65.4640,-0.063736,0.038015,0,134.68,NaN
65.4720,-0.066667,0.036814,0,134.68,NaN
65.4800,-0.071551,0.034350,0,134.68,NaN
65.4880,-0.078388,0.030855,0,134.68,NaN
65.4960,-0.085226,0.026977,0,134.68,NaN
65.5040,-0.089133,0.023255,0,134.68,NaN
65.5120,-0.093529,0.019805,0,134.68,NaN
65.5200,-0.095482,-0.019986,0,134.68,NaN
65.5280,-0.097924,-0.019007,0,134.68,NaN
65.5360,-0.093529,-0.016053,0,134.68,NaN
65.5440,-0.088645,-0.012022,0,134.68,NaN
65.5520,-0.086203,-0.008014,0,134.68,NaN
65.5600,-0.085714,-0.004859,0,134.68,NaN
65.5680,-0.085226,-0.002979,0,134.68,NaN
65.5760,-0.085226,-0.002520,0,134.68,NaN
65.5840,-0.086203,-0.003384,0,134.68,NaN
65.5920,-0.091575,-0.005119,0,134.68,NaN
65.6000,-0.096947,-0.006968,0,134.68,NaN
65.6080,-0.101343,-0.008287,0,134.68,NaN
65.6160,-0.101343,-0.009033,0,134.68,NaN
65.6240,-0.101343,-0.062397,0,134.68,NaN
65.6320,-0.101832,-0.063956,0,134.68,NaN
65.6400,-0.106716,-0.065121,0,134.68,NaN
65.6480,-0.108181,-0.065338,0,134.68,NaN
65.6560,-0.107692,-0.063924,0,134.68,NaN
65.6640,-0.102808,-0.060528,0,134.68,NaN
65.6720,-0.098413,-0.055284,0,134.68,NaN
65.6800,-0.092552,-0.048770,0,134.68,NaN
65.6880,-0.083761,-0.041967,0,134.68,NaN
65.6960,-0.076435,-0.036111,0,134.68,NaN
65.7040,-0.070085,-0.032252,0,134.68,NaN
65.7120,-0.070085,-0.030671,0,134.68,NaN
65.7200,-0.071551,-0.030608,0,134.68,NaN
65.7280,-0.077900,0.085794,0,134.68,NaN
65.7360,-0.083272,0.085999,0,134.68,NaN
65.7440,-0.085714,0.087272,0,134.68,NaN
65.7520,-0.090110,0.090236,0,134.68,NaN
65.7600,-0.085714,0.094293,0,134.68,NaN
65.7680,-0.084249,0.097630,0,134.68,NaN
65.7760,-0.084737,0.097914,0,134.68,NaN
65.7840,-0.091087,0.093425,0,134.68,NaN
65.7920,-0.106716,0.084047,0,134.68,NaN
65.8000,-0.128205,0.071554,0,134.68,NaN
65.8080,-0.150672,0.058780,0,134.68,NaN
65.8160,-0.167277,0.047918,0,134.68,NaN
65.8240,-0.169719,0.039034,0,134.68,NaN
65.8320,-0.153602,-0.993645,0,134.68,NaN
65.8400,-0.114530,-1.000000,0,134.68,NaN
65.8480,-0.054457,-0.987456,0,134.68,NaN
65.8560,0.025153,-0.957020,0,134.68,NaN
65.8640,0.117460,-0.910436,0,134.68,NaN
65.8720,0.221978,-0.849664,0,134.68,NaN
65.8800,0.343590,-0.777192,0,134.68,NaN
65.8880,0.469109,-0.696951,0,134.68,NaN
65.8960,0.600977,-0.615405,0,134.68,NaN
65.9040,0.742613,-0.542164,0,134.68,NaN
65.9120,0.897436,-0.488186,0,134.68,NaN
65.9200,1.000000,-0.459469,0,134.68,NaN
65.9280,1.000000,-0.449624,0,134.68,NaN
65.9360,0.967766,0.964491,0,134.68,NaN
65.9440,0.796825,0.874720,0,134.68,NaN
65.9520,0.593651,0.745795,0,134.68,NaN
65.9600,0.397802,0.598157,0,134.68,NaN
65.9680,0.206838,0.451621,0,134.68,NaN
65.9760,0.027106,0.322669,0,134.68,NaN
65.9840,-0.121856,0.224005,0,134.68,NaN
65.9920,-0.217094,0.163826,0,134.68,NaN
66.0000,-0.257631,0.144671,0,134.68,NaN
66.0080,-0.250305,0.163063,0,134.68,NaN
66.0160,-0.196093,0.210704,0,134.68,NaN
66.0240,-0.133089,0.277101,0,134.68,NaN
66.0320,-0.077411,0.352390,0,134.68,NaN
66.0400,-0.038828,0.021909,0,134.68,NaN
66.0480,-0.019292,0.049792,0,134.68,NaN
66.0560,-0.020757,0.058921,0,134.68,NaN
66.0640,-0.035897,0.053267,0,134.68,NaN
66.0720,-0.058852,0.039063,0,134.68,NaN
66.0800,-0.079365,0.022648,0,134.68,NaN
66.0880,-0.096459,0.008884,0,134.68,NaN
66.0960,-0.106716,0.000440,0,134.68,NaN
66.1040,-0.110134,-0.002158,0,134.68,NaN
66.1120,-0.107692,0.000019,0,134.68,NaN
66.1200,-0.101832,0.005146,0,134.68,NaN
66.1280,-0.098413,0.011571,0,134.68,NaN
66.1360,-0.095971,0.018376,0,134.68,NaN
66.1440,-0.099878,-0.244904,0,58.14,NaN
66.1520,-0.106716,-0.254819,0,58.14,NaN
66.1600,-0.112088,-0.263915,0,58.14,NaN
66.1680,-0.115018,-0.270144,0,58.14,NaN
66.1760,-0.114530,-0.271907,0,58.14,NaN
66.1840,-0.114530,-0.268135,0,58.14,NaN
66.1920,-0.113553,-0.258293,0,58.14,NaN
66.2000,-0.103785,-0.242637,0,58.14,NaN
66.2080,-0.095971,-0.222378,0,58.14,NaN
66.2160,-0.088156,-0.199339,0,58.14,NaN
66.2240,-0.085714,-0.175271,0,58.14,NaN
66.2320,-0.084737,-0.151284,0,58.14,NaN
66.2400,-0.086203,-0.127655,0,58.14,NaN
66.2480,-0.086691,0.005935,0,58.14,NaN
66.2560,-0.089133,0.019704,0,58.14,NaN
66.2640,-0.088156,0.029581,0,58.14,NaN
66.2720,-0.091087,0.035362,0,58.14,NaN
66.2800,-0.092552,0.037091,0,58.14,NaN
66.2880,-0.093529,0.035106,0,58.14,NaN
66.2960,-0.095971,0.030127,0,58.14,NaN
66.3040,-0.100855,0.023409,0,58.14,NaN
66.3120,-0.106716,0.016696,0,58.14,NaN
66.3200,-0.111600,0.011768,0,58.14,NaN
66.3280,-0.112088,0.009791,0,58.14,NaN
66.3360,-0.113553,0.010839,0,58.14,NaN
66.3440,-0.109158,0.013796,0,58.14,NaN
66.3520,-0.107692,-0.024504,0,58.14,NaN
66.3600,-0.103785,-0.021475,0,58.14,NaN
66.3680,-0.101832,-0.018800,0,58.14,NaN
66.3760,-0.101832,-0.016340,0,58.14,NaN
66.3840,-0.101832,-0.013364,0,58.14,NaN
66.3920,-0.099389,-0.009189,0,58.14,NaN
66.4000,-0.090110,-0.003979,0,58.14,NaN
66.4080,-0.079853,0.001025,0,58.14,NaN
66.4160,-0.074481,0.004173,0,58.14,NaN
66.4240,-0.074969,0.004428,0,58.14,NaN
66.4320,-0.079365,0.001861,0,58.14,NaN
66.4400,-0.084737,-0.002643,0,58.14,NaN
66.4480,-0.086691,-0.008037,0,58.14,NaN
66.4560,-0.086691,-0.003725,0,58.14,NaN
66.4640,-0.085714,-0.004450,0,58.14,NaN
66.4720,-0.085714,-0.003615,0,58.14,NaN
66.4800,-0.081319,-0.001516,0,58.14,NaN
66.4880,-0.077411,0.001224,0,58.14,NaN
66.4960,-0.071062,0.003791,0,58.14,NaN
66.5040,-0.070085,0.005525,0,58.14,NaN
66.5120,-0.070085,0.006192,0,58.14,NaN
66.5200,-0.069109,0.005898,0,58.14,NaN
66.5280,-0.069597,0.004852,0,58.14,NaN
66.5360,-0.070574,0.003255,0,58.14,NaN
66.5440,-0.071551,0.001291,0,58.14,NaN
66.5520,-0.073016,-0.000863,0,58.14,NaN
66.5600,-0.070085,0.002888,0,58.14,NaN
66.5680,-0.066667,0.005163,0,58.14,NaN
66.5760,-0.060806,0.007518,0,58.14,NaN
66.5840,-0.057387,0.009007,0,58.14,NaN
66.5920,-0.059829,0.009146,0,58.14,NaN
66.6000,-0.060317,0.008052,0,58.14,NaN
66.6080,-0.059829,0.006149,0,58.14,NaN
66.6160,-0.060806,0.003922,0,58.14,NaN
66.6240,-0.061783,0.001932,0,58.14,NaN
66.6320,-0.062759,0.000796,0,58.14,NaN
66.6400,-0.061783,0.000977,0,58.14,NaN
66.6480,-0.057387,0.002496,0,58.14,NaN
66.6560,-0.052991,0.004841,0,58.14,NaN
66.6640,-0.048596,-0.007886,0,58.14,NaN
66.6720,-0.047131,-0.008019,0,58.14,NaN
66.6800,-0.046154,-0.009821,0,58.14,NaN
66.6880,-0.047619,-0.012963,0,58.14,NaN
66.6960,-0.051038,-0.016408,0,58.14,NaN
66.7040,-0.053480,-0.018699,0,58.14,NaN
66.7120,-0.054457,-0.018592,0,58.14,NaN
66.7200,-0.047619,-0.015787,0,58.14,NaN
66.7280,-0.038339,-0.011240,0,58.14,NaN
66.7360,-0.029548,-0.006688,0,58.14,NaN
66.7440,-0.024176,-0.003678,0,58.14,NaN
66.7520,-0.023199,-0.002756,0,58.14,NaN
66.7600,-0.023687,-0.003275,0,58.14,NaN
66.7680,-0.025641,0.011312,0,58.14,NaN
66.7760,-0.026618,0.007822,0,58.14,NaN
66.7840,-0.030037,0.004434,0,58.14,NaN
66.7920,-0.031990,0.001986,0,58.14,NaN
66.8000,-0.031990,0.000932,0,58.14,NaN
66.8080,-0.028571,0.001121,0,58.14,NaN
66.8160,-0.024664,0.001908,0,58.14,NaN
66.8240,-0.023199,0.002605,0,58.14,NaN
66.8320,-0.023199,0.002889,0,58.14,NaN
66.8400,-0.022222,0.002843,0,58.14,NaN
66.8480,-0.021734,0.002701,0,58.14,NaN
66.8560,-0.018803,0.002607,0,58.14,NaN
66.8640,-0.017827,0.002566,0,58.14,NaN
66.8720,-0.017827,0.009901,0,58.14,NaN
66.8800,-0.013919,0.011976,0,58.14,NaN
66.8880,-0.008059,0.014224,0,58.14,NaN
66.8960,-0.006105,0.015963,0,58.14,NaN
66.9040,-0.004151,0.016690,0,58.14,NaN
66.9120,-0.005128,0.016305,0,58.14,NaN
66.9200,-0.005128,0.015031,0,58.14,NaN
66.9280,-0.005617,0.013233,0,58.14,NaN
66.9360,-0.006593,0.011298,0,58.14,NaN
66.9440,-0.007570,0.009583,0,58.14,NaN
66.9520,-0.007570,0.008346,0,58.14,NaN
66.9600,-0.007570,0.007647,0,58.14,NaN
66.9680,-0.006105,0.007305,0,58.14,NaN
66.9760,-0.007570,0.061310,0,58.14,NaN
66.9840,-0.009035,0.060275,0,58.14,NaN
66.9920,-0.015385,0.057911,0,58.14,NaN
67.0000,-0.020269,0.054553,0,58.14,NaN
67.0080,-0.023687,0.050675,0,58.14,NaN
67.0160,-0.030525,0.046780,0,58.14,NaN
67.0240,-0.037851,0.043362,0,58.14,NaN
67.0320,-0.040293,0.040670,0,58.14,NaN
67.0400,-0.043712,0.038492,0,58.14,NaN
67.0480,-0.047131,0.036304,0,58.14,NaN
67.0560,-0.052991,0.033636,0,58.14,NaN
67.0640,-0.057387,0.030311,0,58.14,NaN
67.0720,-0.065201,0.026536,0,58.14,NaN
67.0800,-0.072527,0.013766,0,58.14,NaN
67.0880,-0.078388,0.008943,0,58.14,NaN
67.0960,-0.085714,0.004785,0,58.14,NaN
67.1040,-0.091087,0.001787,0,58.14,NaN
67.1120,-0.095482,0.000225,0,58.14,NaN
67.1200,-0.095971,-0.000007,0,58.14,NaN
67.1280,-0.098901,0.000644,0,58.14,NaN
67.1360,-0.098901,0.001592,0,58.14,NaN
67.1440,-0.101343,0.002320,0,58.14,NaN
67.1520,-0.104274,0.002536,0,58.14,NaN
67.1600,-0.108181,0.002197,0,58.14,NaN
67.1680,-0.110623,0.001414,0,58.14,NaN
67.1760,-0.115507,0.000392,0,58.14,NaN
67.1840,-0.116972,-0.035487,0,58.14,NaN
67.1920,-0.116484,-0.033958,0,58.14,NaN
67.2000,-0.113553,-0.031766,0,58.14,NaN
67.2080,-0.111600,-0.029913,0,58.14,NaN
67.2160,-0.114042,-0.029185,0,58.14,NaN
67.2240,-0.116972,-0.029753,0,58.14,NaN
67.2320,-0.120391,-0.031168,0,58.14,NaN
67.2400,-0.124786,-0.032586,0,58.14,NaN
67.2480,-0.127717,-0.033034,0,58.14,NaN
67.2560,-0.128694,-0.031692,0,58.14,NaN
67.2640,-0.127717,-0.028149,0,58.14,NaN
67.2720,-0.125275,-0.022557,0,58.14,NaN
67.2800,-0.118926,-0.015708,0,58.14,NaN
67.2880,-0.115995,-0.014898,0,58.14,NaN
67.2960,-0.113553,-0.011222,0,58.14,NaN
67.3040,-0.115018,-0.009331,0,58.14,NaN
67.3120,-0.117460,-0.009190,0,58.14,NaN
67.3200,-0.117460,-0.010438,0,58.14,NaN
67.3280,-0.123321,-0.012467,0,58.14,NaN
67.3360,-0.127228,-0.014430,0,58.14,NaN
67.3440,-0.131136,-0.015472,0,58.14,NaN
67.3520,-0.131136,-0.015103,0,58.14,NaN
67.3600,-0.129182,-0.013382,0,58.14,NaN
67.3680,-0.127717,-0.010743,0,58.14,NaN
67.3760,-0.126252,-0.007658,0,58.14,NaN
67.3840,-0.124786,-0.004429,0,58.14,NaN
67.3920,-0.122344,-0.014231,0,58.14,NaN
67.4000,-0.122344,-0.012550,0,58.14,NaN
67.4080,-0.121368,-0.010893,0,58.14,NaN
67.4160,-0.119414,-0.009074,0,58.14,NaN
67.4240,-0.117460,-0.007110,0,58.14,NaN
67.4320,-0.115507,-0.005277,0,58.14,NaN
67.4400,-0.111600,-0.004021,0,58.14,NaN
67.4480,-0.110623,-0.003667,0,58.14,NaN
67.4560,-0.114530,-0.004082,0,58.14,NaN
67.4640,-0.115507,-0.004729,0,58.14,NaN
67.4720,-0.114530,-0.005129,0,58.14,NaN
67.4800,-0.112576,-0.005173,0,58.14,NaN
67.4880,-0.112576,-0.005020,0,58.14,NaN
67.4960,-0.114042,-0.001053,0,58.14,NaN
67.5040,-0.116484,-0.000521,0,58.14,NaN
67.5120,-0.114530,0.001238,0,58.14,NaN
67.5200,-0.108669,0.004024,0,58.14,NaN
67.5280,-0.103785,0.007013,0,58.14,NaN
67.5360,-0.101343,0.009280,0,58.14,NaN
67.5440,-0.101343,0.010304,0,58.14,NaN
67.5520,-0.101343,0.010060,0,58.14,NaN
67.5600,-0.101832,0.008821,0,58.14,NaN
67.5680,-0.103297,0.006952,0,58.14,NaN
67.5760,-0.104762,0.004809,0,58.14,NaN
67.5840,-0.107204,0.002655,0,58.14,NaN
67.5920,-0.107692,0.000576,0,58.14,NaN
67.6000,-0.105739,-0.004835,0,58.14,NaN
67.6080,-0.103785,-0.004365,0,58.14,NaN
67.6160,-0.102808,-0.003972,0,58.14,NaN
67.6240,-0.102320,-0.004098,0,58.14,NaN
67.6320,-0.102320,-0.004951,0,58.14,NaN
67.6400,-0.101832,-0.006463,0,58.14,NaN
67.6480,-0.103785,-0.008246,0,58.14,NaN
67.6560,-0.105739,-0.009644,0,58.14,NaN
67.6640,-0.104762,-0.010003,0,58.14,NaN
67.6720,-0.102808,-0.009020,0,58.14,NaN
67.6800,-0.097924,-0.006878,0,58.14,NaN
67.6880,-0.092552,-0.004069,0,58.14,NaN
67.6960,-0.090598,-0.001042,0,58.14,NaN
67.7040,-0.091575,0.006945,0,58.14,NaN
67.7120,-0.093529,0.004325,0,58.14,NaN
67.7200,-0.096947,0.000636,0,58.14,NaN
67.7280,-0.102808,-0.002900,0,58.14,NaN
67.7360,-0.104762,-0.005047,0,58.14,NaN
67.7440,-0.103785,-0.005092,0,58.14,NaN
67.7520,-0.101343,-0.003176,0,58.14,NaN
67.7600,-0.094505,-0.000217,0,58.14,NaN
67.7680,-0.090598,0.002521,0,58.14,NaN
67.7760,-0.089133,0.004039,0,58.14,NaN
67.7840,-0.090110,0.003975,0,58.14,NaN
67.7920,-0.090598,0.002565,0,58.14,NaN
67.8000,-0.092552,0.000402,0,58.14,NaN
67.8080,-0.094505,0.005709,0,58.14,NaN
67.8160,-0.098413,0.003546,0,58.14,NaN
67.8240,-0.099878,0.002382,0,58.14,NaN
67.8320,-0.098413,0.002370,0,58.14,NaN
67.8400,-0.095971,0.003092,0,58.14,NaN
67.8480,-0.094505,0.003843,0,58.14,NaN
67.8560,-0.094994,0.004062,0,58.14,NaN
67.8640,-0.094994,0.003584,0,58.14,NaN
67.8720,-0.097924,0.002639,0,58.14,NaN
67.8800,-0.098413,0.001654,0,58.14,NaN
67.8880,-0.098901,0.000991,0,58.14,NaN
67.8960,-0.098901,0.000774,0,58.14,NaN
67.9040,-0.097924,0.000869,0,58.14,NaN
67.9120,-0.093529,0.002824,0,58.14,NaN
67.9200,-0.091087,0.004219,0,58.14,NaN
67.9280,-0.090110,0.004439,0,58.14,NaN
67.9360,-0.093040,0.003237,0,58.14,NaN
67.9440,-0.094505,0.000955,0,58.14,NaN
67.9520,-0.099878,-0.001679,0,58.14,NaN
67.9600,-0.099878,-0.003894,0,58.14,NaN
67.9680,-0.101343,-0.005150,0,58.14,NaN
67.9760,-0.101343,-0.005212,0,58.14,NaN
67.9840,-0.100366,-0.004127,0,58.14,NaN
67.9920,-0.096947,-0.002206,0,58.14,NaN
68.0000,-0.094505,0.000126,0,58.14,NaN
68.0080,-0.093529,0.002564,0,58.14,NaN
68.0160,-0.095482,-0.001437,0,58.14,NaN
68.0240,-0.095971,-0.001768,0,58.14,NaN
68.0320,-0.094505,-0.002234,0,58.14,NaN
68.0400,-0.094994,-0.002517,0,58.14,NaN
68.0480,-0.094994,-0.002277,0,58.14,NaN
68.0560,-0.094994,-0.001184,0,58.14,NaN
68.0640,-0.094017,0.000831,0,58.14,NaN
68.0720,-0.088156,0.003313,0,58.14,NaN
68.0800,-0.085714,0.005357,0,58.14,NaN
68.0880,-0.084249,0.006060,0,58.14,NaN
68.0960,-0.085714,0.004986,0,58.14,NaN
68.1040,-0.090110,0.002338,0,58.14,NaN
68.1120,-0.093040,-0.001199,0,58.14,NaN
68.1200,-0.094994,0.004372,0,58.14,NaN
68.1280,-0.098901,0.002939,0,58.14,NaN
68.1360,-0.098901,0.003129,0,58.14,NaN
68.1440,-0.095971,0.004829,0,58.14,NaN
68.1520,-0.092063,0.007279,0,58.14,NaN
68.1600,-0.088645,0.009447,0,58.14,NaN
68.1680,-0.089133,0.010566,0,58.14,NaN
68.1760,-0.090110,0.010436,0,58.14,NaN
68.1840,-0.093040,0.009333,0,58.14,NaN
68.1920,-0.094505,0.007657,0,58.14,NaN
68.2000,-0.094505,0.005648,0,58.14,NaN
68.2080,-0.097924,0.003398,0,58.14,NaN
68.2160,-0.100366,0.001003,0,58.14,NaN
68.2240,-0.097924,-0.009909,0,58.14,NaN
68.2320,-0.093529,-0.007277,0,58.14,NaN
68.2400,-0.088645,-0.004201,0,58.14,NaN
68.2480,-0.085714,-0.001700,0,58.14,NaN
68.2560,-0.084737,-0.000439,0,58.14,NaN
68.2640,-0.085714,-0.000565,0,58.14,NaN
68.2720,-0.085714,-0.001826,0,58.14,NaN
68.2800,-0.086203,-0.003734,0,58.14,NaN
68.2880,-0.089133,-0.005593,0,58.14,NaN
68.2960,-0.091575,-0.006590,0,58.14,NaN
68.3040,-0.090598,-0.006143,0,58.14,NaN
68.3120,-0.086203,-0.004260,0,58.14,NaN
68.3200,-0.083272,-0.001522,0,58.14,NaN
68.3280,-0.082295,0.003244,0,58.14,NaN
68.3360,-0.084249,0.002428,0,58.14,NaN
68.3440,-0.085714,0.000324,0,58.14,NaN
68.3520,-0.089133,-0.002501,0,58.14,NaN
68.3600,-0.092063,-0.005212,0,58.14,NaN
68.3680,-0.094994,-0.006945,0,58.14,NaN
68.3760,-0.094505,-0.007120,0,58.14,NaN
68.3840,-0.094505,-0.005710,0,58.14,NaN
68.3920,-0.088156,-0.003329,0,58.14,NaN
68.4000,-0.085714,-0.000978,0,58.14,NaN
68.4080,-0.083761,0.000484,0,58.14,NaN
68.4160,-0.084249,0.000779,0,58.14,NaN
68.4240,-0.085714,0.000282,0,58.14,NaN
68.4320,-0.086691,-0.000003,0,58.14,NaN
68.4400,-0.090598,-0.001275,0,58.14,NaN
68.4480,-0.089133,-0.001616,0,58.14,NaN
68.4560,-0.088645,-0.000809,0,58.14,NaN
68.4640,-0.085714,0.000826,0,58.14,NaN
68.4720,-0.083761,0.002603,0,58.14,NaN
68.4800,-0.080342,0.003755,0,58.14,NaN
68.4880,-0.080342,0.003814,0,58.14,NaN
68.4960,-0.084249,0.002898,0,58.14,NaN
68.5040,-0.085714,0.001569,0,58.14,NaN
68.5120,-0.085714,0.000365,0,58.14,NaN
68.5200,-0.085714,-0.000505,0,58.14,NaN
68.5280,-0.085714,-0.001135,0,58.14,NaN
68.5360,-0.086691,-0.002824,0,58.14,NaN
68.5440,-0.085226,-0.000818,0,58.14,NaN
68.5520,-0.078877,0.001775,0,58.14,NaN
68.5600,-0.074969,0.004045,0,58.14,NaN
68.5680,-0.073504,0.005151,0,58.14,NaN
68.5760,-0.075946,0.004796,0,58.14,NaN
68.5840,-0.077900,0.003275,0,58.14,NaN
68.5920,-0.079853,0.001184,0,58.14,NaN
68.6000,-0.080342,-0.000823,0,58.14,NaN
68.6080,-0.084249,-0.002114,0,58.14,NaN
68.6160,-0.084249,-0.002202,0,58.14,NaN
68.6240,-0.082295,-0.001003,0,58.14,NaN
68.6320,-0.078877,0.001024,0,58.14,NaN
68.6400,-0.076435,-0.002771,0,58.14,NaN
68.6480,-0.075946,-0.002950,0,58.14,NaN
68.6560,-0.078877,-0.004112,0,58.14,NaN
68.6640,-0.082295,-0.005841,0,58.14,NaN
68.6720,-0.083272,-0.007549,0,58.14,NaN
68.6800,-0.082784,-0.008790,0,58.14,NaN
68.6880,-0.083272,-0.009324,0,58.14,NaN
68.6960,-0.083272,-0.009027,0,58.14,NaN
68.7040,-0.082295,-0.007916,0,58.14,NaN
68.7120,-0.077411,-0.006249,0,58.14,NaN
68.7200,-0.074481,-0.004475,0,58.14,NaN
68.7280,-0.071551,-0.002954,0,58.14,NaN
68.7360,-0.071551,-0.001716,0,58.14,NaN
68.7440,-0.073016,-0.030270,0,58.14,NaN
68.7520,-0.073993,-0.033171,0,58.14,NaN
68.7600,-0.075946,-0.035649,0,58.14,NaN
68.7680,-0.075946,-0.036678,0,58.14,NaN
68.7760,-0.074481,-0.035550,0,58.14,NaN
68.7840,-0.069109,-0.032243,0,58.14,NaN
68.7920,-0.059829,-0.027562,0,58.14,NaN
68.8000,-0.052015,-0.022808,0,58.14,NaN
68.8080,-0.047131,-0.019107,0,58.14,NaN
68.8160,-0.045177,-0.016909,0,58.14,NaN
68.8240,-0.043712,-0.016036,0,58.14,NaN
68.8320,-0.039805,-0.016053,0,58.14,NaN
68.8400,-0.038828,-0.016524,0,58.14,NaN
68.8480,-0.036386,-0.001086,0,58.14,NaN
68.8560,-0.031013,0.002304,0,58.14,NaN
68.8640,-0.025641,0.007051,0,58.14,NaN
68.8720,-0.017827,0.012674,0,58.14,NaN
68.8800,-0.010989,0.018352,0,58.14,NaN
68.8880,-0.005617,0.023111,0,58.14,NaN
68.8960,-0.000733,0.025961,0,58.14,NaN
68.9040,0.005617,0.026073,0,58.14,NaN
68.9120,0.003175,0.023256,0,58.14,NaN
68.9200,-0.005128,0.018374,0,58.14,NaN
68.9280,-0.010989,0.012955,0,58.14,NaN
68.9360,-0.010989,0.008131,0,58.14,NaN
68.9440,-0.010989,0.003990,0,58.14,NaN
68.9520,-0.008059,0.079078,0,58.14,NaN
68.9600,-0.009035,0.078796,0,58.14,NaN
68.9680,-0.014896,0.076691,0,58.14,NaN
68.9760,-0.021245,0.072610,0,58.14,NaN
68.9840,-0.027595,0.066853,0,58.14,NaN
68.9920,-0.034432,0.059875,0,58.14,NaN
69.0000,-0.041758,0.052316,0,58.14,NaN
69.0080,-0.054457,0.045159,0,58.14,NaN
69.0160,-0.062271,0.039530,0,58.14,NaN
69.0240,-0.065201,0.036133,0,58.14,NaN
69.0320,-0.067643,0.034889,0,58.14,NaN
69.0400,-0.066667,0.035141,0,58.14,NaN
69.0480,-0.069597,0.036104,0,58.14,NaN
69.0560,-0.070085,0.001636,0,58.14,NaN
69.0640,-0.071551,0.000055,0,58.14,NaN
69.0720,-0.075458,-0.002230,0,58.14,NaN
69.0800,-0.078877,-0.004767,0,58.14,NaN
69.0880,-0.082784,-0.006848,0,58.14,NaN
69.0960,-0.085226,-0.007827,0,58.14,NaN
69.1040,-0.085714,-0.007444,0,58.14,NaN
69.1120,-0.084249,-0.005984,0,58.14,NaN
69.1200,-0.082295,-0.004143,0,58.14,NaN
69.1280,-0.082295,-0.002651,0,58.14,NaN
69.1360,-0.084249,-0.001910,0,58.14,NaN
69.1440,-0.085714,-0.001902,0,58.14,NaN
69.1520,-0.088156,-0.002313,0,58.14,NaN
69.1600,-0.092552,-0.030961,0,58.14,NaN
69.1680,-0.094505,-0.031289,0,58.14,NaN
69.1760,-0.093529,-0.029957,0,58.14,NaN
69.1840,-0.090598,-0.027260,0,58.14,NaN
69.1920,-0.086203,-0.024052,0,58.14,NaN
69.2000,-0.085714,-0.021237,0,58.14,NaN
69.2080,-0.087179,-0.019328,0,58.14,NaN
69.2160,-0.086691,-0.018377,0,58.14,NaN
69.2240,-0.088156,-0.018112,0,58.14,NaN
69.2320,-0.091575,-0.018045,0,58.14,NaN
69.2400,-0.092063,-0.017647,0,58.14,NaN
69.2480,-0.093529,-0.016632,0,58.14,NaN
69.2560,-0.092063,-0.015142,0,58.14,NaN
69.2640,-0.086203,0.004484,0,58.14,NaN
69.2720,-0.082784,0.009337,0,58.14,NaN
69.2800,-0.080342,0.013162,0,58.14,NaN
69.2880,-0.080830,0.015363,0,58.14,NaN
69.2960,-0.082784,0.015960,0,58.14,NaN
69.3040,-0.085714,0.015435,0,58.14,NaN
69.3120,-0.087179,0.014440,0,58.14,NaN
69.3200,-0.090598,0.013554,0,58.14,NaN
69.3280,-0.093529,0.013071,0,58.14,NaN
69.3360,-0.092552,0.012756,0,58.14,NaN
69.3440,-0.091087,0.011849,0,58.14,NaN
69.3520,-0.091575,0.009649,0,58.14,NaN
69.3600,-0.101343,0.006325,0,58.14,NaN
69.3680,-0.117949,-0.516281,0,58.14,NaN
69.3760,-0.137485,-0.557353,0,58.14,NaN
69.3840,-0.157998,-0.598563,0,58.14,NaN
69.3920,-0.172161,-0.635059,0,58.14,NaN
69.4000,-0.178022,-0.661815,0,58.14,NaN
69.4080,-0.166300,-0.674513,0,58.14,NaN
69.4160,-0.139927,-0.670182,0,58.14,NaN
69.4240,-0.090110,-0.647361,0,58.14,NaN
69.4320,-0.026129,-0.605714,0,58.14,NaN
69.4400,0.049084,-0.545420,0,58.14,NaN
69.4480,0.139927,-0.467318,0,58.14,NaN
69.4560,0.249817,-0.374240,0,58.14,NaN
69.4640,0.384127,-0.272427,0,58.14,NaN
69.4720,0.523810,0.643959,0,58.14,NaN
69.4800,0.666911,0.758810,0,58.14,NaN
69.4880,0.833944,0.865534,0,58.14,NaN
69.4960,0.995604,0.949377,0,58.14,NaN
69.5040,1.000000,0.996781,1,58.14,NaN
69.5120,1.000000,1.000000,1,58.14,NaN
69.5200,0.930159,0.958885,1,58.14,NaN
69.5280,0.726984,0.881412,0,58.14,NaN
69.5360,0.522833,0.782124,0,58.14,NaN
69.5440,0.328938,0.676883,0,58.14,NaN
69.5520,0.146276,0.577257,0,58.14,NaN
69.5600,-0.022711,0.487781,0,58.14,NaN
69.5680,-0.148718,0.405853,0,58.14,NaN
69.5760,-0.223443,-0.222144,0,58.14,NaN
69.5840,-0.250305,-0.249786,0,58.14,NaN
69.5920,-0.222955,-0.237708,0,58.14,NaN
69.6000,-0.179487,-0.199347,0,58.14,NaN
69.6080,-0.124786,-0.150030,0,58.14,NaN
69.6160,-0.076923,-0.103400,0,58.14,NaN
69.6240,-0.044200,-0.068921,0,58.14,NaN
69.6320,-0.031013,-0.050833,0,58.14,NaN
69.6400,-0.033455,-0.048584,0,58.14,NaN
69.6480,-0.047619,-0.058457,0,58.14,NaN
69.6560,-0.064713,-0.075709,0,58.14,NaN
69.6640,-0.080342,-0.096385,0,58.14,NaN
69.6720,-0.094505,-0.118103,0,58.14,NaN
69.6800,-0.104274,-0.080019,0,58.14,NaN
69.6880,-0.113553,-0.089669,0,58.14,NaN
69.6960,-0.118437,-0.096216,0,58.14,NaN
69.7040,-0.121368,-0.099979,0,58.14,NaN
69.7120,-0.119414,-0.101383,0,58.14,NaN
69.7200,-0.119902,-0.100795,0,58.14,NaN
69.7280,-0.116972,-0.098404,0,58.14,NaN
69.7360,-0.115507,-0.094256,0,58.14,NaN
69.7440,-0.112576,-0.088381,0,58.14,NaN
69.7520,-0.109646,-0.080900,0,58.14,NaN
69.7600,-0.110134,-0.072029,0,58.14,NaN
69.7680,-0.112088,-0.062073,0,58.14,NaN
69.7760,-0.116972,-0.051463,0,58.14,NaN
69.7840,-0.116972,-0.191506,0,58.14,NaN
69.7920,-0.118926,-0.179017,0,58.14,NaN
69.8000,-0.121368,-0.162219,0,58.14,NaN
69.8080,-0.119414,-0.141766,0,58.14,NaN
69.8160,-0.115995,-0.119245,0,58.14,NaN
69.8240,-0.108669,-0.097072,0,58.14,NaN
69.8320,-0.103785,-0.077935,0,58.14,NaN
69.8400,-0.101832,-0.063993,0,58.14,NaN
69.8480,-0.102320,-0.056363,0,58.14,NaN
69.8560,-0.103785,-0.055092,0,58.14,NaN
69.8640,-0.108181,-0.059379,0,58.14,NaN
69.8720,-0.110623,-0.067800,0,58.14,NaN
69.8800,-0.115995,-0.078480,0,58.14,NaN
69.8880,-0.115507,-0.024539,0,58.14,NaN
69.8960,-0.111600,-0.025993,0,58.14,NaN
69.9040,-0.106716,-0.025752,0,58.14,NaN
69.9120,-0.102320,-0.024815,0,58.14,NaN
69.9200,-0.101832,-0.024163,0,58.14,NaN
69.9280,-0.102808,-0.024287,0,58.14,NaN
69.9360,-0.104274,-0.025094,0,58.14,NaN
69.9440,-0.105739,-0.026038,0,58.14,NaN
69.9520,-0.107692,-0.026303,0,58.14,NaN
69.9600,-0.107692,-0.025067,0,58.14,NaN
69.9680,-0.102320,-0.021862,0,58.14,NaN
69.9760,-0.097924,-0.016812,0,58.14,NaN
69.9840,-0.088645,-0.010651,0,58.14,NaN
69.9920,-0.083761,0.005636,0,58.14,NaN
70.0000,-0.082784,0.006947,0,58.14,NaN
70.0080,-0.084737,0.006078,0,58.14,NaN
70.0160,-0.085714,0.003727,0,58.14,NaN
70.0240,-0.087668,0.000890,0,58.14,NaN
70.0320,-0.090110,-0.001412,0,58.14,NaN
70.0400,-0.091087,-0.002376,0,58.14,NaN
70.0480,-0.088645,-0.001706,0,58.14,NaN
70.0560,-0.085226,0.000208,0,58.14,NaN
70.0640,-0.079365,0.002445,0,58.14,NaN
70.0720,-0.075946,0.004018,0,58.14,NaN
70.0800,-0.075458,0.004441,0,58.14,NaN
70.0880,-0.076435,0.004002,0,58.14,NaN
70.0960,-0.078877,0.004645,0,58.14,NaN
70.1040,-0.080342,0.001671,0,58.14,NaN
70.1120,-0.084737,-0.000498,0,58.14,NaN
70.1200,-0.082784,-0.001044,0,58.14,NaN
70.1280,-0.080342,0.000203,0,58.14,NaN
70.1360,-0.075458,0.002703,0,58.14,NaN
70.1440,-0.070574,0.005485,0,58.14,NaN
70.1520,-0.067643,0.007589,0,58.14,NaN
70.1600,-0.066667,0.008427,0,58.14,NaN
70.1680,-0.067155,0.007870,0,58.14,NaN
70.1760,-0.067155,0.006087,0,58.14,NaN
70.1840,-0.067643,0.003377,0,58.14,NaN
70.1920,-0.070085,0.000144,0,58.14,NaN
70.2000,-0.069597,-0.004532,0,58.14,NaN
70.2080,-0.068132,-0.004255,0,58.14,NaN
70.2160,-0.063248,-0.002943,0,58.14,NaN
70.2240,-0.062271,-0.001196,0,58.14,NaN
70.2320,-0.055433,0.000232,0,58.14,NaN
70.2400,-0.054945,0.000740,0,58.14,NaN
70.2480,-0.054945,0.000178,0,58.14,NaN
70.2560,-0.054945,-0.001124,0,58.14,NaN
70.2640,-0.054457,-0.002578,0,58.14,NaN
70.2720,-0.054457,-0.003551,0,58.14,NaN
70.2800,-0.054457,-0.003534,0,58.14,NaN
70.2880,-0.051038,-0.002380,0,58.14,NaN
70.2960,-0.046642,-0.000467,0,58.14,NaN
70.3040,-0.040781,0.002795,0,58.14,NaN
70.3120,-0.038828,0.004201,0,58.14,NaN
70.3200,-0.038339,0.004289,0,58.14,NaN
70.3280,-0.038339,0.003126,0,58.14,NaN
70.3360,-0.038828,0.001141,0,58.14,NaN
70.3440,-0.039316,-0.001026,0,58.14,NaN
70.3520,-0.041270,-0.002645,0,58.14,NaN
70.3600,-0.040293,-0.003114,0,58.14,NaN
70.3680,-0.038828,-0.002264,0,58.14,NaN
70.3760,-0.032479,-0.000532,0,58.14,NaN
70.3840,-0.027595,0.001257,0,58.14,NaN
70.3920,-0.025641,0.002469,0,58.14,NaN
70.4000,-0.025641,0.003109,0,58.14,NaN
70.4080,-0.025641,0.003199,0,58.14,NaN
70.4160,-0.025641,0.000537,0,58.14,NaN
70.4240,-0.027595,-0.002697,0,58.14,NaN
70.4320,-0.030525,-0.005679,0,58.14,NaN
70.4400,-0.031502,-0.007502,0,58.14,NaN
70.4480,-0.031502,-0.007555,0,58.14,NaN
70.4560,-0.024664,-0.005852,0,58.14,NaN
70.4640,-0.022222,-0.003020,0,58.14,NaN
70.4720,-0.016361,-0.000013,0,58.14,NaN
70.4800,-0.011966,0.002170,0,58.14,NaN
70.4880,-0.008547,0.002778,0,58.14,NaN
70.4960,-0.008547,0.001641,0,58.14,NaN
70.5040,-0.010989,-0.000648,0,58.14,NaN
70.5120,-0.010989,0.046799,0,58.14,NaN
70.5200,-0.014408,0.047513,0,58.14,NaN
70.5280,-0.009524,0.048929,0,58.14,NaN
70.5360,-0.007570,0.050450,0,58.14,NaN
70.5440,-0.007082,0.051125,0,58.14,NaN
70.5520,-0.007570,0.050232,0,58.14,NaN
70.5600,-0.013919,0.047616,0,58.14,NaN
70.5680,-0.017827,0.043658,0,58.14,NaN
70.5760,-0.023199,0.038990,0,58.14,NaN
70.5840,-0.029548,0.034241,0,58.14,NaN
70.5920,-0.033944,0.029872,0,58.14,NaN
70.6000,-0.038828,0.026054,0,58.14,NaN
70.6080,-0.042247,0.022636,0,58.14,NaN
70.6160,-0.045177,0.030075,0,58.14,NaN
70.6240,-0.045665,0.027741,0,58.14,NaN
70.6320,-0.051038,0.024162,0,58.14,NaN
70.6400,-0.058852,0.019226,0,58.14,NaN
70.6480,-0.067643,0.013563,0,58.14,NaN
70.6560,-0.074969,0.008222,0,58.14,NaN
70.6640,-0.080830,0.004222,0,58.14,NaN
70.6720,-0.085226,0.002215,0,58.14,NaN
70.6800,-0.086691,0.002291,0,58.14,NaN
70.6880,-0.085714,0.003955,0,58.14,NaN
70.6960,-0.084249,0.006344,0,58.14,NaN
70.7040,-0.083272,0.008695,0,58.14,NaN
70.7120,-0.086691,0.010782,0,58.14,NaN
70.7200,-0.094505,-0.015767,0,58.14,NaN
70.7280,-0.101832,-0.021302,0,58.14,NaN
70.7360,-0.110623,-0.026522,0,58.14,NaN
70.7440,-0.115995,-0.029950,0,58.14,NaN
70.7520,-0.116972,-0.030720,0,58.14,NaN
70.7600,-0.116972,-0.028847,0,58.14,NaN
70.7680,-0.112576,-0.025143,0,58.14,NaN
70.7760,-0.110134,-0.020857,0,58.14,NaN
70.7840,-0.107692,-0.017191,0,58.14,NaN
70.7920,-0.107692,-0.014880,0,58.14,NaN
70.8000,-0.111600,-0.013977,0,58.14,NaN
70.8080,-0.115507,-0.014012,0,58.14,NaN
70.8160,-0.116484,-0.014424,0,58.14,NaN
70.8240,-0.120391,-0.028448,0,58.14,NaN
70.8320,-0.123321,-0.028659,0,58.14,NaN
70.8400,-0.125275,-0.027329,0,58.14,NaN
70.8480,-0.122833,-0.024569,0,58.14,NaN
70.8560,-0.118437,-0.021173,0,58.14,NaN
70.8640,-0.116972,-0.018234,0,58.14,NaN
70.8720,-0.116972,-0.016530,0,58.14,NaN
70.8800,-0.120391,-0.016150,0,58.14,NaN
70.8880,-0.123321,-0.016567,0,58.14,NaN
70.8960,-0.125275,-0.017010,0,58.14,NaN
70.9040,-0.127228,-0.016817,0,58.14,NaN
70.9120,-0.129182,-0.015686,0,58.14,NaN
70.9200,-0.126252,-0.013851,0,58.14,NaN
70.9280,-0.122344,-0.026922,0,58.14,NaN
70.9360,-0.116972,-0.023667,0,58.14,NaN
70.9440,-0.116484,-0.021443,0,58.14,NaN
70.9520,-0.116484,-0.020797,0,58.14,NaN
70.9600,-0.116972,-0.021701,0,58.14,NaN
70.9680,-0.119902,-0.023672,0,58.14,NaN
70.9760,-0.121368,-0.025897,0,58.14,NaN
70.9840,-0.124298,-0.027416,0,58.14,NaN
70.9920,-0.124298,-0.027355,0,58.14,NaN
71.0000,-0.122344,-0.025217,0,58.14,NaN
71.0080,-0.116972,-0.021078,0,58.14,NaN
71.0160,-0.109646,-0.015507,0,58.14,NaN
71.0240,-0.104762,-0.009260,0,58.14,NaN
71.0320,-0.102808,0.004414,0,58.14,NaN
71.0400,-0.104274,0.004253,0,58.14,NaN
71.0480,-0.106716,0.002321,0,58.14,NaN
71.0560,-0.109646,-0.000439,0,58.14,NaN
71.0640,-0.111111,-0.003021,0,58.14,NaN
71.0720,-0.114042,-0.004614,0,58.14,NaN
71.0800,-0.113553,-0.004801,0,58.14,NaN
71.0880,-0.110623,-0.003705,0,58.14,NaN
71.0960,-0.108181,-0.001903,0,58.14,NaN
71.1040,-0.105739,-0.000121,0,58.14,NaN
71.1120,-0.103785,0.001087,0,58.14,NaN
71.1200,-0.103297,0.001534,0,58.14,NaN
71.1280,-0.103785,0.001451,0,58.14,NaN
71.1360,-0.104274,0.005939,0,58.14,NaN
71.1440,-0.104762,0.005761,0,58.14,NaN
71.1520,-0.103785,0.006101,0,58.14,NaN
71.1600,-0.101832,0.006968,0,58.14,NaN
71.1680,-0.100366,0.008081,0,58.14,NaN
71.1760,-0.098413,0.009021,0,58.14,NaN
71.1840,-0.096459,0.009435,0,58.14,NaN
71.1920,-0.098901,0.009227,0,58.14,NaN
71.2000,-0.098901,0.008540,0,58.14,NaN
71.2080,-0.098413,0.007534,0,58.14,NaN
71.2160,-0.098413,0.006255,0,58.14,NaN
71.2240,-0.099878,0.004728,0,58.14,NaN
71.2320,-0.100855,0.003050,0,58.14,NaN
71.2400,-0.101343,0.002247,0,58.14,NaN
71.2480,-0.098901,0.003040,0,58.14,NaN
71.2560,-0.095971,0.003906,0,58.14,NaN
71.2640,-0.094017,0.004086,0,58.14,NaN
71.2720,-0.094994,0.003099,0,58.14,NaN
71.2800,-0.098413,0.001028,0,58.14,NaN
71.2880,-0.100366,-0.001583,0,58.14,NaN
71.2960,-0.101343,-0.004049,0,58.14,NaN
71.3040,-0.101832,-0.005724,0,58.14,NaN
71.3120,-0.104274,-0.006029,0,58.14,NaN
71.3200,-0.101832,-0.004603,0,58.14,NaN
71.3280,-0.097924,-0.001559,0,58.14,NaN
71.3360,-0.093040,0.002453,0,58.14,NaN
71.3440,-0.093040,0.001425,0,58.14,NaN
71.3520,-0.095971,-0.000189,0,58.14,NaN
71.3600,-0.099878,-0.003243,0,58.14,NaN
71.3680,-0.101343,-0.006948,0,58.14,NaN
71.3760,-0.106227,-0.010387,0,58.14,NaN
71.3840,-0.107692,-0.012696,0,58.14,NaN
71.3920,-0.108181,-0.013282,0,58.14,NaN
71.4000,-0.107204,-0.012031,0,58.14,NaN
71.4080,-0.101832,-0.009410,0,58.14,NaN
71.4160,-0.098413,-0.006327,0,58.14,NaN
71.4240,-0.092552,-0.003748,0,58.14,NaN
71.4320,-0.092552,-0.002187,0,58.14,NaN
71.4400,-0.093040,-0.001416,0,58.14,NaN
71.4480,-0.096459,0.010928,0,58.14,NaN
71.4560,-0.100366,0.008107,0,58.14,NaN
71.4640,-0.101832,0.005396,0,58.14,NaN
71.4720,-0.106716,0.003609,0,58.14,NaN
71.4800,-0.107692,0.003184,0,58.14,NaN
71.4880,-0.103785,0.003918,0,58.14,NaN
71.4960,-0.101832,0.005070,0,58.14,NaN
71.5040,-0.101832,0.005887,0,58.14,NaN
71.5120,-0.104274,0.006033,0,58.14,NaN
71.5200,-0.104274,0.005552,0,58.14,NaN
71.5280,-0.105739,0.004619,0,58.14,NaN
71.5360,-0.107204,0.003408,0,58.14,NaN
71.5440,-0.108669,0.002072,0,58.14,NaN
71.5520,-0.108669,-0.008131,0,58.14,NaN
71.5600,-0.109646,-0.007181,0,58.14,NaN
71.5680,-0.106227,-0.005411,0,58.14,NaN
71.5760,-0.101832,-0.003504,0,58.14,NaN
71.5840,-0.101343,-0.002272,0,58.14,NaN
71.5920,-0.101343,-0.002211,0,58.14,NaN
71.6000,-0.102320,-0.003312,0,58.14,NaN
71.6080,-0.104762,-0.005113,0,58.14,NaN
71.6160,-0.107204,-0.006854,0,58.14,NaN
71.6240,-0.108181,-0.007744,0,58.14,NaN
71.6320,-0.108669,-0.007253,0,58.14,NaN
71.6400,-0.105739,-0.005357,0,58.14,NaN
71.6480,-0.102320,-0.002580,0,58.14,NaN
71.6560,-0.099878,-0.002207,0,58.14,NaN
71.6640,-0.095971,-0.001171,0,58.14,NaN
71.6720,-0.097924,-0.001842,0,58.14,NaN
71.6800,-0.101343,-0.004023,0,58.14,NaN
71.6880,-0.104274,-0.006917,0,58.14,NaN
71.6960,-0.106227,-0.009502,0,58.14,NaN
71.7040,-0.109158,-0.010864,0,58.14,NaN
71.7120,-0.109158,-0.010503,0,58.14,NaN
71.7200,-0.103785,-0.008586,0,58.14,NaN
71.7280,-0.101343,-0.005885,0,58.14,NaN
71.7360,-0.096947,-0.003335,0,58.14,NaN
71.7440,-0.094994,-0.001522,0,58.14,NaN
71.7520,-0.096459,-0.000365,0,58.14,NaN
71.7600,-0.097924,0.000785,0,58.14,NaN
71.7680,-0.099878,-0.001118,0,58.14,NaN
71.7760,-0.101343,-0.003023,0,58.14,NaN
71.7840,-0.102320,-0.004256,0,58.14,NaN
71.7920,-0.103785,-0.004297,0,58.14,NaN
71.8000,-0.101832,-0.002962,0,58.14,NaN
71.8080,-0.098901,-0.000585,0,58.14,NaN
71.8160,-0.094017,0.002004,0,58.14,NaN
71.8240,-0.090598,0.003825,0,58.14,NaN
71.8320,-0.091575,0.004237,0,58.14,NaN
71.8400,-0.093529,0.003192,0,58.14,NaN
71.8480,-0.094994,0.001081,0,58.14,NaN
71.8560,-0.096947,-0.001563,0,58.14,NaN
71.8640,-0.098413,0.001189,0,58.14,NaN
71.8720,-0.100366,-0.000180,0,58.14,NaN
71.8800,-0.101343,-0.000607,0,58.14,NaN
71.8880,-0.099878,-0.000101,0,58.14,NaN
71.8960,-0.097924,0.000978,0,58.14,NaN
71.9040,-0.095971,0.002086,0,58.14,NaN
71.9120,-0.096459,0.002759,0,58.14,NaN
71.9200,-0.094994,0.002766,0,58.14,NaN
71.9280,-0.095971,0.002141,0,58.14,NaN
71.9360,-0.097924,0.001171,0,58.14,NaN
71.9440,-0.098413,0.000274,0,58.14,NaN
71.9520,-0.100366,-0.000249,0,58.14,NaN
71.9600,-0.098413,-0.000425,0,58.14,NaN
71.9680,-0.094505,-0.006136,0,58.14,NaN
71.9760,-0.091575,-0.004490,0,58.14,NaN
71.9840,-0.091087,-0.003319,0,58.14,NaN
71.9920,-0.090110,-0.002846,0,58.14,NaN
72.0000,-0.090598,-0.002942,0,58.14,NaN
72.0080,-0.090110,-0.003276,0,58.14,NaN
72.0160,-0.090110,-0.003479,0,58.14,NaN
72.0240,-0.090110,-0.003278,0,58.14,NaN
72.0320,-0.088156,-0.002625,0,58.14,NaN
72.0400,-0.086691,-0.001752,0,58.14,NaN
72.0480,-0.084249,-0.001063,0,58.14,NaN
72.0560,-0.082784,-0.000875,0,58.14,NaN
72.0640,-0.084737,-0.001130,0,58.14,NaN
72.0720,-0.086691,0.000139,0,58.14,NaN
72.0800,-0.090110,-0.003123,0,58.14,NaN
72.0880,-0.092063,-0.006746,0,58.14,NaN
72.0960,-0.094017,-0.010045,0,58.14,NaN
72.1040,-0.099878,-0.012179,0,58.14,NaN
72.1120,-0.100366,-0.012422,0,58.14,NaN
72.1200,-0.095971,-0.010686,0,58.14,NaN
72.1280,-0.091087,-0.007728,0,58.14,NaN
72.1360,-0.086203,-0.004727,0,58.14,NaN
72.1440,-0.085226,-0.002640,0,58.14,NaN
72.1520,-0.085226,-0.001834,0,58.14,NaN
72.1600,-0.084737,-0.002141,0,58.14,NaN
72.1680,-0.085714,-0.003075,0,58.14,NaN
72.1760,-0.086691,0.000072,0,58.14,NaN
72.1840,-0.091087,-0.001472,0,58.14,NaN
72.1920,-0.093040,-0.002087,0,58.14,NaN
72.2000,-0.088645,-0.001613,0,58.14,NaN
72.2080,-0.085714,-0.000533,0,58.14,NaN
72.2160,-0.084737,0.000446,0,58.14,NaN
72.2240,-0.084737,0.000884,0,58.14,NaN
72.2320,-0.085714,0.000740,0,58.14,NaN
72.2400,-0.085714,0.000210,0,58.14,NaN
72.2480,-0.085714,-0.000458,0,58.14,NaN
72.2560,-0.085714,-0.001032,0,58.14,NaN
72.2640,-0.088645,-0.001323,0,58.14,NaN
72.2720,-0.085714,-0.001334,0,58.14,NaN
72.2800,-0.081319,0.005456,0,58.14,NaN
72.2880,-0.076435,0.008351,0,58.14,NaN
72.2960,-0.072527,0.010167,0,58.14,NaN
72.3040,-0.074481,0.010220,0,58.14,NaN
72.3120,-0.076923,0.008553,0,58.14,NaN
72.3200,-0.080830,0.005811,0,58.14,NaN
72.3280,-0.084249,0.002876,0,58.14,NaN
72.3360,-0.085714,0.000543,0,58.14,NaN
72.3440,-0.088156,-0.000643,0,58.14,NaN
72.3520,-0.088156,-0.000459,0,58.14,NaN
72.3600,-0.085714,0.000928,0,58.14,NaN
72.3680,-0.081319,0.003046,0,58.14,NaN
72.3760,-0.081319,0.005431,0,58.14,NaN
72.3840,-0.082295,-0.003395,0,58.14,NaN
72.3920,-0.082784,-0.004425,0,58.14,NaN
72.4000,-0.084249,-0.005897,0,58.14,NaN
72.4080,-0.085226,-0.007254,0,58.14,NaN
72.4160,-0.085714,-0.007935,0,58.14,NaN
72.4240,-0.085714,-0.007544,0,58.14,NaN
72.4320,-0.084737,-0.006055,0,58.14,NaN
72.4400,-0.079365,-0.003984,0,58.14,NaN
72.4480,-0.073993,-0.002204,0,58.14,NaN
72.4560,-0.076435,-0.001357,0,58.14,NaN
72.4640,-0.077411,-0.001447,0,58.14,NaN
72.4720,-0.078388,-0.002068,0,58.14,NaN
72.4800,-0.077411,-0.002860,0,58.14,NaN
72.4880,-0.079853,-0.043033,0,58.14,NaN
72.4960,-0.077900,-0.042752,0,58.14,NaN
72.5040,-0.074969,-0.039996,0,58.14,NaN
72.5120,-0.066667,-0.035040,0,58.14,NaN
72.5200,-0.054945,-0.029079,0,58.14,NaN
72.5280,-0.046154,-0.023739,0,58.14,NaN
72.5360,-0.041270,-0.020240,0,58.14,NaN
72.5440,-0.039805,-0.018845,0,58.14,NaN
72.5520,-0.038828,-0.018929,0,58.14,NaN
72.5600,-0.038828,-0.019488,0,58.14,NaN
72.5680,-0.035409,-0.019718,0,58.14,NaN
72.5760,-0.031502,-0.019339,0,58.14,NaN
72.5840,-0.028083,-0.018558,0,58.14,NaN
72.5920,-0.022711,0.028424,0,58.14,NaN
72.6000,-0.011966,0.034454,0,58.14,NaN
72.6080,-0.005617,0.038904,0,58.14,NaN
72.6160,-0.002198,0.040381,0,58.14,NaN
72.6240,-0.005128,0.038511,0,58.14,NaN
72.6320,-0.010501,0.034191,0,58.14,NaN
72.6400,-0.018803,0.029177,0,58.14,NaN
72.6480,-0.022222,0.025177,0,58.14,NaN
72.6560,-0.020269,0.022977,0,58.14,NaN
72.6640,-0.018315,0.022214,0,58.14,NaN
72.6720,-0.015385,0.021891,0,58.14,NaN
72.6800,-0.014896,0.021164,0,58.14,NaN
72.6880,-0.018315,0.019901,0,58.14,NaN
72.6960,-0.024664,0.052245,0,58.14,NaN
72.7040,-0.036386,0.043427,0,58.14,NaN
72.7120,-0.047619,0.033023,0,58.14,NaN
72.7200,-0.057387,0.022660,0,58.14,NaN
72.7280,-0.069597,0.013981,0,58.14,NaN
72.7360,-0.076435,0.008296,0,58.14,NaN
72.7440,-0.078388,0.006136,0,58.14,NaN
72.7520,-0.077411,0.007019,0,58.14,NaN
72.7600,-0.073504,0.009666,0,58.14,NaN
72.7680,-0.071062,0.012551,0,58.14,NaN
72.7760,-0.070085,0.014502,0,58.14,NaN
72.7840,-0.070574,0.015101,0,58.14,NaN
72.7920,-0.073993,0.014769,0,58.14,NaN
72.8000,-0.078388,-0.009417,0,58.14,NaN
72.8080,-0.085226,-0.013879,0,58.14,NaN
72.8160,-0.088156,-0.017524,0,58.14,NaN
72.8240,-0.093040,-0.019391,0,58.14,NaN
72.8320,-0.093040,-0.019101,0,58.14,NaN
72.8400,-0.089133,-0.017055,0,58.14,NaN
72.8480,-0.086203,-0.014223,0,58.14,NaN
72.8560,-0.085714,-0.011596,0,58.14,NaN
72.8640,-0.085714,-0.009776,0,58.14,NaN
72.8720,-0.085714,-0.008925,0,58.14,NaN
72.8800,-0.088156,-0.008876,0,58.14,NaN
72.8880,-0.091087,-0.009287,0,58.14,NaN
72.8960,-0.092063,-0.009850,0,58.14,NaN
72.9040,-0.092552,-0.037420,0,58.14,NaN
72.9120,-0.087179,-0.035309,0,58.14,NaN
72.9200,-0.085226,-0.033121,0,58.14,NaN
72.9280,-0.084737,-0.031813,0,58.14,NaN
72.9360,-0.085226,-0.031928,0,58.14,NaN
72.9440,-0.087179,-0.033416,0,58.14,NaN
72.9520,-0.091087,-0.035634,0,58.14,NaN
72.9600,-0.093529,-0.037505,0,58.14,NaN
72.9680,-0.096459,-0.037829,0,58.14,NaN
72.9760,-0.094994,-0.035686,0,58.14,NaN
72.9840,-0.090598,-0.030795,0,58.14,NaN
72.9920,-0.082784,-0.023627,0,58.14,NaN
73.0000,-0.075458,-0.015210,0,58.14,NaN
73.0080,-0.070085,0.086615,0,58.14,NaN
73.0160,-0.071551,0.090840,0,58.14,NaN
73.0240,-0.078388,0.092340,0,58.14,NaN
73.0320,-0.085226,0.092431,0,58.14,NaN
73.0400,-0.087179,0.092354,0,58.14,NaN
73.0480,-0.091087,0.092521,0,58.14,NaN
73.0560,-0.093040,0.092376,0,58.14,NaN
73.0640,-0.096459,0.090733,0,58.14,NaN
73.0720,-0.103785,0.086370,0,58.14,NaN
73.0800,-0.116484,0.078675,0,58.14,NaN
73.0880,-0.132601,0.067968,0,58.14,NaN
73.0960,-0.153602,0.055285,0,58.14,NaN
73.1040,-0.167277,0.041776,0,58.14,NaN
73.1120,-0.172161,-0.953335,0,58.14,NaN
73.1200,-0.163858,-0.983987,0,58.14,NaN
73.1280,-0.135043,-1.000000,0,58.14,NaN
73.1360,-0.086203,-0.999015,0,58.14,NaN
73.1440,-0.017827,-0.979905,0,58.14,NaN
73.1520,0.070574,-0.942827,0,58.14,NaN
73.1600,0.181441,-0.889464,0,58.14,NaN
73.1680,0.312332,-0.823178,0,58.14,NaN
73.1760,0.450061,-0.748627,0,58.14,NaN
73.1840,0.591697,-0.670919,0,58.14,NaN
73.1920,0.736264,-0.594761,0,58.14,NaN
73.2000,0.896459,-0.523296,0,58.14,NaN
73.2080,1.000000,-0.456287,0,58.14,NaN
73.2160,1.000000,1.000000,1,58.14,NaN
73.2240,1.000000,0.984223,1,58.14,NaN
73.2320,0.846642,0.922109,0,58.14,NaN
73.2400,0.638095,0.825398,0,58.14,NaN
73.2480,0.443223,0.711440,0,58.14,NaN
73.2560,0.261050,0.597163,0,58.14,NaN
73.2640,0.091087,0.495731,0,58.14,NaN
73.2720,-0.053968,0.416467,0,58.14,NaN
73.2800,-0.161416,0.365477,0,58.14,NaN
73.2880,-0.224420,0.345578,0,58.14,NaN
73.2960,-0.250305,0.355635,0,58.14,NaN
73.3040,-0.223932,0.389830,0,58.14,NaN
73.3120,-0.178510,0.437770,0,58.14,NaN
73.3200,-0.122344,-0.061786,0,58.14,NaN
73.3280,-0.072527,-0.012547,0,58.14,NaN
73.3360,-0.043223,0.024355,0,58.14,NaN
73.3440,-0.030525,0.044768,0,58.14,NaN
73.3520,-0.033455,0.049375,0,58.14,NaN
73.3600,-0.051526,0.042347,0,58.14,NaN
73.3680,-0.070574,0.029465,0,58.14,NaN
73.3760,-0.088156,0.016183,0,58.14,NaN
73.3840,-0.101343,0.006216,0,58.14,NaN
73.3920,-0.103785,0.000980,0,58.14,NaN
73.4000,-0.103785,-0.000080,0,58.14,NaN
73.4080,-0.102320,0.001520,0,58.14,NaN
73.4160,-0.103297,0.004303,0,58.14,NaN
73.4240,-0.106716,-0.192599,0,58.14,NaN
73.4320,-0.110134,-0.200432,0,58.14,NaN
73.4400,-0.115507,-0.207664,0,58.14,NaN
73.4480,-0.116972,-0.212793,0,58.14,NaN
73.4560,-0.119414,-0.214533,0,58.14,NaN
73.4640,-0.116484,-0.212207,0,58.14,NaN
73.4720,-0.111600,-0.205838,0,58.14,NaN
73.4800,-0.110134,-0.195849,0,58.14,NaN
73.4880,-0.108181,-0.182613,0,58.14,NaN
73.4960,-0.110134,-0.166288,0,58.14,NaN
73.5040,-0.111600,-0.147020,0,58.14,NaN
73.5120,-0.114042,-0.125301,0,58.14,NaN
73.5200,-0.115018,-0.102166,0,58.14,NaN
73.5280,-0.116972,-0.061778,0,58.14,NaN
73.5360,-0.118437,-0.042744,0,58.14,NaN
73.5440,-0.116484,-0.024472,0,58.14,NaN
73.5520,-0.107692,-0.008248,0,58.14,NaN
73.5600,-0.100855,0.004327,0,58.14,NaN
73.5680,-0.096947,0.011969,0,58.14,NaN
73.5760,-0.097924,0.014352,0,58.14,NaN
73.5840,-0.098413,0.012224,0,58.14,NaN
73.5920,-0.100855,0.007087,0,58.14,NaN
73.6000,-0.104274,0.000779,0,58.14,NaN
73.6080,-0.109646,-0.004989,0,58.14,NaN
73.6160,-0.110623,-0.009261,0,58.14,NaN
73.6240,-0.108181,-0.012318,0,58.14,NaN
73.6320,-0.104274,-0.018804,0,58.14,NaN
73.6400,-0.099878,-0.016358,0,58.14,NaN
73.6480,-0.099878,-0.014257,0,58.14,NaN
73.6560,-0.101343,-0.013087,0,58.14,NaN
73.6640,-0.101343,-0.012888,0,58.14,NaN
73.6720,-0.101343,-0.013431,0,58.14,NaN
73.6800,-0.101343,-0.014364,0,58.14,NaN
73.6880,-0.102808,-0.015191,0,58.14,NaN
73.6960,-0.102320,-0.015332,0,58.14,NaN
73.7040,-0.101343,-0.014344,0,58.14,NaN
73.7120,-0.096459,-0.012122,0,58.14,NaN
73.7200,-0.093040,-0.008921,0,58.14,NaN
73.7280,-0.088156,-0.005207,0,58.14,NaN
73.7360,-0.086691,0.005849,0,58.14,NaN
73.7440,-0.086203,0.006143,0,58.14,NaN
73.7520,-0.087179,0.005582,0,58.14,NaN
73.7600,-0.087179,0.004816,0,58.14,NaN
73.7680,-0.088156,0.004482,0,58.14,NaN
73.7760,-0.085714,0.004924,0,58.14,NaN
73.7840,-0.084249,0.006034,0,58.14,NaN
73.7920,-0.080342,0.007312,0,58.14,NaN
73.8000,-0.077900,0.008121,0,58.14,NaN
73.8080,-0.078388,0.008044,0,58.14,NaN
73.8160,-0.079365,0.007050,0,58.14,NaN
73.8240,-0.079365,0.005383,0,58.14,NaN
73.8320,-0.080342,0.003368,0,58.14,NaN
73.8400,-0.078388,0.006633,0,58.14,NaN
73.8480,-0.077900,0.007574,0,58.14,NaN
73.8560,-0.075458,0.009426,0,58.14,NaN
73.8640,-0.071551,0.011765,0,58.14,NaN
73.8720,-0.067643,0.013846,0,58.14,NaN
73.8800,-0.064713,0.014913,0,58.14,NaN
73.8880,-0.065690,0.014603,0,58.14,NaN
73.8960,-0.068132,0.013144,0,58.14,NaN
73.9040,-0.070085,0.011140,0,58.14,NaN
73.9120,-0.070085,0.009162,0,58.14,NaN
73.9200,-0.070574,0.007504,0,58.14,NaN
73.9280,-0.070574,0.006192,0,58.14,NaN
73.9360,-0.070574,0.005085,0,58.14,NaN
73.9440,-0.068132,-0.011125,0,58.14,NaN
73.9520,-0.063248,-0.010341,0,58.14,NaN
73.9600,-0.061294,-0.010139,0,58.14,NaN
73.9680,-0.061294,-0.011083,0,58.14,NaN
73.9760,-0.062271,-0.013286,0,58.14,NaN
73.9840,-0.062271,-0.016424,0,58.14,NaN
73.9920,-0.064225,-0.019784,0,58.14,NaN
74.0000,-0.067643,-0.022303,0,58.14,NaN
74.0080,-0.067155,-0.022869,0,58.14,NaN
74.0160,-0.062759,-0.020848,0,58.14,NaN
74.0240,-0.054457,-0.016392,0,58.14,NaN
74.0320,-0.045665,-0.010256,0,58.14,NaN
74.0400,-0.038828,-0.003347,0,58.14,NaN
74.0480,-0.034432,0.018959,0,58.14,NaN
74.0560,-0.036386,0.019228,0,58.14,NaN
74.0640,-0.037363,0.017286,0,58.14,NaN
74.0720,-0.039316,0.014138,0,58.14,NaN
74.0800,-0.043712,0.010978,0,58.14,NaN
74.0880,-0.045665,0.008861,0,58.14,NaN
74.0960,-0.044689,0.008299,0,58.14,NaN
74.1040,-0.041270,0.009039,0,58.14,NaN
74.1120,-0.037851,0.010264,0,58.14,NaN
74.1200,-0.035897,0.011091,0,58.14,NaN
74.1280,-0.035897,0.011020,0,58.14,NaN
74.1360,-0.037363,0.010076,0,58.14,NaN
74.1440,-0.037363,0.008634,0,58.14,NaN
74.1520,-0.033944,0.009830,0,58.14,NaN
74.1600,-0.033944,0.010625,0,58.14,NaN
74.1680,-0.031502,0.012037,0,58.14,NaN
74.1760,-0.030037,0.013979,0,58.14,NaN
74.1840,-0.025641,0.016159,0,58.14,NaN
74.1920,-0.023199,0.018113,0,58.14,NaN
74.2000,-0.020757,0.019381,0,58.14,NaN
74.2080,-0.020757,0.019683,0,58.14,NaN
74.2160,-0.020757,0.018935,0,58.14,NaN
74.2240,-0.022222,0.017140,0,58.14,NaN
74.2320,-0.022222,0.014286,0,58.14,NaN
74.2400,-0.024176,0.010422,0,58.14,NaN
74.2480,-0.029548,0.005889,0,58.14,NaN
74.2560,-0.031502,0.035294,0,58.14,NaN
74.2640,-0.030525,0.036023,0,58.14,NaN
74.2720,-0.027595,0.037605,0,58.14,NaN
74.2800,-0.025153,0.039152,0,58.14,NaN
74.2880,-0.026129,0.039819,0,58.14,NaN
74.2960,-0.028571,0.039184,0,58.14,NaN
74.3040,-0.030525,0.037244,0,58.14,NaN
74.3120,-0.033944,0.034254,0,58.14,NaN
74.3200,-0.038828,0.030636,0,58.14,NaN
74.3280,-0.044200,0.026885,0,58.14,NaN
74.3360,-0.048107,0.023388,0,58.14,NaN
74.3440,-0.052015,0.020276,0,58.14,NaN
74.3520,-0.055922,0.017435,0,58.14,NaN
74.3600,-0.062759,0.028127,0,58.14,NaN
74.3680,-0.070085,0.023314,0,58.14,NaN
74.3760,-0.078388,0.018427,0,58.14,NaN
74.3840,-0.084737,0.014038,0,58.14,NaN
74.3920,-0.088156,0.010542,0,58.14,NaN
74.4000,-0.093529,0.008137,0,58.14,NaN
74.4080,-0.098413,0.006924,0,58.14,NaN
74.4160,-0.100366,0.006843,0,58.14,NaN
74.4240,-0.101343,0.007504,0,58.14,NaN
74.4320,-0.101343,0.008253,0,58.14,NaN
74.4400,-0.103785,0.008502,0,58.14,NaN
74.4480,-0.108181,0.008056,0,58.14,NaN
74.4560,-0.112088,0.007163,0,58.14,NaN
74.4640,-0.114042,-0.020551,0,58.14,NaN
74.4720,-0.115995,-0.020910,0,58.14,NaN
74.4800,-0.117460,-0.020351,0,58.14,NaN
74.4880,-0.117460,-0.018930,0,58.14,NaN
74.4960,-0.117460,-0.016905,0,58.14,NaN
74.5040,-0.116972,-0.014680,0,58.14,NaN
74.5120,-0.116484,-0.012710,0,58.14,NaN
74.5200,-0.116972,-0.011338,0,58.14,NaN
74.5280,-0.119902,-0.010651,0,58.14,NaN
74.5360,-0.122344,-0.010485,0,58.14,NaN
74.5440,-0.124298,-0.010593,0,58.14,NaN
74.5520,-0.127228,-0.010789,0,58.14,NaN
74.5600,-0.129182,-0.010984,0,58.14,NaN
74.5680,-0.131136,-0.038884,0,58.14,NaN
74.5760,-0.129182,-0.036130,0,58.14,NaN
74.5840,-0.124786,-0.032052,0,58.14,NaN
74.5920,-0.118437,-0.027748,0,58.14,NaN
74.6000,-0.116972,-0.024416,0,58.14,NaN
74.6080,-0.116972,-0.022786,0,58.14,NaN
74.6160,-0.117460,-0.022866,0,58.14,NaN
74.6240,-0.121856,-0.024008,0,58.14,NaN
74.6320,-0.124298,-0.025138,0,58.14,NaN
74.6400,-0.126252,-0.025173,0,58.14,NaN
74.6480,-0.125275,-0.023428,0,58.14,NaN
74.6560,-0.122344,-0.019888,0,58.14,NaN
74.6640,-0.116972,-0.015235,0,58.14,NaN
74.6720,-0.115507,-0.014922,0,58.14,NaN
74.6800,-0.114042,-0.013998,0,58.14,NaN
74.6880,-0.116972,-0.014607,0,58.14,NaN
74.6960,-0.118437,-0.016421,0,58.14,NaN
74.7040,-0.119414,-0.018882,0,58.14,NaN
74.7120,-0.122344,-0.021327,0,58.14,NaN
74.7200,-0.124298,-0.023018,0,58.14,NaN
74.7280,-0.125275,-0.023285,0,58.14,NaN
74.7360,-0.123321,-0.021817,0,58.14,NaN
74.7440,-0.116972,-0.018832,0,58.14,NaN
74.7520,-0.113553,-0.014909,0,58.14,NaN
74.7600,-0.107692,-0.010614,0,58.14,NaN
74.7680,-0.104274,-0.006260,0,58.14,NaN
74.7760,-0.103785,0.007546,0,58.14,NaN
74.7840,-0.108181,0.005113,0,58.14,NaN
74.7920,-0.114042,0.001805,0,58.14,NaN
74.8000,-0.116972,-0.000874,0,58.14,NaN
74.8080,-0.116972,-0.001834,0,58.14,NaN
74.8160,-0.115995,-0.000809,0,58.14,NaN
74.8240,-0.111111,0.001623,0,58.14,NaN
74.8320,-0.106716,0.004339,0,58.14,NaN
74.8400,-0.103297,0.006194,0,58.14,NaN
74.8480,-0.104762,0.006557,0,58.14,NaN
74.8560,-0.106716,0.005465,0,58.14,NaN
74.8640,-0.107204,0.003350,0,58.14,NaN
74.8720,-0.109158,0.000731,0,58.14,NaN
74.8800,-0.113553,-0.002920,0,58.14,NaN
74.8880,-0.111600,-0.003015,0,58.14,NaN
74.8960,-0.109158,-0.001688,0,58.14,NaN
74.9040,-0.104274,0.000407,0,58.14,NaN
74.9120,-0.101343,0.002398,0,58.14,NaN
74.9200,-0.101343,0.003687,0,58.14,NaN
74.9280,-0.101343,0.004125,0,58.14,NaN
74.9360,-0.099878,0.003839,0,58.14,NaN
74.9440,-0.100366,0.003039,0,58.14,NaN
74.9520,-0.100855,0.001978,0,58.14,NaN
74.9600,-0.101343,0.000932,0,58.14,NaN
74.9680,-0.102808,0.000105,0,58.14,NaN
74.9760,-0.101343,-0.000508,0,58.14,NaN
74.9840,-0.098901,-0.002111,0,58.14,NaN
74.9920,-0.097924,-0.002810,0,58.14,NaN
75.0000,-0.100366,-0.004361,0,58.14,NaN
75.0080,-0.102320,-0.006601,0,58.14,NaN
75.0160,-0.105739,-0.009086,0,58.14,NaN
75.0240,-0.103785,-0.011404,0,58.14,NaN
75.0320,-0.105739,-0.013254,0,58.14,NaN
75.0400,-0.106227,-0.014308,0,58.14,NaN
75.0480,-0.106227,-0.014178,0,58.14,NaN
75.0560,-0.104274,-0.012608,0,58.14,NaN
75.0640,-0.099878,-0.009666,0,58.14,NaN
75.0720,-0.094017,-0.005756,0,58.14,NaN
75.0800,-0.090598,-0.001399,0,58.14,NaN
75.0880,-0.091087,0.021709,0,58.14,NaN
75.0960,-0.090110,0.021284,0,58.14,NaN
75.1040,-0.094017,0.019230,0,58.14,NaN
75.1120,-0.096947,0.016323,0,58.14,NaN
75.1200,-0.101832,0.013572,0,58.14,NaN
75.1280,-0.104274,0.011831,0,58.14,NaN
75.1360,-0.103785,0.011413,0,58.14,NaN
75.1440,-0.101832,0.011967,0,58.14,NaN
75.1520,-0.101343,0.012755,0,58.14,NaN
75.1600,-0.101343,0.013068,0,58.14,NaN
75.1680,-0.102320,0.012497,0,58.14,NaN
75.1760,-0.104274,0.011023,0,58.14,NaN
75.1840,-0.107204,0.008989,0,58.14,NaN
75.1920,-0.108669,0.002523,0,58.14,NaN
75.2000,-0.108181,0.003335,0,58.14,NaN
75.2080,-0.106227,0.005711,0,58.14,NaN
75.2160,-0.103297,0.009158,0,58.14,NaN
75.2240,-0.096947,0.012618,0,58.14,NaN
75.2320,-0.093529,0.014847,0,58.14,NaN
75.2400,-0.094505,0.015061,0,58.14,NaN
75.2480,-0.099878,0.013349,0,58.14,NaN
75.2560,-0.102808,0.010482,0,58.14,NaN
75.2640,-0.105739,0.007406,0,58.14,NaN
75.2720,-0.110623,0.004869,0,58.14,NaN
75.2800,-0.111600,0.003206,0,58.14,NaN
75.2880,-0.111600,0.002196,0,58.14,NaN
75.2960,-0.108181,-0.008538,0,58.14,NaN
75.3040,-0.101343,-0.005735,0,58.14,NaN
75.3120,-0.098901,-0.003644,0,58.14,NaN
75.3200,-0.099878,-0.002942,0,58.14,NaN
75.3280,-0.102320,-0.003520,0,58.14,NaN
75.3360,-0.102808,-0.004807,0,58.14,NaN
75.3440,-0.102808,-0.006183,0,58.14,NaN
75.3520,-0.104762,-0.007127,0,58.14,NaN
75.3600,-0.105739,-0.007255,0,58.14,NaN
75.3680,-0.102320,-0.006463,0,58.14,NaN
75.3760,-0.101343,-0.004963,0,58.14,NaN
75.3840,-0.098901,-0.003089,0,58.14,NaN
75.3920,-0.097924,-0.001088,0,58.14,NaN
75.4000,-0.094994,0.003028,0,58.14,NaN
75.4080,-0.095971,0.002729,0,58.14,NaN
75.4160,-0.097924,0.001395,0,58.14,NaN
75.4240,-0.100855,-0.000392,0,58.14,NaN
75.4320,-0.101832,-0.001843,0,58.14,NaN
75.4400,-0.103785,-0.002266,0,58.14,NaN
75.4480,-0.102808,-0.001348,0,58.14,NaN
75.4560,-0.099878,0.000614,0,58.14,NaN
75.4640,-0.094505,0.002759,0,58.14,NaN
75.4720,-0.093040,0.004099,0,58.14,NaN
75.4800,-0.094505,0.004078,0,58.14,NaN
75.4880,-0.095971,0.002781,0,58.14,NaN
75.4960,-0.097924,0.000748,0,58.14,NaN
75.5040,-0.096947,-0.001487,0,58.14,NaN
75.5120,-0.099389,-0.001718,0,58.14,NaN
75.5200,-0.098901,-0.000832,0,58.14,NaN
75.5280,-0.094994,0.000943,0,58.14,NaN
75.5360,-0.093040,0.002816,0,58.14,NaN
75.5440,-0.087179,0.003783,0,58.14,NaN
75.5520,-0.090110,0.003260,0,58.14,NaN
75.5600,-0.094017,0.001548,0,58.14,NaN
75.5680,-0.098901,-0.000392,0,58.14,NaN
75.5760,-0.096459,-0.001676,0,58.14,NaN
75.5840,-0.095971,-0.001987,0,58.14,NaN
75.5920,-0.094994,-0.001487,0,58.14,NaN
75.6000,-0.093529,-0.000548,0,58.14,NaN
75.6080,-0.090110,0.014730,0,58.14,NaN
75.6160,-0.086203,0.018621,0,58.14,NaN
75.6240,-0.082784,0.022103,0,58.14,NaN
75.6320,-0.078877,0.024343,0,58.14,NaN
75.6400,-0.079365,0.024763,0,58.14,NaN
75.6480,-0.082784,0.023300,0,58.14,NaN
75.6560,-0.085714,0.020379,0,58.14,NaN
75.6640,-0.089133,0.016693,0,58.14,NaN
75.6720,-0.094017,0.013057,0,58.14,NaN
75.6800,-0.097924,0.010293,0,58.14,NaN
75.6880,-0.100855,0.009006,0,58.14,NaN
75.6960,-0.099878,0.009280,0,58.14,NaN
75.7040,-0.097924,0.010556,0,58.14,NaN
75.7120,-0.098413,-0.011248,0,58.14,NaN
75.7200,-0.099389,-0.011365,0,58.14,NaN
75.7280,-0.097924,-0.011623,0,58.14,NaN
75.7360,-0.097924,-0.012039,0,58.14,NaN
75.7440,-0.096459,-0.012514,0,58.14,NaN
75.7520,-0.099878,-0.012752,0,58.14,NaN
75.7600,-0.098901,-0.012387,0,58.14,NaN
75.7680,-0.095971,-0.011268,0,58.14,NaN
75.7760,-0.092063,-0.009635,0,58.14,NaN
75.7840,-0.086691,-0.007977,0,58.14,NaN
75.7920,-0.085714,-0.006703,0,58.14,NaN
75.8000,-0.085714,-0.005899,0,58.14,NaN
75.8080,-0.083761,-0.005379,0,58.14,NaN
75.8160,-0.082784,0.007987,0,58.14,NaN
75.8240,-0.085226,0.006805,0,58.14,NaN
75.8320,-0.087179,0.004999,0,58.14,NaN
75.8400,-0.090598,0.003004,0,58.14,NaN
75.8480,-0.092552,0.001245,0,58.14,NaN
75.8560,-0.093529,-0.000020,0,58.14,NaN
75.8640,-0.093529,-0.000723,0,58.14,NaN
75.8720,-0.094505,-0.000882,0,58.14,NaN
75.8800,-0.094994,-0.000539,0,58.14,NaN
75.8880,-0.093040,0.000182,0,58.14,NaN
75.8960,-0.091575,0.001031,0,58.14,NaN
75.9040,-0.090110,0.001768,0,58.14,NaN
75.9120,-0.091087,0.002346,0,58.14,NaN
75.9200,-0.092552,-0.004746,0,58.14,NaN
75.9280,-0.088645,-0.001926,0,58.14,NaN
75.9360,-0.082784,0.001469,0,58.14,NaN
75.9440,-0.077900,0.004356,0,58.14,NaN
75.9520,-0.076923,0.005696,0,58.14,NaN
75.9600,-0.078388,0.005055,0,58.14,NaN
75.9680,-0.080830,0.002742,0,58.14,NaN
75.9760,-0.084737,-0.000374,0,58.14,NaN
75.9840,-0.087668,-0.003190,0,58.14,NaN
75.9920,-0.089133,-0.004718,0,58.14,NaN
76.0000,-0.088645,-0.004394,0,58.14,NaN
76.0080,-0.085714,-0.002278,0,58.14,NaN
76.0160,-0.080830,0.000939,0,58.14,NaN
76.0240,-0.074481,-0.019507,0,58.14,NaN
76.0320,-0.071551,-0.017650,0,58.14,NaN
76.0400,-0.070574,-0.017210,0,58.14,NaN
76.0480,-0.070085,-0.018092,0,58.14,NaN
76.0560,-0.071551,-0.019683,0,58.14,NaN
76.0640,-0.071551,-0.021120,0,58.14,NaN
76.0720,-0.071062,-0.021595,0,58.14,NaN
76.0800,-0.070085,-0.020641,0,58.14,NaN
76.0880,-0.063736,-0.018352,0,58.14,NaN
76.0960,-0.057875,-0.015328,0,58.14,NaN
76.1040,-0.053968,-0.012274,0,58.14,NaN
76.1120,-0.050549,-0.009577,0,58.14,NaN
76.1200,-0.047619,-0.007201,0,58.14,NaN
76.1280,-0.042247,-0.003325,0,58.14,NaN
76.1360,-0.038828,-0.000284,0,58.14,NaN
76.1440,-0.033455,0.003370,0,58.14,NaN
76.1520,-0.028571,0.007923,0,58.14,NaN
76.1600,-0.023199,0.013443,0,58.14,NaN
76.1680,-0.014896,0.019483,0,58.14,NaN
76.1760,-0.006105,0.024898,0,58.14,NaN
76.1840,0.003663,0.028094,0,58.14,NaN
76.1920,0.005617,0.027830,0,58.14,NaN
76.2000,-0.001709,0.024005,0,58.14,NaN
76.2080,-0.007570,0.017639,0,58.14,NaN
76.2160,-0.012943,0.010046,0,58.14,NaN
76.2240,-0.015873,0.002080,0,58.14,NaN
76.2320,-0.014896,0.080827,0,58.14,NaN
76.2400,-0.013431,0.082834,0,58.14,NaN
76.2480,-0.010501,0.084702,0,58.14,NaN
76.2560,-0.010501,0.084959,0,58.14,NaN
76.2640,-0.016361,0.082787,0,58.14,NaN
76.2720,-0.024664,0.078335,0,58.14,NaN
76.2800,-0.033944,0.072403,0,58.14,NaN
76.2880,-0.039316,0.065833,0,58.14,NaN
76.2960,-0.046642,0.059200,0,58.14,NaN
76.3040,-0.054457,0.052957,0,58.14,NaN
76.3120,-0.064713,0.047588,0,58.14,NaN
76.3200,-0.070085,0.043378,0,58.14,NaN
76.3280,-0.073016,0.040043,0,58.14,NaN
76.3360,-0.072527,-0.006622,0,58.14,NaN
76.3440,-0.073993,-0.007855,0,58.14,NaN
76.3520,-0.075946,-0.008825,0,58.14,NaN
76.3600,-0.078877,-0.009561,0,58.14,NaN
76.3680,-0.078877,-0.009766,0,58.14,NaN
76.3760,-0.080342,-0.009095,0,58.14,NaN
76.3840,-0.079365,-0.007419,0,58.14,NaN
76.3920,-0.076923,-0.005038,0,58.14,NaN
76.4000,-0.073016,-0.002697,0,58.14,NaN
76.4080,-0.072527,-0.001278,0,58.14,NaN
76.4160,-0.072527,-0.001339,0,58.14,NaN
76.4240,-0.077900,-0.002825,0,58.14,NaN
76.4320,-0.080830,-0.005138,0,58.14,NaN
76.4400,-0.084737,-0.023136,0,58.14,NaN
76.4480,-0.085714,-0.024553,0,58.14,NaN
76.4560,-0.086203,-0.024495,0,58.14,NaN
76.4640,-0.085714,-0.022818,0,58.14,NaN
76.4720,-0.085714,-0.019655,0,58.14,NaN
76.4800,-0.080830,-0.015527,0,58.14,NaN
76.4880,-0.077411,-0.011369,0,58.14,NaN
76.4960,-0.074969,-0.008235,0,58.14,NaN
76.5040,-0.074481,-0.006824,0,58.14,NaN
76.5120,-0.079365,-0.007149,0,58.14,NaN
76.5200,-0.083761,-0.008623,0,58.14,NaN
76.5280,-0.086691,-0.010537,0,58.14,NaN
76.5360,-0.088645,-0.012503,0,58.14,NaN
76.5440,-0.089133,-0.011896,0,58.14,NaN
76.5520,-0.087668,-0.008321,0,58.14,NaN
76.5600,-0.084249,-0.002972,0,58.14,NaN
76.5680,-0.076435,0.002996,0,58.14,NaN
76.5760,-0.070085,0.008056,0,58.14,NaN
76.5840,-0.070085,0.011030,0,58.14,NaN
76.5920,-0.072527,0.011627,0,58.14,NaN
76.6000,-0.075458,0.010343,0,58.14,NaN
76.6080,-0.078388,0.007995,0,58.14,NaN
76.6160,-0.082295,0.005321,0,58.14,NaN
76.6240,-0.084249,0.002769,0,58.14,NaN
76.6320,-0.085714,0.000450,0,58.14,NaN
76.6400,-0.088645,-0.001731,0,58.14,NaN
76.6480,-0.096947,-0.387767,0,58.14,NaN
76.6560,-0.109158,-0.418865,0,58.14,NaN
76.6640,-0.127228,-0.453591,0,58.14,NaN
76.6720,-0.148230,-0.488771,0,58.14,NaN
76.6800,-0.163370,-0.519758,0,58.14,NaN
76.6880,-0.166300,-0.541423,0,58.14,NaN
76.6960,-0.156044,-0.549079,0,58.14,NaN
76.7040,-0.130159,-0.539017,0,58.14,NaN
76.7120,-0.081319,-0.508871,0,58.14,NaN
76.7200,-0.015385,-0.457906,0,58.14,NaN
76.7280,0.067643,-0.387297,0,58.14,NaN
76.7360,0.165324,-0.300716,0,58.14,NaN
76.7440,0.289377,-0.205017,0,58.14,NaN
76.7520,0.421245,0.525527,0,58.14,NaN
76.7600,0.559951,0.643469,0,58.14,NaN
76.7680,0.698168,0.762074,0,58.14,NaN
76.7760,0.853480,0.870257,0,58.14,NaN
76.7840,1.000000,0.953830,0,58.14,NaN
76.7920,1.000000,0.999771,1,58.14,NaN
76.8000,1.000000,1.000000,1,58.14,NaN
76.8080,0.960928,0.952654,0,58.14,NaN
76.8160,0.757753,0.863566,0,58.14,NaN
76.8240,0.542857,0.746186,0,58.14,NaN
76.8320,0.341636,0.616153,0,58.14,NaN
76.8400,0.149206,0.484356,0,58.14,NaN
76.8480,-0.023687,0.354281,0,58.14,NaN
76.8560,-0.160928,-0.183478,0,58.14,NaN
76.8640,-0.250305,-0.266900,0,58.14,NaN
76.8720,-0.273260,-0.298309,0,58.14,NaN
76.8800,-0.250305,-0.285458,0,58.14,NaN
76.8880,-0.195116,-0.243033,0,58.14,NaN
76.8960,-0.132112,-0.188671,0,58.14,NaN
76.9040,-0.079853,-0.138346,0,58.14,NaN
76.9120,-0.047619,-0.102838,0,58.14,NaN
76.9200,-0.038339,-0.086371,0,58.14,NaN
76.9280,-0.045177,-0.087537,0,58.14,NaN
76.9360,-0.059829,-0.101679,0,58.14,NaN
76.9440,-0.079365,-0.123423,0,58.14,NaN
76.9520,-0.094017,-0.148295,0,58.14,NaN
76.9600,-0.104274,-0.078412,0,58.14,NaN
76.9680,-0.109158,-0.087167,0,58.14,NaN
76.9760,-0.111600,-0.092724,0,58.14,NaN
76.9840,-0.115995,-0.096031,0,58.14,NaN
76.9920,-0.115995,-0.097791,0,58.14,NaN
77.0000,-0.115507,-0.098291,0,58.14,NaN
77.0080,-0.115507,-0.097455,0,58.14,NaN
77.0160,-0.112088,-0.094958,0,58.14,NaN
77.0240,-0.110623,-0.090374,0,58.14,NaN
77.0320,-0.108669,-0.083349,0,58.14,NaN
77.0400,-0.103785,-0.073842,0,58.14,NaN
77.0480,-0.101343,-0.062304,0,58.14,NaN
77.0560,-0.101343,-0.049598,0,58.14,NaN
77.0640,-0.102808,-0.217133,0,58.14,NaN
77.0720,-0.109646,-0.209713,0,58.14,NaN
77.0800,-0.111600,-0.199055,0,58.14,NaN
77.0880,-0.111600,-0.184905,0,58.14,NaN
77.0960,-0.114530,-0.167750,0,58.14,NaN
77.1040,-0.114042,-0.148669,0,58.14,NaN
77.1120,-0.112576,-0.129276,0,58.14,NaN
77.1200,-0.108669,-0.111651,0,58.14,NaN
77.1280,-0.102320,-0.097954,0,58.14,NaN
77.1360,-0.100366,-0.089779,0,58.14,NaN
77.1440,-0.101343,-0.087517,0,58.14,NaN
77.1520,-0.102808,-0.090161,0,58.14,NaN
77.1600,-0.103297,-0.095602,0,58.14,NaN
77.1680,-0.102320,-0.005411,0,58.14,NaN
77.1760,-0.101343,-0.008806,0,58.14,NaN
77.1840,-0.101343,-0.011612,0,58.14,NaN
77.1920,-0.099389,-0.013278,0,58.14,NaN
77.2000,-0.097924,-0.013646,0,58.14,NaN
77.2080,-0.094994,-0.012854,0,58.14,NaN
77.2160,-0.095971,-0.011115,0,58.14,NaN
77.2240,-0.095482,-0.008647,0,58.14,NaN
77.2320,-0.092063,-0.005882,0,58.14,NaN
77.2400,-0.086691,-0.003589,0,58.14,NaN
77.2480,-0.085714,-0.002551,0,58.14,NaN
77.2560,-0.085714,-0.003028,0,58.14,NaN
77.2640,-0.088156,-0.004533,0,58.14,NaN
77.2720,-0.087179,0.023995,0,58.14,NaN
77.2800,-0.086691,0.025926,0,58.14,NaN
77.2880,-0.085714,0.030563,0,58.14,NaN
77.2960,-0.079365,0.038363,0,58.14,NaN
77.3040,-0.068620,0.048458,0,58.14,NaN
77.3120,-0.054457,0.058441,0,58.14,NaN
77.3200,-0.041758,0.065048,0,58.14,NaN
77.3280,-0.039805,0.065674,0,58.14,NaN
77.3360,-0.052503,0.059815,0,58.14,NaN
77.3440,-0.067155,0.049276,0,58.14,NaN
77.3520,-0.084737,0.036928,0,58.14,NaN
77.3600,-0.094017,0.024967,0,58.14,NaN
77.3680,-0.099878,0.013888,0,58.14,NaN
77.3760,-0.099878,-0.035028,0,58.14,NaN
77.3840,-0.098901,-0.035734,0,58.14,NaN
77.3920,-0.093040,-0.033885,0,58.14,NaN
77.4000,-0.087668,-0.030573,0,58.14,NaN
77.4080,-0.085226,-0.026459,0,58.14,NaN
77.4160,-0.079365,-0.021810,0,58.14,NaN
77.4240,-0.072039,-0.016903,0,58.14,NaN
77.4320,-0.065690,-0.012331,0,58.14,NaN
77.4400,-0.057875,-0.008948,0,58.14,NaN
77.4480,-0.054457,-0.007522,0,58.14,NaN
77.4560,-0.054457,-0.008328,0,58.14,NaN
77.4640,-0.055922,-0.010994,0,58.14,NaN
77.4720,-0.057387,-0.014695,0,58.14,NaN
77.4800,-0.056899,0.008807,0,58.14,NaN
77.4880,-0.055922,0.008210,0,58.14,NaN
77.4960,-0.054457,0.008399,0,58.14,NaN
77.5040,-0.053968,0.009211,0,58.14,NaN
77.5120,-0.050061,0.010256,0,58.14,NaN
77.5200,-0.047131,0.011001,0,58.14,NaN
77.5280,-0.046642,0.011028,0,58.14,NaN
77.5360,-0.047131,0.010284,0,58.14,NaN
77.5440,-0.048107,0.009056,0,58.14,NaN
77.5520,-0.049084,0.007734,0,58.14,NaN
77.5600,-0.048107,0.006570,0,58.14,NaN
77.5680,-0.047619,0.005595,0,58.14,NaN
77.5760,-0.047619,0.004720,0,58.14,NaN
77.5840,-0.051526,-0.010003,0,58.14,NaN
77.5920,-0.048107,-0.010051,0,58.14,NaN
77.6000,-0.047131,-0.008759,0,58.14,NaN
77.6080,-0.041270,-0.006474,0,58.14,NaN
77.6160,-0.036386,-0.003969,0,58.14,NaN
77.6240,-0.034432,-0.002055,0,58.14,NaN
77.6320,-0.033455,-0.001223,0,58.14,NaN
77.6400,-0.031990,-0.001521,0,58.14,NaN
77.6480,-0.033455,-0.002601,0,58.14,NaN
77.6560,-0.032479,-0.003839,0,58.14,NaN
77.6640,-0.033944,-0.004562,0,58.14,NaN
77.6720,-0.030525,-0.004405,0,58.14,NaN
77.6800,-0.025641,-0.003579,0,58.14,NaN
77.6880,-0.023199,-0.005229,0,58.14,NaN
77.6960,-0.021734,-0.006466,0,58.14,NaN
77.7040,-0.022222,-0.009138,0,58.14,NaN
77.7120,-0.025153,-0.012884,0,58.14,NaN
77.7200,-0.028083,-0.016820,0,58.14,NaN
77.7280,-0.028571,-0.019835,0,58.14,NaN
77.7360,-0.030037,-0.020919,0,58.14,NaN
77.7440,-0.028571,-0.019514,0,58.14,NaN
77.7520,-0.021734,-0.015902,0,58.14,NaN
77.7600,-0.010012,-0.011304,0,58.14,NaN
77.7680,-0.004151,-0.007250,0,58.14,NaN
77.7760,-0.000244,-0.004617,0,58.14,NaN
77.7840,-0.000244,-0.003128,0,58.14,NaN
77.7920,-0.004151,0.036461,0,58.14,NaN
77.8000,-0.008059,0.032089,0,58.14,NaN
77.8080,-0.012943,0.027088,0,58.14,NaN
77.8160,-0.020269,0.022989,0,58.14,NaN
77.8240,-0.023199,0.021032,0,58.14,NaN
77.8320,-0.021734,0.021600,0,58.14,NaN
77.8400,-0.016361,0.023940,0,58.14,NaN
77.8480,-0.011966,0.026544,0,58.14,NaN
77.8560,-0.011966,0.027902,0,58.14,NaN
77.8640,-0.012943,0.027077,0,58.14,NaN
77.8720,-0.015873,0.023850,0,58.14,NaN
77.8800,-0.022711,0.018646,0,58.14,NaN
77.8880,-0.028571,0.012356,0,58.14,NaN
77.8960,-0.035409,0.051201,0,58.14,NaN
77.9040,-0.039316,0.049738,0,58.14,NaN
77.9120,-0.040293,0.049968,0,58.14,NaN
77.9200,-0.039316,0.051120,0,58.14,NaN
77.9280,-0.038828,0.051877,0,58.14,NaN
77.9360,-0.043223,0.051013,0,58.14,NaN
77.9440,-0.048107,0.047902,0,58.14,NaN
77.9520,-0.055922,0.042725,0,58.14,NaN
77.9600,-0.067155,0.036427,0,58.14,NaN
77.9680,-0.077411,0.030402,0,58.14,NaN
77.9760,-0.085714,0.025877,0,58.14,NaN
77.9840,-0.090110,0.023291,0,58.14,NaN
77.9920,-0.092063,0.022060,0,58.14,NaN
78.0000,-0.093040,-0.014653,0,58.14,NaN
78.0080,-0.096459,-0.015048,0,58.14,NaN
78.0160,-0.100366,-0.014830,0,58.14,NaN
78.0240,-0.101343,-0.013889,0,58.14,NaN
78.0320,-0.100366,-0.012251,0,58.14,NaN
78.0400,-0.098901,-0.010216,0,58.14,NaN
78.0480,-0.099878,-0.008159,0,58.14,NaN
78.0560,-0.100855,-0.006353,0,58.14,NaN
78.0640,-0.101832,-0.005019,0,58.14,NaN
78.0720,-0.102808,-0.004432,0,58.14,NaN
78.0800,-0.105739,-0.004869,0,58.14,NaN
78.0880,-0.108669,-0.006395,0,58.14,NaN
78.0960,-0.115995,-0.008649,0,58.14,NaN
78.1040,-0.118926,-0.030328,0,58.14,NaN
78.1120,-0.119414,-0.029762,0,58.14,NaN
78.1200,-0.116972,-0.027534,0,58.14,NaN
78.1280,-0.114042,-0.024116,0,58.14,NaN
78.1360,-0.113553,-0.020129,0,58.14,NaN
78.1440,-0.110623,-0.016154,0,58.14,NaN
78.1520,-0.109158,-0.012757,0,58.14,NaN
78.1600,-0.107692,-0.010468,0,58.14,NaN
78.1680,-0.107692,-0.009603,0,58.14,NaN
78.1760,-0.112576,-0.010031,0,58.14,NaN
78.1840,-0.117460,-0.011208,0,58.14,NaN
78.1920,-0.119414,-0.012559,0,58.14,NaN
78.2000,-0.121368,-0.013842,0,58.14,NaN
78.2080,-0.118437,-0.015616,0,58.14,NaN
78.2160,-0.116484,-0.011522,0,58.14,NaN
78.2240,-0.112576,-0.006223,0,58.14,NaN
78.2320,-0.107204,-0.000643,0,58.14,NaN
78.2400,-0.102320,0.004128,0,58.14,NaN
78.2480,-0.101343,0.007177,0,58.14,NaN
78.2560,-0.101343,0.008086,0,58.14,NaN
78.2640,-0.103785,0.007021,0,58.14,NaN
78.2720,-0.108181,0.004638,0,58.14,NaN
78.2800,-0.111111,0.001838,0,58.14,NaN
78.2880,-0.115995,-0.000551,0,58.14,NaN
78.2960,-0.116972,-0.002103,0,58.14,NaN
78.3040,-0.116484,-0.003006,0,58.14,NaN
78.3120,-0.110134,-0.005777,0,58.14,NaN
78.3200,-0.102808,-0.001869,0,58.14,NaN
78.3280,-0.099878,0.001301,0,58.14,NaN
78.3360,-0.101343,0.003124,0,58.14,NaN
78.3440,-0.100855,0.003734,0,58.14,NaN
78.3520,-0.100855,0.003592,0,58.14,NaN
78.3600,-0.101343,0.003134,0,58.14,NaN
78.3680,-0.101343,0.002645,0,58.14,NaN
78.3760,-0.101343,0.002259,0,58.14,NaN
78.3840,-0.101343,0.001998,0,58.14,NaN
78.3920,-0.101343,0.001826,0,58.14,NaN
78.4000,-0.100366,0.001686,0,58.14,NaN
78.4080,-0.100366,0.001536,0,58.14,NaN
78.4160,-0.101343,-0.001049,0,58.14,NaN
78.4240,-0.103785,-0.002905,0,58.14,NaN
78.4320,-0.104762,-0.004550,0,58.14,NaN
78.4400,-0.105739,-0.005424,0,58.14,NaN
78.4480,-0.104762,-0.005090,0,58.14,NaN
78.4560,-0.103785,-0.003371,0,58.14,NaN
78.4640,-0.101343,-0.000503,0,58.14,NaN
78.4720,-0.094017,0.002753,0,58.14,NaN
78.4800,-0.091087,0.005301,0,58.14,NaN
78.4880,-0.089133,0.006194,0,58.14,NaN
78.4960,-0.090110,0.005028,0,58.14,NaN
78.5040,-0.092552,0.002037,0,58.14,NaN
78.5120,-0.096459,-0.002016,0,58.14,NaN
78.5200,-0.100366,0.015319,0,58.14,NaN
78.5280,-0.101343,0.014931,0,58.14,NaN
78.5360,-0.099389,0.016579,0,58.14,NaN
78.5440,-0.096459,0.019812,0,58.14,NaN
78.5520,-0.091087,0.023459,0,58.14,NaN
78.5600,-0.086203,0.026056,0,58.14,NaN
78.5680,-0.086691,0.026540,0,58.14,NaN
78.5760,-0.092063,0.024782,0,58.14,NaN
78.5840,-0.096947,0.021514,0,58.14,NaN
78.5920,-0.101343,0.017705,0,58.14,NaN
78.6000,-0.102808,0.014003,0,58.14,NaN
78.6080,-0.106716,0.010603,0,58.14,NaN
78.6160,-0.109646,0.007414,0,58.14,NaN
78.6240,-0.108669,-0.013323,0,58.14,NaN
78.6320,-0.104762,-0.011765,0,58.14,NaN
78.6400,-0.101343,-0.009790,0,58.14,NaN
78.6480,-0.099878,-0.008427,0,58.14,NaN
78.6560,-0.098413,-0.008354,0,58.14,NaN
78.6640,-0.100855,-0.009683,0,58.14,NaN
78.6720,-0.101832,-0.011924,0,58.14,NaN
78.6800,-0.106227,-0.014135,0,58.14,NaN
78.6880,-0.107692,-0.015246,0,58.14,NaN
78.6960,-0.107204,-0.014540,0,58.14,NaN
78.7040,-0.101343,-0.012015,0,58.14,NaN
78.7120,-0.094994,-0.008285,0,58.14,NaN
78.7200,-0.093040,-0.004066,0,58.14,NaN
78.7280,-0.091575,0.010472,0,58.14,NaN
78.7360,-0.094505,0.009923,0,58.14,NaN
78.7440,-0.097924,0.008470,0,58.14,NaN
78.7520,-0.098901,0.007001,0,58.14,NaN
78.7600,-0.099389,0.006128,0,58.14,NaN
78.7680,-0.098901,0.006037,0,58.14,NaN
78.7760,-0.099878,0.006582,0,58.14,NaN
78.7840,-0.097924,0.007369,0,58.14,NaN
78.7920,-0.096459,0.007873,0,58.14,NaN
78.8000,-0.098413,0.007692,0,58.14,NaN
78.8080,-0.099878,0.006760,0,58.14,NaN
78.8160,-0.102808,0.005294,0,58.14,NaN
78.8240,-0.103785,0.003586,0,58.14,NaN
78.8320,-0.104762,-0.002754,0,58.14,NaN
78.8400,-0.103785,-0.003004,0,58.14,NaN
78.8480,-0.105739,-0.002319,0,58.14,NaN
78.8560,-0.102808,-0.000634,0,58.14,NaN
78.8640,-0.101343,0.001885,0,58.14,NaN
78.8720,-0.098901,0.004800,0,58.14,NaN
78.8800,-0.094017,0.007465,0,58.14,NaN
78.8880,-0.093040,0.009243,0,58.14,NaN
78.8960,-0.094994,0.009755,0,58.14,NaN
78.9040,-0.094017,0.008865,0,58.14,NaN
78.9120,-0.094994,0.006546,0,58.14,NaN
78.9200,-0.099389,0.002972,0,58.14,NaN
78.9280,-0.103785,-0.001350,0,58.14,NaN
78.9360,-0.105739,-0.008012,0,58.14,NaN
78.9440,-0.104274,-0.008060,0,58.14,NaN
78.9520,-0.100855,-0.006944,0,58.14,NaN
78.9600,-0.098901,-0.005487,0,58.14,NaN
78.9680,-0.097924,-0.004510,0,58.14,NaN
78.9760,-0.096947,-0.004519,0,58.14,NaN
78.9840,-0.098413,-0.005584,0,58.14,NaN
78.9920,-0.099878,-0.007334,0,58.14,NaN
79.0000,-0.101343,-0.009058,0,58.14,NaN
79.0080,-0.103297,-0.009907,0,58.14,NaN
79.0160,-0.103785,-0.009172,0,58.14,NaN
79.0240,-0.100855,-0.006673,0,58.14,NaN
79.0320,-0.094994,-0.003000,0,58.14,NaN
79.0400,-0.091087,0.003582,0,58.14,NaN
79.0480,-0.087179,0.005385,0,58.14,NaN
79.0560,-0.090598,0.005519,0,58.14,NaN
79.0640,-0.092063,0.004370,0,58.14,NaN
79.0720,-0.093040,0.002768,0,58.14,NaN
79.0800,-0.095971,0.001599,0,58.14,NaN
79.0880,-0.095971,0.001524,0,58.14,NaN
79.0960,-0.094994,0.002703,0,58.14,NaN
79.1040,-0.092063,0.004641,0,58.14,NaN
79.1120,-0.086691,0.006321,0,58.14,NaN
79.1200,-0.086203,0.006713,0,58.14,NaN
79.1280,-0.087179,0.005401,0,58.14,NaN
79.1360,-0.092063,0.002897,0,58.14,NaN
79.1440,-0.095971,-0.005195,0,58.14,NaN
79.1520,-0.098413,-0.008547,0,58.14,NaN
79.1600,-0.100855,-0.010855,0,58.14,NaN
79.1680,-0.101343,-0.011583,0,58.14,NaN
79.1760,-0.100855,-0.010575,0,58.14,NaN
79.1840,-0.095971,-0.008157,0,58.14,NaN
79.1920,-0.092063,-0.005079,0,58.14,NaN
79.2000,-0.088156,-0.002240,0,58.14,NaN
79.2080,-0.085714,-0.000374,0,58.14,NaN
79.2160,-0.086203,0.000148,0,58.14,NaN
79.2240,-0.086691,-0.000692,0,58.14,NaN
79.2320,-0.086203,-0.002666,0,58.14,NaN
79.2400,-0.090110,-0.005317,0,58.14,NaN
79.2480,-0.091087,0.001138,0,58.14,NaN
79.2560,-0.093529,0.000578,0,58.14,NaN
79.2640,-0.091575,0.001087,0,58.14,NaN
79.2720,-0.088645,0.002363,0,58.14,NaN
79.2800,-0.085226,0.003750,0,58.14,NaN
79.2880,-0.085714,0.004612,0,58.14,NaN
79.2960,-0.085714,0.004606,0,58.14,NaN
79.3040,-0.085714,0.003677,0,58.14,NaN
79.3120,-0.085714,0.002045,0,58.14,NaN
79.3200,-0.090598,0.000279,0,58.14,NaN
79.3280,-0.093529,-0.000817,0,58.14,NaN
79.3360,-0.094505,-0.000699,0,58.14,NaN
79.3440,-0.089133,0.000390,0,58.14,NaN
79.3520,-0.084737,0.005420,0,58.14,NaN
79.3600,-0.079365,0.008711,0,58.14,NaN
79.3680,-0.077900,0.010584,0,58.14,NaN
79.3760,-0.079365,0.010533,0,58.14,NaN
79.3840,-0.081319,0.008801,0,58.14,NaN
79.3920,-0.085226,0.006156,0,58.14,NaN
79.4000,-0.087179,0.003558,0,58.14,NaN
79.4080,-0.091087,0.001854,0,58.14,NaN
79.4160,-0.091087,0.001489,0,58.14,NaN
79.4240,-0.088645,0.002290,0,58.14,NaN
79.4320,-0.085226,0.003592,0,58.14,NaN
79.4400,-0.084249,0.004741,0,58.14,NaN
79.4480,-0.085714,0.005568,0,58.14,NaN
79.4560,-0.090110,-0.000720,0,58.14,NaN
79.4640,-0.093040,-0.002801,0,58.14,NaN
79.4720,-0.094017,-0.003915,0,58.14,NaN
79.4800,-0.093040,-0.003491,0,58.14,NaN
79.4880,-0.092552,-0.001598,0,58.14,NaN
79.4960,-0.085714,0.001022,0,58.14,NaN
79.5040,-0.082295,0.003232,0,58.14,NaN
79.5120,-0.081807,0.004115,0,58.14,NaN
79.5200,-0.084249,0.003483,0,58.14,NaN
79.5280,-0.087179,0.001868,0,58.14,NaN
79.5360,-0.091575,0.000072,0,58.14,NaN
79.5440,-0.089621,-0.001378,0,58.14,NaN
79.5520,-0.090598,-0.002482,0,58.14,NaN
79.5600,-0.087179,-0.002146,0,58.14,NaN
79.5680,-0.084249,0.001627,0,58.14,NaN
79.5760,-0.077900,0.006112,0,58.14,NaN
79.5840,-0.073016,0.010387,0,58.14,NaN
79.5920,-0.070574,0.013620,0,58.14,NaN
79.6000,-0.068620,0.015328,0,58.14,NaN
79.6080,-0.069109,0.015435,0,58.14,NaN
79.6160,-0.071062,0.014206,0,58.14,NaN
79.6240,-0.072527,0.012096,0,58.14,NaN
79.6320,-0.075458,0.009598,0,58.14,NaN
79.6400,-0.077411,0.007131,0,58.14,NaN
79.6480,-0.080342,0.004935,0,58.14,NaN
79.6560,-0.080830,0.002988,0,58.14,NaN
79.6640,-0.080830,-0.043562,0,58.14,NaN
79.6720,-0.082295,-0.046313,0,58.14,NaN
79.6800,-0.085714,-0.047962,0,58.14,NaN
79.6880,-0.084249,-0.047955,0,58.14,NaN
79.6960,-0.077411,-0.046188,0,58.14,NaN
79.7040,-0.071551,-0.043105,0,58.14,NaN
79.7120,-0.066667,-0.039325,0,58.14,NaN
79.7200,-0.061294,-0.035335,0,58.14,NaN
79.7280,-0.054457,-0.031501,0,58.14,NaN
79.7360,-0.049084,-0.028141,0,58.14,NaN
79.7440,-0.043712,-0.025482,0,58.14,NaN
79.7520,-0.039316,-0.023553,0,58.14,NaN
79.7600,-0.036386,-0.022113,0,58.14,NaN
79.7680,-0.035409,0.004298,0,58.14,NaN
79.7760,-0.035409,0.004543,0,58.14,NaN
79.7840,-0.032967,0.005817,0,58.14,NaN
79.7920,-0.029548,0.008971,0,58.14,NaN
79.8000,-0.023199,0.014261,0,58.14,NaN
79.8080,-0.015385,0.021086,0,58.14,NaN
79.8160,-0.006105,0.027892,0,58.14,NaN
79.8240,0.007570,0.032492,0,58.14,NaN
79.8320,0.008547,0.033010,0,58.14,NaN
79.8400,0.003663,0.028973,0,58.14,NaN
79.8480,-0.008059,0.021512,0,58.14,NaN
79.8560,-0.015873,0.012401,0,58.14,NaN
79.8640,-0.018315,0.002871,0,58.14,NaN
79.8720,-0.019780,0.069649,0,58.14,NaN
79.8800,-0.023199,0.069150,0,58.14,NaN
79.8880,-0.023687,0.070038,0,58.14,NaN
79.8960,-0.024664,0.071522,0,58.14,NaN
79.9040,-0.023199,0.072483,0,58.14,NaN
79.9120,-0.023687,0.071701,0,58.14,NaN
79.9200,-0.028571,0.068380,0,58.14,NaN
79.9280,-0.038339,0.062621,0,58.14,NaN
79.9360,-0.048596,0.055409,0,58.14,NaN
79.9440,-0.059341,0.048104,0,58.14,NaN
79.9520,-0.066667,0.041759,0,58.14,NaN
79.9600,-0.071062,0.036678,0,58.14,NaN
79.9680,-0.076435,0.032445,0,58.14,NaN
79.9760,-0.077411,-0.007569,0,58.14,NaN
79.9840,-0.076435,-0.008402,0,58.14,NaN
79.9920,-0.075946,-0.008922,0,58.14,NaN
80.0000,-0.080342,-0.009532,0,58.14,NaN
80.0080,-0.082295,-0.010205,0,58.14,NaN
80.0160,-0.081319,-0.010813,0,58.14,NaN
80.0240,-0.082295,-0.011331,0,58.14,NaN
80.0320,-0.084249,-0.011696,0,58.14,NaN
80.0400,-0.085714,-0.011688,0,58.14,NaN
80.0480,-0.087179,-0.011034,0,58.14,NaN
80.0560,-0.085714,-0.009607,0,58.14,NaN
80.0640,-0.085714,-0.007505,0,58.14,NaN
80.0720,-0.084249,-0.005007,0,58.14,NaN
80.0800,-0.085714,-0.035214,0,58.14,NaN
80.0880,-0.086203,-0.035931,0,58.14,NaN
80.0960,-0.087179,-0.036728,0,58.14,NaN
80.1040,-0.088156,-0.037051,0,58.14,NaN
80.1120,-0.090110,-0.036203,0,58.14,NaN
80.1200,-0.089133,-0.033636,0,58.14,NaN
80.1280,-0.085714,-0.029362,0,58.14,NaN
80.1360,-0.079365,-0.024155,0,58.14,NaN
80.1440,-0.074481,-0.019306,0,58.14,NaN
80.1520,-0.071551,-0.016029,0,58.14,NaN
80.1600,-0.072527,-0.014934,0,58.14,NaN
80.1680,-0.074969,-0.015829,0,58.14,NaN
80.1760,-0.078388,-0.017886,0,58.14,NaN
80.1840,-0.083272,0.012012,0,58.14,NaN
80.1920,-0.085714,0.010758,0,58.14,NaN
80.2000,-0.087179,0.010579,0,58.14,NaN
80.2080,-0.088156,0.011717,0,58.14,NaN
80.2160,-0.088645,0.014101,0,58.14,NaN
80.2240,-0.085714,0.017355,0,58.14,NaN
80.2320,-0.084249,0.020869,0,58.14,NaN
80.2400,-0.084737,0.023930,0,58.14,NaN
80.2480,-0.084737,0.025716,0,58.14,NaN
80.2560,-0.082784,0.025189,0,58.14,NaN
80.2640,-0.084737,0.021346,0,58.14,NaN
80.2720,-0.093040,0.013982,0,58.14,NaN
80.2800,-0.108181,0.004294,0,58.14,NaN
80.2880,-0.122344,-0.562616,0,58.14,NaN
80.2960,-0.138950,-0.602658,0,58.14,NaN
80.3040,-0.152625,-0.640888,0,58.14,NaN
80.3120,-0.161905,-0.673745,0,58.14,NaN
80.3200,-0.161416,-0.697436,0,58.14,NaN
80.3280,-0.147741,-0.708409,0,58.14,NaN
80.3360,-0.115507,-0.703775,0,58.14,NaN
80.3440,-0.065690,-0.681393,0,58.14,NaN
80.3520,-0.002686,-0.639655,0,58.14,NaN
80.3600,0.078388,-0.577589,0,58.14,NaN
80.3680,0.180952,-0.495847,0,58.14,NaN
80.3760,0.307937,-0.398069,0,58.14,NaN
80.3840,0.445665,-0.291334,0,58.14,NaN
80.3920,0.590720,0.691700,0,58.14,NaN
80.4000,0.743590,0.802878,0,58.14,NaN
80.4080,0.909646,0.899754,0,58.14,NaN
80.4160,1.000000,0.968963,1,58.14,NaN
80.4240,1.000000,1.000000,1,58.14,NaN
80.4320,1.000000,0.988074,0,58.14,NaN
80.4400,0.858852,0.935761,0,58.14,NaN
80.4480,0.656166,0.853471,0,58.14,NaN
80.4560,0.463736,0.756339,0,58.14,NaN
80.4640,0.282051,0.658604,0,58.14,NaN
80.4720,0.103297,0.569623,0,58.14,NaN
80.4800,-0.052991,0.492374,0,58.14,NaN
80.4880,-0.163858,0.423346,0,58.14,NaN
80.4960,-0.223932,-0.220396,0,58.14,NaN
80.5040,-0.234188,-0.237226,0,58.14,NaN
80.5120,-0.210256,-0.217794,0,58.14,NaN
80.5200,-0.162393,-0.175044,0,58.14,NaN
80.5280,-0.103785,-0.123573,0,58.14,NaN
80.5360,-0.054457,-0.076639,0,58.14,NaN
80.5440,-0.023199,-0.043505,0,58.14,NaN
80.5520,-0.014408,-0.028014,0,58.14,NaN
80.5600,-0.022222,-0.028984,0,58.14,NaN
80.5680,-0.038828,-0.042088,0,58.14,NaN
80.5760,-0.058852,-0.062233,0,58.14,NaN
80.5840,-0.077900,-0.085389,0,58.14,NaN
80.5920,-0.093529,-0.109314,0,58.14,NaN
80.6000,-0.103785,-0.091421,0,58.14,NaN
80.6080,-0.105739,-0.096442,0,58.14,NaN
80.6160,-0.101343,-0.097274,0,58.14,NaN
80.6240,-0.095971,-0.096286,0,58.14,NaN
80.6320,-0.094017,-0.095654,0,58.14,NaN
80.6400,-0.094505,-0.096443,0,58.14,NaN
80.6480,-0.099878,-0.098292,0,58.14,NaN
80.6560,-0.103297,-0.099737,0,58.14,NaN
80.6640,-0.107204,-0.098854,0,58.14,NaN
80.6720,-0.109646,-0.093903,0,58.14,NaN
80.6800,-0.110134,-0.083903,0,58.14,NaN
80.6880,-0.109158,-0.069133,0,58.14,NaN
80.6960,-0.104274,-0.051381,0,58.14,NaN
80.7040,-0.101343,-0.187803,0,58.14,NaN
80.7120,-0.101832,-0.171856,0,58.14,NaN
80.7200,-0.103785,-0.154508,0,58.14,NaN
80.7280,-0.101832,-0.136657,0,58.14,NaN
80.7360,-0.105739,-0.119182,0,58.14,NaN
80.7440,-0.106227,-0.102840,0,58.14,NaN
80.7520,-0.106716,-0.088263,0,58.14,NaN
80.7600,-0.103785,-0.076104,0,58.14,NaN
80.7680,-0.100366,-0.067185,0,58.14,NaN
80.7760,-0.094017,-0.062439,0,58.14,NaN
80.7840,-0.089133,-0.062480,0,58.14,NaN
80.7920,-0.091087,-0.066937,0,58.14,NaN
80.8000,-0.093529,-0.074114,0,58.14,NaN
80.8080,-0.096947,-0.008616,0,58.14,NaN
80.8160,-0.098413,-0.014517,0,58.14,NaN
80.8240,-0.100855,-0.019294,0,58.14,NaN
80.8320,-0.102808,-0.021948,0,58.14,NaN
80.8400,-0.106227,-0.021814,0,58.14,NaN
80.8480,-0.102320,-0.018860,0,58.14,NaN
80.8560,-0.096947,-0.013939,0,58.14,NaN
80.8640,-0.090598,-0.008584,0,58.14,NaN
80.8720,-0.086691,-0.004378,0,58.14,NaN
80.8800,-0.086203,-0.002350,0,58.14,NaN
80.8880,-0.086691,-0.002729,0,58.14,NaN
80.8960,-0.089133,-0.005064,0,58.14,NaN
80.9040,-0.091575,-0.008477,0,58.14,NaN
80.9120,-0.093040,-0.005274,0,58.14,NaN
80.9200,-0.093040,-0.005820,0,58.14,NaN
80.9280,-0.090598,-0.005094,0,58.14,NaN
80.9360,-0.086691,-0.003508,0,58.14,NaN
80.9440,-0.084737,-0.001668,0,58.14,NaN
80.9520,-0.083272,-0.000046,0,58.14,NaN
80.9600,-0.082295,0.001102,0,58.14,NaN
80.9680,-0.078877,0.001604,0,58.14,NaN
80.9760,-0.077900,0.001365,0,58.14,NaN
80.9840,-0.078388,0.000533,0,58.14,NaN
80.9920,-0.080830,-0.000456,0,58.14,NaN
81.0000,-0.080342,-0.001170,0,58.14,NaN
81.0080,-0.077900,-0.001556,0,58.14,NaN
81.0160,-0.073504,-0.004397,0,58.14,NaN
81.0240,-0.070085,-0.003643,0,58.14,NaN
81.0320,-0.070085,-0.003742,0,58.14,NaN
81.0400,-0.071551,-0.004738,0,58.14,NaN
81.0480,-0.071062,-0.006264,0,58.14,NaN
81.0560,-0.071062,-0.007810,0,58.14,NaN
81.0640,-0.071551,-0.008870,0,58.14,NaN
81.0720,-0.070574,-0.009030,0,58.14,NaN
81.0800,-0.069109,-0.008116,0,58.14,NaN
81.0880,-0.064713,-0.006332,0,58.14,NaN
81.0960,-0.059341,-0.004188,0,58.14,NaN
81.1040,-0.056899,-0.002161,0,58.14,NaN
81.1120,-0.054945,-0.000372,0,58.14,NaN
81.1200,-0.054457,0.002427,0,58.14,NaN
81.1280,-0.054945,0.000608,0,58.14,NaN
81.1360,-0.055922,-0.001928,0,58.14,NaN
81.1440,-0.057387,-0.004459,0,58.14,NaN
81.1520,-0.058852,-0.006168,0,58.14,NaN
81.1600,-0.059341,-0.006436,0,58.14,NaN
81.1680,-0.054457,-0.005215,0,58.14,NaN
81.1760,-0.049084,-0.003135,0,58.14,NaN
81.1840,-0.044689,-0.001133,0,58.14,NaN
81.1920,-0.043223,0.000129,0,58.14,NaN
81.2000,-0.043223,0.000542,0,58.14,NaN
81.2080,-0.041758,0.000380,0,58.14,NaN
81.2160,-0.039805,-0.000032,0,58.14,NaN
81.2240,-0.038828,0.012137,0,58.14,NaN
81.2320,-0.038828,0.013065,0,58.14,NaN
81.2400,-0.037363,0.014735,0,58.14,NaN
81.2480,-0.031990,0.016755,0,58.14,NaN
81.2560,-0.026129,0.018174,0,58.14,NaN
81.2640,-0.025153,0.018052,0,58.14,NaN
81.2720,-0.028571,0.016134,0,58.14,NaN
81.2800,-0.032479,0.012991,0,58.14,NaN
81.2880,-0.033455,0.009611,0,58.14,NaN
81.2960,-0.036386,0.006954,0,58.14,NaN
81.3040,-0.037363,0.005701,0,58.14,NaN
81.3120,-0.035897,0.006014,0,58.14,NaN
81.3200,-0.031502,0.007367,0,58.14,NaN
81.3280,-0.025641,-0.001242,0,58.14,NaN
81.3360,-0.019780,0.001825,0,58.14,NaN
81.3440,-0.015385,0.003412,0,58.14,NaN
81.3520,-0.015873,0.002946,0,58.14,NaN
81.3600,-0.018803,0.000697,0,58.14,NaN
81.3680,-0.020757,-0.002462,0,58.14,NaN
81.3760,-0.021734,-0.005528,0,58.14,NaN
81.3840,-0.021734,-0.007663,0,58.14,NaN
81.3920,-0.023199,-0.008276,0,58.14,NaN
81.4000,-0.019292,-0.007138,0,58.14,NaN
81.4080,-0.014408,-0.004506,0,58.14,NaN
81.4160,-0.007570,-0.000976,0,58.14,NaN
81.4240,-0.004640,0.002887,0,58.14,NaN
81.4320,-0.002198,0.042261,0,58.14,NaN
81.4400,-0.004640,0.041777,0,58.14,NaN
81.4480,-0.007570,0.039655,0,58.14,NaN
81.4560,-0.011966,0.036919,0,58.14,NaN
81.4640,-0.014896,0.034656,0,58.14,NaN
81.4720,-0.016850,0.033600,0,58.14,NaN
81.4800,-0.016361,0.033820,0,58.14,NaN
81.4880,-0.014896,0.034655,0,58.14,NaN
81.4960,-0.012454,0.034951,0,58.14,NaN
81.5040,-0.013919,0.033608,0,58.14,NaN
81.5120,-0.020269,0.030123,0,58.14,NaN
81.5200,-0.025641,0.024758,0,58.14,NaN
81.5280,-0.033455,0.018330,0,58.14,NaN
81.5360,-0.038828,0.041219,0,58.14,NaN
81.5440,-0.045665,0.037364,0,58.14,NaN
81.5520,-0.051526,0.034843,0,58.14,NaN
81.5600,-0.054457,0.033706,0,58.14,NaN
81.5680,-0.054457,0.033384,0,58.14,NaN
81.5760,-0.055433,0.032945,0,58.14,NaN
81.5840,-0.060806,0.031653,0,58.14,NaN
81.5920,-0.066667,0.029335,0,58.14,NaN
81.6000,-0.071551,0.026271,0,58.14,NaN
81.6080,-0.077411,0.022933,0,58.14,NaN
81.6160,-0.084737,0.019787,0,58.14,NaN
81.6240,-0.088645,0.017106,0,58.14,NaN
81.6320,-0.093040,0.014817,0,58.14,NaN
81.6400,-0.094994,-0.014504,0,58.14,NaN
81.6480,-0.097924,-0.014813,0,58.14,NaN
81.6560,-0.099389,-0.014361,0,58.14,NaN
81.6640,-0.099878,-0.013517,0,58.14,NaN
81.6720,-0.100855,-0.012720,0,58.14,NaN
81.6800,-0.101343,-0.012343,0,58.14,NaN
81.6880,-0.104274,-0.012521,0,58.14,NaN
81.6960,-0.107692,-0.013060,0,58.14,NaN
81.7040,-0.109646,-0.013513,0,58.14,NaN
81.7120,-0.114530,-0.013382,0,58.14,NaN
81.7200,-0.114530,-0.012359,0,58.14,NaN
81.7280,-0.114530,-0.010504,0,58.14,NaN
81.7360,-0.115507,-0.008171,0,58.14,NaN
81.7440,-0.115995,-0.039922,0,58.14,NaN
81.7520,-0.116972,-0.040345,0,58.14,NaN
81.7600,-0.118437,-0.041409,0,58.14,NaN
81.7680,-0.122344,-0.042768,0,58.14,NaN
81.7760,-0.125275,-0.043687,0,58.14,NaN
81.7840,-0.126252,-0.043322,0,58.14,NaN
81.7920,-0.127228,-0.041092,0,58.14,NaN
81.8000,-0.123810,-0.037015,0,58.14,NaN
81.8080,-0.116972,-0.031863,0,58.14,NaN
81.8160,-0.112576,-0.026874,0,58.14,NaN
81.8240,-0.109158,-0.023113,0,58.14,NaN
81.8320,-0.109646,-0.020928,0,58.14,NaN
81.8400,-0.111111,-0.019815,0,58.14,NaN
81.8480,-0.114530,-0.021547,0,58.14,NaN
81.8560,-0.118437,-0.024787,0,58.14,NaN
81.8640,-0.125275,-0.027167,0,58.14,NaN
81.8720,-0.126252,-0.027534,0,58.14,NaN
81.8800,-0.122344,-0.025629,0,58.14,NaN
81.8880,-0.116972,-0.022233,0,58.14,NaN
81.8960,-0.112088,-0.018644,0,58.14,NaN
81.9040,-0.110134,-0.015922,0,58.14,NaN
81.9120,-0.110134,-0.014414,0,58.14,NaN
81.9200,-0.112576,-0.013801,0,58.14,NaN
81.9280,-0.110134,-0.013559,0,58.14,NaN
81.9360,-0.109158,-0.013379,0,58.14,NaN
81.9440,-0.108669,-0.013191,0,58.14,NaN
81.9520,-0.108669,-0.001588,0,58.14,NaN
81.9600,-0.107204,-0.000672,0,58.14,NaN
81.9680,-0.105739,0.000021,0,58.14,NaN
81.9760,-0.104762,0.000103,0,58.14,NaN
81.9840,-0.105739,-0.000715,0,58.14,NaN
81.9920,-0.108181,-0.002477,0,58.14,NaN
82.0000,-0.108669,-0.004983,0,58.14,NaN
82.0080,-0.110623,-0.007779,0,58.14,NaN
82.0160,-0.114530,-0.010064,0,58.14,NaN
82.0240,-0.116484,-0.010794,0,58.14,NaN
82.0320,-0.115507,-0.009138,0,58.14,NaN
82.0400,-0.110134,-0.005018,0,58.14,NaN
82.0480,-0.101832,0.000669,0,58.14,NaN
82.0560,-0.099878,0.001376,0,58.14,NaN
82.0640,-0.097924,0.002615,0,58.14,NaN
82.0720,-0.098413,0.001952,0,58.14,NaN
82.0800,-0.101343,-0.000151,0,58.14,NaN
82.0880,-0.102320,-0.002807,0,58.14,NaN
82.0960,-0.105739,-0.004991,0,58.14,NaN
82.1040,-0.105739,-0.005852,0,58.14,NaN
82.1120,-0.104762,-0.005022,0,58.14,NaN
82.1200,-0.101343,-0.002829,0,58.14,NaN
82.1280,-0.094994,-0.000236,0,58.14,NaN
82.1360,-0.091087,0.001613,0,58.14,NaN
82.1440,-0.091087,0.002098,0,58.14,NaN
82.1520,-0.093529,0.001535,0,58.14,NaN
82.1600,-0.096459,0.007027,0,58.14,NaN
82.1680,-0.100855,0.003623,0,58.14,NaN
82.1760,-0.101832,0.000783,0,58.14,NaN
82.1840,-0.104274,-0.000719,0,58.14,NaN
82.1920,-0.103785,-0.000557,0,58.14,NaN
82.2000,-0.100366,0.001018,0,58.14,NaN
82.2080,-0.096459,0.003236,0,58.14,NaN
82.2160,-0.093529,0.005169,0,58.14,NaN
82.2240,-0.093529,0.006160,0,58.14,NaN
82.2320,-0.094017,0.005987,0,58.14,NaN
82.2400,-0.094505,0.004750,0,58.14,NaN
82.2480,-0.095971,0.002706,0,58.14,NaN
82.2560,-0.098413,0.000219,0,58.14,NaN
82.2640,-0.100366,0.006239,0,58.14,NaN
82.2720,-0.100855,0.006204,0,58.14,NaN
82.2800,-0.099878,0.007100,0,58.14,NaN
82.2880,-0.095971,0.008326,0,58.14,NaN
82.2960,-0.094017,0.009013,0,58.14,NaN
82.3040,-0.095482,0.008547,0,58.14,NaN
82.3120,-0.097924,0.006918,0,58.14,NaN
82.3200,-0.101343,0.004638,0,58.14,NaN
82.3280,-0.102320,0.002421,0,58.14,NaN
82.3360,-0.103785,0.000913,0,58.14,NaN
82.3440,-0.105739,0.000576,0,58.14,NaN
82.3520,-0.104762,0.001522,0,58.14,NaN
82.3600,-0.101343,0.003330,0,58.14,NaN
82.3680,-0.099389,0.002358,0,58.14,NaN
82.3760,-0.095971,0.003988,0,58.14,NaN
82.3840,-0.096459,0.004545,0,58.14,NaN
82.3920,-0.098413,0.003934,0,58.14,NaN
82.4000,-0.099878,0.002455,0,58.14,NaN
82.4080,-0.101343,0.000561,0,58.14,NaN
82.4160,-0.102320,-0.001279,0,58.14,NaN
82.4240,-0.105739,-0.002588,0,58.14,NaN
82.4320,-0.106227,-0.002969,0,58.14,NaN
82.4400,-0.105739,-0.002326,0,58.14,NaN
82.4480,-0.101832,-0.000955,0,58.14,NaN
82.4560,-0.101343,0.000703,0,58.14,NaN
82.4640,-0.100855,0.002382,0,58.14,NaN
82.4720,-0.097924,0.005978,0,58.14,NaN
82.4800,-0.094994,0.008322,0,58.14,NaN
82.4880,-0.092063,0.010235,0,58.14,NaN
82.4960,-0.092552,0.011562,0,58.14,NaN
82.5040,-0.092552,0.012387,0,58.14,NaN
82.5120,-0.092552,0.012855,0,58.14,NaN
82.5200,-0.091087,0.012968,0,58.14,NaN
82.5280,-0.092552,0.012600,0,58.14,NaN
82.5360,-0.092552,0.011649,0,58.14,NaN
82.5440,-0.095482,0.010167,0,58.14,NaN
82.5520,-0.097924,0.008386,0,58.14,NaN
82.5600,-0.100855,0.006576,0,58.14,NaN
82.5680,-0.101343,0.004851,0,58.14,NaN
82.5760,-0.101343,0.000932,0,58.14,NaN
82.5840,-0.101832,0.002652,0,58.14,NaN
82.5920,-0.098901,0.005829,0,58.14,NaN
82.6000,-0.093529,0.009809,0,58.14,NaN
82.6080,-0.087179,0.013466,0,58.14,NaN
82.6160,-0.086203,0.015720,0,58.14,NaN
82.6240,-0.087179,0.016052,0,58.14,NaN
82.6320,-0.088645,0.014611,0,58.14,NaN
82.6400,-0.092552,0.011987,0,58.14,NaN
82.6480,-0.094994,0.008942,0,58.14,NaN
82.6560,-0.099389,0.006166,0,58.14,NaN
82.6640,-0.101343,0.004029,0,58.14,NaN
82.6720,-0.101343,0.002414,0,58.14,NaN
82.6800,-0.099878,-0.005628,0,58.14,NaN
82.6880,-0.098413,-0.004829,0,58.14,NaN
82.6960,-0.096947,-0.004005,0,58.14,NaN
82.7040,-0.097924,-0.003429,0,58.14,NaN
82.7120,-0.097924,-0.003127,0,58.14,NaN
82.7200,-0.095971,-0.003044,0,58.14,NaN
82.7280,-0.095971,-0.003121,0,58.14,NaN
82.7360,-0.096947,-0.003206,0,58.14,NaN
82.7440,-0.096947,-0.003093,0,58.14,NaN
82.7520,-0.095971,-0.002708,0,58.14,NaN
82.7600,-0.093040,-0.002220,0,58.14,NaN
82.7680,-0.093040,-0.001862,0,58.14,NaN
82.7760,-0.093529,-0.001679,0,58.14,NaN
82.7840,-0.095971,-0.005500,0,58.14,NaN
82.7920,-0.095971,-0.005666,0,58.14,NaN
82.8000,-0.094017,-0.005089,0,58.14,NaN
82.8080,-0.092063,-0.003701,0,58.14,NaN
82.8160,-0.090598,-0.001577,0,58.14,NaN
82.8240,-0.088645,0.001143,0,58.14,NaN
82.8320,-0.085226,0.004149,0,58.14,NaN
82.8400,-0.082295,0.006840,0,58.14,NaN
82.8480,-0.077411,0.008388,0,58.14,NaN
82.8560,-0.077411,0.008095,0,58.14,NaN
82.8640,-0.081319,0.005813,0,58.14,NaN
82.8720,-0.085714,0.002012,0,58.14,NaN
82.8800,-0.088645,-0.002552,0,58.14,NaN
82.8880,-0.090110,0.012382,0,58.14,NaN
82.8960,-0.091087,0.012595,0,58.14,NaN
82.9040,-0.090110,0.014614,0,58.14,NaN
82.9120,-0.086203,0.017985,0,58.14,NaN
82.9200,-0.081319,0.021667,0,58.14,NaN
82.9280,-0.076435,0.024381,0,58.14,NaN
82.9360,-0.077411,0.025208,0,58.14,NaN
82.9440,-0.082295,0.024005,0,58.14,NaN
82.9520,-0.085714,0.021267,0,58.14,NaN
82.9600,-0.088645,0.017677,0,58.14,NaN
82.9680,-0.094505,0.013811,0,58.14,NaN
82.9760,-0.098413,0.010038,0,58.14,NaN
82.9840,-0.101343,0.006442,0,58.14,NaN
82.9920,-0.095971,-0.008960,0,58.14,NaN
83.0000,-0.090598,-0.006861,0,58.14,NaN
83.0080,-0.085714,-0.004883,0,58.14,NaN
83.0160,-0.085226,-0.003886,0,58.14,NaN
83.0240,-0.086203,-0.004151,0,58.14,NaN
83.0320,-0.087668,-0.005393,0,58.14,NaN
83.0400,-0.090598,-0.006977,0,58.14,NaN
83.0480,-0.092552,-0.008171,0,58.14,NaN
83.0560,-0.093040,-0.008426,0,58.14,NaN
83.0640,-0.089621,-0.007602,0,58.14,NaN
83.0720,-0.085714,-0.005956,0,58.14,NaN
83.0800,-0.082295,-0.003904,0,58.14,NaN
83.0880,-0.080342,-0.001739,0,58.14,NaN
83.0960,-0.084249,-0.002486,0,58.14,NaN
83.1040,-0.087179,-0.005795,0,58.14,NaN
83.1120,-0.093040,-0.009335,0,58.14,NaN
83.1200,-0.094994,-0.011798,0,58.14,NaN
83.1280,-0.094994,-0.012220,0,58.14,NaN
83.1360,-0.093529,-0.010257,0,58.14,NaN
83.1440,-0.090110,-0.006305,0,58.14,NaN
83.1520,-0.082295,-0.001524,0,58.14,NaN
83.1600,-0.075458,0.002451,0,58.14,NaN
83.1680,-0.074481,0.004205,0,58.14,NaN
83.1760,-0.076435,0.003185,0,58.14,NaN
83.1840,-0.081319,-0.000185,0,58.14,NaN
83.1920,-0.085226,-0.004849,0,58.14,NaN
83.2000,-0.086203,0.004599,0,58.14,NaN
83.2080,-0.087668,0.002995,0,58.14,NaN
83.2160,-0.089621,0.002691,0,58.14,NaN
83.2240,-0.088156,0.003606,0,58.14,NaN
83.2320,-0.085714,0.005261,0,58.14,NaN
83.2400,-0.083761,0.006931,0,58.14,NaN
83.2480,-0.082784,0.007975,0,58.14,NaN
83.2560,-0.084249,0.008099,0,58.14,NaN
83.2640,-0.085714,0.007377,0,58.14,NaN
83.2720,-0.086203,0.006064,0,58.14,NaN
83.2800,-0.088645,0.004442,0,58.14,NaN
83.2880,-0.090110,0.002737,0,58.14,NaN
83.2960,-0.091087,0.001056,0,58.14,NaN
83.3040,-0.091575,-0.017718,0,58.14,NaN
83.3120,-0.087179,-0.016657,0,58.14,NaN
83.3200,-0.084737,-0.015355,0,58.14,NaN
83.3280,-0.082295,-0.014598,0,58.14,NaN
83.3360,-0.083272,-0.014845,0,58.14,NaN
83.3440,-0.083761,-0.016064,0,58.14,NaN
83.3520,-0.085714,-0.017839,0,58.14,NaN
83.3600,-0.084737,-0.019559,0,58.14,NaN
83.3680,-0.086203,-0.020504,0,58.14,NaN
83.3760,-0.086691,-0.019909,0,58.14,NaN
83.3840,-0.084249,-0.017234,0,58.14,NaN
83.3920,-0.077411,-0.012545,0,58.14,NaN
83.4000,-0.070085,-0.006630,0,58.14,NaN
83.4080,-0.062759,-0.034067,0,58.14,NaN
83.4160,-0.059341,-0.032403,0,58.14,NaN
83.4240,-0.058364,-0.032575,0,58.14,NaN
83.4320,-0.057875,-0.033984,0,58.14,NaN
83.4400,-0.058852,-0.035481,0,58.14,NaN
83.4480,-0.057875,-0.035828,0,58.14,NaN
83.4560,-0.054457,-0.034224,0,58.14,NaN
83.4640,-0.047131,-0.030687,0,58.14,NaN
83.4720,-0.038339,-0.026045,0,58.14,NaN
83.4800,-0.030037,-0.021489,0,58.14,NaN
83.4880,-0.024664,-0.017937,0,58.14,NaN
83.4960,-0.021734,-0.015613,0,58.14,NaN
83.5040,-0.017827,-0.014091,0,58.14,NaN
83.5120,-0.012943,0.042993,0,58.14,NaN
83.5200,-0.007082,0.045028,0,58.14,NaN
83.5280,-0.005617,0.045201,0,58.14,NaN
83.5360,-0.008059,0.043687,0,58.14,NaN
83.5440,-0.013919,0.041457,0,58.14,NaN
83.5520,-0.015873,0.039774,0,58.14,NaN
83.5600,-0.014896,0.039399,0,58.14,NaN
83.5680,-0.012943,0.040126,0,58.14,NaN
83.5760,-0.009035,0.040868,0,58.14,NaN
83.5840,-0.007570,0.040141,0,58.14,NaN
83.5920,-0.008547,0.036764,0,58.14,NaN
83.6000,-0.014408,0.030506,0,58.14,NaN
83.6080,-0.024664,0.022366,0,58.14,NaN
83.6160,-0.037363,0.052953,0,58.14,NaN
83.6240,-0.045665,0.044616,0,58.14,NaN
83.6320,-0.053480,0.037348,0,58.14,NaN
83.6400,-0.057875,0.031312,0,58.14,NaN
83.6480,-0.064713,0.026194,0,58.14,NaN
83.6560,-0.069109,0.021606,0,58.14,NaN
83.6640,-0.074481,0.017367,0,58.14,NaN
83.6720,-0.080342,0.013650,0,58.14,NaN
83.6800,-0.085226,0.010927,0,58.14,NaN
83.6880,-0.086691,0.009730,0,58.14,NaN
83.6960,-0.089133,0.010406,0,58.14,NaN
83.7040,-0.089133,0.012913,0,58.14,NaN
83.7120,-0.084737,0.016620,0,58.14,NaN
83.7200,-0.080342,-0.017930,0,58.14,NaN
83.7280,-0.080342,-0.017166,0,58.14,NaN
83.7360,-0.083272,-0.018184,0,58.14,NaN
83.7440,-0.086691,-0.020698,0,58.14,NaN
83.7520,-0.090110,-0.023869,0,58.14,NaN
83.7600,-0.094017,-0.026586,0,58.14,NaN
83.7680,-0.098413,-0.027747,0,58.14,NaN
83.7760,-0.097924,-0.026658,0,58.14,NaN
83.7840,-0.094994,-0.023442,0,58.14,NaN
83.7920,-0.088645,-0.019064,0,58.14,NaN
83.8000,-0.084249,-0.014831,0,58.14,NaN
83.8080,-0.082784,-0.011601,0,58.14,NaN
83.8160,-0.085714,-0.009268,0,58.14,NaN
83.8240,-0.087179,-0.020444,0,58.14,NaN
83.8320,-0.090110,-0.021790,0,58.14,NaN
83.8400,-0.093040,-0.022852,0,58.14,NaN
83.8480,-0.094017,-0.022873,0,58.14,NaN
83.8560,-0.094994,-0.021431,0,58.14,NaN
83.8640,-0.093040,-0.018655,0,58.14,NaN
83.8720,-0.087179,-0.015276,0,58.14,NaN
83.8800,-0.085714,-0.012307,0,58.14,NaN
83.8880,-0.085714,-0.010478,0,58.14,NaN
83.8960,-0.088156,-0.009900,0,58.14,NaN
83.9040,-0.091087,-0.010186,0,58.14,NaN
83.9120,-0.093529,-0.010812,0,58.14,NaN
83.9200,-0.093529,-0.011477,0,58.14,NaN
83.9280,-0.094994,0.073632,0,58.14,NaN
83.9360,-0.098901,0.079072,0,58.14,NaN
83.9440,-0.094994,0.085947,0,58.14,NaN
83.9520,-0.088156,0.092985,0,58.14,NaN
83.9600,-0.085714,0.097995,0,58.14,NaN
83.9680,-0.086691,0.098775,0,58.14,NaN
83.9760,-0.094994,0.094084,0,58.14,NaN
83.9840,-0.110623,0.084265,0,58.14,NaN
83.9920,-0.129182,0.071265,0,58.14,NaN
84.0000,-0.148718,0.058067,0,58.14,NaN
84.0080,-0.170696,0.047636,0,58.14,NaN
84.0160,-0.179976,0.041487,0,58.14,NaN
84.0240,-0.178510,0.038567,0,58.14,NaN
84.0320,-0.156044,-0.990809,0,58.14,NaN
84.0400,-0.117949,-1.000000,0,58.14,NaN
84.0480,-0.066667,-0.994840,0,58.14,NaN
84.0560,-0.003175,-0.974674,0,58.14,NaN
84.0640,0.075946,-0.938351,0,58.14,NaN
84.0720,0.175092,-0.885041,0,58.14,NaN
84.0800,0.296703,-0.815632,0,58.14,NaN
84.0880,0.427595,-0.733924,0,58.14,NaN
84.0960,0.569231,-0.647337,0,58.14,NaN
84.1040,0.716728,-0.566927,0,58.14,NaN
84.1120,0.885714,-0.505126,0,58.14,NaN
84.1200,1.000000,-0.469046,0,58.14,NaN
84.1280,1.000000,-0.452529,0,58.14,NaN
84.1360,1.000000,0.977011,1,58.14,NaN
84.1440,0.831502,0.901356,0,58.14,NaN
84.1520,0.621978,0.787533,0,58.14,NaN
84.1600,0.428571,0.655789,0,58.14,NaN
84.1680,0.245910,0.525000,0,58.14,NaN
84.1760,0.080342,0.409184,0,58.14,NaN
84.1840,-0.064713,0.317798,0,58.14,NaN
84.1920,-0.171184,0.256713,0,58.14,NaN
84.2000,-0.231746,0.228377,0,58.14,NaN
84.2080,-0.250794,0.231579,0,58.14,NaN
84.2160,-0.231746,0.261598,0,58.14,NaN
84.2240,-0.189744,0.310971,0,58.14,NaN
84.2320,-0.138950,0.370612,0,58.14,NaN
84.2400,-0.093040,-0.012424,0,58.14,NaN
84.2480,-0.061294,0.025792,0,58.14,NaN
84.2560,-0.045177,0.050578,0,58.14,NaN
84.2640,-0.041270,0.061738,0,58.14,NaN
84.2720,-0.049084,0.061739,0,58.14,NaN
84.2800,-0.063248,0.054420,0,58.14,NaN
84.2880,-0.078388,0.043802,0,58.14,NaN
84.2960,-0.093529,0.033191,0,58.14,NaN
84.3040,-0.103785,0.024668,0,58.14,NaN
84.3120,-0.109646,0.019011,0,58.14,NaN
84.3200,-0.114530,0.016007,0,58.14,NaN
84.3280,-0.117460,0.014927,0,58.14,NaN
84.3360,-0.119902,0.014872,0,58.14,NaN
84.3440,-0.116972,-0.230854,0,58.14,NaN
84.3520,-0.115507,-0.234619,0,58.14,NaN
84.3600,-0.113553,-0.237466,0,58.14,NaN
84.3680,-0.111600,-0.239581,0,58.14,NaN
84.3760,-0.113553,-0.240584,0,58.14,NaN
84.3840,-0.116484,-0.239434,0,58.14,NaN
84.3920,-0.118437,-0.234711,0,58.14,NaN
84.4000,-0.119414,-0.225153,0,58.14,NaN
84.4080,-0.117460,-0.210188,0,58.14,NaN
84.4160,-0.114530,-0.190240,0,58.14,NaN
84.4240,-0.109158,-0.166618,0,58.14,NaN
84.4320,-0.106716,-0.140951,0,58.14,NaN
84.4400,-0.107692,-0.114529,0,58.14,NaN
84.4480,-0.109646,-0.023523,0,58.14,NaN
84.4560,-0.106227,-0.006722,0,58.14,NaN
84.4640,-0.101343,0.006581,0,58.14,NaN
84.4720,-0.100366,0.015814,0,58.14,NaN
84.4800,-0.100366,0.020993,0,58.14,NaN
84.4880,-0.101343,0.022817,0,58.14,NaN
84.4960,-0.101343,0.022336,0,58.14,NaN
84.5040,-0.100855,0.020485,0,58.14,NaN
84.5120,-0.096459,0.017777,0,58.14,NaN
84.5200,-0.096459,0.014412,0,58.14,NaN
84.5280,-0.100855,0.010640,0,58.14,NaN
84.5360,-0.103785,0.006810,0,58.14,NaN
84.5440,-0.105739,0.003077,0,58.14,NaN
84.5520,-0.107692,-0.021976,0,58.14,NaN
84.5600,-0.105739,-0.021240,0,58.14,NaN
84.5680,-0.103297,-0.019069,0,58.14,NaN
84.5760,-0.101343,-0.016107,0,58.14,NaN
84.5840,-0.098901,-0.013082,0,58.14,NaN
84.5920,-0.093040,-0.010726,0,58.14,NaN
84.6000,-0.091575,-0.009565,0,58.14,NaN
84.6080,-0.092063,-0.009581,0,58.14,NaN
84.6160,-0.093529,-0.010171,0,58.14,NaN
84.6240,-0.093529,-0.010545,0,58.14,NaN
84.6320,-0.090110,-0.010226,0,58.14,NaN
84.6400,-0.086203,-0.009244,0,58.14,NaN
84.6480,-0.084249,-0.007923,0,58.14,NaN
84.6560,-0.078388,0.008971,0,58.14,NaN
84.6640,-0.074969,0.010836,0,58.14,NaN
84.6720,-0.074481,0.011080,0,58.14,NaN
84.6800,-0.074969,0.009487,0,58.14,NaN
84.6880,-0.078388,0.006366,0,58.14,NaN
84.6960,-0.080830,0.002427,0,58.14,NaN
84.7040,-0.085226,-0.001442,0,58.14,NaN
84.7120,-0.085714,-0.004412,0,58.14,NaN
84.7200,-0.085714,-0.005868,0,58.14,NaN
84.7280,-0.085714,-0.005416,0,58.14,NaN
84.7360,-0.083272,-0.002913,0,58.14,NaN
84.7440,-0.076435,0.001361,0,58.14,NaN
84.7520,-0.070085,0.006653,0,58.14,NaN
84.7600,-0.066667,0.010663,0,58.14,NaN
84.7680,-0.066667,0.011678,0,58.14,NaN
84.7760,-0.066178,0.010961,0,58.14,NaN
84.7840,-0.068132,0.008956,0,58.14,NaN
84.7920,-0.070085,0.006386,0,58.14,NaN
84.8000,-0.072527,0.004079,0,58.14,NaN
84.8080,-0.073016,0.002735,0,58.14,NaN
84.8160,-0.073504,0.002690,0,58.14,NaN
84.8240,-0.070085,0.003739,0,58.14,NaN
84.8320,-0.065201,0.005175,0,58.14,NaN
84.8400,-0.063248,0.006193,0,58.14,NaN
84.8480,-0.062759,0.006393,0,58.14,NaN
84.8560,-0.063248,0.005974,0,58.14,NaN
84.8640,-0.062271,-0.001799,0,58.14,NaN
84.8720,-0.063736,-0.003194,0,58.14,NaN
84.8800,-0.063736,-0.003910,0,58.14,NaN
84.8880,-0.063736,-0.003450,0,58.14,NaN
84.8960,-0.059341,-0.001813,0,58.14,NaN
84.9040,-0.053968,0.000393,0,58.14,NaN
84.9120,-0.049573,0.002257,0,58.14,NaN
84.9200,-0.048107,0.003116,0,58.14,NaN
84.9280,-0.049084,0.002890,0,58.14,NaN
84.9360,-0.049573,0.001969,0,58.14,NaN
84.9440,-0.049084,0.000807,0,58.14,NaN
84.9520,-0.047619,-0.000365,0,58.14,NaN
84.9600,-0.048107,-0.001518,0,58.14,NaN
84.9680,-0.046642,-0.005240,0,58.14,NaN
84.9760,-0.044200,-0.004369,0,58.14,NaN
84.9840,-0.039316,-0.003416,0,58.14,NaN
84.9920,-0.038828,-0.002806,0,58.14,NaN
85.0000,-0.038339,-0.002690,0,58.14,NaN
85.0080,-0.037363,-0.002972,0,58.14,NaN
85.0160,-0.035409,-0.003531,0,58.14,NaN
85.0240,-0.033455,-0.004289,0,58.14,NaN
85.0320,-0.032479,-0.005066,0,58.14,NaN
85.0400,-0.033455,-0.005432,0,58.14,NaN
85.0480,-0.032479,-0.004859,0,58.14,NaN
85.0560,-0.028571,-0.003128,0,58.14,NaN
85.0640,-0.023199,-0.000604,0,58.14,NaN
85.0720,-0.019780,0.006543,0,58.14,NaN
85.0800,-0.020757,0.005826,0,58.14,NaN
85.0880,-0.023199,0.003352,0,58.14,NaN
85.0960,-0.024176,-0.000458,0,58.14,NaN
85.1040,-0.028083,-0.004810,0,58.14,NaN
85.1120,-0.031502,-0.008646,0,58.14,NaN
85.1200,-0.033944,-0.010881,0,58.14,NaN
85.1280,-0.032967,-0.010838,0,58.14,NaN
85.1360,-0.027595,-0.008638,0,58.14,NaN
85.1440,-0.020757,-0.005203,0,58.14,NaN
85.1520,-0.014408,-0.001784,0,58.14,NaN
85.1600,-0.009524,0.000752,0,58.14,NaN
85.1680,-0.010501,0.002444,0,58.14,NaN
85.1760,-0.011966,0.063614,0,58.14,NaN
85.1840,-0.016361,0.060511,0,58.14,NaN
85.1920,-0.023199,0.055978,0,58.14,NaN
85.2000,-0.031013,0.051355,0,58.14,NaN
85.2080,-0.037851,0.047843,0,58.14,NaN
85.2160,-0.038828,0.045949,0,58.14,NaN
85.2240,-0.039805,0.045260,0,58.14,NaN
85.2320,-0.040293,0.044763,0,58.14,NaN
85.2400,-0.043223,0.043440,0,58.14,NaN
85.2480,-0.049573,0.040719,0,58.14,NaN
85.2560,-0.054945,0.036557,0,58.14,NaN
85.2640,-0.062271,0.031275,0,58.14,NaN
85.2720,-0.070085,0.025402,0,58.14,NaN
85.2800,-0.077411,0.010081,0,58.14,NaN
85.2880,-0.082295,0.007206,0,58.14,NaN
85.2960,-0.084249,0.006005,0,58.14,NaN
85.3040,-0.084737,0.005864,0,58.14,NaN
85.3120,-0.084737,0.005808,0,58.14,NaN
85.3200,-0.088156,0.005010,0,58.14,NaN
85.3280,-0.093040,0.003194,0,58.14,NaN
85.3360,-0.098413,0.000675,0,58.14,NaN
85.3440,-0.102320,-0.001854,0,58.14,NaN
85.3520,-0.107692,-0.003547,0,58.14,NaN
85.3600,-0.112576,-0.003630,0,58.14,NaN
85.3680,-0.113553,-0.001808,0,58.14,NaN
85.3760,-0.110134,0.001351,0,58.14,NaN
85.3840,-0.109158,-0.016958,0,58.14,NaN
85.3920,-0.105739,-0.015084,0,58.14,NaN
85.4000,-0.109158,-0.014998,0,58.14,NaN
85.4080,-0.114530,-0.016850,0,58.14,NaN
85.4160,-0.117949,-0.020059,0,58.14,NaN
85.4240,-0.125275,-0.023593,0,58.14,NaN
85.4320,-0.131136,-0.026282,0,58.14,NaN
85.4400,-0.132601,-0.027195,0,58.14,NaN
85.4480,-0.134066,-0.025943,0,58.14,NaN
85.4560,-0.132601,-0.022717,0,58.14,NaN
85.4640,-0.129182,-0.018140,0,58.14,NaN
85.4720,-0.125763,-0.012949,0,58.14,NaN
85.4800,-0.125763,-0.007622,0,58.14,NaN
85.4880,-0.129670,-0.028569,0,58.14,NaN
85.4960,-0.132601,-0.028946,0,58.14,NaN
85.5040,-0.133089,-0.028979,0,58.14,NaN
85.5120,-0.134554,-0.027821,0,58.14,NaN
85.5200,-0.132601,-0.024987,0,58.14,NaN
85.5280,-0.131136,-0.020544,0,58.14,NaN
85.5360,-0.124298,-0.015241,0,58.14,NaN
85.5440,-0.118437,-0.010352,0,58.14,NaN
85.5520,-0.116972,-0.007136,0,58.14,NaN
85.5600,-0.117949,-0.006264,0,58.14,NaN
85.5680,-0.121368,-0.007653,0,58.14,NaN
85.5760,-0.126252,-0.010681,0,58.14,NaN
85.5840,-0.129670,-0.014527,0,58.14,NaN
85.5920,-0.129670,-0.015258,0,58.14,NaN
85.6000,-0.132112,-0.014358,0,58.14,NaN
85.6080,-0.126252,-0.011729,0,58.14,NaN
85.6160,-0.122344,-0.008148,0,58.14,NaN
85.6240,-0.118437,-0.004628,0,58.14,NaN
85.6320,-0.116972,-0.001936,0,58.14,NaN
85.6400,-0.116484,-0.000384,0,58.14,NaN
85.6480,-0.115995,0.000074,0,58.14,NaN
85.6560,-0.116484,-0.000343,0,58.14,NaN
85.6640,-0.116972,-0.001362,0,58.14,NaN
85.6720,-0.117949,-0.002688,0,58.14,NaN
85.6800,-0.121368,-0.004045,0,58.14,NaN
85.6880,-0.120391,-0.005312,0,58.14,NaN
85.6960,-0.117460,-0.012708,0,58.14,NaN
85.7040,-0.114530,-0.011884,0,58.14,NaN
85.7120,-0.113553,-0.011586,0,58.14,NaN
85.7200,-0.113553,-0.012170,0,58.14,NaN
85.7280,-0.115507,-0.013495,0,58.14,NaN
85.7360,-0.116484,-0.015080,0,58.14,NaN
85.7440,-0.115507,-0.016384,0,58.14,NaN
85.7520,-0.114530,-0.016964,0,58.14,NaN
85.7600,-0.115018,-0.016463,0,58.14,NaN
85.7680,-0.111600,-0.014688,0,58.14,NaN
85.7760,-0.106227,-0.011787,0,58.14,NaN
85.7840,-0.100366,-0.008197,0,58.14,NaN
85.7920,-0.096947,-0.004355,0,58.14,NaN
85.8000,-0.096947,0.008678,0,58.14,NaN
85.8080,-0.099878,0.005552,0,58.14,NaN
85.8160,-0.103785,0.000542,0,58.14,NaN
85.8240,-0.109646,-0.005008,0,58.14,NaN
85.8320,-0.116484,-0.009411,0,58.14,NaN
85.8400,-0.117949,-0.011230,0,58.14,NaN
85.8480,-0.116484,-0.009975,0,58.14,NaN
85.8560,-0.107692,-0.006426,0,58.14,NaN
85.8640,-0.100855,-0.002247,0,58.14,NaN
85.8720,-0.096947,0.000935,0,58.14,NaN
85.8800,-0.097924,0.002312,0,58.14,NaN
85.8880,-0.096947,0.002007,0,58.14,NaN
85.8960,-0.097924,0.000735,0,58.14,NaN
85.9040,-0.101343,0.009348,0,58.14,NaN
85.9120,-0.101832,0.007309,0,58.14,NaN
85.9200,-0.104762,0.005933,0,58.14,NaN
85.9280,-0.103785,0.005403,0,58.14,NaN
85.9360,-0.101832,0.005435,0,58.14,NaN
85.9440,-0.101343,0.005477,0,58.14,NaN
85.9520,-0.101343,0.005065,0,58.14,NaN
85.9600,-0.102320,0.004069,0,58.14,NaN
85.9680,-0.104274,0.002741,0,58.14,NaN
85.9760,-0.105739,0.001591,0,58.14,NaN
85.9840,-0.106227,0.001133,0,58.14,NaN
85.9920,-0.106716,0.001610,0,58.14,NaN
86.0000,-0.102808,0.002773,0,58.14,NaN
86.0080,-0.100855,-0.005673,0,58.14,NaN
86.0160,-0.094994,-0.003305,0,58.14,NaN
86.0240,-0.090110,-0.002350,0,58.14,NaN
86.0320,-0.092063,-0.003536,0,58.14,NaN
86.0400,-0.097924,-0.006605,0,58.14,NaN
86.0480,-0.101343,-0.010511,0,58.14,NaN
86.0560,-0.102320,-0.014029,0,58.14,NaN
86.0640,-0.105739,-0.016152,0,58.14,NaN
86.0720,-0.104762,-0.016242,0,58.14,NaN
86.0800,-0.101343,-0.014166,0,58.14,NaN
86.0880,-0.095971,-0.010326,0,58.14,NaN
86.0960,-0.089621,-0.005414,0,58.14,NaN
86.1040,-0.085714,-0.000066,0,58.14,NaN
86.1120,-0.085714,0.013723,0,58.14,NaN
86.1200,-0.088156,0.011841,0,58.14,NaN
86.1280,-0.092552,0.008001,0,58.14,NaN
86.1360,-0.097924,0.003365,0,58.14,NaN
86.1440,-0.101832,-0.000739,0,58.14,NaN
86.1520,-0.104274,-0.003186,0,58.14,NaN
86.1600,-0.106716,-0.003384,0,58.14,NaN
86.1680,-0.101832,-0.001557,0,58.14,NaN
86.1760,-0.096459,0.001252,0,58.14,NaN
86.1840,-0.093529,0.003711,0,58.14,NaN
86.1920,-0.093529,0.004921,0,58.14,NaN
86.2000,-0.094994,0.004760,0,58.14,NaN
86.2080,-0.096459,0.003756,0,58.14,NaN
86.2160,-0.099389,0.010276,0,58.14,NaN
86.2240,-0.101343,0.009384,0,58.14,NaN
86.2320,-0.101343,0.009764,0,58.14,NaN
86.2400,-0.101343,0.011596,0,58.14,NaN
86.2480,-0.095971,0.014381,0,58.14,NaN
86.2560,-0.092063,0.017078,0,58.14,NaN
86.2640,-0.090598,0.018611,0,58.14,NaN
86.2720,-0.092063,0.018417,0,58.14,NaN
86.2800,-0.095971,0.016620,0,58.14,NaN
86.2880,-0.099878,0.013792,0,58.14,NaN
86.2960,-0.102320,0.010528,0,58.14,NaN
86.3040,-0.106227,0.007194,0,58.14,NaN
86.3120,-0.109158,0.003907,0,58.14,NaN
86.3200,-0.104274,-0.009595,0,58.14,NaN
86.3280,-0.098901,-0.005416,0,58.14,NaN
86.3360,-0.091087,-0.001182,0,58.14,NaN
86.3440,-0.087179,0.001455,0,58.14,NaN
86.3520,-0.090110,0.001645,0,58.14,NaN
86.3600,-0.092552,-0.000399,0,58.14,NaN
86.3680,-0.094994,-0.003733,0,58.14,NaN
86.3760,-0.099878,-0.007131,0,58.14,NaN
86.3840,-0.101343,-0.009426,0,58.14,NaN
86.3920,-0.101832,-0.009804,0,58.14,NaN
86.4000,-0.100855,-0.008007,0,58.14,NaN
86.4080,-0.094505,-0.004396,0,58.14,NaN
86.4160,-0.091087,0.000210,0,58.14,NaN
86.4240,-0.087179,0.001515,0,58.14,NaN
86.4320,-0.088645,0.001737,0,58.14,NaN
86.4400,-0.091087,0.000222,0,58.14,NaN
86.4480,-0.093040,-0.002488,0,58.14,NaN
86.4560,-0.096459,-0.005549,0,58.14,NaN
86.4640,-0.099878,-0.007999,0,58.14,NaN
86.4720,-0.101343,-0.008996,0,58.14,NaN
86.4800,-0.101343,-0.008150,0,58.14,NaN
86.4880,-0.095971,-0.005788,0,58.14,NaN
86.4960,-0.091575,-0.002897,0,58.14,NaN
86.5040,-0.085714,-0.000640,0,58.14,NaN
86.5120,-0.086203,0.000329,0,58.14,NaN
86.5200,-0.088645,0.000288,0,58.14,NaN
86.5280,-0.091575,0.005770,0,58.14,NaN
86.5360,-0.094505,0.003963,0,58.14,NaN
86.5440,-0.094994,0.002947,0,58.14,NaN
86.5520,-0.095971,0.003196,0,58.14,NaN
86.5600,-0.093529,0.004659,0,58.14,NaN
86.5680,-0.090598,0.006751,0,58.14,NaN
86.5760,-0.086203,0.008568,0,58.14,NaN
86.5840,-0.085714,0.009329,0,58.14,NaN
86.5920,-0.088645,0.008785,0,58.14,NaN
86.6000,-0.091087,0.007229,0,58.14,NaN
86.6080,-0.093040,0.005173,0,58.14,NaN
86.6160,-0.095482,0.003018,0,58.14,NaN
86.6240,-0.096459,0.000916,0,58.14,NaN
86.6320,-0.094994,-0.001082,0,58.14,NaN
86.6400,-0.093529,0.001739,0,58.14,NaN
86.6480,-0.086203,0.005400,0,58.14,NaN
86.6560,-0.083272,0.008750,0,58.14,NaN
86.6640,-0.079365,0.010711,0,58.14,NaN
86.6720,-0.081319,0.010739,0,58.14,NaN
86.6800,-0.084249,0.008978,0,58.14,NaN
86.6880,-0.086203,0.006079,0,58.14,NaN
86.6960,-0.089621,0.002924,0,58.14,NaN
86.7040,-0.092552,0.000475,0,58.14,NaN
86.7120,-0.096947,-0.000430,0,58.14,NaN
86.7200,-0.094505,0.000509,0,58.14,NaN
86.7280,-0.090110,0.002713,0,58.14,NaN
86.7360,-0.083761,0.002530,0,58.14,NaN
86.7440,-0.078877,0.006129,0,58.14,NaN
86.7520,-0.078388,0.008153,0,58.14,NaN
86.7600,-0.078388,0.008285,0,58.14,NaN
86.7680,-0.079853,0.006899,0,58.14,NaN
86.7760,-0.082784,0.004842,0,58.14,NaN
86.7840,-0.085226,0.003128,0,58.14,NaN
86.7920,-0.086691,0.002552,0,58.14,NaN
86.8000,-0.085714,0.003282,0,58.14,NaN
86.8080,-0.080830,0.004689,0,58.14,NaN
86.8160,-0.076923,0.005681,0,58.14,NaN
86.8240,-0.078388,0.005507,0,58.14,NaN
86.8320,-0.082295,0.004354,0,58.14,NaN
86.8400,-0.087179,-0.004202,0,58.14,NaN
86.8480,-0.092063,-0.007752,0,58.14,NaN
86.8560,-0.094017,-0.009550,0,58.14,NaN
86.8640,-0.093040,-0.008777,0,58.14,NaN
86.8720,-0.088156,-0.005495,0,58.14,NaN
86.8800,-0.082784,-0.000612,0,58.14,NaN
86.8880,-0.075946,0.004439,0,58.14,NaN
86.8960,-0.071062,0.008177,0,58.14,NaN
86.9040,-0.070085,0.009569,0,58.14,NaN
86.9120,-0.071551,0.008340,0,58.14,NaN
86.9200,-0.076435,0.004927,0,58.14,NaN
86.9280,-0.080830,0.000138,0,58.14,NaN
86.9360,-0.084249,-0.005251,0,58.14,NaN
86.9440,-0.086203,-0.012747,0,58.14,NaN
86.9520,-0.087179,-0.012961,0,58.14,NaN
86.9600,-0.085226,-0.010788,0,58.14,NaN
86.9680,-0.078388,-0.006961,0,58.14,NaN
86.9760,-0.071551,-0.002848,0,58.14,NaN
86.9840,-0.067643,0.000174,0,58.14,NaN
86.9920,-0.068620,0.001374,0,58.14,NaN
87.0000,-0.068620,0.000833,0,58.14,NaN
87.0080,-0.069597,-0.000829,0,58.14,NaN
87.0160,-0.072527,-0.002781,0,58.14,NaN
87.0240,-0.073016,-0.004290,0,58.14,NaN
87.0320,-0.073016,-0.005020,0,58.14,NaN
87.0400,-0.071062,-0.005171,0,58.14,NaN
87.0480,-0.069109,-0.004757,0,58.14,NaN
87.0560,-0.065690,-0.003500,0,58.14,NaN
87.0640,-0.063736,-0.003203,0,58.14,NaN
87.0720,-0.066667,-0.004362,0,58.14,NaN
87.0800,-0.067155,-0.006964,0,58.14,NaN
87.0880,-0.070085,-0.010543,0,58.14,NaN
87.0960,-0.073504,-0.014231,0,58.14,NaN
87.1040,-0.077900,-0.016888,0,58.14,NaN
87.1120,-0.078388,-0.017479,0,58.14,NaN
87.1200,-0.074969,-0.015581,0,58.14,NaN
87.1280,-0.068132,-0.011579,0,58.14,NaN
87.1360,-0.060317,-0.006346,0,58.14,NaN
87.1440,-0.056899,-0.000668,0,58.14,NaN
87.1520,-0.054457,-0.039263,0,58.14,NaN
87.1600,-0.050061,-0.039336,0,58.14,NaN
87.1680,-0.049084,-0.040156,0,58.14,NaN
87.1760,-0.048107,-0.040721,0,58.14,NaN
87.1840,-0.049573,-0.039829,0,58.14,NaN
87.1920,-0.041758,-0.036754,0,58.14,NaN
87.2000,-0.032479,-0.031838,0,58.14,NaN
87.2080,-0.021734,-0.026377,0,58.14,NaN
87.2160,-0.012943,-0.021857,0,58.14,NaN
87.2240,-0.010012,-0.019113,0,58.14,NaN
87.2320,-0.009035,-0.018009,0,58.14,NaN
87.2400,-0.006593,-0.017843,0,58.14,NaN
87.2480,-0.001221,-0.018005,0,58.14,NaN
87.2560,0.007570,0.054966,0,58.14,NaN
87.2640,0.010501,0.058488,0,58.14,NaN
87.2720,0.012454,0.060683,0,58.14,NaN
87.2800,0.010989,0.061366,0,58.14,NaN
87.2880,0.011477,0.060593,0,58.14,NaN
87.2960,0.010012,0.058457,0,58.14,NaN
87.3040,0.008059,0.055129,0,58.14,NaN
87.3120,-0.000244,0.051011,0,58.14,NaN
87.3200,-0.002198,0.046619,0,58.14,NaN
87.3280,-0.006593,0.042269,0,58.14,NaN
87.3360,-0.009035,0.037990,0,58.14,NaN
87.3440,-0.013431,0.033690,0,58.14,NaN
87.3520,-0.017827,0.029339,0,58.14,NaN
87.3600,-0.020269,0.044415,0,58.14,NaN
87.3680,-0.024176,0.039023,0,58.14,NaN
87.3760,-0.032967,0.031899,0,58.14,NaN
87.3840,-0.044200,0.023574,0,58.14,NaN
87.3920,-0.054457,0.015199,0,58.14,NaN
87.4000,-0.062271,0.008007,0,58.14,NaN
87.4080,-0.066667,0.002844,0,58.14,NaN
87.4160,-0.070085,0.000047,0,58.14,NaN
87.4240,-0.070085,-0.000420,0,58.14,NaN
87.4320,-0.070574,0.001217,0,58.14,NaN
87.4400,-0.069109,0.004631,0,58.14,NaN
87.4480,-0.063736,0.009345,0,58.14,NaN
87.4560,-0.060806,0.014747,0,58.14,NaN
87.4640,-0.064225,-0.013285,0,58.14,NaN
87.4720,-0.069109,-0.016491,0,58.14,NaN
87.4800,-0.075458,-0.020573,0,58.14,NaN
87.4880,-0.078877,-0.024150,0,58.14,NaN
87.4960,-0.082295,-0.026041,0,58.14,NaN
87.5040,-0.082784,-0.025601,0,58.14,NaN
87.5120,-0.080830,-0.022920,0,58.14,NaN
87.5200,-0.075458,-0.018817,0,58.14,NaN
87.5280,-0.073016,-0.014537,0,58.14,NaN
87.5360,-0.070085,-0.011265,0,58.14,NaN
87.5440,-0.070085,-0.009720,0,58.14,NaN
87.5520,-0.073016,-0.009930,0,58.14,NaN
87.5600,-0.077411,-0.011224,0,58.14,NaN
87.5680,-0.082784,-0.027139,0,58.14,NaN
87.5760,-0.084737,-0.027932,0,58.14,NaN
87.5840,-0.085714,-0.026719,0,58.14,NaN
87.5920,-0.081807,-0.023679,0,58.14,NaN
87.6000,-0.077411,-0.019722,0,58.14,NaN
87.6080,-0.074969,-0.016027,0,58.14,NaN
87.6160,-0.073504,-0.013482,0,58.14,NaN
87.6240,-0.074481,-0.012367,0,58.14,NaN
87.6320,-0.077900,-0.012360,0,58.14,NaN
87.6400,-0.079365,-0.012833,0,58.14,NaN
87.6480,-0.081319,-0.013257,0,58.14,NaN
87.6560,-0.080830,-0.013426,0,58.14,NaN
87.6640,-0.082295,-0.013413,0,58.14,NaN
87.6720,-0.077900,0.051631,0,58.14,NaN
87.6800,-0.073504,0.058010,0,58.14,NaN
87.6880,-0.070085,0.063075,0,58.14,NaN
87.6960,-0.071062,0.065256,0,58.14,NaN
87.7040,-0.075458,0.063445,0,58.14,NaN
87.7120,-0.083272,0.057254,0,58.14,NaN
87.7200,-0.094505,0.047178,0,58.14,NaN
87.7280,-0.109158,0.034794,0,58.14,NaN
87.7360,-0.126740,0.022821,0,58.14,NaN
87.7440,-0.142857,0.014652,0,58.14,NaN
87.7520,-0.152625,0.013123,0,58.14,NaN
87.7600,-0.148718,0.018888,0,58.14,NaN
87.7680,-0.133089,0.029485,0,58.14,NaN
87.7760,-0.105739,-0.999187,0,58.14,NaN
87.7840,-0.062271,-1.000000,0,58.14,NaN
87.7920,-0.006105,-0.985807,0,58.14,NaN
87.8000,0.063736,-0.954795,0,58.14,NaN
87.8080,0.151160,-0.905250,0,58.14,NaN
87.8160,0.262515,-0.836856,0,58.14,NaN
87.8240,0.389499,-0.752161,0,58.14,NaN
87.8320,0.525275,-0.657647,0,58.14,NaN
87.8400,0.664957,-0.564407,0,58.14,NaN
87.8480,0.821734,-0.487657,0,58.14,NaN
87.8560,0.976068,-0.442186,0,58.14,NaN
87.8640,1.000000,-0.433031,0,58.14,NaN
87.8720,1.000000,-0.448743,0,58.14,NaN
87.8800,0.903297,0.929834,0,58.14,NaN
87.8880,0.704029,0.818680,0,58.14,NaN
87.8960,0.509158,0.680025,0,58.14,NaN
87.9040,0.327961,0.534309,0,58.14,NaN
87.9120,0.158486,0.397889,0,58.14,NaN
87.9200,0.004640,0.282426,0,58.14,NaN
87.9280,-0.123321,0.196168,0,58.14,NaN
87.9360,-0.206349,0.144400,0,58.14,NaN
87.9440,-0.250305,0.128681,0,58.14,NaN
87.9520,-0.233211,0.146035,0,58.14,NaN
87.9600,-0.194628,0.189462,0,58.14,NaN
87.9680,-0.139927,0.250037,0,58.14,NaN
87.9760,-0.086691,0.319055,0,58.14,NaN
87.9840,-0.047131,0.020369,0,58.14,NaN
87.9920,-0.023199,0.052741,0,58.14,NaN
88.0000,-0.012943,0.068470,0,58.14,NaN
88.0080,-0.021734,0.069102,0,58.14,NaN
88.0160,-0.038828,0.058755,0,58.14,NaN
88.0240,-0.062759,0.042804,0,58.14,NaN
88.0320,-0.084249,0.026448,0,58.14,NaN
88.0400,-0.098413,0.013531,0,58.14,NaN
88.0480,-0.105739,0.006017,0,58.14,NaN
88.0560,-0.110134,0.004248,0,58.14,NaN
88.0640,-0.109158,0.007508,0,58.14,NaN
88.0720,-0.104274,0.014445,0,58.14,NaN
88.0800,-0.098901,0.023346,0,58.14,NaN
88.0880,-0.093529,-0.229148,0,58.14,NaN
88.0960,-0.092063,-0.231772,0,58.14,NaN
88.1040,-0.093529,-0.235647,0,58.14,NaN
88.1120,-0.097924,-0.239848,0,58.14,NaN
88.1200,-0.101832,-0.242764,0,58.14,NaN
88.1280,-0.107692,-0.242534,0,58.14,NaN
88.1360,-0.110134,-0.237507,0,58.14,NaN
88.1440,-0.112576,-0.226682,0,58.14,NaN
88.1520,-0.110134,-0.210076,0,58.14,NaN
88.1600,-0.107204,-0.188796,0,58.14,NaN
88.1680,-0.102808,-0.164625,0,58.14,NaN
88.1760,-0.101343,-0.139246,0,58.14,NaN
88.1840,-0.101343,-0.113633,0,58.14,NaN
88.1920,-0.098901,-0.019765,0,58.14,NaN
88.2000,-0.098413,-0.006182,0,58.14,NaN
88.2080,-0.097924,0.003604,0,58.14,NaN
88.2160,-0.099389,0.010015,0,58.14,NaN
88.2240,-0.097436,0.013672,0,58.14,NaN
88.2320,-0.094994,0.015068,0,58.14,NaN
88.2400,-0.091575,0.014504,0,58.14,NaN
88.2480,-0.089133,0.012312,0,58.14,NaN
88.2560,-0.091087,0.009134,0,58.14,NaN
88.2640,-0.093529,0.005921,0,58.14,NaN
88.2720,-0.094505,0.003511,0,58.14,NaN
88.2800,-0.094017,0.002173,0,58.14,NaN
88.2880,-0.094994,0.001533,0,58.14,NaN
88.2960,-0.096459,-0.017178,0,58.14,NaN
88.3040,-0.096459,-0.014785,0,58.14,NaN
88.3120,-0.093040,-0.011115,0,58.14,NaN
88.3200,-0.085714,-0.007038,0,58.14,NaN
88.3280,-0.082295,-0.003648,0,58.14,NaN
88.3360,-0.080830,-0.001652,0,58.14,NaN
88.3440,-0.082295,-0.001102,0,58.14,NaN
88.3520,-0.080342,-0.001644,0,58.14,NaN
88.3600,-0.078877,-0.002853,0,58.14,NaN
88.3680,-0.079853,-0.004235,0,58.14,NaN
88.3760,-0.082784,-0.005160,0,58.14,NaN
88.3840,-0.082295,-0.005154,0,58.14,NaN
88.3920,-0.077411,-0.004379,0,58.14,NaN
88.4000,-0.071062,0.000482,0,58.14,NaN
88.4080,-0.067155,0.002103,0,58.14,NaN
88.4160,-0.068620,0.001992,0,58.14,NaN
88.4240,-0.070085,0.000036,0,58.14,NaN
88.4320,-0.071551,-0.003245,0,58.14,NaN
88.4400,-0.074481,-0.006961,0,58.14,NaN
88.4480,-0.076923,-0.010038,0,58.14,NaN
88.4560,-0.078877,-0.011476,0,58.14,NaN
88.4640,-0.076435,-0.010754,0,58.14,NaN
88.4720,-0.070085,-0.008132,0,58.14,NaN
88.4800,-0.063248,-0.004508,0,58.14,NaN
88.4880,-0.056899,-0.000817,0,58.14,NaN
88.4960,-0.055922,0.002584,0,58.14,NaN
88.5040,-0.053968,0.025902,0,58.14,NaN
88.5120,-0.053968,0.026289,0,58.14,NaN
88.5200,-0.054457,0.026005,0,58.14,NaN
88.5280,-0.054457,0.025653,0,58.14,NaN
88.5360,-0.054945,0.025654,0,58.14,NaN
88.5440,-0.054945,0.026047,0,58.14,NaN
88.5520,-0.051526,0.026368,0,58.14,NaN
88.5600,-0.049084,0.025829,0,58.14,NaN
88.5680,-0.051038,0.023907,0,58.14,NaN
88.5760,-0.056899,0.020848,0,58.14,NaN
88.5840,-0.062271,0.017534,0,58.14,NaN
88.5920,-0.064225,0.014755,0,58.14,NaN
88.6000,-0.062759,0.012578,0,58.14,NaN
88.6080,-0.059829,-0.004185,0,58.14,NaN
88.6160,-0.054457,0.000365,0,58.14,NaN
88.6240,-0.047131,0.006297,0,58.14,NaN
88.6320,-0.038828,0.012164,0,58.14,NaN
88.6400,-0.031013,0.016438,0,58.14,NaN
88.6480,-0.031013,0.018098,0,58.14,NaN
88.6560,-0.031013,0.017013,0,58.14,NaN
88.6640,-0.034432,0.013875,0,58.14,NaN
88.6720,-0.038339,0.009840,0,58.14,NaN
88.6800,-0.039805,0.006147,0,58.14,NaN
88.6880,-0.044200,0.003778,0,58.14,NaN
88.6960,-0.043223,0.003116,0,58.14,NaN
88.7040,-0.038828,0.003662,0,58.14,NaN
88.7120,-0.031990,-0.007113,0,58.14,NaN
88.7200,-0.029548,-0.004305,0,58.14,NaN
88.7280,-0.023687,-0.002550,0,58.14,NaN
88.7360,-0.024176,-0.002414,0,58.14,NaN
88.7440,-0.024176,-0.003813,0,58.14,NaN
88.7520,-0.026129,-0.006149,0,58.14,NaN
88.7600,-0.025641,-0.008611,0,58.14,NaN
88.7680,-0.026129,-0.010408,0,58.14,NaN
88.7760,-0.026129,-0.010891,0,58.14,NaN
88.7840,-0.024176,-0.009730,0,58.14,NaN
88.7920,-0.016850,-0.007119,0,58.14,NaN
88.8000,-0.010989,-0.003660,0,58.14,NaN
88.8080,-0.008059,0.000081,0,58.14,NaN
88.8160,-0.011966,0.020229,0,58.14,NaN
88.8240,-0.011966,0.018307,0,58.14,NaN
88.8320,-0.015873,0.015640,0,58.14,NaN
88.8400,-0.016361,0.013202,0,58.14,NaN
88.8480,-0.018803,0.011878,0,58.14,NaN
88.8560,-0.019780,0.012248,0,58.14,NaN
88.8640,-0.016361,0.014246,0,58.14,NaN
88.8720,-0.009035,0.016979,0,58.14,NaN
88.8800,-0.007082,0.019082,0,58.14,NaN
88.8880,-0.005128,0.019369,0,58.14,NaN
88.8960,-0.006593,0.017270,0,58.14,NaN
88.9040,-0.010012,0.012975,0,58.14,NaN
88.9120,-0.015873,0.007367,0,58.14,NaN
88.9200,-0.022222,0.045497,0,58.14,NaN
88.9280,-0.025641,0.042982,0,58.14,NaN
88.9360,-0.029548,0.042414,0,58.14,NaN
88.9440,-0.028571,0.043757,0,58.14,NaN
88.9520,-0.025641,0.046090,0,58.14,NaN
88.9600,-0.023199,0.047970,0,58.14,NaN
88.9680,-0.025153,0.048132,0,58.14,NaN
88.9760,-0.031013,0.046065,0,58.14,NaN
88.9840,-0.037851,0.042029,0,58.14,NaN
88.9920,-0.043223,0.036675,0,58.14,NaN
89.0000,-0.052503,0.030695,0,58.14,NaN
89.0080,-0.059829,0.024617,0,58.14,NaN
89.0160,-0.066178,0.018656,0,58.14,NaN
89.0240,-0.067155,0.005513,0,58.14,NaN
89.0320,-0.067155,0.006035,0,58.14,NaN
89.0400,-0.066667,0.007107,0,58.14,NaN
89.0480,-0.066667,0.007489,0,58.14,NaN
89.0560,-0.070085,0.006345,0,58.14,NaN
89.0640,-0.075458,0.003566,0,58.14,NaN
89.0720,-0.082295,-0.000253,0,58.14,NaN
89.0800,-0.087179,-0.004079,0,58.14,NaN
89.0880,-0.094017,-0.006770,0,58.14,NaN
89.0960,-0.097924,-0.007417,0,58.14,NaN
89.1040,-0.096459,-0.005715,0,58.14,NaN
89.1120,-0.094505,-0.002088,0,58.14,NaN
89.1200,-0.093040,0.002582,0,58.14,NaN
89.1280,-0.093529,-0.017616,0,58.14,NaN
89.1360,-0.096947,-0.018527,0,58.14,NaN
89.1440,-0.101832,-0.020876,0,58.14,NaN
89.1520,-0.105739,-0.023952,0,58.14,NaN
89.1600,-0.111111,-0.026779,0,58.14,NaN
89.1680,-0.115995,-0.028362,0,58.14,NaN
89.1760,-0.116972,-0.028014,0,58.14,NaN
89.1840,-0.116972,-0.025671,0,58.14,NaN
89.1920,-0.113553,-0.021962,0,58.14,NaN
89.2000,-0.109646,-0.017955,0,58.14,NaN
89.2080,-0.108669,-0.014625,0,58.14,NaN
89.2160,-0.110134,-0.012354,0,58.14,NaN
89.2240,-0.111600,-0.010821,0,58.14,NaN
89.2320,-0.112088,-0.020761,0,58.14,NaN
89.2400,-0.114530,-0.021245,0,58.14,NaN
89.2480,-0.117460,-0.021062,0,58.14,NaN
89.2560,-0.117460,-0.019606,0,58.14,NaN
89.2640,-0.115995,-0.016760,0,58.14,NaN
89.2720,-0.112088,-0.013034,0,58.14,NaN
89.2800,-0.108669,-0.009377,0,58.14,NaN
89.2880,-0.106716,-0.006723,0,58.14,NaN
89.2960,-0.108669,-0.005571,0,58.14,NaN
89.3040,-0.109646,-0.005861,0,58.14,NaN
89.3120,-0.113553,-0.007140,0,58.14,NaN
89.3200,-0.116484,-0.008863,0,58.14,NaN
89.3280,-0.117460,-0.010683,0,58.14,NaN
89.3360,-0.118926,-0.023644,0,58.14,NaN
89.3440,-0.116484,-0.021724,0,58.14,NaN
89.3520,-0.112088,-0.018837,0,58.14,NaN
89.3600,-0.106716,-0.016066,0,58.14,NaN
89.3680,-0.105250,-0.014365,0,58.14,NaN
89.3760,-0.107204,-0.014024,0,58.14,NaN
89.3840,-0.108669,-0.014631,0,58.14,NaN
89.3920,-0.108669,-0.015476,0,58.14,NaN
89.4000,-0.108181,-0.015931,0,58.14,NaN
89.4080,-0.107204,-0.015566,0,58.14,NaN
89.4160,-0.106227,-0.014119,0,58.14,NaN
89.4240,-0.104762,-0.011562,0,58.14,NaN
89.4320,-0.098901,-0.008269,0,58.14,NaN
89.4400,-0.093529,0.004734,0,58.14,NaN
89.4480,-0.092063,0.006105,0,58.14,NaN
89.4560,-0.093040,0.005509,0,58.14,NaN
89.4640,-0.095971,0.003286,0,58.14,NaN
89.4720,-0.098901,0.000346,0,58.14,NaN
89.4800,-0.101343,-0.002200,0,58.14,NaN
89.4880,-0.103785,-0.003429,0,58.14,NaN
89.4960,-0.101343,-0.002968,0,58.14,NaN
89.5040,-0.097924,-0.001189,0,58.14,NaN
89.5120,-0.093040,0.000999,0,58.14,NaN
89.5200,-0.090598,0.002671,0,58.14,NaN
89.5280,-0.090598,0.003405,0,58.14,NaN
89.5360,-0.091087,0.003447,0,58.14,NaN
89.5440,-0.091087,0.016628,0,58.14,NaN
89.5520,-0.094017,0.014313,0,58.14,NaN
89.5600,-0.098901,0.012095,0,58.14,NaN
89.5680,-0.100855,0.010860,0,58.14,NaN
89.5760,-0.099878,0.010973,0,58.14,NaN
89.5840,-0.095482,0.012016,0,58.14,NaN
89.5920,-0.094505,0.013104,0,58.14,NaN
89.6000,-0.094505,0.013463,0,58.14,NaN
89.6080,-0.095482,0.012784,0,58.14,NaN
89.6160,-0.097924,0.011241,0,58.14,NaN
89.6240,-0.101343,0.009284,0,58.14,NaN
89.6320,-0.101832,0.007315,0,58.14,NaN
89.6400,-0.102808,0.005461,0,58.14,NaN
89.6480,-0.102808,-0.000373,0,58.14,NaN
89.6560,-0.100366,0.001629,0,58.14,NaN
89.6640,-0.095482,0.004170,0,58.14,NaN
89.6720,-0.091575,0.006196,0,58.14,NaN
89.6800,-0.091087,0.006850,0,58.14,NaN
89.6880,-0.093529,0.005920,0,58.14,NaN
89.6960,-0.095971,0.003855,0,58.14,NaN
89.7040,-0.098901,0.001429,0,58.14,NaN
89.7120,-0.099389,-0.000608,0,58.14,NaN
89.7200,-0.100855,-0.001699,0,58.14,NaN
89.7280,-0.101343,-0.001511,0,58.14,NaN
89.7360,-0.100366,-0.000035,0,58.14,NaN
89.7440,-0.096459,0.002276,0,58.14,NaN
89.7520,-0.092552,0.003604,0,58.14,NaN
89.7600,-0.092063,0.005031,0,58.14,NaN
89.7680,-0.093040,0.005189,0,58.14,NaN
89.7760,-0.093529,0.004061,0,58.14,NaN
89.7840,-0.094994,0.001938,0,58.14,NaN
89.7920,-0.097924,-0.000606,0,58.14,NaN
89.8000,-0.101832,-0.002757,0,58.14,NaN
89.8080,-0.103785,-0.003740,0,58.14,NaN
89.8160,-0.102320,-0.003238,0,58.14,NaN
89.8240,-0.099878,-0.001611,0,58.14,NaN
89.8320,-0.094994,0.000308,0,58.14,NaN
89.8400,-0.093529,0.001779,0,58.14,NaN
89.8480,-0.095971,0.002705,0,58.14,NaN
89.8560,-0.098413,-0.000899,0,58.14,NaN
89.8640,-0.098901,-0.002267,0,58.14,NaN
89.8720,-0.100855,-0.003117,0,58.14,NaN
89.8800,-0.099878,-0.002909,0,58.14,NaN
89.8880,-0.099878,-0.001461,0,58.14,NaN
89.8960,-0.095482,0.000934,0,58.14,NaN
89.9040,-0.092063,0.003561,0,58.14,NaN
89.9120,-0.090110,0.005572,0,58.14,NaN
89.9200,-0.088156,0.006330,0,58.14,NaN
89.9280,-0.090110,0.005632,0,58.14,NaN
89.9360,-0.093040,0.003731,0,58.14,NaN
89.9440,-0.094994,0.001101,0,58.14,NaN
89.9520,-0.096947,-0.001831,0,58.14,NaN
89.9600,-0.098413,0.002641,0,58.14,NaN
89.9680,-0.098413,0.004008,0,58.14,NaN
89.9760,-0.094017,0.006679,0,58.14,NaN
89.9840,-0.090110,0.009615,0,58.14,NaN
89.9920,-0.086203,0.011454,0,58.14,NaN
90.0000,-0.085714,0.011183,0,58.14,NaN
90.0080,-0.091087,0.008694,0,58.14,NaN
90.0160,-0.095971,0.004872,0,58.14,NaN
90.0240,-0.101832,0.001132,0,58.14,NaN
90.0320,-0.102808,-0.001239,0,58.14,NaN
90.0400,-0.104274,-0.001541,0,58.14,NaN
90.0480,-0.101832,0.000173,0,58.14,NaN
90.0560,-0.097924,0.003126,0,58.14,NaN
90.0640,-0.092552,-0.002858,0,58.14,NaN
90.0720,-0.086691,0.000416,0,58.14,NaN
90.0800,-0.085714,0.002112,0,58.14,NaN
90.0880,-0.087668,0.001882,0,58.14,NaN
90.0960,-0.088156,0.000006,0,58.14,NaN
90.1040,-0.092063,-0.002825,0,58.14,NaN
90.1120,-0.094017,-0.005686,0,58.14,NaN
90.1200,-0.098413,-0.007608,0,58.14,NaN
90.1280,-0.098413,-0.007888,0,58.14,NaN
90.1360,-0.095482,-0.006456,0,58.14,NaN
90.1440,-0.089133,-0.003917,0,58.14,NaN
90.1520,-0.084737,-0.001102,0,58.14,NaN
90.1600,-0.085226,0.001573,0,58.14,NaN
90.1680,-0.085714,0.007011,0,58.14,NaN
90.1760,-0.087179,0.005786,0,58.14,NaN
90.1840,-0.088645,0.003805,0,58.14,NaN
90.1920,-0.092063,0.001714,0,58.14,NaN
90.2000,-0.094505,0.000199,0,58.14,NaN
90.2080,-0.095482,-0.000229,0,58.14,NaN
90.2160,-0.094017,0.000530,0,58.14,NaN
90.2240,-0.092063,0.002089,0,58.14,NaN
90.2320,-0.088156,0.003716,0,58.14,NaN
90.2400,-0.087179,0.004668,0,58.14,NaN
90.2480,-0.088156,0.004541,0,58.14,NaN
90.2560,-0.090110,0.003403,0,58.14,NaN
90.2640,-0.092063,0.001683,0,58.14,NaN
90.2720,-0.094505,0.006212,0,58.14,NaN
90.2800,-0.094017,0.007813,0,58.14,NaN
90.2880,-0.090110,0.011401,0,58.14,NaN
90.2960,-0.084249,0.016278,0,58.14,NaN
90.3040,-0.079365,0.021072,0,58.14,NaN
90.3120,-0.073504,0.024238,0,58.14,NaN
90.3200,-0.073504,0.024711,0,58.14,NaN
90.3280,-0.078388,0.022436,0,58.14,NaN
90.3360,-0.085226,0.018348,0,58.14,NaN
90.3440,-0.089133,0.013788,0,58.14,NaN
90.3520,-0.093529,0.009833,0,58.14,NaN
90.3600,-0.096947,0.006939,0,58.14,NaN
90.3680,-0.096947,0.004839,0,58.14,NaN
90.3760,-0.093529,-0.007659,0,58.14,NaN
90.3840,-0.086203,-0.004195,0,58.14,NaN
90.3920,-0.083761,-0.000969,0,58.14,NaN
90.4000,-0.081319,0.001014,0,58.14,NaN
90.4080,-0.082295,0.001465,0,58.14,NaN
90.4160,-0.083761,0.000736,0,58.14,NaN
90.4240,-0.084737,-0.000497,0,58.14,NaN
90.4320,-0.085714,-0.001574,0,58.14,NaN
90.4400,-0.085714,-0.002075,0,58.14,NaN
90.4480,-0.085226,-0.001905,0,58.14,NaN
90.4560,-0.083272,-0.001276,0,58.14,NaN
90.4640,-0.081319,-0.000523,0,58.14,NaN
90.4720,-0.082295,0.000168,0,58.14,NaN
90.4800,-0.084249,0.001128,0,58.14,NaN
90.4880,-0.086203,0.000084,0,58.14,NaN
90.4960,-0.086203,-0.000484,0,58.14,NaN
90.5040,-0.085226,-0.000099,0,58.14,NaN
90.5120,-0.085226,0.001493,0,58.14,NaN
90.5200,-0.082295,0.004215,0,58.14,NaN
90.5280,-0.077900,0.007515,0,58.14,NaN
90.5360,-0.073016,0.010402,0,58.14,NaN
90.5440,-0.071062,0.011825,0,58.14,NaN
90.5520,-0.071551,0.011154,0,58.14,NaN
90.5600,-0.076923,0.008447,0,58.14,NaN
90.5680,-0.080342,0.004286,0,58.14,NaN
90.5760,-0.084249,-0.000579,0,58.14,NaN
90.5840,-0.085226,-0.008865,0,58.14,NaN
90.5920,-0.086691,-0.010550,0,58.14,NaN
90.6000,-0.086203,-0.011017,0,58.14,NaN
90.6080,-0.085714,-0.010476,0,58.14,NaN
90.6160,-0.083761,-0.009270,0,58.14,NaN
90.6240,-0.082295,-0.007780,0,58.14,NaN
90.6320,-0.081319,-0.006329,0,58.14,NaN
90.6400,-0.078388,-0.005144,0,58.14,NaN
90.6480,-0.079365,-0.004326,0,58.14,NaN
90.6560,-0.077411,-0.003899,0,58.14,NaN
90.6640,-0.076435,-0.003893,0,58.14,NaN
90.6720,-0.074969,-0.004334,0,58.14,NaN
90.6800,-0.076435,-0.005094,0,58.14,NaN
90.6880,-0.076923,-0.000439,0,58.14,NaN
90.6960,-0.073504,0.000226,0,58.14,NaN
90.7040,-0.071062,0.000487,0,58.14,NaN
90.7120,-0.071551,-0.000188,0,58.14,NaN
90.7200,-0.074969,-0.001902,0,58.14,NaN
90.7280,-0.076435,-0.004269,0,58.14,NaN
90.7360,-0.078877,-0.006651,0,58.14,NaN
90.7440,-0.080830,-0.008371,0,58.14,NaN
90.7520,-0.080830,-0.008888,0,58.14,NaN
90.7600,-0.080342,-0.007957,0,58.14,NaN
90.7680,-0.076435,-0.005725,0,58.14,NaN
90.7760,-0.071551,-0.002649,0,58.14,NaN
90.7840,-0.069597,0.000775,0,58.14,NaN
90.7920,-0.070085,0.009915,0,58.14,NaN
90.8000,-0.070085,0.010272,0,58.14,NaN
90.8080,-0.070085,0.009632,0,58.14,NaN
90.8160,-0.070085,0.008071,0,58.14,NaN
90.8240,-0.071551,0.005833,0,58.14,NaN
90.8320,-0.077900,0.003538,0,58.14,NaN
90.8400,-0.080342,0.002015,0,58.14,NaN
90.8480,-0.079853,0.001777,0,58.14,NaN
90.8560,-0.078388,0.002663,0,58.14,NaN
90.8640,-0.075458,0.003971,0,58.14,NaN
90.8720,-0.073504,0.004897,0,58.14,NaN
90.8800,-0.074969,0.005030,0,58.14,NaN
90.8880,-0.076435,0.004560,0,58.14,NaN
90.8960,-0.077411,-0.008526,0,58.14,NaN
90.9040,-0.078388,-0.009237,0,58.14,NaN
90.9120,-0.078388,-0.008559,0,58.14,NaN
90.9200,-0.076923,-0.006145,0,58.14,NaN
90.9280,-0.070085,-0.002347,0,58.14,NaN
90.9360,-0.064713,0.001781,0,58.14,NaN
90.9440,-0.058852,0.004913,0,58.14,NaN
90.9520,-0.057875,0.006098,0,58.14,NaN
90.9600,-0.059829,0.005210,0,58.14,NaN
90.9680,-0.064713,0.002922,0,58.14,NaN
90.9760,-0.066667,0.000195,0,58.14,NaN
90.9840,-0.068620,-0.002309,0,58.14,NaN
90.9920,-0.068620,-0.004495,0,58.14,NaN
91.0000,-0.065690,-0.043406,0,58.14,NaN
91.0080,-0.057875,-0.038576,0,58.14,NaN
91.0160,-0.045665,-0.032488,0,58.14,NaN
91.0240,-0.037363,-0.027022,0,58.14,NaN
91.0320,-0.031502,-0.023677,0,58.14,NaN
91.0400,-0.030525,-0.022968,0,58.14,NaN
91.0480,-0.030525,-0.024371,0,58.14,NaN
91.0560,-0.030525,-0.026700,0,58.14,NaN
91.0640,-0.029548,-0.028541,0,58.14,NaN
91.0720,-0.029548,-0.028584,0,58.14,NaN
91.0800,-0.024664,-0.025974,0,58.14,NaN
91.0880,-0.016850,-0.020707,0,58.14,NaN
91.0960,-0.005128,-0.013786,0,58.14,NaN
91.1040,0.008059,0.059684,0,58.14,NaN
91.1120,0.017827,0.067388,0,58.14,NaN
91.1200,0.021245,0.070512,0,58.14,NaN
91.1280,0.017338,0.068664,0,58.14,NaN
91.1360,0.008059,0.063064,0,58.14,NaN
91.1440,-0.000244,0.055927,0,58.14,NaN
91.1520,-0.007570,0.049470,0,58.14,NaN
91.1600,-0.011477,0.045071,0,58.14,NaN
91.1680,-0.011966,0.042860,0,58.14,NaN
91.1760,-0.009035,0.041853,0,58.14,NaN
91.1840,-0.009035,0.040617,0,58.14,NaN
91.1920,-0.010012,0.038189,0,58.14,NaN
91.2000,-0.017827,0.034701,0,58.14,NaN
91.2080,-0.023687,0.057258,0,58.14,NaN
91.2160,-0.033455,0.049609,0,58.14,NaN
91.2240,-0.042247,0.041544,0,58.14,NaN
91.2320,-0.053968,0.034482,0,58.14,NaN
91.2400,-0.061783,0.029568,0,58.14,NaN
91.2480,-0.062759,0.027086,0,58.14,NaN
91.2560,-0.062759,0.026284,0,58.14,NaN
91.2640,-0.063248,0.025918,0,58.14,NaN
91.2720,-0.067155,0.025056,0,58.14,NaN
91.2800,-0.072527,0.023498,0,58.14,NaN
91.2880,-0.076923,0.021598,0,58.14,NaN
91.2960,-0.080342,0.019777,0,58.14,NaN
91.3040,-0.082295,0.018169,0,58.14,NaN
91.3120,-0.085714,-0.030922,0,58.14,NaN
91.3200,-0.085714,-0.031189,0,58.14,NaN
91.3280,-0.085714,-0.030061,0,58.14,NaN
91.3360,-0.084737,-0.028025,0,58.14,NaN
91.3440,-0.078877,-0.025923,0,58.14,NaN
91.3520,-0.078388,-0.024577,0,58.14,NaN
91.3600,-0.082295,-0.024248,0,58.14,NaN
91.3680,-0.082784,-0.024535,0,58.14,NaN
91.3760,-0.084249,-0.024733,0,58.14,NaN
91.3840,-0.084737,-0.024167,0,58.14,NaN
91.3920,-0.085714,-0.022371,0,58.14,NaN
91.4000,-0.083272,-0.019285,0,58.14,NaN
91.4080,-0.080342,-0.015362,0,58.14,NaN
91.4160,-0.077900,-0.026409,0,58.14,NaN
91.4240,-0.078388,-0.025158,0,58.14,NaN
91.4320,-0.080342,-0.025155,0,58.14,NaN
91.4400,-0.083761,-0.026113,0,58.14,NaN
91.4480,-0.085714,-0.027453,0,58.14,NaN
91.4560,-0.087179,-0.028550,0,58.14,NaN
91.4640,-0.089133,-0.028836,0,58.14,NaN
91.4720,-0.090598,-0.027877,0,58.14,NaN
91.4800,-0.088156,-0.025564,0,58.14,NaN
91.4880,-0.085226,-0.022246,0,58.14,NaN
91.4960,-0.080830,-0.018569,0,58.14,NaN
91.5040,-0.078877,-0.015078,0,58.14,NaN
91.5120,-0.078388,-0.011885,0,58.14,NaN
91.5200,-0.076923,0.082077,0,58.14,NaN
91.5280,-0.075458,0.086874,0,58.14,NaN
91.5360,-0.075946,0.090107,0,58.14,NaN
91.5440,-0.079365,0.091321,0,58.14,NaN
91.5520,-0.085714,0.090134,0,58.14,NaN
91.5600,-0.092063,0.086143,0,58.14,NaN
91.5680,-0.099389,0.078955,0,58.14,NaN
91.5760,-0.111111,0.068679,0,58.14,NaN
91.5840,-0.129182,0.056672,0,58.14,NaN
91.5920,-0.151648,0.045728,0,58.14,NaN
91.6000,-0.168254,0.039008,0,58.14,NaN
91.6080,-0.174115,0.038052,0,58.14,NaN
91.6160,-0.163858,0.041289,0,58.14,NaN
91.6240,-0.133578,-1.000000,0,58.14,NaN
91.6320,-0.085714,-0.995757,0,58.14,NaN
91.6400,-0.020757,-0.972156,0,58.14,NaN
91.6480,0.065690,-0.928873,0,58.14,NaN
91.6560,0.171184,-0.866637,0,58.14,NaN
91.6640,0.296703,-0.787741,0,58.14,NaN
91.6720,0.427595,-0.696593,0,58.14,NaN
91.6800,0.566300,-0.600567,0,58.14,NaN
91.6880,0.711355,-0.511088,0,58.14,NaN
91.6960,0.868132,-0.443132,0,58.14,NaN
91.7040,1.000000,-0.410020,0,58.14,NaN
91.7120,1.000000,-0.414405,0,58.14,NaN
91.7200,1.000000,-0.443366,0,58.14,NaN
91.7280,0.867155,0.899153,0,58.14,NaN
91.7360,0.672283,0.773964,0,58.14,NaN
91.7440,0.477900,0.622660,0,58.14,NaN
91.7520,0.288889,0.465781,0,58.14,NaN
91.7600,0.104762,0.321092,0,58.14,NaN
91.7680,-0.054945,0.202718,0,58.14,NaN
91.7760,-0.170208,0.120576,0,58.14,NaN
91.7840,-0.231258,0.079258,0,58.14,NaN
91.7920,-0.250305,0.077297,0,58.14,NaN
91.8000,-0.212698,0.107685,0,58.14,NaN
91.8080,-0.157509,0.160091,0,58.14,NaN
91.8160,-0.100366,0.224413,0,58.14,NaN
91.8240,-0.054945,0.293556,0,58.14,NaN
91.8320,-0.031013,0.043055,0,58.14,NaN
91.8400,-0.024176,0.059918,0,58.14,NaN
91.8480,-0.032479,0.061407,0,58.14,NaN
91.8560,-0.050061,0.052412,0,58.14,NaN
91.8640,-0.070085,0.038665,0,58.14,NaN
91.8720,-0.089133,0.025150,0,58.14,NaN
91.8800,-0.101343,0.015092,0,58.14,NaN
91.8880,-0.107692,0.009633,0,58.14,NaN
91.8960,-0.108669,0.008222,0,58.14,NaN
91.9040,-0.108669,0.009489,0,58.14,NaN
91.9120,-0.109646,0.012132,0,58.14,NaN
91.9200,-0.109646,0.015362,0,58.14,NaN
91.9280,-0.109158,0.018845,0,58.14,NaN
91.9360,-0.108669,-0.232578,0,58.14,NaN
91.9440,-0.109158,-0.237196,0,58.14,NaN
91.9520,-0.110623,-0.240167,0,58.14,NaN
91.9600,-0.111600,-0.240764,0,58.14,NaN
91.9680,-0.108181,-0.238583,0,58.14,NaN
91.9760,-0.108181,-0.233567,0,58.14,NaN
91.9840,-0.108669,-0.225694,0,58.14,NaN
91.9920,-0.113065,-0.214746,0,58.14,NaN
92.0000,-0.115995,-0.200469,0,58.14,NaN
92.0080,-0.116972,-0.182909,0,58.14,NaN
92.0160,-0.120391,-0.162512,0,58.14,NaN
92.0240,-0.121856,-0.140003,0,58.14,NaN
92.0320,-0.118437,-0.116359,0,58.14,NaN
92.0400,-0.113553,-0.020833,0,58.14,NaN
92.0480,-0.102320,-0.001922,0,58.14,NaN
92.0560,-0.094505,0.012309,0,58.14,NaN
92.0640,-0.092063,0.020360,0,58.14,NaN
92.0720,-0.093529,0.022110,0,58.14,NaN
92.0800,-0.096459,0.018803,0,58.14,NaN
92.0880,-0.100855,0.012538,0,58.14,NaN
92.0960,-0.103785,0.005685,0,58.14,NaN
92.1040,-0.109646,0.000369,0,58.14,NaN
92.1120,-0.108669,-0.002024,0,58.14,NaN
92.1200,-0.106227,-0.001202,0,58.14,NaN
92.1280,-0.102320,0.002132,0,58.14,NaN
92.1360,-0.100366,0.006759,0,58.14,NaN
92.1440,-0.097924,-0.004289,0,58.14,NaN
92.1520,-0.097924,-0.001835,0,58.14,NaN
92.1600,-0.095482,-0.000509,0,58.14,NaN
92.1680,-0.096947,-0.000208,0,58.14,NaN
92.1760,-0.096947,-0.000424,0,58.14,NaN
92.1840,-0.099878,-0.000412,0,58.14,NaN
92.1920,-0.097924,0.000407,0,58.14,NaN
92.2000,-0.094505,0.002020,0,58.14,NaN
92.2080,-0.090110,0.003779,0,58.14,NaN
92.2160,-0.087668,0.004802,0,58.14,NaN
92.2240,-0.087179,0.004519,0,58.14,NaN
92.2320,-0.091087,0.002974,0,58.14,NaN
92.2400,-0.091575,0.000700,0,58.14,NaN
92.2480,-0.092063,0.004876,0,58.14,NaN
92.2560,-0.092063,0.005152,0,58.14,NaN
92.2640,-0.090110,0.006905,0,58.14,NaN
92.2720,-0.085714,0.009977,0,58.14,NaN
92.2800,-0.082295,0.013723,0,58.14,NaN
92.2880,-0.075458,0.017153,0,58.14,NaN
92.2960,-0.072527,0.019263,0,58.14,NaN
92.3040,-0.072527,0.019473,0,58.14,NaN
92.3120,-0.074481,0.017836,0,58.14,NaN
92.3200,-0.077411,0.014874,0,58.14,NaN
92.3280,-0.078877,0.011237,0,58.14,NaN
92.3360,-0.083761,0.007437,0,58.14,NaN
92.3440,-0.084249,0.003692,0,58.14,NaN
92.3520,-0.082295,-0.011122,0,58.14,NaN
92.3600,-0.076923,-0.009215,0,58.14,NaN
92.3680,-0.071062,-0.007044,0,58.14,NaN
92.3760,-0.070085,-0.005734,0,58.14,NaN
92.3840,-0.069597,-0.005828,0,58.14,NaN
92.3920,-0.070085,-0.007193,0,58.14,NaN
92.4000,-0.071551,-0.009231,0,58.14,NaN
92.4080,-0.072039,-0.011159,0,58.14,NaN
92.4160,-0.070574,-0.012237,0,58.14,NaN
92.4240,-0.070085,-0.011901,0,58.14,NaN
92.4320,-0.067155,-0.009863,0,58.14,NaN
92.4400,-0.060806,-0.006272,0,58.14,NaN
92.4480,-0.054457,-0.001766,0,58.14,NaN
92.4560,-0.050061,0.004957,0,58.14,NaN
92.4640,-0.051038,0.005009,0,58.14,NaN
92.4720,-0.052991,0.003538,0,58.14,NaN
92.4800,-0.053968,0.001299,0,58.14,NaN
92.4880,-0.053480,-0.000906,0,58.14,NaN
92.4960,-0.054457,-0.002433,0,58.14,NaN
92.5040,-0.054457,-0.002831,0,58.14,NaN
92.5120,-0.052015,-0.001975,0,58.14,NaN
92.5200,-0.048107,-0.000215,0,58.14,NaN
92.5280,-0.043712,0.001695,0,58.14,NaN
92.5360,-0.038828,0.002936,0,58.14,NaN
92.5440,-0.038828,0.003097,0,58.14,NaN
92.5520,-0.039316,0.002455,0,58.14,NaN
92.5600,-0.041270,-0.001604,0,58.14,NaN
92.5680,-0.039805,-0.003441,0,58.14,NaN
92.5760,-0.040293,-0.004648,0,58.14,NaN
92.5840,-0.039805,-0.004821,0,58.14,NaN
92.5920,-0.038339,-0.003883,0,58.14,NaN
92.6000,-0.031502,-0.002227,0,58.14,NaN
92.6080,-0.029548,-0.000566,0,58.14,NaN
92.6160,-0.025641,0.000476,0,58.14,NaN
92.6240,-0.025641,0.000682,0,58.14,NaN
92.6320,-0.025641,0.000258,0,58.14,NaN
92.6400,-0.023687,-0.000418,0,58.14,NaN
92.6480,-0.023199,-0.001065,0,58.14,NaN
92.6560,-0.020757,-0.001618,0,58.14,NaN
92.6640,-0.019780,0.015139,0,58.14,NaN
92.6720,-0.015873,0.017577,0,58.14,NaN
92.6800,-0.010501,0.019917,0,58.14,NaN
92.6880,-0.007570,0.021207,0,58.14,NaN
92.6960,-0.006593,0.020700,0,58.14,NaN
92.7040,-0.008059,0.018265,0,58.14,NaN
92.7120,-0.013431,0.014514,0,58.14,NaN
92.7200,-0.016850,0.010531,0,58.14,NaN
92.7280,-0.017827,0.007383,0,58.14,NaN
92.7360,-0.018803,0.005774,0,58.14,NaN
92.7440,-0.018315,0.005942,0,58.14,NaN
92.7520,-0.013919,0.007635,0,58.14,NaN
92.7600,-0.010989,0.010189,0,58.14,NaN
92.7680,-0.010501,0.063846,0,58.14,NaN
92.7760,-0.011966,0.063751,0,58.14,NaN
92.7840,-0.016850,0.061303,0,58.14,NaN
92.7920,-0.023199,0.056921,0,58.14,NaN
92.8000,-0.030525,0.051447,0,58.14,NaN
92.8080,-0.037851,0.045894,0,58.14,NaN
92.8160,-0.045665,0.041192,0,58.14,NaN
92.8240,-0.050549,0.037901,0,58.14,NaN
92.8320,-0.053480,0.035959,0,58.14,NaN
92.8400,-0.054457,0.034701,0,58.14,NaN
92.8480,-0.056899,0.033247,0,58.14,NaN
92.8560,-0.061783,0.031060,0,58.14,NaN
92.8640,-0.068620,0.028269,0,58.14,NaN
92.8720,-0.074969,0.022718,0,58.14,NaN
92.8800,-0.079365,0.019818,0,58.14,NaN
92.8880,-0.084249,0.017705,0,58.14,NaN
92.8960,-0.086203,0.016529,0,58.14,NaN
92.9040,-0.090598,0.016222,0,58.14,NaN
92.9120,-0.093040,0.016551,0,58.14,NaN
92.9200,-0.094017,0.017081,0,58.14,NaN
92.9280,-0.095971,0.017250,0,58.14,NaN
92.9360,-0.100366,0.016599,0,58.14,NaN
92.9440,-0.104762,0.014976,0,58.14,NaN
92.9520,-0.112088,0.012529,0,58.14,NaN
92.9600,-0.116972,0.009551,0,58.14,NaN
92.9680,-0.123810,0.006346,0,58.14,NaN
92.9760,-0.126252,-0.038399,0,58.14,NaN
92.9840,-0.128205,-0.037481,0,58.14,NaN
92.9920,-0.126252,-0.034430,0,58.14,NaN
93.0000,-0.122344,-0.030152,0,58.14,NaN
93.0080,-0.117949,-0.025953,0,58.14,NaN
93.0160,-0.116972,-0.022973,0,58.14,NaN
93.0240,-0.119414,-0.021678,0,58.14,NaN
93.0320,-0.122344,-0.021774,0,58.14,NaN
93.0400,-0.124786,-0.022500,0,58.14,NaN
93.0480,-0.127717,-0.022966,0,58.14,NaN
93.0560,-0.131624,-0.022399,0,58.14,NaN
93.0640,-0.132112,-0.020457,0,58.14,NaN
93.0720,-0.129182,-0.017523,0,58.14,NaN
93.0800,-0.125275,-0.025287,0,58.14,NaN
93.0880,-0.119414,-0.021442,0,58.14,NaN
93.0960,-0.118437,-0.019301,0,58.14,NaN
93.1040,-0.123321,-0.019264,0,58.14,NaN
93.1120,-0.125763,-0.020774,0,58.14,NaN
93.1200,-0.130647,-0.022747,0,58.14,NaN
93.1280,-0.132601,-0.024086,0,58.14,NaN
93.1360,-0.133578,-0.024029,0,58.14,NaN
93.1440,-0.133578,-0.022324,0,58.14,NaN
93.1520,-0.130159,-0.019271,0,58.14,NaN
93.1600,-0.125275,-0.015575,0,58.14,NaN
93.1680,-0.122344,-0.011931,0,58.14,NaN
93.1760,-0.122344,-0.008566,0,58.14,NaN
93.1840,-0.121856,-0.003039,0,58.14,NaN
93.1920,-0.123321,-0.002567,0,58.14,NaN
93.2000,-0.121856,-0.002491,0,58.14,NaN
93.2080,-0.122344,-0.002361,0,58.14,NaN
93.2160,-0.125275,-0.001676,0,58.14,NaN
93.2240,-0.124298,-0.000074,0,58.14,NaN
93.2320,-0.120391,0.002275,0,58.14,NaN
93.2400,-0.116972,0.004603,0,58.14,NaN
93.2480,-0.114042,0.005964,0,58.14,NaN
93.2560,-0.116484,0.005801,0,58.14,NaN
93.2640,-0.118437,0.004205,0,58.14,NaN
93.2720,-0.123321,0.001715,0,58.14,NaN
93.2800,-0.123321,-0.001123,0,58.14,NaN
93.2880,-0.123810,0.000080,0,58.14,NaN
93.2960,-0.121856,0.002498,0,58.14,NaN
93.3040,-0.117460,0.006765,0,58.14,NaN
93.3120,-0.110623,0.011895,0,58.14,NaN
93.3200,-0.103785,0.016419,0,58.14,NaN
93.3280,-0.101343,0.018979,0,58.14,NaN
93.3360,-0.101832,0.018905,0,58.14,NaN
93.3440,-0.105739,0.016442,0,58.14,NaN
93.3520,-0.109158,0.012556,0,58.14,NaN
93.3600,-0.115507,0.008529,0,58.14,NaN
93.3680,-0.117460,0.005475,0,58.14,NaN
93.3760,-0.119902,0.003875,0,58.14,NaN
93.3840,-0.116972,0.003330,0,58.14,NaN
93.3920,-0.115507,-0.000621,0,58.14,NaN
93.4000,-0.108669,0.002636,0,58.14,NaN
93.4080,-0.104762,0.005372,0,58.14,NaN
93.4160,-0.104762,0.006661,0,58.14,NaN
93.4240,-0.105739,0.006194,0,58.14,NaN
93.4320,-0.106227,0.004166,0,58.14,NaN
93.4400,-0.107692,0.001088,0,58.14,NaN
93.4480,-0.112088,-0.002228,0,58.14,NaN
93.4560,-0.114530,-0.004743,0,58.14,NaN
93.4640,-0.116484,-0.005512,0,58.14,NaN
93.4720,-0.113553,-0.004112,0,58.14,NaN
93.4800,-0.107692,-0.000846,0,58.14,NaN
93.4880,-0.103785,0.003443,0,58.14,NaN
93.4960,-0.101832,0.003984,0,58.14,NaN
93.5040,-0.102808,0.003696,0,58.14,NaN
93.5120,-0.104762,0.002143,0,58.14,NaN
93.5200,-0.107692,0.000200,0,58.14,NaN
93.5280,-0.108669,-0.001144,0,58.14,NaN
93.5360,-0.108669,-0.001201,0,58.14,NaN
93.5440,-0.106716,0.000148,0,58.14,NaN
93.5520,-0.102320,0.002412,0,58.14,NaN
93.5600,-0.099878,0.004687,0,58.14,NaN
93.5680,-0.096459,0.006022,0,58.14,NaN
93.5760,-0.096459,0.005791,0,58.14,NaN
93.5840,-0.097924,0.003954,0,58.14,NaN
93.5920,-0.101343,0.001108,0,58.14,NaN
93.6000,-0.103297,0.004715,0,58.14,NaN
93.6080,-0.109646,0.001216,0,58.14,NaN
93.6160,-0.113553,-0.000769,0,58.14,NaN
93.6240,-0.112576,-0.000568,0,58.14,NaN
93.6320,-0.108181,0.001568,0,58.14,NaN
93.6400,-0.103785,0.004605,0,58.14,NaN
93.6480,-0.100855,0.007317,0,58.14,NaN
93.6560,-0.100366,0.008837,0,58.14,NaN
93.6640,-0.101343,0.008862,0,58.14,NaN
93.6720,-0.101832,0.007516,0,58.14,NaN
93.6800,-0.104274,0.005149,0,58.14,NaN
93.6880,-0.108181,0.002196,0,58.14,NaN
93.6960,-0.109646,-0.000976,0,58.14,NaN
93.7040,-0.109158,-0.002637,0,58.14,NaN
93.7120,-0.104274,-0.000953,0,58.14,NaN
93.7200,-0.101343,0.000941,0,58.14,NaN
93.7280,-0.100855,0.002073,0,58.14,NaN
93.7360,-0.101343,0.001868,0,58.14,NaN
93.7440,-0.101832,0.000246,0,58.14,NaN
93.7520,-0.104762,-0.002386,0,58.14,NaN
93.7600,-0.109646,-0.005201,0,58.14,NaN
93.7680,-0.110134,-0.007212,0,58.14,NaN
93.7760,-0.111600,-0.007644,0,58.14,NaN
93.7840,-0.109646,-0.006182,0,58.14,NaN
93.7920,-0.105250,-0.003076,0,58.14,NaN
93.8000,-0.101343,0.000966,0,58.14,NaN
93.8080,-0.101343,0.000192,0,58.14,NaN
93.8160,-0.101343,0.000906,0,58.14,NaN
93.8240,-0.101343,0.000676,0,58.14,NaN
93.8320,-0.101343,-0.000394,0,58.14,NaN
93.8400,-0.102320,-0.002103,0,58.14,NaN
93.8480,-0.104762,-0.004033,0,58.14,NaN
93.8560,-0.108181,-0.005534,0,58.14,NaN
93.8640,-0.110134,-0.005985,0,58.14,NaN
93.8720,-0.107204,-0.005209,0,58.14,NaN
93.8800,-0.103785,-0.003631,0,58.14,NaN
93.8880,-0.100855,-0.001949,0,58.14,NaN
93.8960,-0.101343,-0.000620,0,58.14,NaN
93.9040,-0.100855,0.000371,0,58.14,NaN
93.9120,-0.100366,0.002267,0,58.14,NaN
93.9200,-0.101343,0.002178,0,58.14,NaN
93.9280,-0.101343,0.002261,0,58.14,NaN
93.9360,-0.100855,0.002749,0,58.14,NaN
93.9440,-0.100366,0.003671,0,58.14,NaN
93.9520,-0.096947,0.004763,0,58.14,NaN
93.9600,-0.094017,0.005556,0,58.14,NaN
93.9680,-0.094017,0.005645,0,58.14,NaN
93.9760,-0.096947,0.004979,0,58.14,NaN
93.9840,-0.099878,0.003862,0,58.14,NaN
93.9920,-0.101343,0.002692,0,58.14,NaN
94.0000,-0.101832,0.001701,0,58.14,NaN
94.0080,-0.102320,0.000874,0,58.14,NaN
94.0160,-0.102320,0.001074,0,58.14,NaN
94.0240,-0.099389,0.002934,0,58.14,NaN
94.0320,-0.095482,0.004997,0,58.14,NaN
94.0400,-0.093040,0.006464,0,58.14,NaN
94.0480,-0.093040,0.006738,0,58.14,NaN
94.0560,-0.094505,0.005705,0,58.14,NaN
94.0640,-0.098413,0.003753,0,58.14,NaN
94.0720,-0.100855,0.001541,0,58.14,NaN
94.0800,-0.101343,-0.000294,0,58.14,NaN
94.0880,-0.102808,-0.001275,0,58.14,NaN
94.0960,-0.103785,-0.001078,0,58.14,NaN
94.1040,-0.103297,0.000351,0,58.14,NaN
94.1120,-0.098413,0.002607,0,58.14,NaN
94.1200,-0.093040,-0.000335,0,58.14,NaN
94.1280,-0.091087,0.000755,0,58.14,NaN
94.1360,-0.093529,-0.000015,0,58.14,NaN
94.1440,-0.097436,-0.002354,0,58.14,NaN
94.1520,-0.098901,-0.005413,0,58.14,NaN
94.1600,-0.101832,-0.008153,0,58.14,NaN
94.1680,-0.105739,-0.009594,0,58.14,NaN
94.1760,-0.104274,-0.009154,0,58.14,NaN
94.1840,-0.100855,-0.007022,0,58.14,NaN
94.1920,-0.094017,-0.004147,0,58.14,NaN
94.2000,-0.091087,-0.001673,0,58.14,NaN
94.2080,-0.090598,-0.000218,0,58.14,NaN
94.2160,-0.091575,0.000431,0,58.14,NaN
94.2240,-0.094505,-0.002171,0,58.14,NaN
94.2320,-0.097924,-0.004891,0,58.14,NaN
94.2400,-0.099389,-0.007134,0,58.14,NaN
94.2480,-0.100366,-0.008150,0,58.14,NaN
94.2560,-0.100366,-0.007568,0,58.14,NaN
94.2640,-0.097924,-0.005519,0,58.14,NaN
94.2720,-0.093529,-0.002685,0,58.14,NaN
94.2800,-0.088645,-0.000101,0,58.14,NaN
94.2880,-0.086691,0.001332,0,58.14,NaN
94.2960,-0.089133,0.001305,0,58.14,NaN
94.3040,-0.090598,0.000123,0,58.14,NaN
94.3120,-0.092063,-0.001677,0,58.14,NaN
94.3200,-0.092552,-0.003692,0,58.14,NaN
94.3280,-0.094017,-0.001049,0,58.14,NaN
94.3360,-0.094994,-0.001130,0,58.14,NaN
94.3440,-0.092552,-0.000593,0,58.14,NaN
94.3520,-0.091087,0.000044,0,58.14,NaN
94.3600,-0.090110,0.000179,0,58.14,NaN
94.3680,-0.091575,-0.000527,0,58.14,NaN
94.3760,-0.094017,-0.002029,0,58.14,NaN
94.3840,-0.093529,-0.004000,0,58.14,NaN
94.3920,-0.095482,-0.005907,0,58.14,NaN
94.4000,-0.098413,-0.006983,0,58.14,NaN
94.4080,-0.099878,-0.006429,0,58.14,NaN
94.4160,-0.096459,-0.003944,0,58.14,NaN
94.4240,-0.090110,-0.000135,0,58.14,NaN
94.4320,-0.085714,0.000206,0,58.14,NaN
94.4400,-0.084249,0.001790,0,58.14,NaN
94.4480,-0.085226,0.001671,0,58.14,NaN
94.4560,-0.088156,0.000219,0,58.14,NaN
94.4640,-0.090110,-0.001763,0,58.14,NaN
94.4720,-0.091087,-0.003467,0,58.14,NaN
94.4800,-0.091087,-0.004352,0,58.14,NaN
94.4880,-0.091087,-0.004201,0,58.14,NaN
94.4960,-0.090110,-0.003123,0,58.14,NaN
94.5040,-0.086691,-0.001552,0,58.14,NaN
94.5120,-0.084249,-0.000106,0,58.14,NaN
94.5200,-0.082295,0.000762,0,58.14,NaN
94.5280,-0.084249,0.001102,0,58.14,NaN
94.5360,-0.086691,-0.002058,0,58.14,NaN
94.5440,-0.090598,-0.005662,0,58.14,NaN
94.5520,-0.092552,-0.009377,0,58.14,NaN
94.5600,-0.095971,-0.012225,0,58.14,NaN
94.5680,-0.099389,-0.013246,0,58.14,NaN
94.5760,-0.097924,-0.011900,0,58.14,NaN
94.5840,-0.091575,-0.008510,0,58.14,NaN
94.5920,-0.085714,-0.004243,0,58.14,NaN
94.6000,-0.081319,-0.000573,0,58.14,NaN
94.6080,-0.079365,0.001350,0,58.14,NaN
94.6160,-0.079365,0.001053,0,58.14,NaN
94.6240,-0.082784,-0.001196,0,58.14,NaN
94.6320,-0.085714,-0.004559,0,58.14,NaN
94.6400,-0.090110,0.000492,0,58.14,NaN
94.6480,-0.091087,-0.000428,0,58.14,NaN
94.6560,-0.090110,0.000576,0,58.14,NaN
94.6640,-0.085714,0.003077,0,58.14,NaN
94.6720,-0.080830,0.005973,0,58.14,NaN
94.6800,-0.077411,0.008042,0,58.14,NaN
94.6880,-0.078388,0.008559,0,58.14,NaN
94.6960,-0.080830,0.007577,0,58.14,NaN
94.7040,-0.083272,0.005707,0,58.14,NaN
94.7120,-0.084737,0.003667,0,58.14,NaN
94.7200,-0.085714,0.001961,0,58.14,NaN
94.7280,-0.087668,0.000771,0,58.14,NaN
94.7360,-0.087179,-0.000042,0,58.14,NaN
94.7440,-0.084737,-0.011134,0,58.14,NaN
94.7520,-0.080830,-0.009979,0,58.14,NaN
94.7600,-0.079365,-0.009464,0,58.14,NaN
94.7680,-0.080342,-0.009969,0,58.14,NaN
94.7760,-0.082295,-0.011269,0,58.14,NaN
94.7840,-0.083761,-0.012743,0,58.14,NaN
94.7920,-0.084249,-0.013749,0,58.14,NaN
94.8000,-0.082295,-0.013887,0,58.14,NaN
94.8080,-0.082295,-0.013050,0,58.14,NaN
94.8160,-0.078388,-0.011357,0,58.14,NaN
94.8240,-0.076435,-0.009067,0,58.14,NaN
94.8320,-0.072527,-0.006464,0,58.14,NaN
94.8400,-0.070085,-0.003755,0,58.14,NaN
94.8480,-0.071062,-0.039213,0,58.14,NaN
94.8560,-0.073504,-0.042228,0,58.14,NaN
94.8640,-0.074969,-0.045260,0,58.14,NaN
94.8720,-0.073504,-0.047447,0,58.14,NaN
94.8800,-0.072039,-0.048193,0,58.14,NaN
94.8880,-0.069597,-0.047227,0,58.14,NaN
94.8960,-0.063248,-0.044637,0,58.14,NaN
94.9040,-0.056899,-0.040840,0,58.14,NaN
94.9120,-0.051038,-0.036414,0,58.14,NaN
94.9200,-0.043223,-0.031915,0,58.14,NaN
94.9280,-0.036386,-0.027752,0,58.14,NaN
94.9360,-0.031990,-0.024051,0,58.14,NaN
94.9440,-0.025641,-0.020665,0,58.14,NaN
94.9520,-0.021734,0.027386,0,58.14,NaN
94.9600,-0.018803,0.032282,0,58.14,NaN
94.9680,-0.012943,0.037816,0,58.14,NaN
94.9760,-0.006593,0.043503,0,58.14,NaN
94.9840,0.005128,0.048014,0,58.14,NaN
94.9920,0.008059,0.049827,0,58.14,NaN
95.0000,0.007082,0.048278,0,58.14,NaN
95.0080,-0.004151,0.044068,0,58.14,NaN
95.0160,-0.008059,0.038664,0,58.14,NaN
95.0240,-0.009035,0.033195,0,58.14,NaN
95.0320,-0.011966,0.028011,0,58.14,NaN
95.0400,-0.015873,0.023017,0,58.14,NaN
95.0480,-0.019780,0.018080,0,58.14,NaN
95.0560,-0.021734,0.068046,0,58.14,NaN
95.0640,-0.024176,0.066141,0,58.14,NaN
95.0720,-0.026129,0.062898,0,58.14,NaN
95.0800,-0.033455,0.057778,0,58.14,NaN
95.0880,-0.041270,0.050897,0,58.14,NaN
95.0960,-0.053480,0.043084,0,58.14,NaN
95.1040,-0.060806,0.035551,0,58.14,NaN
95.1120,-0.069597,0.029443,0,58.14,NaN
95.1200,-0.074481,0.025531,0,58.14,NaN
95.1280,-0.077411,0.024049,0,58.14,NaN
95.1360,-0.076923,0.024681,0,58.14,NaN
95.1440,-0.076435,0.026755,0,58.14,NaN
95.1520,-0.076435,0.029538,0,58.14,NaN
95.1600,-0.078388,-0.012048,0,58.14,NaN
95.1680,-0.080342,-0.013680,0,58.14,NaN
95.1760,-0.084249,-0.015791,0,58.14,NaN
95.1840,-0.085714,-0.017891,0,58.14,NaN
95.1920,-0.086203,-0.019480,0,58.14,NaN
95.2000,-0.090110,-0.020066,0,58.14,NaN
95.2080,-0.090598,-0.019238,0,58.14,NaN
95.2160,-0.088156,-0.016979,0,58.14,NaN
95.2240,-0.085714,-0.013871,0,58.14,NaN
95.2320,-0.080342,-0.010920,0,58.14,NaN
95.2400,-0.080342,-0.009026,0,58.14,NaN
95.2480,-0.083272,-0.008457,0,58.14,NaN
95.2560,-0.085714,-0.008747,0,58.14,NaN
95.2640,-0.088645,-0.021033,0,58.14,NaN
95.2720,-0.091087,-0.019628,0,58.14,NaN
95.2800,-0.086691,-0.015813,0,58.14,NaN
95.2880,-0.082784,-0.009928,0,58.14,NaN
95.2960,-0.075458,-0.003197,0,58.14,NaN
95.3040,-0.070085,0.002731,0,58.14,NaN
95.3120,-0.067643,0.006431,0,58.14,NaN
95.3200,-0.069597,0.007251,0,58.14,NaN
95.3280,-0.074481,0.005484,0,58.14,NaN
95.3360,-0.080830,0.002089,0,58.14,NaN
95.3440,-0.086691,-0.001811,0,58.14,NaN
95.3520,-0.092552,-0.005439,0,58.14,NaN
95.3600,-0.094505,-0.008662,0,58.14,NaN
95.3680,-0.093529,0.060860,0,58.14,NaN
95.3760,-0.088645,0.068447,0,58.14,NaN
95.3840,-0.084249,0.077120,0,58.14,NaN
95.3920,-0.078877,0.085225,0,58.14,NaN
95.4000,-0.077900,0.091184,0,58.14,NaN
95.4080,-0.078877,0.093815,0,58.14,NaN
95.4160,-0.084249,0.092476,0,58.14,NaN
95.4240,-0.092063,0.087111,0,58.14,NaN
95.4320,-0.103785,0.078313,0,58.14,NaN
95.4400,-0.121368,0.067360,0,58.14,NaN
95.4480,-0.139927,0.055879,0,58.14,NaN
95.4560,-0.152625,0.045073,0,58.14,NaN
95.4640,-0.162882,0.035072,0,58.14,NaN
95.4720,-0.163858,-0.945904,0,58.14,NaN
95.4800,-0.154579,-0.975895,0,58.14,NaN
95.4880,-0.132112,-0.994485,0,58.14,NaN
95.4960,-0.088156,-1.000000,0,58.14,NaN
95.5040,-0.034432,-0.991252,0,58.14,NaN
95.5120,0.038339,-0.967292,0,58.14,NaN
95.5200,0.124786,-0.927505,0,58.14,NaN
95.5280,0.235653,-0.872209,0,58.14,NaN
95.5360,0.367521,-0.803208,0,58.14,NaN
95.5440,0.508181,-0.723534,0,58.14,NaN
95.5520,0.651770,-0.636576,0,58.14,NaN
95.5600,0.810012,-0.545444,0,58.14,NaN
95.5680,0.961905,-0.452785,0,58.14,NaN
95.5760,1.000000,0.991715,0,58.14,NaN
95.5840,1.000000,1.000000,1,58.14,NaN
95.5920,0.918926,0.961669,1,58.14,NaN
95.6000,0.718681,0.885130,0,58.14,NaN
95.6080,0.524298,0.785585,0,58.14,NaN
95.6160,0.343101,0.679477,0,58.14,NaN
95.6240,0.172650,0.580146,0,58.14,NaN
95.6320,0.020269,0.497174,0,58.14,NaN
95.6400,-0.114530,0.437443,0,58.14,NaN
95.6480,-0.204884,0.405348,0,58.14,NaN
95.6560,-0.250794,0.401606,0,58.14,NaN
95.6640,-0.252747,0.421779,0,58.14,NaN
95.6720,-0.219048,0.455959,0,58.14,NaN
95.6800,-0.170208,-0.099274,0,58.14,NaN
95.6880,-0.116484,-0.044528,0,58.14,NaN
95.6960,-0.065690,0.005480,0,58.14,NaN
95.7040,-0.035409,0.042777,0,58.14,NaN
95.7120,-0.021734,0.063697,0,58.14,NaN
95.7200,-0.024176,0.068755,0,58.14,NaN
95.7280,-0.040293,0.061562,0,58.14,NaN
95.7360,-0.060806,0.047250,0,58.14,NaN
95.7440,-0.079365,0.030872,0,58.14,NaN
95.7520,-0.096947,0.016272,0,58.14,NaN
95.7600,-0.109646,0.005572,0,58.14,NaN
95.7680,-0.116972,-0.000983,0,58.14,NaN
95.7760,-0.117949,-0.004883,0,58.14,NaN
95.7840,-0.116484,-0.198749,0,58.14,NaN
95.7920,-0.113553,-0.200926,0,58.14,NaN
95.8000,-0.108669,-0.202105,0,58.14,NaN
95.8080,-0.107692,-0.203083,0,58.14,NaN
95.8160,-0.106227,-0.203858,0,58.14,NaN
95.8240,-0.107692,-0.203600,0,58.14,NaN
95.8320,-0.110134,-0.200897,0,58.14,NaN
95.8400,-0.110134,-0.194273,0,58.14,NaN
95.8480,-0.108669,-0.182804,0,58.14,NaN
95.8560,-0.103785,-0.166477,0,58.14,NaN
95.8640,-0.101832,-0.146126,0,58.14,NaN
95.8720,-0.101343,-0.123053,0,58.14,NaN
95.8800,-0.103785,-0.098658,0,58.14,NaN
95.8880,-0.107204,-0.065784,0,58.14,NaN
95.8960,-0.107204,-0.048121,0,58.14,NaN
95.9040,-0.107692,-0.032157,0,58.14,NaN
95.9120,-0.108669,-0.018494,0,58.14,NaN
95.9200,-0.107692,-0.007597,0,58.14,NaN
95.9280,-0.102808,0.000025,0,58.14,NaN
95.9360,-0.100366,0.003884,0,58.14,NaN
95.9440,-0.099389,0.003941,0,58.14,NaN
95.9520,-0.101343,0.000953,0,58.14,NaN
95.9600,-0.104274,-0.003649,0,58.14,NaN
95.9680,-0.105739,-0.008373,0,58.14,NaN
95.9760,-0.103297,-0.012376,0,58.14,NaN
95.9840,-0.102320,-0.015744,0,58.14,NaN
95.9920,-0.101343,-0.012437,0,58.14,NaN
96.0000,-0.101343,-0.010473,0,58.14,NaN
96.0080,-0.098901,-0.007267,0,58.14,NaN
96.0160,-0.094017,-0.003554,0,58.14,NaN
96.0240,-0.091087,-0.000304,0,58.14,NaN
96.0320,-0.090598,0.001732,0,58.14,NaN
96.0400,-0.092063,0.002341,0,58.14,NaN
96.0480,-0.092063,0.001782,0,58.14,NaN
96.0560,-0.094017,0.000542,0,58.14,NaN
96.0640,-0.093040,-0.000857,0,58.14,NaN
96.0720,-0.095971,-0.001961,0,58.14,NaN
96.0800,-0.094505,-0.002522,0,58.14,NaN
96.0880,-0.092552,-0.002661,0,58.14,NaN
96.0960,-0.087179,-0.003337,0,58.14,NaN
96.1040,-0.080830,-0.001565,0,58.14,NaN
96.1120,-0.080342,-0.001330,0,58.14,NaN
96.1200,-0.083761,-0.002875,0,58.14,NaN
96.1280,-0.085714,-0.005617,0,58.14,NaN
96.1360,-0.087668,-0.008564,0,58.14,NaN
96.1440,-0.090110,-0.010745,0,58.14,NaN
96.1520,-0.089133,-0.011502,0,58.14,NaN
96.1600,-0.085714,-0.010667,0,58.14,NaN
96.1680,-0.084249,-0.008507,0,58.14,NaN
96.1760,-0.076923,-0.005535,0,58.14,NaN
96.1840,-0.074481,-0.002259,0,58.14,NaN
96.1920,-0.070574,0.001043,0,58.14,NaN
96.2000,-0.072527,0.003834,0,58.14,NaN
96.2080,-0.072527,0.002137,0,58.14,NaN
96.2160,-0.074481,-0.000239,0,58.14,NaN
96.2240,-0.075458,-0.002514,0,58.14,NaN
96.2320,-0.076435,-0.003946,0,58.14,NaN
96.2400,-0.076923,-0.004013,0,58.14,NaN
96.2480,-0.073504,-0.002649,0,58.14,NaN
96.2560,-0.069109,-0.000382,0,58.14,NaN
96.2640,-0.063736,0.001859,0,58.14,NaN
96.2720,-0.060806,0.003207,0,58.14,NaN
96.2800,-0.062271,0.003282,0,58.14,NaN
96.2880,-0.060806,0.002247,0,58.14,NaN
96.2960,-0.061783,0.000588,0,58.14,NaN
96.3040,-0.063736,0.007855,0,58.14,NaN
96.3120,-0.062759,0.007738,0,58.14,NaN
96.3200,-0.061783,0.009104,0,58.14,NaN
96.3280,-0.057875,0.011893,0,58.14,NaN
96.3360,-0.052015,0.015415,0,58.14,NaN
96.3440,-0.046642,0.018581,0,58.14,NaN
96.3520,-0.044200,0.020363,0,58.14,NaN
96.3600,-0.043712,0.020241,0,58.14,NaN
96.3680,-0.046642,0.018330,0,58.14,NaN
96.3760,-0.048107,0.015201,0,58.14,NaN
96.3840,-0.052015,0.011559,0,58.14,NaN
96.3920,-0.054945,0.007949,0,58.14,NaN
96.4000,-0.055433,0.004531,0,58.14,NaN
96.4080,-0.053968,-0.010893,0,58.14,NaN
96.4160,-0.048107,-0.008482,0,58.14,NaN
96.4240,-0.040781,-0.005511,0,58.14,NaN
96.4320,-0.038339,-0.003204,0,58.14,NaN
96.4400,-0.035897,-0.002307,0,58.14,NaN
96.4480,-0.035409,-0.002898,0,58.14,NaN
96.4560,-0.036386,-0.004516,0,58.14,NaN
96.4640,-0.035409,-0.006389,0,58.14,NaN
96.4720,-0.037851,-0.007669,0,58.14,NaN
96.4800,-0.035897,-0.007723,0,58.14,NaN
96.4880,-0.031013,-0.006414,0,58.14,NaN
96.4960,-0.026618,-0.004098,0,58.14,NaN
96.5040,-0.023199,-0.001308,0,58.14,NaN
96.5120,-0.023199,0.012038,0,58.14,NaN
96.5200,-0.023199,0.011082,0,58.14,NaN
96.5280,-0.024664,0.009356,0,58.14,NaN
96.5360,-0.026129,0.007652,0,58.14,NaN
96.5440,-0.025641,0.006772,0,58.14,NaN
96.5520,-0.024664,0.007265,0,58.14,NaN
96.5600,-0.023199,0.009233,0,58.14,NaN
96.5680,-0.017827,0.012137,0,58.14,NaN
96.5760,-0.011966,0.014796,0,58.14,NaN
96.5840,-0.007570,0.015810,0,58.14,NaN
96.5920,-0.010012,0.014277,0,58.14,NaN
96.6000,-0.012943,0.010251,0,58.14,NaN
96.6080,-0.018803,0.004711,0,58.14,NaN
96.6160,-0.023199,0.041478,0,58.14,NaN
96.6240,-0.029060,0.038208,0,58.14,NaN
96.6320,-0.031013,0.036644,0,58.14,NaN
96.6400,-0.031502,0.037003,0,58.14,NaN
96.6480,-0.029060,0.038741,0,58.14,NaN
96.6560,-0.028083,0.040778,0,58.14,NaN
96.6640,-0.026129,0.041900,0,58.14,NaN
96.6720,-0.028571,0.041213,0,58.14,NaN
96.6800,-0.033944,0.038447,0,58.14,NaN
96.6880,-0.039316,0.033941,0,58.14,NaN
96.6960,-0.047131,0.028355,0,58.14,NaN
96.7040,-0.053968,0.022336,0,58.14,NaN
96.7120,-0.059341,0.016259,0,58.14,NaN
96.7200,-0.060317,0.022325,0,58.14,NaN
96.7280,-0.059829,0.022571,0,58.14,NaN
96.7360,-0.059341,0.022717,0,58.14,NaN
96.7440,-0.061783,0.021580,0,58.14,NaN
96.7520,-0.067643,0.018672,0,58.14,NaN
96.7600,-0.075458,0.014411,0,58.14,NaN
96.7680,-0.083272,0.009860,0,58.14,NaN
96.7760,-0.090110,0.006178,0,58.14,NaN
96.7840,-0.092063,0.004112,0,58.14,NaN
96.7920,-0.094017,0.003815,0,58.14,NaN
96.8000,-0.095971,0.005025,0,58.14,NaN
96.8080,-0.095482,0.007298,0,58.14,NaN
96.8160,-0.095971,0.010124,0,58.14,NaN
96.8240,-0.099878,-0.014346,0,58.14,NaN
96.8320,-0.101832,-0.016122,0,58.14,NaN
96.8400,-0.106716,-0.019175,0,58.14,NaN
96.8480,-0.112088,-0.023267,0,58.14,NaN
96.8560,-0.117460,-0.027814,0,58.14,NaN
96.8640,-0.124298,-0.031859,0,58.14,NaN
96.8720,-0.132601,-0.034224,0,58.14,NaN
96.8800,-0.133089,-0.034000,0,58.14,NaN
96.8880,-0.132112,-0.031094,0,58.14,NaN
96.8960,-0.126252,-0.026279,0,58.14,NaN
96.9040,-0.123321,-0.020694,0,58.14,NaN
96.9120,-0.120391,-0.015188,0,58.14,NaN
96.9200,-0.119902,-0.009965,0,58.14,NaN
96.9280,-0.118437,-0.018685,0,58.14,NaN
96.9360,-0.119902,-0.017763,0,58.14,NaN
96.9440,-0.121856,-0.017338,0,58.14,NaN
96.9520,-0.124298,-0.016725,0,58.14,NaN
96.9600,-0.124298,-0.015487,0,58.14,NaN
96.9680,-0.122833,-0.013684,0,58.14,NaN
96.9760,-0.121368,-0.011797,0,58.14,NaN
96.9840,-0.121368,-0.010349,0,58.14,NaN
96.9920,-0.124298,-0.009551,0,58.14,NaN
97.0000,-0.125275,-0.009254,0,58.14,NaN
97.0080,-0.127717,-0.009173,0,58.14,NaN
97.0160,-0.127717,-0.009107,0,58.14,NaN
97.0240,-0.129182,-0.009006,0,58.14,NaN
97.0320,-0.131136,-0.026267,0,58.14,NaN
97.0400,-0.127717,-0.023643,0,58.14,NaN
97.0480,-0.123810,-0.020031,0,58.14,NaN
97.0560,-0.117949,-0.016392,0,58.14,NaN
97.0640,-0.115507,-0.013707,0,58.14,NaN
97.0720,-0.115995,-0.012467,0,58.14,NaN
97.0800,-0.116972,-0.012536,0,58.14,NaN
97.0880,-0.117460,-0.013393,0,58.14,NaN
97.0960,-0.116972,-0.014409,0,58.14,NaN
97.1040,-0.118926,-0.014904,0,58.14,NaN
97.1120,-0.120391,-0.014237,0,58.14,NaN
97.1200,-0.117460,-0.012141,0,58.14,NaN
97.1280,-0.112088,-0.009051,0,58.14,NaN
97.1360,-0.110134,-0.000688,0,58.14,NaN
97.1440,-0.107692,0.000839,0,58.14,NaN
97.1520,-0.108181,0.001064,0,58.14,NaN
97.1600,-0.108669,0.000044,0,58.14,NaN
97.1680,-0.110134,-0.001792,0,58.14,NaN
97.1760,-0.111600,-0.003778,0,58.14,NaN
97.1840,-0.113553,-0.005174,0,58.14,NaN
97.1920,-0.113553,-0.005434,0,58.14,NaN
97.2000,-0.109646,-0.004475,0,58.14,NaN
97.2080,-0.108669,-0.002727,0,58.14,NaN
97.2160,-0.101832,-0.000897,0,58.14,NaN
97.2240,-0.101343,0.000448,0,58.14,NaN
97.2320,-0.101832,0.001287,0,58.14,NaN
97.2400,-0.101832,0.011922,0,58.14,NaN
97.2480,-0.101343,0.011687,0,58.14,NaN
97.2560,-0.100855,0.011333,0,58.14,NaN
97.2640,-0.101343,0.011151,0,58.14,NaN
97.2720,-0.101343,0.011438,0,58.14,NaN
97.2800,-0.101343,0.012366,0,58.14,NaN
97.2880,-0.098901,0.013776,0,58.14,NaN
97.2960,-0.094994,0.015084,0,58.14,NaN
97.3040,-0.094017,0.015531,0,58.14,NaN
97.3120,-0.094017,0.014613,0,58.14,NaN
97.3200,-0.097924,0.012343,0,58.14,NaN
97.3280,-0.101343,0.009158,0,58.14,NaN
97.3360,-0.102808,0.005574,0,58.14,NaN
97.3440,-0.104762,-0.002478,0,58.14,NaN
97.3520,-0.103785,-0.002638,0,58.14,NaN
97.3600,-0.101832,-0.001535,0,58.14,NaN
97.3680,-0.098901,0.000169,0,58.14,NaN
97.3760,-0.094994,0.001564,0,58.14,NaN
97.3840,-0.094017,0.001895,0,58.14,NaN
97.3920,-0.095971,0.000938,0,58.14,NaN
97.4000,-0.097924,-0.000934,0,58.14,NaN
97.4080,-0.098413,-0.002986,0,58.14,NaN
97.4160,-0.100855,-0.004396,0,58.14,NaN
97.4240,-0.100855,-0.004476,0,58.14,NaN
97.4320,-0.099878,-0.002996,0,58.14,NaN
97.4400,-0.094017,-0.000440,0,58.14,NaN
97.4480,-0.090598,0.009136,0,58.14,NaN
97.4560,-0.087179,0.010505,0,58.14,NaN
97.4640,-0.088156,0.009866,0,58.14,NaN
97.4720,-0.093040,0.007360,0,58.14,NaN
97.4800,-0.096459,0.003844,0,58.14,NaN
97.4880,-0.100366,0.000423,0,58.14,NaN
97.4960,-0.101832,-0.001977,0,58.14,NaN
97.5040,-0.102808,-0.002843,0,58.14,NaN
97.5120,-0.101343,-0.002139,0,58.14,NaN
97.5200,-0.100366,-0.000291,0,58.14,NaN
97.5280,-0.093529,0.001931,0,58.14,NaN
97.5360,-0.092063,0.003817,0,58.14,NaN
97.5440,-0.093529,0.005227,0,58.14,NaN
97.5520,-0.094994,-0.000454,0,58.14,NaN
97.5600,-0.098413,-0.003160,0,58.14,NaN
97.5680,-0.101343,-0.006003,0,58.14,NaN
97.5760,-0.103785,-0.008097,0,58.14,NaN
97.5840,-0.104274,-0.008755,0,58.14,NaN
97.5920,-0.104274,-0.007696,0,58.14,NaN
97.6000,-0.100855,-0.005227,0,58.14,NaN
97.6080,-0.094017,-0.002244,0,58.14,NaN
97.6160,-0.092063,0.000144,0,58.14,NaN
97.6240,-0.091087,0.001183,0,58.14,NaN
97.6320,-0.093529,0.000734,0,58.14,NaN
97.6400,-0.093529,-0.000879,0,58.14,NaN
97.6480,-0.095971,-0.003112,0,58.14,NaN
97.6560,-0.095971,0.004237,0,58.14,NaN
97.6640,-0.096947,0.004305,0,58.14,NaN
97.6720,-0.096947,0.005077,0,58.14,NaN
97.6800,-0.094017,0.006351,0,58.14,NaN
97.6880,-0.091087,0.007612,0,58.14,NaN
97.6960,-0.088645,0.008242,0,58.14,NaN
97.7040,-0.090598,0.007867,0,58.14,NaN
97.7120,-0.093529,0.006574,0,58.14,NaN
97.7200,-0.097924,0.004842,0,58.14,NaN
97.7280,-0.099878,0.003262,0,58.14,NaN
97.7360,-0.101832,0.002270,0,58.14,NaN
97.7440,-0.102808,0.001989,0,58.14,NaN
97.7520,-0.101343,0.002195,0,58.14,NaN
97.7600,-0.095482,-0.000627,0,58.14,NaN
97.7680,-0.091087,0.002265,0,58.14,NaN
97.7760,-0.087668,0.003912,0,58.14,NaN
97.7840,-0.088645,0.003679,0,58.14,NaN
97.7920,-0.093529,0.001762,0,58.14,NaN
97.8000,-0.097436,-0.001003,0,58.14,NaN
97.8080,-0.099878,-0.003638,0,58.14,NaN
97.8160,-0.100855,-0.005420,0,58.14,NaN
97.8240,-0.101343,-0.005982,0,58.14,NaN
97.8320,-0.100855,-0.005233,0,58.14,NaN
97.8400,-0.098901,-0.003326,0,58.14,NaN
97.8480,-0.094017,-0.000616,0,58.14,NaN
97.8560,-0.092063,0.002468,0,58.14,NaN
97.8640,-0.093529,-0.000170,0,58.14,NaN
97.8720,-0.093529,-0.000666,0,58.14,NaN
97.8800,-0.094994,-0.001750,0,58.14,NaN
97.8880,-0.094994,-0.002892,0,58.14,NaN
97.8960,-0.096459,-0.003543,0,58.14,NaN
97.9040,-0.096459,-0.003235,0,58.14,NaN
97.9120,-0.095971,-0.001783,0,58.14,NaN
97.9200,-0.092552,0.000489,0,58.14,NaN
97.9280,-0.087668,0.002735,0,58.14,NaN
97.9360,-0.085714,0.003964,0,58.14,NaN
97.9440,-0.087179,0.003597,0,58.14,NaN
97.9520,-0.090110,0.001740,0,58.14,NaN
97.9600,-0.092552,-0.000975,0,58.14,NaN
97.9680,-0.093529,0.006935,0,58.14,NaN
97.9760,-0.092063,0.007735,0,58.14,NaN
97.9840,-0.091087,0.009899,0,58.14,NaN
97.9920,-0.086691,0.012997,0,58.14,NaN
98.0000,-0.084737,0.016235,0,58.14,NaN
98.0080,-0.080342,0.018673,0,58.14,NaN
98.0160,-0.079365,0.019550,0,58.14,NaN
98.0240,-0.082295,0.018618,0,58.14,NaN
98.0320,-0.085714,0.016230,0,58.14,NaN
98.0400,-0.088645,0.013071,0,58.14,NaN
98.0480,-0.092552,0.009826,0,58.14,NaN
98.0560,-0.096459,0.006931,0,58.14,NaN
98.0640,-0.096947,0.004405,0,58.14,NaN
98.0720,-0.095482,-0.006489,0,58.14,NaN
98.0800,-0.092552,-0.004269,0,58.14,NaN
98.0880,-0.088156,-0.001700,0,58.14,NaN
98.0960,-0.085714,0.000222,0,58.14,NaN
98.1040,-0.085714,0.000888,0,58.14,NaN
98.1120,-0.087668,0.000254,0,58.14,NaN
98.1200,-0.087668,-0.001316,0,58.14,NaN
98.1280,-0.089133,-0.003260,0,58.14,NaN
98.1360,-0.092063,-0.004903,0,58.14,NaN
98.1440,-0.092552,-0.005591,0,58.14,NaN
98.1520,-0.091575,-0.004945,0,58.14,NaN
98.1600,-0.089133,-0.003043,0,58.14,NaN
98.1680,-0.085714,-0.000389,0,58.14,NaN
98.1760,-0.085714,-0.001641,0,58.14,NaN
98.1840,-0.086203,-0.001684,0,58.14,NaN
98.1920,-0.087179,-0.002428,0,58.14,NaN
98.2000,-0.087179,-0.003580,0,58.14,NaN
98.2080,-0.088156,-0.004764,0,58.14,NaN
98.2160,-0.090110,-0.005546,0,58.14,NaN
98.2240,-0.090110,-0.005576,0,58.14,NaN
98.2320,-0.088156,-0.004805,0,58.14,NaN
98.2400,-0.085714,-0.003537,0,58.14,NaN
98.2480,-0.085226,-0.002235,0,58.14,NaN
98.2560,-0.083272,-0.001312,0,58.14,NaN
98.2640,-0.081319,-0.000984,0,58.14,NaN
98.2720,-0.083272,-0.001123,0,58.14,NaN
98.2800,-0.084737,0.002354,0,58.14,NaN
98.2880,-0.085226,0.001725,0,58.14,NaN
98.2960,-0.085714,0.001787,0,58.14,NaN
98.3040,-0.085714,0.002796,0,58.14,NaN
98.3120,-0.082784,0.004586,0,58.14,NaN
98.3200,-0.079365,0.006574,0,58.14,NaN
98.3280,-0.077900,0.008041,0,58.14,NaN
98.3360,-0.078388,0.008516,0,58.14,NaN
98.3440,-0.079365,0.007919,0,58.14,NaN
98.3520,-0.080342,0.006473,0,58.14,NaN
98.3600,-0.083272,0.004553,0,58.14,NaN
98.3680,-0.085226,0.002519,0,58.14,NaN
98.3760,-0.085714,0.000536,0,58.14,NaN
98.3840,-0.085714,-0.025443,0,58.14,NaN
98.3920,-0.084737,-0.025266,0,58.14,NaN
98.4000,-0.082295,-0.024112,0,58.14,NaN
98.4080,-0.078388,-0.022453,0,58.14,NaN
98.4160,-0.075458,-0.020869,0,58.14,NaN
98.4240,-0.073993,-0.019811,0,58.14,NaN
98.4320,-0.071551,-0.019462,0,58.14,NaN
98.4400,-0.070574,-0.019694,0,58.14,NaN
98.4480,-0.070085,-0.020039,0,58.14,NaN
98.4560,-0.070085,-0.019768,0,58.14,NaN
98.4640,-0.068620,-0.018184,0,58.14,NaN
98.4720,-0.063736,-0.015057,0,58.14,NaN
98.4800,-0.056410,-0.010890,0,58.14,NaN
98.4880,-0.049084,-0.022120,0,58.14,NaN
98.4960,-0.039805,-0.017241,0,58.14,NaN
98.5040,-0.033944,-0.013526,0,58.14,NaN
98.5120,-0.031502,-0.011217,0,58.14,NaN
98.5200,-0.028571,-0.009813,0,58.14,NaN
98.5280,-0.025641,-0.008373,0,58.14,NaN
98.5360,-0.024176,-0.005980,0,58.14,NaN
98.5440,-0.018803,-0.002306,0,58.14,NaN
98.5520,-0.008547,0.001899,0,58.14,NaN
98.5600,-0.000244,0.004913,0,58.14,NaN
98.5680,0.006593,0.004935,0,58.14,NaN
98.5760,0.003175,0.001292,0,58.14,NaN
98.5840,-0.004640,-0.004883,0,58.14,NaN
98.5920,-0.007570,0.088393,0,58.14,NaN
98.6000,-0.009035,0.085962,0,58.14,NaN
98.6080,-0.012943,0.084145,0,58.14,NaN
98.6160,-0.016850,0.083197,0,58.14,NaN
98.6240,-0.017827,0.082945,0,58.14,NaN
98.6320,-0.018803,0.082684,0,58.14,NaN
98.6400,-0.019780,0.081327,0,58.14,NaN
98.6480,-0.023199,0.077872,0,58.14,NaN
98.6560,-0.031502,0.071955,0,58.14,NaN
98.6640,-0.044200,0.064126,0,58.14,NaN
98.6720,-0.055433,0.055509,0,58.14,NaN
98.6800,-0.065201,0.047067,0,58.14,NaN
98.6880,-0.071551,0.039054,0,58.14,NaN
98.6960,-0.076923,0.003703,0,58.14,NaN
98.7040,-0.078877,0.002236,0,58.14,NaN
98.7120,-0.077900,0.002836,0,58.14,NaN
98.7200,-0.076435,0.004389,0,58.14,NaN
98.7280,-0.074481,0.005664,0,58.14,NaN
98.7360,-0.075946,0.005754,0,58.14,NaN
98.7440,-0.078877,0.004394,0,58.14,NaN
98.7520,-0.083272,0.001973,0,58.14,NaN
98.7600,-0.087179,-0.000696,0,58.14,NaN
98.7680,-0.090110,-0.002687,0,58.14,NaN
98.7760,-0.094505,-0.003246,0,58.14,NaN
98.7840,-0.094017,-0.002121,0,58.14,NaN
98.7920,-0.091087,0.000173,0,58.14,NaN
98.8000,-0.085714,-0.023611,0,58.14,NaN
98.8080,-0.083761,-0.020484,0,58.14,NaN
98.8160,-0.082295,-0.018536,0,58.14,NaN
98.8240,-0.083272,-0.018143,0,58.14,NaN
98.8320,-0.085714,-0.019023,0,58.14,NaN
98.8400,-0.089133,-0.020364,0,58.14,NaN
98.8480,-0.092552,-0.021107,0,58.14,NaN
98.8560,-0.094994,-0.020396,0,58.14,NaN
98.8640,-0.093529,-0.018057,0,58.14,NaN
98.8720,-0.088645,-0.014801,0,58.14,NaN
98.8800,-0.085714,-0.011829,0,58.14,NaN
98.8880,-0.085714,-0.009988,0,58.14,NaN
98.8960,-0.090598,-0.009138,0,58.14,NaN
98.9040,-0.095482,-0.017814,0,58.14,NaN
98.9120,-0.099389,-0.018339,0,58.14,NaN
98.9200,-0.096947,-0.017153,0,58.14,NaN
98.9280,-0.093040,-0.014146,0,58.14,NaN
98.9360,-0.092063,-0.009789,0,58.14,NaN
98.9440,-0.087179,-0.004782,0,58.14,NaN
98.9520,-0.084737,0.000077,0,58.14,NaN
98.9600,-0.081319,0.003927,0,58.14,NaN
98.9680,-0.078877,0.005953,0,58.14,NaN
98.9760,-0.080830,0.005586,0,58.14,NaN
98.9840,-0.084249,0.002681,0,58.14,NaN
98.9920,-0.086691,-0.002429,0,58.14,NaN
99.0000,-0.095971,-0.008874,0,58.14,NaN
99.0080,-0.109646,-0.345605,0,58.14,NaN
99.0160,-0.125275,-0.375944,0,58.14,NaN
99.0240,-0.140904,-0.407408,0,58.14,NaN
99.0320,-0.155067,-0.437698,0,58.14,NaN
99.0400,-0.164835,-0.463995,0,58.14,NaN
99.0480,-0.168254,-0.482968,0,58.14,NaN
99.0560,-0.162882,-0.490881,0,58.14,NaN
99.0640,-0.141880,-0.484041,0,58.14,NaN
99.0720,-0.101343,-0.459474,0,58.14,NaN
99.0800,-0.045177,-0.415529,0,58.14,NaN
99.0880,0.026129,-0.352430,0,58.14,NaN
99.0960,0.115507,-0.273211,0,58.14,NaN
99.1040,0.230281,-0.184594,0,58.14,NaN
99.1120,0.366545,0.486309,0,58.14,NaN
99.1200,0.507204,0.610453,0,58.14,NaN
99.1280,0.643468,0.737172,0,58.14,NaN
99.1360,0.789499,0.854947,0,58.14,NaN
99.1440,0.930159,0.948102,1,58.14,NaN
99.1520,1.000000,1.000000,1,58.14,NaN
99.1600,1.000000,0.999111,0,58.14,NaN
99.1680,0.895971,0.944553,0,58.14,NaN
99.1760,0.703053,0.847322,0,58.14,NaN
99.1840,0.513065,0.725407,0,58.14,NaN
99.1920,0.333333,0.595571,0,58.14,NaN
99.2000,0.163370,0.467466,0,58.14,NaN
99.2080,0.008059,0.342751,0,58.14,NaN
99.2160,-0.122833,-0.159650,0,58.14,NaN
99.2240,-0.210745,-0.248696,0,58.14,NaN
99.2320,-0.250794,-0.293405,0,58.14,NaN
99.2400,-0.250305,-0.297533,0,58.14,NaN
99.2480,-0.213187,-0.270358,0,58.14,NaN
99.2560,-0.163858,-0.224753,0,58.14,NaN
99.2640,-0.110623,-0.174392,0,58.14,NaN
99.2720,-0.064225,-0.131106,0,58.14,NaN
99.2800,-0.035897,-0.102916,0,58.14,NaN
99.2880,-0.029548,-0.093005,0,58.14,NaN
99.2960,-0.038828,-0.099979,0,58.14,NaN
99.3040,-0.054457,-0.119292,0,58.14,NaN
99.3120,-0.074481,-0.144875,0,58.14,NaN
99.3200,-0.093529,-0.039242,0,58.14,NaN
99.3280,-0.108181,-0.053886,0,58.14,NaN
99.3360,-0.116972,-0.063344,0,58.14,NaN
99.3440,-0.119414,-0.067437,0,58.14,NaN
99.3520,-0.116972,-0.067375,0,58.14,NaN
99.3600,-0.112088,-0.065095,0,58.14,NaN
99.3680,-0.108669,-0.062391,0,58.14,NaN
99.3760,-0.109646,-0.060185,0,58.14,NaN
99.3840,-0.111600,-0.058274,0,58.14,NaN
99.3920,-0.115507,-0.055693,0,58.14,NaN
99.4000,-0.118437,-0.051405,0,58.14,NaN
99.4080,-0.121368,-0.045010,0,58.14,NaN
99.4160,-0.123321,-0.037107,0,58.14,NaN
99.4240,-0.119414,-0.228675,0,58.14,NaN
99.4320,-0.115995,-0.216541,0,58.14,NaN
99.4400,-0.112088,-0.200813,0,58.14,NaN
99.4480,-0.110623,-0.182952,0,58.14,NaN
99.4560,-0.110134,-0.164535,0,58.14,NaN
99.4640,-0.111111,-0.147021,0,58.14,NaN
99.4720,-0.114530,-0.131519,0,58.14,NaN
99.4800,-0.116484,-0.118660,0,58.14,NaN
99.4880,-0.117460,-0.108681,0,58.14,NaN
99.4960,-0.116972,-0.101625,0,58.14,NaN
99.5040,-0.112088,-0.097444,0,58.14,NaN
99.5120,-0.109158,-0.095812,0,58.14,NaN
99.5200,-0.106716,-0.095794,0,58.14,NaN
99.5280,-0.106716,-0.011649,0,58.14,NaN
99.5360,-0.106716,-0.014319,0,58.14,NaN
99.5440,-0.105739,-0.017352,0,58.14,NaN
99.5520,-0.104274,-0.019804,0,58.14,NaN
99.5600,-0.102320,-0.021024,0,58.14,NaN
99.5680,-0.102808,-0.020612,0,58.14,NaN
99.5760,-0.101343,-0.018480,0,58.14,NaN
99.5840,-0.096459,-0.015065,0,58.14,NaN
99.5920,-0.092063,-0.011335,0,58.14,NaN
99.6000,-0.088156,-0.008386,0,58.14,NaN
99.6080,-0.088156,-0.006868,0,58.14,NaN
99.6160,-0.090110,-0.006718,0,58.14,NaN
99.6240,-0.089133,-0.007351,0,58.14,NaN
99.6320,-0.092063,0.008766,0,58.14,NaN
99.6400,-0.092552,0.007503,0,58.14,NaN
99.6480,-0.093040,0.007107,0,58.14,NaN
99.6560,-0.093040,0.007915,0,58.14,NaN
99.6640,-0.089133,0.009702,0,58.14,NaN
99.6720,-0.084249,0.011668,0,58.14,NaN
99.6800,-0.081319,0.012842,0,58.14,NaN
99.6880,-0.082784,0.012686,0,58.14,NaN
99.6960,-0.085714,0.011363,0,58.14,NaN
99.7040,-0.086691,0.009437,0,58.14,NaN
99.7120,-0.086691,0.007422,0,58.14,NaN
99.7200,-0.088645,0.005573,0,58.14,NaN
99.7280,-0.088156,0.003891,0,58.14,NaN
99.7360,-0.086691,-0.006623,0,58.14,NaN
99.7440,-0.082784,-0.005132,0,58.14,NaN
99.7520,-0.077900,-0.003713,0,58.14,NaN
99.7600,-0.075458,-0.003201,0,58.14,NaN
99.7680,-0.077900,-0.003914,0,58.14,NaN
99.7760,-0.077900,-0.005552,0,58.14,NaN
99.7840,-0.078877,-0.007473,0,58.14,NaN
99.7920,-0.078388,-0.009002,0,58.14,NaN
99.8000,-0.078388,-0.009573,0,58.14,NaN
99.8080,-0.076435,-0.008850,0,58.14,NaN
99.8160,-0.071551,-0.006834,0,58.14,NaN
99.8240,-0.067643,-0.003841,0,58.14,NaN
99.8320,-0.062759,-0.000349,0,58.14,NaN
99.8400,-0.058852,0.000724,0,58.14,NaN
99.8480,-0.055922,0.001242,0,58.14,NaN
99.8560,-0.057387,-0.000079,0,58.14,NaN
99.8640,-0.058852,-0.003077,0,58.14,NaN
99.8720,-0.062271,-0.007288,0,58.14,NaN
99.8800,-0.063248,-0.012144,0,58.14,NaN
99.8880,-0.065690,-0.016953,0,58.14,NaN
99.8960,-0.070085,-0.020725,0,58.14,NaN
99.9040,-0.072527,-0.022216,0,58.14,NaN
99.9120,-0.071062,-0.020434,0,58.14,NaN
99.9200,-0.061294,-0.015269,0,58.14,NaN
99.9280,-0.049084,-0.007594,0,58.14,NaN
99.9360,-0.041758,0.001286,0,58.14,NaN
99.9440,-0.035409,0.014535,0,58.14,NaN
99.9520,-0.034432,0.016837,0,58.14,NaN
99.9600,-0.034432,0.016974,0,58.14,NaN
99.9680,-0.035409,0.015836,0,58.14,NaN
99.9760,-0.035897,0.014305,0,58.14,NaN
99.9840,-0.035409,0.012906,0,58.14,NaN
99.9920,-0.033944,0.011752,0,58.14,NaN
100.0000,-0.033944,0.010748,0,58.14,NaN
100.0080,-0.033944,0.009854,0,58.14,NaN
100.0160,-0.034432,0.009155,0,58.14,NaN
100.0240,-0.032967,0.008743,0,58.14,NaN
100.0320,-0.031013,0.008587,0,58.14,NaN
100.0400,-0.030037,0.008558,0,58.14,NaN
100.0480,-0.027595,0.008618,0,58.14,NaN
100.0560,-0.023687,0.010435,0,58.14,NaN
100.0640,-0.021734,0.012058,0,58.14,NaN
100.0720,-0.017827,0.012866,0,58.14,NaN
100.0800,-0.015873,0.012361,0,58.14,NaN
100.0880,-0.018803,0.010472,0,58.14,NaN
100.0960,-0.020757,0.007661,0,58.14,NaN
100.1040,-0.021734,0.004676,0,58.14,NaN
100.1120,-0.023199,0.002275,0,58.14,NaN
100.1200,-0.023199,0.001084,0,58.14,NaN
100.1280,-0.022222,0.001493,0,58.14,NaN
100.1360,-0.020269,0.003492,0,58.14,NaN
100.1440,-0.013919,0.006511,0,58.14,NaN
100.1520,-0.007570,0.042103,0,58.14,NaN
100.1600,-0.007570,0.043967,0,58.14,NaN
100.1680,-0.008059,0.043618,0,58.14,NaN
100.1760,-0.013919,0.041516,0,58.14,NaN
100.1840,-0.017338,0.038656,0,58.14,NaN
100.1920,-0.019780,0.036002,0,58.14,NaN
100.2000,-0.021734,0.034102,0,58.14,NaN
100.2080,-0.022711,0.032990,0,58.14,NaN
100.2160,-0.023199,0.032242,0,58.14,NaN
100.2240,-0.022711,0.031113,0,58.14,NaN
100.2320,-0.023687,0.028858,0,58.14,NaN
100.2400,-0.029548,0.025195,0,58.14,NaN
100.2480,-0.036386,0.020576,0,58.14,NaN
100.2560,-0.041758,0.039467,0,58.14,NaN
100.2640,-0.049084,0.034558,0,58.14,NaN
100.2720,-0.055922,0.030263,0,58.14,NaN
100.2800,-0.062271,0.027290,0,58.14,NaN
100.2880,-0.065201,0.025986,0,58.14,NaN
100.2960,-0.066667,0.026115,0,58.14,NaN
100.3040,-0.066667,0.026884,0,58.14,NaN
100.3120,-0.067643,0.027253,0,58.14,NaN
100.3200,-0.070085,0.026389,0,58.14,NaN
100.3280,-0.076435,0.024038,0,58.14,NaN
100.3360,-0.084249,0.020571,0,58.14,NaN
100.3440,-0.091575,0.016624,0,58.14,NaN
100.3520,-0.095971,0.012630,0,58.14,NaN
100.3600,-0.102808,-0.018303,0,58.14,NaN
100.3680,-0.107692,-0.020646,0,58.14,NaN
100.3760,-0.110134,-0.021128,0,58.14,NaN
100.3840,-0.110134,-0.020016,0,58.14,NaN
100.3920,-0.109158,-0.018078,0,58.14,NaN
100.4000,-0.108181,-0.016316,0,58.14,NaN
100.4080,-0.108669,-0.015535,0,58.14,NaN
100.4160,-0.112088,-0.015957,0,58.14,NaN
100.4240,-0.116484,-0.017079,0,58.14,NaN
100.4320,-0.121368,-0.017893,0,58.14,NaN
100.4400,-0.124298,-0.017392,0,58.14,NaN
100.4480,-0.125275,-0.015139,0,58.14,NaN
100.4560,-0.121368,-0.011627,0,58.14,NaN
100.4640,-0.116972,-0.039910,0,58.14,NaN
100.4720,-0.114530,-0.037225,0,58.14,NaN
100.4800,-0.116972,-0.036050,0,58.14,NaN
100.4880,-0.117949,-0.036650,0,58.14,NaN
100.4960,-0.119902,-0.038716,0,58.14,NaN
100.5040,-0.125275,-0.041443,0,58.14,NaN
100.5120,-0.130159,-0.043620,0,58.14,NaN
100.5200,-0.132112,-0.043995,0,58.14,NaN
100.5280,-0.132601,-0.041783,0,58.14,NaN
100.5360,-0.127228,-0.037047,0,58.14,NaN
100.5440,-0.117949,-0.030669,0,58.14,NaN
100.5520,-0.112576,-0.023750,0,58.14,NaN
100.5600,-0.110134,-0.016882,0,58.14,NaN
100.5680,-0.110623,-0.011159,0,58.14,NaN
100.5760,-0.113553,-0.012541,0,58.14,NaN
100.5840,-0.117460,-0.015493,0,58.14,NaN
100.5920,-0.121368,-0.018805,0,58.14,NaN
100.6000,-0.125275,-0.021267,0,58.14,NaN
100.6080,-0.127717,-0.021996,0,58.14,NaN
100.6160,-0.125275,-0.020750,0,58.14,NaN
100.6240,-0.121856,-0.018037,0,58.14,NaN
100.6320,-0.116972,-0.014814,0,58.14,NaN
100.6400,-0.115507,-0.011954,0,58.14,NaN
100.6480,-0.114042,-0.009849,0,58.14,NaN
100.6560,-0.114530,-0.008396,0,58.14,NaN
100.6640,-0.112088,-0.007275,0,58.14,NaN
100.6720,-0.115018,-0.003722,0,58.14,NaN
100.6800,-0.115995,-0.003826,0,58.14,NaN
100.6880,-0.115995,-0.002760,0,58.14,NaN
100.6960,-0.112576,-0.000345,0,58.14,NaN
100.7040,-0.107204,0.002834,0,58.14,NaN
100.7120,-0.101343,0.005709,0,58.14,NaN
100.7200,-0.101343,0.007347,0,58.14,NaN
100.7280,-0.101832,0.007424,0,58.14,NaN
100.7360,-0.102808,0.006207,0,58.14,NaN
100.7440,-0.104762,0.004257,0,58.14,NaN
100.7520,-0.106227,0.002148,0,58.14,NaN
100.7600,-0.108181,0.000253,0,58.14,NaN
100.7680,-0.107692,-0.001395,0,58.14,NaN
100.7760,-0.101832,0.004873,0,58.14,NaN
100.7840,-0.098901,0.007959,0,58.14,NaN
100.7920,-0.093040,0.010467,0,58.14,NaN
100.8000,-0.093529,0.011508,0,58.14,NaN
100.8080,-0.094017,0.010791,0,58.14,NaN
100.8160,-0.095971,0.008615,0,58.14,NaN
100.8240,-0.097924,0.005657,0,58.14,NaN
100.8320,-0.101343,0.002759,0,58.14,NaN
100.8400,-0.101832,0.000720,0,58.14,NaN
100.8480,-0.103297,0.000090,0,58.14,NaN
100.8560,-0.101343,0.001007,0,58.14,NaN
100.8640,-0.096947,0.003157,0,58.14,NaN
100.8720,-0.094994,0.005943,0,58.14,NaN
100.8800,-0.098413,0.001539,0,58.14,NaN
100.8880,-0.101343,-0.000405,0,58.14,NaN
100.8960,-0.101832,-0.002381,0,58.14,NaN
100.9040,-0.102320,-0.003528,0,58.14,NaN
100.9120,-0.102808,-0.003139,0,58.14,NaN
100.9200,-0.101343,-0.000867,0,58.14,NaN
100.9280,-0.094994,0.002945,0,58.14,NaN
100.9360,-0.088156,0.007166,0,58.14,NaN
100.9440,-0.083272,0.010272,0,58.14,NaN
100.9520,-0.081319,0.011021,0,58.14,NaN
100.9600,-0.084737,0.008961,0,58.14,NaN
100.9680,-0.088645,0.004516,0,58.14,NaN
100.9760,-0.094017,-0.001264,0,58.14,NaN
100.9840,-0.099389,0.002853,0,58.14,NaN
100.9920,-0.103785,-0.000959,0,58.14,NaN
101.0000,-0.105739,-0.002330,0,58.14,NaN
101.0080,-0.104274,-0.000987,0,58.14,NaN
101.0160,-0.098901,0.002417,0,58.14,NaN
101.0240,-0.092552,0.006490,0,58.14,NaN
101.0320,-0.088645,0.009693,0,58.14,NaN
101.0400,-0.087668,0.011017,0,58.14,NaN
101.0480,-0.091575,0.010310,0,58.14,NaN
101.0560,-0.093040,0.008078,0,58.14,NaN
101.0640,-0.095971,0.005017,0,58.14,NaN
101.0720,-0.099878,0.001685,0,58.14,NaN
101.0800,-0.101343,-0.001648,0,58.14,NaN
101.0880,-0.101343,-0.011621,0,58.14,NaN
101.0960,-0.099878,-0.011341,0,58.14,NaN
101.1040,-0.098413,-0.010396,0,58.14,NaN
101.1120,-0.096459,-0.009369,0,58.14,NaN
101.1200,-0.095971,-0.008720,0,58.14,NaN
101.1280,-0.095971,-0.008665,0,58.14,NaN
101.1360,-0.094994,-0.009190,0,58.14,NaN
101.1440,-0.095971,-0.010063,0,58.14,NaN
101.1520,-0.095971,-0.010831,0,58.14,NaN
101.1600,-0.097924,-0.010905,0,58.14,NaN
101.1680,-0.095971,-0.009828,0,58.14,NaN
101.1760,-0.092552,-0.007566,0,58.14,NaN
101.1840,-0.088645,-0.004571,0,58.14,NaN
101.1920,-0.088156,0.005058,0,58.14,NaN
101.2000,-0.087179,0.004403,0,58.14,NaN
101.2080,-0.089621,0.002082,0,58.14,NaN
101.2160,-0.094505,-0.001263,0,58.14,NaN
101.2240,-0.098413,-0.004490,0,58.14,NaN
101.2320,-0.100366,-0.006398,0,58.14,NaN
101.2400,-0.102808,-0.006200,0,58.14,NaN
101.2480,-0.098901,-0.003918,0,58.14,NaN
101.2560,-0.093040,-0.000524,0,58.14,NaN
101.2640,-0.088156,0.002468,0,58.14,NaN
101.2720,-0.087179,0.003814,0,58.14,NaN
101.2800,-0.089133,0.003177,0,58.14,NaN
101.2880,-0.092552,0.001234,0,58.14,NaN
101.2960,-0.093529,0.003463,0,58.14,NaN
101.3040,-0.094994,0.001632,0,58.14,NaN
101.3120,-0.095971,0.000757,0,58.14,NaN
101.3200,-0.097924,0.001314,0,58.14,NaN
101.3280,-0.094505,0.003339,0,58.14,NaN
101.3360,-0.090110,0.006252,0,58.14,NaN
101.3440,-0.086203,0.009061,0,58.14,NaN
101.3520,-0.085714,0.010848,0,58.14,NaN
101.3600,-0.085714,0.011115,0,58.14,NaN
101.3680,-0.087179,0.009820,0,58.14,NaN
101.3760,-0.091087,0.007244,0,58.14,NaN
101.3840,-0.093040,0.003815,0,58.14,NaN
101.3920,-0.096947,-0.000028,0,58.14,NaN
101.4000,-0.098901,-0.003052,0,58.14,NaN
101.4080,-0.094505,-0.001747,0,58.14,NaN
101.4160,-0.090598,0.000252,0,58.14,NaN
101.4240,-0.086691,0.001703,0,58.14,NaN
101.4320,-0.087179,0.001690,0,58.14,NaN
101.4400,-0.091575,0.000101,0,58.14,NaN
101.4480,-0.094017,-0.002442,0,58.14,NaN
101.4560,-0.097924,-0.005023,0,58.14,NaN
101.4640,-0.096947,-0.006821,0,58.14,NaN
101.4720,-0.099878,-0.007242,0,58.14,NaN
101.4800,-0.098901,-0.005982,0,58.14,NaN
101.4880,-0.094505,-0.003175,0,58.14,NaN
101.4960,-0.090598,0.000550,0,58.14,NaN
101.5040,-0.086203,0.002752,0,58.14,NaN
101.5120,-0.083272,0.003954,0,58.14,NaN
101.5200,-0.084737,0.003748,0,58.14,NaN
101.5280,-0.086203,0.002239,0,58.14,NaN
101.5360,-0.092063,0.000002,0,58.14,NaN
101.5440,-0.094994,-0.002124,0,58.14,NaN
101.5520,-0.097924,-0.003368,0,58.14,NaN
101.5600,-0.097924,-0.003323,0,58.14,NaN
101.5680,-0.094505,-0.002125,0,58.14,NaN
101.5760,-0.090598,-0.000389,0,58.14,NaN
101.5840,-0.085714,0.001106,0,58.14,NaN
101.5920,-0.085714,0.001877,0,58.14,NaN
101.6000,-0.088156,0.002042,0,58.14,NaN
101.6080,-0.092063,-0.002088,0,58.14,NaN
101.6160,-0.094994,-0.005190,0,58.14,NaN
101.6240,-0.098901,-0.007608,0,58.14,NaN
101.6320,-0.100366,-0.008389,0,58.14,NaN
101.6400,-0.099878,-0.007073,0,58.14,NaN
101.6480,-0.093529,-0.003968,0,58.14,NaN
101.6560,-0.088156,-0.000087,0,58.14,NaN
101.6640,-0.083761,0.003298,0,58.14,NaN
101.6720,-0.081319,0.005173,0,58.14,NaN
101.6800,-0.083272,0.005087,0,58.14,NaN
101.6880,-0.085226,0.003162,0,58.14,NaN
101.6960,-0.088645,-0.000114,0,58.14,NaN
101.7040,-0.092552,-0.004093,0,58.14,NaN
101.7120,-0.095482,-0.008191,0,58.14,NaN
101.7200,-0.096459,-0.009424,0,58.14,NaN
101.7280,-0.096459,-0.008723,0,58.14,NaN
101.7360,-0.093040,-0.006378,0,58.14,NaN
101.7440,-0.087179,-0.003220,0,58.14,NaN
101.7520,-0.085226,-0.000285,0,58.14,NaN
101.7600,-0.082295,0.001609,0,58.14,NaN
101.7680,-0.081319,0.002097,0,58.14,NaN
101.7760,-0.083272,0.001324,0,58.14,NaN
101.7840,-0.085226,-0.000182,0,58.14,NaN
101.7920,-0.085714,-0.001818,0,58.14,NaN
101.8000,-0.088156,-0.003202,0,58.14,NaN
101.8080,-0.087179,-0.004309,0,58.14,NaN
101.8160,-0.085714,-0.004066,0,58.14,NaN
101.8240,-0.084737,-0.003584,0,58.14,NaN
101.8320,-0.084249,-0.003337,0,58.14,NaN
101.8400,-0.084737,-0.003559,0,58.14,NaN
101.8480,-0.084737,-0.004265,0,58.14,NaN
101.8560,-0.085714,-0.005294,0,58.14,NaN
101.8640,-0.085714,-0.006371,0,58.14,NaN
101.8720,-0.086203,-0.007135,0,58.14,NaN
101.8800,-0.088645,-0.007200,0,58.14,NaN
101.8880,-0.085714,-0.006377,0,58.14,NaN
101.8960,-0.082784,-0.004851,0,58.14,NaN
101.9040,-0.079853,-0.003028,0,58.14,NaN
101.9120,-0.079365,-0.001181,0,58.14,NaN
101.9200,-0.084737,-0.000986,0,58.14,NaN
101.9280,-0.087668,-0.004805,0,58.14,NaN
101.9360,-0.093529,-0.008212,0,58.14,NaN
101.9440,-0.094994,-0.009820,0,58.14,NaN
101.9520,-0.093529,-0.008819,0,58.14,NaN
101.9600,-0.089621,-0.005318,0,58.14,NaN
101.9680,-0.082784,-0.000330,0,58.14,NaN
101.9760,-0.076923,0.004567,0,58.14,NaN
101.9840,-0.072527,0.007790,0,58.14,NaN
101.9920,-0.072527,0.008310,0,58.14,NaN
102.0000,-0.075946,0.005954,0,58.14,NaN
102.0080,-0.080830,0.001332,0,58.14,NaN
102.0160,-0.085714,-0.004498,0,58.14,NaN
102.0240,-0.090110,-0.003714,0,58.14,NaN
102.0320,-0.090598,-0.004687,0,58.14,NaN
102.0400,-0.088156,-0.003149,0,58.14,NaN
102.0480,-0.084249,0.000251,0,58.14,NaN
102.0560,-0.077411,0.004226,0,58.14,NaN
102.0640,-0.073504,0.007381,0,58.14,NaN
102.0720,-0.074481,0.008825,0,58.14,NaN
102.0800,-0.074969,0.008435,0,58.14,NaN
102.0880,-0.077411,0.006666,0,58.14,NaN
102.0960,-0.080342,0.004230,0,58.14,NaN
102.1040,-0.082295,0.001809,0,58.14,NaN
102.1120,-0.085714,-0.000178,0,58.14,NaN
102.1200,-0.084737,-0.001752,0,58.14,NaN
102.1280,-0.082784,-0.003984,0,58.14,NaN
102.1360,-0.079853,-0.002404,0,58.14,NaN
102.1440,-0.077411,-0.000983,0,58.14,NaN
102.1520,-0.078388,-0.000243,0,58.14,NaN
102.1600,-0.077900,-0.000338,0,58.14,NaN
102.1680,-0.077900,-0.001136,0,58.14,NaN
102.1760,-0.079853,-0.002293,0,58.14,NaN
102.1840,-0.080830,-0.003323,0,58.14,NaN
102.1920,-0.082295,-0.003772,0,58.14,NaN
102.2000,-0.080342,-0.003452,0,58.14,NaN
102.2080,-0.078388,-0.002524,0,58.14,NaN
102.2160,-0.076923,-0.001313,0,58.14,NaN
102.2240,-0.076435,-0.000041,0,58.14,NaN
102.2320,-0.078388,-0.029439,0,58.14,NaN
102.2400,-0.080830,-0.032868,0,58.14,NaN
102.2480,-0.084249,-0.035904,0,58.14,NaN
102.2560,-0.083272,-0.037449,0,58.14,NaN
102.2640,-0.082784,-0.036711,0,58.14,NaN
102.2720,-0.078388,-0.033525,0,58.14,NaN
102.2800,-0.070085,-0.028539,0,58.14,NaN
102.2880,-0.061783,-0.023076,0,58.14,NaN
102.2960,-0.054457,-0.018587,0,58.14,NaN
102.3040,-0.052015,-0.015979,0,58.14,NaN
102.3120,-0.051526,-0.015265,0,58.14,NaN
102.3200,-0.053480,-0.015790,0,58.14,NaN
102.3280,-0.049573,-0.016819,0,58.14,NaN
102.3360,-0.046154,-0.020786,0,58.14,NaN
102.3440,-0.041270,-0.018678,0,58.14,NaN
102.3520,-0.038339,-0.015060,0,58.14,NaN
102.3600,-0.030525,-0.009962,0,58.14,NaN
102.3680,-0.022222,-0.003756,0,58.14,NaN
102.3760,-0.013919,0.002837,0,58.14,NaN
102.3840,-0.006105,0.008915,0,58.14,NaN
102.3920,-0.000733,0.013508,0,58.14,NaN
102.4000,0.006593,0.015640,0,58.14,NaN
102.4080,0.008059,0.014528,0,58.14,NaN
102.4160,0.006593,0.009971,0,58.14,NaN
102.4240,-0.001221,0.002598,0,58.14,NaN
102.4320,-0.006105,-0.006324,0,58.14,NaN
102.4400,-0.008059,0.077080,0,58.14,NaN
102.4480,-0.007082,0.077090,0,58.14,NaN
102.4560,-0.005128,0.077845,0,58.14,NaN
102.4640,-0.007082,0.078337,0,58.14,NaN
102.4720,-0.009035,0.077672,0,58.14,NaN
102.4800,-0.011966,0.075244,0,58.14,NaN
102.4880,-0.016361,0.070794,0,58.14,NaN
102.4960,-0.024664,0.064525,0,58.14,NaN
102.5040,-0.031990,0.057191,0,58.14,NaN
102.5120,-0.044200,0.049965,0,58.14,NaN
102.5200,-0.052015,0.043996,0,58.14,NaN
102.5280,-0.055922,0.039770,0,58.14,NaN
102.5360,-0.057875,0.036790,0,58.14,NaN
102.5440,-0.061294,0.015695,0,58.14,NaN
102.5520,-0.064713,0.013016,0,58.14,NaN
102.5600,-0.069597,0.010340,0,58.14,NaN
102.5680,-0.071551,0.007787,0,58.14,NaN
102.5760,-0.075458,0.005663,0,58.14,NaN
102.5840,-0.079365,0.004339,0,58.14,NaN
102.5920,-0.080342,0.004030,0,58.14,NaN
102.6000,-0.081319,0.004561,0,58.14,NaN
102.6080,-0.078877,0.005353,0,58.14,NaN
102.6160,-0.080342,0.005763,0,58.14,NaN
102.6240,-0.084249,0.005493,0,58.14,NaN
102.6320,-0.086691,0.004665,0,58.14,NaN
102.6400,-0.089133,0.003583,0,58.14,NaN
102.6480,-0.090110,-0.021828,0,58.14,NaN
102.6560,-0.090110,-0.020801,0,58.14,NaN
102.6640,-0.089133,-0.018386,0,58.14,NaN
102.6720,-0.086691,-0.014856,0,58.14,NaN
102.6800,-0.085226,-0.010823,0,58.14,NaN
102.6880,-0.080342,-0.007178,0,58.14,NaN
102.6960,-0.079365,-0.004816,0,58.14,NaN
102.7040,-0.082295,-0.004198,0,58.14,NaN
102.7120,-0.085714,-0.005099,0,58.14,NaN
102.7200,-0.092063,-0.006769,0,58.14,NaN
102.7280,-0.095971,-0.008365,0,58.14,NaN
102.7360,-0.098413,-0.009405,0,58.14,NaN
102.7440,-0.099878,-0.009967,0,58.14,NaN
102.7520,-0.097924,-0.029913,0,58.14,NaN
102.7600,-0.092063,-0.025003,0,58.14,NaN
102.7680,-0.086691,-0.019646,0,58.14,NaN
102.7760,-0.082295,-0.015278,0,58.14,NaN
102.7840,-0.080830,-0.012865,0,58.14,NaN
102.7920,-0.084249,-0.012537,0,58.14,NaN
102.8000,-0.086691,-0.013661,0,58.14,NaN
102.8080,-0.088645,-0.015250,0,58.14,NaN
102.8160,-0.091087,-0.016346,0,58.14,NaN
102.8240,-0.092063,-0.016254,0,58.14,NaN
102.8320,-0.089621,-0.014745,0,58.14,NaN
102.8400,-0.085714,-0.012100,0,58.14,NaN
102.8480,-0.083761,-0.008879,0,58.14,NaN
102.8560,-0.089133,-0.304754,0,58.14,NaN
102.8640,-0.101832,-0.331947,0,58.14,NaN
102.8720,-0.121856,-0.365234,0,58.14,NaN
102.8800,-0.144811,-0.401455,0,58.14,NaN
102.8880,-0.164835,-0.435609,0,58.14,NaN
102.8960,-0.180952,-0.461678,0,58.14,NaN
102.9040,-0.179976,-0.473808,0,58.14,NaN
102.9120,-0.158974,-0.467612,0,58.14,NaN
102.9200,-0.116972,-0.441002,0,58.14,NaN
102.9280,-0.056899,-0.394223,0,58.14,NaN
102.9360,0.016850,-0.329475,0,58.14,NaN
102.9440,0.101832,-0.250814,0,58.14,NaN
102.9520,0.207814,-0.164441,0,58.14,NaN
102.9600,0.330891,0.429381,0,58.14,NaN
102.9680,0.459829,0.549034,0,58.14,NaN
102.9760,0.597558,0.675715,0,58.14,NaN
102.9840,0.746520,0.799810,0,58.14,NaN
102.9920,0.902320,0.906335,0,58.14,NaN
103.0000,1.000000,0.977848,1,58.14,NaN
103.0080,1.000000,1.000000,1,58.14,NaN
103.0160,0.987302,0.966334,0,58.14,NaN
103.0240,0.819292,0.880933,0,58.14,NaN
103.0320,0.611233,0.757657,0,58.14,NaN
103.0400,0.415873,0.614080,0,58.14,NaN
103.0480,0.225397,0.463723,0,58.14,NaN
103.0560,0.048596,0.312641,0,58.14,NaN
103.0640,-0.098413,-0.123377,0,58.14,NaN
103.0720,-0.190720,-0.220730,0,58.14,NaN
103.0800,-0.228816,-0.267770,0,58.14,NaN
103.0880,-0.223932,-0.270892,0,58.14,NaN
103.0960,-0.186813,-0.242597,0,58.14,NaN
103.1040,-0.135531,-0.198233,0,58.14,NaN
103.1120,-0.088645,-0.152354,0,58.14,NaN
103.1200,-0.053968,-0.115791,0,58.14,NaN
103.1280,-0.035409,-0.094236,0,58.14,NaN
103.1360,-0.034432,-0.088469,0,58.14,NaN
103.1440,-0.041758,-0.095774,0,58.14,NaN
103.1520,-0.055433,-0.111769,0,58.14,NaN
103.1600,-0.068620,-0.131827,0,58.14,NaN
103.1680,-0.078388,-0.043444,0,58.14,NaN
103.1760,-0.085714,-0.053563,0,58.14,NaN
103.1840,-0.094994,-0.062034,0,58.14,NaN
103.1920,-0.101343,-0.069137,0,58.14,NaN
103.2000,-0.103785,-0.075200,0,58.14,NaN
103.2080,-0.110134,-0.080307,0,58.14,NaN
103.2160,-0.111600,-0.084051,0,58.14,NaN
103.2240,-0.115995,-0.085527,0,58.14,NaN
103.2320,-0.116972,-0.083585,0,58.14,NaN
103.2400,-0.114042,-0.077323,0,58.14,NaN
103.2480,-0.108669,-0.066564,0,58.14,NaN
103.2560,-0.100855,-0.052073,0,58.14,NaN
103.2640,-0.094994,-0.035427,0,58.14,NaN
103.2720,-0.093040,-0.257325,0,58.14,NaN
103.2800,-0.094994,-0.253749,0,58.14,NaN
103.2880,-0.102808,-0.249410,0,58.14,NaN
103.2960,-0.113553,-0.242246,0,58.14,NaN
103.3040,-0.118437,-0.230138,0,58.14,NaN
103.3120,-0.119414,-0.212072,0,58.14,NaN
103.3200,-0.111600,-0.188964,0,58.14,NaN
103.3280,-0.095971,-0.163746,0,58.14,NaN
103.3360,-0.080342,-0.140553,0,58.14,NaN
103.3440,-0.068620,-0.123317,0,58.14,NaN
103.3520,-0.057875,-0.114457,0,58.14,NaN
103.3600,-0.054457,-0.113901,0,58.14,NaN
103.3680,-0.061294,-0.118640,0,58.14,NaN
103.3760,-0.074481,0.022470,0,58.14,NaN
103.3840,-0.093529,0.002635,0,58.14,NaN
103.3920,-0.114042,-0.018262,0,58.14,NaN
103.4000,-0.129182,-0.036219,0,58.14,NaN
103.4080,-0.137973,-0.048500,0,58.14,NaN
103.4160,-0.141880,-0.054035,0,58.14,NaN
103.4240,-0.141880,-0.053242,0,58.14,NaN
103.4320,-0.135043,-0.047656,0,58.14,NaN
103.4400,-0.125763,-0.039431,0,58.14,NaN
103.4480,-0.117460,-0.030610,0,58.14,NaN
103.4560,-0.113065,-0.022444,0,58.14,NaN
103.4640,-0.107692,-0.015203,0,58.14,NaN
103.4720,-0.101343,-0.008525,0,58.14,NaN
103.4800,-0.094017,-0.016958,0,58.14,NaN
103.4880,-0.090110,-0.015102,0,58.14,NaN
103.4960,-0.090598,-0.015779,0,58.14,NaN
103.5040,-0.093040,-0.018647,0,58.14,NaN
103.5120,-0.095971,-0.022834,0,58.14,NaN
103.5200,-0.098413,-0.027194,0,58.14,NaN
103.5280,-0.101343,-0.030537,0,58.14,NaN
103.5360,-0.100855,-0.031833,0,58.14,NaN
103.5440,-0.098901,-0.030462,0,58.14,NaN
103.5520,-0.092552,-0.026429,0,58.14,NaN
103.5600,-0.082784,-0.020388,0,58.14,NaN
103.5680,-0.073016,-0.013309,0,58.14,NaN
103.5760,-0.067643,-0.005933,0,58.14,NaN
103.5840,-0.066667,0.012221,0,58.14,NaN
103.5920,-0.070085,0.008459,0,58.14,NaN
103.6000,-0.076435,0.002213,0,58.14,NaN
103.6080,-0.084737,-0.004088,0,58.14,NaN
103.6160,-0.090110,-0.007772,0,58.14,NaN
103.6240,-0.088156,-0.007005,0,58.14,NaN
103.6320,-0.082295,-0.001683,0,58.14,NaN
103.6400,-0.068620,0.006335,0,58.14,NaN
103.6480,-0.055922,0.013883,0,58.14,NaN
103.6560,-0.052991,0.017896,0,58.14,NaN
103.6640,-0.054457,0.016733,0,58.14,NaN
103.6720,-0.062759,0.010696,0,58.14,NaN
103.6800,-0.073016,0.001748,0,58.14,NaN
103.6880,-0.080830,-0.012992,0,58.14,NaN
103.6960,-0.088645,-0.022041,0,58.14,NaN
103.7040,-0.094017,-0.028032,0,58.14,NaN
103.7120,-0.093529,-0.029913,0,58.14,NaN
103.7200,-0.087668,-0.027694,0,58.14,NaN
103.7280,-0.078388,-0.022455,0,58.14,NaN
103.7360,-0.068620,-0.015945,0,58.14,NaN
103.7440,-0.059829,-0.010008,0,58.14,NaN
103.7520,-0.053968,-0.006056,0,58.14,NaN
103.7600,-0.051038,-0.004762,0,58.14,NaN
103.7680,-0.051038,-0.005994,0,58.14,NaN
103.7760,-0.054457,-0.009026,0,58.14,NaN
103.7840,-0.054457,-0.012925,0,58.14,NaN
103.7920,-0.050549,-0.006270,0,58.14,NaN
103.8000,-0.045177,-0.005060,0,58.14,NaN
103.8080,-0.040781,-0.004020,0,58.14,NaN
103.8160,-0.038828,-0.004009,0,58.14,NaN
103.8240,-0.040293,-0.005255,0,58.14,NaN
103.8320,-0.041758,-0.007337,0,58.14,NaN
103.8400,-0.040293,-0.009565,0,58.14,NaN
103.8480,-0.039805,-0.011289,0,58.14,NaN
103.8560,-0.038828,-0.011934,0,58.14,NaN
103.8640,-0.038828,-0.011035,0,58.14,NaN
103.8720,-0.031990,-0.008480,0,58.14,NaN
103.8800,-0.025641,-0.004640,0,58.14,NaN
103.8880,-0.020757,-0.000166,0,58.14,NaN
103.8960,-0.017827,0.012482,0,58.14,NaN
103.9040,-0.015873,0.012735,0,58.14,NaN
103.9120,-0.016361,0.011148,0,58.14,NaN
103.9200,-0.017827,0.008302,0,58.14,NaN
103.9280,-0.019780,0.005191,0,58.14,NaN
103.9360,-0.022711,0.002947,0,58.14,NaN
103.9440,-0.022222,0.002399,0,58.14,NaN
103.9520,-0.018803,0.003624,0,58.14,NaN
103.9600,-0.012943,0.005835,0,58.14,NaN
103.9680,-0.007570,0.007797,0,58.14,NaN
103.9760,-0.007570,0.008549,0,58.14,NaN
103.9840,-0.006593,0.007868,0,58.14,NaN
103.9920,-0.007570,0.006260,0,58.14,NaN
104.0000,-0.007570,0.043210,0,58.14,NaN
104.0080,-0.009035,0.042554,0,58.14,NaN
104.0160,-0.009035,0.042426,0,58.14,NaN
104.0240,-0.008059,0.042977,0,58.14,NaN
104.0320,-0.007570,0.043836,0,58.14,NaN
104.0400,-0.003175,0.044148,0,58.14,NaN
104.0480,-0.004151,0.042944,0,58.14,NaN
104.0560,-0.007570,0.039761,0,58.14,NaN
104.0640,-0.014896,0.035024,0,58.14,NaN
104.0720,-0.023199,0.029845,0,58.14,NaN
104.0800,-0.027595,0.025354,0,58.14,NaN
104.0880,-0.029548,0.022043,0,58.14,NaN
104.0960,-0.031013,0.019589,0,58.14,NaN
104.1040,-0.031502,0.049690,0,58.14,NaN
104.1120,-0.029548,0.051323,0,58.14,NaN
104.1200,-0.031013,0.051979,0,58.14,NaN
104.1280,-0.034432,0.050827,0,58.14,NaN
104.1360,-0.039316,0.047610,0,58.14,NaN
104.1440,-0.048596,0.042679,0,58.14,NaN
104.1520,-0.055922,0.036785,0,58.14,NaN
104.1600,-0.063248,0.030803,0,58.14,NaN
104.1680,-0.070574,0.025590,0,58.14,NaN
104.1760,-0.078388,0.021980,0,58.14,NaN
104.1840,-0.084249,0.020590,0,58.14,NaN
104.1920,-0.084737,0.021432,0,58.14,NaN
104.2000,-0.084249,0.023703,0,58.14,NaN
104.2080,-0.085226,-0.002020,0,58.14,NaN
104.2160,-0.088645,-0.003275,0,58.14,NaN
104.2240,-0.094017,-0.006125,0,58.14,NaN
104.2320,-0.101343,-0.010087,0,58.14,NaN
104.2400,-0.107692,-0.014101,0,58.14,NaN
104.2480,-0.115018,-0.016920,0,58.14,NaN
104.2560,-0.117949,-0.017596,0,58.14,NaN
104.2640,-0.118437,-0.015910,0,58.14,NaN
104.2720,-0.116972,-0.012531,0,58.14,NaN
104.2800,-0.112576,-0.008770,0,58.14,NaN
104.2880,-0.111600,-0.005931,0,58.14,NaN
104.2960,-0.116484,-0.004580,0,58.14,NaN
104.3040,-0.120391,-0.004273,0,58.14,NaN
104.3120,-0.125763,-0.027831,0,58.14,NaN
104.3200,-0.128205,-0.029140,0,58.14,NaN
104.3280,-0.130159,-0.029192,0,58.14,NaN
104.3360,-0.130647,-0.027708,0,58.14,NaN
104.3440,-0.131624,-0.024827,0,58.14,NaN
104.3520,-0.127717,-0.021116,0,58.14,NaN
104.3600,-0.125763,-0.017458,0,58.14,NaN
104.3680,-0.125275,-0.014684,0,58.14,NaN
104.3760,-0.126740,-0.013213,0,58.14,NaN
104.3840,-0.129182,-0.012962,0,58.14,NaN
104.3920,-0.132601,-0.013497,0,58.14,NaN
104.4000,-0.136996,-0.014314,0,58.14,NaN
104.4080,-0.137973,-0.015127,0,58.14,NaN
104.4160,-0.137485,-0.036219,0,58.14,NaN
104.4240,-0.133089,-0.032110,0,58.14,NaN
104.4320,-0.126252,-0.027340,0,58.14,NaN
104.4400,-0.121856,-0.023329,0,58.14,NaN
104.4480,-0.122344,-0.021046,0,58.14,NaN
104.4560,-0.123321,-0.020614,0,58.14,NaN
104.4640,-0.125275,-0.021441,0,58.14,NaN
104.4720,-0.127228,-0.022584,0,58.14,NaN
104.4800,-0.129182,-0.023093,0,58.14,NaN
104.4880,-0.127228,-0.022313,0,58.14,NaN
104.4960,-0.125275,-0.020045,0,58.14,NaN
104.5040,-0.121856,-0.016526,0,58.14,NaN
104.5120,-0.117460,-0.012305,0,58.14,NaN
104.5200,-0.114530,-0.004622,0,58.14,NaN
104.5280,-0.111600,-0.002937,0,58.14,NaN
104.5360,-0.111600,-0.003171,0,58.14,NaN
104.5440,-0.114530,-0.005228,0,58.14,NaN
104.5520,-0.116972,-0.008427,0,58.14,NaN
104.5600,-0.120391,-0.011687,0,58.14,NaN
104.5680,-0.124786,-0.013831,0,58.14,NaN
104.5760,-0.123321,-0.014031,0,58.14,NaN
104.5840,-0.120391,-0.012203,0,58.14,NaN
104.5920,-0.115507,-0.009038,0,58.14,NaN
104.6000,-0.108669,-0.005607,0,58.14,NaN
104.6080,-0.105739,-0.002736,0,58.14,NaN
104.6160,-0.105739,-0.000496,0,58.14,NaN
104.6240,-0.108669,0.002334,0,58.14,NaN
104.6320,-0.108669,-0.000718,0,58.14,NaN
104.6400,-0.112576,-0.004304,0,58.14,NaN
104.6480,-0.115995,-0.007290,0,58.14,NaN
104.6560,-0.117949,-0.008584,0,58.14,NaN
104.6640,-0.116972,-0.007606,0,58.14,NaN
104.6720,-0.111600,-0.004689,0,58.14,NaN
104.6800,-0.102808,-0.001043,0,58.14,NaN
104.6880,-0.099878,0.001887,0,58.14,NaN
104.6960,-0.099389,0.003178,0,58.14,NaN
104.7040,-0.098901,0.002692,0,58.14,NaN
104.7120,-0.100855,0.000851,0,58.14,NaN
104.7200,-0.101343,-0.001689,0,58.14,NaN
104.7280,-0.102808,0.003681,0,58.14,NaN
104.7360,-0.103297,0.003525,0,58.14,NaN
104.7440,-0.101343,0.004676,0,58.14,NaN
104.7520,-0.097436,0.006695,0,58.14,NaN
104.7600,-0.093040,0.008657,0,58.14,NaN
104.7680,-0.090598,0.009615,0,58.14,NaN
104.7760,-0.092552,0.009084,0,58.14,NaN
104.7840,-0.093040,0.007212,0,58.14,NaN
104.7920,-0.094994,0.004640,0,58.14,NaN
104.8000,-0.098413,0.002275,0,58.14,NaN
104.8080,-0.099878,0.000990,0,58.14,NaN
104.8160,-0.099878,0.001184,0,58.14,NaN
104.8240,-0.094994,0.002448,0,58.14,NaN
104.8320,-0.091087,0.006760,0,58.14,NaN
104.8400,-0.089133,0.007985,0,58.14,NaN
104.8480,-0.088156,0.007559,0,58.14,NaN
104.8560,-0.093040,0.005433,0,58.14,NaN
104.8640,-0.094505,0.002225,0,58.14,NaN
104.8720,-0.098413,-0.001102,0,58.14,NaN
104.8800,-0.100366,-0.003586,0,58.14,NaN
104.8880,-0.101343,-0.004537,0,58.14,NaN
104.8960,-0.099878,-0.003779,0,58.14,NaN
104.9040,-0.095971,-0.001756,0,58.14,NaN
104.9120,-0.090598,0.000667,0,58.14,NaN
104.9200,-0.088156,0.002736,0,58.14,NaN
104.9280,-0.089133,0.004320,0,58.14,NaN
104.9360,-0.093040,0.003049,0,58.14,NaN
104.9440,-0.094994,-0.000886,0,58.14,NaN
104.9520,-0.101343,-0.005069,0,58.14,NaN
104.9600,-0.103785,-0.008315,0,58.14,NaN
104.9680,-0.103785,-0.009719,0,58.14,NaN
104.9760,-0.104762,-0.008917,0,58.14,NaN
104.9840,-0.100855,-0.006244,0,58.14,NaN
104.9920,-0.093529,-0.002764,0,58.14,NaN
105.0000,-0.088645,0.000147,0,58.14,NaN
105.0080,-0.090598,0.001539,0,58.14,NaN
105.0160,-0.091087,0.001241,0,58.14,NaN
105.0240,-0.091575,-0.000372,0,58.14,NaN
105.0320,-0.094017,-0.002693,0,58.14,NaN
105.0400,-0.093529,0.002234,0,58.14,NaN
105.0480,-0.094505,0.002323,0,58.14,NaN
105.0560,-0.094017,0.003213,0,58.14,NaN
105.0640,-0.091087,0.004412,0,58.14,NaN
105.0720,-0.088156,0.005060,0,58.14,NaN
105.0800,-0.088156,0.004408,0,58.14,NaN
105.0880,-0.092552,0.002363,0,58.14,NaN
105.0960,-0.096459,-0.000396,0,58.14,NaN
105.1040,-0.099878,-0.002807,0,58.14,NaN
105.1120,-0.100366,-0.003960,0,58.14,NaN
105.1200,-0.099878,-0.003446,0,58.14,NaN
105.1280,-0.096947,-0.001432,0,58.14,NaN
105.1360,-0.094017,0.001456,0,58.14,NaN
105.1440,-0.089133,0.005750,0,58.14,NaN
105.1520,-0.085226,0.009213,0,58.14,NaN
105.1600,-0.081807,0.011035,0,58.14,NaN
105.1680,-0.084249,0.010744,0,58.14,NaN
105.1760,-0.086203,0.008552,0,58.14,NaN
105.1840,-0.090110,0.005243,0,58.14,NaN
105.1920,-0.094994,0.001880,0,58.14,NaN
105.2000,-0.096459,-0.000543,0,58.14,NaN
105.2080,-0.098901,-0.001434,0,58.14,NaN
105.2160,-0.095482,-0.000770,0,58.14,NaN
105.2240,-0.094017,0.000995,0,58.14,NaN
105.2320,-0.091087,0.003275,0,58.14,NaN
105.2400,-0.090598,0.005685,0,58.14,NaN
105.2480,-0.094017,0.001396,0,58.14,NaN
105.2560,-0.094505,-0.000075,0,58.14,NaN
105.2640,-0.096459,-0.001675,0,58.14,NaN
105.2720,-0.097924,-0.002722,0,58.14,NaN
105.2800,-0.098901,-0.002637,0,58.14,NaN
105.2880,-0.096947,-0.001172,0,58.14,NaN
105.2960,-0.093529,0.001390,0,58.14,NaN
105.3040,-0.090110,0.004271,0,58.14,NaN
105.3120,-0.086203,0.006456,0,58.14,NaN
105.3200,-0.085714,0.007071,0,58.14,NaN
105.3280,-0.087179,0.005749,0,58.14,NaN
105.3360,-0.092552,0.002764,0,58.14,NaN
105.3440,-0.095971,-0.001144,0,58.14,NaN
105.3520,-0.096947,-0.006136,0,58.14,NaN
105.3600,-0.096947,-0.006499,0,58.14,NaN
105.3680,-0.096947,-0.005514,0,58.14,NaN
105.3760,-0.093529,-0.003416,0,58.14,NaN
105.3840,-0.088156,-0.000858,0,58.14,NaN
105.3920,-0.082784,0.001293,0,58.14,NaN
105.4000,-0.082784,0.002367,0,58.14,NaN
105.4080,-0.083272,0.002209,0,58.14,NaN
105.4160,-0.085714,0.001142,0,58.14,NaN
105.4240,-0.086203,-0.000278,0,58.14,NaN
105.4320,-0.090598,-0.001523,0,58.14,NaN
105.4400,-0.088645,-0.002316,0,58.14,NaN
105.4480,-0.088645,-0.002753,0,58.14,NaN
105.4560,-0.085714,0.000343,0,58.14,NaN
105.4640,-0.082784,0.002659,0,58.14,NaN
105.4720,-0.077411,0.003910,0,58.14,NaN
105.4800,-0.079365,0.003219,0,58.14,NaN
105.4880,-0.084249,0.000555,0,58.14,NaN
105.4960,-0.088156,-0.003291,0,58.14,NaN
105.5040,-0.092552,-0.007176,0,58.14,NaN
105.5120,-0.094017,-0.010072,0,58.14,NaN
105.5200,-0.094994,-0.011279,0,58.14,NaN
105.5280,-0.093529,-0.010442,0,58.14,NaN
105.5360,-0.092552,-0.007536,0,58.14,NaN
105.5440,-0.085714,-0.002915,0,58.14,NaN
105.5520,-0.080342,0.002673,0,58.14,NaN
105.5600,-0.079853,0.001302,0,58.14,NaN
105.5680,-0.082295,0.000433,0,58.14,NaN
105.5760,-0.085226,-0.001804,0,58.14,NaN
105.5840,-0.087668,-0.004464,0,58.14,NaN
105.5920,-0.087668,-0.006620,0,58.14,NaN
105.6000,-0.090598,-0.007528,0,58.14,NaN
105.6080,-0.091087,-0.006748,0,58.14,NaN
105.6160,-0.086203,-0.004429,0,58.14,NaN
105.6240,-0.082295,-0.001425,0,58.14,NaN
105.6320,-0.077900,0.001047,0,58.14,NaN
105.6400,-0.075946,0.001984,0,58.14,NaN
105.6480,-0.077411,0.001102,0,58.14,NaN
105.6560,-0.080830,-0.000994,0,58.14,NaN
105.6640,-0.085714,0.000715,0,58.14,NaN
105.6720,-0.085714,-0.000995,0,58.14,NaN
105.6800,-0.085714,-0.001021,0,58.14,NaN
105.6880,-0.085226,0.000837,0,58.14,NaN
105.6960,-0.080830,0.004101,0,58.14,NaN
105.7040,-0.074481,0.007667,0,58.14,NaN
105.7120,-0.071062,0.010212,0,58.14,NaN
105.7200,-0.070574,0.010857,0,58.14,NaN
105.7280,-0.074481,0.009577,0,58.14,NaN
105.7360,-0.077900,0.007059,0,58.14,NaN
105.7440,-0.080830,0.004176,0,58.14,NaN
105.7520,-0.082784,0.001491,0,58.14,NaN
105.7600,-0.083761,-0.000918,0,58.14,NaN
105.7680,-0.081319,0.005490,0,58.14,NaN
105.7760,-0.076435,0.009338,0,58.14,NaN
105.7840,-0.070574,0.013300,0,58.14,NaN
105.7920,-0.067643,0.015970,0,58.14,NaN
105.8000,-0.067643,0.016430,0,58.14,NaN
105.8080,-0.070574,0.014580,0,58.14,NaN
105.8160,-0.075458,0.011064,0,58.14,NaN
105.8240,-0.077900,0.006938,0,58.14,NaN
105.8320,-0.083272,0.003359,0,58.14,NaN
105.8400,-0.085714,0.001333,0,58.14,NaN
105.8480,-0.085714,0.001421,0,58.14,NaN
105.8560,-0.083272,0.003499,0,58.14,NaN
105.8640,-0.079365,0.006774,0,58.14,NaN
105.8720,-0.076435,-0.008747,0,58.14,NaN
105.8800,-0.077900,-0.008953,0,58.14,NaN
105.8880,-0.080342,-0.010430,0,58.14,NaN
105.8960,-0.082295,-0.012707,0,58.14,NaN
105.9040,-0.082295,-0.015165,0,58.14,NaN
105.9120,-0.084737,-0.017167,0,58.14,NaN
105.9200,-0.086203,-0.018071,0,58.14,NaN
105.9280,-0.085714,-0.017398,0,58.14,NaN
105.9360,-0.083272,-0.015151,0,58.14,NaN
105.9440,-0.076923,-0.011962,0,58.14,NaN
105.9520,-0.071062,-0.008824,0,58.14,NaN
105.9600,-0.069597,-0.006445,0,58.14,NaN
105.9680,-0.069597,-0.004765,0,58.14,NaN
105.9760,-0.070085,0.006880,0,58.14,NaN
105.9840,-0.071062,0.005489,0,58.14,NaN
105.9920,-0.073016,0.004050,0,58.14,NaN
106.0000,-0.075458,0.003481,0,58.14,NaN
106.0080,-0.075458,0.004430,0,58.14,NaN
106.0160,-0.071062,0.006893,0,58.14,NaN
106.0240,-0.067155,0.010125,0,58.14,NaN
106.0320,-0.063248,0.013003,0,58.14,NaN
106.0400,-0.062759,0.014505,0,58.14,NaN
106.0480,-0.063248,0.014016,0,58.14,NaN
106.0560,-0.064713,0.011397,0,58.14,NaN
106.0640,-0.070085,0.006987,0,58.14,NaN
106.0720,-0.075458,0.001557,0,58.14,NaN
106.0800,-0.081319,-0.024889,0,58.14,NaN
106.0880,-0.082784,-0.026270,0,58.14,NaN
106.0960,-0.076435,-0.025383,0,58.14,NaN
106.1040,-0.070574,-0.023427,0,58.14,NaN
106.1120,-0.068620,-0.021825,0,58.14,NaN
106.1200,-0.068620,-0.021354,0,58.14,NaN
106.1280,-0.069109,-0.021905,0,58.14,NaN
106.1360,-0.070085,-0.022769,0,58.14,NaN
106.1440,-0.068620,-0.023076,0,58.14,NaN
106.1520,-0.067643,-0.022148,0,58.14,NaN
106.1600,-0.062759,-0.019719,0,58.14,NaN
106.1680,-0.057875,-0.015987,0,58.14,NaN
106.1760,-0.052015,-0.011517,0,58.14,NaN
106.1840,-0.046642,-0.038888,0,58.14,NaN
106.1920,-0.041270,-0.036950,0,58.14,NaN
106.2000,-0.039316,-0.036013,0,58.14,NaN
106.2080,-0.037851,-0.035948,0,58.14,NaN
106.2160,-0.032479,-0.036451,0,58.14,NaN
106.2240,-0.031013,-0.037117,0,58.14,NaN
106.2320,-0.030037,-0.037341,0,58.14,NaN
106.2400,-0.026129,-0.036401,0,58.14,NaN
106.2480,-0.022711,-0.033815,0,58.14,NaN
106.2560,-0.013431,-0.029684,0,58.14,NaN
106.2640,-0.004151,-0.024746,0,58.14,NaN
106.2720,0.008059,-0.019916,0,58.14,NaN
106.2800,0.009524,-0.015548,0,58.14,NaN
106.2880,0.008059,0.082007,0,58.14,NaN
106.2960,-0.001709,0.079796,0,58.14,NaN
106.3040,-0.007082,0.077111,0,58.14,NaN
106.3120,-0.007570,0.075522,0,58.14,NaN
106.3200,-0.008059,0.075390,0,58.14,NaN
106.3280,-0.007082,0.075914,0,58.14,NaN
106.3360,-0.006593,0.075639,0,58.14,NaN
106.3440,-0.007570,0.073157,0,58.14,NaN
106.3520,-0.015873,0.067871,0,58.14,NaN
106.3600,-0.029548,0.060345,0,58.14,NaN
106.3680,-0.039805,0.051828,0,58.14,NaN
106.3760,-0.047131,0.043333,0,58.14,NaN
106.3840,-0.054457,0.035137,0,58.14,NaN
106.3920,-0.057387,0.024925,0,58.14,NaN
106.4000,-0.058852,0.025358,0,58.14,NaN
106.4080,-0.055922,0.027910,0,58.14,NaN
106.4160,-0.053968,0.031161,0,58.14,NaN
106.4240,-0.049084,0.033459,0,58.14,NaN
106.4320,-0.051526,0.033534,0,58.14,NaN
106.4400,-0.056899,0.031032,0,58.14,NaN
106.4480,-0.063736,0.026571,0,58.14,NaN
106.4560,-0.070085,0.021343,0,58.14,NaN
106.4640,-0.077900,0.016648,0,58.14,NaN
106.4720,-0.083272,0.013475,0,58.14,NaN
106.4800,-0.085714,0.012115,0,58.14,NaN
106.4880,-0.085714,0.011988,0,58.14,NaN
106.4960,-0.083272,-0.037117,0,58.14,NaN
106.5040,-0.079365,-0.035764,0,58.14,NaN
106.5120,-0.079365,-0.035095,0,58.14,NaN
106.5200,-0.082295,-0.035486,0,58.14,NaN
106.5280,-0.084249,-0.036633,0,58.14,NaN
106.5360,-0.085714,-0.037917,0,58.14,NaN
106.5440,-0.085714,-0.038697,0,58.14,NaN
106.5520,-0.088156,-0.038390,0,58.14,NaN
106.5600,-0.086691,-0.036547,0,58.14,NaN
106.5680,-0.085226,-0.033038,0,58.14,NaN
106.5760,-0.079365,-0.028183,0,58.14,NaN
106.5840,-0.074481,-0.022589,0,58.14,NaN
106.5920,-0.072527,-0.016760,0,58.14,NaN
106.6000,-0.076923,-0.027768,0,58.14,NaN
106.6080,-0.082295,-0.030000,0,58.14,NaN
106.6160,-0.084249,-0.032268,0,58.14,NaN
106.6240,-0.085714,-0.033307,0,58.14,NaN
106.6320,-0.086203,-0.032247,0,58.14,NaN
106.6400,-0.085226,-0.028787,0,58.14,NaN
106.6480,-0.078388,-0.023414,0,58.14,NaN
106.6560,-0.071062,-0.017418,0,58.14,NaN
106.6640,-0.065201,-0.012431,0,58.14,NaN
106.6720,-0.062759,-0.009736,0,58.14,NaN
106.6800,-0.063736,-0.009784,0,58.14,NaN
106.6880,-0.067155,-0.012145,0,58.14,NaN
106.6960,-0.070085,-0.015792,0,58.14,NaN
106.7040,-0.072527,-0.052097,0,58.14,NaN
106.7120,-0.076923,-0.060291,0,58.14,NaN
106.7200,-0.085714,-0.071148,0,58.14,NaN
106.7280,-0.094505,-0.085252,0,58.14,NaN
106.7360,-0.106716,-0.102622,0,58.14,NaN
106.7440,-0.122833,-0.122123,0,58.14,NaN
106.7520,-0.139927,-0.140985,0,58.14,NaN
106.7600,-0.154579,-0.154894,0,58.14,NaN
106.7680,-0.158974,-0.158829,0,58.14,NaN
106.7760,-0.150672,-0.148475,0,58.14,NaN
106.7840,-0.125275,-0.121848,0,58.14,NaN
106.7920,-0.081319,-0.080678,0,58.14,NaN
106.8000,-0.021245,-0.030840,0,58.14,NaN
106.8080,0.061294,-0.273579,0,58.14,NaN
106.8160,0.160928,-0.182914,0,58.14,NaN
106.8240,0.280098,-0.072564,0,58.14,NaN
106.8320,0.410501,0.054914,0,58.14,NaN
106.8400,0.546276,0.194178,0,58.14,NaN
106.8480,0.687424,0.334778,0,58.14,NaN
106.8560,0.845665,0.458904,0,58.14,NaN
106.8640,0.991209,0.542959,0,58.14,NaN
106.8720,1.000000,0.564581,1,58.14,NaN
106.8800,1.000000,0.510439,1,58.14,NaN
106.8880,0.887179,0.380702,0,58.14,NaN
106.8960,0.691331,0.190404,0,58.14,NaN
106.9040,0.499878,-0.033330,0,58.14,NaN
106.9120,0.320147,0.327311,0,58.14,NaN
106.9200,0.143834,0.141518,0,58.14,NaN
106.9280,-0.015385,-0.016592,0,58.14,NaN
106.9360,-0.138950,-0.135279,0,58.14,NaN
106.9440,-0.211722,-0.207871,0,58.14,NaN
106.9520,-0.238584,-0.234232,0,58.14,NaN
106.9600,-0.220513,-0.221188,0,58.14,NaN
106.9680,-0.176068,-0.181247,0,58.14,NaN
106.9760,-0.117949,-0.129717,0,58.14,NaN
106.9840,-0.066667,-0.080856,0,58.14,NaN
106.9920,-0.031502,-0.044093,0,58.14,NaN
107.0000,-0.019780,-0.021580,0,58.14,NaN
107.0080,-0.022222,-0.008194,0,58.14,NaN
107.0160,-0.033944,0.028923,0,58.14,NaN
107.0240,-0.054457,0.016094,0,58.14,NaN
107.0320,-0.071062,0.001460,0,58.14,NaN
107.0400,-0.085714,-0.011164,0,58.14,NaN
107.0480,-0.094017,-0.019867,0,58.14,NaN
107.0560,-0.098901,-0.024431,0,58.14,NaN
107.0640,-0.098901,-0.025711,0,58.14,NaN
107.0720,-0.100366,-0.024904,0,58.14,NaN
107.0800,-0.098413,-0.022963,0,58.14,NaN
107.0880,-0.100366,-0.020346,0,58.14,NaN
107.0960,-0.100366,-0.017098,0,58.14,NaN
107.1040,-0.100366,-0.013183,0,58.14,NaN
107.1120,-0.101343,-0.008757,0,58.14,NaN
107.1200,-0.101832,-0.261489,0,58.14,NaN
107.1280,-0.098413,-0.260593,0,58.14,NaN
107.1360,-0.096459,-0.257104,0,58.14,NaN
107.1440,-0.095971,-0.251225,0,58.14,NaN
107.1520,-0.100366,-0.242924,0,58.14,NaN
107.1600,-0.102808,-0.231998,0,58.14,NaN
107.1680,-0.106716,-0.218444,0,58.14,NaN
107.1760,-0.109646,-0.202720,0,58.14,NaN
107.1840,-0.110623,-0.185731,0,58.14,NaN
107.1920,-0.110623,-0.168576,0,58.14,NaN
107.2000,-0.109158,-0.152177,0,58.14,NaN
107.2080,-0.101343,-0.136962,0,58.14,NaN
107.2160,-0.096459,-0.122676,0,58.14,NaN
107.2240,-0.094994,0.001870,0,58.14,NaN
107.2320,-0.097924,0.003552,0,58.14,NaN
107.2400,-0.100366,0.001471,0,58.14,NaN
107.2480,-0.101343,-0.002776,0,58.14,NaN
107.2560,-0.101343,-0.007634,0,58.14,NaN
107.2640,-0.104274,-0.011755,0,58.14,NaN
107.2720,-0.105739,-0.014106,0,58.14,NaN
107.2800,-0.102320,-0.014248,0,58.14,NaN
107.2880,-0.100366,-0.012449,0,58.14,NaN
107.2960,-0.097924,-0.009420,0,58.14,NaN
107.3040,-0.094994,-0.005901,0,58.14,NaN
107.3120,-0.094994,-0.002363,0,58.14,NaN
107.3200,-0.093040,0.001068,0,58.14,NaN
107.3280,-0.090598,-0.003063,0,58.14,NaN
107.3360,-0.089133,-0.001213,0,58.14,NaN
107.3440,-0.087668,0.000531,0,58.14,NaN
107.3520,-0.087179,0.002497,0,58.14,NaN
107.3600,-0.084737,0.004849,0,58.14,NaN
107.3680,-0.079365,0.007313,0,58.14,NaN
107.3760,-0.075946,0.009207,0,58.14,NaN
107.3840,-0.073504,0.009870,0,58.14,NaN
107.3920,-0.075458,0.009111,0,58.14,NaN
107.4000,-0.078388,0.007314,0,58.14,NaN
107.4080,-0.079853,0.005115,0,58.14,NaN
107.4160,-0.080342,0.002958,0,58.14,NaN
107.4240,-0.080830,0.000932,0,58.14,NaN
107.4320,-0.077900,0.008353,0,58.14,NaN
107.4400,-0.074969,0.010622,0,58.14,NaN
107.4480,-0.070085,0.012892,0,58.14,NaN
107.4560,-0.068620,0.014380,0,58.14,NaN
107.4640,-0.069109,0.014692,0,58.14,NaN
107.4720,-0.069597,0.013867,0,58.14,NaN
107.4800,-0.070085,0.012171,0,58.14,NaN
107.4880,-0.070085,0.009950,0,58.14,NaN
107.4960,-0.072527,0.007668,0,58.14,NaN
107.5040,-0.074481,0.005934,0,58.14,NaN
107.5120,-0.075458,0.005295,0,58.14,NaN
107.5200,-0.073016,0.005888,0,58.14,NaN
107.5280,-0.070085,0.007283,0,58.14,NaN
107.5360,-0.064713,-0.004633,0,58.14,NaN
107.5440,-0.062759,-0.004281,0,58.14,NaN
107.5520,-0.063736,-0.005376,0,58.14,NaN
107.5600,-0.065690,-0.007650,0,58.14,NaN
107.5680,-0.067643,-0.010320,0,58.14,NaN
107.5760,-0.067643,-0.012469,0,58.14,NaN
107.5840,-0.067643,-0.013327,0,58.14,NaN
107.5920,-0.067643,-0.012479,0,58.14,NaN
107.6000,-0.060806,-0.010100,0,58.14,NaN
107.6080,-0.054945,-0.007000,0,58.14,NaN
107.6160,-0.049084,-0.004212,0,58.14,NaN
107.6240,-0.046154,-0.002368,0,58.14,NaN
107.6320,-0.046154,-0.001316,0,58.14,NaN
107.6400,-0.047131,0.000493,0,58.14,NaN
107.6480,-0.048596,-0.001398,0,58.14,NaN
107.6560,-0.047131,-0.003039,0,58.14,NaN
107.6640,-0.048107,-0.003768,0,58.14,NaN
107.6720,-0.047619,-0.003185,0,58.14,NaN
107.6800,-0.042735,-0.001344,0,58.14,NaN
107.6880,-0.038828,0.001148,0,58.14,NaN
107.6960,-0.032479,0.003375,0,58.14,NaN
107.7040,-0.031502,0.004593,0,58.14,NaN
107.7120,-0.032479,0.004563,0,58.14,NaN
107.7200,-0.031013,0.003444,0,58.14,NaN
107.7280,-0.030037,0.001504,0,58.14,NaN
107.7360,-0.031990,-0.000916,0,58.14,NaN
107.7440,-0.035409,0.002073,0,58.14,NaN
107.7520,-0.035897,0.000557,0,58.14,NaN
107.7600,-0.035897,0.000700,0,58.14,NaN
107.7680,-0.031013,0.002616,0,58.14,NaN
107.7760,-0.026618,0.005820,0,58.14,NaN
107.7840,-0.022222,0.009429,0,58.14,NaN
107.7920,-0.016361,0.012423,0,58.14,NaN
107.8000,-0.013431,0.013912,0,58.14,NaN
107.8080,-0.012454,0.013450,0,58.14,NaN
107.8160,-0.014408,0.011215,0,58.14,NaN
107.8240,-0.018803,0.007884,0,58.14,NaN
107.8320,-0.020269,0.004198,0,58.14,NaN
107.8400,-0.020757,0.000527,0,58.14,NaN
107.8480,-0.017827,0.019163,0,58.14,NaN
107.8560,-0.010501,0.021659,0,58.14,NaN
107.8640,-0.007570,0.023905,0,58.14,NaN
107.8720,-0.008059,0.025084,0,58.14,NaN
107.8800,-0.007570,0.025016,0,58.14,NaN
107.8880,-0.008059,0.023979,0,58.14,NaN
107.8960,-0.010012,0.022438,0,58.14,NaN
107.9040,-0.010989,0.020814,0,58.14,NaN
107.9120,-0.010989,0.019302,0,58.14,NaN
107.9200,-0.011966,0.017824,0,58.14,NaN
107.9280,-0.011966,0.016179,0,58.14,NaN
107.9360,-0.014408,0.014242,0,58.14,NaN
107.9440,-0.016361,0.012083,0,58.14,NaN
107.9520,-0.022222,0.054905,0,58.14,NaN
107.9600,-0.025641,0.052381,0,58.14,NaN
107.9680,-0.030525,0.049982,0,58.14,NaN
107.9760,-0.034432,0.048090,0,58.14,NaN
107.9840,-0.037851,0.046813,0,58.14,NaN
107.9920,-0.038828,0.045890,0,58.14,NaN
108.0000,-0.041758,0.044798,0,58.14,NaN
108.0080,-0.047131,0.043020,0,58.14,NaN
108.0160,-0.049573,0.040219,0,58.14,NaN
108.0240,-0.056410,0.036358,0,58.14,NaN
108.0320,-0.066667,0.031777,0,58.14,NaN
108.0400,-0.072527,0.026978,0,58.14,NaN
108.0480,-0.078388,0.022243,0,58.14,NaN
108.0560,-0.085714,0.002955,0,58.14,NaN
108.0640,-0.091087,0.000230,0,58.14,NaN
108.0720,-0.095482,-0.000560,0,58.14,NaN
108.0800,-0.093529,0.000414,0,58.14,NaN
108.0880,-0.094017,0.002448,0,58.14,NaN
108.0960,-0.094017,0.004639,0,58.14,NaN
108.1040,-0.095971,0.006215,0,58.14,NaN
108.1120,-0.096947,0.006681,0,58.14,NaN
108.1200,-0.101343,0.005895,0,58.14,NaN
108.1280,-0.106227,0.004114,0,58.14,NaN
108.1360,-0.113553,0.001877,0,58.14,NaN
108.1440,-0.117460,-0.000321,0,58.14,NaN
108.1520,-0.121368,-0.002325,0,58.14,NaN
108.1600,-0.121856,-0.049627,0,58.14,NaN
108.1680,-0.121856,-0.050044,0,58.14,NaN
108.1760,-0.123810,-0.049785,0,58.14,NaN
108.1840,-0.125275,-0.048927,0,58.14,NaN
108.1920,-0.125275,-0.047377,0,58.14,NaN
108.2000,-0.123810,-0.045103,0,58.14,NaN
108.2080,-0.122344,-0.042234,0,58.14,NaN
108.2160,-0.119902,-0.039010,0,58.14,NaN
108.2240,-0.118926,-0.035676,0,58.14,NaN
108.2320,-0.116972,-0.032420,0,58.14,NaN
108.2400,-0.115507,-0.029379,0,58.14,NaN
108.2480,-0.113553,-0.026624,0,58.14,NaN
108.2560,-0.113553,-0.024088,0,58.14,NaN
108.2640,-0.116484,-0.018238,0,58.14,NaN
108.2720,-0.119414,-0.019223,0,58.14,NaN
108.2800,-0.119902,-0.020520,0,58.14,NaN
108.2880,-0.122344,-0.021677,0,58.14,NaN
108.2960,-0.124786,-0.022177,0,58.14,NaN
108.3040,-0.127228,-0.021482,0,58.14,NaN
108.3120,-0.126252,-0.019349,0,58.14,NaN
108.3200,-0.122344,-0.016163,0,58.14,NaN
108.3280,-0.116972,-0.012868,0,58.14,NaN
108.3360,-0.115995,-0.010433,0,58.14,NaN
108.3440,-0.117460,-0.009285,0,58.14,NaN
108.3520,-0.118437,-0.009233,0,58.14,NaN
108.3600,-0.118926,-0.009766,0,58.14,NaN
108.3680,-0.120391,-0.013870,0,58.14,NaN
108.3760,-0.121856,-0.014627,0,58.14,NaN
108.3840,-0.122344,-0.014305,0,58.14,NaN
108.3920,-0.120391,-0.012678,0,58.14,NaN
108.4000,-0.116972,-0.010026,0,58.14,NaN
108.4080,-0.112576,-0.007069,0,58.14,NaN
108.4160,-0.109646,-0.004661,0,58.14,NaN
108.4240,-0.107692,-0.003406,0,58.14,NaN
108.4320,-0.108669,-0.003381,0,58.14,NaN
108.4400,-0.111111,-0.004162,0,58.14,NaN
108.4480,-0.110623,-0.005163,0,58.14,NaN
108.4560,-0.110623,-0.006011,0,58.14,NaN
108.4640,-0.109646,-0.006678,0,58.14,NaN
108.4720,-0.104274,0.004452,0,58.14,NaN
108.4800,-0.096947,0.008311,0,58.14,NaN
108.4880,-0.092552,0.011039,0,58.14,NaN
108.4960,-0.092063,0.011563,0,58.14,NaN
108.5040,-0.094017,0.009637,0,58.14,NaN
108.5120,-0.099878,0.005835,0,58.14,NaN
108.5200,-0.101343,0.001200,0,58.14,NaN
108.5280,-0.106227,-0.003091,0,58.14,NaN
108.5360,-0.109646,-0.005889,0,58.14,NaN
108.5440,-0.110134,-0.006298,0,58.14,NaN
108.5520,-0.106716,-0.003997,0,58.14,NaN
108.5600,-0.101343,0.000615,0,58.14,NaN
108.5680,-0.094505,0.006535,0,58.14,NaN
108.5760,-0.091087,0.018210,0,58.14,NaN
108.5840,-0.090598,0.020549,0,58.14,NaN
108.5920,-0.090598,0.021246,0,58.14,NaN
108.6000,-0.089133,0.020492,0,58.14,NaN
108.6080,-0.090598,0.018679,0,58.14,NaN
108.6160,-0.094505,0.016470,0,58.14,NaN
108.6240,-0.096947,0.014694,0,58.14,NaN
108.6320,-0.099878,0.013908,0,58.14,NaN
108.6400,-0.094017,0.013969,0,58.14,NaN
108.6480,-0.093529,0.014119,0,58.14,NaN
108.6560,-0.093529,0.013609,0,58.14,NaN
108.6640,-0.096947,0.012215,0,58.14,NaN
108.6720,-0.098413,0.010252,0,58.14,NaN
108.6800,-0.096947,0.004208,0,58.14,NaN
108.6880,-0.095971,0.003311,0,58.14,NaN
108.6960,-0.098413,0.002746,0,58.14,NaN
108.7040,-0.099878,0.002784,0,58.14,NaN
108.7120,-0.098413,0.003495,0,58.14,NaN
108.7200,-0.094505,0.004425,0,58.14,NaN
108.7280,-0.092063,0.004765,0,58.14,NaN
108.7360,-0.092552,0.003952,0,58.14,NaN
108.7440,-0.096459,0.002175,0,58.14,NaN
108.7520,-0.100366,0.000324,0,58.14,NaN
108.7600,-0.101343,-0.000601,0,58.14,NaN
108.7680,-0.100366,-0.000147,0,58.14,NaN
108.7760,-0.096459,0.001305,0,58.14,NaN
108.7840,-0.093529,0.004302,0,58.14,NaN
108.7920,-0.088156,0.007640,0,58.14,NaN
108.8000,-0.085226,0.009711,0,58.14,NaN
108.8080,-0.085714,0.009646,0,58.14,NaN
108.8160,-0.087179,0.007252,0,58.14,NaN
108.8240,-0.094017,0.003132,0,58.14,NaN
108.8320,-0.100366,-0.001519,0,58.14,NaN
108.8400,-0.102808,-0.005400,0,58.14,NaN
108.8480,-0.104762,-0.007544,0,58.14,NaN
108.8560,-0.103785,-0.007434,0,58.14,NaN
108.8640,-0.102808,-0.004964,0,58.14,NaN
108.8720,-0.097924,-0.000468,0,58.14,NaN
108.8800,-0.091087,0.005224,0,58.14,NaN
108.8880,-0.087668,0.004136,0,58.14,NaN
108.8960,-0.086203,0.004382,0,58.14,NaN
108.9040,-0.091087,0.002016,0,58.14,NaN
108.9120,-0.096459,-0.002245,0,58.14,NaN
108.9200,-0.101343,-0.007046,0,58.14,NaN
108.9280,-0.108669,-0.010856,0,58.14,NaN
108.9360,-0.109646,-0.012487,0,58.14,NaN
108.9440,-0.108181,-0.011574,0,58.14,NaN
108.9520,-0.102320,-0.008717,0,58.14,NaN
108.9600,-0.097436,-0.005131,0,58.14,NaN
108.9680,-0.093040,-0.002010,0,58.14,NaN
108.9760,-0.091575,0.000048,0,58.14,NaN
108.9840,-0.092552,0.001276,0,58.14,NaN
108.9920,-0.094994,0.003748,0,58.14,NaN
109.0000,-0.099389,0.001319,0,58.14,NaN
109.0080,-0.101343,-0.000628,0,58.14,NaN
109.0160,-0.102808,-0.001219,0,58.14,NaN
109.0240,-0.101832,-0.000112,0,58.14,NaN
109.0320,-0.098901,0.002344,0,58.14,NaN
109.0400,-0.093529,0.005170,0,58.14,NaN
109.0480,-0.089621,0.007160,0,58.14,NaN
109.0560,-0.090110,0.007512,0,58.14,NaN
109.0640,-0.094505,0.006238,0,58.14,NaN
109.0720,-0.097924,0.003996,0,58.14,NaN
109.0800,-0.100855,0.001507,0,58.14,NaN
109.0880,-0.101343,-0.000903,0,58.14,NaN
109.0960,-0.101832,-0.004792,0,58.14,NaN
109.1040,-0.099878,-0.001896,0,58.14,NaN
109.1120,-0.094017,0.002369,0,58.14,NaN
109.1200,-0.086691,0.006737,0,58.14,NaN
109.1280,-0.084737,0.009891,0,58.14,NaN
109.1360,-0.084249,0.011063,0,58.14,NaN
109.1440,-0.085714,0.010202,0,58.14,NaN
109.1520,-0.087179,0.007801,0,58.14,NaN
109.1600,-0.091087,0.004689,0,58.14,NaN
109.1680,-0.093529,0.001856,0,58.14,NaN
109.1760,-0.097924,0.000202,0,58.14,NaN
109.1840,-0.097924,0.000136,0,58.14,NaN
109.1920,-0.094017,0.001221,0,58.14,NaN
109.2000,-0.090110,-0.007154,0,58.14,NaN
109.2080,-0.086203,-0.005655,0,58.14,NaN
109.2160,-0.086203,-0.005655,0,58.14,NaN
109.2240,-0.090110,-0.007196,0,58.14,NaN
109.2320,-0.092552,-0.009591,0,58.14,NaN
109.2400,-0.093529,-0.011941,0,58.14,NaN
109.2480,-0.093529,-0.013533,0,58.14,NaN
109.2560,-0.094017,-0.013927,0,58.14,NaN
109.2640,-0.093040,-0.012942,0,58.14,NaN
109.2720,-0.090110,-0.010736,0,58.14,NaN
109.2800,-0.084249,-0.007820,0,58.14,NaN
109.2880,-0.080342,-0.004789,0,58.14,NaN
109.2960,-0.079365,-0.001912,0,58.14,NaN
109.3040,-0.082784,0.013129,0,58.14,NaN
109.3120,-0.085714,0.010798,0,58.14,NaN
109.3200,-0.087179,0.007906,0,58.14,NaN
109.3280,-0.091575,0.005342,0,58.14,NaN
109.3360,-0.094017,0.003829,0,58.14,NaN
109.3440,-0.093529,0.003640,0,58.14,NaN
109.3520,-0.091087,0.004424,0,58.14,NaN
109.3600,-0.089133,0.005421,0,58.14,NaN
109.3680,-0.088645,0.005948,0,58.14,NaN
109.3760,-0.091087,0.005778,0,58.14,NaN
109.3840,-0.092552,0.005114,0,58.14,NaN
109.3920,-0.092552,0.004265,0,58.14,NaN
109.4000,-0.093040,0.003398,0,58.14,NaN
109.4080,-0.093040,-0.008394,0,58.14,NaN
109.4160,-0.093040,-0.007325,0,58.14,NaN
109.4240,-0.091087,-0.005105,0,58.14,NaN
109.4320,-0.085226,-0.002154,0,58.14,NaN
109.4400,-0.082784,0.000775,0,58.14,NaN
109.4480,-0.080342,0.002953,0,58.14,NaN
109.4560,-0.078877,0.003951,0,58.14,NaN
109.4640,-0.080342,0.003725,0,58.14,NaN
109.4720,-0.080342,0.002563,0,58.14,NaN
109.4800,-0.082295,0.000947,0,58.14,NaN
109.4880,-0.084737,-0.000606,0,58.14,NaN
109.4960,-0.084737,-0.001771,0,58.14,NaN
109.5040,-0.084249,-0.002595,0,58.14,NaN
109.5120,-0.082295,-0.006114,0,58.14,NaN
109.5200,-0.078877,-0.005246,0,58.14,NaN
109.5280,-0.078388,-0.005214,0,58.14,NaN
109.5360,-0.078877,-0.006477,0,58.14,NaN
109.5440,-0.082295,-0.008925,0,58.14,NaN
109.5520,-0.085226,-0.011982,0,58.14,NaN
109.5600,-0.085714,-0.014872,0,58.14,NaN
109.5680,-0.088645,-0.016786,0,58.14,NaN
109.5760,-0.090110,-0.017008,0,58.14,NaN
109.5840,-0.086691,-0.015194,0,58.14,NaN
109.5920,-0.080830,-0.011596,0,58.14,NaN
109.6000,-0.075458,-0.006878,0,58.14,NaN
109.6080,-0.071551,-0.001693,0,58.14,NaN
109.6160,-0.071551,0.010017,0,58.14,NaN
109.6240,-0.074481,0.007985,0,58.14,NaN
109.6320,-0.076923,0.004058,0,58.14,NaN
109.6400,-0.084737,-0.000469,0,58.14,NaN
109.6480,-0.088645,-0.004040,0,58.14,NaN
109.6560,-0.091087,-0.005444,0,58.14,NaN
109.6640,-0.088645,-0.004387,0,58.14,NaN
109.6720,-0.082784,-0.001630,0,58.14,NaN
109.6800,-0.077900,0.001436,0,58.14,NaN
109.6880,-0.076435,0.003552,0,58.14,NaN
109.6960,-0.076435,0.004142,0,58.14,NaN
109.7040,-0.078877,0.003378,0,58.14,NaN
109.7120,-0.079365,0.001874,0,58.14,NaN
109.7200,-0.078388,-0.036966,0,58.14,NaN
109.7280,-0.078877,-0.037116,0,58.14,NaN
109.7360,-0.075946,-0.035231,0,58.14,NaN
109.7440,-0.070085,-0.031441,0,58.14,NaN
109.7520,-0.060317,-0.026621,0,58.14,NaN
109.7600,-0.054457,-0.022046,0,58.14,NaN
109.7680,-0.047619,-0.018771,0,58.14,NaN
109.7760,-0.047131,-0.017148,0,58.14,NaN
109.7840,-0.046642,-0.016776,0,58.14,NaN
109.7920,-0.045177,-0.016907,0,58.14,NaN
109.8000,-0.042247,-0.016961,0,58.14,NaN
109.8080,-0.039316,-0.016745,0,58.14,NaN
109.8160,-0.036874,-0.016352,0,58.14,NaN
109.8240,-0.029548,0.006540,0,58.14,NaN
109.8320,-0.019780,0.013320,0,58.14,NaN
109.8400,-0.010501,0.019919,0,58.14,NaN
109.8480,-0.005128,0.024963,0,58.14,NaN
109.8560,-0.002686,0.027411,0,58.14,NaN
109.8640,0.003663,0.026712,0,58.14,NaN
109.8720,-0.000733,0.023059,0,58.14,NaN
109.8800,-0.007570,0.017656,0,58.14,NaN
109.8880,-0.013431,0.012387,0,58.14,NaN
109.8960,-0.014896,0.008892,0,58.14,NaN
109.9040,-0.011966,0.007821,0,58.14,NaN
109.9120,-0.007570,0.008780,0,58.14,NaN
109.9200,-0.005128,0.010803,0,58.14,NaN
109.9280,-0.006105,0.088993,0,58.14,NaN
109.9360,-0.008547,0.088119,0,58.14,NaN
109.9440,-0.014896,0.084573,0,58.14,NaN
109.9520,-0.022222,0.078857,0,58.14,NaN
109.9600,-0.030037,0.071883,0,58.14,NaN
109.9680,-0.039805,0.064789,0,58.14,NaN
109.9760,-0.050061,0.058701,0,58.14,NaN
109.9840,-0.055433,0.054296,0,58.14,NaN
109.9920,-0.057875,0.051433,0,58.14,NaN
110.0000,-0.060317,0.049245,0,58.14,NaN
110.0080,-0.063248,0.046725,0,58.14,NaN
110.0160,-0.070085,0.043336,0,58.14,NaN
110.0240,-0.077411,0.039283,0,58.14,NaN
110.0320,-0.085226,-0.006863,0,58.14,NaN
110.0400,-0.087668,-0.009237,0,58.14,NaN
110.0480,-0.088156,-0.008977,0,58.14,NaN
110.0560,-0.086203,-0.006386,0,58.14,NaN
110.0640,-0.080830,-0.002539,0,58.14,NaN
110.0720,-0.077411,0.001161,0,58.14,NaN
110.0800,-0.076923,0.003599,0,58.14,NaN
110.0880,-0.079365,0.004363,0,58.14,NaN
110.0960,-0.083272,0.003674,0,58.14,NaN
110.1040,-0.085226,0.001977,0,58.14,NaN
110.1120,-0.088156,-0.000388,0,58.14,NaN
110.1200,-0.093529,-0.003186,0,58.14,NaN
110.1280,-0.097924,-0.006188,0,58.14,NaN
110.1360,-0.097924,-0.038908,0,58.14,NaN
110.1440,-0.094017,-0.035759,0,58.14,NaN
110.1520,-0.087668,-0.031443,0,58.14,NaN
110.1600,-0.084737,-0.027483,0,58.14,NaN
110.1680,-0.083272,-0.025111,0,58.14,NaN
110.1760,-0.085714,-0.024824,0,58.14,NaN
110.1840,-0.087179,-0.026307,0,58.14,NaN
110.1920,-0.092552,-0.028575,0,58.14,NaN
110.2000,-0.095971,-0.030246,0,58.14,NaN
110.2080,-0.098901,-0.029988,0,58.14,NaN
110.2160,-0.096947,-0.027073,0,58.14,NaN
110.2240,-0.090598,-0.021712,0,58.14,NaN
110.2320,-0.085714,-0.014937,0,58.14,NaN
110.2400,-0.081319,0.047600,0,58.14,NaN
110.2480,-0.079365,0.054019,0,58.14,NaN
110.2560,-0.080342,0.058989,0,58.14,NaN
110.2640,-0.079365,0.062625,0,58.14,NaN
110.2720,-0.079853,0.065162,0,58.14,NaN
110.2800,-0.083272,0.066822,0,58.14,NaN
110.2880,-0.085714,0.067684,0,58.14,NaN
110.2960,-0.088645,0.067465,0,58.14,NaN
110.3040,-0.092063,0.065412,0,58.14,NaN
110.3120,-0.097924,0.060536,0,58.14,NaN
110.3200,-0.107204,0.052141,0,58.14,NaN
110.3280,-0.122833,0.040405,0,58.14,NaN
110.3360,-0.140904,0.026628,0,58.14,NaN
110.3440,-0.156532,-0.886659,0,58.14,NaN
110.3520,-0.163858,-0.931001,0,58.14,NaN
110.3600,-0.162393,-0.964961,0,58.14,NaN
110.3680,-0.145299,-0.984676,0,58.14,NaN
110.3760,-0.110134,-0.987427,0,58.14,NaN
110.3840,-0.054457,-0.971890,0,58.14,NaN
110.3920,0.017827,-0.937887,0,58.14,NaN
110.4000,0.100855,-0.885947,0,58.14,NaN
110.4080,0.206349,-0.817368,0,58.14,NaN
110.4160,0.331380,-0.734693,0,58.14,NaN
110.4240,0.464225,-0.641629,0,58.14,NaN
110.4320,0.600000,-0.542214,0,58.14,NaN
110.4400,0.739683,-0.440134,0,58.14,NaN
110.4480,0.884737,0.905067,0,58.14,NaN
110.4560,1.000000,0.972048,0,58.14,NaN
110.4640,1.000000,1.000000,1,58.14,NaN
110.4720,0.975580,0.983479,1,58.14,NaN
110.4800,0.790965,0.926588,0,58.14,NaN
110.4880,0.589255,0.842123,0,58.14,NaN
110.4960,0.400244,0.746586,0,58.14,NaN
110.5040,0.225885,0.654689,0,58.14,NaN
110.5120,0.065201,0.577080,0,58.14,NaN
110.5200,-0.075946,0.520450,0,58.14,NaN
110.5280,-0.178999,0.487365,0,58.14,NaN
110.5360,-0.231746,0.475180,0,58.14,NaN
110.5440,-0.250305,0.475560,0,58.14,NaN
110.5520,-0.218559,-0.175725,0,58.14,NaN
110.5600,-0.177045,-0.135007,0,58.14,NaN
110.5680,-0.127228,-0.086441,0,58.14,NaN
110.5760,-0.085226,-0.041215,0,58.14,NaN
110.5840,-0.054457,-0.007038,0,58.14,NaN
110.5920,-0.039805,0.012561,0,58.14,NaN
110.6000,-0.041270,0.018031,0,58.14,NaN
110.6080,-0.054457,0.012763,0,58.14,NaN
110.6160,-0.070085,0.001396,0,58.14,NaN
110.6240,-0.084249,-0.011961,0,58.14,NaN
110.6320,-0.094994,-0.024853,0,58.14,NaN
110.6400,-0.102808,-0.036576,0,58.14,NaN
110.6480,-0.114042,-0.047505,0,58.14,NaN
110.6560,-0.116484,-0.150304,0,58.14,NaN
110.6640,-0.115018,-0.154125,0,58.14,NaN
110.6720,-0.111600,-0.155477,0,58.14,NaN
110.6800,-0.110134,-0.155124,0,58.14,NaN
110.6880,-0.107204,-0.153560,0,58.14,NaN
110.6960,-0.104274,-0.151014,0,58.14,NaN
110.7040,-0.101343,-0.147514,0,58.14,NaN
110.7120,-0.101343,-0.142808,0,58.14,NaN
110.7200,-0.102320,-0.136254,0,58.14,NaN
110.7280,-0.106716,-0.126895,0,58.14,NaN
110.7360,-0.111600,-0.113870,0,58.14,NaN
110.7440,-0.114042,-0.097131,0,58.14,NaN
110.7520,-0.114530,-0.077978,0,58.14,NaN
110.7600,-0.111600,-0.112917,0,58.14,NaN
110.7680,-0.109646,-0.089984,0,58.14,NaN
110.7760,-0.104762,-0.066859,0,58.14,NaN
110.7840,-0.100366,-0.046141,0,58.14,NaN
110.7920,-0.096947,-0.030025,0,58.14,NaN
110.8000,-0.096947,-0.019708,0,58.14,NaN
110.8080,-0.101343,-0.015111,0,58.14,NaN
110.8160,-0.104762,-0.015101,0,58.14,NaN
110.8240,-0.106227,-0.018037,0,58.14,NaN
110.8320,-0.108669,-0.022236,0,58.14,NaN
110.8400,-0.108669,-0.026300,0,58.14,NaN
110.8480,-0.107204,-0.029470,0,58.14,NaN
110.8560,-0.101343,-0.031880,0,58.14,NaN
110.8640,-0.095971,-0.011313,0,58.14,NaN
110.8720,-0.091575,-0.008487,0,58.14,NaN
110.8800,-0.086691,-0.006338,0,58.14,NaN
110.8880,-0.088156,-0.005533,0,58.14,NaN
110.8960,-0.090110,-0.006110,0,58.14,NaN
110.9040,-0.092063,-0.007596,0,58.14,NaN
110.9120,-0.094017,-0.009270,0,58.14,NaN
110.9200,-0.096459,-0.010373,0,58.14,NaN
110.9280,-0.096459,-0.010323,0,58.14,NaN
110.9360,-0.094017,-0.008976,0,58.14,NaN
110.9440,-0.087668,-0.006699,0,58.14,NaN
110.9520,-0.084737,-0.004067,0,58.14,NaN
110.9600,-0.082295,-0.001425,0,58.14,NaN
110.9680,-0.081319,0.000710,0,58.14,NaN
110.9760,-0.084737,-0.001575,0,58.14,NaN
110.9840,-0.086203,-0.004977,0,58.14,NaN
110.9920,-0.088156,-0.008606,0,58.14,NaN
111.0000,-0.092552,-0.011400,0,58.14,NaN
111.0080,-0.093529,-0.012349,0,58.14,NaN
111.0160,-0.092063,-0.010955,0,58.14,NaN
111.0240,-0.085226,-0.007617,0,58.14,NaN
111.0320,-0.078388,-0.003559,0,58.14,NaN
111.0400,-0.073016,-0.000275,0,58.14,NaN
111.0480,-0.070085,0.001158,0,58.14,NaN
111.0560,-0.070085,0.000529,0,58.14,NaN
111.0640,-0.072527,-0.001442,0,58.14,NaN
111.0720,-0.072527,0.014990,0,58.14,NaN
111.0800,-0.070574,0.015319,0,58.14,NaN
111.0880,-0.070085,0.016796,0,58.14,NaN
111.0960,-0.067155,0.019264,0,58.14,NaN
111.1040,-0.062271,0.022021,0,58.14,NaN
111.1120,-0.057387,0.024023,0,58.14,NaN
111.1200,-0.057875,0.024381,0,58.14,NaN
111.1280,-0.057875,0.022817,0,58.14,NaN
111.1360,-0.062759,0.019761,0,58.14,NaN
111.1440,-0.065690,0.016110,0,58.14,NaN
111.1520,-0.069597,0.012775,0,58.14,NaN
111.1600,-0.070574,0.010240,0,58.14,NaN
111.1680,-0.070085,0.008343,0,58.14,NaN
111.1760,-0.067643,-0.012066,0,58.14,NaN
111.1840,-0.060317,-0.009178,0,58.14,NaN
111.1920,-0.054457,-0.006476,0,58.14,NaN
111.2000,-0.052503,-0.005110,0,58.14,NaN
111.2080,-0.053480,-0.005495,0,58.14,NaN
111.2160,-0.053968,-0.007312,0,58.14,NaN
111.2240,-0.054457,-0.009837,0,58.14,NaN
111.2320,-0.055433,-0.012210,0,58.14,NaN
111.2400,-0.055433,-0.013568,0,58.14,NaN
111.2480,-0.054945,-0.013199,0,58.14,NaN
111.2560,-0.051038,-0.010795,0,58.14,NaN
111.2640,-0.043223,-0.006640,0,58.14,NaN
111.2720,-0.037363,-0.001517,0,58.14,NaN
111.2800,-0.035409,0.002193,0,58.14,NaN
111.2880,-0.037363,0.000534,0,58.14,NaN
111.2960,-0.038828,-0.002751,0,58.14,NaN
111.3040,-0.043223,-0.006278,0,58.14,NaN
111.3120,-0.045665,-0.008458,0,58.14,NaN
111.3200,-0.043712,-0.008181,0,58.14,NaN
111.3280,-0.037851,-0.005376,0,58.14,NaN
111.3360,-0.030037,-0.001080,0,58.14,NaN
111.3440,-0.022711,0.003045,0,58.14,NaN
111.3520,-0.018315,0.005451,0,58.14,NaN
111.3600,-0.017827,0.005356,0,58.14,NaN
111.3680,-0.021245,0.002986,0,58.14,NaN
111.3760,-0.022711,-0.000683,0,58.14,NaN
111.3840,-0.024176,0.014838,0,58.14,NaN
111.3920,-0.028571,0.012656,0,58.14,NaN
111.4000,-0.028083,0.012377,0,58.14,NaN
111.4080,-0.026129,0.014313,0,58.14,NaN
111.4160,-0.020757,0.017865,0,58.14,NaN
111.4240,-0.012454,0.021654,0,58.14,NaN
111.4320,-0.009524,0.024149,0,58.14,NaN
111.4400,-0.010012,0.024417,0,58.14,NaN
111.4480,-0.012454,0.022431,0,58.14,NaN
111.4560,-0.015873,0.018828,0,58.14,NaN
111.4640,-0.019780,0.014459,0,58.14,NaN
111.4720,-0.023199,0.009982,0,58.14,NaN
111.4800,-0.024664,0.005631,0,58.14,NaN
111.4880,-0.024664,0.038487,0,58.14,NaN
111.4960,-0.023199,0.040093,0,58.14,NaN
111.5040,-0.019780,0.041800,0,58.14,NaN
111.5120,-0.020269,0.042642,0,58.14,NaN
111.5200,-0.022711,0.042064,0,58.14,NaN
111.5280,-0.026618,0.040054,0,58.14,NaN
111.5360,-0.030525,0.036942,0,58.14,NaN
111.5440,-0.033944,0.033151,0,58.14,NaN
111.5520,-0.038828,0.029139,0,58.14,NaN
111.5600,-0.044689,0.025438,0,58.14,NaN
111.5680,-0.049573,0.022558,0,58.14,NaN
111.5760,-0.052503,0.020706,0,58.14,NaN
111.5840,-0.053480,0.019581,0,58.14,NaN
111.5920,-0.053968,0.032839,0,58.14,NaN
111.6000,-0.055433,0.032129,0,58.14,NaN
111.6080,-0.060317,0.030053,0,58.14,NaN
111.6160,-0.067643,0.026585,0,58.14,NaN
111.6240,-0.072527,0.022153,0,58.14,NaN
111.6320,-0.080342,0.017401,0,58.14,NaN
111.6400,-0.086691,0.013047,0,58.14,NaN
111.6480,-0.093529,0.009793,0,58.14,NaN
111.6560,-0.099389,0.008129,0,58.14,NaN
111.6640,-0.099878,0.008102,0,58.14,NaN
111.6720,-0.100855,0.009288,0,58.14,NaN
111.6800,-0.101832,0.011098,0,58.14,NaN
111.6880,-0.104274,0.013125,0,58.14,NaN
111.6960,-0.108181,-0.023239,0,58.14,NaN
111.7040,-0.112576,-0.024810,0,58.14,NaN
111.7120,-0.115995,-0.025657,0,58.14,NaN
111.7200,-0.116972,-0.025225,0,58.14,NaN
111.7280,-0.116484,-0.023437,0,58.14,NaN
111.7360,-0.116484,-0.020730,0,58.14,NaN
111.7440,-0.112576,-0.017897,0,58.14,NaN
111.7520,-0.112576,-0.015720,0,58.14,NaN
111.7600,-0.115995,-0.014550,0,58.14,NaN
111.7680,-0.117460,-0.014192,0,58.14,NaN
111.7760,-0.121368,-0.014169,0,58.14,NaN
111.7840,-0.122833,-0.014079,0,58.14,NaN
111.7920,-0.123810,-0.013816,0,58.14,NaN
111.8000,-0.122833,-0.022319,0,58.14,NaN
111.8080,-0.119902,-0.018694,0,58.14,NaN
111.8160,-0.116972,-0.014766,0,58.14,NaN
111.8240,-0.114530,-0.011467,0,58.14,NaN
111.8320,-0.114042,-0.009497,0,58.14,NaN
111.8400,-0.116972,-0.009068,0,58.14,NaN
111.8480,-0.119414,-0.009889,0,58.14,NaN
111.8560,-0.122344,-0.011382,0,58.14,NaN
111.8640,-0.124786,-0.012854,0,58.14,NaN
111.8720,-0.128205,-0.013567,0,58.14,NaN
111.8800,-0.130647,-0.012876,0,58.14,NaN
111.8880,-0.130159,-0.010563,0,58.14,NaN
111.8960,-0.125763,-0.007140,0,58.14,NaN
111.9040,-0.119902,-0.017761,0,58.14,NaN
111.9120,-0.116972,-0.014387,0,58.14,NaN
111.9200,-0.116972,-0.012513,0,58.14,NaN
111.9280,-0.117460,-0.012405,0,58.14,NaN
111.9360,-0.119414,-0.013811,0,58.14,NaN
111.9440,-0.121368,-0.016149,0,58.14,NaN
111.9520,-0.124298,-0.018628,0,58.14,NaN
111.9600,-0.126252,-0.020356,0,58.14,NaN
111.9680,-0.128205,-0.020539,0,58.14,NaN
111.9760,-0.124786,-0.018783,0,58.14,NaN
111.9840,-0.119414,-0.015257,0,58.14,NaN
111.9920,-0.115507,-0.010513,0,58.14,NaN
112.0000,-0.110134,-0.005186,0,58.14,NaN
112.0080,-0.106227,-0.002510,0,58.14,NaN
112.0160,-0.108669,-0.002133,0,58.14,NaN
112.0240,-0.110623,-0.002399,0,58.14,NaN
112.0320,-0.110623,-0.002185,0,58.14,NaN
112.0400,-0.109158,-0.000769,0,58.14,NaN
112.0480,-0.103785,0.001754,0,58.14,NaN
112.0560,-0.098901,0.004571,0,58.14,NaN
112.0640,-0.095971,0.006647,0,58.14,NaN
112.0720,-0.094994,0.007275,0,58.14,NaN
112.0800,-0.095971,0.006344,0,58.14,NaN
112.0880,-0.099389,0.004272,0,58.14,NaN
112.0960,-0.100855,0.001651,0,58.14,NaN
112.1040,-0.101343,-0.001121,0,58.14,NaN
112.1120,-0.101832,0.006029,0,58.14,NaN
112.1200,-0.102808,0.006670,0,58.14,NaN
112.1280,-0.100366,0.008435,0,58.14,NaN
112.1360,-0.094994,0.010611,0,58.14,NaN
112.1440,-0.092063,0.012162,0,58.14,NaN
112.1520,-0.091575,0.012309,0,58.14,NaN
112.1600,-0.094505,0.010967,0,58.14,NaN
112.1680,-0.097436,0.008685,0,58.14,NaN
112.1760,-0.097924,0.006251,0,58.14,NaN
112.1840,-0.099878,0.004342,0,58.14,NaN
112.1920,-0.099878,0.003396,0,58.14,NaN
112.2000,-0.100366,0.003511,0,58.14,NaN
112.2080,-0.096947,0.004342,0,58.14,NaN
112.2160,-0.093040,0.007053,0,58.14,NaN
112.2240,-0.092063,0.007363,0,58.14,NaN
112.2320,-0.092063,0.006194,0,58.14,NaN
112.2400,-0.097924,0.003796,0,58.14,NaN
112.2480,-0.099878,0.000974,0,58.14,NaN
112.2560,-0.101343,-0.001416,0,58.14,NaN
112.2640,-0.101343,-0.002803,0,58.14,NaN
112.2720,-0.101343,-0.002934,0,58.14,NaN
112.2800,-0.101343,-0.001872,0,58.14,NaN
112.2880,-0.095482,-0.000075,0,58.14,NaN
112.2960,-0.092552,0.001709,0,58.14,NaN
112.3040,-0.090110,0.002896,0,58.14,NaN
112.3120,-0.092063,0.003505,0,58.14,NaN
112.3200,-0.094017,0.006568,0,58.14,NaN
112.3280,-0.097924,0.003841,0,58.14,NaN
112.3360,-0.100366,0.001141,0,58.14,NaN
112.3440,-0.101343,-0.000868,0,58.14,NaN
112.3520,-0.102320,-0.001800,0,58.14,NaN
112.3600,-0.102808,-0.001551,0,58.14,NaN
112.3680,-0.100855,-0.000296,0,58.14,NaN
112.3760,-0.099878,0.001492,0,58.14,NaN
112.3840,-0.095971,0.003130,0,58.14,NaN
112.3920,-0.095971,0.003960,0,58.14,NaN
112.4000,-0.095971,0.003632,0,58.14,NaN
112.4080,-0.098413,0.002235,0,58.14,NaN
112.4160,-0.100366,0.000219,0,58.14,NaN
112.4240,-0.101343,-0.000201,0,58.14,NaN
112.4320,-0.101343,-0.000098,0,58.14,NaN
112.4400,-0.101343,0.001153,0,58.14,NaN
112.4480,-0.098413,0.003223,0,58.14,NaN
112.4560,-0.094017,0.005325,0,58.14,NaN
112.4640,-0.092552,0.006570,0,58.14,NaN
112.4720,-0.094017,0.006475,0,58.14,NaN
112.4800,-0.095971,0.005179,0,58.14,NaN
112.4880,-0.098901,0.003282,0,58.14,NaN
112.4960,-0.100855,0.001497,0,58.14,NaN
112.5040,-0.101832,0.000358,0,58.14,NaN
112.5120,-0.102808,0.000034,0,58.14,NaN
112.5200,-0.101343,0.000272,0,58.14,NaN
112.5280,-0.095971,-0.010358,0,58.14,NaN
112.5360,-0.092063,-0.009074,0,58.14,NaN
112.5440,-0.091087,-0.009500,0,58.14,NaN
112.5520,-0.096459,-0.011774,0,58.14,NaN
112.5600,-0.101343,-0.015126,0,58.14,NaN
112.5680,-0.101832,-0.018460,0,58.14,NaN
112.5760,-0.103785,-0.020879,0,58.14,NaN
112.5840,-0.103785,-0.021775,0,58.14,NaN
112.5920,-0.103785,-0.020788,0,58.14,NaN
112.6000,-0.100855,-0.017905,0,58.14,NaN
112.6080,-0.093529,-0.013598,0,58.14,NaN
112.6160,-0.086203,-0.008634,0,58.14,NaN
112.6240,-0.084249,-0.003563,0,58.14,NaN
112.6320,-0.085714,0.003938,0,58.14,NaN
112.6400,-0.088156,0.001717,0,58.14,NaN
112.6480,-0.091087,-0.001972,0,58.14,NaN
112.6560,-0.095971,-0.006103,0,58.14,NaN
112.6640,-0.100366,-0.009542,0,58.14,NaN
112.6720,-0.102320,-0.011348,0,58.14,NaN
112.6800,-0.101343,-0.011111,0,58.14,NaN
112.6880,-0.097924,-0.009116,0,58.14,NaN
112.6960,-0.093040,-0.006214,0,58.14,NaN
112.7040,-0.089133,-0.003445,0,58.14,NaN
112.7120,-0.086691,-0.001590,0,58.14,NaN
112.7200,-0.086691,-0.000860,0,58.14,NaN
112.7280,-0.087179,-0.000873,0,58.14,NaN
112.7360,-0.090598,0.008308,0,58.14,NaN
112.7440,-0.094017,0.006001,0,58.14,NaN
112.7520,-0.098901,0.004604,0,58.14,NaN
112.7600,-0.097924,0.004766,0,58.14,NaN
112.7680,-0.094994,0.006280,0,58.14,NaN
112.7760,-0.090110,0.008129,0,58.14,NaN
112.7840,-0.087179,0.009095,0,58.14,NaN
112.7920,-0.090598,0.008516,0,58.14,NaN
112.8000,-0.094017,0.006649,0,58.14,NaN
112.8080,-0.099389,0.004384,0,58.14,NaN
112.8160,-0.099878,0.002614,0,58.14,NaN
112.8240,-0.101343,0.001736,0,58.14,NaN
112.8320,-0.099878,0.001519,0,58.14,NaN
112.8400,-0.093529,0.002318,0,58.14,NaN
112.8480,-0.086691,0.006578,0,58.14,NaN
112.8560,-0.082784,0.009930,0,58.14,NaN
112.8640,-0.081319,0.011433,0,58.14,NaN
112.8720,-0.084249,0.010870,0,58.14,NaN
112.8800,-0.085714,0.008667,0,58.14,NaN
112.8880,-0.090110,0.005609,0,58.14,NaN
112.8960,-0.093529,0.002592,0,58.14,NaN
112.9040,-0.094994,0.000420,0,58.14,NaN
112.9120,-0.098413,-0.000352,0,58.14,NaN
112.9200,-0.095971,0.000444,0,58.14,NaN
112.9280,-0.093040,0.002511,0,58.14,NaN
112.9360,-0.091087,0.005253,0,58.14,NaN
112.9440,-0.090110,-0.001838,0,58.14,NaN
112.9520,-0.090110,-0.002101,0,58.14,NaN
112.9600,-0.092063,-0.003573,0,58.14,NaN
112.9680,-0.093040,-0.005797,0,58.14,NaN
112.9760,-0.095971,-0.007924,0,58.14,NaN
112.9840,-0.100366,-0.008922,0,58.14,NaN
112.9920,-0.098413,-0.008083,0,58.14,NaN
113.0000,-0.094017,-0.005557,0,58.14,NaN
113.0080,-0.088156,-0.002358,0,58.14,NaN
113.0160,-0.085714,0.000201,0,58.14,NaN
113.0240,-0.084249,0.001174,0,58.14,NaN
113.0320,-0.085714,0.000375,0,58.14,NaN
113.0400,-0.089133,-0.001575,0,58.14,NaN
113.0480,-0.090598,-0.000334,0,58.14,NaN
113.0560,-0.091087,-0.001644,0,58.14,NaN
113.0640,-0.092063,-0.001914,0,58.14,NaN
113.0720,-0.091575,-0.000985,0,58.14,NaN
113.0800,-0.087668,0.000842,0,58.14,NaN
113.0880,-0.085226,0.002881,0,58.14,NaN
113.0960,-0.083272,0.004388,0,58.14,NaN
113.1040,-0.082295,0.004902,0,58.14,NaN
113.1120,-0.084737,0.004416,0,58.14,NaN
113.1200,-0.085714,0.003266,0,58.14,NaN
113.1280,-0.086203,0.001832,0,58.14,NaN
113.1360,-0.087179,0.000343,0,58.14,NaN
113.1440,-0.088156,-0.001134,0,58.14,NaN
113.1520,-0.088645,-0.005916,0,58.14,NaN
113.1600,-0.086691,-0.004991,0,58.14,NaN
113.1680,-0.084249,-0.003696,0,58.14,NaN
113.1760,-0.082784,-0.002641,0,58.14,NaN
113.1840,-0.081319,-0.002313,0,58.14,NaN
113.1920,-0.083272,-0.002837,0,58.14,NaN
113.2000,-0.084737,-0.003965,0,58.14,NaN
113.2080,-0.084249,-0.005282,0,58.14,NaN
113.2160,-0.084737,-0.006362,0,58.14,NaN
113.2240,-0.085714,-0.006759,0,58.14,NaN
113.2320,-0.085714,-0.006061,0,58.14,NaN
113.2400,-0.083761,-0.004144,0,58.14,NaN
113.2480,-0.078877,-0.001402,0,58.14,NaN
113.2560,-0.076435,-0.003372,0,58.14,NaN
113.2640,-0.076923,-0.004317,0,58.14,NaN
113.2720,-0.080830,-0.007161,0,58.14,NaN
113.2800,-0.084737,-0.011449,0,58.14,NaN
113.2880,-0.087179,-0.016342,0,58.14,NaN
113.2960,-0.092552,-0.020815,0,58.14,NaN
113.3040,-0.095971,-0.023809,0,58.14,NaN
113.3120,-0.095971,-0.024546,0,58.14,NaN
113.3200,-0.093040,-0.022845,0,58.14,NaN
113.3280,-0.087179,-0.019146,0,58.14,NaN
113.3360,-0.081319,-0.014193,0,58.14,NaN
113.3440,-0.077411,-0.008623,0,58.14,NaN
113.3520,-0.071062,-0.002822,0,58.14,NaN
113.3600,-0.070085,0.014167,0,58.14,NaN
113.3680,-0.070574,0.013768,0,58.14,NaN
113.3760,-0.074481,0.011921,0,58.14,NaN
113.3840,-0.077900,0.009773,0,58.14,NaN
113.3920,-0.079853,0.008380,0,58.14,NaN
113.4000,-0.079365,0.008229,0,58.14,NaN
113.4080,-0.076923,0.009082,0,58.14,NaN
113.4160,-0.074481,0.010227,0,58.14,NaN
113.4240,-0.074969,0.010947,0,58.14,NaN
113.4320,-0.076435,0.010836,0,58.14,NaN
113.4400,-0.076435,0.009778,0,58.14,NaN
113.4480,-0.077411,0.007845,0,58.14,NaN
113.4560,-0.081319,0.005353,0,58.14,NaN
113.4640,-0.083761,-0.008550,0,58.14,NaN
113.4720,-0.084249,-0.008460,0,58.14,NaN
113.4800,-0.079365,-0.007033,0,58.14,NaN
113.4880,-0.076435,-0.005042,0,58.14,NaN
113.4960,-0.072039,-0.003459,0,58.14,NaN
113.5040,-0.073993,-0.002846,0,58.14,NaN
113.5120,-0.074969,-0.003135,0,58.14,NaN
113.5200,-0.074969,-0.003867,0,58.14,NaN
113.5280,-0.075458,-0.004572,0,58.14,NaN
113.5360,-0.074481,-0.004932,0,58.14,NaN
113.5440,-0.074969,-0.004793,0,58.14,NaN
113.5520,-0.073504,-0.004162,0,58.14,NaN
113.5600,-0.072039,-0.003223,0,58.14,NaN
113.5680,-0.071062,-0.041335,0,58.14,NaN
113.5760,-0.070085,-0.042684,0,58.14,NaN
113.5840,-0.069597,-0.044281,0,58.14,NaN
113.5920,-0.070085,-0.045851,0,58.14,NaN
113.6000,-0.068620,-0.046990,0,58.14,NaN
113.6080,-0.065201,-0.047316,0,58.14,NaN
113.6160,-0.062271,-0.046481,0,58.14,NaN
113.6240,-0.059829,-0.044132,0,58.14,NaN
113.6320,-0.054457,-0.040117,0,58.14,NaN
113.6400,-0.044200,-0.034836,0,58.14,NaN
113.6480,-0.033455,-0.029237,0,58.14,NaN
113.6560,-0.025641,-0.024205,0,58.14,NaN
113.6640,-0.023199,-0.019860,0,58.14,NaN
113.6720,-0.023199,0.007440,0,58.14,NaN
113.6800,-0.023199,0.007319,0,58.14,NaN
113.6880,-0.022222,0.007785,0,58.14,NaN
113.6960,-0.019780,0.010062,0,58.14,NaN
113.7040,-0.014896,0.014602,0,58.14,NaN
113.7120,-0.007082,0.020701,0,58.14,NaN
113.7200,0.008059,0.026515,0,58.14,NaN
113.7280,0.012943,0.029877,0,58.14,NaN
113.7360,0.010989,0.029506,0,58.14,NaN
113.7440,0.008059,0.025545,0,58.14,NaN
113.7520,-0.000244,0.019142,0,58.14,NaN
113.7600,-0.004640,0.011608,0,58.14,NaN
113.7680,-0.007570,0.003769,0,58.14,NaN
113.7760,-0.013431,0.075628,0,58.14,NaN
113.7840,-0.020757,0.072688,0,58.14,NaN
113.7920,-0.023199,0.070701,0,58.14,NaN
113.8000,-0.023199,0.069065,0,58.14,NaN
113.8080,-0.026129,0.066754,0,58.14,NaN
113.8160,-0.031013,0.062941,0,58.14,NaN
113.8240,-0.038828,0.057511,0,58.14,NaN
113.8320,-0.049573,0.051121,0,58.14,NaN
113.8400,-0.056410,0.044827,0,58.14,NaN
113.8480,-0.063736,0.039576,0,58.14,NaN
113.8560,-0.069597,0.035897,0,58.14,NaN
113.8640,-0.072039,0.033757,0,58.14,NaN
113.8720,-0.074481,0.032578,0,58.14,NaN
113.8800,-0.075458,-0.016505,0,58.14,NaN
113.8880,-0.075946,-0.018757,0,58.14,NaN
113.8960,-0.080342,-0.021424,0,58.14,NaN
113.9040,-0.085714,-0.024174,0,58.14,NaN
113.9120,-0.087179,-0.026362,0,58.14,NaN
113.9200,-0.089133,-0.027477,0,58.14,NaN
113.9280,-0.088156,-0.027355,0,58.14,NaN
113.9360,-0.086691,-0.026128,0,58.14,NaN
113.9440,-0.086203,-0.024030,0,58.14,NaN
113.9520,-0.085226,-0.021258,0,58.14,NaN
113.9600,-0.082784,-0.018017,0,58.14,NaN
113.9680,-0.079365,-0.014555,0,58.14,NaN
113.9760,-0.078877,-0.011052,0,58.14,NaN
113.9840,-0.081807,-0.021748,0,58.14,NaN
113.9920,-0.085714,-0.023797,0,58.14,NaN
114.0000,-0.087179,-0.026328,0,58.14,NaN
114.0080,-0.092552,-0.028419,0,58.14,NaN
114.0160,-0.094994,-0.029143,0,58.14,NaN
114.0240,-0.096459,-0.027892,0,58.14,NaN
114.0320,-0.093529,-0.024726,0,58.14,NaN
114.0400,-0.090110,-0.020429,0,58.14,NaN
114.0480,-0.086203,-0.016189,0,58.14,NaN
114.0560,-0.085714,-0.013086,0,58.14,NaN
114.0640,-0.085714,-0.011700,0,58.14,NaN
114.0720,-0.088156,-0.011971,0,58.14,NaN
114.0800,-0.092063,-0.013252,0,58.14,NaN
114.0880,-0.093529,0.011733,0,58.14,NaN
114.0960,-0.095971,0.013359,0,58.14,NaN
114.1040,-0.093040,0.016746,0,58.14,NaN
114.1120,-0.090598,0.021828,0,58.14,NaN
114.1200,-0.086691,0.028078,0,58.14,NaN
114.1280,-0.082295,0.034667,0,58.14,NaN
114.1360,-0.078877,0.040585,0,58.14,NaN
114.1440,-0.077411,0.044703,0,58.14,NaN
114.1520,-0.076923,0.045797,0,58.14,NaN
114.1600,-0.078877,0.042683,0,58.14,NaN
114.1680,-0.086203,0.034655,0,58.14,NaN
114.1760,-0.100855,0.022101,0,58.14,NaN
114.1840,-0.119902,0.006803,0,58.14,NaN
114.1920,-0.140415,-0.703039,0,58.14,NaN
114.2000,-0.158486,-0.749797,0,58.14,NaN
114.2080,-0.170208,-0.790177,0,58.14,NaN
114.2160,-0.169231,-0.820069,0,58.14,NaN
114.2240,-0.155556,-0.836197,0,58.14,NaN
114.2320,-0.122344,-0.836414,0,58.14,NaN
114.2400,-0.073016,-0.819546,0,58.14,NaN
114.2480,-0.010501,-0.784855,0,58.14,NaN
114.2560,0.067643,-0.731694,0,58.14,NaN
114.2640,0.163858,-0.659964,0,58.14,NaN
114.2720,0.282051,-0.571161,0,58.14,NaN
114.2800,0.414408,-0.469180,0,58.14,NaN
114.2880,0.554579,-0.360197,0,58.14,NaN
114.2960,0.697192,0.787285,0,58.14,NaN
114.3040,0.851526,0.886759,0,58.14,NaN
114.3120,0.982418,0.961855,0,58.14,NaN
114.3200,1.000000,1.000000,1,58.14,NaN
114.3280,0.989744,0.994595,1,58.14,NaN
114.3360,0.843712,0.947886,0,58.14,NaN
114.3440,0.651282,0.870646,0,58.14,NaN
114.3520,0.466178,0.778216,0,58.14,NaN
114.3600,0.285958,0.685372,0,58.14,NaN
114.3680,0.110134,0.603314,0,58.14,NaN
114.3760,-0.042247,0.538440,0,58.14,NaN
114.3840,-0.156044,0.491164,0,58.14,NaN
114.3920,-0.219048,0.455218,0,58.14,NaN
114.4000,-0.234188,-0.199718,0,58.14,NaN
114.4080,-0.215140,-0.183484,0,58.14,NaN
114.4160,-0.170208,-0.143505,0,58.14,NaN
114.4240,-0.116484,-0.093435,0,58.14,NaN
114.4320,-0.070085,-0.045822,0,58.14,NaN
114.4400,-0.036386,-0.009834,0,58.14,NaN
114.4480,-0.022222,0.009908,0,58.14,NaN
114.4560,-0.024176,0.013296,0,58.14,NaN
114.4640,-0.040781,0.003690,0,58.14,NaN
114.4720,-0.063736,-0.013803,0,58.14,NaN
114.4800,-0.085714,-0.034306,0,58.14,NaN
114.4880,-0.102808,-0.054731,0,58.14,NaN
114.4960,-0.115507,-0.074279,0,58.14,NaN
114.5040,-0.118437,-0.126684,0,58.14,NaN
114.5120,-0.117460,-0.130516,0,58.14,NaN
114.5200,-0.115507,-0.131259,0,58.14,NaN
114.5280,-0.110623,-0.130691,0,58.14,NaN
114.5360,-0.110134,-0.130020,0,58.14,NaN
114.5440,-0.108669,-0.129637,0,58.14,NaN
114.5520,-0.109646,-0.129191,0,58.14,NaN
114.5600,-0.108181,-0.127766,0,58.14,NaN
114.5680,-0.112576,-0.124009,0,58.14,NaN
114.5760,-0.114530,-0.116409,0,58.14,NaN
114.5840,-0.115018,-0.103941,0,58.14,NaN
114.5920,-0.112088,-0.086820,0,58.14,NaN
114.6000,-0.108181,-0.066805,0,58.14,NaN
114.6080,-0.104274,-0.152680,0,58.14,NaN
114.6160,-0.106227,-0.134915,0,58.14,NaN
114.6240,-0.109158,-0.117168,0,58.14,NaN
114.6320,-0.109646,-0.100427,0,58.14,NaN
114.6400,-0.114042,-0.085395,0,58.14,NaN
114.6480,-0.116484,-0.072409,0,58.14,NaN
114.6560,-0.115995,-0.061569,0,58.14,NaN
114.6640,-0.115507,-0.053016,0,58.14,NaN
114.6720,-0.110134,-0.047142,0,58.14,NaN
114.6800,-0.105739,-0.044520,0,58.14,NaN
114.6880,-0.100366,-0.045530,0,58.14,NaN
114.6960,-0.101343,-0.049841,0,58.14,NaN
114.7040,-0.102808,-0.056177,0,58.14,NaN
114.7120,-0.105739,-0.009243,0,58.14,NaN
114.7200,-0.108181,-0.012224,0,58.14,NaN
114.7280,-0.107692,-0.012866,0,58.14,NaN
114.7360,-0.104762,-0.010850,0,58.14,NaN
114.7440,-0.101343,-0.006783,0,58.14,NaN
114.7520,-0.095971,-0.001924,0,58.14,NaN
114.7600,-0.092063,0.002267,0,58.14,NaN
114.7680,-0.090598,0.004661,0,58.14,NaN
114.7760,-0.092552,0.004849,0,58.14,NaN
114.7840,-0.094505,0.003166,0,58.14,NaN
114.7920,-0.098413,0.000384,0,58.14,NaN
114.8000,-0.101343,-0.002732,0,58.14,NaN
114.8080,-0.100855,-0.005810,0,58.14,NaN
114.8160,-0.099878,-0.004613,0,58.14,NaN
114.8240,-0.094017,-0.001907,0,58.14,NaN
114.8320,-0.088645,0.001092,0,58.14,NaN
114.8400,-0.084737,0.003071,0,58.14,NaN
114.8480,-0.085226,0.003204,0,58.14,NaN
114.8560,-0.086691,0.001468,0,58.14,NaN
114.8640,-0.091087,-0.001473,0,58.14,NaN
114.8720,-0.091087,-0.004651,0,58.14,NaN
114.8800,-0.093529,-0.007084,0,58.14,NaN
114.8880,-0.094017,-0.007901,0,58.14,NaN
114.8960,-0.093529,-0.006511,0,58.14,NaN
114.9040,-0.088156,-0.002933,0,58.14,NaN
114.9120,-0.080830,0.002016,0,58.14,NaN
114.9200,-0.073504,-0.004951,0,58.14,NaN
114.9280,-0.071062,-0.003427,0,58.14,NaN
114.9360,-0.072527,-0.004512,0,58.14,NaN
114.9440,-0.073016,-0.007881,0,58.14,NaN
114.9520,-0.077411,-0.012441,0,58.14,NaN
114.9600,-0.080830,-0.016583,0,58.14,NaN
114.9680,-0.084737,-0.018643,0,58.14,NaN
114.9760,-0.082295,-0.017617,0,58.14,NaN
114.9840,-0.073504,-0.013796,0,58.14,NaN
114.9920,-0.063736,-0.008720,0,58.14,NaN
115.0000,-0.054945,-0.004306,0,58.14,NaN
115.0080,-0.052015,-0.001688,0,58.14,NaN
115.0160,-0.053480,-0.000551,0,58.14,NaN
115.0240,-0.055433,0.012737,0,58.14,NaN
115.0320,-0.056899,0.009333,0,58.14,NaN
115.0400,-0.059829,0.005904,0,58.14,NaN
115.0480,-0.061294,0.003514,0,58.14,NaN
115.0560,-0.062759,0.002847,0,58.14,NaN
115.0640,-0.058852,0.003927,0,58.14,NaN
115.0720,-0.054457,0.006018,0,58.14,NaN
115.0800,-0.049084,0.007936,0,58.14,NaN
115.0880,-0.046642,0.008690,0,58.14,NaN
115.0960,-0.049084,0.008037,0,58.14,NaN
115.1040,-0.051526,0.006502,0,58.14,NaN
115.1120,-0.052015,0.004808,0,58.14,NaN
115.1200,-0.049573,0.003271,0,58.14,NaN
115.1280,-0.048107,0.003544,0,58.14,NaN
115.1360,-0.044200,0.006053,0,58.14,NaN
115.1440,-0.040293,0.009437,0,58.14,NaN
115.1520,-0.033944,0.012882,0,58.14,NaN
115.1600,-0.029548,0.015467,0,58.14,NaN
115.1680,-0.028083,0.016527,0,58.14,NaN
115.1760,-0.027595,0.015896,0,58.14,NaN
115.1840,-0.028083,0.013899,0,58.14,NaN
115.1920,-0.031013,0.011196,0,58.14,NaN
115.2000,-0.031013,0.008548,0,58.14,NaN
115.2080,-0.032479,0.006571,0,58.14,NaN
115.2160,-0.033455,0.005534,0,58.14,NaN
115.2240,-0.030037,0.005188,0,58.14,NaN
115.2320,-0.023687,-0.009326,0,58.14,NaN
115.2400,-0.020757,-0.007349,0,58.14,NaN
115.2480,-0.017827,-0.005748,0,58.14,NaN
115.2560,-0.015873,-0.004852,0,58.14,NaN
115.2640,-0.012943,-0.004733,0,58.14,NaN
115.2720,-0.010989,-0.005286,0,58.14,NaN
115.2800,-0.010012,-0.006207,0,58.14,NaN
115.2880,-0.010012,-0.006992,0,58.14,NaN
115.2960,-0.008547,-0.007110,0,58.14,NaN
115.3040,-0.007082,-0.006299,0,58.14,NaN
115.3120,-0.000733,-0.004782,0,58.14,NaN
115.3200,0.005617,-0.003105,0,58.14,NaN
115.3280,0.005128,-0.001595,0,58.14,NaN
115.3360,-0.000244,0.054391,0,58.14,NaN
115.3440,-0.002686,0.051738,0,58.14,NaN
115.3520,-0.006593,0.048273,0,58.14,NaN
115.3600,-0.009035,0.044801,0,58.14,NaN
115.3680,-0.014408,0.042052,0,58.14,NaN
115.3760,-0.018315,0.040570,0,58.14,NaN
115.3840,-0.017827,0.040351,0,58.14,NaN
115.3920,-0.014896,0.040644,0,58.14,NaN
115.4000,-0.015873,0.040292,0,58.14,NaN
115.4080,-0.019780,0.038365,0,58.14,NaN
115.4160,-0.023199,0.034491,0,58.14,NaN
115.4240,-0.029548,0.028869,0,58.14,NaN
115.4320,-0.037851,0.022214,0,58.14,NaN
115.4400,-0.045177,0.045947,0,58.14,NaN
115.4480,-0.054457,0.040916,0,58.14,NaN
115.4560,-0.059829,0.037244,0,58.14,NaN
115.4640,-0.065201,0.035107,0,58.14,NaN
115.4720,-0.065690,0.034053,0,58.14,NaN
115.4800,-0.069109,0.033254,0,58.14,NaN
115.4880,-0.073504,0.031982,0,58.14,NaN
115.4960,-0.078877,0.029929,0,58.14,NaN
115.5040,-0.085714,0.027208,0,58.14,NaN
115.5120,-0.091087,0.024139,0,58.14,NaN
115.5200,-0.096947,0.021051,0,58.14,NaN
115.5280,-0.104274,0.018162,0,58.14,NaN
115.5360,-0.108669,0.015504,0,58.14,NaN
115.5440,-0.110623,-0.028908,0,58.14,NaN
115.5520,-0.108181,-0.028388,0,58.14,NaN
115.5600,-0.108181,-0.027783,0,58.14,NaN
115.5680,-0.111111,-0.027900,0,58.14,NaN
115.5760,-0.115507,-0.028893,0,58.14,NaN
115.5840,-0.119414,-0.030343,0,58.14,NaN
115.5920,-0.121856,-0.031573,0,58.14,NaN
115.6000,-0.126252,-0.031883,0,58.14,NaN
115.6080,-0.127228,-0.030741,0,58.14,NaN
115.6160,-0.127228,-0.027983,0,58.14,NaN
115.6240,-0.124298,-0.023908,0,58.14,NaN
115.6320,-0.121368,-0.019089,0,58.14,NaN
115.6400,-0.121368,-0.014012,0,58.14,NaN
115.6480,-0.122833,-0.030829,0,58.14,NaN
115.6560,-0.125763,-0.031400,0,58.14,NaN
115.6640,-0.130159,-0.032600,0,58.14,NaN
115.6720,-0.132601,-0.033699,0,58.14,NaN
115.6800,-0.132601,-0.034118,0,58.14,NaN
115.6880,-0.135531,-0.033472,0,58.14,NaN
115.6960,-0.136996,-0.031549,0,58.14,NaN
115.7040,-0.133089,-0.028466,0,58.14,NaN
115.7120,-0.132601,-0.024759,0,58.14,NaN
115.7200,-0.129182,-0.021198,0,58.14,NaN
115.7280,-0.127717,-0.018483,0,58.14,NaN
115.7360,-0.127717,-0.016915,0,58.14,NaN
115.7440,-0.130647,-0.016171,0,58.14,NaN
115.7520,-0.130647,-0.015066,0,58.14,NaN
115.7600,-0.132112,-0.014251,0,58.14,NaN
115.7680,-0.132601,-0.012321,0,58.14,NaN
115.7760,-0.129670,-0.009218,0,58.14,NaN
115.7840,-0.124298,-0.005551,0,58.14,NaN
115.7920,-0.121368,-0.002337,0,58.14,NaN
115.8000,-0.119414,-0.000428,0,58.14,NaN
115.8080,-0.122344,-0.000083,0,58.14,NaN
115.8160,-0.123810,-0.000951,0,58.14,NaN
115.8240,-0.126252,-0.002399,0,58.14,NaN
115.8320,-0.128205,-0.003871,0,58.14,NaN
115.8400,-0.128205,-0.005103,0,58.14,NaN
115.8480,-0.129182,-0.006136,0,58.14,NaN
115.8560,-0.125275,-0.003490,0,58.14,NaN
115.8640,-0.118926,0.000781,0,58.14,NaN
115.8720,-0.113553,0.004712,0,58.14,NaN
115.8800,-0.110623,0.007032,0,58.14,NaN
115.8880,-0.111111,0.007099,0,58.14,NaN
115.8960,-0.114530,0.005124,0,58.14,NaN
115.9040,-0.118437,0.001960,0,58.14,NaN
115.9120,-0.120391,-0.001339,0,58.14,NaN
115.9200,-0.121368,-0.003854,0,58.14,NaN
115.9280,-0.123810,-0.004853,0,58.14,NaN
115.9360,-0.123810,-0.003856,0,58.14,NaN
115.9440,-0.119902,-0.000899,0,58.14,NaN
115.9520,-0.114042,0.003286,0,58.14,NaN
115.9600,-0.107692,0.002319,0,58.14,NaN
115.9680,-0.108181,0.003308,0,58.14,NaN
115.9760,-0.108181,0.001939,0,58.14,NaN
115.9840,-0.111111,-0.001366,0,58.14,NaN
115.9920,-0.116972,-0.005446,0,58.14,NaN
116.0000,-0.119414,-0.008790,0,58.14,NaN
116.0080,-0.122344,-0.010109,0,58.14,NaN
116.0160,-0.119414,-0.008896,0,58.14,NaN
116.0240,-0.113553,-0.005720,0,58.14,NaN
116.0320,-0.105739,-0.002000,0,58.14,NaN
116.0400,-0.101343,0.000774,0,58.14,NaN
116.0480,-0.101343,0.001898,0,58.14,NaN
116.0560,-0.102808,0.001805,0,58.14,NaN
116.0640,-0.105739,0.010007,0,58.14,NaN
116.0720,-0.109646,0.007021,0,58.14,NaN
116.0800,-0.112088,0.005250,0,58.14,NaN
116.0880,-0.114042,0.005686,0,58.14,NaN
116.0960,-0.107692,0.008346,0,58.14,NaN
116.1040,-0.101343,0.012158,0,58.14,NaN
116.1120,-0.096459,0.015525,0,58.14,NaN
116.1200,-0.094505,0.017174,0,58.14,NaN
116.1280,-0.098413,0.016681,0,58.14,NaN
116.1360,-0.099878,0.014358,0,58.14,NaN
116.1440,-0.102320,0.010790,0,58.14,NaN
116.1520,-0.106716,0.006522,0,58.14,NaN
116.1600,-0.109646,0.001964,0,58.14,NaN
116.1680,-0.110134,0.001213,0,58.14,NaN
116.1760,-0.108181,0.002552,0,58.14,NaN
116.1840,-0.103785,0.005019,0,58.14,NaN
116.1920,-0.099878,0.007459,0,58.14,NaN
116.2000,-0.098901,0.008797,0,58.14,NaN
116.2080,-0.098901,0.008471,0,58.14,NaN
116.2160,-0.101343,0.006583,0,58.14,NaN
116.2240,-0.104762,0.003779,0,58.14,NaN
116.2320,-0.106716,0.000979,0,58.14,NaN
116.2400,-0.108669,-0.000909,0,58.14,NaN
116.2480,-0.110134,-0.001223,0,58.14,NaN
116.2560,-0.108669,0.000188,0,58.14,NaN
116.2640,-0.103785,0.002749,0,58.14,NaN
116.2720,-0.100855,0.009248,0,58.14,NaN
116.2800,-0.099389,0.010603,0,58.14,NaN
116.2880,-0.101343,0.010593,0,58.14,NaN
116.2960,-0.101832,0.009417,0,58.14,NaN
116.3040,-0.104274,0.007707,0,58.14,NaN
116.3120,-0.107692,0.006280,0,58.14,NaN
116.3200,-0.106716,0.005809,0,58.14,NaN
116.3280,-0.107692,0.006498,0,58.14,NaN
116.3360,-0.104762,0.007934,0,58.14,NaN
116.3440,-0.101343,0.009200,0,58.14,NaN
116.3520,-0.101343,0.009304,0,58.14,NaN
116.3600,-0.101832,0.007789,0,58.14,NaN
116.3680,-0.108181,0.005099,0,58.14,NaN
116.3760,-0.110134,0.003218,0,58.14,NaN
116.3840,-0.110623,0.002266,0,58.14,NaN
116.3920,-0.110623,0.002846,0,58.14,NaN
116.4000,-0.107692,0.005004,0,58.14,NaN
116.4080,-0.106227,0.008334,0,58.14,NaN
116.4160,-0.101832,0.012019,0,58.14,NaN
116.4240,-0.096947,0.014976,0,58.14,NaN
116.4320,-0.096459,0.016239,0,58.14,NaN
116.4400,-0.098901,0.015414,0,58.14,NaN
116.4480,-0.102808,0.012793,0,58.14,NaN
116.4560,-0.107692,0.009074,0,58.14,NaN
116.4640,-0.112088,0.004947,0,58.14,NaN
116.4720,-0.114530,0.000780,0,58.14,NaN
116.4800,-0.115995,-0.009802,0,58.14,NaN
116.4880,-0.112576,-0.007892,0,58.14,NaN
116.4960,-0.109158,-0.004445,0,58.14,NaN
116.5040,-0.101832,-0.000666,0,58.14,NaN
116.5120,-0.099878,0.002187,0,58.14,NaN
116.5200,-0.098413,0.003320,0,58.14,NaN
116.5280,-0.101343,0.002644,0,58.14,NaN
116.5360,-0.101832,0.000657,0,58.14,NaN
116.5440,-0.105739,-0.001809,0,58.14,NaN
116.5520,-0.107692,-0.003817,0,58.14,NaN
116.5600,-0.109646,-0.004587,0,58.14,NaN
116.5680,-0.109646,-0.003828,0,58.14,NaN
116.5760,-0.104762,-0.001999,0,58.14,NaN
116.5840,-0.100366,-0.004001,0,58.14,NaN
116.5920,-0.096459,-0.001976,0,58.14,NaN
116.6000,-0.096947,-0.001417,0,58.14,NaN
116.6080,-0.098901,-0.002406,0,58.14,NaN
116.6160,-0.101343,-0.004412,0,58.14,NaN
116.6240,-0.103785,-0.006649,0,58.14,NaN
116.6320,-0.103785,-0.008389,0,58.14,NaN
116.6400,-0.105739,-0.009106,0,58.14,NaN
116.6480,-0.105739,-0.008552,0,58.14,NaN
116.6560,-0.101343,-0.006883,0,58.14,NaN
116.6640,-0.097924,-0.004618,0,58.14,NaN
116.6720,-0.094994,-0.002287,0,58.14,NaN
116.6800,-0.094017,-0.000092,0,58.14,NaN
116.6880,-0.096947,0.002376,0,58.14,NaN
116.6960,-0.097924,0.001714,0,58.14,NaN
116.7040,-0.098413,0.001289,0,58.14,NaN
116.7120,-0.099389,0.001479,0,58.14,NaN
116.7200,-0.095971,0.002335,0,58.14,NaN
116.7280,-0.094017,0.003567,0,58.14,NaN
116.7360,-0.092063,0.004713,0,58.14,NaN
116.7440,-0.090598,0.005344,0,58.14,NaN
116.7520,-0.090598,0.005233,0,58.14,NaN
116.7600,-0.093040,0.004431,0,58.14,NaN
116.7680,-0.095482,0.003200,0,58.14,NaN
116.7760,-0.095482,0.001800,0,58.14,NaN
116.7840,-0.096947,0.000364,0,58.14,NaN
116.7920,-0.096459,0.002083,0,58.14,NaN
116.8000,-0.096947,0.002537,0,58.14,NaN
116.8080,-0.095482,0.003922,0,58.14,NaN
116.8160,-0.093529,0.006017,0,58.14,NaN
116.8240,-0.091087,0.008313,0,58.14,NaN
116.8320,-0.087179,0.010114,0,58.14,NaN
116.8400,-0.086691,0.010817,0,58.14,NaN
116.8480,-0.088156,0.010243,0,58.14,NaN
116.8560,-0.090598,0.008696,0,58.14,NaN
116.8640,-0.092552,0.006724,0,58.14,NaN
116.8720,-0.094017,0.004802,0,58.14,NaN
116.8800,-0.094994,0.003140,0,58.14,NaN
116.8880,-0.095971,0.001686,0,58.14,NaN
116.8960,-0.093529,-0.000668,0,58.14,NaN
116.9040,-0.090110,0.000459,0,58.14,NaN
116.9120,-0.090598,0.001283,0,58.14,NaN
116.9200,-0.090110,0.001506,0,58.14,NaN
116.9280,-0.091575,0.001177,0,58.14,NaN
116.9360,-0.092063,0.000505,0,58.14,NaN
116.9440,-0.091087,-0.000348,0,58.14,NaN
116.9520,-0.091087,-0.001267,0,58.14,NaN
116.9600,-0.093529,-0.002024,0,58.14,NaN
116.9680,-0.094017,-0.002276,0,58.14,NaN
116.9760,-0.093040,-0.001791,0,58.14,NaN
116.9840,-0.091087,-0.000628,0,58.14,NaN
116.9920,-0.089621,0.000922,0,58.14,NaN
117.0000,-0.086691,-0.000072,0,58.14,NaN
117.0080,-0.085714,0.001621,0,58.14,NaN
117.0160,-0.081319,0.002561,0,58.14,NaN
117.0240,-0.082295,0.002555,0,58.14,NaN
117.0320,-0.084737,0.001897,0,58.14,NaN
117.0400,-0.086203,0.001251,0,58.14,NaN
117.0480,-0.086203,0.001203,0,58.14,NaN
117.0560,-0.085226,0.001870,0,58.14,NaN
117.0640,-0.080830,0.002841,0,58.14,NaN
117.0720,-0.080342,0.003491,0,58.14,NaN
117.0800,-0.081319,0.003431,0,58.14,NaN
117.0880,-0.081807,0.002678,0,58.14,NaN
117.0960,-0.082784,0.001522,0,58.14,NaN
117.1040,-0.084737,-0.003094,0,58.14,NaN
117.1120,-0.086203,-0.004902,0,58.14,NaN
117.1200,-0.088645,-0.005740,0,58.14,NaN
117.1280,-0.087668,-0.005119,0,58.14,NaN
117.1360,-0.085714,-0.003049,0,58.14,NaN
117.1440,-0.079365,-0.000162,0,58.14,NaN
117.1520,-0.076923,0.002570,0,58.14,NaN
117.1600,-0.074481,0.004314,0,58.14,NaN
117.1680,-0.074969,0.004701,0,58.14,NaN
117.1760,-0.076435,0.003821,0,58.14,NaN
117.1840,-0.076923,0.002008,0,58.14,NaN
117.1920,-0.079365,-0.000371,0,58.14,NaN
117.2000,-0.080830,-0.003003,0,58.14,NaN
117.2080,-0.079365,0.002111,0,58.14,NaN
117.2160,-0.075946,0.002781,0,58.14,NaN
117.2240,-0.073504,0.002803,0,58.14,NaN
117.2320,-0.075458,0.001532,0,58.14,NaN
117.2400,-0.080342,-0.000960,0,58.14,NaN
117.2480,-0.083272,-0.004010,0,58.14,NaN
117.2560,-0.085226,-0.006851,0,58.14,NaN
117.2640,-0.085714,-0.008903,0,58.14,NaN
117.2720,-0.086691,-0.009750,0,58.14,NaN
117.2800,-0.086691,-0.009052,0,58.14,NaN
117.2880,-0.085226,-0.006637,0,58.14,NaN
117.2960,-0.078877,-0.002721,0,58.14,NaN
117.3040,-0.074481,0.002055,0,58.14,NaN
117.3120,-0.073504,-0.002095,0,58.14,NaN
117.3200,-0.075458,-0.002708,0,58.14,NaN
117.3280,-0.077411,-0.004682,0,58.14,NaN
117.3360,-0.078388,-0.007257,0,58.14,NaN
117.3440,-0.082784,-0.009476,0,58.14,NaN
117.3520,-0.083761,-0.010417,0,58.14,NaN
117.3600,-0.083272,-0.009595,0,58.14,NaN
117.3680,-0.078388,-0.007282,0,58.14,NaN
117.3760,-0.073504,-0.004423,0,58.14,NaN
117.3840,-0.070085,-0.002125,0,58.14,NaN
117.3920,-0.070085,-0.001070,0,58.14,NaN
117.4000,-0.071062,-0.001264,0,58.14,NaN
117.4080,-0.071551,-0.002196,0,58.14,NaN
117.4160,-0.071551,0.006982,0,58.14,NaN
117.4240,-0.072527,0.005361,0,58.14,NaN
117.4320,-0.076435,0.004222,0,58.14,NaN
117.4400,-0.078388,0.004271,0,58.14,NaN
117.4480,-0.074481,0.005731,0,58.14,NaN
117.4560,-0.070085,0.008081,0,58.14,NaN
117.4640,-0.068132,0.010396,0,58.14,NaN
117.4720,-0.067155,0.011902,0,58.14,NaN
117.4800,-0.068620,0.012220,0,58.14,NaN
117.4880,-0.069597,0.011265,0,58.14,NaN
117.4960,-0.070085,0.009048,0,58.14,NaN
117.5040,-0.073016,0.005693,0,58.14,NaN
117.5120,-0.078388,0.001623,0,58.14,NaN
117.5200,-0.080830,-0.020696,0,58.14,NaN
117.5280,-0.080830,-0.020926,0,58.14,NaN
117.5360,-0.075458,-0.019805,0,58.14,NaN
117.5440,-0.070085,-0.018490,0,58.14,NaN
117.5520,-0.070085,-0.018104,0,58.14,NaN
117.5600,-0.071062,-0.019041,0,58.14,NaN
117.5680,-0.073016,-0.020864,0,58.14,NaN
117.5760,-0.074481,-0.022656,0,58.14,NaN
117.5840,-0.073504,-0.023445,0,58.14,NaN
117.5920,-0.072527,-0.022500,0,58.14,NaN
117.6000,-0.069109,-0.019503,0,58.14,NaN
117.6080,-0.062271,-0.014685,0,58.14,NaN
117.6160,-0.055433,-0.008809,0,58.14,NaN
117.6240,-0.052991,0.038300,0,58.14,NaN
117.6320,-0.050061,0.042058,0,58.14,NaN
117.6400,-0.051526,0.044538,0,58.14,NaN
117.6480,-0.051038,0.045997,0,58.14,NaN
117.6560,-0.049573,0.046517,0,58.14,NaN
117.6640,-0.051038,0.045895,0,58.14,NaN
117.6720,-0.053480,0.043832,0,58.14,NaN
117.6800,-0.055922,0.040199,0,58.14,NaN
117.6880,-0.062759,0.035315,0,58.14,NaN
117.6960,-0.072527,0.030077,0,58.14,NaN
117.7040,-0.079365,0.025603,0,58.14,NaN
117.7120,-0.082784,0.022516,0,58.14,NaN
117.7200,-0.083272,0.020494,0,58.14,NaN
117.7280,-0.077411,-0.065693,0,58.14,NaN
117.7360,-0.070085,-0.061288,0,58.14,NaN
117.7440,-0.059829,-0.055164,0,58.14,NaN
117.7520,-0.051526,-0.048409,0,58.14,NaN
117.7600,-0.044200,-0.041664,0,58.14,NaN
117.7680,-0.036386,-0.035137,0,58.14,NaN
117.7760,-0.028571,-0.028902,0,58.14,NaN
117.7840,-0.020269,-0.023220,0,58.14,NaN
117.7920,-0.012943,-0.018677,0,58.14,NaN
117.8000,-0.006593,-0.016130,0,58.14,NaN
117.8080,-0.000244,-0.016392,0,58.14,NaN
117.8160,-0.000244,-0.019648,0,58.14,NaN
117.8240,-0.006105,-0.024921,0,58.14,NaN
117.8320,-0.015385,0.018500,0,58.14,NaN
117.8400,-0.020757,0.014235,0,58.14,NaN
117.8480,-0.020757,0.013536,0,58.14,NaN
117.8560,-0.012454,0.016807,0,58.14,NaN
117.8640,-0.004151,0.022941,0,58.14,NaN
117.8720,0.005128,0.030048,0,58.14,NaN
117.8800,0.009524,0.036227,0,58.14,NaN
117.8880,0.015873,0.039912,0,58.14,NaN
117.8960,0.018803,0.039970,0,58.14,NaN
117.9040,0.014896,0.035913,0,58.14,NaN
117.9120,0.008059,0.028112,0,58.14,NaN
117.9200,-0.004151,0.017665,0,58.14,NaN
117.9280,-0.011966,0.005937,0,58.14,NaN
117.9360,-0.020757,0.103382,0,58.14,NaN
117.9440,-0.020269,0.105721,0,58.14,NaN
117.9520,-0.016850,0.111102,0,58.14,NaN
117.9600,-0.012943,0.117216,0,58.14,NaN
117.9680,-0.008059,0.121002,0,58.14,NaN
117.9760,-0.012454,0.119796,0,58.14,NaN
117.9840,-0.023687,0.112444,0,58.14,NaN
117.9920,-0.041270,0.099863,0,58.14,NaN
118.0000,-0.064713,0.084763,0,58.14,NaN
118.0080,-0.084249,0.070585,0,58.14,NaN
118.0160,-0.098901,0.060032,0,58.14,NaN
118.0240,-0.105739,0.053884,0,58.14,NaN
118.0320,-0.107692,0.050717,0,58.14,NaN
118.0400,-0.104762,-0.054006,0,58.14,NaN
118.0480,-0.099878,-0.050269,0,58.14,NaN
118.0560,-0.095482,-0.045284,0,58.14,NaN
118.0640,-0.092063,-0.040191,0,58.14,NaN
118.0720,-0.090110,-0.035504,0,58.14,NaN
118.0800,-0.086691,-0.031367,0,58.14,NaN
118.0880,-0.084249,-0.027898,0,58.14,NaN
118.0960,-0.080830,-0.025303,0,58.14,NaN
118.1040,-0.081319,-0.023715,0,58.14,NaN
118.1120,-0.083272,-0.022982,0,58.14,NaN
118.1200,-0.085714,-0.022719,0,58.14,NaN
118.1280,-0.085714,-0.022576,0,58.14,NaN
118.1360,-0.086691,-0.022417,0,58.14,NaN
118.1440,-0.088645,-0.033566,0,58.14,NaN
118.1520,-0.090110,-0.033013,0,58.14,NaN
118.1600,-0.089133,-0.031450,0,58.14,NaN
118.1680,-0.085714,-0.029188,0,58.14,NaN
118.1760,-0.084249,-0.026897,0,58.14,NaN
118.1840,-0.083272,-0.025224,0,58.14,NaN
118.1920,-0.085714,-0.024456,0,58.14,NaN
118.2000,-0.086203,-0.024433,0,58.14,NaN
118.2080,-0.089133,-0.024634,0,58.14,NaN
118.2160,-0.091087,-0.024304,0,58.14,NaN
118.2240,-0.093529,-0.022712,0,58.14,NaN
118.2320,-0.090598,-0.019578,0,58.14,NaN
118.2400,-0.085714,-0.015381,0,58.14,NaN
118.2480,-0.076435,0.041065,0,58.14,NaN
118.2560,-0.070085,0.048957,0,58.14,NaN
118.2640,-0.068132,0.054586,0,58.14,NaN
118.2720,-0.070085,0.057457,0,58.14,NaN
118.2800,-0.074969,0.058081,0,58.14,NaN
118.2880,-0.080342,0.057541,0,58.14,NaN
118.2960,-0.085714,0.056797,0,58.14,NaN
118.3040,-0.086203,0.056067,0,58.14,NaN
118.3120,-0.087179,0.054652,0,58.14,NaN
118.3200,-0.091087,0.051385,0,58.14,NaN
118.3280,-0.096947,0.045338,0,58.14,NaN
118.3360,-0.106716,0.036421,0,58.14,NaN
118.3440,-0.121856,0.025660,0,58.14,NaN
118.3520,-0.141392,-0.806671,0,58.14,NaN
118.3600,-0.158486,-0.855475,0,58.14,NaN
118.3680,-0.165812,-0.896950,0,58.14,NaN
118.3760,-0.162393,-0.926058,0,58.14,NaN
118.3840,-0.138462,-0.938763,0,58.14,NaN
118.3920,-0.096459,-0.932519,0,58.14,NaN
118.4000,-0.036386,-0.906250,0,58.14,NaN
118.4080,0.043712,-0.860106,0,58.14,NaN
118.4160,0.142369,-0.795247,0,58.14,NaN
118.4240,0.249817,-0.713850,0,58.14,NaN
118.4320,0.388034,-0.619330,0,58.14,NaN
118.4400,0.523810,-0.516187,0,58.14,NaN
118.4480,0.662027,-0.409177,0,58.14,NaN
118.4560,0.820269,0.857240,0,58.14,NaN
118.4640,0.968254,0.940771,0,58.14,NaN
118.4720,1.000000,0.991166,0,58.14,NaN
118.4800,1.000000,1.000000,1,58.14,NaN
118.4880,0.919414,0.966016,1,58.14,NaN
118.4960,0.726984,0.896171,0,58.14,NaN
118.5040,0.529182,0.804147,0,58.14,NaN
118.5120,0.335775,0.706116,0,58.14,NaN
118.5200,0.150672,0.616641,0,58.14,NaN
118.5280,-0.010501,0.546455,0,58.14,NaN
118.5360,-0.131136,0.500935,0,58.14,NaN
118.5440,-0.201465,0.478536,0,58.14,NaN
118.5520,-0.223932,0.470357,0,58.14,NaN
118.5600,-0.206838,-0.173204,0,58.14,NaN
118.5680,-0.161416,-0.134171,0,58.14,NaN
118.5760,-0.107204,-0.085018,0,58.14,NaN
118.5840,-0.062759,-0.039147,0,58.14,NaN
118.5920,-0.035409,-0.005705,0,58.14,NaN
118.6000,-0.025641,0.011558,0,58.14,NaN
118.6080,-0.030037,0.013698,0,58.14,NaN
118.6160,-0.044200,0.004964,0,58.14,NaN
118.6240,-0.062759,-0.009085,0,58.14,NaN
118.6320,-0.080342,-0.023310,0,58.14,NaN
118.6400,-0.091087,-0.034338,0,58.14,NaN
118.6480,-0.094994,-0.041260,0,58.14,NaN
118.6560,-0.094994,-0.045434,0,58.14,NaN
118.6640,-0.095482,-0.130635,0,58.14,NaN
118.6720,-0.096459,-0.134318,0,58.14,NaN
118.6800,-0.098413,-0.138321,0,58.14,NaN
118.6880,-0.099389,-0.142672,0,58.14,NaN
118.6960,-0.101343,-0.146777,0,58.14,NaN
118.7040,-0.103785,-0.149545,0,58.14,NaN
118.7120,-0.108181,-0.149618,0,58.14,NaN
118.7200,-0.105739,-0.145847,0,58.14,NaN
118.7280,-0.101832,-0.137725,0,58.14,NaN
118.7360,-0.098901,-0.125406,0,58.14,NaN
118.7440,-0.096459,-0.109424,0,58.14,NaN
118.7520,-0.097924,-0.090578,0,58.14,NaN
118.7600,-0.096947,-0.070072,0,58.14,NaN
118.7680,-0.097924,-0.125456,0,58.14,NaN
118.7760,-0.099389,-0.106326,0,58.14,NaN
118.7840,-0.098413,-0.086270,0,58.14,NaN
118.7920,-0.097924,-0.066716,0,58.14,NaN
118.8000,-0.094017,-0.049328,0,58.14,NaN
118.8080,-0.093040,-0.035571,0,58.14,NaN
118.8160,-0.092063,-0.026292,0,58.14,NaN
118.8240,-0.093040,-0.021574,0,58.14,NaN
118.8320,-0.093040,-0.020903,0,58.14,NaN
118.8400,-0.092552,-0.023460,0,58.14,NaN
118.8480,-0.093529,-0.028353,0,58.14,NaN
118.8560,-0.094017,-0.034733,0,58.14,NaN
118.8640,-0.095482,-0.041857,0,58.14,NaN
118.8720,-0.095971,-0.013404,0,58.14,NaN
118.8800,-0.090110,-0.011952,0,58.14,NaN
118.8880,-0.085714,-0.009638,0,58.14,NaN
118.8960,-0.082784,-0.007880,0,58.14,NaN
118.9040,-0.084249,-0.007720,0,58.14,NaN
118.9120,-0.088156,-0.009350,0,58.14,NaN
118.9200,-0.092063,-0.012163,0,58.14,NaN
118.9280,-0.094505,-0.015109,0,58.14,NaN
118.9360,-0.096947,-0.017028,0,58.14,NaN
118.9440,-0.097924,-0.016914,0,58.14,NaN
118.9520,-0.094505,-0.014250,0,58.14,NaN
118.9600,-0.086691,-0.009297,0,58.14,NaN
118.9680,-0.079853,-0.003032,0,58.14,NaN
118.9760,-0.072527,0.003407,0,58.14,NaN
118.9840,-0.070085,0.005890,0,58.14,NaN
118.9920,-0.071551,0.005996,0,58.14,NaN
119.0000,-0.073016,0.004248,0,58.14,NaN
119.0080,-0.073016,0.001603,0,58.14,NaN
119.0160,-0.077411,-0.000843,0,58.14,NaN
119.0240,-0.077900,-0.002111,0,58.14,NaN
119.0320,-0.077411,-0.001733,0,58.14,NaN
119.0400,-0.070574,-0.000043,0,58.14,NaN
119.0480,-0.067643,0.002028,0,58.14,NaN
119.0560,-0.064225,0.003553,0,58.14,NaN
119.0640,-0.063736,0.004116,0,58.14,NaN
119.0720,-0.064225,0.003961,0,58.14,NaN
119.0800,-0.063736,0.001942,0,58.14,NaN
119.0880,-0.063736,0.000591,0,58.14,NaN
119.0960,-0.064225,-0.000412,0,58.14,NaN
119.1040,-0.064713,-0.000506,0,58.14,NaN
119.1120,-0.062271,0.000634,0,58.14,NaN
119.1200,-0.058852,0.002859,0,58.14,NaN
119.1280,-0.053480,0.005510,0,58.14,NaN
119.1360,-0.049084,0.007665,0,58.14,NaN
119.1440,-0.047131,0.008565,0,58.14,NaN
119.1520,-0.047619,0.007944,0,58.14,NaN
119.1600,-0.049084,0.006061,0,58.14,NaN
119.1680,-0.051038,0.003427,0,58.14,NaN
119.1760,-0.051038,0.000494,0,58.14,NaN
119.1840,-0.052015,0.004172,0,58.14,NaN
119.1920,-0.047619,0.006090,0,58.14,NaN
119.2000,-0.042247,0.008972,0,58.14,NaN
119.2080,-0.036874,0.011639,0,58.14,NaN
119.2160,-0.033944,0.012960,0,58.14,NaN
119.2240,-0.033944,0.012403,0,58.14,NaN
119.2320,-0.037363,0.010220,0,58.14,NaN
119.2400,-0.037851,0.007205,0,58.14,NaN
119.2480,-0.039316,0.004295,0,58.14,NaN
119.2560,-0.040781,0.002330,0,58.14,NaN
119.2640,-0.039805,0.001884,0,58.14,NaN
119.2720,-0.038828,0.003051,0,58.14,NaN
119.2800,-0.032967,0.005276,0,58.14,NaN
119.2880,-0.028571,-0.004090,0,58.14,NaN
119.2960,-0.025641,-0.001633,0,58.14,NaN
119.3040,-0.022711,0.000248,0,58.14,NaN
119.3120,-0.020269,0.001304,0,58.14,NaN
119.3200,-0.015873,0.001466,0,58.14,NaN
119.3280,-0.017338,0.000953,0,58.14,NaN
119.3360,-0.016850,0.000321,0,58.14,NaN
119.3440,-0.016850,0.000191,0,58.14,NaN
119.3520,-0.013919,0.000799,0,58.14,NaN
119.3600,-0.008547,0.001772,0,58.14,NaN
119.3680,-0.005128,0.002377,0,58.14,NaN
119.3760,-0.003175,0.002093,0,58.14,NaN
119.3840,-0.005128,0.001064,0,58.14,NaN
119.3920,-0.007570,0.003606,0,58.14,NaN
119.4000,-0.008059,0.001068,0,58.14,NaN
119.4080,-0.007570,-0.000726,0,58.14,NaN
119.4160,-0.008059,-0.001144,0,58.14,NaN
119.4240,-0.006593,0.000140,0,58.14,NaN
119.4320,-0.001709,0.002878,0,58.14,NaN
119.4400,0.006593,0.006116,0,58.14,NaN
119.4480,0.010989,0.008593,0,58.14,NaN
119.4560,0.012454,0.009427,0,58.14,NaN
119.4640,0.010501,0.008505,0,58.14,NaN
119.4720,0.009035,0.006280,0,58.14,NaN
119.4800,0.010012,0.003304,0,58.14,NaN
119.4880,0.008059,-0.000010,0,58.14,NaN
119.4960,0.008059,0.046515,0,58.14,NaN
119.5040,0.006593,0.046803,0,58.14,NaN
119.5120,0.007082,0.047420,0,58.14,NaN
119.5200,0.007570,0.047948,0,58.14,NaN
119.5280,0.008059,0.047799,0,58.14,NaN
119.5360,0.007082,0.046536,0,58.14,NaN
119.5440,-0.000244,0.044167,0,58.14,NaN
119.5520,-0.002686,0.041043,0,58.14,NaN
119.5600,-0.006105,0.037486,0,58.14,NaN
119.5680,-0.009035,0.033633,0,58.14,NaN
119.5760,-0.014408,0.029627,0,58.14,NaN
119.5840,-0.022222,0.025709,0,58.14,NaN
119.5920,-0.023687,0.021998,0,58.14,NaN
119.6000,-0.027106,0.038965,0,58.14,NaN
119.6080,-0.031502,0.035718,0,58.14,NaN
119.6160,-0.037363,0.031390,0,58.14,NaN
119.6240,-0.046154,0.026025,0,58.14,NaN
119.6320,-0.053968,0.020146,0,58.14,NaN
119.6400,-0.061783,0.014578,0,58.14,NaN
119.6480,-0.070085,0.010229,0,58.14,NaN
119.6560,-0.074969,0.007815,0,58.14,NaN
119.6640,-0.078388,0.007545,0,58.14,NaN
119.6720,-0.078388,0.008926,0,58.14,NaN
119.6800,-0.075458,0.010926,0,58.14,NaN
119.6880,-0.076435,0.012588,0,58.14,NaN
119.6960,-0.082295,0.013714,0,58.14,NaN
119.7040,-0.085714,-0.004757,0,58.14,NaN
119.7120,-0.088645,-0.007466,0,58.14,NaN
119.7200,-0.094994,-0.010829,0,58.14,NaN
119.7280,-0.101343,-0.014177,0,58.14,NaN
119.7360,-0.105739,-0.016659,0,58.14,NaN
119.7440,-0.112088,-0.017479,0,58.14,NaN
119.7520,-0.115018,-0.016265,0,58.14,NaN
119.7600,-0.110623,-0.013440,0,58.14,NaN
119.7680,-0.109646,-0.010141,0,58.14,NaN
119.7760,-0.109646,-0.007548,0,58.14,NaN
119.7840,-0.114530,-0.006260,0,58.14,NaN
119.7920,-0.116972,-0.006195,0,58.14,NaN
119.8000,-0.121856,-0.006825,0,58.14,NaN
119.8080,-0.125763,-0.037416,0,58.14,NaN
119.8160,-0.127228,-0.036154,0,58.14,NaN
119.8240,-0.125275,-0.032803,0,58.14,NaN
119.8320,-0.119902,-0.027990,0,58.14,NaN
119.8400,-0.116972,-0.022872,0,58.14,NaN
119.8480,-0.113553,-0.018573,0,58.14,NaN
119.8560,-0.114530,-0.015720,0,58.14,NaN
119.8640,-0.116972,-0.014320,0,58.14,NaN
119.8720,-0.118437,-0.014005,0,58.14,NaN
119.8800,-0.119902,-0.014357,0,58.14,NaN
119.8880,-0.123810,-0.015039,0,58.14,NaN
119.8960,-0.125763,-0.015814,0,58.14,NaN
119.9040,-0.128205,-0.016582,0,58.14,NaN
119.9120,-0.126252,-0.026962,0,58.14,NaN
119.9200,-0.119902,-0.022818,0,58.14,NaN
119.9280,-0.114530,-0.018623,0,58.14,NaN
119.9360,-0.112088,-0.015556,0,58.14,NaN
119.9440,-0.114042,-0.014135,0,58.14,NaN
119.9520,-0.114042,-0.014147,0,58.14,NaN
119.9600,-0.115507,-0.014970,0,58.14,NaN
119.9680,-0.116972,-0.015889,0,58.14,NaN
119.9760,-0.116972,-0.016270,0,58.14,NaN
119.9840,-0.117460,-0.015675,0,58.14,NaN
119.9920,-0.115995,-0.013939,0,58.14,NaN
120.0000,-0.112576,-0.011225,0,58.14,NaN
120.0080,-0.109646,-0.007968,0,58.14,NaN
