time_s,raw_normalised,filtered,r_peak,bpm,hrv_ms
0.0000,-0.049573,0.082250,1,NaN,NaN
0.0080,-0.076923,-0.255876,1,NaN,NaN
0.0160,-0.102808,-0.556048,0,NaN,NaN
0.0240,-0.121856,-0.788383,0,NaN,NaN
0.0320,-0.133089,-0.936731,0,NaN,NaN
0.0400,-0.137973,-1.000000,0,NaN,NaN
0.0480,-0.138950,-0.987875,0,NaN,NaN
0.0560,-0.137485,-0.915373,0,NaN,NaN
0.0640,-0.130159,-0.800588,0,NaN,NaN
0.0720,-0.121856,-0.664332,0,NaN,NaN
0.0800,-0.110623,-0.527257,0,NaN,NaN
0.0880,-0.103297,-0.402781,0,NaN,NaN
0.0960,-0.101832,-0.290226,0,NaN,NaN
0.1040,-0.103785,-0.427180,0,NaN,NaN
0.1120,-0.107692,-0.457396,0,NaN,NaN
0.1200,-0.116484,-0.499426,0,NaN,NaN
0.1280,-0.119902,-0.528083,0,NaN,NaN
0.1360,-0.124298,-0.524323,0,NaN,NaN
0.1440,-0.117949,-0.482601,0,NaN,NaN
0.1520,-0.114530,-0.412250,0,NaN,NaN
0.1600,-0.106716,-0.332311,0,NaN,NaN
0.1680,-0.102808,-0.263411,0,NaN,NaN
0.1760,-0.102320,-0.220738,0,NaN,NaN
0.1840,-0.101832,-0.210553,0,NaN,NaN
0.1920,-0.105739,-0.229687,0,NaN,NaN
0.2000,-0.111600,-0.266274,0,NaN,NaN
0.2080,-0.116972,-0.540807,0,NaN,NaN
0.2160,-0.121368,-0.565226,0,NaN,NaN
0.2240,-0.120391,-0.561853,0,NaN,NaN
0.2320,-0.116972,-0.531945,0,NaN,NaN
0.2400,-0.113553,-0.485992,0,NaN,NaN
0.2480,-0.107692,-0.439078,0,NaN,NaN
0.2560,-0.104274,-0.404921,0,NaN,NaN
0.2640,-0.103785,-0.389520,0,NaN,NaN
0.2720,-0.106716,-0.387500,0,NaN,NaN
0.2800,-0.110134,-0.384829,0,NaN,NaN
0.2880,-0.108669,-0.367184,0,NaN,NaN
0.2960,-0.106716,-0.328557,0,NaN,NaN
0.3040,-0.100855,-0.275033,0,NaN,NaN
0.3120,-0.094017,-0.179665,0,NaN,NaN
0.3200,-0.091087,-0.138717,0,NaN,NaN
0.3280,-0.092063,-0.121828,0,NaN,NaN
0.3360,-0.093529,-0.126980,0,NaN,NaN
0.3440,-0.094017,-0.144857,0,NaN,NaN
0.3520,-0.097924,-0.162911,0,NaN,NaN
0.3600,-0.098901,-0.169292,0,NaN,NaN
0.3680,-0.097436,-0.157581,0,NaN,NaN
0.3760,-0.094505,-0.130049,0,NaN,NaN
0.3840,-0.088645,-0.096582,0,NaN,NaN
0.3920,-0.086203,-0.068994,0,NaN,NaN
0.4000,-0.086203,-0.053719,0,NaN,NaN
0.4080,-0.088156,-0.048076,0,NaN,NaN
0.4160,-0.092063,-0.222320,0,NaN,NaN
0.4240,-0.094505,-0.253637,0,NaN,NaN
0.4320,-0.094994,-0.278216,0,NaN,NaN
0.4400,-0.094994,-0.290446,0,NaN,NaN
0.4480,-0.095482,-0.288473,0,NaN,NaN
0.4560,-0.093529,-0.274302,0,NaN,NaN
0.4640,-0.088645,-0.254078,0,NaN,NaN
0.4720,-0.086203,-0.235244,0,NaN,NaN
0.4800,-0.085714,-0.221093,0,NaN,NaN
0.4880,-0.086203,-0.208122,0,NaN,NaN
0.4960,-0.085714,-0.189143,0,NaN,NaN
0.5040,-0.082295,-0.159591,0,NaN,NaN
0.5120,-0.076435,-0.121940,0,NaN,NaN
0.5200,-0.070085,0.160412,0,NaN,NaN
0.5280,-0.064713,0.225023,0,NaN,NaN
0.5360,-0.059341,0.276529,0,NaN,NaN
0.5440,-0.054945,0.305003,0,NaN,NaN
0.5520,-0.055922,0.306242,0,NaN,NaN
0.5600,-0.058852,0.284589,0,NaN,NaN
0.5680,-0.063248,0.251610,0,NaN,NaN
0.5760,-0.067643,0.220759,0,NaN,NaN
0.5840,-0.069109,0.200495,0,NaN,NaN
0.5920,-0.065690,0.189835,0,NaN,NaN
0.6000,-0.064225,0.180811,0,NaN,NaN
0.6080,-0.067155,0.166509,0,NaN,NaN
0.6160,-0.070085,0.146727,0,NaN,NaN
0.6240,-0.072527,-0.193843,0,NaN,NaN
0.6320,-0.077411,-0.245650,0,NaN,NaN
0.6400,-0.079365,-0.285754,0,NaN,NaN
0.6480,-0.080830,-0.304059,0,NaN,NaN
0.6560,-0.078877,-0.295621,0,NaN,NaN
0.6640,-0.073504,-0.262701,0,NaN,NaN
0.6720,-0.069109,-0.213871,0,NaN,NaN
0.6800,-0.063248,-0.161154,0,NaN,NaN
0.6880,-0.057387,-0.117027,0,NaN,NaN
0.6960,-0.054457,-0.091049,0,NaN,NaN
0.7040,-0.053480,-0.086605,0,NaN,NaN
0.7120,-0.054457,-0.100199,0,NaN,NaN
0.7200,-0.054457,-0.123788,0,NaN,NaN
0.7280,-0.056899,0.426746,0,NaN,NaN
0.7360,-0.057875,0.430004,0,NaN,NaN
0.7440,-0.056410,0.445543,0,NaN,NaN
0.7520,-0.054457,0.475030,0,NaN,NaN
0.7600,-0.052503,0.515517,0,NaN,NaN
0.7680,-0.049084,0.559195,0,NaN,NaN
0.7760,-0.045177,0.593230,0,NaN,NaN
0.7840,-0.041758,0.602439,0,NaN,NaN
0.7920,-0.045665,0.575787,0,NaN,NaN
0.8000,-0.053968,0.512529,0,NaN,NaN
0.8080,-0.066667,0.422248,0,NaN,NaN
0.8160,-0.076923,0.318199,0,NaN,NaN
0.8240,-0.085226,0.209901,0,NaN,NaN
0.8320,-0.087179,0.005087,0,NaN,NaN
0.8400,-0.092552,-0.012100,0,NaN,NaN
0.8480,-0.090598,0.005001,0,NaN,NaN
0.8560,-0.085714,0.048675,0,NaN,NaN
0.8640,-0.082784,0.107601,0,NaN,NaN
0.8720,-0.078877,0.169959,0,NaN,NaN
0.8800,-0.074481,0.224220,0,NaN,NaN
0.8880,-0.071062,0.258925,0,NaN,NaN
0.8960,-0.070085,0.264559,0,NaN,NaN
0.9040,-0.075458,0.236834,0,NaN,NaN
0.9120,-0.080830,0.178049,0,NaN,NaN
0.9200,-0.088645,0.095692,0,NaN,NaN
0.9280,-0.097924,0.000633,0,NaN,NaN
0.9360,-0.101832,0.016857,0,NaN,NaN
0.9440,-0.106227,-0.014577,0,NaN,NaN
0.9520,-0.106716,-0.018545,0,NaN,NaN
0.9600,-0.104762,0.002161,0,NaN,NaN
0.9680,-0.102320,0.040000,0,NaN,NaN
0.9760,-0.098901,0.084952,0,NaN,NaN
0.9840,-0.096459,0.126683,0,NaN,NaN
0.9920,-0.094994,0.156155,0,NaN,NaN
1.0000,-0.095971,0.166650,0,NaN,NaN
1.0080,-0.098413,0.154031,0,NaN,NaN
1.0160,-0.101343,0.116922,0,NaN,NaN
1.0240,-0.108181,0.058098,0,NaN,NaN
1.0320,-0.117460,-0.013834,0,NaN,NaN
1.0400,-0.125763,-0.470067,0,NaN,NaN
1.0480,-0.133578,-0.572393,0,NaN,NaN
1.0560,-0.140415,-0.659518,0,NaN,NaN
1.0640,-0.145788,-0.721300,0,NaN,NaN
1.0720,-0.149206,-0.749273,0,NaN,NaN
1.0800,-0.148230,-0.738567,0,NaN,NaN
1.0880,-0.146764,-0.690396,0,NaN,NaN
1.0960,-0.137485,-0.613818,0,NaN,NaN
1.1040,-0.131136,-0.524724,0,NaN,NaN
1.1120,-0.121368,-0.441180,0,NaN,NaN
1.1200,-0.115507,-0.376840,0,NaN,NaN
1.1280,-0.113553,-0.335254,0,NaN,NaN
1.1360,-0.112088,-0.308624,0,NaN,NaN
1.1440,-0.112576,-0.084875,1,NaN,NaN
1.1520,-0.116972,-0.165081,0,NaN,NaN
1.1600,-0.125763,-0.286551,0,NaN,NaN
1.1680,-0.141392,-0.429785,0,NaN,NaN
1.1760,-0.155556,-0.563803,0,NaN,NaN
1.1840,-0.163858,-0.656416,0,NaN,NaN
1.1920,-0.165324,-0.685609,0,NaN,NaN
1.2000,-0.164347,-0.645602,0,NaN,NaN
1.2080,-0.154579,-0.548329,0,NaN,NaN
1.2160,-0.139438,-0.421142,0,NaN,NaN
1.2240,-0.124298,-0.296985,0,NaN,NaN
1.2320,-0.115995,-0.197639,0,NaN,NaN
1.2400,-0.116972,-0.120883,0,NaN,NaN
1.2480,-0.123810,-0.128447,0,NaN,NaN
1.2560,-0.132601,-0.218551,0,NaN,NaN
1.2640,-0.142369,-0.314954,0,NaN,NaN
1.2720,-0.148230,-0.389758,0,NaN,NaN
1.2800,-0.148718,-0.427692,0,NaN,NaN
1.2880,-0.147741,-0.428219,0,NaN,NaN
1.2960,-0.141880,-0.401520,0,NaN,NaN
1.3040,-0.138950,-0.361249,0,NaN,NaN
1.3120,-0.135043,-0.317875,0,NaN,NaN
1.3200,-0.132601,-0.275846,0,NaN,NaN
1.3280,-0.129182,-0.234914,0,NaN,NaN
1.3360,-0.125275,-0.193374,0,NaN,NaN
1.3440,-0.119902,-0.150765,0,NaN,NaN
1.3520,-0.116972,0.014868,0,NaN,NaN
1.3600,-0.116484,0.029311,0,NaN,NaN
1.3680,-0.115995,0.040837,0,NaN,NaN
1.3760,-0.114042,0.055080,0,NaN,NaN
1.3840,-0.109158,0.073677,0,NaN,NaN
1.3920,-0.105739,0.093862,0,NaN,NaN
1.4000,-0.103785,0.111595,0,NaN,NaN
1.4080,-0.103297,0.123887,0,NaN,NaN
1.4160,-0.100855,0.128211,0,NaN,NaN
1.4240,-0.100855,0.121530,0,NaN,NaN
1.4320,-0.101343,0.101267,0,NaN,NaN
1.4400,-0.102808,0.067521,0,NaN,NaN
1.4480,-0.107692,0.024941,0,NaN,NaN
1.4560,-0.108669,0.319834,0,NaN,NaN
1.4640,-0.108669,0.332579,0,NaN,NaN
1.4720,-0.103785,0.365722,0,NaN,NaN
1.4800,-0.100855,0.414853,0,NaN,NaN
1.4880,-0.094505,0.470650,0,NaN,NaN
1.4960,-0.089133,0.520508,0,NaN,NaN
1.5040,-0.085714,0.550872,0,NaN,NaN
1.5120,-0.083272,0.550727,0,NaN,NaN
1.5200,-0.087179,0.515554,0,NaN,NaN
1.5280,-0.095482,0.449583,0,NaN,NaN
1.5360,-0.103785,0.363499,0,NaN,NaN
1.5440,-0.113553,0.268573,0,NaN,NaN
1.5520,-0.119414,0.171651,0,NaN,NaN
1.5600,-0.119902,-0.535715,0,NaN,NaN
1.5680,-0.116484,-0.536358,0,NaN,NaN
1.5760,-0.109158,-0.502062,0,NaN,NaN
1.5840,-0.101343,-0.445637,0,NaN,NaN
1.5920,-0.094017,-0.379950,0,NaN,NaN
1.6000,-0.085226,-0.315150,0,NaN,NaN
1.6080,-0.078388,-0.258100,0,NaN,NaN
1.6160,-0.072527,-0.212673,0,NaN,NaN
1.6240,-0.067643,-0.180942,0,NaN,NaN
1.6320,-0.063248,-0.165037,0,NaN,NaN
1.6400,-0.058852,-0.167804,0,NaN,NaN
1.6480,-0.055433,-0.190148,0,NaN,NaN
1.6560,-0.059829,-0.226139,0,NaN,NaN
1.6640,-0.067643,0.134507,0,NaN,NaN
1.6720,-0.080342,-0.037778,0,NaN,NaN
1.6800,-0.098901,-0.241660,0,NaN,NaN
1.6880,-0.116972,-0.443930,0,NaN,NaN
1.6960,-0.132601,-0.606741,0,NaN,NaN
1.7040,-0.141880,-0.699420,0,NaN,NaN
1.7120,-0.137973,-0.709285,0,NaN,NaN
1.7200,-0.130159,-0.645352,0,NaN,NaN
1.7280,-0.118437,-0.532981,0,NaN,NaN
1.7360,-0.102808,-0.403823,0,NaN,NaN
1.7440,-0.091087,-0.284575,0,NaN,NaN
1.7520,-0.084737,-0.187207,0,NaN,NaN
1.7600,-0.079365,-0.106260,0,NaN,NaN
1.7680,-0.081319,0.172665,0,NaN,NaN
1.7760,-0.084737,0.161520,0,NaN,NaN
1.7840,-0.085714,0.149976,0,NaN,NaN
1.7920,-0.085714,0.152987,0,NaN,NaN
1.8000,-0.082784,0.175556,0,NaN,NaN
1.8080,-0.078388,0.212998,0,NaN,NaN
1.8160,-0.075458,0.254475,0,NaN,NaN
1.8240,-0.073016,0.287135,0,NaN,NaN
1.8320,-0.070574,0.298978,0,NaN,NaN
1.8400,-0.072527,0.281306,0,NaN,NaN
1.8480,-0.075458,0.231252,0,NaN,NaN
1.8560,-0.082295,0.153361,0,NaN,NaN
1.8640,-0.090598,0.059323,0,NaN,NaN
1.8720,-0.100366,-0.276997,0,NaN,NaN
1.8800,-0.106227,-0.374594,0,NaN,NaN
1.8880,-0.112088,-0.443346,0,NaN,NaN
1.8960,-0.114530,-0.472340,0,NaN,NaN
1.9040,-0.112576,-0.457507,0,NaN,NaN
1.9120,-0.106227,-0.403750,0,NaN,NaN
1.9200,-0.098901,-0.324481,0,NaN,NaN
1.9280,-0.090110,-0.238499,0,NaN,NaN
1.9360,-0.083761,-0.165835,0,NaN,NaN
1.9440,-0.078388,-0.123506,0,NaN,NaN
1.9520,-0.076923,-0.120932,0,NaN,NaN
1.9600,-0.082295,-0.155698,0,NaN,NaN
1.9680,-0.088156,-0.212951,0,NaN,NaN
1.9760,-0.092063,0.168619,0,NaN,NaN
1.9840,-0.093529,0.148881,0,NaN,NaN
1.9920,-0.093529,0.154757,0,NaN,NaN
2.0000,-0.090110,0.188687,0,NaN,NaN
2.0080,-0.085714,0.245302,0,NaN,NaN
2.0160,-0.079365,0.311048,0,NaN,NaN
2.0240,-0.069597,0.365541,0,NaN,NaN
2.0320,-0.065201,0.388273,0,NaN,NaN
2.0400,-0.070574,0.369161,0,NaN,NaN
2.0480,-0.079365,0.313412,0,NaN,NaN
2.0560,-0.086691,0.235686,0,NaN,NaN
2.0640,-0.095971,0.150068,0,NaN,NaN
2.0720,-0.100855,0.063779,0,NaN,NaN
2.0800,-0.102320,-0.145282,0,NaN,NaN
2.0880,-0.102808,-0.161343,0,NaN,NaN
2.0960,-0.101343,-0.157268,0,NaN,NaN
2.1040,-0.101343,-0.135902,0,NaN,NaN
2.1120,-0.101343,-0.097648,0,NaN,NaN
2.1200,-0.095971,-0.044242,0,NaN,NaN
2.1280,-0.090598,0.016812,0,NaN,NaN
2.1360,-0.085226,0.072096,0,NaN,NaN
2.1440,-0.080830,0.106360,0,NaN,NaN
2.1520,-0.082295,0.108054,0,NaN,NaN
2.1600,-0.084737,0.073444,0,NaN,NaN
2.1680,-0.091087,0.007816,0,NaN,NaN
2.1760,-0.098901,-0.075677,0,NaN,NaN
2.1840,-0.102808,-0.147208,0,NaN,NaN
2.1920,-0.105739,-0.177314,0,NaN,NaN
2.2000,-0.103785,-0.165871,0,NaN,NaN
2.2080,-0.101343,-0.108909,0,NaN,NaN
2.2160,-0.092063,-0.014110,0,NaN,NaN
2.2240,-0.078877,0.097108,0,NaN,NaN
2.2320,-0.066667,0.194043,0,NaN,NaN
2.2400,-0.061294,0.248516,1,NaN,NaN
2.2480,-0.063736,0.246849,0,NaN,NaN
2.2560,-0.070574,0.194086,0,NaN,NaN
2.2640,-0.082295,0.108606,0,NaN,NaN
2.2720,-0.091087,0.010563,0,NaN,NaN
2.2800,-0.094505,-0.088787,0,NaN,NaN
2.2880,-0.093529,-0.277150,0,NaN,NaN
2.2960,-0.092552,-0.293841,0,NaN,NaN
2.3040,-0.090110,-0.301480,0,NaN,NaN
2.3120,-0.092063,-0.308170,0,NaN,NaN
2.3200,-0.093529,-0.314191,0,NaN,NaN
2.3280,-0.094017,-0.314434,0,NaN,NaN
2.3360,-0.092552,-0.303673,0,NaN,NaN
2.3440,-0.090110,-0.280250,0,NaN,NaN
2.3520,-0.086203,-0.247034,0,NaN,NaN
2.3600,-0.080830,-0.210345,0,NaN,NaN
2.3680,-0.076435,-0.177118,0,NaN,NaN
2.3760,-0.073016,-0.151200,0,NaN,NaN
2.3840,-0.071551,-0.131091,0,NaN,NaN
2.3920,-0.071062,0.187221,0,NaN,NaN
2.4000,-0.073016,0.187113,0,NaN,NaN
2.4080,-0.073993,0.186084,0,NaN,NaN
2.4160,-0.072527,0.186574,0,NaN,NaN
2.4240,-0.070085,0.185068,0,NaN,NaN
2.4320,-0.070574,0.175480,0,NaN,NaN
2.4400,-0.073016,0.154850,0,NaN,NaN
2.4480,-0.077411,0.126182,0,NaN,NaN
2.4560,-0.080342,0.096813,0,NaN,NaN
2.4640,-0.082295,0.074790,0,NaN,NaN
2.4720,-0.085226,0.065810,0,NaN,NaN
2.4800,-0.082784,0.070776,0,NaN,NaN
2.4880,-0.080830,0.084731,0,NaN,NaN
2.4960,-0.078877,-0.198708,0,NaN,NaN
2.5040,-0.077900,-0.194174,0,NaN,NaN
2.5120,-0.077411,-0.191455,0,NaN,NaN
2.5200,-0.074481,-0.189794,0,NaN,NaN
2.5280,-0.075458,-0.186830,0,NaN,NaN
2.5360,-0.074969,-0.179239,0,NaN,NaN
2.5440,-0.073016,-0.164897,0,NaN,NaN
2.5520,-0.070085,-0.144913,0,NaN,NaN
2.5600,-0.067643,-0.123215,0,NaN,NaN
2.5680,-0.064713,-0.104570,0,NaN,NaN
2.5760,-0.061783,-0.092480,0,NaN,NaN
2.5840,-0.061783,-0.087485,0,NaN,NaN
2.5920,-0.060317,-0.086967,0,NaN,NaN
2.6000,-0.060806,-0.049770,0,NaN,NaN
2.6080,-0.061294,-0.069146,0,NaN,NaN
2.6160,-0.062759,-0.091355,0,NaN,NaN
2.6240,-0.063248,-0.112671,0,NaN,NaN
2.6320,-0.063736,-0.130096,0,NaN,NaN
2.6400,-0.062271,-0.141689,0,NaN,NaN
2.6480,-0.062759,-0.145897,0,NaN,NaN
2.6560,-0.062271,-0.141305,0,NaN,NaN
2.6640,-0.058852,-0.127995,0,NaN,NaN
2.6720,-0.055433,-0.108346,0,NaN,NaN
2.6800,-0.053968,-0.085539,0,NaN,NaN
2.6880,-0.050061,-0.061852,0,NaN,NaN
2.6960,-0.048107,-0.038266,0,NaN,NaN
2.7040,-0.047131,0.090524,0,NaN,NaN
2.7120,-0.047131,0.091092,0,NaN,NaN
2.7200,-0.047131,0.083502,0,NaN,NaN
2.7280,-0.048107,0.069919,0,NaN,NaN
2.7360,-0.049573,0.052520,0,NaN,NaN
2.7440,-0.050061,0.032888,0,NaN,NaN
2.7520,-0.051038,0.011885,0,NaN,NaN
2.7600,-0.051526,-0.009415,0,NaN,NaN
2.7680,-0.051526,-0.028009,0,NaN,NaN
2.7760,-0.053968,-0.037596,0,NaN,NaN
2.7840,-0.054457,-0.030067,0,NaN,NaN
2.7920,-0.052991,-0.001250,0,NaN,NaN
2.8000,-0.044200,0.042900,0,NaN,NaN
2.8080,-0.037851,-0.212820,0,NaN,NaN
2.8160,-0.028083,-0.153357,0,NaN,NaN
2.8240,-0.023687,-0.105550,0,NaN,NaN
2.8320,-0.020269,-0.075896,0,NaN,NaN
2.8400,-0.017827,-0.064245,0,NaN,NaN
2.8480,-0.016361,-0.066132,0,NaN,NaN
2.8560,-0.016361,-0.075345,0,NaN,NaN
2.8640,-0.013919,-0.085933,0,NaN,NaN
2.8720,-0.012943,-0.093024,0,NaN,NaN
2.8800,-0.012943,-0.092610,0,NaN,NaN
2.8880,-0.008547,-0.082241,0,NaN,NaN
2.8960,-0.006593,-0.062371,0,NaN,NaN
2.9040,-0.001221,-0.036761,0,NaN,NaN
2.9120,0.008059,-0.108144,0,NaN,NaN
2.9200,0.015385,-0.027345,0,NaN,NaN
2.9280,0.024664,0.072413,0,NaN,NaN
2.9360,0.036386,0.186280,0,NaN,NaN
2.9440,0.048596,0.302739,0,NaN,NaN
2.9520,0.063736,0.403195,0,NaN,NaN
2.9600,0.072527,0.467121,0,NaN,NaN
2.9680,0.076923,0.480851,0,NaN,NaN
2.9760,0.072527,0.443764,0,NaN,NaN
2.9840,0.067643,0.367051,0,NaN,NaN
2.9920,0.060806,0.266577,0,NaN,NaN
3.0000,0.054945,0.155563,0,NaN,NaN
3.0080,0.049573,0.041318,0,NaN,NaN
3.0160,0.044689,0.879878,0,NaN,NaN
3.0240,0.039805,0.871192,0,NaN,NaN
3.0320,0.038828,0.869487,0,NaN,NaN
3.0400,0.036386,0.868810,0,NaN,NaN
3.0480,0.033944,0.861652,0,NaN,NaN
3.0560,0.027595,0.841220,0,NaN,NaN
3.0640,0.022711,0.803097,0,NaN,NaN
3.0720,0.012454,0.746793,0,NaN,NaN
3.0800,-0.002198,0.676925,0,NaN,NaN
3.0880,-0.014896,0.601711,0,NaN,NaN
3.0960,-0.026618,0.528948,0,NaN,NaN
3.1040,-0.038828,0.462639,0,NaN,NaN
3.1120,-0.047131,0.401775,0,NaN,NaN
3.1200,-0.053968,-0.126466,0,NaN,NaN
3.1280,-0.054457,-0.143798,0,NaN,NaN
3.1360,-0.054457,-0.140073,0,NaN,NaN
3.1440,-0.054457,-0.124443,0,NaN,NaN
3.1520,-0.054457,-0.104543,0,NaN,NaN
3.1600,-0.054457,-0.085400,0,NaN,NaN
3.1680,-0.054457,-0.070133,0,NaN,NaN
3.1760,-0.054457,-0.060692,0,NaN,NaN
3.1840,-0.056899,-0.057940,0,NaN,NaN
3.1920,-0.056899,-0.061413,0,NaN,NaN
3.2000,-0.061294,-0.068897,0,NaN,NaN
3.2080,-0.066667,-0.076922,0,NaN,NaN
3.2160,-0.066667,-0.083495,0,NaN,NaN
3.2240,-0.064713,-0.481857,0,NaN,NaN
3.2320,-0.061783,-0.461524,0,NaN,NaN
3.2400,-0.063736,-0.432780,0,NaN,NaN
3.2480,-0.060806,-0.399450,0,NaN,NaN
3.2560,-0.058364,-0.366424,0,NaN,NaN
3.2640,-0.056899,-0.339445,0,NaN,NaN
3.2720,-0.056899,-0.322096,0,NaN,NaN
3.2800,-0.060317,-0.313031,0,NaN,NaN
3.2880,-0.062759,-0.306310,0,NaN,NaN
3.2960,-0.064713,-0.294915,0,NaN,NaN
3.3040,-0.063736,-0.274761,0,NaN,NaN
3.3120,-0.062271,-0.246256,0,NaN,NaN
3.3200,-0.061294,-0.213031,0,NaN,NaN
3.3280,-0.059341,-0.145548,0,NaN,NaN
3.3360,-0.057387,-0.118080,1,NaN,NaN
3.3440,-0.057387,-0.119833,0,NaN,NaN
3.3520,-0.061294,-0.166046,0,NaN,NaN
3.3600,-0.070574,-0.263988,0,NaN,NaN
3.3680,-0.086203,-0.406905,0,NaN,NaN
3.3760,-0.101832,-0.571568,0,NaN,NaN
3.3840,-0.119414,-0.720214,0,NaN,NaN
3.3920,-0.132112,-0.807091,0,NaN,NaN
3.4000,-0.133578,-0.790162,0,NaN,NaN
3.4080,-0.124786,-0.645721,0,NaN,NaN
3.4160,-0.101832,-0.381772,0,NaN,NaN
3.4240,-0.061294,-0.044292,0,NaN,NaN
3.4320,-0.006105,-0.936730,0,NaN,NaN
3.4400,0.062271,-0.867586,0,NaN,NaN
3.4480,0.141392,-0.771010,0,NaN,NaN
3.4560,0.242979,-0.645587,0,NaN,NaN
3.4640,0.367033,-0.492723,0,NaN,NaN
3.4720,0.493040,-0.318727,0,NaN,NaN
3.4800,0.624908,-0.136862,0,NaN,NaN
3.4880,0.759219,0.029910,0,NaN,NaN
3.4960,0.892063,0.148009,0,NaN,NaN
3.5040,0.989744,0.179521,1,NaN,NaN
3.5120,1.000000,0.097954,0,NaN,NaN
3.5200,0.890598,-0.093224,0,NaN,NaN
3.5280,0.711355,-0.352771,0,NaN,NaN
3.5360,0.530159,0.630563,0,NaN,NaN
3.5440,0.351893,0.453030,0,NaN,NaN
3.5520,0.186325,0.283436,0,NaN,NaN
3.5600,0.036874,0.135329,0,NaN,NaN
3.5680,-0.093040,0.018057,0,NaN,NaN
3.5760,-0.185836,-0.062282,0,NaN,NaN
3.5840,-0.233700,-0.103298,0,NaN,NaN
3.5920,-0.250305,-0.107184,0,NaN,NaN
3.6000,-0.218071,-0.080885,0,NaN,NaN
3.6080,-0.171184,-0.034731,0,NaN,NaN
3.6160,-0.118437,0.020670,0,NaN,NaN
3.6240,-0.071551,0.077889,0,NaN,NaN
3.6320,-0.040781,0.134448,0,NaN,NaN
3.6400,-0.027595,0.035157,0,NaN,NaN
3.6480,-0.031990,0.041296,0,NaN,NaN
3.6560,-0.044200,0.035134,0,NaN,NaN
3.6640,-0.062759,0.021710,0,NaN,NaN
3.6720,-0.082295,0.006012,0,NaN,NaN
3.6800,-0.096459,-0.007978,0,NaN,NaN
3.6880,-0.109646,-0.017693,0,NaN,NaN
3.6960,-0.115507,-0.022034,0,NaN,NaN
3.7040,-0.114530,-0.021258,0,NaN,NaN
3.7120,-0.109646,-0.016620,0,NaN,NaN
3.7200,-0.106716,-0.009678,0,NaN,NaN
3.7280,-0.102808,-0.001649,0,NaN,NaN
3.7360,-0.101343,0.006797,0,NaN,NaN
3.7440,-0.101343,-0.262597,0,NaN,NaN
3.7520,-0.101832,-0.266361,0,NaN,NaN
3.7600,-0.105739,-0.268905,0,NaN,NaN
3.7680,-0.108181,-0.268878,0,NaN,NaN
3.7760,-0.110134,-0.265070,0,NaN,NaN
3.7840,-0.110623,-0.256750,0,NaN,NaN
3.7920,-0.109646,-0.243825,0,NaN,NaN
3.8000,-0.110623,-0.226840,0,NaN,NaN
3.8080,-0.110623,-0.206942,0,NaN,NaN
3.8160,-0.107692,-0.185808,0,NaN,NaN
3.8240,-0.104274,-0.165233,0,NaN,NaN
3.8320,-0.101343,-0.146326,0,NaN,NaN
3.8400,-0.100855,-0.128859,0,NaN,NaN
3.8480,-0.098901,0.006674,0,NaN,NaN
3.8560,-0.098413,0.013605,0,NaN,NaN
3.8640,-0.098901,0.016510,0,NaN,NaN
3.8720,-0.100366,0.016175,0,NaN,NaN
3.8800,-0.101343,0.013666,0,NaN,NaN
3.8880,-0.101343,0.010104,0,NaN,NaN
3.8960,-0.101832,0.006495,0,NaN,NaN
3.9040,-0.101343,0.003632,0,NaN,NaN
3.9120,-0.101343,0.002033,0,NaN,NaN
3.9200,-0.100366,0.001909,0,NaN,NaN
3.9280,-0.099878,0.003172,0,NaN,NaN
3.9360,-0.098901,0.005492,0,NaN,NaN
3.9440,-0.097924,0.008369,0,NaN,NaN
3.9520,-0.095971,-0.008605,0,NaN,NaN
3.9600,-0.092552,-0.004732,0,NaN,NaN
3.9680,-0.088156,-0.000999,0,NaN,NaN
3.9760,-0.085714,0.001892,0,NaN,NaN
3.9840,-0.082295,0.003347,0,NaN,NaN
3.9920,-0.080830,0.003128,0,NaN,NaN
4.0000,-0.084249,0.001554,0,NaN,NaN
4.0080,-0.085226,-0.000578,0,NaN,NaN
4.0160,-0.085714,-0.002377,0,NaN,NaN
4.0240,-0.085714,-0.003201,0,NaN,NaN
4.0320,-0.084737,-0.002793,0,NaN,NaN
4.0400,-0.080830,-0.001315,0,NaN,NaN
4.0480,-0.078388,0.000752,0,NaN,NaN
4.0560,-0.077411,0.007298,0,NaN,NaN
4.0640,-0.075458,0.008550,0,NaN,NaN
4.0720,-0.073016,0.009165,0,NaN,NaN
4.0800,-0.072527,0.009048,0,NaN,NaN
4.0880,-0.073016,0.008303,0,NaN,NaN
4.0960,-0.073016,0.007217,0,NaN,NaN
4.1040,-0.073504,0.006115,0,NaN,NaN
4.1120,-0.072527,0.005244,0,NaN,NaN
4.1200,-0.072527,0.004725,0,NaN,NaN
4.1280,-0.071062,0.004565,0,NaN,NaN
4.1360,-0.070085,0.004693,0,NaN,NaN
4.1440,-0.069109,0.005016,0,NaN,NaN
4.1520,-0.067643,0.005431,0,NaN,NaN
4.1600,-0.067643,0.010822,0,NaN,NaN
4.1680,-0.067643,0.010198,0,NaN,NaN
4.1760,-0.068620,0.009588,0,NaN,NaN
4.1840,-0.068620,0.009353,0,NaN,NaN
4.1920,-0.067155,0.009671,0,NaN,NaN
4.2000,-0.064713,0.010406,0,NaN,NaN
4.2080,-0.062759,0.011204,0,NaN,NaN
4.2160,-0.062759,0.011689,0,NaN,NaN
4.2240,-0.060317,0.011566,0,NaN,NaN
4.2320,-0.060317,0.010680,0,NaN,NaN
4.2400,-0.062271,0.009112,0,NaN,NaN
4.2480,-0.063736,0.007142,0,NaN,NaN
4.2560,-0.063736,0.005033,0,NaN,NaN
4.2640,-0.065690,0.003158,0,NaN,NaN
4.2720,-0.067155,0.001961,0,NaN,NaN
4.2800,-0.067155,0.002332,0,NaN,NaN
4.2880,-0.064713,0.004638,0,NaN,NaN
4.2960,-0.059829,0.008703,0,NaN,NaN
4.3040,-0.054457,0.013754,0,NaN,NaN
4.3120,-0.047131,0.018605,0,NaN,NaN
4.3200,-0.044200,0.022015,0,NaN,NaN
4.3280,-0.043223,0.023033,0,NaN,NaN
4.3360,-0.042247,0.021152,0,NaN,NaN
4.3440,-0.047131,0.016380,0,NaN,NaN
4.3520,-0.053968,0.009310,0,NaN,NaN
4.3600,-0.060806,0.000991,0,NaN,NaN
4.3680,-0.069597,0.010081,0,NaN,NaN
4.3760,-0.075458,0.005485,0,NaN,NaN
4.3840,-0.077411,0.005278,0,NaN,NaN
4.3920,-0.073016,0.010119,0,NaN,NaN
4.4000,-0.064225,0.019253,0,NaN,NaN
4.4080,-0.052503,0.030529,0,NaN,NaN
4.4160,-0.039316,0.040893,0,NaN,NaN
4.4240,-0.032967,0.047324,0,NaN,NaN
4.4320,-0.033455,0.047841,0,NaN,NaN
4.4400,-0.040293,0.042077,0,NaN,NaN
4.4480,-0.054945,0.031139,0,NaN,NaN
4.4560,-0.067643,0.016891,0,NaN,NaN
4.4640,-0.080342,0.001155,0,NaN,NaN
4.4720,-0.082295,-0.034485,0,NaN,NaN
4.4800,-0.078388,-0.033984,0,NaN,NaN
4.4880,-0.070085,-0.030008,0,NaN,NaN
4.4960,-0.061294,-0.025534,0,NaN,NaN
4.5040,-0.057387,-0.023296,0,NaN,NaN
4.5120,-0.058852,-0.024608,0,NaN,NaN
4.5200,-0.064713,-0.028894,0,NaN,NaN
4.5280,-0.070574,-0.034057,0,NaN,NaN
4.5360,-0.076923,-0.037422,0,NaN,NaN
4.5440,-0.074969,-0.036913,0,NaN,NaN
4.5520,-0.065690,-0.031934,0,NaN,NaN
4.5600,-0.054457,-0.023392,0,NaN,NaN
4.5680,-0.045177,-0.012994,0,NaN,NaN
4.5760,-0.046154,-0.069022,0,NaN,NaN
4.5840,-0.062759,-0.091302,0,NaN,NaN
4.5920,-0.093040,-0.122197,0,NaN,NaN
4.6000,-0.130159,-0.154602,0,NaN,NaN
4.6080,-0.158486,-0.179291,0,NaN,NaN
4.6160,-0.166789,-0.188432,0,NaN,NaN
4.6240,-0.154090,-0.178766,0,NaN,NaN
4.6320,-0.118926,-0.153096,0,NaN,NaN
4.6400,-0.071551,-0.119413,0,NaN,NaN
4.6480,-0.030525,-0.087762,0,NaN,NaN
4.6560,-0.004151,-0.066052,0,NaN,NaN
4.6640,0.004640,-0.056725,1,NaN,NaN
4.6720,-0.005128,-0.055800,1,NaN,NaN
4.6800,-0.023199,0.065189,0,NaN,NaN
4.6880,-0.045665,0.041418,0,NaN,NaN
4.6960,-0.070085,0.015154,0,NaN,NaN
4.7040,-0.093529,-0.008736,0,NaN,NaN
4.7120,-0.111600,-0.026630,0,NaN,NaN
4.7200,-0.120391,-0.036634,0,NaN,NaN
4.7280,-0.121368,-0.038750,0,NaN,NaN
4.7360,-0.117460,-0.034504,0,NaN,NaN
4.7440,-0.111600,-0.026250,0,NaN,NaN
4.7520,-0.101343,-0.016494,0,NaN,NaN
4.7600,-0.093040,-0.007315,0,NaN,NaN
4.7680,-0.085714,0.000219,0,NaN,NaN
4.7760,-0.085226,0.006424,0,NaN,NaN
4.7840,-0.086691,-0.008648,0,NaN,NaN
4.7920,-0.092552,-0.014684,0,NaN,NaN
4.8000,-0.100855,-0.023973,0,NaN,NaN
4.8080,-0.110623,-0.035275,0,NaN,NaN
4.8160,-0.121856,-0.046962,0,NaN,NaN
4.8240,-0.132601,-0.057073,0,NaN,NaN
4.8320,-0.139927,-0.063593,0,NaN,NaN
4.8400,-0.141880,-0.064965,0,NaN,NaN
4.8480,-0.138950,-0.060636,0,NaN,NaN
4.8560,-0.125763,-0.051368,0,NaN,NaN
4.8640,-0.112088,-0.038925,0,NaN,NaN
4.8720,-0.100855,-0.025125,0,NaN,NaN
4.8800,-0.092063,-0.011022,0,NaN,NaN
4.8880,-0.085714,-0.000385,0,NaN,NaN
4.8960,-0.085714,0.004246,0,NaN,NaN
4.9040,-0.083761,0.007084,0,NaN,NaN
4.9120,-0.080830,0.008891,0,NaN,NaN
4.9200,-0.075946,0.009512,0,NaN,NaN
4.9280,-0.070574,0.007903,0,NaN,NaN
4.9360,-0.070085,0.003019,0,NaN,NaN
4.9440,-0.078877,-0.004863,0,NaN,NaN
4.9520,-0.094017,-0.013382,0,NaN,NaN
4.9600,-0.107692,-0.018773,0,NaN,NaN
4.9680,-0.110623,-0.017804,0,NaN,NaN
4.9760,-0.102320,-0.009747,0,NaN,NaN
4.9840,-0.085714,0.002934,0,NaN,NaN
4.9920,-0.070574,0.031746,0,77.30,NaN
5.0000,-0.060806,0.040747,0,77.30,NaN
5.0080,-0.061294,0.043232,0,77.30,NaN
5.0160,-0.067643,0.039526,0,77.30,NaN
5.0240,-0.080342,0.032376,0,77.30,NaN
5.0320,-0.090598,0.025548,0,77.30,NaN
5.0400,-0.094017,0.021998,0,77.30,NaN
5.0480,-0.090110,0.022518,0,77.30,NaN
5.0560,-0.082784,0.025607,0,77.30,NaN
5.0640,-0.076435,0.028550,0,77.30,NaN
5.0720,-0.077411,0.029058,0,77.30,NaN
5.0800,-0.084249,0.026456,0,77.30,NaN
5.0880,-0.091087,0.021797,0,77.30,NaN
5.0960,-0.092063,0.042845,0,77.30,NaN
5.1040,-0.077411,0.053521,0,77.30,NaN
5.1120,-0.060806,0.066596,0,77.30,NaN
5.1200,-0.046642,0.078027,0,77.30,NaN
5.1280,-0.040781,0.084014,0,77.30,NaN
5.1360,-0.045665,0.082637,0,77.30,NaN
5.1440,-0.055433,0.074367,0,77.30,NaN
5.1520,-0.069597,0.061577,0,77.30,NaN
5.1600,-0.083272,0.047627,0,77.30,NaN
5.1680,-0.097924,0.035990,0,77.30,NaN
5.1760,-0.109158,0.029346,0,77.30,NaN
5.1840,-0.112576,0.028506,0,77.30,NaN
5.1920,-0.102808,0.031625,0,77.30,NaN
5.2000,-0.089133,0.004508,0,77.30,NaN
5.2080,-0.078877,0.014532,0,77.30,NaN
5.2160,-0.074969,0.022099,0,77.30,NaN
5.2240,-0.073504,0.025825,0,77.30,NaN
5.2320,-0.075946,0.025820,0,77.30,NaN
5.2400,-0.080830,0.023186,0,77.30,NaN
5.2480,-0.085714,0.019430,0,77.30,NaN
5.2560,-0.090598,0.015905,0,77.30,NaN
5.2640,-0.091087,0.013401,0,77.30,NaN
5.2720,-0.092063,0.012029,0,77.30,NaN
5.2800,-0.092063,0.011441,0,77.30,NaN
5.2880,-0.092063,0.011174,0,77.30,NaN
5.2960,-0.094994,0.010944,0,77.30,NaN
5.3040,-0.097924,-0.005587,0,77.30,NaN
5.3120,-0.101343,-0.007924,0,77.30,NaN
5.3200,-0.103785,-0.010448,0,77.30,NaN
5.3280,-0.106227,-0.013008,0,77.30,NaN
5.3360,-0.108669,-0.015487,0,77.30,NaN
5.3440,-0.109646,-0.017716,0,77.30,NaN
5.3520,-0.112576,-0.019376,0,77.30,NaN
5.3600,-0.114530,-0.020004,0,77.30,NaN
5.3680,-0.115018,-0.019205,0,77.30,NaN
5.3760,-0.111600,-0.016946,0,77.30,NaN
5.3840,-0.107692,-0.013578,0,77.30,NaN
5.3920,-0.105739,-0.009569,0,77.30,NaN
5.4000,-0.101832,-0.005281,0,77.30,NaN
5.4080,-0.101343,0.032206,0,77.30,NaN
5.4160,-0.099878,0.037181,0,77.30,NaN
5.4240,-0.096459,0.042006,0,77.30,NaN
5.4320,-0.093529,0.046238,0,77.30,NaN
5.4400,-0.094017,0.049427,0,77.30,NaN
5.4480,-0.097924,0.051408,0,77.30,NaN
5.4560,-0.098413,0.052170,0,77.30,NaN
5.4640,-0.101343,0.051508,0,77.30,NaN
5.4720,-0.102320,0.048956,0,77.30,NaN
5.4800,-0.109158,0.044109,0,77.30,NaN
5.4880,-0.117460,0.037016,0,77.30,NaN
5.4960,-0.129670,0.028268,0,77.30,NaN
5.5040,-0.138950,0.018712,0,77.30,NaN
5.5120,-0.144811,-0.024990,0,77.30,NaN
5.5200,-0.148718,-0.028891,0,77.30,NaN
5.5280,-0.152625,-0.029426,0,77.30,NaN
5.5360,-0.150672,-0.026732,0,77.30,NaN
5.5440,-0.145299,-0.021635,0,77.30,NaN
5.5520,-0.139438,-0.015540,0,77.30,NaN
5.5600,-0.134066,-0.009960,0,77.30,NaN
5.5680,-0.133089,-0.006011,0,77.30,NaN
5.5760,-0.132601,-0.004204,0,77.30,NaN
5.5840,-0.133578,-0.004565,0,77.30,NaN
5.5920,-0.136996,-0.006813,0,77.30,NaN
5.6000,-0.140415,-0.010465,0,77.30,NaN
5.6080,-0.145788,-0.014869,0,77.30,NaN
5.6160,-0.148230,-0.026726,0,77.30,NaN
5.6240,-0.148718,-0.025040,0,77.30,NaN
5.6320,-0.143834,-0.019876,0,77.30,NaN
5.6400,-0.134066,-0.012126,0,77.30,NaN
5.6480,-0.124786,-0.003676,0,77.30,NaN
5.6560,-0.116972,0.003296,0,77.30,NaN
5.6640,-0.112576,0.007125,0,77.30,NaN
5.6720,-0.114530,0.007239,0,77.30,NaN
5.6800,-0.117460,0.004281,0,77.30,NaN
5.6880,-0.125275,-0.000223,0,77.30,NaN
5.6960,-0.131624,-0.004586,0,77.30,NaN
5.7040,-0.132601,-0.007812,0,77.30,NaN
5.7120,-0.132601,-0.010056,0,77.30,NaN
5.7200,-0.131624,-0.000805,0,77.30,NaN
5.7280,-0.127228,0.002980,0,77.30,NaN
5.7360,-0.124786,0.007721,0,77.30,NaN
5.7440,-0.120391,0.012585,0,77.30,NaN
5.7520,-0.116972,0.016840,0,77.30,NaN
5.7600,-0.115995,0.019955,0,77.30,NaN
5.7680,-0.114530,0.021633,0,77.30,NaN
5.7760,-0.115995,0.021763,0,77.30,NaN
5.7840,-0.116972,0.020366,0,77.30,NaN
5.7920,-0.120391,0.017580,0,77.30,NaN
5.8000,-0.124298,0.013664,0,77.30,NaN
5.8080,-0.128205,0.008966,0,77.30,NaN
5.8160,-0.132601,0.003868,0,77.30,NaN
5.8240,-0.132112,-0.014147,0,77.30,NaN
5.8320,-0.133089,-0.016618,0,77.30,NaN
5.8400,-0.134066,-0.017746,0,77.30,NaN
5.8480,-0.135531,-0.017018,0,77.30,NaN
5.8560,-0.132601,-0.014106,0,77.30,NaN
5.8640,-0.125275,-0.009381,0,77.30,NaN
5.8720,-0.116972,-0.003983,0,77.30,NaN
5.8800,-0.113553,0.000699,0,77.30,NaN
5.8880,-0.110623,0.003553,0,77.30,NaN
5.8960,-0.107692,0.003930,0,77.30,NaN
5.9040,-0.109646,0.001697,0,77.30,NaN
5.9120,-0.113553,-0.002687,0,77.30,NaN
5.9200,-0.117460,-0.008268,0,77.30,NaN
5.9280,-0.118437,-0.023703,0,77.30,NaN
5.9360,-0.121368,-0.029022,0,77.30,NaN
5.9440,-0.121368,-0.034529,0,77.30,NaN
5.9520,-0.127228,-0.039956,0,77.30,NaN
5.9600,-0.132601,-0.044447,0,77.30,NaN
5.9680,-0.135043,-0.046857,0,77.30,NaN
5.9760,-0.132601,-0.046409,0,77.30,NaN
5.9840,-0.127717,-0.043128,0,77.30,NaN
5.9920,-0.119902,-0.037792,0,77.30,NaN
6.0000,-0.111111,-0.031563,0,77.30,NaN
6.0080,-0.104274,-0.025471,0,77.30,NaN
6.0160,-0.097924,-0.020021,0,77.30,NaN
6.0240,-0.093040,-0.015100,0,77.30,NaN
6.0320,-0.094505,0.010314,0,77.30,NaN
6.0400,-0.101343,0.002186,0,77.30,NaN
6.0480,-0.115995,-0.009188,0,77.30,NaN
6.0560,-0.126740,-0.021264,0,77.30,NaN
6.0640,-0.136020,-0.031373,0,77.30,NaN
6.0720,-0.141880,-0.037471,0,77.30,NaN
6.0800,-0.142857,-0.038572,0,77.30,NaN
6.0880,-0.136996,-0.034977,0,77.30,NaN
6.0960,-0.129182,-0.028166,0,77.30,NaN
6.1040,-0.117460,-0.020270,0,77.30,NaN
6.1120,-0.110134,-0.013216,0,77.30,NaN
6.1200,-0.105250,-0.007914,0,77.30,NaN
6.1280,-0.103785,-0.003945,0,77.30,NaN
6.1360,-0.102808,-0.012178,0,77.30,NaN
6.1440,-0.102320,-0.015398,0,77.30,NaN
6.1520,-0.106227,-0.020327,0,77.30,NaN
6.1600,-0.111111,-0.025777,0,77.30,NaN
6.1680,-0.115995,-0.030330,0,77.30,NaN
6.1760,-0.116484,-0.032863,0,77.30,NaN
6.1840,-0.113553,-0.032970,0,77.30,NaN
6.1920,-0.109646,-0.030946,0,77.30,NaN
6.2000,-0.105739,-0.027405,0,77.30,NaN
6.2080,-0.101343,-0.022968,0,77.30,NaN
6.2160,-0.094505,-0.018172,0,77.30,NaN
6.2240,-0.088156,-0.013426,0,77.30,NaN
6.2320,-0.084249,-0.008858,0,77.30,NaN
6.2400,-0.080342,0.016139,0,77.30,NaN
6.2480,-0.079365,0.016734,0,77.30,NaN
6.2560,-0.080342,0.015430,0,77.30,NaN
6.2640,-0.082784,0.012695,0,77.30,NaN
6.2720,-0.084737,0.009148,0,77.30,NaN
6.2800,-0.085714,0.005396,0,77.30,NaN
6.2880,-0.088156,0.002064,0,77.30,NaN
6.2960,-0.092552,-0.000142,0,77.30,NaN
6.3040,-0.092552,-0.000679,0,77.30,NaN
6.3120,-0.087668,0.000428,0,77.30,NaN
6.3200,-0.085226,0.002615,0,77.30,NaN
6.3280,-0.082784,0.005238,0,77.30,NaN
6.3360,-0.081319,0.007942,0,77.30,NaN
6.3440,-0.080830,0.024782,0,77.30,NaN
6.3520,-0.080830,0.021983,0,77.30,NaN
6.3600,-0.086691,0.016260,0,77.30,NaN
6.3680,-0.096459,0.008431,0,77.30,NaN
6.3760,-0.104274,-0.000017,0,77.30,NaN
6.3840,-0.110623,-0.007559,0,77.30,NaN
6.3920,-0.113553,-0.013135,0,77.30,NaN
6.4000,-0.114530,-0.016202,0,77.30,NaN
6.4080,-0.116484,-0.016486,0,77.30,NaN
6.4160,-0.114530,-0.013844,0,77.30,NaN
6.4240,-0.109646,-0.008400,0,77.30,NaN
6.4320,-0.102320,-0.000722,0,77.30,NaN
6.4400,-0.094017,0.008201,0,77.30,NaN
6.4480,-0.087179,0.025938,0,77.30,NaN
6.4560,-0.081319,0.034383,0,77.30,NaN
6.4640,-0.074969,0.042275,0,77.30,NaN
6.4720,-0.069109,0.049539,0,77.30,NaN
6.4800,-0.063736,0.056042,0,77.30,NaN
6.4880,-0.059829,0.061493,0,77.30,NaN
6.4960,-0.057387,0.065350,0,77.30,NaN
6.5040,-0.055433,0.066767,0,77.30,NaN
6.5120,-0.055433,0.064725,0,77.30,NaN
6.5200,-0.062759,0.058487,0,77.30,NaN
6.5280,-0.073504,0.048074,0,77.30,NaN
6.5360,-0.089621,0.034400,0,77.30,NaN
6.5440,-0.104274,0.018985,0,77.30,NaN
6.5520,-0.116972,-0.113498,0,77.30,NaN
6.5600,-0.123321,-0.125181,0,77.30,NaN
6.5680,-0.127228,-0.130690,0,77.30,NaN
6.5760,-0.119902,-0.129589,0,77.30,NaN
6.5840,-0.109646,-0.122576,0,77.30,NaN
6.5920,-0.094505,-0.111225,0,77.30,NaN
6.6000,-0.077900,-0.097568,0,77.30,NaN
6.6080,-0.061294,-0.083728,0,77.30,NaN
6.6160,-0.046154,-0.071674,0,77.30,NaN
6.6240,-0.032479,-0.063019,0,77.30,NaN
6.6320,-0.022711,-0.058708,0,77.30,NaN
6.6400,-0.018803,-0.058565,0,77.30,NaN
6.6480,-0.020269,-0.061034,0,77.30,NaN
6.6560,-0.022222,-0.027719,0,77.30,NaN
6.6640,-0.029548,-0.037463,0,77.30,NaN
6.6720,-0.035897,-0.048152,0,77.30,NaN
6.6800,-0.040293,-0.058119,0,77.30,NaN
6.6880,-0.044200,-0.065873,0,77.30,NaN
6.6960,-0.045177,-0.070244,0,77.30,NaN
6.7040,-0.039316,-0.070581,0,77.30,NaN
6.7120,-0.031990,-0.066861,0,77.30,NaN
6.7200,-0.022222,-0.059650,0,77.30,NaN
6.7280,-0.007082,-0.050069,0,77.30,NaN
6.7360,0.010501,-0.039656,0,77.30,NaN
6.7440,0.026129,-0.029739,0,77.30,NaN
6.7520,0.032967,-0.020622,0,77.30,NaN
6.7600,0.034432,0.077702,0,77.30,NaN
6.7680,0.029060,0.073783,0,77.30,NaN
6.7760,0.018803,0.066278,0,77.30,NaN
6.7840,0.009524,0.057618,0,77.30,NaN
6.7920,0.006105,0.049834,0,77.30,NaN
6.8000,-0.001221,0.044131,0,77.30,NaN
6.8080,-0.004151,0.040937,0,77.30,NaN
6.8160,-0.004640,0.039932,0,77.30,NaN
6.8240,-0.002686,0.040100,0,77.30,NaN
6.8320,-0.000733,0.040061,0,77.30,NaN
6.8400,-0.000244,0.038674,0,77.30,NaN
6.8480,-0.004151,0.035583,0,77.30,NaN
6.8560,-0.007570,0.031364,0,77.30,NaN
6.8640,-0.014896,0.058268,0,77.30,NaN
6.8720,-0.023199,0.048974,0,77.30,NaN
6.8800,-0.033455,0.038249,0,77.30,NaN
6.8880,-0.044200,0.027045,0,77.30,NaN
6.8960,-0.054457,0.016353,0,77.30,NaN
6.9040,-0.063248,0.007103,0,77.30,NaN
6.9120,-0.070574,0.000143,0,77.30,NaN
6.9200,-0.078388,-0.003755,0,77.30,NaN
6.9280,-0.082295,-0.004121,0,77.30,NaN
6.9360,-0.078388,-0.001190,0,77.30,NaN
6.9440,-0.074481,0.004044,0,77.30,NaN
6.9520,-0.070085,0.010371,0,77.30,NaN
6.9600,-0.069597,0.017015,0,77.30,NaN
6.9680,-0.070085,-0.030763,0,77.30,NaN
6.9760,-0.077411,-0.034010,0,77.30,NaN
6.9840,-0.083761,-0.038005,0,77.30,NaN
6.9920,-0.085714,-0.041315,0,77.30,NaN
7.0000,-0.085714,-0.043059,0,77.30,NaN
7.0080,-0.086691,-0.042991,0,77.30,NaN
7.0160,-0.084249,-0.041268,0,77.30,NaN
7.0240,-0.082784,-0.038248,0,77.30,NaN
7.0320,-0.080342,-0.034378,0,77.30,NaN
7.0400,-0.078388,-0.030160,0,77.30,NaN
7.0480,-0.074481,-0.026128,0,77.30,NaN
7.0560,-0.073016,-0.022668,0,77.30,NaN
7.0640,-0.074969,-0.019715,0,77.30,NaN
7.0720,-0.077900,0.017315,0,77.30,NaN
7.0800,-0.082295,0.017762,0,77.30,NaN
7.0880,-0.084249,0.018445,0,77.30,NaN
7.0960,-0.085714,0.019970,0,77.30,NaN
7.1040,-0.086203,0.022548,0,77.30,NaN
7.1120,-0.085714,0.026015,0,77.30,NaN
7.1200,-0.086203,0.029871,0,77.30,NaN
7.1280,-0.086691,0.033265,0,77.30,NaN
7.1360,-0.086203,0.034960,0,77.30,NaN
7.1440,-0.088156,0.033554,0,77.30,NaN
7.1520,-0.096459,0.028099,0,77.30,NaN
7.1600,-0.108669,0.018759,0,77.30,NaN
7.1680,-0.125763,0.007034,0,77.30,NaN
7.1760,-0.140415,-0.761663,0,77.30,NaN
7.1840,-0.152625,-0.804581,0,77.30,NaN
7.1920,-0.158486,-0.840896,0,77.30,NaN
7.2000,-0.151160,-0.866888,0,77.30,NaN
7.2080,-0.133578,-0.879257,0,77.30,NaN
7.2160,-0.100366,-0.875328,0,77.30,NaN
7.2240,-0.047131,-0.853288,0,77.30,NaN
7.2320,0.022222,-0.812361,0,77.30,NaN
7.2400,0.105250,-0.752862,0,77.30,NaN
7.2480,0.208791,-0.676427,0,77.30,NaN
7.2560,0.328938,-0.586283,0,77.30,NaN
7.2640,0.454457,-0.486926,0,77.30,NaN
7.2720,0.581441,-0.383284,0,77.30,NaN
7.2800,0.711355,0.820252,0,77.30,NaN
7.2880,0.843223,0.910291,0,77.30,NaN
7.2960,0.945299,0.973960,0,77.30,NaN
7.3040,0.970208,1.000000,1,77.30,NaN
7.3120,0.897436,0.983945,0,77.30,NaN
7.3200,0.748962,0.930471,0,77.30,NaN
7.3280,0.578510,0.851276,0,77.30,NaN
7.3360,0.403663,0.760536,0,77.30,NaN
7.3440,0.229792,0.671252,0,77.30,NaN
7.3520,0.064225,0.593533,0,77.30,NaN
7.3600,-0.082295,0.533460,0,77.30,NaN
7.3680,-0.184371,0.491442,0,77.30,NaN
7.3760,-0.237118,0.461098,0,77.30,NaN
7.3840,-0.250305,-0.215093,0,77.30,NaN
7.3920,-0.217582,-0.191438,0,77.30,NaN
7.4000,-0.171184,-0.145120,0,77.30,NaN
7.4080,-0.116972,-0.090679,0,77.30,NaN
7.4160,-0.070085,-0.040984,0,77.30,NaN
7.4240,-0.038828,-0.004986,0,77.30,NaN
7.4320,-0.027595,0.013352,0,77.30,NaN
7.4400,-0.031990,0.014834,0,77.30,NaN
7.4480,-0.051038,0.003640,0,77.30,NaN
7.4560,-0.070085,-0.014738,0,77.30,NaN
7.4640,-0.091087,-0.035508,0,77.30,NaN
7.4720,-0.108181,-0.055845,0,77.30,NaN
7.4800,-0.119902,-0.075161,0,77.30,NaN
7.4880,-0.125763,-0.152204,0,77.30,NaN
7.4960,-0.125275,-0.157847,0,77.30,NaN
7.5040,-0.123321,-0.159938,0,77.30,NaN
7.5120,-0.119902,-0.159800,0,77.30,NaN
7.5200,-0.117949,-0.158115,0,77.30,NaN
7.5280,-0.116484,-0.154837,0,77.30,NaN
7.5360,-0.111600,-0.149575,0,77.30,NaN
7.5440,-0.106716,-0.142093,0,77.30,NaN
7.5520,-0.101343,-0.132505,0,77.30,NaN
7.5600,-0.098413,-0.121156,0,77.30,NaN
7.5680,-0.099389,-0.108412,0,77.30,NaN
7.5760,-0.101343,-0.094623,0,77.30,NaN
7.5840,-0.106716,-0.080228,0,77.30,NaN
7.5920,-0.114042,-0.171730,0,77.30,NaN
7.6000,-0.119414,-0.159438,0,77.30,NaN
7.6080,-0.123321,-0.143929,0,77.30,NaN
7.6160,-0.121368,-0.125925,0,77.30,NaN
7.6240,-0.117460,-0.106926,0,77.30,NaN
7.6320,-0.112088,-0.088758,0,77.30,NaN
7.6400,-0.105739,-0.073111,0,77.30,NaN
7.6480,-0.099389,-0.061293,0,77.30,NaN
7.6560,-0.094017,-0.054140,0,77.30,NaN
7.6640,-0.087179,-0.051977,0,77.30,NaN
7.6720,-0.085226,-0.054502,0,77.30,NaN
7.6800,-0.085226,-0.060682,0,77.30,NaN
7.6880,-0.085226,-0.068884,0,77.30,NaN
7.6960,-0.085714,-0.003237,0,77.30,NaN
7.7040,-0.085714,-0.006745,0,77.30,NaN
7.7120,-0.086691,-0.009048,0,77.30,NaN
7.7200,-0.088156,-0.009775,0,77.30,NaN
7.7280,-0.086691,-0.008891,0,77.30,NaN
7.7360,-0.085226,-0.006741,0,77.30,NaN
7.7440,-0.083272,-0.003978,0,77.30,NaN
7.7520,-0.079365,-0.001377,0,77.30,NaN
7.7600,-0.078388,0.000401,0,77.30,NaN
7.7680,-0.077411,0.001011,0,77.30,NaN
7.7760,-0.076923,0.000455,0,77.30,NaN
7.7840,-0.076435,-0.001026,0,77.30,NaN
7.7920,-0.076923,-0.003030,0,77.30,NaN
7.8000,-0.076923,-0.002534,0,77.30,NaN
7.8080,-0.074969,-0.002530,0,77.30,NaN
7.8160,-0.071551,-0.001854,0,77.30,NaN
7.8240,-0.069597,-0.000824,0,77.30,NaN
7.8320,-0.067155,0.000165,0,77.30,NaN
7.8400,-0.063736,0.000772,0,77.30,NaN
7.8480,-0.063248,0.000850,0,77.30,NaN
7.8560,-0.063248,0.000535,0,77.30,NaN
7.8640,-0.062271,0.000141,0,77.30,NaN
7.8720,-0.061783,-0.000064,0,77.30,NaN
7.8800,-0.058852,-0.000016,0,77.30,NaN
7.8880,-0.056899,0.000178,0,77.30,NaN
7.8960,-0.055433,0.000395,0,77.30,NaN
7.9040,-0.054457,0.005915,0,77.30,NaN
7.9120,-0.052015,0.005765,0,77.30,NaN
7.9200,-0.052503,0.005557,0,77.30,NaN
7.9280,-0.049084,0.005409,0,77.30,NaN
7.9360,-0.047619,0.005374,0,77.30,NaN
7.9440,-0.047131,0.005495,0,77.30,NaN
7.9520,-0.045177,0.005812,0,77.30,NaN
7.9600,-0.043223,0.006252,0,77.30,NaN
7.9680,-0.040781,0.006589,0,77.30,NaN
7.9760,-0.039805,0.006559,0,77.30,NaN
7.9840,-0.038828,0.006007,0,77.30,NaN
7.9920,-0.038828,0.004958,0,77.30,NaN
8.0000,-0.038828,0.003604,0,77.30,NaN
8.0080,-0.038828,-0.002472,0,77.30,NaN
8.0160,-0.037363,-0.003016,0,77.30,NaN
8.0240,-0.036386,-0.003156,0,77.30,NaN
8.0320,-0.033455,-0.003162,0,77.30,NaN
8.0400,-0.031502,-0.003458,0,77.30,NaN
8.0480,-0.030037,-0.004376,0,77.30,NaN
8.0560,-0.031013,-0.005914,0,77.30,NaN
8.0640,-0.031013,-0.007678,0,77.30,NaN
8.0720,-0.030525,-0.009011,0,77.30,NaN
8.0800,-0.031013,-0.009190,0,77.30,NaN
8.0880,-0.028083,-0.007710,0,77.30,NaN
8.0960,-0.022222,-0.004594,0,77.30,NaN
8.1040,-0.015873,-0.000479,0,77.30,NaN
8.1120,-0.008547,0.040878,0,77.30,NaN
8.1200,-0.007570,0.043167,0,77.30,NaN
8.1280,-0.007570,0.041938,0,77.30,NaN
8.1360,-0.011966,0.036937,0,77.30,NaN
8.1440,-0.018803,0.028809,0,77.30,NaN
8.1520,-0.029548,0.019127,0,77.30,NaN
8.1600,-0.041270,0.010107,0,77.30,NaN
8.1680,-0.047619,0.003874,0,77.30,NaN
8.1760,-0.047619,0.001612,0,77.30,NaN
8.1840,-0.044200,0.003233,0,77.30,NaN
8.1920,-0.038339,0.007745,0,77.30,NaN
8.2000,-0.033455,0.013924,0,77.30,NaN
8.2080,-0.028571,0.020795,0,77.30,NaN
8.2160,-0.023687,0.013794,0,77.30,NaN
8.2240,-0.022711,0.016255,0,77.30,NaN
8.2320,-0.022222,0.016995,0,77.30,NaN
8.2400,-0.023199,0.016360,0,77.30,NaN
8.2480,-0.024176,0.014835,0,77.30,NaN
8.2560,-0.026129,0.012913,0,77.30,NaN
8.2640,-0.028083,0.011029,0,77.30,NaN
8.2720,-0.029548,0.009498,0,77.30,NaN
8.2800,-0.030037,0.008454,0,77.30,NaN
8.2880,-0.030525,0.007874,0,77.30,NaN
8.2960,-0.031013,0.007656,0,77.30,NaN
8.3040,-0.031013,0.007681,0,77.30,NaN
8.3120,-0.031013,0.007830,0,77.30,NaN
8.3200,-0.031013,0.017753,0,77.30,NaN
8.3280,-0.031990,0.017393,0,77.30,NaN
8.3360,-0.033944,0.016618,0,77.30,NaN
8.3440,-0.035409,0.015631,0,77.30,NaN
8.3520,-0.038339,0.014711,0,77.30,NaN
8.3600,-0.038828,0.014061,0,77.30,NaN
8.3680,-0.039316,0.013706,0,77.30,NaN
8.3760,-0.042247,0.013522,0,77.30,NaN
8.3840,-0.040781,0.013261,0,77.30,NaN
8.3920,-0.042735,0.012609,0,77.30,NaN
8.4000,-0.045177,0.011356,0,77.30,NaN
8.4080,-0.048107,0.009523,0,77.30,NaN
8.4160,-0.052015,0.007349,0,77.30,NaN
8.4240,-0.055922,0.016592,0,77.30,NaN
8.4320,-0.060317,0.014560,0,77.30,NaN
8.4400,-0.062271,0.012702,0,77.30,NaN
8.4480,-0.065690,0.011041,0,77.30,NaN
8.4560,-0.070085,0.009614,0,77.30,NaN
8.4640,-0.071551,0.008468,0,77.30,NaN
8.4720,-0.073504,0.007561,0,77.30,NaN
8.4800,-0.074969,0.006777,0,77.30,NaN
8.4880,-0.077411,0.006046,0,77.30,NaN
8.4960,-0.079853,0.005411,0,77.30,NaN
8.5040,-0.081807,0.004991,0,77.30,NaN
8.5120,-0.085226,0.004888,0,77.30,NaN
8.5200,-0.085714,0.005049,0,77.30,NaN
8.5280,-0.087668,-0.018563,0,77.30,NaN
8.5360,-0.090598,-0.019122,0,77.30,NaN
8.5440,-0.091087,-0.019338,0,77.30,NaN
8.5520,-0.092063,-0.019258,0,77.30,NaN
8.5600,-0.092552,-0.018993,0,77.30,NaN
8.5680,-0.094017,-0.018637,0,77.30,NaN
8.5760,-0.094505,-0.018228,0,77.30,NaN
8.5840,-0.094505,-0.017762,0,77.30,NaN
8.5920,-0.095971,-0.017157,0,77.30,NaN
8.6000,-0.095971,-0.016216,0,77.30,NaN
8.6080,-0.097924,-0.014702,0,77.30,NaN
8.6160,-0.095971,-0.012525,0,77.30,NaN
8.6240,-0.094505,-0.009893,0,77.30,NaN
8.6320,-0.094017,-0.018498,0,77.30,NaN
8.6400,-0.093529,-0.017387,0,77.30,NaN
8.6480,-0.094017,-0.016656,0,77.30,NaN
8.6560,-0.094505,-0.016127,0,77.30,NaN
8.6640,-0.095482,-0.015508,0,77.30,NaN
8.6720,-0.094994,-0.014559,0,77.30,NaN
8.6800,-0.094017,-0.013213,0,77.30,NaN
8.6880,-0.094017,-0.011589,0,77.30,NaN
8.6960,-0.092552,-0.009954,0,77.30,NaN
8.7040,-0.091087,-0.008654,0,77.30,NaN
8.7120,-0.091087,-0.007946,0,77.30,NaN
8.7200,-0.093529,-0.007812,0,77.30,NaN
8.7280,-0.093529,-0.008005,0,77.30,NaN
8.7360,-0.094505,-0.021043,0,77.30,NaN
8.7440,-0.094017,-0.021411,0,77.30,NaN
8.7520,-0.094505,-0.021176,0,77.30,NaN
8.7600,-0.092552,-0.020264,0,77.30,NaN
8.7680,-0.091575,-0.018766,0,77.30,NaN
8.7760,-0.088156,-0.016950,0,77.30,NaN
8.7840,-0.085714,-0.015164,0,77.30,NaN
8.7920,-0.084249,-0.013666,0,77.30,NaN
8.8000,-0.082784,-0.012496,0,77.30,NaN
8.8080,-0.083272,-0.011535,0,77.30,NaN
8.8160,-0.079365,-0.010713,0,77.30,NaN
8.8240,-0.077411,-0.010084,0,77.30,NaN
8.8320,-0.077411,-0.009645,0,77.30,NaN
8.8400,-0.075458,0.010108,0,77.30,NaN
8.8480,-0.075946,0.009895,0,77.30,NaN
8.8560,-0.076923,0.009125,0,77.30,NaN
8.8640,-0.077411,0.008078,0,77.30,NaN
8.8720,-0.078877,0.007084,0,77.30,NaN
8.8800,-0.078388,0.006413,0,77.30,NaN
8.8880,-0.078877,0.006205,0,77.30,NaN
8.8960,-0.078877,0.006431,0,77.30,NaN
8.9040,-0.076923,0.006842,0,77.30,NaN
8.9120,-0.074481,0.007027,0,77.30,NaN
8.9200,-0.075946,0.006683,0,77.30,NaN
8.9280,-0.077411,0.005830,0,77.30,NaN
8.9360,-0.077411,0.004706,0,77.30,NaN
8.9440,-0.076435,0.009410,0,77.30,NaN
8.9520,-0.076923,0.008849,0,77.30,NaN
8.9600,-0.078388,0.008316,0,77.30,NaN
8.9680,-0.078388,0.007932,0,77.30,NaN
8.9760,-0.078388,0.007740,0,77.30,NaN
8.9840,-0.077411,0.007637,0,77.30,NaN
8.9920,-0.077411,0.007457,0,77.30,NaN
9.0000,-0.077900,0.007098,0,77.30,NaN
9.0080,-0.078388,0.006582,0,77.30,NaN
9.0160,-0.079365,0.005997,0,77.30,NaN
9.0240,-0.079365,0.005396,0,77.30,NaN
9.0320,-0.078388,0.004747,0,77.30,NaN
9.0400,-0.079853,0.004031,0,77.30,NaN
9.0480,-0.080830,0.000337,0,77.30,NaN
9.0560,-0.082784,-0.000170,0,77.30,NaN
9.0640,-0.080342,-0.000185,0,77.30,NaN
9.0720,-0.080342,0.000149,0,77.30,NaN
9.0800,-0.078877,0.000516,0,77.30,NaN
9.0880,-0.078877,0.000619,0,77.30,NaN
9.0960,-0.079365,0.000298,0,77.30,NaN
9.1040,-0.078877,-0.000418,0,77.30,NaN
9.1120,-0.080830,-0.001293,0,77.30,NaN
9.1200,-0.082295,-0.001928,0,77.30,NaN
9.1280,-0.082295,-0.001961,0,77.30,NaN
9.1360,-0.081319,-0.001301,0,77.30,NaN
9.1440,-0.079853,-0.000190,0,77.30,NaN
9.1520,-0.076435,0.008684,0,77.30,NaN
9.1600,-0.076923,0.009893,0,77.30,NaN
9.1680,-0.077411,0.010382,0,77.30,NaN
9.1760,-0.077900,0.010180,0,77.30,NaN
9.1840,-0.078388,0.009441,0,77.30,NaN
9.1920,-0.080830,0.008369,0,77.30,NaN
9.2000,-0.080342,0.007199,0,77.30,NaN
9.2080,-0.084249,0.006186,0,77.30,NaN
9.2160,-0.084737,0.005522,0,77.30,NaN
9.2240,-0.083761,0.005203,0,77.30,NaN
9.2320,-0.084737,0.005061,0,77.30,NaN
9.2400,-0.085714,0.004951,0,77.30,NaN
9.2480,-0.086203,0.004835,0,77.30,NaN
9.2560,-0.085714,-0.015631,0,77.30,NaN
9.2640,-0.086203,-0.016836,0,77.30,NaN
9.2720,-0.088156,-0.018086,0,77.30,NaN
9.2800,-0.088645,-0.019079,0,77.30,NaN
9.2880,-0.090110,-0.019526,0,77.30,NaN
9.2960,-0.086691,-0.019352,0,77.30,NaN
9.3040,-0.085714,-0.018674,0,77.30,NaN
9.3120,-0.085714,-0.017569,0,77.30,NaN
9.3200,-0.084737,-0.016003,0,77.30,NaN
9.3280,-0.081319,-0.014041,0,77.30,NaN
9.3360,-0.077411,-0.011966,0,77.30,NaN
9.3440,-0.075458,-0.010075,0,77.30,NaN
9.3520,-0.074481,-0.008415,0,77.30,NaN
9.3600,-0.077411,-0.003104,0,77.30,NaN
9.3680,-0.080342,-0.005686,0,77.30,NaN
9.3760,-0.083272,-0.008249,0,77.30,NaN
9.3840,-0.085226,-0.010031,0,77.30,NaN
9.3920,-0.083272,-0.010712,0,77.30,NaN
9.4000,-0.083272,-0.010428,0,77.30,NaN
9.4080,-0.081319,-0.009542,0,77.30,NaN
9.4160,-0.080342,-0.008426,0,77.30,NaN
9.4240,-0.078877,-0.007340,0,77.30,NaN
9.4320,-0.077900,-0.006396,0,77.30,NaN
9.4400,-0.076923,-0.005583,0,77.30,NaN
9.4480,-0.076435,-0.004822,0,77.30,NaN
9.4560,-0.074969,-0.004059,0,77.30,NaN
9.4640,-0.076435,0.004627,0,77.30,NaN
9.4720,-0.076923,0.004204,0,77.30,NaN
9.4800,-0.077900,0.003799,0,77.30,NaN
9.4880,-0.077411,0.003596,0,77.30,NaN
9.4960,-0.077900,0.003639,0,77.30,NaN
9.5040,-0.077411,0.003837,0,77.30,NaN
9.5120,-0.075946,0.004012,0,77.30,NaN
9.5200,-0.076923,0.004009,0,77.30,NaN
9.5280,-0.077411,0.003794,0,77.30,NaN
9.5360,-0.076923,0.003411,0,77.30,NaN
9.5440,-0.077900,0.002911,0,77.30,NaN
9.5520,-0.077900,0.002340,0,77.30,NaN
9.5600,-0.078388,0.001738,0,77.30,NaN
9.5680,-0.079365,0.000727,0,77.30,NaN
9.5760,-0.078388,-0.000044,0,77.30,NaN
9.5840,-0.079365,-0.001174,0,77.30,NaN
9.5920,-0.080342,-0.002710,0,77.30,NaN
9.6000,-0.082784,-0.004477,0,77.30,NaN
9.6080,-0.084249,-0.006147,0,77.30,NaN
9.6160,-0.085226,-0.007397,0,77.30,NaN
9.6240,-0.085226,-0.008033,0,77.30,NaN
9.6320,-0.084249,-0.007978,0,77.30,NaN
9.6400,-0.084737,-0.007170,0,77.30,NaN
9.6480,-0.084249,-0.005544,0,77.30,NaN
9.6560,-0.080830,-0.003168,0,77.30,NaN
9.6640,-0.078388,-0.000345,0,77.30,NaN
9.6720,-0.076923,0.008165,0,77.30,NaN
9.6800,-0.077411,0.009044,0,77.30,NaN
9.6880,-0.078877,0.009469,0,77.30,NaN
9.6960,-0.078877,0.009739,0,77.30,NaN
9.7040,-0.076923,0.009920,0,77.30,NaN
9.7120,-0.077411,0.009827,0,77.30,NaN
9.7200,-0.077900,0.009276,0,77.30,NaN
9.7280,-0.079365,0.008284,0,77.30,NaN
9.7360,-0.082295,0.007084,0,77.30,NaN
9.7440,-0.083272,0.005974,0,77.30,NaN
9.7520,-0.083761,0.005126,0,77.30,NaN
9.7600,-0.085226,0.004541,0,77.30,NaN
9.7680,-0.085714,0.004114,0,77.30,NaN
9.7760,-0.086203,-0.003482,0,77.30,NaN
9.7840,-0.086691,-0.003170,0,77.30,NaN
9.7920,-0.085714,-0.002349,0,77.30,NaN
9.8000,-0.085714,-0.001174,0,77.30,NaN
9.8080,-0.082784,-0.000004,0,77.30,NaN
9.8160,-0.082784,0.000695,0,77.30,NaN
9.8240,-0.082295,0.000562,0,77.30,NaN
9.8320,-0.083272,-0.000450,0,77.30,NaN
9.8400,-0.085714,-0.001969,0,77.30,NaN
9.8480,-0.089133,-0.003278,0,77.30,NaN
9.8560,-0.090110,-0.003673,0,77.30,NaN
9.8640,-0.088645,-0.002894,0,77.30,NaN
9.8720,-0.086203,-0.001315,0,77.30,NaN
9.8800,-0.084249,0.001941,0,77.30,NaN
9.8880,-0.082784,0.004466,0,77.30,NaN
9.8960,-0.080342,0.006478,0,77.30,NaN
9.9040,-0.078877,0.007500,0,77.30,NaN
9.9120,-0.079365,0.007293,0,77.30,NaN
9.9200,-0.080830,0.006018,0,77.30,NaN
9.9280,-0.084737,0.004219,0,77.30,NaN
9.9360,-0.086203,0.002565,0,77.30,NaN
9.9440,-0.086203,0.001519,0,77.30,NaN
9.9520,-0.087179,0.001215,0,77.30,NaN
9.9600,-0.086203,0.001541,0,77.30,NaN
9.9680,-0.085714,0.002264,0,77.30,NaN
9.9760,-0.085714,0.003155,0,77.30,NaN
9.9840,-0.084249,-0.002243,0,77.30,NaN
9.9920,-0.084249,-0.001806,0,77.30,NaN
10.0000,-0.084737,-0.001228,0,77.30,NaN
10.0080,-0.085714,-0.000164,0,77.30,NaN
10.0160,-0.082784,0.001548,0,77.30,NaN
10.0240,-0.080342,0.003685,0,77.30,NaN
10.0320,-0.077900,0.005729,0,77.30,NaN
10.0400,-0.077411,0.007132,0,77.30,NaN
10.0480,-0.075946,0.007492,0,77.30,NaN
10.0560,-0.076923,0.006650,0,77.30,NaN
10.0640,-0.079853,0.004742,0,77.30,NaN
10.0720,-0.082295,0.002133,0,77.30,NaN
10.0800,-0.084249,-0.000791,0,77.30,NaN
10.0880,-0.085714,-0.003360,0,77.30,NaN
10.0960,-0.087179,-0.004927,0,77.30,NaN
10.1040,-0.088156,-0.005686,0,77.30,NaN
10.1120,-0.088156,-0.005575,0,77.30,NaN
10.1200,-0.086203,-0.004707,0,77.30,NaN
10.1280,-0.085714,-0.003335,0,77.30,NaN
10.1360,-0.084737,-0.001792,0,77.30,NaN
10.1440,-0.081319,-0.000472,0,77.30,NaN
10.1520,-0.081319,0.000250,0,77.30,NaN
10.1600,-0.080830,0.000208,0,77.30,NaN
10.1680,-0.082295,-0.000487,0,77.30,NaN
10.1760,-0.083761,-0.001557,0,77.30,NaN
10.1840,-0.083761,-0.002752,0,77.30,NaN
10.1920,-0.084249,-0.000428,0,77.30,NaN
10.2000,-0.084249,-0.000040,0,77.30,NaN
10.2080,-0.082295,0.000685,0,77.30,NaN
10.2160,-0.082295,0.001388,0,77.30,NaN
10.2240,-0.080342,0.001720,0,77.30,NaN
10.2320,-0.082295,0.001531,0,77.30,NaN
10.2400,-0.082295,0.000950,0,77.30,NaN
10.2480,-0.084249,0.000277,0,77.30,NaN
10.2560,-0.083761,-0.000210,0,77.30,NaN
10.2640,-0.083761,-0.000389,0,77.30,NaN
10.2720,-0.083272,-0.000286,0,77.30,NaN
10.2800,-0.083272,0.000010,0,77.30,NaN
10.2880,-0.082784,0.000403,0,77.30,NaN
10.2960,-0.080830,-0.021490,0,77.30,NaN
10.3040,-0.077411,-0.020280,0,77.30,NaN
10.3120,-0.074969,-0.019281,0,77.30,NaN
10.3200,-0.073504,-0.018865,0,77.30,NaN
10.3280,-0.073016,-0.019068,0,77.30,NaN
10.3360,-0.074481,-0.019561,0,77.30,NaN
10.3440,-0.073504,-0.019859,0,77.30,NaN
10.3520,-0.071062,-0.019591,0,77.30,NaN
10.3600,-0.070085,-0.018563,0,77.30,NaN
10.3680,-0.068620,-0.016720,0,77.30,NaN
10.3760,-0.062759,-0.014200,0,77.30,NaN
10.3840,-0.058852,-0.011317,0,77.30,NaN
10.3920,-0.055922,-0.008344,0,77.30,NaN
10.4000,-0.056899,-0.050467,0,77.30,NaN
10.4080,-0.057875,-0.052472,0,77.30,NaN
10.4160,-0.055922,-0.053673,0,77.30,NaN
10.4240,-0.053480,-0.053401,0,77.30,NaN
10.4320,-0.046642,-0.051623,0,77.30,NaN
10.4400,-0.039316,-0.048867,0,77.30,NaN
10.4480,-0.034432,-0.045825,0,77.30,NaN
10.4560,-0.027595,-0.042960,0,77.30,NaN
10.4640,-0.022711,-0.040326,0,77.30,NaN
10.4720,-0.017827,-0.037573,0,77.30,NaN
10.4800,-0.012454,-0.034135,0,77.30,NaN
10.4880,-0.007082,-0.029629,0,77.30,NaN
10.4960,0.005128,-0.024296,0,77.30,NaN
10.5040,0.013431,0.074176,0,77.30,NaN
10.5120,0.029060,0.085416,0,77.30,NaN
10.5200,0.038339,0.093955,0,77.30,NaN
10.5280,0.040781,0.098096,0,77.30,NaN
10.5360,0.038828,0.097188,0,77.30,NaN
10.5440,0.034432,0.091677,0,77.30,NaN
10.5520,0.025153,0.082842,0,77.30,NaN
10.5600,0.014408,0.072493,0,77.30,NaN
10.5680,0.005617,0.062552,0,77.30,NaN
10.5760,-0.002686,0.054576,0,77.30,NaN
10.5840,-0.007570,0.049384,0,77.30,NaN
10.5920,-0.007570,0.046821,0,77.30,NaN
10.6000,-0.007570,0.045830,0,77.30,NaN
10.6080,-0.006593,0.087165,0,77.30,NaN
10.6160,-0.007570,0.086956,0,77.30,NaN
10.6240,-0.012943,0.084004,0,77.30,NaN
10.6320,-0.022222,0.078079,0,77.30,NaN
10.6400,-0.031013,0.069764,0,77.30,NaN
10.6480,-0.043712,0.060179,0,77.30,NaN
10.6560,-0.054457,0.050683,0,77.30,NaN
10.6640,-0.064713,0.042557,0,77.30,NaN
10.6720,-0.071551,0.036755,0,77.30,NaN
10.6800,-0.077900,0.033770,0,77.30,NaN
10.6880,-0.079853,0.033568,0,77.30,NaN
10.6960,-0.080342,0.035591,0,77.30,NaN
10.7040,-0.079853,0.038866,0,77.30,NaN
10.7120,-0.079365,-0.020518,0,77.30,NaN
10.7200,-0.083272,-0.021944,0,77.30,NaN
10.7280,-0.085714,-0.024282,0,77.30,NaN
10.7360,-0.091087,-0.026869,0,77.30,NaN
10.7440,-0.094017,-0.028808,0,77.30,NaN
10.7520,-0.096947,-0.029369,0,77.30,NaN
10.7600,-0.094994,-0.028317,0,77.30,NaN
10.7680,-0.094505,-0.025941,0,77.30,NaN
10.7760,-0.093529,-0.022837,0,77.30,NaN
10.7840,-0.090598,-0.019671,0,77.30,NaN
10.7920,-0.091087,-0.016959,0,77.30,NaN
10.8000,-0.091575,-0.014874,0,77.30,NaN
10.8080,-0.093529,-0.013207,0,77.30,NaN
10.8160,-0.094017,-0.037234,0,77.30,NaN
10.8240,-0.094017,-0.035749,0,77.30,NaN
10.8320,-0.093040,-0.033857,0,77.30,NaN
10.8400,-0.093529,-0.031683,0,77.30,NaN
10.8480,-0.093529,-0.029255,0,77.30,NaN
10.8560,-0.093529,-0.026484,0,77.30,NaN
10.8640,-0.093529,-0.023305,0,77.30,NaN
10.8720,-0.091087,-0.019886,0,77.30,NaN
10.8800,-0.088156,-0.016734,0,77.30,NaN
10.8880,-0.088156,-0.014518,0,77.30,NaN
10.8960,-0.087668,-0.013777,0,77.30,NaN
10.9040,-0.088645,-0.014640,0,77.30,NaN
10.9120,-0.094994,-0.016594,0,77.30,NaN
10.9200,-0.105739,-0.431541,0,77.30,NaN
10.9280,-0.120391,-0.465058,0,77.30,NaN
10.9360,-0.138950,-0.500767,0,77.30,NaN
10.9440,-0.156044,-0.535088,0,77.30,NaN
10.9520,-0.164347,-0.563662,0,77.30,NaN
10.9600,-0.164347,-0.582006,0,77.30,NaN
10.9680,-0.152137,-0.586012,0,77.30,NaN
10.9760,-0.119414,-0.572422,0,77.30,NaN
10.9840,-0.070574,-0.539196,0,77.30,NaN
10.9920,-0.005617,-0.485677,0,77.30,NaN
11.0000,0.076923,-0.412920,0,77.30,NaN
11.0080,0.172650,-0.324458,0,77.30,NaN
11.0160,0.292308,-0.227036,0,77.30,NaN
11.0240,0.416850,0.563695,0,77.30,NaN
11.0320,0.543834,0.677906,0,77.30,NaN
11.0400,0.666422,0.790824,0,77.30,NaN
11.0480,0.795849,0.891789,0,77.30,NaN
11.0560,0.911600,0.966349,0,77.30,NaN
11.0640,0.967766,1.000000,1,77.30,NaN
11.0720,0.919902,0.984618,1,77.30,NaN
11.0800,0.781685,0.923001,0,77.30,NaN
11.0880,0.607326,0.827556,0,77.30,NaN
11.0960,0.431990,0.714214,0,77.30,NaN
11.1040,0.249817,0.596158,0,77.30,NaN
11.1120,0.089133,0.480450,0,77.30,NaN
11.1200,-0.067155,0.367897,0,77.30,NaN
11.1280,-0.188767,-0.227661,0,77.30,NaN
11.1360,-0.265446,-0.308636,0,77.30,NaN
11.1440,-0.288889,-0.341574,0,77.30,NaN
11.1520,-0.272772,-0.332375,0,77.30,NaN
11.1600,-0.226374,-0.293040,0,77.30,NaN
11.1680,-0.168742,-0.238749,0,77.30,NaN
11.1760,-0.114530,-0.184360,0,77.30,NaN
11.1840,-0.073016,-0.141392,0,77.30,NaN
11.1920,-0.052503,-0.116289,0,77.30,NaN
11.2000,-0.049573,-0.110267,0,77.30,NaN
11.2080,-0.058852,-0.120506,0,77.30,NaN
11.2160,-0.076435,-0.141959,0,77.30,NaN
11.2240,-0.094017,-0.168882,0,77.30,NaN
11.2320,-0.109646,-0.064110,0,77.30,NaN
11.2400,-0.119414,-0.077227,0,77.30,NaN
11.2480,-0.125763,-0.086078,0,77.30,NaN
11.2560,-0.129670,-0.091058,0,77.30,NaN
11.2640,-0.129182,-0.093231,0,77.30,NaN
11.2720,-0.127228,-0.093789,0,77.30,NaN
11.2800,-0.127717,-0.093495,0,77.30,NaN
11.2880,-0.129182,-0.092310,0,77.30,NaN
11.2960,-0.130159,-0.089454,0,77.30,NaN
11.3040,-0.130159,-0.083846,0,77.30,NaN
11.3120,-0.131136,-0.074654,0,77.30,NaN
11.3200,-0.129182,-0.061885,0,77.30,NaN
11.3280,-0.124786,-0.046781,0,77.30,NaN
11.3360,-0.121856,-0.210617,0,77.30,NaN
11.3440,-0.118437,-0.196953,0,77.30,NaN
11.3520,-0.116972,-0.181098,0,77.30,NaN
11.3600,-0.118437,-0.163621,0,77.30,NaN
11.3680,-0.119414,-0.145145,0,77.30,NaN
11.3760,-0.119414,-0.126535,0,77.30,NaN
11.3840,-0.118926,-0.108963,0,77.30,NaN
11.3920,-0.116972,-0.093810,0,77.30,NaN
11.4000,-0.114042,-0.082501,0,77.30,NaN
11.4080,-0.111600,-0.076221,0,77.30,NaN
11.4160,-0.110623,-0.075460,0,77.30,NaN
11.4240,-0.114042,-0.079539,0,77.30,NaN
11.4320,-0.116484,-0.086507,0,77.30,NaN
11.4400,-0.118437,-0.005120,0,77.30,NaN
11.4480,-0.119414,-0.010119,0,77.30,NaN
11.4560,-0.119414,-0.013646,0,77.30,NaN
11.4640,-0.116972,-0.015069,0,77.30,NaN
11.4720,-0.112576,-0.014476,0,77.30,NaN
11.4800,-0.110134,-0.012454,0,77.30,NaN
11.4880,-0.107692,-0.009736,0,77.30,NaN
11.4960,-0.106716,-0.006980,0,77.30,NaN
11.5040,-0.104274,-0.004740,0,77.30,NaN
11.5120,-0.103785,-0.003442,0,77.30,NaN
11.5200,-0.103785,-0.003290,0,77.30,NaN
11.5280,-0.104274,-0.004180,0,77.30,NaN
11.5360,-0.105739,-0.005702,0,77.30,NaN
11.5440,-0.104762,-0.001710,0,77.30,NaN
11.5520,-0.101832,-0.001454,0,77.30,NaN
11.5600,-0.101343,-0.001116,0,77.30,NaN
11.5680,-0.099878,-0.001014,0,77.30,NaN
11.5760,-0.097924,-0.001394,0,77.30,NaN
11.5840,-0.098413,-0.002275,0,77.30,NaN
11.5920,-0.099878,-0.003350,0,77.30,NaN
11.6000,-0.099878,-0.004137,0,77.30,NaN
11.6080,-0.097924,-0.004287,0,77.30,NaN
11.6160,-0.095482,-0.003743,0,77.30,NaN
11.6240,-0.093040,-0.002624,0,77.30,NaN
11.6320,-0.092063,-0.001074,0,77.30,NaN
11.6400,-0.088156,0.000725,0,77.30,NaN
11.6480,-0.088156,-0.003247,0,77.30,NaN
11.6560,-0.088645,-0.003536,0,77.30,NaN
11.6640,-0.087668,-0.003863,0,77.30,NaN
11.6720,-0.085714,-0.004020,0,77.30,NaN
11.6800,-0.084737,-0.003977,0,77.30,NaN
11.6880,-0.083272,-0.003832,0,77.30,NaN
11.6960,-0.080830,-0.003749,0,77.30,NaN
11.7040,-0.079365,-0.003856,0,77.30,NaN
11.7120,-0.078877,-0.004090,0,77.30,NaN
11.7200,-0.078877,-0.004150,0,77.30,NaN
11.7280,-0.077411,-0.003676,0,77.30,NaN
11.7360,-0.074481,-0.002528,0,77.30,NaN
11.7440,-0.070574,-0.000922,0,77.30,NaN
11.7520,-0.070085,0.003498,0,77.30,NaN
11.7600,-0.071062,0.002719,0,77.30,NaN
11.7680,-0.070085,0.001426,0,77.30,NaN
11.7760,-0.070574,-0.000069,0,77.30,NaN
11.7840,-0.070085,-0.001453,0,77.30,NaN
11.7920,-0.070085,-0.002425,0,77.30,NaN
11.8000,-0.069597,-0.002715,0,77.30,NaN
11.8080,-0.068620,-0.002191,0,77.30,NaN
11.8160,-0.064713,-0.001001,0,77.30,NaN
11.8240,-0.062271,0.000414,0,77.30,NaN
11.8320,-0.058852,0.001488,0,77.30,NaN
11.8400,-0.054945,0.001832,0,77.30,NaN
11.8480,-0.056899,0.001547,0,77.30,NaN
11.8560,-0.057875,0.024338,0,77.30,NaN
11.8640,-0.056899,0.024367,0,77.30,NaN
11.8720,-0.055433,0.024563,0,77.30,NaN
11.8800,-0.054457,0.024807,0,77.30,NaN
11.8880,-0.054457,0.024823,0,77.30,NaN
11.8960,-0.053968,0.024324,0,77.30,NaN
11.9040,-0.054457,0.023074,0,77.30,NaN
11.9120,-0.054457,0.020995,0,77.30,NaN
11.9200,-0.057875,0.018333,0,77.30,NaN
11.9280,-0.062271,0.015676,0,77.30,NaN
11.9360,-0.063248,0.013643,0,77.30,NaN
11.9440,-0.063248,0.012465,0,77.30,NaN
11.9520,-0.062759,0.011872,0,77.30,NaN
11.9600,-0.060806,0.002693,0,77.30,NaN
11.9680,-0.059829,0.003417,0,77.30,NaN
11.9760,-0.058852,0.003913,0,77.30,NaN
11.9840,-0.057875,0.003869,0,77.30,NaN
11.9920,-0.057387,0.003177,0,77.30,NaN
12.0000,-0.058852,0.002030,0,77.30,NaN
12.0080,-0.061783,0.000888,0,77.30,NaN
12.0160,-0.059829,0.000209,0,77.30,NaN
12.0240,-0.060317,0.000174,0,77.30,NaN
12.0320,-0.058852,0.000648,0,77.30,NaN
12.0400,-0.055433,0.001293,0,77.30,NaN
12.0480,-0.056410,0.001813,0,77.30,NaN
12.0560,-0.055922,0.002163,0,77.30,NaN
12.0640,-0.055433,0.014610,0,77.30,NaN
12.0720,-0.055433,0.013300,0,77.30,NaN
12.0800,-0.057875,0.011078,0,77.30,NaN
12.0880,-0.062759,0.008577,0,77.30,NaN
12.0960,-0.066667,0.006706,0,77.30,NaN
12.1040,-0.065201,0.006101,0,77.30,NaN
12.1120,-0.064713,0.006765,0,77.30,NaN
12.1200,-0.062759,0.008148,0,77.30,NaN
12.1280,-0.061294,0.009464,0,77.30,NaN
12.1360,-0.061294,0.010000,0,77.30,NaN
12.1440,-0.061783,0.009356,0,77.30,NaN
12.1520,-0.065201,0.007576,0,77.30,NaN
12.1600,-0.068132,0.005117,0,77.30,NaN
12.1680,-0.072039,0.013305,0,77.30,NaN
12.1760,-0.075458,0.010571,0,77.30,NaN
12.1840,-0.079853,0.008453,0,77.30,NaN
12.1920,-0.080342,0.007186,0,77.30,NaN
12.2000,-0.082295,0.006674,0,77.30,NaN
12.2080,-0.082295,0.006590,0,77.30,NaN
12.2160,-0.084249,0.006555,0,77.30,NaN
12.2240,-0.084737,0.006275,0,77.30,NaN
12.2320,-0.086203,0.005631,0,77.30,NaN
12.2400,-0.089133,0.004744,0,77.30,NaN
12.2480,-0.091575,0.003915,0,77.30,NaN
12.2560,-0.093529,0.003400,0,77.30,NaN
12.2640,-0.093529,0.003187,0,77.30,NaN
12.2720,-0.094017,0.008369,0,77.30,NaN
12.2800,-0.093529,0.009143,0,77.30,NaN
12.2880,-0.096947,0.009729,0,77.30,NaN
12.2960,-0.096947,0.009894,0,77.30,NaN
12.3040,-0.097924,0.009368,0,77.30,NaN
12.3120,-0.100855,0.007934,0,77.30,NaN
12.3200,-0.103297,0.005651,0,77.30,NaN
12.3280,-0.109646,0.003003,0,77.30,NaN
12.3360,-0.114530,0.000783,0,77.30,NaN
12.3440,-0.116972,-0.000299,0,77.30,NaN
12.3520,-0.116972,0.000029,0,77.30,NaN
12.3600,-0.118437,0.001569,0,77.30,NaN
12.3680,-0.117460,0.003810,0,77.30,NaN
12.3760,-0.116972,-0.026394,0,77.30,NaN
12.3840,-0.115507,-0.024193,0,77.30,NaN
12.3920,-0.113553,-0.021740,0,77.30,NaN
12.4000,-0.112088,-0.019291,0,77.30,NaN
12.4080,-0.109646,-0.017086,0,77.30,NaN
12.4160,-0.109646,-0.015300,0,77.30,NaN
12.4240,-0.108181,-0.014022,0,77.30,NaN
12.4320,-0.108181,-0.013260,0,77.30,NaN
12.4400,-0.108181,-0.012898,0,77.30,NaN
12.4480,-0.110134,-0.012673,0,77.30,NaN
12.4560,-0.110623,-0.012275,0,77.30,NaN
12.4640,-0.109646,-0.011552,0,77.30,NaN
12.4720,-0.109158,-0.010597,0,77.30,NaN
12.4800,-0.107692,-0.012233,0,77.30,NaN
12.4880,-0.107692,-0.010811,0,77.30,NaN
12.4960,-0.106716,-0.009058,0,77.30,NaN
12.5040,-0.104762,-0.007066,0,77.30,NaN
12.5120,-0.101343,-0.005133,0,77.30,NaN
12.5200,-0.099878,-0.003615,0,77.30,NaN
12.5280,-0.100855,-0.002672,0,77.30,NaN
12.5360,-0.100366,-0.002232,0,77.30,NaN
12.5440,-0.099878,-0.002162,0,77.30,NaN
12.5520,-0.099878,-0.002386,0,77.30,NaN
12.5600,-0.100366,-0.002849,0,77.30,NaN
12.5680,-0.100855,-0.003483,0,77.30,NaN
12.5760,-0.101343,-0.004206,0,77.30,NaN
12.5840,-0.098901,-0.005891,0,77.30,NaN
12.5920,-0.095971,-0.003922,0,77.30,NaN
12.6000,-0.094505,-0.001482,0,77.30,NaN
12.6080,-0.092063,0.001054,0,77.30,NaN
12.6160,-0.087668,0.003209,0,77.30,NaN
12.6240,-0.085714,0.004511,0,77.30,NaN
12.6320,-0.085714,0.004760,0,77.30,NaN
12.6400,-0.086203,0.004160,0,77.30,NaN
12.6480,-0.087179,0.003152,0,77.30,NaN
12.6560,-0.086691,0.002133,0,77.30,NaN
12.6640,-0.085714,0.001263,0,77.30,NaN
12.6720,-0.085226,0.000508,0,77.30,NaN
12.6800,-0.085226,-0.000215,0,77.30,NaN
12.6880,-0.084249,0.011674,0,77.30,NaN
12.6960,-0.084249,0.011265,0,77.30,NaN
12.7040,-0.084737,0.010248,0,77.30,NaN
12.7120,-0.085714,0.008488,0,77.30,NaN
12.7200,-0.086203,0.006042,0,77.30,NaN
12.7280,-0.090598,0.003280,0,77.30,NaN
12.7360,-0.093529,0.000857,0,77.30,NaN
12.7440,-0.094505,-0.000599,0,77.30,NaN
12.7520,-0.093040,-0.000826,0,77.30,NaN
12.7600,-0.092063,0.000021,0,77.30,NaN
12.7680,-0.088645,0.001554,0,77.30,NaN
12.7760,-0.087668,0.003394,0,77.30,NaN
12.7840,-0.085714,0.005319,0,77.30,NaN
12.7920,-0.084249,0.011699,0,77.30,NaN
12.8000,-0.082295,0.012951,0,77.30,NaN
12.8080,-0.081319,0.013437,0,77.30,NaN
12.8160,-0.081319,0.013087,0,77.30,NaN
12.8240,-0.083761,0.012100,0,77.30,NaN
12.8320,-0.085226,0.010870,0,77.30,NaN
12.8400,-0.085714,0.009761,0,77.30,NaN
12.8480,-0.086203,0.008944,0,77.30,NaN
12.8560,-0.086691,0.008412,0,77.30,NaN
12.8640,-0.087179,0.008043,0,77.30,NaN
12.8720,-0.086203,0.007661,0,77.30,NaN
12.8800,-0.087179,0.007125,0,77.30,NaN
12.8880,-0.088156,0.006446,0,77.30,NaN
12.8960,-0.091087,-0.004611,0,77.30,NaN
12.9040,-0.091087,-0.006488,0,77.30,NaN
12.9120,-0.092552,-0.008256,0,77.30,NaN
12.9200,-0.094017,-0.009711,0,77.30,NaN
12.9280,-0.095971,-0.010617,0,77.30,NaN
12.9360,-0.095482,-0.010827,0,77.30,NaN
12.9440,-0.094017,-0.010418,0,77.30,NaN
12.9520,-0.093040,-0.009617,0,77.30,NaN
12.9600,-0.092552,-0.008621,0,77.30,NaN
12.9680,-0.092063,-0.007511,0,77.30,NaN
12.9760,-0.090110,-0.006327,0,77.30,NaN
12.9840,-0.089133,-0.005116,0,77.30,NaN
12.9920,-0.088156,-0.003910,0,77.30,NaN
13.0000,-0.087179,0.006237,0,77.30,NaN
13.0080,-0.088156,0.007290,0,77.30,NaN
13.0160,-0.086691,0.008159,0,77.30,NaN
13.0240,-0.085714,0.008639,0,77.30,NaN
13.0320,-0.085714,0.008445,0,77.30,NaN
13.0400,-0.086203,0.007445,0,77.30,NaN
13.0480,-0.089133,0.005835,0,77.30,NaN
13.0560,-0.092063,0.004102,0,77.30,NaN
13.0640,-0.092552,0.002758,0,77.30,NaN
13.0720,-0.093529,0.002093,0,77.30,NaN
13.0800,-0.093040,0.002141,0,77.30,NaN
13.0880,-0.093529,0.002763,0,77.30,NaN
13.0960,-0.092552,0.003708,0,77.30,NaN
13.1040,-0.091087,-0.005103,0,77.30,NaN
13.1120,-0.089133,-0.004427,0,77.30,NaN
13.1200,-0.089133,-0.004476,0,77.30,NaN
13.1280,-0.090598,-0.005283,0,77.30,NaN
13.1360,-0.092552,-0.006475,0,77.30,NaN
13.1440,-0.094017,-0.007460,0,77.30,NaN
13.1520,-0.094505,-0.007716,0,77.30,NaN
13.1600,-0.093040,-0.007022,0,77.30,NaN
13.1680,-0.092552,-0.005546,0,77.30,NaN
13.1760,-0.088156,-0.003806,0,77.30,NaN
13.1840,-0.086203,-0.002445,0,77.30,NaN
13.1920,-0.085714,-0.001842,0,77.30,NaN
13.2000,-0.087179,-0.001836,0,77.30,NaN
13.2080,-0.090598,-0.003810,0,77.30,NaN
13.2160,-0.092063,-0.005186,0,77.30,NaN
13.2240,-0.093040,-0.005574,0,77.30,NaN
13.2320,-0.090110,-0.004743,0,77.30,NaN
13.2400,-0.086691,-0.002974,0,77.30,NaN
13.2480,-0.085714,-0.000789,0,77.30,NaN
13.2560,-0.083272,0.001291,0,77.30,NaN
13.2640,-0.080830,0.002793,0,77.30,NaN
13.2720,-0.079365,0.003332,0,77.30,NaN
13.2800,-0.080342,0.002764,0,77.30,NaN
13.2880,-0.082295,0.001275,0,77.30,NaN
13.2960,-0.085226,-0.000745,0,77.30,NaN
13.3040,-0.085714,-0.002953,0,77.30,NaN
13.3120,-0.085226,0.001116,0,77.30,NaN
13.3200,-0.085714,0.001120,0,77.30,NaN
13.3280,-0.084737,0.001269,0,77.30,NaN
13.3360,-0.085226,0.001284,0,77.30,NaN
13.3440,-0.084249,0.000891,0,77.30,NaN
13.3520,-0.085714,-0.000064,0,77.30,NaN
13.3600,-0.086691,-0.001482,0,77.30,NaN
13.3680,-0.092063,-0.002946,0,77.30,NaN
13.3760,-0.093040,-0.003886,0,77.30,NaN
13.3840,-0.093040,-0.003889,0,77.30,NaN
13.3920,-0.090110,-0.002914,0,77.30,NaN
13.4000,-0.086203,-0.001240,0,77.30,NaN
13.4080,-0.084737,0.000759,0,77.30,NaN
13.4160,-0.081319,0.004390,0,77.30,NaN
13.4240,-0.079365,0.005640,0,77.30,NaN
13.4320,-0.079853,0.005758,0,77.30,NaN
13.4400,-0.082295,0.005002,0,77.30,NaN
13.4480,-0.083272,0.003886,0,77.30,NaN
13.4560,-0.084249,0.002877,0,77.30,NaN
13.4640,-0.084249,0.002198,0,77.30,NaN
13.4720,-0.083272,0.001839,0,77.30,NaN
13.4800,-0.084249,0.001711,0,77.30,NaN
13.4880,-0.084737,0.001778,0,77.30,NaN
13.4960,-0.084249,0.002029,0,77.30,NaN
13.5040,-0.083272,0.002405,0,77.30,NaN
13.5120,-0.083272,0.002829,0,77.30,NaN
13.5200,-0.085226,-0.000919,0,77.30,NaN
13.5280,-0.085714,-0.001711,0,77.30,NaN
13.5360,-0.086691,-0.002300,0,77.30,NaN
13.5440,-0.085714,-0.002584,0,77.30,NaN
13.5520,-0.085714,-0.002626,0,77.30,NaN
13.5600,-0.085714,-0.002548,0,77.30,NaN
13.5680,-0.085714,-0.002435,0,77.30,NaN
13.5760,-0.085714,-0.002322,0,77.30,NaN
13.5840,-0.085714,-0.002207,0,77.30,NaN
13.5920,-0.085714,-0.002065,0,77.30,NaN
13.6000,-0.085226,-0.001865,0,77.30,NaN
13.6080,-0.085714,-0.001578,0,77.30,NaN
13.6160,-0.084737,-0.001217,0,77.30,NaN
13.6240,-0.084737,0.001855,0,77.30,NaN
13.6320,-0.084737,0.002272,0,77.30,NaN
13.6400,-0.084249,0.002705,0,77.30,NaN
13.6480,-0.083761,0.003097,0,77.30,NaN
13.6560,-0.083272,0.003374,0,77.30,NaN
13.6640,-0.083272,0.003524,0,77.30,NaN
13.6720,-0.084737,0.003617,0,77.30,NaN
13.6800,-0.083272,0.003698,0,77.30,NaN
13.6880,-0.082784,0.003691,0,77.30,NaN
13.6960,-0.083272,0.003454,0,77.30,NaN
13.7040,-0.083272,0.002916,0,77.30,NaN
13.7120,-0.085226,0.002125,0,77.30,NaN
13.7200,-0.085714,0.001202,0,77.30,NaN
13.7280,-0.085714,-0.009311,0,77.30,NaN
13.7360,-0.085714,-0.009884,0,77.30,NaN
13.7440,-0.085714,-0.010413,0,77.30,NaN
13.7520,-0.085714,-0.010958,0,77.30,NaN
13.7600,-0.085714,-0.011437,0,77.30,NaN
13.7680,-0.087179,-0.011612,0,77.30,NaN
13.7760,-0.086203,-0.011210,0,77.30,NaN
13.7840,-0.085226,-0.010149,0,77.30,NaN
13.7920,-0.081807,-0.008641,0,77.30,NaN
13.8000,-0.080342,-0.007089,0,77.30,NaN
13.8080,-0.078388,-0.005856,0,77.30,NaN
13.8160,-0.077411,-0.005093,0,77.30,NaN
13.8240,-0.077411,-0.004673,0,77.30,NaN
13.8320,-0.076923,0.005737,0,77.30,NaN
13.8400,-0.074481,0.005279,0,77.30,NaN
13.8480,-0.078388,0.004274,0,77.30,NaN
13.8560,-0.078877,0.003098,0,77.30,NaN
13.8640,-0.080830,0.002213,0,77.30,NaN
13.8720,-0.079365,0.001913,0,77.30,NaN
13.8800,-0.080342,0.002226,0,77.30,NaN
13.8880,-0.078388,0.002947,0,77.30,NaN
13.8960,-0.077411,0.003711,0,77.30,NaN
13.9040,-0.076435,0.004135,0,77.30,NaN
13.9120,-0.077411,0.003987,0,77.30,NaN
13.9200,-0.076923,0.003255,0,77.30,NaN
13.9280,-0.078877,0.002150,0,77.30,NaN
13.9360,-0.078877,-0.030526,0,77.30,NaN
13.9440,-0.078877,-0.031332,0,77.30,NaN
13.9520,-0.076435,-0.031328,0,77.30,NaN
13.9600,-0.073016,-0.030680,0,77.30,NaN
13.9680,-0.071551,-0.029592,0,77.30,NaN
13.9760,-0.070085,-0.028121,0,77.30,NaN
13.9840,-0.066667,-0.026272,0,77.30,NaN
13.9920,-0.062271,-0.024191,0,77.30,NaN
14.0000,-0.057875,-0.022159,0,77.30,NaN
14.0080,-0.054457,-0.020337,0,77.30,NaN
14.0160,-0.053968,-0.018566,0,77.30,NaN
14.0240,-0.051526,-0.016528,0,77.30,NaN
14.0320,-0.045177,-0.014167,0,77.30,NaN
14.0400,-0.044200,-0.063000,0,77.30,NaN
14.0480,-0.040293,-0.062724,0,77.30,NaN
14.0560,-0.036386,-0.062199,0,77.30,NaN
14.0640,-0.028571,-0.061826,0,77.30,NaN
14.0720,-0.023687,-0.062034,0,77.30,NaN
14.0800,-0.022711,-0.062749,0,77.30,NaN
14.0880,-0.020269,-0.063192,0,77.30,NaN
14.0960,-0.015873,-0.062253,0,77.30,NaN
14.1040,-0.009035,-0.059042,0,77.30,NaN
14.1120,-0.000244,-0.053283,0,77.30,NaN
14.1200,0.015385,-0.045456,0,77.30,NaN
14.1280,0.029060,-0.036503,0,77.30,NaN
14.1360,0.039316,-0.027219,0,77.30,NaN
14.1440,0.045177,0.102471,0,77.30,NaN
14.1520,0.045665,0.103920,0,77.30,NaN
14.1600,0.040293,0.100403,0,77.30,NaN
14.1680,0.033455,0.093042,0,77.30,NaN
14.1760,0.023687,0.083467,0,77.30,NaN
14.1840,0.013431,0.073440,0,77.30,NaN
14.1920,0.005617,0.064525,0,77.30,NaN
14.2000,-0.003175,0.057787,0,77.30,NaN
14.2080,-0.005128,0.053531,0,77.30,NaN
14.2160,-0.005128,0.051255,0,77.30,NaN
14.2240,-0.006105,0.050028,0,77.30,NaN
14.2320,-0.007570,0.049071,0,77.30,NaN
14.2400,-0.010012,0.048081,0,77.30,NaN
14.2480,-0.018803,0.072195,0,77.30,NaN
14.2560,-0.028571,0.063605,0,77.30,NaN
14.2640,-0.039805,0.053147,0,77.30,NaN
14.2720,-0.054457,0.042275,0,77.30,NaN
14.2800,-0.064713,0.032562,0,77.30,NaN
14.2880,-0.074481,0.025228,0,77.30,NaN
14.2960,-0.080342,0.020797,0,77.30,NaN
14.3040,-0.082295,0.018987,0,77.30,NaN
14.3120,-0.083272,0.018948,0,77.30,NaN
14.3200,-0.085714,0.019755,0,77.30,NaN
14.3280,-0.087668,0.020830,0,77.30,NaN
14.3360,-0.091575,0.022004,0,77.30,NaN
14.3440,-0.092063,0.023285,0,77.30,NaN
14.3520,-0.091575,-0.041409,0,77.30,NaN
14.3600,-0.093040,-0.040617,0,77.30,NaN
14.3680,-0.091087,-0.039026,0,77.30,NaN
14.3760,-0.091087,-0.036811,0,77.30,NaN
14.3840,-0.088645,-0.034315,0,77.30,NaN
14.3920,-0.086691,-0.031978,0,77.30,NaN
14.4000,-0.085714,-0.030147,0,77.30,NaN
14.4080,-0.087179,-0.028851,0,77.30,NaN
14.4160,-0.088645,-0.027782,0,77.30,NaN
14.4240,-0.089133,-0.026522,0,77.30,NaN
14.4320,-0.090598,-0.024793,0,77.30,NaN
14.4400,-0.090110,-0.022570,0,77.30,NaN
14.4480,-0.091087,-0.020046,0,77.30,NaN
14.4560,-0.093529,0.003106,0,77.30,NaN
14.4640,-0.094505,0.004715,0,77.30,NaN
14.4720,-0.096947,0.006449,0,77.30,NaN
14.4800,-0.099878,0.008833,0,77.30,NaN
14.4880,-0.100855,0.012331,0,77.30,NaN
14.4960,-0.098413,0.016934,0,77.30,NaN
14.5040,-0.096459,0.021956,0,77.30,NaN
14.5120,-0.094994,0.026168,0,77.30,NaN
14.5200,-0.094505,0.028141,0,77.30,NaN
14.5280,-0.098413,0.026682,0,77.30,NaN
14.5360,-0.106716,0.021302,0,77.30,NaN
14.5440,-0.118437,0.012488,0,77.30,NaN
14.5520,-0.133089,0.001673,0,77.30,NaN
14.5600,-0.152625,-0.804411,0,77.30,NaN
14.5680,-0.162393,-0.846684,0,77.30,NaN
14.5760,-0.163858,-0.879811,0,77.30,NaN
14.5840,-0.149695,-0.900119,0,77.30,NaN
14.5920,-0.121856,-0.905222,0,77.30,NaN
14.6000,-0.076435,-0.893921,0,77.30,NaN
14.6080,-0.017827,-0.865788,0,77.30,NaN
14.6160,0.054457,-0.820759,0,77.30,NaN
14.6240,0.139438,-0.759251,0,77.30,NaN
14.6320,0.247375,-0.682877,0,77.30,NaN
14.6400,0.368987,-0.594920,0,77.30,NaN
14.6480,0.492552,-0.499710,0,77.30,NaN
14.6560,0.615140,-0.401448,0,77.30,NaN
14.6640,0.735287,0.863914,0,77.30,NaN
14.6720,0.853968,0.942920,0,77.30,NaN
14.6800,0.930159,0.991345,1,77.30,NaN
14.6880,0.915995,1.000000,1,77.30,NaN
14.6960,0.803663,0.967762,0,77.30,NaN
14.7040,0.639560,0.902371,0,77.30,NaN
14.7120,0.468620,0.816896,0,77.30,NaN
14.7200,0.294750,0.725208,0,77.30,NaN
14.7280,0.122833,0.639365,0,77.30,NaN
14.7360,-0.037363,0.568629,0,77.30,NaN
14.7440,-0.164347,0.518289,0,77.30,NaN
14.7520,-0.250305,0.487825,0,77.30,NaN
14.7600,-0.286447,0.469915,0,77.30,NaN
14.7680,-0.277656,-0.243630,0,77.30,NaN
14.7760,-0.239072,-0.207788,0,77.30,NaN
14.7840,-0.185348,-0.154101,0,77.30,NaN
14.7920,-0.129182,-0.097292,0,77.30,NaN
14.8000,-0.085714,-0.049404,0,77.30,NaN
14.8080,-0.061783,-0.017667,0,77.30,NaN
14.8160,-0.055922,-0.003897,0,77.30,NaN
14.8240,-0.063736,-0.005478,0,77.30,NaN
14.8320,-0.078388,-0.017308,0,77.30,NaN
14.8400,-0.095971,-0.033865,0,77.30,NaN
14.8480,-0.112088,-0.050806,0,77.30,NaN
14.8560,-0.124298,-0.065922,0,77.30,NaN
14.8640,-0.129670,-0.079315,0,77.30,NaN
14.8720,-0.131136,-0.152316,0,77.30,NaN
14.8800,-0.130647,-0.157169,0,77.30,NaN
14.8880,-0.132601,-0.160095,0,77.30,NaN
14.8960,-0.132112,-0.161486,0,77.30,NaN
14.9040,-0.132112,-0.161245,0,77.30,NaN
14.9120,-0.129182,-0.159185,0,77.30,NaN
14.9200,-0.123321,-0.155275,0,77.30,NaN
14.9280,-0.122833,-0.149442,0,77.30,NaN
14.9360,-0.123321,-0.141289,0,77.30,NaN
14.9440,-0.122833,-0.130233,0,77.30,NaN
14.9520,-0.121856,-0.115975,0,77.30,NaN
14.9600,-0.124298,-0.098860,0,77.30,NaN
14.9680,-0.124298,-0.080005,0,77.30,NaN
14.9760,-0.125275,-0.135484,0,77.30,NaN
14.9840,-0.124786,-0.116095,0,77.30,NaN
14.9920,-0.123321,-0.095526,0,77.30,NaN
15.0000,-0.119414,-0.075606,0,77.30,NaN
15.0080,-0.116972,-0.058147,0,77.30,NaN
15.0160,-0.116972,-0.044425,0,77.30,NaN
15.0240,-0.115507,-0.035005,0,77.30,NaN
15.0320,-0.114042,-0.029902,0,77.30,NaN
15.0400,-0.112088,-0.028721,0,77.30,NaN
15.0480,-0.112576,-0.030679,0,77.30,NaN
15.0560,-0.111111,-0.034726,0,77.30,NaN
15.0640,-0.109646,-0.039868,0,77.30,NaN
15.0720,-0.106227,-0.045447,0,77.30,NaN
15.0800,-0.102808,-0.007614,0,77.30,NaN
15.0880,-0.101343,-0.008800,0,77.30,NaN
15.0960,-0.101832,-0.009918,0,77.30,NaN
15.1040,-0.101832,-0.010907,0,77.30,NaN
15.1120,-0.103785,-0.011563,0,77.30,NaN
15.1200,-0.103785,-0.011643,0,77.30,NaN
15.1280,-0.103785,-0.010987,0,77.30,NaN
15.1360,-0.102320,-0.009618,0,77.30,NaN
15.1440,-0.099878,-0.007778,0,77.30,NaN
15.1520,-0.095971,-0.005888,0,77.30,NaN
15.1600,-0.094017,-0.004387,0,77.30,NaN
15.1680,-0.089621,-0.003524,0,77.30,NaN
15.1760,-0.090110,-0.003171,0,77.30,NaN
15.1840,-0.086203,0.004372,0,77.30,NaN
15.1920,-0.083272,0.004649,0,77.30,NaN
15.2000,-0.081319,0.003865,0,77.30,NaN
15.2080,-0.084737,0.002146,0,77.30,NaN
15.2160,-0.085226,0.000042,0,77.30,NaN
15.2240,-0.085226,-0.001794,0,77.30,NaN
15.2320,-0.084737,-0.002874,0,77.30,NaN
15.2400,-0.084737,-0.002936,0,77.30,NaN
15.2480,-0.081807,-0.002008,0,77.30,NaN
15.2560,-0.077411,-0.000459,0,77.30,NaN
15.2640,-0.074481,0.001162,0,77.30,NaN
15.2720,-0.070574,0.002445,0,77.30,NaN
15.2800,-0.070085,0.003368,0,77.30,NaN
15.2880,-0.068620,0.006300,0,77.30,NaN
15.2960,-0.069597,0.005856,0,77.30,NaN
15.3040,-0.068132,0.005411,0,77.30,NaN
15.3120,-0.065201,0.005074,0,77.30,NaN
15.3200,-0.064713,0.004746,0,77.30,NaN
15.3280,-0.063736,0.004340,0,77.30,NaN
15.3360,-0.063248,0.003869,0,77.30,NaN
15.3440,-0.061783,0.003387,0,77.30,NaN
15.3520,-0.059829,0.002957,0,77.30,NaN
15.3600,-0.060806,0.002690,0,77.30,NaN
15.3680,-0.058364,0.002707,0,77.30,NaN
15.3760,-0.055922,0.003001,0,77.30,NaN
15.3840,-0.054457,0.003441,0,77.30,NaN
15.3920,-0.052991,0.008175,0,77.30,NaN
15.4000,-0.049573,0.009408,0,77.30,NaN
15.4080,-0.047131,0.010288,0,77.30,NaN
15.4160,-0.045665,0.010483,0,77.30,NaN
15.4240,-0.044200,0.009851,0,77.30,NaN
15.4320,-0.045665,0.008550,0,77.30,NaN
15.4400,-0.045177,0.006983,0,77.30,NaN
15.4480,-0.046154,0.005626,0,77.30,NaN
15.4560,-0.045177,0.004827,0,77.30,NaN
15.4640,-0.043712,0.004666,0,77.30,NaN
15.4720,-0.041270,0.004960,0,77.30,NaN
15.4800,-0.038828,0.005416,0,77.30,NaN
15.4880,-0.038339,0.005860,0,77.30,NaN
15.4960,-0.038339,0.016358,0,77.30,NaN
15.5040,-0.038828,0.015271,0,77.30,NaN
15.5120,-0.039316,0.013572,0,77.30,NaN
15.5200,-0.040293,0.011485,0,77.30,NaN
15.5280,-0.041758,0.009334,0,77.30,NaN
15.5360,-0.043712,0.007524,0,77.30,NaN
15.5440,-0.043223,0.006388,0,77.30,NaN
15.5520,-0.043223,0.006039,0,77.30,NaN
15.5600,-0.041758,0.006302,0,77.30,NaN
15.5680,-0.038828,0.006790,0,77.30,NaN
15.5760,-0.038828,0.007110,0,77.30,NaN
15.5840,-0.038339,0.007093,0,77.30,NaN
15.5920,-0.038339,0.006836,0,77.30,NaN
15.6000,-0.037363,0.015778,0,77.30,NaN
15.6080,-0.038828,0.015576,0,77.30,NaN
15.6160,-0.038828,0.015421,0,77.30,NaN
15.6240,-0.037363,0.015361,0,77.30,NaN
15.6320,-0.037851,0.015335,0,77.30,NaN
15.6400,-0.038339,0.015273,0,77.30,NaN
15.6480,-0.037851,0.015115,0,77.30,NaN
15.6560,-0.038339,0.014762,0,77.30,NaN
15.6640,-0.038828,0.014081,0,77.30,NaN
15.6720,-0.038828,0.012945,0,77.30,NaN
15.6800,-0.041270,0.011317,0,77.30,NaN
15.6880,-0.043223,0.009300,0,77.30,NaN
15.6960,-0.045177,0.007085,0,77.30,NaN
15.7040,-0.046154,0.028415,0,77.30,NaN
15.7120,-0.045177,0.028716,0,77.30,NaN
15.7200,-0.046154,0.028981,0,77.30,NaN
15.7280,-0.048596,0.028971,0,77.30,NaN
15.7360,-0.049573,0.028606,0,77.30,NaN
15.7440,-0.052015,0.027882,0,77.30,NaN
15.7520,-0.054457,0.026795,0,77.30,NaN
15.7600,-0.055922,0.025306,0,77.30,NaN
15.7680,-0.059829,0.023378,0,77.30,NaN
15.7760,-0.063248,0.021060,0,77.30,NaN
15.7840,-0.067643,0.018484,0,77.30,NaN
15.7920,-0.071551,0.015794,0,77.30,NaN
15.8000,-0.075458,0.013088,0,77.30,NaN
15.8080,-0.074969,0.010903,0,77.30,NaN
15.8160,-0.073016,0.013275,0,77.30,NaN
15.8240,-0.070574,0.015897,0,77.30,NaN
15.8320,-0.070085,0.017724,0,77.30,NaN
15.8400,-0.071551,0.018114,0,77.30,NaN
15.8480,-0.075458,0.017052,0,77.30,NaN
15.8560,-0.080342,0.015029,0,77.30,NaN
15.8640,-0.083761,0.012681,0,77.30,NaN
15.8720,-0.086203,0.010479,0,77.30,NaN
15.8800,-0.090598,0.008702,0,77.30,NaN
15.8880,-0.094017,0.007523,0,77.30,NaN
15.8960,-0.096459,0.006971,0,77.30,NaN
15.9040,-0.097924,0.006840,0,77.30,NaN
15.9120,-0.097924,-0.015793,0,77.30,NaN
15.9200,-0.098413,-0.015390,0,77.30,NaN
15.9280,-0.098901,-0.014877,0,77.30,NaN
15.9360,-0.101343,-0.014290,0,77.30,NaN
15.9440,-0.101343,-0.013546,0,77.30,NaN
15.9520,-0.101343,-0.012634,0,77.30,NaN
15.9600,-0.101343,-0.011655,0,77.30,NaN
15.9680,-0.102320,-0.010730,0,77.30,NaN
15.9760,-0.102808,-0.009929,0,77.30,NaN
15.9840,-0.103297,-0.009274,0,77.30,NaN
15.9920,-0.104274,-0.008733,0,77.30,NaN
16.0000,-0.106227,-0.008224,0,77.30,NaN
16.0080,-0.106227,-0.007688,0,77.30,NaN
16.0160,-0.108181,-0.031664,0,77.30,NaN
16.0240,-0.108669,-0.032157,0,77.30,NaN
16.0320,-0.108181,-0.032315,0,77.30,NaN
16.0400,-0.108669,-0.032096,0,77.30,NaN
16.0480,-0.108181,-0.031406,0,77.30,NaN
16.0560,-0.108669,-0.030109,0,77.30,NaN
16.0640,-0.105739,-0.028162,0,77.30,NaN
16.0720,-0.103785,-0.025712,0,77.30,NaN
16.0800,-0.101343,-0.023056,0,77.30,NaN
16.0880,-0.097924,-0.020524,0,77.30,NaN
16.0960,-0.096947,-0.018360,0,77.30,NaN
16.1040,-0.094017,-0.016632,0,77.30,NaN
16.1120,-0.093529,-0.015207,0,77.30,NaN
16.1200,-0.093040,-0.014522,0,77.30,NaN
16.1280,-0.092063,-0.014664,0,77.30,NaN
16.1360,-0.093529,-0.015124,0,77.30,NaN
16.1440,-0.093529,-0.015715,0,77.30,NaN
16.1520,-0.093040,-0.016326,0,77.30,NaN
16.1600,-0.092552,-0.016912,0,77.30,NaN
16.1680,-0.092552,-0.017371,0,77.30,NaN
16.1760,-0.093040,-0.017437,0,77.30,NaN
16.1840,-0.092552,-0.016774,0,77.30,NaN
16.1920,-0.089133,-0.015197,0,77.30,NaN
16.2000,-0.085714,-0.012787,0,77.30,NaN
16.2080,-0.082295,-0.009801,0,77.30,NaN
16.2160,-0.078388,-0.006539,0,77.30,NaN
16.2240,-0.076923,0.010673,0,77.30,NaN
16.2320,-0.077411,0.010298,0,77.30,NaN
16.2400,-0.080342,0.008885,0,77.30,NaN
16.2480,-0.081319,0.007130,0,77.30,NaN
16.2560,-0.083272,0.005633,0,77.30,NaN
16.2640,-0.082295,0.004616,0,77.30,NaN
16.2720,-0.080342,0.003918,0,77.30,NaN
16.2800,-0.081319,0.003299,0,77.30,NaN
16.2880,-0.082295,0.002759,0,77.30,NaN
16.2960,-0.082784,0.002526,0,77.30,NaN
16.3040,-0.081319,0.002790,0,77.30,NaN
16.3120,-0.079365,0.003527,0,77.30,NaN
16.3200,-0.077900,0.004531,0,77.30,NaN
16.3280,-0.079365,0.012682,0,77.30,NaN
16.3360,-0.080342,0.011151,0,77.30,NaN
16.3440,-0.083272,0.009232,0,77.30,NaN
16.3520,-0.084737,0.007440,0,77.30,NaN
16.3600,-0.084737,0.006158,0,77.30,NaN
16.3680,-0.085226,0.005530,0,77.30,NaN
16.3760,-0.085226,0.005496,0,77.30,NaN
16.3840,-0.084249,0.005842,0,77.30,NaN
16.3920,-0.083272,0.006236,0,77.30,NaN
16.4000,-0.082784,0.006352,0,77.30,NaN
16.4080,-0.083272,0.006015,0,77.30,NaN
16.4160,-0.084737,0.005269,0,77.30,NaN
16.4240,-0.085226,0.004302,0,77.30,NaN
16.4320,-0.085714,0.005900,0,77.30,NaN
16.4400,-0.087179,0.004658,0,77.30,NaN
16.4480,-0.089133,0.003482,0,77.30,NaN
16.4560,-0.089133,0.002587,0,77.30,NaN
16.4640,-0.090598,0.002140,0,77.30,NaN
16.4720,-0.090598,0.002202,0,77.30,NaN
16.4800,-0.089621,0.002671,0,77.30,NaN
16.4880,-0.088645,0.003293,0,77.30,NaN
16.4960,-0.089133,0.003778,0,77.30,NaN
16.5040,-0.088645,0.003896,0,77.30,NaN
16.5120,-0.089133,0.003508,0,77.30,NaN
16.5200,-0.090598,0.002619,0,77.30,NaN
16.5280,-0.092552,0.001420,0,77.30,NaN
16.5360,-0.093529,0.006253,0,77.30,NaN
16.5440,-0.093040,0.007421,0,77.30,NaN
16.5520,-0.089621,0.009102,0,77.30,NaN
16.5600,-0.088645,0.010740,0,77.30,NaN
16.5680,-0.088645,0.011861,0,77.30,NaN
16.5760,-0.090110,0.012275,0,77.30,NaN
16.5840,-0.090598,0.011985,0,77.30,NaN
16.5920,-0.091087,0.011038,0,77.30,NaN
16.6000,-0.093529,0.009534,0,77.30,NaN
16.6080,-0.095482,0.007736,0,77.30,NaN
16.6160,-0.100366,0.006063,0,77.30,NaN
16.6240,-0.101832,0.004850,0,77.30,NaN
16.6320,-0.101832,0.004058,0,77.30,NaN
16.6400,-0.101343,-0.012291,0,77.30,NaN
16.6480,-0.098413,-0.009327,0,77.30,NaN
16.6560,-0.093040,-0.005763,0,77.30,NaN
16.6640,-0.088645,-0.002636,0,77.30,NaN
16.6720,-0.087179,-0.000702,0,77.30,NaN
16.6800,-0.089621,-0.000054,0,77.30,NaN
16.6880,-0.090110,-0.000260,0,77.30,NaN
16.6960,-0.090110,-0.000830,0,77.30,NaN
16.7040,-0.089133,-0.001498,0,77.30,NaN
16.7120,-0.090598,-0.002132,0,77.30,NaN
16.7200,-0.092063,-0.002570,0,77.30,NaN
16.7280,-0.092063,-0.002678,0,77.30,NaN
16.7360,-0.091087,-0.002526,0,77.30,NaN
16.7440,-0.091087,0.010936,0,77.30,NaN
16.7520,-0.090110,0.011723,0,77.30,NaN
16.7600,-0.089133,0.012188,0,77.30,NaN
16.7680,-0.091575,0.012313,0,77.30,NaN
16.7760,-0.092552,0.012272,0,77.30,NaN
16.7840,-0.092552,0.012189,0,77.30,NaN
16.7920,-0.092063,0.011970,0,77.30,NaN
16.8000,-0.093040,0.011394,0,77.30,NaN
16.8080,-0.094017,0.010362,0,77.30,NaN
16.8160,-0.097924,0.009022,0,77.30,NaN
16.8240,-0.098901,0.007685,0,77.30,NaN
16.8320,-0.101343,0.006582,0,77.30,NaN
16.8400,-0.101343,0.005706,0,77.30,NaN
16.8480,-0.102320,-0.012692,0,77.30,NaN
16.8560,-0.102320,-0.013130,0,77.30,NaN
16.8640,-0.103297,-0.012603,0,77.30,NaN
16.8720,-0.101832,-0.010831,0,77.30,NaN
16.8800,-0.099878,-0.007797,0,77.30,NaN
16.8880,-0.094505,-0.003964,0,77.30,NaN
16.8960,-0.090110,-0.000251,0,77.30,NaN
16.9040,-0.085714,0.002319,0,77.30,NaN
16.9120,-0.086203,0.003096,0,77.30,NaN
16.9200,-0.087668,0.002079,0,77.30,NaN
16.9280,-0.090598,-0.000213,0,77.30,NaN
16.9360,-0.093040,-0.003133,0,77.30,NaN
16.9440,-0.094017,-0.006240,0,77.30,NaN
16.9520,-0.093529,0.007791,0,77.30,NaN
16.9600,-0.093040,0.008491,0,77.30,NaN
16.9680,-0.092063,0.009590,0,77.30,NaN
16.9760,-0.091575,0.010540,0,77.30,NaN
16.9840,-0.090110,0.010807,0,77.30,NaN
16.9920,-0.092063,0.010077,0,77.30,NaN
17.0000,-0.094017,0.008432,0,77.30,NaN
17.0080,-0.097924,0.006358,0,77.30,NaN
17.0160,-0.101343,0.004523,0,77.30,NaN
17.0240,-0.101832,0.003440,0,77.30,NaN
17.0320,-0.101832,0.003245,0,77.30,NaN
17.0400,-0.101343,0.003743,0,77.30,NaN
17.0480,-0.101343,0.004597,0,77.30,NaN
17.0560,-0.099389,-0.008790,0,77.30,NaN
17.0640,-0.095482,-0.006881,0,77.30,NaN
17.0720,-0.094994,-0.005647,0,77.30,NaN
17.0800,-0.094017,-0.006013,0,77.30,NaN
17.0880,-0.095482,-0.008846,0,77.30,NaN
17.0960,-0.098901,-0.014649,0,77.30,NaN
17.1040,-0.106227,-0.023056,0,77.30,NaN
17.1120,-0.118437,-0.032349,0,77.30,NaN
17.1200,-0.132601,-0.039492,0,77.30,NaN
17.1280,-0.136996,-0.041070,0,77.30,NaN
17.1360,-0.132601,-0.034802,0,77.30,NaN
17.1440,-0.114042,-0.020836,0,77.30,NaN
17.1520,-0.086691,-0.002094,0,77.30,NaN
17.1600,-0.069597,0.022437,0,77.30,NaN
17.1680,-0.061783,0.032387,0,77.30,NaN
17.1760,-0.064713,0.034264,0,77.30,NaN
17.1840,-0.072527,0.029079,0,77.30,NaN
17.1920,-0.084737,0.019377,0,77.30,NaN
17.2000,-0.092552,0.007959,0,77.30,NaN
17.2080,-0.101343,-0.002833,0,77.30,NaN
17.2160,-0.109646,-0.011094,0,77.30,NaN
17.2240,-0.116972,-0.015183,0,77.30,NaN
17.2320,-0.116484,-0.013957,0,77.30,NaN
17.2400,-0.110134,-0.007292,0,77.30,NaN
17.2480,-0.097924,0.003717,0,77.30,NaN
17.2560,-0.086691,0.017079,0,77.30,NaN
17.2640,-0.081807,0.013457,0,77.30,NaN
17.2720,-0.078877,0.016388,0,77.30,NaN
17.2800,-0.083272,0.014942,0,77.30,NaN
17.2880,-0.088645,0.009813,0,77.30,NaN
17.2960,-0.095971,0.002215,0,77.30,NaN
17.3040,-0.101343,-0.006495,0,77.30,NaN
17.3120,-0.109158,-0.014821,0,77.30,NaN
17.3200,-0.117949,-0.020985,0,77.30,NaN
17.3280,-0.122833,-0.023207,0,77.30,NaN
17.3360,-0.120391,-0.020508,0,77.30,NaN
17.3440,-0.108669,-0.013381,0,77.30,NaN
17.3520,-0.094505,-0.003482,0,77.30,NaN
17.3600,-0.090598,0.007497,0,77.30,NaN
17.3680,-0.101832,-0.038813,0,77.30,NaN
17.3760,-0.127228,-0.055535,0,77.30,NaN
17.3840,-0.150672,-0.069709,0,77.30,NaN
17.3920,-0.160440,-0.073716,0,77.30,NaN
17.4000,-0.148230,-0.063486,0,77.30,NaN
17.4080,-0.115995,-0.040820,0,77.30,NaN
17.4160,-0.076435,-0.012755,0,77.30,NaN
17.4240,-0.046642,0.011639,0,77.30,NaN
17.4320,-0.033455,0.025130,0,77.30,NaN
17.4400,-0.038339,0.024711,0,77.30,NaN
17.4480,-0.054457,0.011636,0,77.30,NaN
17.4560,-0.074481,-0.010269,0,77.30,NaN
17.4640,-0.094017,-0.036498,0,77.30,NaN
17.4720,-0.110134,-0.033146,0,77.30,NaN
17.4800,-0.121368,-0.045087,0,77.30,NaN
17.4880,-0.124298,-0.048367,0,77.30,NaN
17.4960,-0.116972,-0.043035,0,77.30,NaN
17.5040,-0.104274,-0.031037,0,77.30,NaN
17.5120,-0.085714,-0.015741,0,77.30,NaN
17.5200,-0.069597,-0.001078,0,77.30,NaN
17.5280,-0.057387,0.009501,0,77.30,NaN
17.5360,-0.053480,0.013867,0,77.30,NaN
17.5440,-0.055433,0.011510,0,77.30,NaN
17.5520,-0.062271,0.003310,0,77.30,NaN
17.5600,-0.074481,-0.008985,0,77.30,NaN
17.5680,-0.084737,-0.023316,0,77.30,NaN
17.5760,-0.089133,-0.010531,0,77.30,NaN
17.5840,-0.090598,-0.017948,0,77.30,NaN
17.5920,-0.093529,-0.024291,0,77.30,NaN
17.6000,-0.101343,-0.029350,0,77.30,NaN
17.6080,-0.107204,-0.032029,0,77.30,NaN
17.6160,-0.107692,-0.031127,0,77.30,NaN
17.6240,-0.099878,-0.026524,0,77.30,NaN
17.6320,-0.087179,-0.019684,0,77.30,NaN
17.6400,-0.077411,-0.013025,0,77.30,NaN
17.6480,-0.071062,-0.008624,0,77.30,NaN
17.6560,-0.073504,-0.007221,0,77.30,NaN
17.6640,-0.076923,-0.008186,0,77.30,NaN
17.6720,-0.074969,-0.010303,0,77.30,NaN
17.6800,-0.063736,-0.047122,0,77.30,NaN
17.6880,-0.053480,-0.041818,0,77.30,NaN
17.6960,-0.041758,-0.036661,0,77.30,NaN
17.7040,-0.033455,-0.033492,0,77.30,NaN
17.7120,-0.031013,-0.033321,0,77.30,NaN
17.7200,-0.031502,-0.035905,0,77.30,NaN
17.7280,-0.034432,-0.039864,0,77.30,NaN
17.7360,-0.038828,-0.043214,0,77.30,NaN
17.7440,-0.036874,-0.044104,0,77.30,NaN
17.7520,-0.030525,-0.041457,0,77.30,NaN
17.7600,-0.022711,-0.035139,0,77.30,NaN
17.7680,-0.010501,-0.025821,0,77.30,NaN
17.7760,0.004640,-0.014825,0,77.30,NaN
17.7840,0.014408,0.124996,0,77.30,NaN
17.7920,0.023199,0.134623,0,77.30,NaN
17.8000,0.025153,0.139490,0,77.30,NaN
17.8080,0.024176,0.139254,0,77.30,NaN
17.8160,0.016361,0.134436,0,77.30,NaN
17.8240,0.004640,0.126235,0,77.30,NaN
17.8320,-0.007570,0.116110,0,77.30,NaN
17.8400,-0.019780,0.105280,0,77.30,NaN
17.8480,-0.028571,0.094519,0,77.30,NaN
17.8560,-0.040293,0.084468,0,77.30,NaN
17.8640,-0.056899,0.076038,0,77.30,NaN
17.8720,-0.069597,0.070016,0,77.30,NaN
17.8800,-0.066667,0.065956,0,77.30,NaN
17.8880,-0.052991,0.076005,0,77.30,NaN
17.8960,-0.033944,0.088824,0,77.30,NaN
17.9040,-0.025153,0.097704,0,77.30,NaN
17.9120,-0.029548,0.098929,0,77.30,NaN
17.9200,-0.041270,0.091870,0,77.30,NaN
17.9280,-0.058852,0.078761,0,77.30,NaN
17.9360,-0.080342,0.063499,0,77.30,NaN
17.9440,-0.096947,0.050072,0,77.30,NaN
17.9520,-0.106716,0.041161,0,77.30,NaN
17.9600,-0.109158,0.037484,0,77.30,NaN
17.9680,-0.110134,0.038185,0,77.30,NaN
17.9760,-0.111111,0.041751,0,77.30,NaN
17.9840,-0.111111,0.046695,0,77.30,NaN
17.9920,-0.112576,-0.040255,0,77.30,NaN
18.0000,-0.116484,-0.042447,0,77.30,NaN
18.0080,-0.121856,-0.045719,0,77.30,NaN
18.0160,-0.127228,-0.049421,0,77.30,NaN
18.0240,-0.131136,-0.052816,0,77.30,NaN
18.0320,-0.134066,-0.055314,0,77.30,NaN
18.0400,-0.136996,-0.056510,0,77.30,NaN
18.0480,-0.136020,-0.056114,0,77.30,NaN
18.0560,-0.136996,-0.053851,0,77.30,NaN
18.0640,-0.135043,-0.049412,0,77.30,NaN
18.0720,-0.132112,-0.042589,0,77.30,NaN
18.0800,-0.127228,-0.033574,0,77.30,NaN
18.0880,-0.118437,-0.023194,0,77.30,NaN
18.0960,-0.103785,0.003835,0,77.30,NaN
18.1040,-0.092063,0.017241,0,77.30,NaN
18.1120,-0.085714,0.026771,0,77.30,NaN
18.1200,-0.085714,0.030928,0,77.30,NaN
18.1280,-0.091087,0.029792,0,77.30,NaN
18.1360,-0.101343,0.024911,0,77.30,NaN
18.1440,-0.111600,0.018666,0,77.30,NaN
18.1520,-0.119902,0.013364,0,77.30,NaN
18.1600,-0.125275,0.010423,0,77.30,NaN
18.1680,-0.125275,0.009949,0,77.30,NaN
18.1760,-0.121368,0.010935,0,77.30,NaN
18.1840,-0.121856,0.012126,0,77.30,NaN
18.1920,-0.127717,0.012988,0,77.30,NaN
18.2000,-0.141392,-0.681479,0,77.30,NaN
18.2080,-0.158974,-0.723899,0,77.30,NaN
18.2160,-0.174115,-0.763909,0,77.30,NaN
18.2240,-0.179487,-0.795974,0,77.30,NaN
18.2320,-0.168254,-0.815166,0,77.30,NaN
18.2400,-0.141880,-0.817997,0,77.30,NaN
18.2480,-0.096947,-0.802460,0,77.30,NaN
18.2560,-0.037363,-0.767647,0,77.30,NaN
18.2640,0.039316,-0.713490,0,77.30,NaN
18.2720,0.133089,-0.641005,0,77.30,NaN
18.2800,0.247375,-0.552817,0,77.30,NaN
18.2880,0.370452,-0.453308,0,77.30,NaN
18.2960,0.497924,-0.348122,0,77.30,NaN
18.3040,0.625885,0.798108,0,77.30,NaN
18.3120,0.749939,0.891882,0,77.30,NaN
18.3200,0.859829,0.962967,1,77.30,NaN
18.3280,0.901832,1.000000,1,77.30,NaN
18.3360,0.861294,0.996655,1,77.30,NaN
18.3440,0.741148,0.954563,0,77.30,NaN
18.3520,0.584860,0.882635,0,77.30,NaN
18.3600,0.411966,0.793740,0,77.30,NaN
18.3680,0.233700,0.701230,0,77.30,NaN
18.3760,0.060317,0.616553,0,77.30,NaN
18.3840,-0.096947,0.547324,0,77.30,NaN
18.3920,-0.211722,0.495149,0,77.30,NaN
18.4000,-0.276679,0.454334,0,77.30,NaN
18.4080,-0.291819,-0.244555,0,77.30,NaN
18.4160,-0.269841,-0.223803,0,77.30,NaN
18.4240,-0.216606,-0.175835,0,77.30,NaN
18.4320,-0.157021,-0.117153,0,77.30,NaN
18.4400,-0.107692,-0.062826,0,77.30,NaN
18.4480,-0.074969,-0.023266,0,77.30,NaN
18.4560,-0.062759,-0.002839,0,77.30,NaN
18.4640,-0.068132,-0.000408,0,77.30,NaN
18.4720,-0.082784,-0.011252,0,77.30,NaN
18.4800,-0.101832,-0.029484,0,77.30,NaN
18.4880,-0.121368,-0.050105,0,77.30,NaN
18.4960,-0.137485,-0.070213,0,77.30,NaN
18.5040,-0.148718,-0.089240,0,77.30,NaN
18.5120,-0.155556,-0.140458,0,77.30,NaN
18.5200,-0.155556,-0.144782,0,77.30,NaN
18.5280,-0.152625,-0.144990,0,77.30,NaN
18.5360,-0.147253,-0.142631,0,77.30,NaN
18.5440,-0.141880,-0.139100,0,77.30,NaN
18.5520,-0.138950,-0.135293,0,77.30,NaN
18.5600,-0.134066,-0.131513,0,77.30,NaN
18.5680,-0.132601,-0.127474,0,77.30,NaN
18.5760,-0.134066,-0.122313,0,77.30,NaN
18.5840,-0.136020,-0.114820,0,77.30,NaN
18.5920,-0.138462,-0.104014,0,77.30,NaN
18.6000,-0.138950,-0.089829,0,77.30,NaN
18.6080,-0.138950,-0.073463,0,77.30,NaN
18.6160,-0.140415,-0.157562,0,77.30,NaN
18.6240,-0.139927,-0.139589,0,77.30,NaN
18.6320,-0.137973,-0.119192,0,77.30,NaN
18.6400,-0.135043,-0.097949,0,77.30,NaN
18.6480,-0.132601,-0.077690,0,77.30,NaN
18.6560,-0.129182,-0.060167,0,77.30,NaN
18.6640,-0.125275,-0.046811,0,77.30,NaN
18.6720,-0.124298,-0.038492,0,77.30,NaN
18.6800,-0.123810,-0.035333,0,77.30,NaN
18.6880,-0.124786,-0.036736,0,77.30,NaN
18.6960,-0.124786,-0.041629,0,77.30,NaN
18.7040,-0.125275,-0.048792,0,77.30,NaN
18.7120,-0.124786,-0.057083,0,77.30,NaN
18.7200,-0.123810,0.001964,0,77.30,NaN
18.7280,-0.120391,0.002529,0,77.30,NaN
18.7360,-0.117460,0.005529,0,77.30,NaN
18.7440,-0.111600,0.010731,0,77.30,NaN
18.7520,-0.105739,0.017489,0,77.30,NaN
18.7600,-0.101343,0.024930,0,77.30,NaN
18.7680,-0.096947,0.032038,0,77.30,NaN
18.7760,-0.092063,0.037540,0,77.30,NaN
18.7840,-0.087179,0.039867,0,77.30,NaN
18.7920,-0.087179,0.037557,0,77.30,NaN
18.8000,-0.094017,0.029991,0,77.30,NaN
18.8080,-0.106716,0.017899,0,77.30,NaN
18.8160,-0.119414,0.003221,0,77.30,NaN
18.8240,-0.130159,-0.005318,0,77.30,NaN
18.8320,-0.134066,-0.010876,0,77.30,NaN
18.8400,-0.133089,-0.010934,0,77.30,NaN
18.8480,-0.125763,-0.006217,0,77.30,NaN
18.8560,-0.116484,0.001174,0,77.30,NaN
18.8640,-0.106716,0.008520,0,77.30,NaN
18.8720,-0.101343,0.013423,0,77.30,NaN
18.8800,-0.099878,0.014598,0,77.30,NaN
18.8880,-0.103785,0.012218,0,77.30,NaN
18.8960,-0.110134,0.007648,0,77.30,NaN
18.9040,-0.116484,0.002640,0,77.30,NaN
18.9120,-0.116972,-0.001647,0,77.30,NaN
18.9200,-0.116972,-0.005164,0,77.30,NaN
18.9280,-0.115995,-0.025167,0,77.30,NaN
18.9360,-0.113553,-0.023742,0,77.30,NaN
18.9440,-0.109646,-0.020699,0,77.30,NaN
18.9520,-0.103297,-0.016695,0,77.30,NaN
18.9600,-0.098901,-0.012589,0,77.30,NaN
18.9680,-0.093529,-0.009311,0,77.30,NaN
18.9760,-0.088156,-0.007666,0,77.30,NaN
18.9840,-0.087668,-0.007989,0,77.30,NaN
18.9920,-0.088156,-0.009792,0,77.30,NaN
19.0000,-0.093040,-0.011808,0,77.30,NaN
19.0080,-0.092552,-0.012608,0,77.30,NaN
19.0160,-0.090110,-0.011479,0,77.30,NaN
19.0240,-0.082295,-0.008929,0,77.30,NaN
19.0320,-0.074969,0.009495,0,77.30,NaN
19.0400,-0.070085,0.014630,0,77.30,NaN
19.0480,-0.065201,0.018805,0,77.30,NaN
19.0560,-0.062271,0.021604,0,77.30,NaN
19.0640,-0.062759,0.023048,0,77.30,NaN
19.0720,-0.060806,0.023338,0,77.30,NaN
19.0800,-0.059341,0.022597,0,77.30,NaN
19.0880,-0.061294,0.020908,0,77.30,NaN
19.0960,-0.062759,0.018508,0,77.30,NaN
19.1040,-0.065690,0.015838,0,77.30,NaN
19.1120,-0.067643,0.013397,0,77.30,NaN
19.1200,-0.068620,0.011492,0,77.30,NaN
19.1280,-0.066667,0.010023,0,77.30,NaN
19.1360,-0.063248,0.018213,0,77.30,NaN
19.1440,-0.057875,0.021533,0,77.30,NaN
19.1520,-0.052991,0.026332,0,77.30,NaN
19.1600,-0.046154,0.032889,0,77.30,NaN
19.1680,-0.041758,0.041718,0,77.30,NaN
19.1760,-0.034432,0.053030,0,77.30,NaN
19.1840,-0.020757,0.065806,0,77.30,NaN
19.1920,-0.006105,0.077200,0,77.30,NaN
19.2000,0.008059,0.083050,0,77.30,NaN
19.2080,0.008059,0.079559,0,77.30,NaN
19.2160,-0.007570,0.065186,0,77.30,NaN
19.2240,-0.031013,0.041471,0,77.30,NaN
19.2320,-0.057875,0.012457,0,77.30,NaN
19.2400,-0.080830,-0.041671,0,77.30,NaN
19.2480,-0.094017,-0.058737,0,77.30,NaN
19.2560,-0.094994,-0.065799,0,77.30,NaN
19.2640,-0.089133,-0.062686,0,77.30,NaN
19.2720,-0.077411,-0.051262,0,77.30,NaN
19.2800,-0.057387,-0.034871,0,77.30,NaN
19.2880,-0.037363,-0.017710,0,77.30,NaN
19.2960,-0.021734,-0.003908,0,77.30,NaN
19.3040,-0.010989,0.003489,0,77.30,NaN
19.3120,-0.012454,0.003220,0,77.30,NaN
19.3200,-0.018315,-0.004120,0,77.30,NaN
19.3280,-0.027595,-0.016632,0,77.30,NaN
19.3360,-0.038828,-0.031813,0,77.30,NaN
19.3440,-0.051526,-0.019598,0,77.30,NaN
19.3520,-0.062271,-0.033881,0,77.30,NaN
19.3600,-0.073016,-0.045928,0,77.30,NaN
19.3680,-0.080830,-0.054768,0,77.30,NaN
19.3760,-0.082784,-0.060032,0,77.30,NaN
19.3840,-0.082295,-0.061991,0,77.30,NaN
19.3920,-0.079853,-0.061294,0,77.30,NaN
19.4000,-0.076435,-0.058585,0,77.30,NaN
19.4080,-0.070574,-0.054240,0,77.30,NaN
19.4160,-0.065690,-0.048310,0,77.30,NaN
19.4240,-0.059341,-0.040695,0,77.30,NaN
19.4320,-0.047131,-0.031526,0,77.30,NaN
19.4400,-0.036386,-0.021412,0,77.30,NaN
19.4480,-0.028571,0.052616,0,77.30,NaN
19.4560,-0.030525,0.051952,0,77.30,NaN
19.4640,-0.038828,0.044210,0,77.30,NaN
19.4720,-0.054457,0.030797,0,77.30,NaN
19.4800,-0.075458,0.014880,0,77.30,NaN
19.4880,-0.094017,0.000411,0,77.30,NaN
19.4960,-0.105739,-0.009279,0,77.30,NaN
19.5040,-0.110134,-0.012646,0,77.30,NaN
19.5120,-0.106227,-0.010213,0,77.30,NaN
19.5200,-0.101343,-0.003883,0,77.30,NaN
19.5280,-0.095971,0.004239,0,77.30,NaN
19.5360,-0.092552,0.012772,0,77.30,NaN
19.5440,-0.087179,0.021248,0,77.30,NaN
19.5520,-0.087668,-0.048928,0,77.30,NaN
19.5600,-0.092552,-0.055410,0,77.30,NaN
19.5680,-0.100855,-0.064487,0,77.30,NaN
19.5760,-0.109646,-0.073931,0,77.30,NaN
19.5840,-0.116972,-0.081276,0,77.30,NaN
19.5920,-0.118437,-0.084562,0,77.30,NaN
19.6000,-0.116972,-0.082854,0,77.30,NaN
19.6080,-0.110134,-0.076405,0,77.30,NaN
19.6160,-0.100366,-0.066541,0,77.30,NaN
19.6240,-0.088156,-0.055320,0,77.30,NaN
19.6320,-0.074969,-0.044926,0,77.30,NaN
19.6400,-0.063736,-0.036745,0,77.30,NaN
19.6480,-0.065201,-0.030462,0,77.30,NaN
19.6560,-0.079365,-0.002650,0,77.30,NaN
19.6640,-0.101832,-0.024287,0,77.30,NaN
19.6720,-0.129182,-0.049516,0,77.30,NaN
19.6800,-0.154579,-0.072711,0,77.30,NaN
19.6880,-0.170208,-0.089080,0,77.30,NaN
19.6960,-0.172650,-0.096221,0,77.30,NaN
19.7040,-0.166300,-0.094553,0,77.30,NaN
19.7120,-0.155556,-0.086461,0,77.30,NaN
19.7200,-0.145299,-0.074842,0,77.30,NaN
19.7280,-0.135043,-0.061964,0,77.30,NaN
19.7360,-0.125275,-0.049057,0,77.30,NaN
19.7440,-0.115507,-0.036502,0,77.30,NaN
19.7520,-0.105739,-0.024204,0,77.30,NaN
19.7600,-0.097924,0.006105,0,77.30,NaN
19.7680,-0.091087,0.013120,0,77.30,NaN
19.7760,-0.088156,0.015819,0,77.30,NaN
19.7840,-0.087668,0.013472,0,77.30,NaN
19.7920,-0.096459,0.006471,0,77.30,NaN
19.8000,-0.107692,-0.003356,0,77.30,NaN
19.8080,-0.119414,-0.013164,0,77.30,NaN
19.8160,-0.126740,-0.020088,0,77.30,NaN
19.8240,-0.128205,-0.022252,0,77.30,NaN
19.8320,-0.122344,-0.019284,0,77.30,NaN
19.8400,-0.115507,-0.012116,0,77.30,NaN
19.8480,-0.104274,-0.002315,0,77.30,NaN
19.8560,-0.097924,0.008627,0,77.30,NaN
19.8640,-0.089133,0.033026,0,77.30,NaN
19.8720,-0.079853,0.043762,0,77.30,NaN
19.8800,-0.070574,0.052170,0,77.30,NaN
19.8880,-0.065201,0.056976,0,77.30,NaN
19.8960,-0.065201,0.057437,0,77.30,NaN
19.9040,-0.070085,0.053773,0,77.30,NaN
19.9120,-0.078388,0.047172,0,77.30,NaN
19.9200,-0.086691,0.039393,0,77.30,NaN
19.9280,-0.094994,0.032221,0,77.30,NaN
19.9360,-0.101343,0.027007,0,77.30,NaN
19.9440,-0.105739,0.024373,0,77.30,NaN
19.9520,-0.106227,0.024082,0,77.30,NaN
19.9600,-0.106227,0.025160,0,77.30,NaN
19.9680,-0.102808,-0.033746,0,77.30,NaN
19.9760,-0.101343,-0.034125,0,77.30,NaN
19.9840,-0.100855,-0.034987,0,77.30,NaN
19.9920,-0.099878,-0.036064,0,77.30,NaN
20.0000,-0.097924,-0.036694,0,77.30,NaN
20.0080,-0.094994,-0.036177,0,77.30,NaN
20.0160,-0.091087,-0.034075,0,77.30,NaN
20.0240,-0.084249,-0.030448,0,77.30,NaN
20.0320,-0.076923,-0.025929,0,77.30,NaN
20.0400,-0.068620,-0.021535,0,77.30,NaN
20.0480,-0.062271,-0.018219,0,77.30,NaN
20.0560,-0.059829,-0.016361,0,77.30,NaN
20.0640,-0.058852,-0.015532,0,77.30,NaN
20.0720,-0.062271,0.028408,0,77.30,NaN
20.0800,-0.070085,0.019713,0,77.30,NaN
20.0880,-0.084737,0.009211,0,77.30,NaN
20.0960,-0.094994,-0.000528,0,77.30,NaN
20.1040,-0.102320,-0.007180,0,77.30,NaN
20.1120,-0.102808,-0.009615,0,77.30,NaN
20.1200,-0.098413,-0.008282,0,77.30,NaN
20.1280,-0.090110,-0.004847,0,77.30,NaN
20.1360,-0.085714,-0.001226,0,77.30,NaN
20.1440,-0.085714,0.001400,0,77.30,NaN
20.1520,-0.085714,0.002887,0,77.30,NaN
20.1600,-0.085714,0.003681,0,77.30,NaN
20.1680,-0.083761,0.004236,0,77.30,NaN
20.1760,-0.080830,-0.008114,0,77.30,NaN
20.1840,-0.079365,-0.007300,0,77.30,NaN
20.1920,-0.078388,-0.007067,0,77.30,NaN
20.2000,-0.080342,-0.007520,0,77.30,NaN
20.2080,-0.080342,-0.008434,0,77.30,NaN
20.2160,-0.082295,-0.009382,0,77.30,NaN
20.2240,-0.082295,-0.009937,0,77.30,NaN
20.2320,-0.080342,-0.009853,0,77.30,NaN
20.2400,-0.079365,-0.009106,0,77.30,NaN
20.2480,-0.076923,-0.007819,0,77.30,NaN
20.2560,-0.074481,-0.006199,0,77.30,NaN
20.2640,-0.070085,-0.004492,0,77.30,NaN
20.2720,-0.069109,-0.002832,0,77.30,NaN
20.2800,-0.068620,0.026184,0,66.96,NaN
20.2880,-0.066667,0.027899,0,66.96,NaN
20.2960,-0.063248,0.029124,0,66.96,NaN
20.3040,-0.063736,0.029896,0,66.96,NaN
20.3120,-0.066667,0.030559,0,66.96,NaN
20.3200,-0.065690,0.031545,0,66.96,NaN
20.3280,-0.064225,0.032920,0,66.96,NaN
20.3360,-0.063248,0.034196,0,66.96,NaN
20.3440,-0.063248,0.034497,0,66.96,NaN
20.3520,-0.064713,0.032874,0,66.96,NaN
20.3600,-0.068132,0.028668,0,66.96,NaN
20.3680,-0.076435,0.021920,0,66.96,NaN
20.3760,-0.087179,0.013582,0,66.96,NaN
20.3840,-0.094994,-0.014582,0,66.96,NaN
20.3920,-0.097924,-0.018261,0,66.96,NaN
20.4000,-0.095971,-0.017845,0,66.96,NaN
20.4080,-0.091575,-0.013346,0,66.96,NaN
20.4160,-0.085226,-0.005668,0,66.96,NaN
20.4240,-0.074969,0.003453,0,66.96,NaN
20.4320,-0.063248,0.011628,0,66.96,NaN
20.4400,-0.056410,0.016490,0,66.96,NaN
20.4480,-0.056899,0.016697,0,66.96,NaN
20.4560,-0.063736,0.012565,0,66.96,NaN
20.4640,-0.074481,0.005758,0,66.96,NaN
20.4720,-0.082295,-0.001848,0,66.96,NaN
20.4800,-0.083272,-0.009318,0,66.96,NaN
20.4880,-0.079365,0.004597,0,66.96,NaN
20.4960,-0.070574,0.010054,0,66.96,NaN
20.5040,-0.064225,0.016333,0,66.96,NaN
20.5120,-0.059341,0.021327,0,66.96,NaN
20.5200,-0.056899,0.023797,0,66.96,NaN
20.5280,-0.060806,0.023702,0,66.96,NaN
20.5360,-0.065201,0.021949,0,66.96,NaN
20.5440,-0.066667,0.019647,0,66.96,NaN
20.5520,-0.067643,0.017447,0,66.96,NaN
20.5600,-0.069597,0.015429,0,66.96,NaN
20.5680,-0.071062,0.013363,0,66.96,NaN
20.5760,-0.073016,0.011016,0,66.96,NaN
20.5840,-0.077411,0.008398,0,66.96,NaN
20.5920,-0.077411,-0.022779,0,66.96,NaN
20.6000,-0.078877,-0.026276,0,66.96,NaN
20.6080,-0.084249,-0.029371,0,66.96,NaN
20.6160,-0.085714,-0.031264,0,66.96,NaN
20.6240,-0.085714,-0.031174,0,66.96,NaN
20.6320,-0.082784,-0.028766,0,66.96,NaN
20.6400,-0.077411,-0.024322,0,66.96,NaN
20.6480,-0.072527,-0.018673,0,66.96,NaN
20.6560,-0.067155,-0.013061,0,66.96,NaN
20.6640,-0.059341,-0.008969,0,66.96,NaN
20.6720,-0.055922,-0.007706,0,66.96,NaN
20.6800,-0.055922,-0.009664,0,66.96,NaN
20.6880,-0.062759,-0.013804,0,66.96,NaN
20.6960,-0.070085,-0.005449,0,66.96,NaN
20.7040,-0.072527,-0.010401,0,66.96,NaN
20.7120,-0.075458,-0.013638,0,66.96,NaN
20.7200,-0.074481,-0.014609,0,66.96,NaN
20.7280,-0.072527,-0.013428,0,66.96,NaN
20.7360,-0.069109,-0.010695,0,66.96,NaN
20.7440,-0.064713,-0.007263,0,66.96,NaN
20.7520,-0.062271,-0.004007,0,66.96,NaN
20.7600,-0.059341,-0.001655,0,66.96,NaN
20.7680,-0.057387,-0.000727,0,66.96,NaN
20.7760,-0.056899,-0.001449,0,66.96,NaN
20.7840,-0.058852,-0.003644,0,66.96,NaN
20.7920,-0.061783,-0.006709,0,66.96,NaN
20.8000,-0.065201,0.005437,0,66.96,NaN
20.8080,-0.068620,0.004006,0,66.96,NaN
20.8160,-0.067155,0.003920,0,66.96,NaN
20.8240,-0.065690,0.005037,0,66.96,NaN
20.8320,-0.064713,0.006759,0,66.96,NaN
20.8400,-0.062271,0.008272,0,66.96,NaN
20.8480,-0.059829,0.008793,0,66.96,NaN
20.8560,-0.060806,0.007934,0,66.96,NaN
20.8640,-0.066667,0.006012,0,66.96,NaN
20.8720,-0.070085,0.003884,0,66.96,NaN
20.8800,-0.071551,0.002350,0,66.96,NaN
20.8880,-0.070085,0.001673,0,66.96,NaN
20.8960,-0.070085,0.001564,0,66.96,NaN
20.9040,-0.070085,-0.019418,0,66.96,NaN
20.9120,-0.072527,-0.022308,0,66.96,NaN
20.9200,-0.074969,-0.025931,0,66.96,NaN
20.9280,-0.077900,-0.029729,0,66.96,NaN
20.9360,-0.080830,-0.032892,0,66.96,NaN
20.9440,-0.082295,-0.034657,0,66.96,NaN
20.9520,-0.078877,-0.034593,0,66.96,NaN
20.9600,-0.078388,-0.032668,0,66.96,NaN
20.9680,-0.074481,-0.029161,0,66.96,NaN
20.9760,-0.069109,-0.024648,0,66.96,NaN
20.9840,-0.062759,-0.019927,0,66.96,NaN
20.9920,-0.056899,-0.015652,0,66.96,NaN
21.0000,-0.055922,-0.011901,0,66.96,NaN
21.0080,-0.059341,0.005450,0,66.96,NaN
21.0160,-0.062271,0.001634,0,66.96,NaN
21.0240,-0.068620,-0.002965,0,66.96,NaN
21.0320,-0.070574,-0.006932,0,66.96,NaN
21.0400,-0.074481,-0.009208,0,66.96,NaN
21.0480,-0.072527,-0.009363,0,66.96,NaN
21.0560,-0.070085,-0.007639,0,66.96,NaN
21.0640,-0.069597,-0.004763,0,66.96,NaN
21.0720,-0.064713,-0.001749,0,66.96,NaN
21.0800,-0.059829,0.000332,0,66.96,NaN
21.0880,-0.062271,0.000839,0,66.96,NaN
21.0960,-0.065690,-0.000078,0,66.96,NaN
21.1040,-0.065690,-0.001748,0,66.96,NaN
21.1120,-0.064713,-0.004456,0,66.96,NaN
21.1200,-0.060806,-0.003265,0,66.96,NaN
21.1280,-0.058852,-0.001942,0,66.96,NaN
21.1360,-0.060317,-0.001073,0,66.96,NaN
21.1440,-0.057387,-0.001103,0,66.96,NaN
21.1520,-0.058852,-0.002297,0,66.96,NaN
21.1600,-0.059829,-0.004584,0,66.96,NaN
21.1680,-0.063248,-0.007386,0,66.96,NaN
21.1760,-0.066667,-0.009685,0,66.96,NaN
21.1840,-0.067643,-0.010404,0,66.96,NaN
21.1920,-0.065201,-0.008901,0,66.96,NaN
21.2000,-0.061783,-0.005276,0,66.96,NaN
21.2080,-0.055433,-0.000362,0,66.96,NaN
21.2160,-0.052991,-0.035858,0,66.96,NaN
21.2240,-0.048107,-0.033878,0,66.96,NaN
21.2320,-0.045665,-0.032383,0,66.96,NaN
21.2400,-0.045177,-0.031036,0,66.96,NaN
21.2480,-0.039805,-0.029414,0,66.96,NaN
21.2560,-0.035409,-0.027350,0,66.96,NaN
21.2640,-0.031502,-0.024973,0,66.96,NaN
21.2720,-0.025153,-0.022559,0,66.96,NaN
21.2800,-0.022711,-0.020351,0,66.96,NaN
21.2880,-0.018803,-0.018457,0,66.96,NaN
21.2960,-0.014896,-0.016873,0,66.96,NaN
21.3040,-0.012454,-0.015541,0,66.96,NaN
21.3120,-0.009035,-0.014365,0,66.96,NaN
21.3200,-0.004151,0.023408,0,66.96,NaN
21.3280,0.007082,0.032627,0,66.96,NaN
21.3360,0.016850,0.043708,0,66.96,NaN
21.3440,0.030037,0.055275,0,66.96,NaN
21.3520,0.042247,0.065459,0,66.96,NaN
21.3600,0.050549,0.072455,0,66.96,NaN
21.3680,0.052015,0.075123,0,66.96,NaN
21.3760,0.051526,0.073230,0,66.96,NaN
21.3840,0.046154,0.067276,0,66.96,NaN
21.3920,0.039316,0.058154,0,66.96,NaN
21.4000,0.030525,0.046861,0,66.96,NaN
21.4080,0.020757,0.034297,0,66.96,NaN
21.4160,0.011477,0.021169,0,66.96,NaN
21.4240,0.008059,0.107033,0,66.96,NaN
21.4320,0.010501,0.107734,0,66.96,NaN
21.4400,0.010989,0.109103,0,66.96,NaN
21.4480,0.008547,0.109210,0,66.96,NaN
21.4560,0.003663,0.106700,0,66.96,NaN
21.4640,-0.006105,0.101110,0,66.96,NaN
21.4720,-0.014408,0.092759,0,66.96,NaN
21.4800,-0.025641,0.082554,0,66.96,NaN
21.4880,-0.038828,0.071933,0,66.96,NaN
21.4960,-0.054457,0.062656,0,66.96,NaN
21.5040,-0.061294,0.056110,0,66.96,NaN
21.5120,-0.066667,0.052558,0,66.96,NaN
21.5200,-0.068620,0.050954,0,66.96,NaN
21.5280,-0.069597,-0.016168,0,66.96,NaN
21.5360,-0.071551,-0.017979,0,66.96,NaN
21.5440,-0.075458,-0.020260,0,66.96,NaN
21.5520,-0.080830,-0.022879,0,66.96,NaN
21.5600,-0.085226,-0.025182,0,66.96,NaN
21.5680,-0.086691,-0.026475,0,66.96,NaN
21.5760,-0.089133,-0.026384,0,66.96,NaN
21.5840,-0.088156,-0.024961,0,66.96,NaN
21.5920,-0.086691,-0.022603,0,66.96,NaN
21.6000,-0.086203,-0.019816,0,66.96,NaN
21.6080,-0.086203,-0.016940,0,66.96,NaN
21.6160,-0.086203,-0.014085,0,66.96,NaN
21.6240,-0.085714,-0.011234,0,66.96,NaN
21.6320,-0.083272,-0.037993,0,66.96,NaN
21.6400,-0.080342,-0.034476,0,66.96,NaN
21.6480,-0.078877,-0.030845,0,66.96,NaN
21.6560,-0.078877,-0.027344,0,66.96,NaN
21.6640,-0.077900,-0.024093,0,66.96,NaN
21.6720,-0.077900,-0.021186,0,66.96,NaN
21.6800,-0.077900,-0.018760,0,66.96,NaN
21.6880,-0.078388,-0.016967,0,66.96,NaN
21.6960,-0.079365,-0.015883,0,66.96,NaN
21.7040,-0.082295,-0.015412,0,66.96,NaN
21.7120,-0.085226,-0.015307,0,66.96,NaN
21.7200,-0.085714,-0.015344,0,66.96,NaN
21.7280,-0.088156,-0.015425,0,66.96,NaN
21.7360,-0.088156,-0.141263,0,66.96,NaN
21.7440,-0.092552,-0.150592,0,66.96,NaN
21.7520,-0.099878,-0.163501,0,66.96,NaN
21.7600,-0.109646,-0.180275,0,66.96,NaN
21.7680,-0.122833,-0.200050,0,66.96,NaN
21.7760,-0.137485,-0.220513,0,66.96,NaN
21.7840,-0.149695,-0.237889,0,66.96,NaN
21.7920,-0.156532,-0.247383,0,66.96,NaN
21.8000,-0.151648,-0.244087,0,66.96,NaN
21.8080,-0.132112,-0.224284,0,66.96,NaN
21.8160,-0.095482,-0.186846,0,66.96,NaN
21.8240,-0.041758,-0.134308,0,66.96,NaN
21.8320,0.025153,-0.073015,0,66.96,NaN
21.8400,0.105250,-0.114478,0,66.96,NaN
21.8480,0.208791,-0.006327,0,66.96,NaN
21.8560,0.332845,0.121493,0,66.96,NaN
21.8640,0.462271,0.265105,0,66.96,NaN
21.8720,0.595116,0.417012,0,66.96,NaN
21.8800,0.731380,0.564215,0,66.96,NaN
21.8880,0.870574,0.686615,0,66.96,NaN
21.8960,0.982906,0.759158,0,66.96,NaN
21.9040,1.000000,0.759353,1,66.96,NaN
21.9120,0.943346,0.676545,1,66.96,NaN
21.9200,0.778755,0.516890,0,66.96,NaN
21.9280,0.584860,0.300922,0,66.96,NaN
21.9360,0.398779,0.056097,0,66.96,NaN
21.9440,0.219536,0.228080,0,66.96,NaN
21.9520,0.054945,0.047359,0,66.96,NaN
21.9600,-0.092063,-0.101411,0,66.96,NaN
21.9680,-0.199512,-0.208927,0,66.96,NaN
21.9760,-0.262515,-0.270470,0,66.96,NaN
21.9840,-0.277656,-0.287315,0,66.96,NaN
21.9920,-0.252259,-0.267227,0,66.96,NaN
22.0000,-0.201465,-0.223121,0,66.96,NaN
22.0080,-0.145788,-0.169967,0,66.96,NaN
22.0160,-0.096459,-0.121002,0,66.96,NaN
22.0240,-0.061294,-0.084523,0,66.96,NaN
22.0320,-0.045665,-0.062061,0,66.96,NaN
22.0400,-0.046642,-0.048473,0,66.96,NaN
22.0480,-0.056899,-0.008787,0,66.96,NaN
22.0560,-0.075458,-0.022886,0,66.96,NaN
22.0640,-0.093529,-0.039511,0,66.96,NaN
22.0720,-0.108669,-0.054428,0,66.96,NaN
22.0800,-0.117949,-0.064994,0,66.96,NaN
22.0880,-0.123321,-0.070209,0,66.96,NaN
22.0960,-0.119902,-0.070412,0,66.96,NaN
22.1040,-0.116972,-0.066744,0,66.96,NaN
22.1120,-0.110623,-0.060557,0,66.96,NaN
22.1200,-0.103785,-0.052980,0,66.96,NaN
22.1280,-0.100366,-0.044724,0,66.96,NaN
22.1360,-0.095482,-0.036113,0,66.96,NaN
22.1440,-0.093040,-0.027275,0,66.96,NaN
22.1520,-0.092063,-0.226150,0,66.96,NaN
22.1600,-0.093040,-0.224528,0,66.96,NaN
22.1680,-0.094994,-0.220060,0,66.96,NaN
22.1760,-0.096459,-0.211338,0,66.96,NaN
22.1840,-0.096459,-0.197508,0,66.96,NaN
22.1920,-0.093040,-0.178907,0,66.96,NaN
22.2000,-0.087179,-0.157398,0,66.96,NaN
22.2080,-0.083761,-0.136024,0,66.96,NaN
22.2160,-0.084249,-0.118070,0,66.96,NaN
22.2240,-0.088156,-0.106018,0,66.96,NaN
22.2320,-0.096459,-0.100815,0,66.96,NaN
22.2400,-0.105739,-0.101610,0,66.96,NaN
22.2480,-0.116972,-0.105945,0,66.96,NaN
22.2560,-0.120391,-0.032138,0,66.96,NaN
22.2640,-0.118926,-0.031880,0,66.96,NaN
22.2720,-0.113065,-0.028467,0,66.96,NaN
22.2800,-0.101343,-0.022037,0,66.96,NaN
22.2880,-0.085714,-0.013714,0,66.96,NaN
22.2960,-0.073504,-0.005188,0,66.96,NaN
22.3040,-0.062271,0.001822,0,66.96,NaN
22.3120,-0.053968,0.005988,0,66.96,NaN
22.3200,-0.053480,0.006705,0,66.96,NaN
22.3280,-0.056410,0.004244,0,66.96,NaN
22.3360,-0.061783,-0.000491,0,66.96,NaN
22.3440,-0.067643,-0.006457,0,66.96,NaN
22.3520,-0.071062,-0.012891,0,66.96,NaN
22.3600,-0.071062,0.012228,0,66.96,NaN
22.3680,-0.069109,0.012850,0,66.96,NaN
22.3760,-0.065690,0.014497,0,66.96,NaN
22.3840,-0.061294,0.016222,0,66.96,NaN
22.3920,-0.061783,0.017306,0,66.96,NaN
22.4000,-0.059341,0.017481,0,66.96,NaN
22.4080,-0.061294,0.016836,0,66.96,NaN
22.4160,-0.059829,0.015591,0,66.96,NaN
22.4240,-0.059829,0.013968,0,66.96,NaN
22.4320,-0.062759,0.012217,0,66.96,NaN
22.4400,-0.062759,0.010614,0,66.96,NaN
22.4480,-0.063736,0.009311,0,66.96,NaN
22.4560,-0.063248,0.008235,0,66.96,NaN
22.4640,-0.061783,-0.007587,0,66.96,NaN
22.4720,-0.061294,-0.007758,0,66.96,NaN
22.4800,-0.059829,-0.007569,0,66.96,NaN
22.4880,-0.057875,-0.007095,0,66.96,NaN
22.4960,-0.054457,-0.006413,0,66.96,NaN
22.5040,-0.053968,-0.005519,0,66.96,NaN
22.5120,-0.052991,-0.004323,0,66.96,NaN
22.5200,-0.049084,-0.002846,0,66.96,NaN
22.5280,-0.045177,-0.001404,0,66.96,NaN
22.5360,-0.042247,-0.000476,0,66.96,NaN
22.5440,-0.040293,-0.000407,0,66.96,NaN
22.5520,-0.038828,-0.001221,0,66.96,NaN
22.5600,-0.038339,-0.002597,0,66.96,NaN
22.5680,-0.036874,0.047602,0,66.96,NaN
22.5760,-0.033455,0.049266,0,66.96,NaN
22.5840,-0.032967,0.049472,0,66.96,NaN
22.5920,-0.033455,0.046864,0,66.96,NaN
22.6000,-0.038828,0.040287,0,66.96,NaN
22.6080,-0.049573,0.029397,0,66.96,NaN
22.6160,-0.061783,0.015160,0,66.96,NaN
22.6240,-0.079853,0.000110,0,66.96,NaN
22.6320,-0.096459,-0.011879,0,66.96,NaN
22.6400,-0.107692,-0.016637,0,66.96,NaN
22.6480,-0.105739,-0.011438,0,66.96,NaN
22.6560,-0.088645,0.003419,0,66.96,NaN
22.6640,-0.064225,0.024224,0,66.96,NaN
22.6720,-0.035409,0.021049,0,66.96,NaN
22.6800,-0.007570,0.047096,0,66.96,NaN
22.6880,0.012943,0.066576,0,66.96,NaN
22.6960,0.019780,0.076453,0,66.96,NaN
22.7040,0.015385,0.076382,0,66.96,NaN
22.7120,0.007570,0.068376,0,66.96,NaN
22.7200,-0.007570,0.055871,0,66.96,NaN
22.7280,-0.021734,0.042681,0,66.96,NaN
22.7360,-0.030525,0.032036,0,66.96,NaN
22.7440,-0.036874,0.025921,0,66.96,NaN
22.7520,-0.037363,0.024849,0,66.96,NaN
22.7600,-0.031990,0.027950,0,66.96,NaN
22.7680,-0.027106,0.033351,0,66.96,NaN
22.7760,-0.023199,-0.027599,0,66.96,NaN
22.7840,-0.022711,-0.027296,0,66.96,NaN
22.7920,-0.021734,-0.028087,0,66.96,NaN
22.8000,-0.021245,-0.029257,0,66.96,NaN
22.8080,-0.020757,-0.029677,0,66.96,NaN
22.8160,-0.018803,-0.028187,0,66.96,NaN
22.8240,-0.014896,-0.024093,0,66.96,NaN
22.8320,-0.006105,-0.017732,0,66.96,NaN
22.8400,0.008059,-0.010709,0,66.96,NaN
22.8480,0.015873,-0.005393,0,66.96,NaN
22.8560,0.023199,-0.003824,0,66.96,NaN
22.8640,0.022222,-0.006610,0,66.96,NaN
22.8720,0.012943,-0.012356,0,66.96,NaN
22.8800,-0.007570,0.085509,0,66.96,NaN
22.8880,-0.031990,0.062764,0,66.96,NaN
22.8960,-0.061783,0.038879,0,66.96,NaN
22.9040,-0.087179,0.018584,0,66.96,NaN
22.9120,-0.101343,0.005442,0,66.96,NaN
22.9200,-0.105250,0.000586,0,66.96,NaN
22.9280,-0.100855,0.002507,0,66.96,NaN
22.9360,-0.092552,0.007955,0,66.96,NaN
22.9440,-0.086203,0.013491,0,66.96,NaN
22.9520,-0.087668,0.016950,0,66.96,NaN
22.9600,-0.093040,0.017977,0,66.96,NaN
22.9680,-0.095971,0.017395,0,66.96,NaN
22.9760,-0.097924,0.016187,0,66.96,NaN
22.9840,-0.094017,-0.000080,0,66.96,NaN
22.9920,-0.086203,0.008555,0,66.96,NaN
23.0000,-0.078388,0.018836,0,66.96,NaN
23.0080,-0.070574,0.028872,0,66.96,NaN
23.0160,-0.067155,0.037006,0,66.96,NaN
23.0240,-0.066667,0.042228,0,66.96,NaN
23.0320,-0.067155,0.044152,0,66.96,NaN
23.0400,-0.070085,0.042828,0,66.96,NaN
23.0480,-0.077900,0.038641,0,66.96,NaN
23.0560,-0.085714,0.032259,0,66.96,NaN
23.0640,-0.095971,0.024477,0,66.96,NaN
23.0720,-0.108181,0.016033,0,66.96,NaN
23.0800,-0.116972,0.007410,0,66.96,NaN
23.0880,-0.120391,-0.089701,0,66.96,NaN
23.0960,-0.127228,-0.100657,0,66.96,NaN
23.1040,-0.137485,-0.112115,0,66.96,NaN
23.1120,-0.149695,-0.122818,0,66.96,NaN
23.1200,-0.160440,-0.130365,0,66.96,NaN
23.1280,-0.163370,-0.132241,0,66.96,NaN
23.1360,-0.157021,-0.127076,0,66.96,NaN
23.1440,-0.145788,-0.115401,0,66.96,NaN
23.1520,-0.125275,-0.099634,0,66.96,NaN
23.1600,-0.106716,-0.083243,0,66.96,NaN
23.1680,-0.092063,-0.069323,0,66.96,NaN
23.1760,-0.083272,-0.059212,0,66.96,NaN
23.1840,-0.082784,-0.051881,0,66.96,NaN
23.1920,-0.084249,0.049347,0,66.96,NaN
23.2000,-0.091087,0.045666,0,66.96,NaN
23.2080,-0.099878,0.039169,0,66.96,NaN
23.2160,-0.106716,0.031644,0,66.96,NaN
23.2240,-0.115995,0.024555,0,66.96,NaN
23.2320,-0.121368,0.018881,0,66.96,NaN
23.2400,-0.125763,0.015071,0,66.96,NaN
23.2480,-0.129670,0.013139,0,66.96,NaN
23.2560,-0.131624,0.012800,0,66.96,NaN
23.2640,-0.131136,0.013571,0,66.96,NaN
23.2720,-0.132112,0.014912,0,66.96,NaN
23.2800,-0.131624,0.016416,0,66.96,NaN
23.2880,-0.133089,0.017916,0,66.96,NaN
23.2960,-0.132601,-0.019974,0,66.96,NaN
23.3040,-0.133089,-0.019006,0,66.96,NaN
23.3120,-0.132601,-0.017410,0,66.96,NaN
23.3200,-0.129670,-0.015331,0,66.96,NaN
23.3280,-0.129182,-0.013127,0,66.96,NaN
23.3360,-0.127717,-0.011211,0,66.96,NaN
23.3440,-0.126252,-0.009909,0,66.96,NaN
23.3520,-0.127717,-0.009328,0,66.96,NaN
23.3600,-0.127717,-0.009286,0,66.96,NaN
23.3680,-0.130159,-0.009406,0,66.96,NaN
23.3760,-0.129182,-0.009337,0,66.96,NaN
23.3840,-0.128205,-0.008949,0,66.96,NaN
23.3920,-0.127228,-0.008349,0,66.96,NaN
23.4000,-0.128205,-0.001492,0,66.96,NaN
23.4080,-0.131624,-0.003972,0,66.96,NaN
23.4160,-0.132112,-0.007850,0,66.96,NaN
23.4240,-0.136020,-0.012883,0,66.96,NaN
23.4320,-0.141392,-0.018350,0,66.96,NaN
23.4400,-0.147741,-0.023096,0,66.96,NaN
23.4480,-0.148718,-0.025963,0,66.96,NaN
23.4560,-0.149206,-0.026281,0,66.96,NaN
23.4640,-0.146276,-0.024069,0,66.96,NaN
23.4720,-0.141392,-0.019913,0,66.96,NaN
23.4800,-0.137485,-0.014638,0,66.96,NaN
23.4880,-0.132601,-0.008941,0,66.96,NaN
23.4960,-0.129670,-0.003177,0,66.96,NaN
23.5040,-0.128205,-0.012210,0,66.96,NaN
23.5120,-0.129182,-0.012774,0,66.96,NaN
23.5200,-0.131136,-0.014900,0,66.96,NaN
23.5280,-0.133089,-0.017763,0,66.96,NaN
23.5360,-0.136996,-0.020268,0,66.96,NaN
23.5440,-0.139438,-0.021356,0,66.96,NaN
23.5520,-0.135043,-0.020473,0,66.96,NaN
23.5600,-0.132601,-0.017836,0,66.96,NaN
23.5680,-0.125763,-0.014280,0,66.96,NaN
23.5760,-0.121856,-0.010848,0,66.96,NaN
23.5840,-0.117949,-0.008355,0,66.96,NaN
23.5920,-0.116484,-0.007055,0,66.96,NaN
23.6000,-0.116484,-0.006574,0,66.96,NaN
23.6080,-0.116972,0.020653,0,66.96,NaN
23.6160,-0.120391,0.018192,0,66.96,NaN
23.6240,-0.124786,0.015092,0,66.96,NaN
23.6320,-0.127228,0.012001,0,66.96,NaN
23.6400,-0.129670,0.009364,0,66.96,NaN
23.6480,-0.132112,0.007364,0,66.96,NaN
23.6560,-0.132601,0.005995,0,66.96,NaN
23.6640,-0.134066,0.005170,0,66.96,NaN
23.6720,-0.135043,0.004815,0,66.96,NaN
23.6800,-0.135043,0.004897,0,66.96,NaN
23.6880,-0.135043,0.005376,0,66.96,NaN
23.6960,-0.135043,0.006180,0,66.96,NaN
23.7040,-0.134066,0.007182,0,66.96,NaN
23.7120,-0.134066,0.039945,0,66.96,NaN
23.7200,-0.132601,0.042453,0,66.96,NaN
23.7280,-0.132601,0.044742,0,66.96,NaN
23.7360,-0.132601,0.046515,0,66.96,NaN
23.7440,-0.132112,0.047404,0,66.96,NaN
23.7520,-0.133578,0.047032,0,66.96,NaN
23.7600,-0.136996,0.045167,0,66.96,NaN
23.7680,-0.140415,0.041858,0,66.96,NaN
23.7760,-0.148230,0.037494,0,66.96,NaN
23.7840,-0.154579,0.032705,0,66.96,NaN
23.7920,-0.160928,0.028102,0,66.96,NaN
23.8000,-0.167277,0.024013,0,66.96,NaN
23.8080,-0.171184,0.020354,0,66.96,NaN
23.8160,-0.171673,-0.045708,0,66.96,NaN
23.8240,-0.163858,-0.038453,0,66.96,NaN
23.8320,-0.149206,-0.026879,0,66.96,NaN
23.8400,-0.133089,-0.013216,0,66.96,NaN
23.8480,-0.118926,-0.000140,0,66.96,NaN
23.8560,-0.111111,0.010123,0,66.96,NaN
23.8640,-0.102808,0.016225,0,66.96,NaN
23.8720,-0.101832,0.017750,0,66.96,NaN
23.8800,-0.104762,0.015169,0,66.96,NaN
23.8880,-0.111600,0.009632,0,66.96,NaN
23.8960,-0.117949,0.002494,0,66.96,NaN
23.9040,-0.124786,-0.005200,0,66.96,NaN
23.9120,-0.129670,-0.012965,0,66.96,NaN
23.9200,-0.131624,0.013847,0,66.96,NaN
23.9280,-0.132601,0.012909,0,66.96,NaN
23.9360,-0.132601,0.013862,0,66.96,NaN
23.9440,-0.131624,0.016582,0,66.96,NaN
23.9520,-0.129182,0.020823,0,66.96,NaN
23.9600,-0.125275,0.025974,0,66.96,NaN
23.9680,-0.117460,0.030902,0,66.96,NaN
23.9760,-0.115507,0.034186,0,66.96,NaN
23.9840,-0.115018,0.034611,0,66.96,NaN
23.9920,-0.117460,0.031569,0,66.96,NaN
24.0000,-0.126252,0.025223,0,66.96,NaN
24.0080,-0.135531,0.016420,0,66.96,NaN
24.0160,-0.144811,0.006363,0,66.96,NaN
24.0240,-0.149206,0.024791,0,66.96,NaN
24.0320,-0.146764,0.032270,0,66.96,NaN
24.0400,-0.131136,0.047048,0,66.96,NaN
24.0480,-0.110623,0.066613,0,66.96,NaN
24.0560,-0.091087,0.086655,0,66.96,NaN
24.0640,-0.076923,0.102391,0,66.96,NaN
24.0720,-0.067643,0.109844,0,66.96,NaN
24.0800,-0.070085,0.106964,0,66.96,NaN
24.0880,-0.087179,0.094488,0,66.96,NaN
24.0960,-0.115507,0.075858,0,66.96,NaN
24.1040,-0.139927,0.055610,0,66.96,NaN
24.1120,-0.156532,0.036944,0,66.96,NaN
24.1200,-0.163858,0.020220,0,66.96,NaN
24.1280,-0.158974,-0.025329,0,66.96,NaN
24.1360,-0.149695,-0.017659,0,66.96,NaN
24.1440,-0.138950,-0.004529,0,66.96,NaN
24.1520,-0.125275,0.011125,0,66.96,NaN
24.1600,-0.109646,0.026241,0,66.96,NaN
24.1680,-0.097924,0.037949,0,66.96,NaN
24.1760,-0.092552,0.044159,0,66.96,NaN
24.1840,-0.094994,0.044127,0,66.96,NaN
24.1920,-0.101832,0.038607,0,66.96,NaN
24.2000,-0.115995,0.029457,0,66.96,NaN
24.2080,-0.126252,0.018781,0,66.96,NaN
24.2160,-0.135043,0.008014,0,66.96,NaN
24.2240,-0.142857,-0.002445,0,66.96,NaN
24.2320,-0.147253,-0.041551,0,66.96,NaN
24.2400,-0.148230,-0.043134,0,66.96,NaN
24.2480,-0.145788,-0.040292,0,66.96,NaN
24.2560,-0.136996,-0.033524,0,66.96,NaN
24.2640,-0.125763,-0.024012,0,66.96,NaN
24.2720,-0.116484,-0.013353,0,66.96,NaN
24.2800,-0.106227,-0.003275,0,66.96,NaN
24.2880,-0.096459,0.004499,0,66.96,NaN
24.2960,-0.091087,0.008474,0,66.96,NaN
24.3040,-0.092552,0.007735,0,66.96,NaN
24.3120,-0.094505,0.002173,0,66.96,NaN
24.3200,-0.101343,-0.007452,0,66.96,NaN
24.3280,-0.113553,-0.019461,0,66.96,NaN
24.3360,-0.118437,0.003836,0,66.96,NaN
24.3440,-0.118437,0.002723,0,66.96,NaN
24.3520,-0.115507,0.004938,0,66.96,NaN
24.3600,-0.109646,0.008533,0,66.96,NaN
24.3680,-0.102808,0.010649,0,66.96,NaN
24.3760,-0.103785,0.008815,0,66.96,NaN
24.3840,-0.113553,0.002326,0,66.96,NaN
24.3920,-0.127228,-0.007145,0,66.96,NaN
24.4000,-0.140904,-0.016150,0,66.96,NaN
24.4080,-0.148230,-0.020917,0,66.96,NaN
24.4160,-0.146276,-0.018982,0,66.96,NaN
24.4240,-0.134066,-0.010326,0,66.96,NaN
24.4320,-0.116484,0.002503,0,66.96,NaN
24.4400,-0.093040,-0.003008,0,66.96,NaN
24.4480,-0.070574,0.016110,0,66.96,NaN
24.4560,-0.049084,0.032321,0,66.96,NaN
24.4640,-0.036386,0.042562,0,66.96,NaN
24.4720,-0.031013,0.045104,0,66.96,NaN
24.4800,-0.039316,0.040168,0,66.96,NaN
24.4880,-0.054457,0.029977,0,66.96,NaN
24.4960,-0.068620,0.018034,0,66.96,NaN
24.5040,-0.080342,0.007966,0,66.96,NaN
24.5120,-0.085714,0.002516,0,66.96,NaN
24.5200,-0.084737,0.002866,0,66.96,NaN
24.5280,-0.072527,0.008375,0,66.96,NaN
24.5360,-0.060806,0.016851,0,66.96,NaN
24.5440,-0.047131,0.033435,0,66.96,NaN
24.5520,-0.028083,0.051691,0,66.96,NaN
24.5600,-0.009035,0.069787,0,66.96,NaN
24.5680,0.008059,0.085399,0,66.96,NaN
24.5760,0.019292,0.096582,0,66.96,NaN
24.5840,0.022711,0.102243,0,66.96,NaN
24.5920,0.023199,0.102227,0,66.96,NaN
24.6000,0.018315,0.097097,0,66.96,NaN
24.6080,0.009524,0.087895,0,66.96,NaN
24.6160,-0.004151,0.075929,0,66.96,NaN
24.6240,-0.014896,0.062402,0,66.96,NaN
24.6320,-0.025641,0.048104,0,66.96,NaN
24.6400,-0.038828,0.033467,0,66.96,NaN
24.6480,-0.046642,0.051519,0,66.96,NaN
24.6560,-0.049084,0.050242,0,66.96,NaN
24.6640,-0.045665,0.054081,0,66.96,NaN
24.6720,-0.038828,0.061845,0,66.96,NaN
24.6800,-0.028083,0.071250,0,66.96,NaN
24.6880,-0.018803,0.079522,0,66.96,NaN
24.6960,-0.015385,0.084239,0,66.96,NaN
24.7040,-0.016850,0.084004,0,66.96,NaN
24.7120,-0.022711,0.078593,0,66.96,NaN
24.7200,-0.032479,0.068680,0,66.96,NaN
24.7280,-0.045177,0.055439,0,66.96,NaN
24.7360,-0.060806,0.040176,0,66.96,NaN
24.7440,-0.074969,0.024042,0,66.96,NaN
24.7520,-0.086691,-0.025581,0,66.96,NaN
24.7600,-0.103297,-0.035478,0,66.96,NaN
24.7680,-0.109646,-0.039297,0,66.96,NaN
24.7760,-0.105739,-0.036652,0,66.96,NaN
24.7840,-0.094994,-0.029016,0,66.96,NaN
24.7920,-0.085226,-0.019146,0,66.96,NaN
24.8000,-0.075458,-0.009915,0,66.96,NaN
24.8080,-0.072039,-0.003390,0,66.96,NaN
24.8160,-0.070574,-0.000538,0,66.96,NaN
24.8240,-0.071062,-0.001465,0,66.96,NaN
24.8320,-0.075458,-0.005775,0,66.96,NaN
24.8400,-0.080342,-0.012716,0,66.96,NaN
24.8480,-0.091087,-0.021129,0,66.96,NaN
24.8560,-0.103785,-0.012744,0,66.96,NaN
24.8640,-0.116972,-0.020434,0,66.96,NaN
24.8720,-0.126740,-0.022840,0,66.96,NaN
24.8800,-0.123810,-0.018315,0,66.96,NaN
24.8880,-0.113553,-0.007351,0,66.96,NaN
24.8960,-0.099389,0.007545,0,66.96,NaN
24.9040,-0.090110,0.022807,0,66.96,NaN
24.9120,-0.080342,0.034775,0,66.96,NaN
24.9200,-0.076435,0.040343,0,66.96,NaN
24.9280,-0.080342,0.037553,0,66.96,NaN
24.9360,-0.095971,0.026185,0,66.96,NaN
24.9440,-0.117460,0.007920,0,66.96,NaN
24.9520,-0.140904,-0.014118,0,66.96,NaN
24.9600,-0.155067,-0.057570,0,66.96,NaN
24.9680,-0.153602,-0.060496,0,66.96,NaN
24.9760,-0.148230,-0.054431,0,66.96,NaN
24.9840,-0.134554,-0.041428,0,66.96,NaN
24.9920,-0.119902,-0.025062,0,66.96,NaN
25.0000,-0.102320,-0.009465,0,66.96,NaN
25.0080,-0.092063,0.001784,0,66.96,NaN
25.0160,-0.092063,0.006716,0,66.96,NaN
25.0240,-0.096947,0.005387,0,66.96,NaN
25.0320,-0.105739,-0.000597,0,66.96,NaN
25.0400,-0.116972,-0.009023,0,66.96,NaN
25.0480,-0.126252,-0.018061,0,66.96,NaN
25.0560,-0.130159,-0.026935,0,66.96,NaN
25.0640,-0.125275,-0.975621,0,66.96,NaN
25.0720,-0.107204,-0.996639,0,66.96,NaN
25.0800,-0.067643,-1.000000,0,66.96,NaN
25.0880,-0.008059,-0.983124,0,66.96,NaN
25.0960,0.070574,-0.945293,0,66.96,NaN
25.1040,0.168254,-0.888123,0,66.96,NaN
25.1120,0.292796,-0.816032,0,66.96,NaN
25.1200,0.421734,-0.736004,0,66.96,NaN
25.1280,0.550183,-0.656265,1,66.96,NaN
25.1360,0.669353,-0.584655,1,66.96,NaN
25.1440,0.790965,-0.527170,1,66.96,NaN
25.1520,0.898901,-0.485801,0,66.96,NaN
25.1600,0.947253,-0.455875,0,66.96,NaN
25.1680,0.904274,0.987538,1,66.96,NaN
25.1760,0.772894,0.928071,0,66.96,NaN
25.1840,0.608791,0.832348,0,66.96,NaN
25.1920,0.437851,0.714975,0,66.96,NaN
25.2000,0.266911,0.589943,0,66.96,NaN
25.2080,0.091575,0.469428,0,66.96,NaN
25.2160,-0.075946,0.364633,0,66.96,NaN
25.2240,-0.213187,0.285997,0,66.96,NaN
25.2320,-0.304518,0.241657,0,66.96,NaN
25.2400,-0.335775,0.235170,0,66.96,NaN
25.2480,-0.320147,0.264119,0,66.96,NaN
25.2560,-0.270330,0.320398,0,66.96,NaN
25.2640,-0.200488,0.391712,0,66.96,NaN
25.2720,-0.134554,-0.033888,0,66.96,NaN
25.2800,-0.084249,0.025916,0,66.96,NaN
25.2880,-0.048107,0.066540,0,66.96,NaN
25.2960,-0.037851,0.084215,0,66.96,NaN
25.3040,-0.048596,0.080166,0,66.96,NaN
25.3120,-0.077900,0.059938,0,66.96,NaN
25.3200,-0.116972,0.031974,0,66.96,NaN
25.3280,-0.153602,0.005401,0,66.96,NaN
25.3360,-0.174115,-0.012504,0,66.96,NaN
25.3440,-0.179976,-0.018126,0,66.96,NaN
25.3520,-0.172161,-0.011751,0,66.96,NaN
25.3600,-0.159463,0.003560,0,66.96,NaN
25.3680,-0.145788,0.023499,0,66.96,NaN
25.3760,-0.129670,-0.170606,0,66.96,NaN
25.3840,-0.110623,-0.154004,0,66.96,NaN
25.3920,-0.094505,-0.138450,0,66.96,NaN
25.4000,-0.085226,-0.124715,0,66.96,NaN
25.4080,-0.079365,-0.112871,0,66.96,NaN
25.4160,-0.072527,-0.102783,0,66.96,NaN
25.4240,-0.074969,-0.094475,0,66.96,NaN
25.4320,-0.078388,-0.088097,0,66.96,NaN
25.4400,-0.088645,-0.083634,0,66.96,NaN
25.4480,-0.106227,-0.080540,0,66.96,NaN
25.4560,-0.132112,-0.077677,0,66.96,NaN
25.4640,-0.154579,-0.073975,0,66.96,NaN
25.4720,-0.170208,-0.069348,0,66.96,NaN
25.4800,-0.168742,-0.016936,0,66.96,NaN
25.4880,-0.149695,0.015229,0,66.96,NaN
25.4960,-0.120391,0.050886,0,66.96,NaN
25.5040,-0.092552,0.082389,0,66.96,NaN
25.5120,-0.079365,0.103118,0,66.96,NaN
25.5200,-0.082784,0.109948,0,66.96,NaN
25.5280,-0.092552,0.103807,0,66.96,NaN
25.5360,-0.105739,0.088526,0,66.96,NaN
25.5440,-0.124298,0.069225,0,66.96,NaN
25.5520,-0.140904,0.050890,0,66.96,NaN
25.5600,-0.153602,0.037081,0,66.96,NaN
25.5680,-0.160440,0.028855,0,66.96,NaN
25.5760,-0.158486,0.024406,0,66.96,NaN
25.5840,-0.148718,-0.030883,0,66.96,NaN
25.5920,-0.131136,-0.015535,0,66.96,NaN
25.6000,-0.112088,0.001062,0,66.96,NaN
25.6080,-0.101343,0.015023,0,66.96,NaN
25.6160,-0.094994,0.024031,0,66.96,NaN
25.6240,-0.094505,0.027744,0,66.96,NaN
25.6320,-0.095971,0.027338,0,66.96,NaN
25.6400,-0.098901,0.024618,0,66.96,NaN
25.6480,-0.101343,0.021107,0,66.96,NaN
25.6560,-0.099878,0.017419,0,66.96,NaN
25.6640,-0.098901,0.013267,0,66.96,NaN
25.6720,-0.101832,0.008164,0,66.96,NaN
25.6800,-0.110134,0.002219,0,66.96,NaN
25.6880,-0.115507,-0.039516,0,66.96,NaN
25.6960,-0.116972,-0.040375,0,66.96,NaN
25.7040,-0.111600,-0.035884,0,66.96,NaN
25.7120,-0.100366,-0.026054,0,66.96,NaN
25.7200,-0.084737,-0.012424,0,66.96,NaN
25.7280,-0.067155,0.002388,0,66.96,NaN
25.7360,-0.052991,0.015495,0,66.96,NaN
25.7440,-0.047131,0.024512,0,66.96,NaN
25.7520,-0.039316,0.027849,0,66.96,NaN
25.7600,-0.039316,0.024700,0,66.96,NaN
25.7680,-0.045665,0.015197,0,66.96,NaN
25.7760,-0.055922,0.000583,0,66.96,NaN
25.7840,-0.070085,-0.016902,0,66.96,NaN
25.7920,-0.085226,-0.011541,0,66.96,NaN
25.8000,-0.093040,-0.019716,0,66.96,NaN
25.8080,-0.091575,-0.021416,0,66.96,NaN
25.8160,-0.080342,-0.017522,0,66.96,NaN
25.8240,-0.070085,-0.010506,0,66.96,NaN
25.8320,-0.063736,-0.003018,0,66.96,NaN
25.8400,-0.059341,0.003083,0,66.96,NaN
25.8480,-0.052503,0.006766,0,66.96,NaN
25.8560,-0.047619,0.007539,0,66.96,NaN
25.8640,-0.048107,0.005471,0,66.96,NaN
25.8720,-0.051038,0.001272,0,66.96,NaN
25.8800,-0.054457,-0.004036,0,66.96,NaN
25.8880,-0.053480,-0.009683,0,66.96,NaN
25.8960,-0.049084,0.052787,0,66.96,NaN
25.9040,-0.043712,0.057199,0,66.96,NaN
25.9120,-0.039316,0.061916,0,66.96,NaN
25.9200,-0.035409,0.065495,0,66.96,NaN
25.9280,-0.033455,0.066850,0,66.96,NaN
25.9360,-0.037851,0.065676,0,66.96,NaN
25.9440,-0.043712,0.062497,0,66.96,NaN
25.9520,-0.048596,0.058223,0,66.96,NaN
25.9600,-0.053968,0.053523,0,66.96,NaN
25.9680,-0.055922,0.048514,0,66.96,NaN
25.9760,-0.061294,0.042926,0,66.96,NaN
25.9840,-0.067643,0.036575,0,66.96,NaN
25.9920,-0.075458,0.029686,0,66.96,NaN
26.0000,-0.076435,0.013536,0,66.96,NaN
26.0080,-0.065201,0.025862,0,66.96,NaN
26.0160,-0.043223,0.044619,0,66.96,NaN
26.0240,-0.019780,0.065669,0,66.96,NaN
26.0320,0.003175,0.083408,0,66.96,NaN
26.0400,0.010501,0.092818,0,66.96,NaN
26.0480,0.008547,0.091304,0,66.96,NaN
26.0560,-0.006593,0.079605,0,66.96,NaN
26.0640,-0.031013,0.061587,0,66.96,NaN
26.0720,-0.056899,0.042942,0,66.96,NaN
26.0800,-0.076923,0.028925,0,66.96,NaN
26.0880,-0.083272,0.021902,0,66.96,NaN
26.0960,-0.073016,0.019988,0,66.96,NaN
26.1040,-0.053480,0.055441,0,66.96,NaN
26.1120,-0.021734,0.082823,0,66.96,NaN
26.1200,0.008059,0.107419,1,66.96,NaN
26.1280,0.020269,0.121437,1,66.96,NaN
26.1360,0.017338,0.120045,1,66.96,NaN
26.1440,-0.002686,0.102898,0,66.96,NaN
26.1520,-0.035409,0.074352,0,66.96,NaN
26.1600,-0.078388,0.042471,0,66.96,NaN
26.1680,-0.114530,0.016679,0,66.96,NaN
26.1760,-0.129182,0.004446,0,66.96,NaN
26.1840,-0.120391,0.008600,0,66.96,NaN
26.1920,-0.102320,0.026789,0,66.96,NaN
26.2000,-0.078388,0.052894,0,66.96,NaN
26.2080,-0.053480,0.030760,0,66.96,NaN
26.2160,-0.034921,0.046436,0,66.96,NaN
26.2240,-0.034432,0.050356,0,66.96,NaN
26.2320,-0.051526,0.042563,0,66.96,NaN
26.2400,-0.074481,0.027019,0,66.96,NaN
26.2480,-0.097924,0.009621,0,66.96,NaN
26.2560,-0.113553,-0.004294,0,66.96,NaN
26.2640,-0.116972,-0.011723,0,66.96,NaN
26.2720,-0.115507,-0.012308,0,66.96,NaN
26.2800,-0.110623,-0.007369,0,66.96,NaN
26.2880,-0.106227,0.001377,0,66.96,NaN
26.2960,-0.099389,0.012499,0,66.96,NaN
26.3040,-0.088645,0.024802,0,66.96,NaN
26.3120,-0.075458,0.111112,0,66.96,NaN
26.3200,-0.061294,0.130008,0,66.96,NaN
26.3280,-0.049573,0.145265,0,66.96,NaN
26.3360,-0.046642,0.153909,0,66.96,NaN
26.3440,-0.054457,0.153931,0,66.96,NaN
26.3520,-0.069109,0.144949,0,66.96,NaN
26.3600,-0.092552,0.128397,0,66.96,NaN
26.3680,-0.118926,0.107405,0,66.96,NaN
26.3760,-0.149206,0.086375,0,66.96,NaN
26.3840,-0.177045,0.069994,0,66.96,NaN
26.3920,-0.191697,0.061602,0,66.96,NaN
26.4000,-0.194628,0.061576,0,66.96,NaN
26.4080,-0.189744,0.066886,0,66.96,NaN
26.4160,-0.172650,-0.010812,0,66.96,NaN
26.4240,-0.147253,0.018307,0,66.96,NaN
26.4320,-0.118437,0.048793,0,66.96,NaN
26.4400,-0.097924,0.074415,0,66.96,NaN
26.4480,-0.085714,0.090084,0,66.96,NaN
26.4560,-0.087179,0.093209,0,66.96,NaN
26.4640,-0.102320,0.084385,0,66.96,NaN
26.4720,-0.124298,0.067172,0,66.96,NaN
26.4800,-0.147741,0.047026,0,66.96,NaN
26.4880,-0.172650,0.029757,0,66.96,NaN
26.4960,-0.188767,0.019740,0,66.96,NaN
26.5040,-0.191697,0.018153,0,66.96,NaN
26.5120,-0.182418,0.022194,0,66.96,NaN
26.5200,-0.168254,-0.033435,0,66.96,NaN
26.5280,-0.152625,-0.013266,0,66.96,NaN
26.5360,-0.133089,0.007724,0,66.96,NaN
26.5440,-0.118437,0.025718,0,66.96,NaN
26.5520,-0.106716,0.037565,0,66.96,NaN
26.5600,-0.101832,0.041289,0,66.96,NaN
26.5680,-0.106227,0.036683,0,66.96,NaN
26.5760,-0.120391,0.025745,0,66.96,NaN
26.5840,-0.139438,0.012443,0,66.96,NaN
26.5920,-0.155556,0.001457,0,66.96,NaN
26.6000,-0.162393,-0.003682,0,66.96,NaN
26.6080,-0.160928,-0.002143,0,66.96,NaN
26.6160,-0.150183,0.003774,0,66.96,NaN
26.6240,-0.131624,0.000545,0,66.96,NaN
26.6320,-0.108181,0.019080,0,66.96,NaN
26.6400,-0.093529,0.033449,0,66.96,NaN
26.6480,-0.091087,0.040314,0,66.96,NaN
26.6560,-0.100366,0.039225,0,66.96,NaN
26.6640,-0.109158,0.032151,0,66.96,NaN
26.6720,-0.119902,0.022149,0,66.96,NaN
26.6800,-0.127717,0.012246,0,66.96,NaN
26.6880,-0.134554,0.004923,0,66.96,NaN
26.6960,-0.137485,0.001870,0,66.96,NaN
26.7040,-0.134066,0.003717,0,66.96,NaN
26.7120,-0.125275,0.009811,0,66.96,NaN
26.7200,-0.115018,0.018339,0,66.96,NaN
26.7280,-0.101343,0.065673,0,66.96,NaN
26.7360,-0.089133,0.079330,0,66.96,NaN
26.7440,-0.081319,0.088674,0,66.96,NaN
26.7520,-0.078877,0.090968,0,66.96,NaN
26.7600,-0.085714,0.084795,0,66.96,NaN
26.7680,-0.102320,0.070880,0,66.96,NaN
26.7760,-0.127228,0.052354,0,66.96,NaN
26.7840,-0.151160,0.033987,0,66.96,NaN
26.7920,-0.165324,0.020529,0,66.96,NaN
26.8000,-0.170696,0.015083,0,66.96,NaN
26.8080,-0.164347,0.018320,0,66.96,NaN
26.8160,-0.155556,0.028653,0,66.96,NaN
26.8240,-0.141392,0.042931,0,66.96,NaN
26.8320,-0.125763,0.032664,0,66.96,NaN
26.8400,-0.113065,0.049483,0,66.96,NaN
26.8480,-0.103785,0.064204,0,66.96,NaN
26.8560,-0.094505,0.075016,0,66.96,NaN
26.8640,-0.088156,0.080139,0,66.96,NaN
26.8720,-0.088156,0.078252,0,66.96,NaN
26.8800,-0.100366,0.069450,0,66.96,NaN
26.8880,-0.116972,0.055887,0,66.96,NaN
26.8960,-0.137973,0.041387,0,66.96,NaN
26.9040,-0.152625,0.030060,0,66.96,NaN
26.9120,-0.157021,0.024600,0,66.96,NaN
26.9200,-0.156044,0.025201,0,66.96,NaN
26.9280,-0.149206,0.029585,0,66.96,NaN
26.9360,-0.142857,0.000677,0,66.96,NaN
26.9440,-0.130159,0.014686,0,66.96,NaN
26.9520,-0.116972,0.030616,0,66.96,NaN
26.9600,-0.104762,0.046743,0,66.96,NaN
26.9680,-0.092063,0.061293,0,66.96,NaN
26.9760,-0.079853,0.072454,0,66.96,NaN
26.9840,-0.076923,0.078626,0,66.96,NaN
26.9920,-0.074969,0.078777,0,66.96,NaN
27.0000,-0.080342,0.072760,0,66.96,NaN
27.0080,-0.096459,0.061509,0,66.96,NaN
27.0160,-0.112576,0.046789,0,66.96,NaN
27.0240,-0.129182,0.030407,0,66.96,NaN
27.0320,-0.143346,0.013509,0,66.96,NaN
27.0400,-0.153114,-0.054729,0,66.96,NaN
27.0480,-0.155556,-0.059277,0,66.96,NaN
27.0560,-0.154579,-0.057343,0,66.96,NaN
27.0640,-0.146764,-0.049563,0,66.96,NaN
27.0720,-0.132601,-0.037486,0,66.96,NaN
27.0800,-0.116972,-0.023309,0,66.96,NaN
27.0880,-0.102808,-0.009379,0,66.96,NaN
27.0960,-0.093040,0.002155,0,66.96,NaN
27.1040,-0.081319,0.009276,0,66.96,NaN
27.1120,-0.072527,0.010096,0,66.96,NaN
27.1200,-0.076923,0.003503,0,66.96,NaN
27.1280,-0.087179,-0.009887,0,66.96,NaN
27.1360,-0.106716,-0.027387,0,66.96,NaN
27.1440,-0.125763,-0.026291,0,66.96,NaN
27.1520,-0.138462,-0.039435,0,66.96,NaN
27.1600,-0.143346,-0.046816,0,66.96,NaN
27.1680,-0.140415,-0.048469,0,66.96,NaN
27.1760,-0.132601,-0.046161,0,66.96,NaN
27.1840,-0.129182,-0.042157,0,66.96,NaN
27.1920,-0.125763,-0.038066,0,66.96,NaN
27.2000,-0.123810,-0.034505,0,66.96,NaN
27.2080,-0.117949,-0.031488,0,66.96,NaN
27.2160,-0.112576,-0.028885,0,66.96,NaN
27.2240,-0.110134,-0.026574,0,66.96,NaN
27.2320,-0.103785,-0.024450,0,66.96,NaN
27.2400,-0.100855,-0.022421,0,66.96,NaN
27.2480,-0.101343,0.030043,0,66.96,NaN
27.2560,-0.096459,0.034439,0,66.96,NaN
27.2640,-0.094994,0.039540,0,66.96,NaN
27.2720,-0.090598,0.044751,0,66.96,NaN
27.2800,-0.085714,0.048676,0,66.96,NaN
27.2880,-0.083272,0.049469,0,66.96,NaN
27.2960,-0.085226,0.045748,0,66.96,NaN
27.3040,-0.096459,0.037676,0,66.96,NaN
27.3120,-0.114042,0.027429,0,66.96,NaN
27.3200,-0.127717,0.018436,0,66.96,NaN
27.3280,-0.134066,0.013676,0,66.96,NaN
27.3360,-0.133578,0.014109,0,66.96,NaN
27.3440,-0.122833,0.018079,0,66.96,NaN
27.3520,-0.106716,0.010408,0,66.96,NaN
27.3600,-0.086203,0.026949,0,66.96,NaN
27.3680,-0.072527,0.040785,0,66.96,NaN
27.3760,-0.062759,0.048057,0,66.96,NaN
27.3840,-0.062759,0.046622,0,66.96,NaN
27.3920,-0.074969,0.036851,0,66.96,NaN
27.4000,-0.094994,0.021753,0,66.96,NaN
27.4080,-0.115018,0.006068,0,66.96,NaN
27.4160,-0.129182,-0.005404,0,66.96,NaN
27.4240,-0.133089,-0.009420,0,66.96,NaN
27.4320,-0.127228,-0.005141,0,66.96,NaN
27.4400,-0.116484,0.005976,0,66.96,NaN
27.4480,-0.101343,0.020889,0,66.96,NaN
27.4560,-0.093040,0.007550,0,66.96,NaN
27.4640,-0.090598,0.013446,0,66.96,NaN
27.4720,-0.088156,0.015382,0,66.96,NaN
27.4800,-0.088645,0.013763,0,66.96,NaN
27.4880,-0.093529,0.009644,0,66.96,NaN
27.4960,-0.099878,0.004453,0,66.96,NaN
27.5040,-0.102808,-0.000414,0,66.96,NaN
27.5120,-0.105739,-0.003968,0,66.96,NaN
27.5200,-0.106227,-0.005701,0,66.96,NaN
27.5280,-0.104274,-0.005409,0,66.96,NaN
27.5360,-0.106227,-0.002980,0,66.96,NaN
27.5440,-0.103297,0.001502,0,66.96,NaN
27.5520,-0.094505,0.007339,0,66.96,NaN
27.5600,-0.083761,0.002730,0,66.96,NaN
27.5680,-0.073016,0.010513,0,66.96,NaN
27.5760,-0.069109,0.015257,0,66.96,NaN
27.5840,-0.068620,0.015697,0,66.96,NaN
27.5920,-0.072527,0.011744,0,66.96,NaN
27.6000,-0.079365,0.004487,0,66.96,NaN
27.6080,-0.090110,-0.004003,0,66.96,NaN
27.6160,-0.098901,-0.011197,0,66.96,NaN
27.6240,-0.100855,-0.014968,0,66.96,NaN
27.6320,-0.096459,-0.014298,0,66.96,NaN
27.6400,-0.091087,-0.009379,0,66.96,NaN
27.6480,-0.080830,-0.001263,0,66.96,NaN
27.6560,-0.071551,0.008530,0,66.96,NaN
27.6640,-0.065201,0.054009,0,66.96,NaN
27.6720,-0.059829,0.063016,0,66.96,NaN
27.6800,-0.054457,0.069027,0,66.96,NaN
27.6880,-0.051526,0.070576,0,66.96,NaN
27.6960,-0.054457,0.066716,0,66.96,NaN
27.7040,-0.068620,0.057849,0,66.96,NaN
27.7120,-0.082784,0.045961,0,66.96,NaN
27.7200,-0.095971,0.033980,0,66.96,NaN
27.7280,-0.107692,0.024769,0,66.96,NaN
27.7360,-0.112088,0.020248,0,66.96,NaN
27.7440,-0.110134,0.020866,0,66.96,NaN
27.7520,-0.105739,0.025640,0,66.96,NaN
27.7600,-0.100855,0.032680,0,66.96,NaN
27.7680,-0.094017,-0.004764,0,66.96,NaN
27.7760,-0.091087,0.000243,0,66.96,NaN
27.7840,-0.091087,0.004851,0,66.96,NaN
27.7920,-0.087668,0.009529,0,66.96,NaN
27.8000,-0.082295,0.014518,0,66.96,NaN
27.8080,-0.076923,0.019388,0,66.96,NaN
27.8160,-0.070085,0.023155,0,66.96,NaN
27.8240,-0.069109,0.024784,0,66.96,NaN
27.8320,-0.070085,0.023734,0,66.96,NaN
27.8400,-0.074969,0.020165,0,66.96,NaN
27.8480,-0.080830,0.014750,0,66.96,NaN
27.8560,-0.086691,0.008281,0,66.96,NaN
27.8640,-0.092552,0.001381,0,66.96,NaN
27.8720,-0.096947,-0.013939,0,66.96,NaN
27.8800,-0.095971,-0.013906,0,66.96,NaN
27.8880,-0.094505,-0.010259,0,66.96,NaN
27.8960,-0.087179,-0.003434,0,66.96,NaN
27.9040,-0.080342,0.005334,0,66.96,NaN
27.9120,-0.067643,0.014100,0,66.96,NaN
27.9200,-0.058852,0.020681,0,66.96,NaN
27.9280,-0.056899,0.023482,0,66.96,NaN
27.9360,-0.060317,0.022120,0,66.96,NaN
27.9440,-0.065690,0.017329,0,66.96,NaN
27.9520,-0.072527,0.010393,0,66.96,NaN
27.9600,-0.082295,0.002530,0,66.96,NaN
27.9680,-0.086691,-0.005534,0,66.96,NaN
27.9760,-0.092552,-0.015578,0,66.96,NaN
27.9840,-0.088645,-0.012742,0,66.96,NaN
27.9920,-0.080830,-0.005971,0,66.96,NaN
28.0000,-0.070574,0.002824,0,66.96,NaN
28.0080,-0.060806,0.011107,0,66.96,NaN
28.0160,-0.054457,0.016576,0,66.96,NaN
28.0240,-0.052991,0.017886,0,66.96,NaN
28.0320,-0.053968,0.015058,0,66.96,NaN
28.0400,-0.063248,0.009502,0,66.96,NaN
28.0480,-0.070574,0.003491,0,66.96,NaN
28.0560,-0.074969,-0.000892,0,66.96,NaN
28.0640,-0.074481,-0.002773,0,66.96,NaN
28.0720,-0.070085,-0.002861,0,66.96,NaN
28.0800,-0.064713,-0.041951,0,66.96,NaN
28.0880,-0.056410,-0.036134,0,66.96,NaN
28.0960,-0.044200,-0.029168,0,66.96,NaN
28.1040,-0.035897,-0.022305,0,66.96,NaN
28.1120,-0.027595,-0.016575,0,66.96,NaN
28.1200,-0.021734,-0.012642,0,66.96,NaN
28.1280,-0.015873,-0.010778,0,66.96,NaN
28.1360,-0.014896,-0.010794,0,66.96,NaN
28.1440,-0.014896,-0.012007,0,66.96,NaN
28.1520,-0.014408,-0.013431,0,66.96,NaN
28.1600,-0.013919,-0.014164,0,66.96,NaN
28.1680,-0.010012,-0.013790,0,66.96,NaN
28.1760,-0.003175,-0.012610,0,66.96,NaN
28.1840,0.011477,0.039855,0,66.96,NaN
28.1920,0.029060,0.053994,0,66.96,NaN
28.2000,0.044689,0.067649,0,66.96,NaN
28.2080,0.055433,0.078322,0,66.96,NaN
28.2160,0.061783,0.084271,0,66.96,NaN
28.2240,0.062759,0.084827,0,66.96,NaN
28.2320,0.057875,0.080397,0,66.96,NaN
28.2400,0.051526,0.072288,0,66.96,NaN
28.2480,0.040293,0.062378,0,66.96,NaN
28.2560,0.031502,0.052636,0,66.96,NaN
28.2640,0.024176,0.044497,0,66.96,NaN
28.2720,0.022711,0.038359,0,66.96,NaN
28.2800,0.021245,0.033536,0,66.96,NaN
28.2880,0.019292,0.102261,0,66.96,NaN
28.2960,0.018803,0.101056,0,66.96,NaN
28.3040,0.012943,0.097836,0,66.96,NaN
28.3120,0.007082,0.092196,0,66.96,NaN
28.3200,-0.005617,0.084689,0,66.96,NaN
28.3280,-0.018315,0.076670,0,66.96,NaN
28.3360,-0.028083,0.069650,0,66.96,NaN
28.3440,-0.035409,0.064513,0,66.96,NaN
28.3520,-0.038339,0.061102,0,66.96,NaN
28.3600,-0.040293,0.058392,0,66.96,NaN
28.3680,-0.044200,0.055165,0,66.96,NaN
28.3760,-0.052015,0.050779,0,66.96,NaN
28.3840,-0.061294,0.045525,0,66.96,NaN
28.3920,-0.073016,-0.032201,0,66.96,NaN
28.4000,-0.084737,-0.040823,0,66.96,NaN
28.4080,-0.088645,-0.046415,0,66.96,NaN
28.4160,-0.090598,-0.048002,0,66.96,NaN
28.4240,-0.090110,-0.045491,0,66.96,NaN
28.4320,-0.085714,-0.039629,0,66.96,NaN
28.4400,-0.076923,-0.031951,0,66.96,NaN
28.4480,-0.069597,-0.024477,0,66.96,NaN
28.4560,-0.064225,-0.019052,0,66.96,NaN
28.4640,-0.065690,-0.016691,0,66.96,NaN
28.4720,-0.069109,-0.017382,0,66.96,NaN
28.4800,-0.072527,-0.020372,0,66.96,NaN
28.4880,-0.078877,-0.024563,0,66.96,NaN
28.4960,-0.085714,-0.069296,0,66.96,NaN
28.5040,-0.088645,-0.073680,0,66.96,NaN
28.5120,-0.092063,-0.076200,0,66.96,NaN
28.5200,-0.092063,-0.076558,0,66.96,NaN
28.5280,-0.093529,-0.074616,0,66.96,NaN
28.5360,-0.091087,-0.070395,0,66.96,NaN
28.5440,-0.085714,-0.064262,0,66.96,NaN
28.5520,-0.079365,-0.057038,0,66.96,NaN
28.5600,-0.071551,-0.049849,0,66.96,NaN
28.5680,-0.067643,-0.043783,0,66.96,NaN
28.5760,-0.062759,-0.039567,0,66.96,NaN
28.5840,-0.060317,-0.037332,0,66.96,NaN
28.5920,-0.063248,-0.036420,0,66.96,NaN
28.6000,-0.071551,-0.296669,0,66.96,NaN
28.6080,-0.086203,-0.323633,0,66.96,NaN
28.6160,-0.103785,-0.354112,0,66.96,NaN
28.6240,-0.123321,-0.384424,0,66.96,NaN
28.6320,-0.135531,-0.409742,0,66.96,NaN
28.6400,-0.142369,-0.424900,0,66.96,NaN
28.6480,-0.132601,-0.425516,0,66.96,NaN
28.6560,-0.105739,-0.409282,0,66.96,NaN
28.6640,-0.057387,-0.376868,0,66.96,NaN
28.6720,0.008059,-0.331660,0,66.96,NaN
28.6800,0.070085,-0.278148,0,66.96,NaN
28.6880,0.132601,-0.220132,0,66.96,NaN
28.6960,0.203419,-0.160264,0,66.96,NaN
28.7040,0.297192,0.357312,0,66.96,NaN
28.7120,0.408059,0.466772,0,66.96,NaN
28.7200,0.532601,0.590623,0,66.96,NaN
28.7280,0.661538,0.721891,0,66.96,NaN
28.7360,0.804640,0.846986,0,66.96,NaN
28.7440,0.949206,0.946494,0,66.96,NaN
28.7520,1.000000,1.000000,1,66.96,NaN
28.7600,1.000000,0.993016,1,66.96,NaN
28.7680,0.919902,0.922266,0,66.96,NaN
28.7760,0.716728,0.797280,0,66.96,NaN
28.7840,0.517460,0.636255,0,66.96,NaN
28.7920,0.325031,0.457353,0,66.96,NaN
28.8000,0.144322,0.272357,0,66.96,NaN
28.8080,-0.013431,-0.081146,0,66.96,NaN
28.8160,-0.135531,-0.214544,0,66.96,NaN
28.8240,-0.216117,-0.301142,0,66.96,NaN
28.8320,-0.251282,-0.340689,0,66.96,NaN
28.8400,-0.241514,-0.338794,0,66.96,NaN
28.8480,-0.202442,-0.306130,0,66.96,NaN
28.8560,-0.148718,-0.256376,0,66.96,NaN
28.8640,-0.094994,-0.203456,0,66.96,NaN
28.8720,-0.049084,-0.159054,0,66.96,NaN
28.8800,-0.021734,-0.130872,0,66.96,NaN
28.8880,-0.008547,-0.121724,0,66.96,NaN
28.8960,-0.013919,-0.129277,0,66.96,NaN
28.9040,-0.035897,-0.146499,0,66.96,NaN
28.9120,-0.065690,-0.134090,0,66.96,NaN
28.9200,-0.101343,-0.169508,0,66.96,NaN
28.9280,-0.131136,-0.200119,0,66.96,NaN
28.9360,-0.146276,-0.220126,0,66.96,NaN
28.9440,-0.144811,-0.226790,0,66.96,NaN
28.9520,-0.129670,-0.220710,0,66.96,NaN
28.9600,-0.109646,-0.204926,0,66.96,NaN
28.9680,-0.085714,-0.183601,0,66.96,NaN
28.9760,-0.060806,-0.160941,0,66.96,NaN
28.9840,-0.038828,-0.140405,0,66.96,NaN
28.9920,-0.025641,-0.123982,0,66.96,NaN
29.0000,-0.018803,-0.111765,0,66.96,NaN
29.0080,-0.017827,-0.102112,0,66.96,NaN
29.0160,-0.020757,-0.182150,0,66.96,NaN
29.0240,-0.032479,-0.190681,0,66.96,NaN
29.0320,-0.054457,-0.201219,0,66.96,NaN
29.0400,-0.080342,-0.210235,0,66.96,NaN
29.0480,-0.101343,-0.214132,0,66.96,NaN
29.0560,-0.114530,-0.210681,0,66.96,NaN
29.0640,-0.118926,-0.199831,0,66.96,NaN
29.0720,-0.116972,-0.183438,0,66.96,NaN
29.0800,-0.112088,-0.164231,0,66.96,NaN
29.0880,-0.102808,-0.144705,0,66.96,NaN
29.0960,-0.092063,-0.126484,0,66.96,NaN
29.1040,-0.075458,-0.110126,0,66.96,NaN
29.1120,-0.062271,-0.095129,0,66.96,NaN
29.1200,-0.054457,0.011929,0,66.96,NaN
29.1280,-0.053480,0.010980,0,66.96,NaN
29.1360,-0.056899,0.004807,0,66.96,NaN
29.1440,-0.063736,-0.003852,0,66.96,NaN
29.1520,-0.069109,-0.011999,0,66.96,NaN
29.1600,-0.070574,-0.017307,0,66.96,NaN
29.1680,-0.070085,-0.018690,0,66.96,NaN
29.1760,-0.066178,-0.016361,0,66.96,NaN
29.1840,-0.060806,-0.011550,0,66.96,NaN
29.1920,-0.053968,-0.006006,0,66.96,NaN
29.2000,-0.049084,-0.001342,0,66.96,NaN
29.2080,-0.046154,0.001638,0,66.96,NaN
29.2160,-0.047619,0.003309,0,66.96,NaN
29.2240,-0.051038,0.015074,0,66.96,NaN
29.2320,-0.052503,0.010360,0,66.96,NaN
29.2400,-0.055922,0.004452,0,66.96,NaN
29.2480,-0.061294,-0.001733,0,66.96,NaN
29.2560,-0.064225,-0.007305,0,66.96,NaN
29.2640,-0.065690,-0.011553,0,66.96,NaN
29.2720,-0.069109,-0.014004,0,66.96,NaN
29.2800,-0.067643,-0.014431,0,66.96,NaN
29.2880,-0.067155,-0.012902,0,66.96,NaN
29.2960,-0.064713,-0.009791,0,66.96,NaN
29.3040,-0.059829,-0.005711,0,66.96,NaN
29.3120,-0.055433,-0.001306,0,66.96,NaN
29.3200,-0.054457,0.003076,0,66.96,NaN
29.3280,-0.052991,0.014130,0,66.96,NaN
29.3360,-0.049084,0.016164,0,66.96,NaN
29.3440,-0.048107,0.017133,0,66.96,NaN
29.3520,-0.050061,0.017210,0,66.96,NaN
29.3600,-0.047131,0.016691,0,66.96,NaN
29.3680,-0.047131,0.015801,0,66.96,NaN
29.3760,-0.046154,0.014688,0,66.96,NaN
29.3840,-0.047619,0.013512,0,66.96,NaN
29.3920,-0.046642,0.012402,0,66.96,NaN
29.4000,-0.045665,0.011375,0,66.96,NaN
29.4080,-0.046642,0.010406,0,66.96,NaN
29.4160,-0.048596,0.009521,0,66.96,NaN
29.4240,-0.048107,0.008727,0,66.96,NaN
29.4320,-0.047131,0.006241,0,66.96,NaN
29.4400,-0.046642,0.006726,0,66.96,NaN
29.4480,-0.043223,0.006936,0,66.96,NaN
29.4560,-0.045177,0.006585,0,66.96,NaN
29.4640,-0.045665,0.005744,0,66.96,NaN
29.4720,-0.046642,0.004761,0,66.96,NaN
29.4800,-0.047131,0.004012,0,66.96,NaN
29.4880,-0.046154,0.003711,0,66.96,NaN
29.4960,-0.046642,0.003848,0,66.96,NaN
29.5040,-0.045177,0.004218,0,66.96,NaN
29.5120,-0.044200,0.004495,0,66.96,NaN
29.5200,-0.043223,0.004414,0,66.96,NaN
29.5280,-0.045177,0.004001,0,66.96,NaN
29.5360,-0.046154,-0.001010,0,66.96,NaN
29.5440,-0.045665,-0.001971,0,66.96,NaN
29.5520,-0.045665,-0.003343,0,66.96,NaN
29.5600,-0.045665,-0.005420,0,66.96,NaN
29.5680,-0.047131,-0.008316,0,66.96,NaN
29.5760,-0.051526,-0.011705,0,66.96,NaN
29.5840,-0.054457,-0.014870,0,66.96,NaN
29.5920,-0.054457,-0.017017,0,66.96,NaN
29.6000,-0.054457,-0.017540,0,66.96,NaN
29.6080,-0.052503,-0.016067,0,66.96,NaN
29.6160,-0.050061,-0.012511,0,66.96,NaN
29.6240,-0.042247,-0.007199,0,66.96,NaN
29.6320,-0.035897,-0.000890,0,66.96,NaN
29.6400,-0.030525,0.012781,0,66.96,NaN
29.6480,-0.029548,0.014299,0,66.96,NaN
29.6560,-0.031013,0.012221,0,66.96,NaN
29.6640,-0.035897,0.006400,0,66.96,NaN
29.6720,-0.042247,-0.002531,0,66.96,NaN
29.6800,-0.054457,-0.013027,0,66.96,NaN
29.6880,-0.067155,-0.022757,0,66.96,NaN
29.6960,-0.072527,-0.029273,0,66.96,NaN
29.7040,-0.074481,-0.030852,0,66.96,NaN
29.7120,-0.070085,-0.026976,0,66.96,NaN
29.7200,-0.058852,-0.018360,0,66.96,NaN
29.7280,-0.046154,-0.006538,0,66.96,NaN
29.7360,-0.035897,0.006793,0,66.96,NaN
29.7440,-0.027106,0.049400,0,66.96,NaN
29.7520,-0.023199,0.053867,0,66.96,NaN
29.7600,-0.026618,0.052655,0,66.96,NaN
29.7680,-0.035409,0.046352,0,66.96,NaN
29.7760,-0.046154,0.036695,0,66.96,NaN
29.7840,-0.060317,0.026080,0,66.96,NaN
29.7920,-0.070085,0.016921,0,66.96,NaN
29.8000,-0.078388,0.011016,0,66.96,NaN
29.8080,-0.080342,0.009096,0,66.96,NaN
29.8160,-0.077900,0.010736,0,66.96,NaN
29.8240,-0.074481,0.014730,0,66.96,NaN
29.8320,-0.070085,0.019782,0,66.96,NaN
29.8400,-0.070085,0.025096,0,66.96,NaN
29.8480,-0.069597,0.037147,0,66.96,NaN
29.8560,-0.071062,0.039806,0,66.96,NaN
29.8640,-0.071062,0.041865,0,66.96,NaN
29.8720,-0.071062,0.043391,0,66.96,NaN
29.8800,-0.072527,0.044194,0,66.96,NaN
29.8880,-0.074481,0.043952,0,66.96,NaN
29.8960,-0.077411,0.042372,0,66.96,NaN
29.9040,-0.082784,0.039363,0,66.96,NaN
29.9120,-0.088645,0.035171,0,66.96,NaN
29.9200,-0.097924,0.030394,0,66.96,NaN
29.9280,-0.105739,0.025763,0,66.96,NaN
29.9360,-0.112088,0.021738,0,66.96,NaN
29.9440,-0.116972,0.018244,0,66.96,NaN
29.9520,-0.116972,0.018700,0,66.96,5.51
29.9600,-0.116972,0.018311,0,66.96,5.51
29.9680,-0.119414,0.016224,0,66.96,5.51
29.9760,-0.127228,0.012190,0,66.96,5.51
29.9840,-0.139927,0.007616,0,66.96,5.51
29.9920,-0.149206,0.005030,0,66.96,5.51
30.0000,-0.154579,0.006610,0,66.96,5.51
30.0080,-0.148718,0.012583,0,66.96,5.51
30.0160,-0.136996,0.020527,0,66.96,5.51
30.0240,-0.127228,0.026278,0,66.96,5.51
30.0320,-0.128205,0.026104,0,66.96,5.51
30.0400,-0.141880,0.018895,0,66.96,5.51
30.0480,-0.164835,0.006991,0,66.96,5.51
30.0560,-0.185836,-0.000748,0,66.96,5.51
30.0640,-0.191697,0.004897,0,66.96,5.51
30.0720,-0.173138,0.023840,0,66.96,5.51
30.0800,-0.140415,0.052438,0,66.96,5.51
30.0880,-0.105739,0.082240,0,66.96,5.51
30.0960,-0.083272,0.103326,0,66.96,5.51
30.1040,-0.075946,0.108188,0,66.96,5.51
30.1120,-0.094505,0.094810,0,66.96,5.51
30.1200,-0.135043,0.067958,0,66.96,5.51
30.1280,-0.183883,0.037682,0,66.96,5.51
30.1360,-0.225885,0.014906,0,66.96,5.51
30.1440,-0.240537,0.005582,0,66.96,5.51
30.1520,-0.212210,0.006678,0,66.96,5.51
30.1600,-0.156044,-0.017776,0,66.96,82.79
30.1680,-0.094017,0.033810,0,66.96,82.79
30.1760,-0.048107,0.079753,0,66.96,82.79
30.1840,-0.025641,0.109713,1,66.96,82.79
30.1920,-0.027595,0.119818,1,66.96,82.79
30.2000,-0.041270,0.112276,1,66.96,82.79
30.2080,-0.065690,0.093151,0,66.96,82.79
30.2160,-0.091087,0.069838,0,66.96,82.79
30.2240,-0.113553,0.049023,0,66.96,82.79
30.2320,-0.125275,0.035328,0,66.96,82.79
30.2400,-0.132601,0.030701,0,66.96,82.79
30.2480,-0.129670,0.034320,0,66.96,82.79
30.2560,-0.117460,0.042843,0,66.96,82.79
30.2640,-0.105739,-0.001880,0,66.96,82.79
30.2720,-0.095971,0.006376,0,66.96,82.79
30.2800,-0.093040,0.010956,0,66.96,82.79
30.2880,-0.094505,0.011195,0,66.96,82.79
30.2960,-0.096947,0.007829,0,66.96,82.79
30.3040,-0.101343,0.002356,0,66.96,82.79
30.3120,-0.105739,-0.003505,0,66.96,82.79
30.3200,-0.109646,-0.008181,0,66.96,82.79
30.3280,-0.110623,-0.010504,0,66.96,82.79
30.3360,-0.108669,-0.009880,0,66.96,82.79
30.3440,-0.104762,-0.006318,0,66.96,82.79
30.3520,-0.096459,-0.000392,0,66.96,82.79
30.3600,-0.086691,0.006844,0,66.96,82.79
30.3680,-0.078877,0.081710,0,66.96,82.79
30.3760,-0.072527,0.090661,0,66.96,82.79
30.3840,-0.069109,0.098789,0,66.96,82.79
30.3920,-0.064713,0.105943,0,66.96,82.79
30.4000,-0.062271,0.111618,0,66.96,82.79
30.4080,-0.060806,0.114809,0,66.96,82.79
30.4160,-0.062271,0.114262,0,66.96,82.79
30.4240,-0.067155,0.109036,0,66.96,82.79
30.4320,-0.077900,0.099157,0,66.96,82.79
30.4400,-0.094017,0.085957,0,66.96,82.79
30.4480,-0.112088,0.071623,0,66.96,82.79
30.4560,-0.124786,0.057979,0,66.96,82.79
30.4640,-0.131624,0.045384,0,66.96,82.79
30.4720,-0.130159,-0.044445,0,41.67,82.79
30.4800,-0.123810,-0.040475,0,41.67,82.79
30.4880,-0.116484,-0.033058,0,41.67,82.79
30.4960,-0.109158,-0.024795,0,41.67,82.79
30.5040,-0.102808,-0.017823,0,41.67,82.79
30.5120,-0.100855,-0.013395,0,41.67,82.79
30.5200,-0.098413,-0.011803,0,41.67,82.79
30.5280,-0.098901,-0.012541,0,41.67,82.79
30.5360,-0.101343,-0.014538,0,41.67,82.79
30.5440,-0.102320,-0.016504,0,41.67,82.79
30.5520,-0.102320,-0.017386,0,41.67,82.79
30.5600,-0.101343,-0.016773,0,41.67,82.79
30.5680,-0.095971,-0.015096,0,41.67,82.79
30.5760,-0.090598,-0.008864,0,41.67,82.79
30.5840,-0.086203,-0.005915,0,41.67,82.79
30.5920,-0.085714,-0.004851,0,41.67,82.79
30.6000,-0.084737,-0.006383,0,41.67,82.79
30.6080,-0.088645,-0.010507,0,41.67,82.79
30.6160,-0.094017,-0.016402,0,41.67,82.79
30.6240,-0.101343,-0.022568,0,41.67,82.79
30.6320,-0.103785,-0.027250,0,41.67,82.79
30.6400,-0.106227,-0.028938,0,41.67,82.79
30.6480,-0.103785,-0.026761,0,41.67,82.79
30.6560,-0.094994,-0.020747,0,41.67,82.79
30.6640,-0.085714,-0.011791,0,41.67,82.79
30.6720,-0.075946,-0.001293,0,41.67,82.79
30.6800,-0.068132,0.038201,0,41.67,82.79
30.6880,-0.065201,0.039797,0,41.67,82.79
30.6960,-0.070085,0.034166,0,41.67,82.79
30.7040,-0.085714,0.021634,0,41.67,82.79
30.7120,-0.104762,0.004647,0,41.67,82.79
30.7200,-0.127717,-0.012811,0,41.67,82.79
30.7280,-0.145788,-0.026487,0,41.67,82.79
30.7360,-0.149695,-0.033344,0,41.67,82.79
30.7440,-0.148230,-0.032438,0,41.67,82.79
30.7520,-0.139927,-0.024755,0,41.67,82.79
30.7600,-0.124786,-0.012439,0,41.67,82.79
30.7680,-0.109646,0.002199,0,41.67,82.79
30.7760,-0.100366,0.017577,0,41.67,82.79
30.7840,-0.095482,-0.035189,0,41.67,127.71
30.7920,-0.098413,-0.037385,0,41.67,127.71
30.8000,-0.104274,-0.042946,0,41.67,127.71
30.8080,-0.111600,-0.049334,0,41.67,127.71
30.8160,-0.114042,-0.054121,0,41.67,127.71
30.8240,-0.112576,-0.055806,0,41.67,127.71
30.8320,-0.108669,-0.054063,0,41.67,127.71
30.8400,-0.101343,-0.049524,0,41.67,127.71
30.8480,-0.092063,-0.043353,0,41.67,127.71
30.8560,-0.084737,-0.036752,0,41.67,127.71
30.8640,-0.076923,-0.030567,0,41.67,127.71
30.8720,-0.070085,-0.025121,0,41.67,127.71
30.8800,-0.065201,-0.020233,0,41.67,127.71
30.8880,-0.062759,0.064999,0,41.67,127.71
30.8960,-0.063248,0.065993,0,41.67,127.71
30.9040,-0.068620,0.064206,0,41.67,127.71
30.9120,-0.074481,0.060007,0,41.67,127.71
30.9200,-0.080342,0.053757,0,41.67,127.71
30.9280,-0.086203,0.045783,0,41.67,127.71
30.9360,-0.096947,0.036764,0,41.67,127.71
30.9440,-0.110134,0.028076,0,41.67,127.71
30.9520,-0.119414,0.021517,0,41.67,127.71
30.9600,-0.123321,0.018534,0,41.67,127.71
30.9680,-0.124786,0.019584,0,41.67,127.71
30.9760,-0.119414,0.023991,0,41.67,127.71
30.9840,-0.116972,0.030261,0,41.67,127.71
30.9920,-0.116972,0.022321,0,41.67,127.71
31.0000,-0.115507,0.030664,0,41.67,127.71
31.0080,-0.106716,0.040608,0,41.67,127.71
31.0160,-0.095482,0.050942,0,41.67,127.71
31.0240,-0.085714,0.059619,0,41.67,127.71
31.0320,-0.082295,0.064615,0,41.67,127.71
31.0400,-0.082784,0.064724,0,41.67,127.71
31.0480,-0.087179,0.059918,0,41.67,127.71
31.0560,-0.097924,0.051380,0,41.67,127.71
31.0640,-0.113553,0.041216,0,41.67,127.71
31.0720,-0.124786,0.031619,0,41.67,127.71
31.0800,-0.133578,0.023809,0,41.67,127.71
31.0880,-0.136996,0.017470,0,41.67,127.71
31.0960,-0.132601,-0.044861,0,41.67,127.71
31.1040,-0.125763,-0.039103,0,41.67,127.71
31.1120,-0.116972,-0.029889,0,41.67,127.71
31.1200,-0.106227,-0.018560,0,41.67,127.71
31.1280,-0.094017,-0.006514,0,41.67,127.71
31.1360,-0.082784,0.004750,0,41.67,127.71
31.1440,-0.070574,0.013738,0,41.67,127.71
31.1520,-0.067643,0.019250,0,41.67,127.71
31.1600,-0.067155,0.020620,0,41.67,127.71
31.1680,-0.068620,0.017592,0,41.67,127.71
31.1760,-0.072039,0.010200,0,41.67,127.71
31.1840,-0.084249,-0.000947,0,41.67,127.71
31.1920,-0.098901,-0.014336,0,41.67,127.71
31.2000,-0.113553,-0.063348,0,41.67,127.71
31.2080,-0.125275,-0.076123,0,41.67,127.71
31.2160,-0.131136,-0.082674,0,41.67,127.71
31.2240,-0.128205,-0.080763,0,41.67,127.71
31.2320,-0.120391,-0.069644,0,41.67,127.71
31.2400,-0.099878,-0.050782,0,41.67,127.71
31.2480,-0.067155,-0.028223,0,41.67,127.71
31.2560,-0.038828,-0.007698,0,41.67,127.71
31.2640,-0.025641,0.005492,0,41.67,127.71
31.2720,-0.023687,0.008247,0,41.67,127.71
31.2800,-0.025153,0.000080,0,41.67,127.71
31.2880,-0.038828,-0.017176,0,41.67,127.71
31.2960,-0.060806,-0.039663,0,41.67,127.71
31.3040,-0.090598,-0.043431,0,41.67,127.71
31.3120,-0.120391,-0.073252,0,41.67,127.71
31.3200,-0.140415,-0.097203,0,41.67,127.71
31.3280,-0.149206,-0.111786,0,41.67,127.71
31.3360,-0.150672,-0.115489,0,41.67,127.71
31.3440,-0.145299,-0.108699,0,41.67,127.71
31.3520,-0.127717,-0.093663,0,41.67,127.71
31.3600,-0.101832,-0.074408,0,41.67,127.71
31.3680,-0.078877,-0.055938,0,41.67,127.71
31.3760,-0.061783,-0.042728,0,41.67,127.71
31.3840,-0.053480,-0.037303,0,41.67,127.71
31.3920,-0.052015,-0.039467,0,41.67,127.71
31.4000,-0.060806,-0.046308,0,41.67,127.71
31.4080,-0.076923,-0.043735,0,41.67,127.71
31.4160,-0.090110,-0.056727,0,41.67,127.71
31.4240,-0.093529,-0.064704,0,41.67,127.71
31.4320,-0.087179,-0.065744,0,41.67,127.71
31.4400,-0.080342,-0.060048,0,41.67,127.71
31.4480,-0.069109,-0.049376,0,41.67,127.71
31.4560,-0.051038,-0.036571,0,41.67,127.71
31.4640,-0.033944,-0.024988,0,41.67,127.71
31.4720,-0.024664,-0.017422,0,41.67,127.71
31.4800,-0.024664,-0.015099,0,41.67,127.71
31.4880,-0.025641,-0.017578,0,41.67,127.71
31.4960,-0.027595,-0.023453,0,41.67,127.71
31.5040,-0.030525,-0.031042,0,41.67,127.71
31.5120,-0.032479,-0.048890,0,41.67,127.71
31.5200,-0.033455,-0.054215,0,41.67,127.71
31.5280,-0.031502,-0.056175,0,41.67,127.71
31.5360,-0.024664,-0.053556,0,41.67,127.71
31.5440,-0.016850,-0.045783,0,41.67,127.71
31.5520,-0.000244,-0.033462,0,41.67,127.71
31.5600,0.023199,-0.018743,0,41.67,127.71
31.5680,0.039805,-0.004943,0,41.67,127.71
31.5760,0.054945,0.004496,0,41.67,127.71
31.5840,0.061294,0.007066,0,41.67,127.71
31.5920,0.058364,0.001932,0,41.67,127.71
31.6000,0.049573,-0.009789,0,41.67,127.71
31.6080,0.036874,-0.025303,0,41.67,127.71
31.6160,0.023199,0.096598,0,41.67,127.71
31.6240,0.011477,0.086166,0,41.67,127.71
31.6320,0.007570,0.077186,0,41.67,127.71
31.6400,0.006593,0.069168,0,41.67,127.71
31.6480,-0.003175,0.061266,0,41.67,127.71
31.6560,-0.011966,0.053311,0,41.67,127.71
31.6640,-0.023199,0.046002,0,41.67,127.71
31.6720,-0.031502,0.040306,0,41.67,127.71
31.6800,-0.031990,0.036722,0,41.67,127.71
31.6880,-0.035409,0.035058,0,41.67,127.71
31.6960,-0.036386,0.034782,0,41.67,127.71
31.7040,-0.039316,0.035396,0,41.67,127.71
31.7120,-0.038339,0.036492,0,41.67,127.71
31.7200,-0.037851,0.055435,0,41.67,127.71
31.7280,-0.036386,0.058724,0,41.67,127.71
31.7360,-0.037363,0.061414,0,41.67,127.71
31.7440,-0.033455,0.062362,0,41.67,127.71
31.7520,-0.037851,0.060289,0,41.67,127.71
31.7600,-0.047131,0.054430,0,41.67,127.71
31.7680,-0.063248,0.045164,0,41.67,127.71
31.7760,-0.086203,0.034228,0,41.67,127.71
31.7840,-0.107204,0.024295,0,41.67,127.71
31.7920,-0.121368,0.017982,0,41.67,127.71
31.8000,-0.127228,0.016800,0,41.67,127.71
31.8080,-0.125275,0.020545,0,41.67,127.71
31.8160,-0.116972,0.027314,0,41.67,127.71
31.8240,-0.104762,-0.028018,0,41.67,127.71
31.8320,-0.093529,-0.009355,0,41.67,127.71
31.8400,-0.073504,0.010372,0,41.67,127.71
31.8480,-0.054945,0.028082,0,41.67,127.71
31.8560,-0.046154,0.040938,0,41.67,127.71
31.8640,-0.045665,0.047272,0,41.67,127.71
31.8720,-0.049084,0.046922,0,41.67,127.71
31.8800,-0.059829,0.041005,0,41.67,127.71
31.8880,-0.073016,0.031583,0,41.67,127.71
31.8960,-0.090598,0.021265,0,41.67,127.71
31.9040,-0.106716,0.012514,0,41.67,127.71
31.9120,-0.116484,0.006615,0,41.67,127.71
31.9200,-0.117460,0.002921,0,41.67,127.71
31.9280,-0.113553,-0.004910,0,41.67,127.71
31.9360,-0.103785,0.007134,0,41.67,127.71
31.9440,-0.092552,0.022159,0,41.67,127.71
31.9520,-0.079365,0.037720,0,41.67,127.71
31.9600,-0.070085,0.051646,0,41.67,127.71
31.9680,-0.067155,0.062373,0,41.67,127.71
31.9760,-0.062759,0.068781,0,41.67,127.71
31.9840,-0.059829,0.069880,0,41.67,127.71
31.9920,-0.066178,0.065088,0,41.67,127.71
32.0000,-0.082295,0.054909,0,41.67,127.71
32.0080,-0.102320,0.041022,0,41.67,127.71
32.0160,-0.119902,0.025399,0,41.67,127.71
32.0240,-0.133578,0.009320,0,41.67,127.71
32.0320,-0.137973,-0.978529,0,41.67,127.71
32.0400,-0.116972,-0.999558,0,41.67,127.71
32.0480,-0.070085,-1.000000,0,41.67,127.71
32.0560,-0.003175,-0.978097,0,41.67,127.71
32.0640,0.085714,-0.933821,0,41.67,127.71
32.0720,0.195604,-0.868887,0,41.67,127.71
32.0800,0.329915,-0.787322,0,41.67,127.71
32.0880,0.471551,-0.696096,0,41.67,127.71
32.0960,0.617582,-0.605383,0,41.67,127.71
32.1040,0.769963,-0.528040,1,41.67,127.71
32.1120,0.927717,-0.476502,1,41.67,127.71
32.1200,1.000000,-0.455730,0,41.67,127.71
32.1280,1.000000,-0.456653,0,41.67,127.71
32.1360,1.000000,0.978486,0,41.67,127.71
32.1440,0.881807,0.905115,0,41.67,127.71
32.1520,0.660073,0.788777,0,41.67,127.71
32.1600,0.445665,0.646550,0,41.67,127.71
32.1680,0.234188,0.498493,0,41.67,127.71
32.1760,0.033944,0.363140,0,41.67,127.71
32.1840,-0.139438,0.255679,0,41.67,127.71
32.1920,-0.258120,0.186718,0,41.67,127.71
32.2000,-0.308913,0.160764,0,41.67,127.71
32.2080,-0.303541,0.175601,0,41.67,127.71
32.2160,-0.256166,0.223515,0,41.67,127.71
32.2240,-0.182418,0.293816,0,41.67,127.71
32.2320,-0.112088,0.375300,0,41.67,127.71
32.2400,-0.058852,-0.034440,0,41.67,134.17
32.2480,-0.029548,0.005028,0,41.67,134.17
32.2560,-0.020757,0.025463,0,41.67,134.17
32.2640,-0.023199,0.030001,0,41.67,134.17
32.2720,-0.035409,0.023868,0,41.67,134.17
32.2800,-0.047131,0.012385,0,41.67,134.17
32.2880,-0.061783,-0.000031,0,41.67,134.17
32.2960,-0.076923,-0.010058,0,41.67,134.17
32.3040,-0.086691,-0.015559,0,41.67,134.17
32.3120,-0.086203,-0.015873,0,41.67,134.17
32.3200,-0.078877,-0.011857,0,41.67,134.17
32.3280,-0.071551,-0.005202,0,41.67,134.17
32.3360,-0.068132,0.002546,0,41.67,134.17
32.3440,-0.070085,-0.276941,0,41.67,134.17
32.3520,-0.080830,-0.297069,0,41.67,134.17
32.3600,-0.101343,-0.319651,0,41.67,134.17
32.3680,-0.120391,-0.338955,0,41.67,134.17
32.3760,-0.132601,-0.348429,0,41.67,134.17
32.3840,-0.129182,-0.343082,0,41.67,134.17
32.3920,-0.109158,-0.321531,0,41.67,134.17
32.4000,-0.076923,-0.286882,0,41.67,134.17
32.4080,-0.038828,-0.246057,0,41.67,134.17
32.4160,-0.006105,-0.207629,0,41.67,134.17
32.4240,0.010501,-0.178641,0,41.67,134.17
32.4320,0.006105,-0.161480,0,41.67,134.17
32.4400,-0.021734,-0.152469,0,41.67,134.17
32.4480,-0.056899,-0.017533,0,41.67,134.17
32.4560,-0.105739,-0.044388,0,41.67,134.17
32.4640,-0.149206,-0.070145,0,41.67,134.17
32.4720,-0.175092,-0.086696,0,41.67,134.17
32.4800,-0.177045,-0.089553,0,41.67,134.17
32.4880,-0.156044,-0.079275,0,41.67,134.17
32.4960,-0.124298,-0.060705,0,41.67,134.17
32.5040,-0.094994,-0.040550,0,41.67,134.17
32.5120,-0.074481,-0.024702,0,41.67,134.17
32.5200,-0.062759,-0.016635,0,41.67,134.17
32.5280,-0.060317,-0.017081,0,41.67,134.17
32.5360,-0.068132,-0.024469,0,41.67,134.17
32.5440,-0.078388,-0.035685,0,41.67,134.17
32.5520,-0.091575,0.061535,0,41.67,134.17
32.5600,-0.098413,0.061506,0,41.67,134.17
32.5680,-0.094505,0.070624,0,41.67,134.17
32.5760,-0.079365,0.089878,0,41.67,134.17
32.5840,-0.055922,0.117419,0,41.67,134.17
32.5920,-0.030037,0.148703,0,41.67,134.17
32.6000,-0.002686,0.176995,0,41.67,134.17
32.6080,0.023199,0.194466,0,41.67,134.17
32.6160,0.026129,0.194429,0,41.67,134.17
32.6240,-0.004640,0.174116,0,41.67,134.17
32.6320,-0.055433,0.135879,0,41.67,134.17
32.6400,-0.114530,0.085593,0,41.67,134.17
32.6480,-0.160928,0.029736,0,41.67,134.17
32.6560,-0.183883,0.005031,0,41.67,134.17
32.6640,-0.174115,0.018515,0,41.67,134.17
32.6720,-0.132601,0.058977,0,41.67,134.17
32.6800,-0.070085,0.117470,0,41.67,134.17
32.6880,-0.003175,0.179780,0,41.67,134.17
32.6960,0.053480,0.230540,0,41.67,134.17
32.7040,0.074969,0.257827,1,41.67,134.17
32.7120,0.061294,0.256552,0,41.67,134.17
32.7200,0.023199,0.229177,0,41.67,134.17
32.7280,-0.040293,0.183731,0,41.67,134.17
32.7360,-0.104762,0.130101,0,41.67,134.17
32.7440,-0.162882,0.075826,0,41.67,134.17
32.7520,-0.197558,0.023381,0,41.67,134.17
32.7600,-0.213675,-0.095092,0,41.67,134.17
32.7680,-0.208303,-0.089220,0,41.67,134.17
32.7760,-0.178022,-0.063053,0,41.67,134.17
32.7840,-0.134066,-0.022961,0,41.67,134.17
32.7920,-0.085714,0.022323,0,41.67,134.17
32.8000,-0.040781,0.063570,0,41.67,134.17
32.8080,-0.012454,0.093027,0,41.67,134.17
32.8160,-0.002686,0.105951,0,41.67,134.17
32.8240,-0.010501,0.101201,0,41.67,134.17
32.8320,-0.035897,0.080817,0,41.67,134.17
32.8400,-0.070085,0.048863,0,41.67,134.17
32.8480,-0.110134,0.009942,0,41.67,134.17
32.8560,-0.144322,-0.032016,0,41.67,134.17
32.8640,-0.162882,-0.195437,0,41.67,134.17
32.8720,-0.166300,-0.210275,0,41.67,134.17
32.8800,-0.159951,-0.213867,0,41.67,134.17
32.8880,-0.147253,-0.208348,0,41.67,134.17
32.8960,-0.132112,-0.196375,0,41.67,134.17
32.9040,-0.110134,-0.180523,0,41.67,134.17
32.9120,-0.087179,-0.163091,0,41.67,134.17
32.9200,-0.068132,-0.145941,0,41.67,134.17
32.9280,-0.048107,-0.130426,0,41.67,134.17
32.9360,-0.027595,-0.117557,0,41.67,134.17
32.9440,-0.007570,-0.108067,0,41.67,134.17
32.9520,0.011477,-0.102042,0,41.67,134.17
32.9600,0.018803,-0.098358,0,41.67,134.17
32.9680,0.008547,0.126488,0,41.67,134.17
32.9760,-0.014896,0.126021,0,41.67,134.17
32.9840,-0.020757,0.137767,0,41.67,134.17
32.9920,0.007082,0.167195,0,41.67,134.17
33.0000,0.053968,0.211957,0,41.67,134.17
33.0080,0.110623,0.262011,0,41.67,134.17
33.0160,0.157509,0.303377,0,41.67,134.17
33.0240,0.172650,0.323428,0,41.67,134.17
33.0320,0.152137,0.315148,0,41.67,134.17
33.0400,0.106227,0.278359,0,41.67,134.17
33.0480,0.045665,0.218082,0,41.67,134.17
33.0560,-0.028571,0.141893,0,41.67,134.17
33.0640,-0.102320,0.057904,0,41.67,134.17
33.0720,-0.168742,-0.129036,0,41.67,134.17
33.0800,-0.219536,-0.184797,0,41.67,134.17
33.0880,-0.250305,-0.219895,0,41.67,134.17
33.0960,-0.257631,-0.232955,0,41.67,134.17
33.1040,-0.250305,-0.226239,0,41.67,134.17
33.1120,-0.221490,-0.205094,0,41.67,134.17
33.1200,-0.188278,-0.176733,0,41.67,134.17
33.1280,-0.157998,-0.148384,0,41.67,134.17
33.1360,-0.135043,-0.125456,0,41.67,134.17
33.1440,-0.121856,-0.110573,0,41.67,134.17
33.1520,-0.114530,-0.103714,0,41.67,134.17
33.1600,-0.107692,-0.103029,0,41.67,134.17
33.1680,-0.106716,-0.105637,0,41.67,134.17
33.1760,-0.106716,-0.015048,0,41.67,134.17
33.1840,-0.106716,-0.016205,0,41.67,134.17
33.1920,-0.103785,-0.015322,0,41.67,134.17
33.2000,-0.101343,-0.011079,0,41.67,134.17
33.2080,-0.092552,-0.002885,0,41.67,134.17
33.2160,-0.082295,0.008818,0,41.67,134.17
33.2240,-0.070085,0.022337,0,41.67,134.17
33.2320,-0.054945,0.034743,0,41.67,134.17
33.2400,-0.045177,0.042397,0,41.67,134.17
33.2480,-0.045177,0.042075,0,41.67,134.17
33.2560,-0.055922,0.032286,0,41.67,134.17
33.2640,-0.080830,0.014093,0,41.67,134.17
33.2720,-0.108181,-0.009010,0,41.67,134.17
33.2800,-0.124786,0.043508,0,41.67,134.17
33.2880,-0.129670,0.046811,0,41.67,134.17
33.2960,-0.119902,0.063264,0,41.67,134.17
33.3040,-0.092063,0.089360,0,41.67,134.17
33.3120,-0.059829,0.117411,0,41.67,134.17
33.3200,-0.042247,0.138419,0,41.67,134.17
33.3280,-0.046154,0.145754,0,41.67,134.17
33.3360,-0.068620,0.137572,0,41.67,134.17
33.3440,-0.102808,0.116970,0,41.67,134.17
33.3520,-0.145299,0.090286,0,41.67,134.17
33.3600,-0.182906,0.064295,0,41.67,134.17
33.3680,-0.208303,0.043113,0,41.67,134.17
33.3760,-0.210256,0.026230,0,41.67,134.17
33.3840,-0.193651,0.071534,0,41.67,134.17
33.3920,-0.157998,0.105367,0,41.67,134.17
33.4000,-0.121856,0.146769,0,41.67,134.17
33.4080,-0.079365,0.186905,0,41.67,134.17
33.4160,-0.050061,0.217001,0,41.67,134.17
33.4240,-0.039805,0.230483,0,41.67,134.17
33.4320,-0.052503,0.224760,0,41.67,134.17
33.4400,-0.082295,0.201955,0,41.67,134.17
33.4480,-0.128205,0.168332,0,41.67,134.17
33.4560,-0.179487,0.132443,0,41.67,134.17
33.4640,-0.221490,0.102116,0,41.67,134.17
33.4720,-0.250305,0.081100,0,41.67,134.17
33.4800,-0.250305,0.067109,0,41.67,134.17
33.4880,-0.226374,0.000274,0,41.67,137.95
33.4960,-0.188767,0.039058,0,41.67,137.95
33.5040,-0.145788,0.085372,0,41.67,137.95
33.5120,-0.105739,0.129878,0,41.67,137.95
33.5200,-0.076435,0.164098,0,41.67,137.95
33.5280,-0.062759,0.181890,0,41.67,137.95
33.5360,-0.067643,0.180608,0,41.67,137.95
33.5440,-0.094017,0.161926,0,41.67,137.95
33.5520,-0.140904,0.131810,0,41.67,137.95
33.5600,-0.188767,0.098818,0,41.67,137.95
33.5680,-0.227350,0.070814,0,41.67,137.95
33.5760,-0.251282,0.051525,0,41.67,137.95
33.5840,-0.250305,0.038804,0,41.67,137.95
33.5920,-0.210745,-0.110038,0,41.67,137.95
33.6000,-0.151648,-0.067823,0,41.67,137.95
33.6080,-0.094017,-0.026069,0,41.67,137.95
33.6160,-0.063248,0.002350,0,41.67,137.95
33.6240,-0.057387,0.010369,0,41.67,137.95
33.6320,-0.078388,-0.000965,0,41.67,137.95
33.6400,-0.117460,-0.023536,0,41.67,137.95
33.6480,-0.149206,-0.046065,0,41.67,137.95
33.6560,-0.155556,-0.059197,0,41.67,137.95
33.6640,-0.143346,-0.058983,0,41.67,137.95
33.6720,-0.115995,-0.047025,0,41.67,137.95
33.6800,-0.085226,-0.027898,0,41.67,137.95
33.6880,-0.072527,-0.005962,0,41.67,137.95
33.6960,-0.083761,-0.068658,0,41.67,137.95
33.7040,-0.110623,-0.093253,0,41.67,137.95
33.7120,-0.147253,-0.124562,0,41.67,137.95
33.7200,-0.179487,-0.154118,0,41.67,137.95
33.7280,-0.196093,-0.174410,0,41.67,137.95
33.7360,-0.196093,-0.181315,0,41.67,137.95
33.7440,-0.180464,-0.174770,0,41.67,137.95
33.7520,-0.154579,-0.157865,0,41.67,137.95
33.7600,-0.126252,-0.135148,0,41.67,137.95
33.7680,-0.097924,-0.111133,0,41.67,137.95
33.7760,-0.061294,-0.089447,0,41.67,137.95
33.7840,-0.031502,-0.071983,0,41.67,137.95
33.7920,-0.022711,-0.057886,0,41.67,137.95
33.8000,-0.032479,0.091315,0,41.67,137.95
33.8080,-0.059829,0.068370,0,41.67,137.95
33.8160,-0.100855,0.038971,0,41.67,137.95
33.8240,-0.135043,0.010810,0,41.67,137.95
33.8320,-0.153602,-0.010228,0,41.67,137.95
33.8400,-0.158974,-0.021904,0,41.67,137.95
33.8480,-0.157509,-0.025242,0,41.67,137.95
33.8560,-0.156532,-0.022712,0,41.67,137.95
33.8640,-0.151648,-0.016637,0,41.67,137.95
33.8720,-0.143346,-0.008651,0,41.67,137.95
33.8800,-0.131624,0.000106,0,41.67,137.95
33.8880,-0.117460,0.008854,0,41.67,137.95
33.8960,-0.111600,0.017345,0,41.67,137.95
33.9040,-0.113553,-0.001324,0,41.67,137.95
33.9120,-0.116972,-0.004211,0,41.67,137.95
33.9200,-0.121368,-0.010383,0,41.67,137.95
33.9280,-0.127228,-0.019232,0,41.67,137.95
33.9360,-0.139927,-0.029519,0,41.67,137.95
33.9440,-0.152137,-0.039062,0,41.67,137.95
33.9520,-0.162393,-0.045217,0,41.67,137.95
33.9600,-0.160440,-0.046068,0,41.67,137.95
33.9680,-0.153114,-0.041424,0,41.67,137.95
33.9760,-0.138950,-0.032864,0,41.67,137.95
33.9840,-0.128205,-0.022809,0,41.67,137.95
33.9920,-0.116972,-0.013185,0,41.67,137.95
34.0000,-0.116484,-0.004445,0,41.67,137.95
34.0080,-0.123321,-0.012593,0,41.67,137.95
34.0160,-0.132601,-0.017174,0,41.67,137.95
34.0240,-0.136020,-0.020866,0,41.67,137.95
34.0320,-0.133089,-0.021714,0,41.67,137.95
34.0400,-0.124786,-0.019553,0,41.67,137.95
34.0480,-0.116972,-0.015736,0,41.67,137.95
34.0560,-0.109158,-0.012182,0,41.67,137.95
34.0640,-0.106716,-0.010358,0,41.67,137.95
34.0720,-0.107692,-0.010576,0,41.67,137.95
34.0800,-0.114530,-0.011934,0,41.67,137.95
34.0880,-0.117949,-0.012961,0,41.67,137.95
34.0960,-0.121368,-0.012625,0,41.67,137.95
34.1040,-0.115995,-0.011088,0,41.67,137.95
34.1120,-0.106227,0.029529,0,41.67,137.95
34.1200,-0.101343,0.034994,0,41.67,137.95
34.1280,-0.100855,0.037439,0,41.67,137.95
34.1360,-0.101343,0.035620,0,41.67,137.95
34.1440,-0.108669,0.029322,0,41.67,137.95
34.1520,-0.116484,0.019364,0,41.67,137.95
34.1600,-0.128205,0.007598,0,41.67,137.95
34.1680,-0.143834,-0.003238,0,41.67,137.95
34.1760,-0.153602,-0.010162,0,41.67,137.95
34.1840,-0.153114,-0.011066,0,41.67,137.95
34.1920,-0.147741,-0.005515,0,41.67,137.95
34.2000,-0.135531,0.005240,0,41.67,137.95
34.2080,-0.123810,0.018834,0,41.67,137.95
34.2160,-0.112088,0.010240,0,41.67,137.95
34.2240,-0.108181,0.015783,0,41.67,137.95
34.2320,-0.109158,0.016893,0,41.67,137.95
34.2400,-0.114530,0.014373,0,41.67,137.95
34.2480,-0.117949,0.009893,0,41.67,137.95
34.2560,-0.124786,0.005243,0,41.67,137.95
34.2640,-0.126740,0.001701,0,41.67,137.95
34.2720,-0.123810,-0.000312,0,41.67,137.95
34.2800,-0.123321,-0.001002,0,41.67,137.95
34.2880,-0.125275,-0.000561,0,41.67,137.95
34.2960,-0.125763,0.001130,0,41.67,137.95
34.3040,-0.124786,0.004179,0,41.67,137.95
34.3120,-0.117949,0.008179,0,41.67,137.95
34.3200,-0.114042,0.014809,0,41.67,137.95
34.3280,-0.103297,0.021610,0,41.67,137.95
34.3360,-0.097924,0.028011,0,41.67,137.95
34.3440,-0.094505,0.033423,0,41.67,137.95
34.3520,-0.090598,0.037759,0,41.67,137.95
34.3600,-0.090110,0.041247,0,41.67,137.95
34.3680,-0.090598,0.044044,0,41.67,137.95
34.3760,-0.086203,0.045782,0,41.67,137.95
34.3840,-0.084737,0.045442,0,41.67,137.95
34.3920,-0.085714,0.041900,0,41.67,137.95
34.4000,-0.096459,0.034769,0,41.67,137.95
34.4080,-0.109646,0.024751,0,41.67,137.95
34.4160,-0.119902,0.013219,0,41.67,137.95
34.4240,-0.129670,-0.029814,0,41.67,137.95
34.4320,-0.134066,-0.036612,0,41.67,137.95
34.4400,-0.137973,-0.040063,0,41.67,137.95
34.4480,-0.133578,-0.040407,0,41.67,137.95
34.4560,-0.132601,-0.038309,0,41.67,137.95
34.4640,-0.128205,-0.034513,0,41.67,137.95
34.4720,-0.121856,-0.029751,0,41.67,137.95
34.4800,-0.115507,-0.024816,0,41.67,137.95
34.4880,-0.108669,-0.020557,0,41.67,137.95
34.4960,-0.102320,-0.017727,0,41.67,137.95
34.5040,-0.101343,-0.016704,0,41.67,137.95
34.5120,-0.100855,-0.017296,0,41.67,137.95
34.5200,-0.101832,-0.018821,0,41.67,137.95
34.5280,-0.105739,-0.028275,0,41.67,137.95
34.5360,-0.111600,-0.033276,0,41.67,137.95
34.5440,-0.115018,-0.037408,0,41.67,137.95
34.5520,-0.114530,-0.039942,0,41.67,137.95
34.5600,-0.111600,-0.040801,0,41.67,137.95
34.5680,-0.107692,-0.040310,0,41.67,137.95
34.5760,-0.107692,-0.038741,0,41.67,137.95
34.5840,-0.102808,-0.036168,0,41.67,137.95
34.5920,-0.098413,-0.032694,0,41.67,137.95
34.6000,-0.090110,-0.028666,0,41.67,137.95
34.6080,-0.084249,-0.024589,0,41.67,137.95
34.6160,-0.077900,-0.020836,0,41.67,137.95
34.6240,-0.074481,-0.017416,0,41.67,137.95
34.6320,-0.073016,0.009914,0,41.67,137.95
34.6400,-0.074481,0.006338,0,41.67,137.95
34.6480,-0.083272,0.000119,0,41.67,137.95
34.6560,-0.091087,-0.007433,0,41.67,137.95
34.6640,-0.097924,-0.014690,0,41.67,137.95
34.6720,-0.103785,-0.020245,0,41.67,137.95
34.6800,-0.104274,-0.023223,0,41.67,137.95
34.6880,-0.105739,-0.023349,0,41.67,137.95
34.6960,-0.101832,-0.020879,0,41.67,137.95
34.7040,-0.095971,-0.016485,0,41.67,137.95
34.7120,-0.089133,-0.011009,0,41.67,137.95
34.7200,-0.083272,-0.005124,0,41.67,137.95
34.7280,-0.076923,0.000838,0,41.67,137.95
34.7360,-0.073016,0.050283,0,41.67,137.95
34.7440,-0.072039,0.053898,0,41.67,137.95
34.7520,-0.070574,0.056794,0,41.67,137.95
34.7600,-0.071062,0.059486,0,41.67,137.95
34.7680,-0.068620,0.061958,0,41.67,137.95
34.7760,-0.064225,0.063386,0,41.67,137.95
34.7840,-0.062759,0.062496,0,41.67,137.95
34.7920,-0.068620,0.058464,0,41.67,137.95
34.8000,-0.078877,0.051665,0,41.67,137.95
34.8080,-0.092552,0.043613,0,41.67,137.95
34.8160,-0.101832,0.036131,0,41.67,137.95
34.8240,-0.110134,0.030298,0,41.67,137.95
34.8320,-0.110623,0.025846,0,41.67,137.95
34.8400,-0.109646,-0.038274,0,41.67,137.95
34.8480,-0.106716,-0.034947,0,41.67,137.95
34.8560,-0.100855,-0.028018,0,41.67,137.95
34.8640,-0.088156,-0.018418,0,41.67,137.95
34.8720,-0.073504,-0.007713,0,41.67,137.95
34.8800,-0.065201,0.002274,0,41.67,137.95
34.8880,-0.054945,0.009942,0,41.67,137.95
34.8960,-0.049573,0.014143,0,41.67,137.95
34.9040,-0.048107,0.014342,0,41.67,137.95
34.9120,-0.052991,0.010744,0,41.67,137.95
34.9200,-0.059341,0.004167,0,41.67,137.95
34.9280,-0.066667,-0.004324,0,41.67,137.95
34.9360,-0.074481,-0.013723,0,41.67,137.95
34.9440,-0.083272,-0.031647,0,41.67,137.95
34.9520,-0.083272,-0.035210,0,41.67,137.95
34.9600,-0.082295,-0.036418,0,41.67,137.95
34.9680,-0.077900,-0.035612,0,41.67,137.95
34.9760,-0.072039,-0.033355,0,41.67,137.95
34.9840,-0.067155,-0.030160,0,41.67,137.95
34.9920,-0.060806,-0.026398,0,41.67,137.95
35.0000,-0.053480,-0.022411,0,41.67,137.95
35.0080,-0.046642,-0.018675,0,41.67,137.95
35.0160,-0.038828,-0.015839,0,41.67,137.95
35.0240,-0.032479,-0.014536,0,41.67,137.95
35.0320,-0.031013,-0.014983,0,41.67,137.95
35.0400,-0.034432,-0.016629,0,41.67,137.95
35.0480,-0.041758,0.015550,0,41.67,137.95
35.0560,-0.055433,0.005061,0,41.67,137.95
35.0640,-0.071551,-0.004816,0,41.67,137.95
35.0720,-0.082784,-0.010781,0,41.67,137.95
35.0800,-0.081319,-0.010507,0,41.67,137.95
35.0880,-0.071551,-0.003696,0,41.67,137.95
35.0960,-0.057387,0.007761,0,41.67,137.95
35.1040,-0.039805,0.020362,0,41.67,137.95
35.1120,-0.024664,0.029960,0,41.67,137.95
35.1200,-0.017827,0.032968,0,41.67,137.95
35.1280,-0.022711,0.027566,0,41.67,137.95
35.1360,-0.038339,0.014442,0,41.67,137.95
35.1440,-0.061294,-0.003281,0,41.67,137.95
35.1520,-0.082295,-0.051031,0,41.67,137.95
35.1600,-0.100366,-0.070680,0,41.67,137.95
35.1680,-0.109158,-0.084469,0,41.67,137.95
35.1760,-0.112576,-0.091147,0,41.67,137.95
35.1840,-0.110623,-0.091042,0,41.67,137.95
35.1920,-0.101343,-0.085659,0,41.67,137.95
35.2000,-0.090598,-0.077173,0,41.67,137.95
35.2080,-0.079365,-0.067804,0,41.67,137.95
35.2160,-0.070085,-0.059242,0,41.67,137.95
35.2240,-0.062271,-0.052361,0,41.67,137.95
35.2320,-0.056899,-0.047239,0,41.67,137.95
35.2400,-0.051038,-0.043432,0,41.67,137.95
35.2480,-0.045177,-0.040290,0,41.67,137.95
35.2560,-0.039316,0.042793,0,41.67,137.95
35.2640,-0.033455,0.047339,0,41.67,137.95
35.2720,-0.031013,0.048759,0,41.67,137.95
35.2800,-0.031502,0.045943,0,41.67,137.95
35.2880,-0.040293,0.038756,0,41.67,137.95
35.2960,-0.054945,0.028498,0,41.67,137.95
35.3040,-0.069597,0.017612,0,41.67,137.95
35.3120,-0.080342,0.008737,0,41.67,137.95
35.3200,-0.085714,0.003757,0,41.67,137.95
35.3280,-0.085714,0.003385,0,41.67,137.95
35.3360,-0.084737,0.007326,0,41.67,137.95
35.3440,-0.080342,0.014604,0,41.67,137.95
35.3520,-0.072039,0.023733,0,41.67,137.95
35.3600,-0.064713,0.018870,0,41.67,137.95
35.3680,-0.055433,0.029025,0,41.67,137.95
35.3760,-0.049084,0.038558,0,41.67,137.95
35.3840,-0.040293,0.046560,0,41.67,137.95
35.3920,-0.035897,0.052032,0,41.67,137.95
35.4000,-0.033455,0.054026,0,41.67,137.95
35.4080,-0.035409,0.052001,0,41.67,137.95
35.4160,-0.043712,0.046254,0,41.67,137.95
35.4240,-0.055922,0.038144,0,41.67,137.95
35.4320,-0.070085,0.029796,0,41.67,137.95
35.4400,-0.079853,0.023237,0,41.67,137.95
35.4480,-0.084737,0.019388,0,41.67,137.95
35.4560,-0.082295,0.017518,0,41.67,137.95
35.4640,-0.073504,-0.054213,0,41.67,137.95
35.4720,-0.062271,-0.045407,0,41.67,137.95
35.4800,-0.047619,-0.033679,0,41.67,137.95
35.4880,-0.032479,-0.020479,0,41.67,137.95
35.4960,-0.018803,-0.007163,0,41.67,137.95
35.5040,-0.005617,0.004910,0,41.67,137.95
35.5120,0.008547,0.014179,0,41.67,137.95
35.5200,0.018803,0.019002,0,41.67,137.95
35.5280,0.022222,0.018366,0,41.67,137.95
35.5360,0.014408,0.012709,0,41.67,137.95
35.5440,-0.000244,0.003933,0,41.67,137.95
35.5520,-0.007082,-0.005785,0,41.67,137.95
35.5600,-0.008547,-0.015373,0,41.67,137.95
35.5680,-0.007570,0.017184,0,91.05,137.95
35.5760,0.007082,0.028378,0,91.05,137.95
35.5840,0.023687,0.045655,0,91.05,137.95
35.5920,0.046154,0.066482,0,91.05,137.95
35.6000,0.069109,0.087608,0,91.05,137.95
35.6080,0.085714,0.105752,0,91.05,137.95
35.6160,0.099878,0.118115,0,91.05,137.95
35.6240,0.104762,0.122598,0,91.05,137.95
35.6320,0.104274,0.117905,0,91.05,137.95
35.6400,0.093529,0.103784,0,91.05,137.95
35.6480,0.070574,0.081343,0,91.05,137.95
35.6560,0.040781,0.052963,0,91.05,137.95
35.6640,0.015385,0.021617,0,91.05,137.95
35.6720,-0.002198,0.064226,0,91.05,137.95
35.6800,-0.008059,0.058263,0,91.05,137.95
35.6880,-0.005128,0.060402,0,91.05,137.95
35.6960,0.006593,0.067536,0,91.05,137.95
35.7040,0.013431,0.075438,0,91.05,137.95
35.7120,0.015873,0.080393,0,91.05,137.95
35.7200,0.013431,0.080307,0,91.05,137.95
35.7280,0.004640,0.075026,0,91.05,137.95
35.7360,-0.010501,0.066015,0,91.05,137.95
35.7440,-0.023199,0.055460,0,91.05,137.95
35.7520,-0.032479,0.045147,0,91.05,137.95
35.7600,-0.040781,0.035825,0,91.05,137.95
35.7680,-0.049084,0.027292,0,91.05,137.95
35.7760,-0.054457,-0.051801,0,91.05,137.95
35.7840,-0.060806,-0.058904,0,91.05,137.95
35.7920,-0.067155,-0.064441,0,91.05,137.95
35.8000,-0.070085,-0.068123,0,91.05,137.95
35.8080,-0.071551,-0.069691,0,91.05,137.95
35.8160,-0.071062,-0.069045,0,91.05,137.95
35.8240,-0.069109,-0.066260,0,91.05,137.95
35.8320,-0.065201,-0.061578,0,91.05,137.95
35.8400,-0.060806,-0.055440,0,91.05,137.95
35.8480,-0.053968,-0.048563,0,91.05,137.95
35.8560,-0.043223,-0.041915,0,91.05,137.95
35.8640,-0.035897,-0.036285,0,91.05,137.95
35.8720,-0.036386,-0.031607,0,91.05,137.95
35.8800,-0.049573,-0.052276,0,91.05,137.95
35.8880,-0.071062,-0.068898,0,91.05,137.95
35.8960,-0.094994,-0.085329,0,91.05,137.95
35.9040,-0.108181,-0.096607,0,91.05,137.95
35.9120,-0.110623,-0.099503,0,91.05,137.95
35.9200,-0.104274,-0.093549,0,91.05,137.95
35.9280,-0.090110,-0.080850,0,91.05,137.95
35.9360,-0.074969,-0.065112,0,91.05,137.95
35.9440,-0.061294,-0.050397,0,91.05,137.95
35.9520,-0.052015,-0.040021,0,91.05,137.95
35.9600,-0.047131,-0.035749,0,91.05,137.95
35.9680,-0.051526,-0.037314,0,91.05,137.95
35.9760,-0.059829,-0.042436,0,91.05,137.95
35.9840,-0.074481,-0.043862,0,91.05,137.95
35.9920,-0.088645,-0.055860,0,91.05,137.95
36.0000,-0.096459,-0.066908,0,91.05,137.95
36.0080,-0.101343,-0.076749,0,91.05,137.95
36.0160,-0.107692,-0.086108,0,91.05,137.95
36.0240,-0.116484,-0.095595,0,91.05,137.95
36.0320,-0.125763,-0.104788,0,91.05,137.95
36.0400,-0.132601,-0.111904,0,91.05,137.95
36.0480,-0.137973,-0.114008,0,91.05,137.95
36.0560,-0.136996,-0.107800,0,91.05,137.95
36.0640,-0.123810,-0.091034,0,91.05,137.95
36.0720,-0.094505,-0.064148,0,91.05,137.95
36.0800,-0.052991,-0.030993,0,91.05,137.95
36.0880,0.008059,-0.575350,0,91.05,137.95
36.0960,0.079853,-0.526298,0,91.05,137.95
36.1040,0.164835,-0.460019,0,91.05,137.95
36.1120,0.272772,-0.375929,0,91.05,137.95
36.1200,0.386569,-0.274950,0,91.05,137.95
36.1280,0.516484,-0.161288,0,91.05,137.95
36.1360,0.653236,-0.044712,0,91.05,137.95
36.1440,0.800244,0.057980,0,91.05,137.95
36.1520,0.919414,0.124707,1,91.05,137.95
36.1600,0.982418,0.134222,1,91.05,137.95
36.1680,0.970696,0.074814,0,91.05,137.95
36.1760,0.874969,-0.048111,0,91.05,137.95
36.1840,0.708425,-0.209722,0,91.05,137.95
36.1920,0.524298,0.577821,0,91.05,137.95
36.2000,0.332845,0.379485,0,91.05,137.95
36.2080,0.141880,0.188681,0,91.05,137.95
36.2160,-0.024176,0.025936,0,91.05,137.95
36.2240,-0.148230,-0.093302,0,91.05,137.95
36.2320,-0.216117,-0.161057,0,91.05,137.95
36.2400,-0.233211,-0.178328,0,91.05,137.95
36.2480,-0.202930,-0.154655,0,91.05,137.95
36.2560,-0.148230,-0.105395,0,91.05,137.95
36.2640,-0.088156,-0.047183,0,91.05,137.95
36.2720,-0.038828,0.007045,0,91.05,137.95
36.2800,-0.008059,0.051663,0,91.05,137.95
36.2880,0.004640,0.089115,0,91.05,137.95
36.2960,-0.006593,0.051869,0,91.05,137.95
36.3040,-0.028083,0.036357,0,91.05,137.95
36.3120,-0.055922,0.012694,0,91.05,137.95
36.3200,-0.085226,-0.012287,0,91.05,137.95
36.3280,-0.106716,-0.033134,0,91.05,137.95
36.3360,-0.120391,-0.046628,0,91.05,137.95
36.3440,-0.125275,-0.051939,0,91.05,137.95
36.3520,-0.122344,-0.050153,0,91.05,137.95
36.3600,-0.116484,-0.043432,0,91.05,137.95
36.3680,-0.108181,-0.034096,0,91.05,137.95
36.3760,-0.101832,-0.023921,0,91.05,137.95
36.3840,-0.096459,-0.013808,0,91.05,137.95
36.3920,-0.093040,-0.003867,0,91.05,137.95
36.4000,-0.090110,-0.246586,0,91.05,137.95
36.4080,-0.092063,-0.251395,0,91.05,137.95
36.4160,-0.096947,-0.256838,0,91.05,137.95
36.4240,-0.108669,-0.260901,0,91.05,137.95
36.4320,-0.116972,-0.261076,0,91.05,137.95
36.4400,-0.120391,-0.255384,0,91.05,137.95
36.4480,-0.119902,-0.243235,0,91.05,137.95
36.4560,-0.116972,-0.225592,0,91.05,137.95
36.4640,-0.114042,-0.204488,0,91.05,137.95
36.4720,-0.110623,-0.182275,0,91.05,137.95
36.4800,-0.106716,-0.160884,0,91.05,137.95
36.4880,-0.103785,-0.141217,0,91.05,137.95
36.4960,-0.100366,-0.122907,0,91.05,137.95
36.5040,-0.098901,-0.003354,0,91.05,137.95
36.5120,-0.098413,0.002029,0,91.05,137.95
36.5200,-0.098901,0.002787,0,91.05,137.95
36.5280,-0.100366,-0.000250,0,91.05,137.95
36.5360,-0.102808,-0.005769,0,91.05,137.95
36.5440,-0.108181,-0.012082,0,91.05,137.95
36.5520,-0.111111,-0.017454,0,91.05,137.95
36.5600,-0.111600,-0.020581,0,91.05,137.95
36.5680,-0.110134,-0.020864,0,91.05,137.95
36.5760,-0.108181,-0.018293,0,91.05,137.95
36.5840,-0.106716,-0.013182,0,91.05,137.95
36.5920,-0.101832,-0.006084,0,91.05,137.95
36.6000,-0.094994,0.002124,0,91.05,137.95
36.6080,-0.086203,-0.042508,0,91.05,137.95
36.6160,-0.085226,-0.046138,0,91.05,137.95
36.6240,-0.093529,-0.055263,0,91.05,137.95
36.6320,-0.109646,-0.067716,0,91.05,137.95
36.6400,-0.122344,-0.079466,0,91.05,137.95
36.6480,-0.128205,-0.086324,0,91.05,137.95
36.6560,-0.125275,-0.085702,0,91.05,137.95
36.6640,-0.109646,-0.077629,0,91.05,137.95
36.6720,-0.088645,-0.064632,0,91.05,137.95
36.6800,-0.067643,-0.050472,0,91.05,137.95
36.6880,-0.053480,-0.038354,0,91.05,137.95
36.6960,-0.043712,-0.029580,0,91.05,137.95
36.7040,-0.039805,-0.023236,0,91.05,137.95
36.7120,-0.041270,0.032516,0,91.05,137.95
36.7200,-0.046154,0.026923,0,91.05,137.95
36.7280,-0.054457,0.018962,0,91.05,137.95
36.7360,-0.060806,0.010697,0,91.05,137.95
36.7440,-0.067155,0.003885,0,91.05,137.95
36.7520,-0.069109,-0.000391,0,91.05,137.95
36.7600,-0.068132,-0.001907,0,91.05,137.95
36.7680,-0.063248,-0.001198,0,91.05,137.95
36.7760,-0.061294,0.000845,0,91.05,137.95
36.7840,-0.055922,0.003393,0,91.05,137.95
36.7920,-0.053968,0.005895,0,91.05,137.95
36.8000,-0.049084,0.008116,0,91.05,137.95
36.8080,-0.047131,0.010097,0,91.05,137.95
36.8160,-0.045665,0.027354,0,91.05,137.95
36.8240,-0.046642,0.026969,0,91.05,137.95
36.8320,-0.046154,0.025620,0,91.05,137.95
36.8400,-0.048107,0.023544,0,91.05,137.95
36.8480,-0.049573,0.021009,0,91.05,137.95
36.8560,-0.051038,0.018295,0,91.05,137.95
36.8640,-0.052503,0.015661,0,91.05,137.95
36.8720,-0.053480,0.013355,0,91.05,137.95
36.8800,-0.054457,0.011623,0,91.05,137.95
36.8880,-0.054457,0.010696,0,91.05,137.95
36.8960,-0.054457,0.010701,0,91.05,137.95
36.9040,-0.051526,0.011548,0,91.05,137.95
36.9120,-0.049573,0.012893,0,91.05,137.95
36.9200,-0.044689,0.021019,0,91.05,137.95
36.9280,-0.042247,0.023325,0,91.05,137.95
36.9360,-0.040781,0.024732,0,91.05,137.95
36.9440,-0.039316,0.024994,0,91.05,137.95
36.9520,-0.038828,0.024080,0,91.05,137.95
36.9600,-0.038828,0.022139,0,91.05,137.95
36.9680,-0.040781,0.019535,0,91.05,137.95
36.9760,-0.044689,0.016822,0,91.05,137.95
36.9840,-0.046154,0.014546,0,91.05,137.95
36.9920,-0.047131,0.013006,0,91.05,137.95
37.0000,-0.048107,0.012205,0,91.05,137.95
37.0080,-0.049573,0.011979,0,91.05,137.95
37.0160,-0.049573,0.012072,0,91.05,137.95
37.0240,-0.049084,0.000189,0,91.05,137.95
37.0320,-0.046642,0.002914,0,91.05,137.95
37.0400,-0.040293,0.006556,0,91.05,137.95
37.0480,-0.037851,0.010501,0,91.05,137.95
37.0560,-0.032479,0.014025,0,91.05,137.95
37.0640,-0.029060,0.016442,0,91.05,137.95
37.0720,-0.028083,0.017267,0,91.05,137.95
37.0800,-0.028083,0.016382,0,91.05,137.95
37.0880,-0.031013,0.014092,0,91.05,137.95
37.0960,-0.033944,0.011037,0,91.05,137.95
37.1040,-0.038828,0.007953,0,91.05,137.95
37.1120,-0.040293,0.005324,0,91.05,137.95
37.1200,-0.040781,0.003128,0,91.05,137.95
37.1280,-0.041270,0.028999,0,91.05,137.95
37.1360,-0.039805,0.032313,0,91.05,137.95
37.1440,-0.036386,0.036402,0,91.05,137.95
37.1520,-0.031013,0.039924,0,91.05,137.95
37.1600,-0.028571,0.041320,0,91.05,137.95
37.1680,-0.030525,0.039550,0,91.05,137.95
37.1760,-0.038828,0.034726,0,91.05,137.95
37.1840,-0.049084,0.028136,0,91.05,137.95
37.1920,-0.056899,0.021630,0,91.05,137.95
37.2000,-0.062271,0.016820,0,91.05,137.95
37.2080,-0.065201,0.014584,0,91.05,137.95
37.2160,-0.067643,0.014905,0,91.05,137.95
37.2240,-0.063736,0.016852,0,91.05,137.95
37.2320,-0.062271,0.019389,0,91.05,137.95
37.2400,-0.061294,0.022856,0,91.05,137.95
37.2480,-0.059341,0.025318,0,91.05,137.95
37.2560,-0.061294,0.025920,0,91.05,137.95
37.2640,-0.061294,0.024125,0,91.05,137.95
37.2720,-0.069597,0.019971,0,91.05,137.95
37.2800,-0.076923,0.014243,0,91.05,137.95
37.2880,-0.085714,0.008307,0,91.05,137.95
37.2960,-0.092552,0.003697,0,91.05,137.95
37.3040,-0.097924,0.001640,0,91.05,137.95
37.3120,-0.096947,0.002628,0,91.05,137.95
37.3200,-0.094017,0.006242,0,91.05,137.95
37.3280,-0.090598,0.011346,0,91.05,137.95
37.3360,-0.085714,0.042727,0,91.05,137.95
37.3440,-0.078388,0.050696,0,91.05,137.95
37.3520,-0.073504,0.055624,0,91.05,137.95
37.3600,-0.076435,0.055740,0,91.05,137.95
37.3680,-0.085226,0.050542,0,91.05,137.95
37.3760,-0.101343,0.041149,0,91.05,137.95
37.3840,-0.117949,0.029949,0,91.05,137.95
37.3920,-0.133089,0.019750,0,91.05,137.95
37.4000,-0.143834,0.012860,0,91.05,137.95
37.4080,-0.148230,0.010478,0,91.05,137.95
37.4160,-0.148718,0.012581,0,91.05,137.95
37.4240,-0.148230,0.018195,0,91.05,137.95
37.4320,-0.143834,0.025743,0,91.05,137.95
37.4400,-0.137973,-0.065968,0,91.05,137.95
37.4480,-0.133089,-0.062691,0,91.05,137.95
37.4560,-0.132601,-0.061632,0,91.05,137.95
37.4640,-0.134066,-0.062942,0,91.05,137.95
37.4720,-0.139438,-0.065689,0,91.05,137.95
37.4800,-0.145299,-0.068206,0,91.05,137.95
37.4880,-0.144811,-0.068825,0,91.05,137.95
37.4960,-0.142369,-0.066574,0,91.05,137.95
37.5040,-0.135531,-0.061433,0,91.05,137.95
37.5120,-0.126252,-0.054150,0,91.05,137.95
37.5200,-0.116972,-0.045777,0,91.05,137.95
37.5280,-0.108669,-0.037154,0,91.05,137.95
37.5360,-0.101832,-0.028625,0,91.05,137.95
37.5440,-0.101832,-0.023503,0,91.05,137.95
37.5520,-0.108181,-0.031602,0,91.05,137.95
37.5600,-0.121856,-0.044739,0,91.05,137.95
37.5680,-0.140904,-0.060031,0,91.05,137.95
37.5760,-0.156532,-0.073616,0,91.05,137.95
37.5840,-0.164347,-0.081963,0,91.05,137.95
37.5920,-0.163858,-0.083035,0,91.05,137.95
37.6000,-0.156044,-0.076826,0,91.05,137.95
37.6080,-0.139927,-0.065243,0,91.05,137.95
37.6160,-0.121368,-0.051417,0,91.05,137.95
37.6240,-0.104274,-0.038459,0,91.05,137.95
37.6320,-0.094505,-0.028078,0,91.05,137.95
37.6400,-0.092063,-0.019821,0,91.05,137.95
37.6480,-0.098901,-0.018858,0,91.05,137.95
37.6560,-0.108181,-0.029776,0,91.05,137.95
37.6640,-0.123810,-0.042668,0,91.05,137.95
37.6720,-0.135531,-0.053755,0,91.05,137.95
37.6800,-0.140904,-0.059789,0,91.05,137.95
37.6880,-0.136996,-0.059015,0,91.05,137.95
37.6960,-0.127228,-0.051618,0,91.05,137.95
37.7040,-0.111600,-0.039618,0,91.05,137.95
37.7120,-0.093040,-0.026396,0,91.05,137.95
37.7200,-0.076435,-0.015833,0,91.05,137.95
37.7280,-0.064713,-0.011071,0,91.05,137.95
37.7360,-0.061783,-0.013082,0,91.05,137.95
37.7440,-0.076435,-0.019722,0,91.05,137.95
37.7520,-0.100366,-0.041557,0,91.05,137.95
37.7600,-0.126252,-0.066584,0,91.05,137.95
37.7680,-0.147253,-0.088635,0,91.05,137.95
37.7760,-0.156532,-0.103370,0,91.05,137.95
37.7840,-0.156044,-0.108741,0,91.05,137.95
37.7920,-0.147741,-0.105084,0,91.05,137.95
37.8000,-0.130159,-0.094557,0,91.05,137.95
37.8080,-0.113553,-0.080284,0,91.05,137.95
37.8160,-0.095971,-0.065541,0,91.05,137.95
37.8240,-0.077900,-0.053204,0,91.05,137.95
37.8320,-0.065690,-0.045244,0,91.05,137.95
37.8400,-0.057875,-0.042065,0,91.05,137.95
37.8480,-0.061783,-0.042056,0,91.05,137.95
37.8560,-0.068620,0.071539,0,91.05,137.95
37.8640,-0.079853,0.064134,0,91.05,137.95
37.8720,-0.090598,0.056055,0,91.05,137.95
37.8800,-0.094017,0.048835,0,91.05,137.95
37.8880,-0.095971,0.042971,0,91.05,137.95
37.8960,-0.101343,0.038462,0,91.05,137.95
37.9040,-0.109646,0.035437,0,91.05,137.95
37.9120,-0.112088,0.034016,0,91.05,137.95
37.9200,-0.109158,0.033702,0,91.05,137.95
37.9280,-0.108181,0.033355,0,91.05,137.95
37.9360,-0.112088,0.031940,0,91.05,137.95
37.9440,-0.120391,0.029221,0,91.05,137.95
37.9520,-0.124786,0.025717,0,91.05,137.95
37.9600,-0.119902,0.021138,0,91.05,137.95
37.9680,-0.106716,0.034529,0,91.05,137.95
37.9760,-0.087668,0.052041,0,91.05,137.95
37.9840,-0.067155,0.070090,0,91.05,137.95
37.9920,-0.051038,0.084399,0,91.05,137.95
38.0000,-0.041758,0.091435,0,91.05,137.95
38.0080,-0.048107,0.089687,0,91.05,137.95
38.0160,-0.062759,0.080195,0,91.05,137.95
38.0240,-0.080342,0.066004,0,91.05,137.95
38.0320,-0.101343,0.050967,0,91.05,137.95
38.0400,-0.119902,0.038368,0,91.05,137.95
38.0480,-0.127717,0.029631,0,91.05,137.95
38.0560,-0.129182,0.023713,0,91.05,137.95
38.0640,-0.125763,-0.023310,0,91.05,137.95
38.0720,-0.121368,-0.022125,0,91.05,137.95
38.0800,-0.118437,-0.020627,0,91.05,137.95
38.0880,-0.119414,-0.019141,0,91.05,137.95
38.0960,-0.121368,-0.016805,0,91.05,137.95
38.1040,-0.116972,-0.012507,0,91.05,137.95
38.1120,-0.109646,-0.005997,0,91.05,137.95
38.1200,-0.100855,0.001574,0,91.05,137.95
38.1280,-0.090110,0.007931,0,91.05,137.95
38.1360,-0.085714,0.010596,0,91.05,137.95
38.1440,-0.090598,0.008099,0,91.05,137.95
38.1520,-0.100855,0.000742,0,91.05,137.95
38.1600,-0.113553,-0.009510,0,91.05,137.95
38.1680,-0.115507,-0.117840,0,91.05,137.95
38.1760,-0.106227,-0.114487,0,91.05,137.95
38.1840,-0.086203,-0.103847,0,91.05,137.95
38.1920,-0.062271,-0.088200,0,91.05,137.95
38.2000,-0.041270,-0.070685,0,91.05,137.95
38.2080,-0.024176,-0.054182,0,91.05,137.95
38.2160,-0.005617,-0.041083,0,91.05,137.95
38.2240,0.016850,-0.033369,0,91.05,137.95
38.2320,0.023687,-0.031936,0,91.05,137.95
38.2400,0.017338,-0.035505,0,91.05,137.95
38.2480,0.008059,-0.040879,0,91.05,137.95
38.2560,0.009035,-0.045068,0,91.05,137.95
38.2640,0.025153,-0.047504,0,91.05,137.95
38.2720,0.042247,-0.008667,0,91.05,137.95
38.2800,0.055433,-0.010330,0,91.05,137.95
38.2880,0.054945,-0.025602,0,91.05,137.95
38.2960,0.031990,-0.057779,0,91.05,137.95
38.3040,-0.016361,-0.103741,0,91.05,137.95
38.3120,-0.071551,-0.153493,0,91.05,137.95
38.3200,-0.125275,-0.192833,0,91.05,137.95
38.3280,-0.152625,-0.208704,0,91.05,137.95
38.3360,-0.122344,-0.195287,0,91.05,137.95
38.3440,-0.051526,-0.157078,0,91.05,137.95
38.3520,0.031990,-0.105877,0,91.05,137.95
38.3600,0.091575,-0.053063,0,91.05,137.95
38.3680,0.112576,-0.002944,0,91.05,137.95
38.3760,0.086203,0.188286,1,91.05,137.95
38.3840,0.020269,0.129941,0,91.05,137.95
38.3920,-0.080342,0.044489,0,91.05,137.95
38.4000,-0.187790,-0.050420,0,91.05,137.95
38.4080,-0.285958,-0.135604,0,91.05,137.95
38.4160,-0.348474,-0.195558,0,91.05,137.95
38.4240,-0.369963,-0.222259,0,91.05,137.95
38.4320,-0.356288,-0.216194,0,91.05,137.95
38.4400,-0.317705,-0.184504,0,91.05,137.95
38.4480,-0.267888,-0.137430,0,91.05,137.95
38.4560,-0.213675,-0.084516,0,91.05,137.95
38.4640,-0.170208,-0.031737,0,91.05,137.95
38.4720,-0.133578,0.019474,0,91.05,137.95
38.4800,-0.109646,-0.000718,0,91.05,137.95
38.4880,-0.093529,0.019383,0,91.05,137.95
38.4960,-0.085714,0.032395,0,91.05,137.95
38.5040,-0.078388,0.039914,0,91.05,137.95
38.5120,-0.073016,0.042476,0,91.05,137.95
38.5200,-0.073504,0.039857,0,91.05,137.95
38.5280,-0.085714,0.032197,0,91.05,137.95
38.5360,-0.101343,0.020995,0,91.05,137.95
38.5440,-0.121368,0.009260,0,91.05,137.95
38.5520,-0.139438,0.000742,0,91.05,137.95
38.5600,-0.148230,-0.001527,0,91.05,137.95
38.5680,-0.148230,0.003192,0,91.05,137.95
38.5760,-0.134066,0.012536,0,91.05,137.95
38.5840,-0.114530,-0.063544,0,91.05,137.95
38.5920,-0.093040,-0.045983,0,91.05,137.95
38.6000,-0.077900,-0.030948,0,91.05,137.95
38.6080,-0.065690,-0.021751,0,91.05,137.95
38.6160,-0.062759,-0.020015,0,91.05,137.95
38.6240,-0.065690,-0.025345,0,91.05,137.95
38.6320,-0.074481,-0.035371,0,91.05,137.95
38.6400,-0.086691,-0.046241,0,91.05,137.95
38.6480,-0.097924,-0.053628,0,91.05,137.95
38.6560,-0.097924,-0.054092,0,91.05,137.95
38.6640,-0.091087,-0.046218,0,91.05,137.95
38.6720,-0.076923,-0.031000,0,91.05,137.95
38.6800,-0.054945,-0.011529,0,91.05,137.95
38.6880,-0.030037,0.206663,0,91.05,137.95
38.6960,-0.006105,0.233218,0,91.05,137.95
38.7040,0.010501,0.248213,0,91.05,137.95
38.7120,0.009035,0.247581,0,91.05,137.95
38.7200,-0.013431,0.230988,0,91.05,137.95
38.7280,-0.045177,0.202155,0,91.05,137.95
38.7360,-0.084737,0.167676,0,91.05,137.95
38.7440,-0.119902,0.135027,0,91.05,137.95
38.7520,-0.148230,0.110538,0,91.05,137.95
38.7600,-0.162882,0.097835,0,91.05,137.95
38.7680,-0.163858,0.097132,0,91.05,137.95
38.7760,-0.154579,0.105659,0,91.05,137.95
38.7840,-0.151648,0.119029,0,91.05,137.95
38.7920,-0.143346,-0.012757,0,91.05,137.95
38.8000,-0.126252,0.006541,0,91.05,137.95
38.8080,-0.105739,0.027006,0,91.05,137.95
38.8160,-0.087179,0.045259,0,91.05,137.95
38.8240,-0.075946,0.057836,0,91.05,137.95
38.8320,-0.070085,0.062225,0,91.05,137.95
38.8400,-0.075946,0.057812,0,91.05,137.95
38.8480,-0.092063,0.046432,0,91.05,137.95
38.8560,-0.113553,0.032013,0,91.05,137.95
38.8640,-0.127717,0.019140,0,91.05,137.95
38.8720,-0.137973,0.011245,0,91.05,137.95
38.8800,-0.139438,0.009261,0,91.05,137.95
38.8880,-0.131136,0.011237,0,91.05,137.95
38.8960,-0.111600,-0.024120,0,91.05,137.95
38.9040,-0.086691,-0.002042,0,91.05,137.95
38.9120,-0.063736,0.020345,0,91.05,137.95
38.9200,-0.045177,0.038458,0,91.05,137.95
38.9280,-0.033944,0.048975,0,91.05,137.95
38.9360,-0.033455,0.050653,0,91.05,137.95
38.9440,-0.042247,0.044663,0,91.05,137.95
38.9520,-0.057387,0.034173,0,91.05,137.95
38.9600,-0.070574,0.023140,0,91.05,137.95
38.9680,-0.078877,0.014771,0,91.05,137.95
38.9760,-0.078877,0.010444,0,91.05,137.95
38.9840,-0.077411,0.009647,0,91.05,137.95
38.9920,-0.078877,0.010759,0,91.05,137.95
39.0000,-0.084249,-0.038219,0,91.05,137.95
39.0080,-0.088645,-0.041192,0,91.05,137.95
39.0160,-0.095971,-0.041943,0,91.05,137.95
39.0240,-0.094994,-0.038847,0,91.05,137.95
39.0320,-0.085226,-0.031479,0,91.05,137.95
39.0400,-0.068620,-0.021214,0,91.05,137.95
39.0480,-0.054457,-0.010702,0,91.05,137.95
39.0560,-0.041758,-0.002682,0,91.05,137.95
39.0640,-0.035897,0.001060,0,91.05,137.95
39.0720,-0.035409,0.000154,0,91.05,137.95
39.0800,-0.038828,-0.004581,0,91.05,137.95
39.0880,-0.041270,-0.011786,0,91.05,137.95
39.0960,-0.044689,-0.020148,0,91.05,137.95
39.1040,-0.051526,-0.048860,0,91.05,137.95
39.1120,-0.061294,-0.061825,0,91.05,137.95
39.1200,-0.072527,-0.073175,0,91.05,137.95
39.1280,-0.080342,-0.080509,0,91.05,137.95
39.1360,-0.079365,-0.082107,0,91.05,137.95
39.1440,-0.070574,-0.077883,0,91.05,137.95
39.1520,-0.054457,-0.069617,0,91.05,137.95
39.1600,-0.034432,-0.060177,0,91.05,137.95
39.1680,-0.023687,-0.052009,0,91.05,137.95
39.1760,-0.020757,-0.045942,0,91.05,137.95
39.1840,-0.011966,-0.041377,0,91.05,137.95
39.1920,-0.001221,-0.037415,0,91.05,137.95
39.2000,0.008059,-0.033582,0,91.05,137.95
39.2080,0.005617,0.071867,0,91.05,137.95
39.2160,-0.000733,0.072809,0,91.05,137.95
39.2240,0.003663,0.071154,0,91.05,137.95
39.2320,0.005128,0.065655,0,91.05,137.95
39.2400,-0.007570,0.055299,0,91.05,137.95
39.2480,-0.028083,0.040741,0,91.05,137.95
39.2560,-0.046642,0.024491,0,91.05,137.95
39.2640,-0.061783,0.009944,0,91.05,137.95
39.2720,-0.072527,0.000351,0,91.05,137.95
39.2800,-0.078388,-0.001899,0,91.05,137.95
39.2880,-0.073016,0.004066,0,91.05,137.95
39.2960,-0.057875,0.017123,0,91.05,137.95
39.3040,-0.039805,0.034276,0,91.05,137.95
39.3120,-0.023199,-0.000129,0,91.05,137.95
39.3200,-0.016361,0.001921,0,91.05,137.95
39.3280,-0.027595,-0.002670,0,91.05,137.95
39.3360,-0.047131,-0.010315,0,91.05,137.95
39.3440,-0.056410,-0.016018,0,91.05,137.95
39.3520,-0.053480,-0.016523,0,91.05,137.95
39.3600,-0.038828,-0.012069,0,91.05,137.95
39.3680,-0.023687,-0.005621,0,91.05,137.95
39.3760,-0.021245,-0.000463,0,91.05,137.95
39.3840,-0.022711,0.001829,0,91.05,137.95
39.3920,-0.028083,0.001674,0,91.05,137.95
39.4000,-0.030037,0.000362,0,91.05,137.95
39.4080,-0.026618,-0.001190,0,91.05,137.95
39.4160,-0.014896,0.043203,0,91.05,137.95
39.4240,0.008059,0.056625,0,91.05,137.95
39.4320,0.021245,0.067300,0,91.05,137.95
39.4400,0.025641,0.070989,0,91.05,137.95
39.4480,0.023199,0.065455,0,91.05,137.95
39.4560,0.005617,0.051482,0,91.05,137.95
39.4640,-0.023199,0.032894,0,91.05,137.95
39.4720,-0.046154,0.015173,0,91.05,137.95
39.4800,-0.055922,0.003209,0,91.05,137.95
39.4880,-0.060317,-0.000272,0,91.05,137.95
39.4960,-0.055433,0.005027,0,91.05,137.95
39.5040,-0.046154,0.017411,0,91.05,137.95
39.5120,-0.030525,0.033744,0,91.05,137.95
39.5200,-0.007570,0.004252,0,91.05,137.95
39.5280,0.021245,0.029196,0,91.05,137.95
39.5360,0.042735,0.050789,0,91.05,137.95
39.5440,0.062271,0.065197,0,91.05,137.95
39.5520,0.065690,0.070510,0,91.05,137.95
39.5600,0.057387,0.067574,0,91.05,137.95
39.5680,0.046154,0.059565,0,91.05,137.95
39.5760,0.033944,0.050395,0,91.05,137.95
39.5840,0.031013,0.042884,0,91.05,137.95
39.5920,0.031990,0.037736,0,91.05,137.95
39.6000,0.036386,0.033897,0,91.05,137.95
39.6080,0.031990,0.029965,0,91.05,137.95
39.6160,0.023687,0.025459,0,91.05,137.95
39.6240,0.008059,0.006229,0,91.05,137.95
39.6320,0.005617,0.008713,0,91.05,137.95
39.6400,0.015385,0.018309,0,91.05,137.95
39.6480,0.037851,0.032198,0,91.05,137.95
39.6560,0.062271,0.043891,0,91.05,137.95
39.6640,0.076923,0.045893,0,91.05,137.95
39.6720,0.070085,0.033658,0,91.05,137.95
39.6800,0.038339,0.008890,0,91.05,137.95
39.6880,-0.007570,-0.019886,0,91.05,137.95
39.6960,-0.043223,-0.040509,0,91.05,137.95
39.7040,-0.053480,-0.042932,0,91.05,137.95
39.7120,-0.026129,-0.024654,0,91.05,137.95
39.7200,0.027106,0.007283,0,91.05,137.95
39.7280,0.077900,0.263433,0,91.05,137.95
39.7360,0.103297,0.290944,1,91.05,137.95
39.7440,0.097436,0.290766,1,91.05,137.95
39.7520,0.052015,0.260635,0,91.05,137.95
39.7600,-0.032479,0.208298,0,91.05,137.95
39.7680,-0.116972,0.148259,0,91.05,137.95
39.7760,-0.177045,0.095632,0,91.05,137.95
39.7840,-0.212698,0.060738,0,91.05,137.95
39.7920,-0.226862,0.047202,0,91.05,137.95
39.8000,-0.223443,0.053235,0,91.05,137.95
39.8080,-0.214164,0.074206,0,91.05,137.95
39.8160,-0.196093,0.104810,0,91.05,137.95
39.8240,-0.176557,0.140093,0,91.05,137.95
39.8320,-0.151160,-0.192376,0,91.05,137.95
39.8400,-0.132601,-0.173169,0,91.05,137.95
39.8480,-0.116972,-0.157443,0,91.05,137.95
39.8560,-0.104274,-0.145713,0,91.05,137.95
39.8640,-0.095482,-0.137623,0,91.05,137.95
39.8720,-0.089133,-0.132173,0,91.05,137.95
39.8800,-0.084249,-0.127992,0,91.05,137.95
39.8880,-0.077411,-0.123679,0,91.05,137.95
39.8960,-0.070085,-0.118110,0,91.05,137.95
39.9040,-0.059341,-0.110559,0,91.05,137.95
39.9120,-0.049573,-0.100662,0,91.05,137.95
39.9200,-0.038828,-0.088500,0,91.05,137.95
39.9280,-0.018315,-0.074900,0,91.05,137.95
39.9360,0.003663,0.157168,0,91.05,137.95
39.9440,0.020757,0.174915,0,91.05,137.95
39.9520,0.024176,0.182204,0,91.05,137.95
39.9600,0.012943,0.176500,0,91.05,137.95
39.9680,-0.020757,0.158458,0,91.05,137.95
39.9760,-0.055433,0.131683,0,91.05,137.95
39.9840,-0.093040,0.101412,0,91.05,137.95
39.9920,-0.126252,0.073181,0,91.05,137.95
40.0000,-0.151648,0.052058,0,91.05,137.95
40.0080,-0.171673,0.042176,0,91.05,137.95
40.0160,-0.181441,0.045980,0,91.05,137.95
40.0240,-0.175092,0.062832,0,91.05,137.95
40.0320,-0.146764,0.087879,0,91.05,137.95
40.0400,-0.097924,-0.882759,0,91.05,137.95
40.0480,-0.037851,-0.851342,0,91.05,137.95
40.0560,0.039316,-0.800675,0,91.05,137.95
40.0640,0.137485,-0.730953,0,91.05,137.95
40.0720,0.263980,-0.643961,0,91.05,137.95
40.0800,0.398779,-0.543938,0,91.05,137.95
40.0880,0.536508,-0.437803,0,91.05,137.95
40.0960,0.664957,-0.335796,0,91.05,137.95
40.1040,0.807570,-0.252759,0,91.05,137.95
40.1120,0.948718,-0.206973,0,91.05,137.95
40.1200,1.000000,-0.213172,0,91.05,137.95
40.1280,1.000000,-0.272309,0,91.05,137.95
40.1360,0.896459,-0.365698,0,91.05,137.95
40.1440,0.725519,0.788833,0,91.05,137.95
40.1520,0.548718,0.627059,0,91.05,137.95
40.1600,0.372405,0.450829,0,91.05,137.95
40.1680,0.195604,0.277774,0,91.05,137.95
40.1760,0.028083,0.123594,0,91.05,137.95
40.1840,-0.124298,0.002896,0,91.05,137.95
40.1920,-0.221001,-0.072490,0,91.05,137.95
40.2000,-0.255189,-0.097301,0,91.05,137.95
40.2080,-0.224908,-0.075591,0,91.05,137.95
40.2160,-0.156044,-0.019681,0,91.05,137.95
40.2240,-0.076435,0.054766,0,91.05,137.95
40.2320,-0.002686,0.135061,0,91.05,137.95
40.2400,0.037363,0.215585,0,91.05,137.95
40.2480,0.028083,0.097767,0,91.05,137.95
40.2560,-0.021245,0.072848,0,91.05,137.95
40.2640,-0.088645,0.028199,0,91.05,137.95
40.2720,-0.156044,-0.021248,0,91.05,137.95
40.2800,-0.197558,-0.062761,0,91.05,137.95
40.2880,-0.219048,-0.089249,0,91.05,137.95
40.2960,-0.226374,-0.099376,0,91.05,137.95
40.3040,-0.225397,-0.095541,0,91.05,137.95
40.3120,-0.213187,-0.081747,0,91.05,137.95
40.3200,-0.195116,-0.062280,0,91.05,137.95
40.3280,-0.172161,-0.040831,0,91.05,137.95
40.3360,-0.157021,-0.019676,0,91.05,137.95
40.3440,-0.145788,0.000758,0,91.05,137.95
40.3520,-0.133089,-0.342226,0,91.05,137.95
40.3600,-0.129670,-0.342710,0,91.05,137.95
40.3680,-0.127228,-0.343162,0,91.05,137.95
40.3760,-0.122344,-0.341436,0,91.05,137.95
40.3840,-0.114530,-0.335867,0,91.05,137.95
40.3920,-0.109646,-0.325470,0,91.05,137.95
40.4000,-0.102320,-0.309899,0,91.05,137.95
40.4080,-0.090598,-0.289548,0,91.05,137.95
40.4160,-0.080342,-0.265561,0,91.05,137.95
40.4240,-0.074481,-0.239528,0,91.05,137.95
40.4320,-0.061783,-0.213157,0,91.05,137.95
40.4400,-0.047619,-0.187810,0,91.05,137.95
40.4480,-0.045665,-0.163704,0,91.05,137.95
40.4560,-0.060317,0.136626,0,91.05,137.95
40.4640,-0.086203,0.134439,0,91.05,137.95
40.4720,-0.113553,0.131988,0,91.05,137.95
40.4800,-0.125275,0.136481,0,91.05,137.95
40.4880,-0.112088,0.151141,0,91.05,137.95
40.4960,-0.080342,0.172949,0,91.05,137.95
40.5040,-0.048596,0.193699,0,91.05,137.95
40.5120,-0.030525,0.203868,0,91.05,137.95
40.5200,-0.041758,0.197219,0,91.05,137.95
40.5280,-0.086691,0.173653,0,91.05,137.95
40.5360,-0.145788,0.138442,0,91.05,137.95
40.5440,-0.193651,0.098232,0,91.05,137.95
40.5520,-0.226374,0.057086,0,91.05,137.95
40.5600,-0.235165,-0.132843,0,91.05,137.95
40.5680,-0.225885,-0.130908,0,91.05,137.95
40.5760,-0.204396,-0.115971,0,91.05,137.95
40.5840,-0.174603,-0.093861,0,91.05,137.95
40.5920,-0.148230,-0.070322,0,91.05,137.95
40.6000,-0.126252,-0.049528,0,91.05,137.95
40.6080,-0.109646,-0.033648,0,91.05,137.95
40.6160,-0.098413,-0.023356,0,91.05,137.95
40.6240,-0.088645,-0.018749,0,91.05,137.95
40.6320,-0.081319,-0.019947,0,91.05,137.95
40.6400,-0.083761,-0.026886,0,91.05,137.95
40.6480,-0.093040,-0.038669,0,91.05,137.95
40.6560,-0.105739,-0.053274,0,91.05,137.95
40.6640,-0.112576,-0.028756,0,67.80,137.95
40.6720,-0.116972,-0.032755,0,67.80,137.95
40.6800,-0.118437,-0.028545,0,67.80,137.95
40.6880,-0.101832,-0.015470,0,67.80,137.95
40.6960,-0.075458,0.004251,0,67.80,137.95
40.7040,-0.047619,0.025950,0,67.80,137.95
40.7120,-0.026129,0.044225,0,67.80,137.95
40.7200,-0.016850,0.054837,0,67.80,137.95
40.7280,-0.018315,0.055742,0,67.80,137.95
40.7360,-0.024176,0.047102,0,67.80,137.95
40.7440,-0.046154,0.030749,0,67.80,137.95
40.7520,-0.066667,0.009394,0,67.80,137.95
40.7600,-0.085714,-0.014272,0,67.80,137.95
40.7680,-0.104762,0.023413,0,67.80,137.95
40.7760,-0.116972,0.012181,0,67.80,137.95
40.7840,-0.121368,0.007818,0,67.80,137.95
40.7920,-0.118437,0.010192,0,67.80,137.95
40.8000,-0.109646,0.017695,0,67.80,137.95
40.8080,-0.103785,0.027691,0,67.80,137.95
40.8160,-0.094017,0.037069,0,67.80,137.95
40.8240,-0.086691,0.042853,0,67.80,137.95
40.8320,-0.087668,0.043071,0,67.80,137.95
40.8400,-0.097924,0.037545,0,67.80,137.95
40.8480,-0.110623,0.027769,0,67.80,137.95
40.8560,-0.119902,0.015805,0,67.80,137.95
40.8640,-0.125275,0.003143,0,67.80,137.95
40.8720,-0.121368,-0.074616,0,67.80,137.95
40.8800,-0.113553,-0.074373,0,67.80,137.95
40.8880,-0.101832,-0.071270,0,67.80,137.95
40.8960,-0.095971,-0.067050,0,67.80,137.95
40.9040,-0.088645,-0.062753,0,67.80,137.95
40.9120,-0.085226,-0.058543,0,67.80,137.95
40.9200,-0.077900,-0.054129,0,67.80,137.95
40.9280,-0.070085,-0.049340,0,67.80,137.95
40.9360,-0.061294,-0.044395,0,67.80,137.95
40.9440,-0.054457,-0.039797,0,67.80,137.95
40.9520,-0.046154,-0.036079,0,67.80,137.95
40.9600,-0.038828,-0.033509,0,67.80,137.95
40.9680,-0.036386,-0.031801,0,67.80,137.95
40.9760,-0.036386,-0.008418,0,67.80,137.95
40.9840,-0.038828,-0.015224,0,67.80,137.95
40.9920,-0.048107,-0.024644,0,67.80,137.95
41.0000,-0.055433,-0.035201,0,67.80,137.95
41.0080,-0.062759,-0.045098,0,67.80,137.95
41.0160,-0.070085,-0.052461,0,67.80,137.95
41.0240,-0.075458,-0.055604,0,67.80,137.95
41.0320,-0.073504,-0.053573,0,67.80,137.95
41.0400,-0.063248,-0.046781,0,67.80,137.95
41.0480,-0.047131,-0.037066,0,67.80,137.95
41.0560,-0.032479,-0.026821,0,67.80,137.95
41.0640,-0.022222,-0.017682,0,67.80,137.95
41.0720,-0.016361,-0.009728,0,67.80,137.95
41.0800,-0.026618,0.015303,0,67.80,137.95
41.0880,-0.052503,-0.008236,0,67.80,137.95
41.0960,-0.085714,-0.036537,0,67.80,137.95
41.1040,-0.114530,-0.062829,0,67.80,137.95
41.1120,-0.131624,-0.081062,0,67.80,137.95
41.1200,-0.133089,-0.087942,0,67.80,137.95
41.1280,-0.123321,-0.083623,0,67.80,137.95
41.1360,-0.105739,-0.071017,0,67.80,137.95
41.1440,-0.089133,-0.054447,0,67.80,137.95
41.1520,-0.067643,-0.038395,0,67.80,137.95
41.1600,-0.048107,-0.026441,0,67.80,137.95
41.1680,-0.039316,-0.020033,0,67.80,137.95
41.1760,-0.044200,-0.017580,0,67.80,137.95
41.1840,-0.051526,0.039324,0,67.80,137.95
41.1920,-0.062759,0.028587,0,67.80,137.95
41.2000,-0.076435,0.016380,0,67.80,137.95
41.2080,-0.086203,0.005273,0,67.80,137.95
41.2160,-0.095971,-0.002861,0,67.80,137.95
41.2240,-0.100855,-0.007090,0,67.80,137.95
41.2320,-0.100855,-0.007575,0,67.80,137.95
41.2400,-0.095971,-0.005469,0,67.80,137.95
41.2480,-0.093529,-0.002331,0,67.80,137.95
41.2560,-0.093529,0.000646,0,67.80,137.95
41.2640,-0.094994,0.003031,0,67.80,137.95
41.2720,-0.095482,0.004952,0,67.80,137.95
41.2800,-0.094994,0.006688,0,67.80,137.95
41.2880,-0.095971,0.014589,0,67.80,137.95
41.2960,-0.097924,0.017602,0,67.80,137.95
41.3040,-0.094017,0.020861,0,67.80,137.95
41.3120,-0.089133,0.023168,0,67.80,137.95
41.3200,-0.090110,0.023054,0,67.80,137.95
41.3280,-0.094994,0.019648,0,67.80,137.95
41.3360,-0.101832,0.013255,0,67.80,137.95
41.3440,-0.115507,0.005426,0,67.80,137.95
41.3520,-0.126252,-0.001485,0,67.80,137.95
41.3600,-0.132601,-0.005190,0,67.80,137.95
41.3680,-0.136996,-0.004326,0,67.80,137.95
41.3760,-0.133089,0.000995,0,67.80,137.95
41.3840,-0.125275,0.009081,0,67.80,137.95
41.3920,-0.109646,0.021070,0,67.80,137.95
41.4000,-0.098413,0.035573,0,67.80,137.95
41.4080,-0.086691,0.046595,0,67.80,137.95
41.4160,-0.078877,0.051058,0,67.80,137.95
41.4240,-0.080342,0.047220,0,67.80,137.95
41.4320,-0.096459,0.035721,0,67.80,137.95
41.4400,-0.118926,0.019866,0,67.80,137.95
41.4480,-0.141392,0.004561,0,67.80,137.95
41.4560,-0.153114,-0.005631,0,67.80,137.95
41.4640,-0.156532,-0.008140,0,67.80,137.95
41.4720,-0.149695,-0.002890,0,67.80,137.95
41.4800,-0.142369,0.008278,0,67.80,137.95
41.4880,-0.131624,0.022560,0,67.80,137.95
41.4960,-0.121856,-0.038786,0,67.80,137.95
41.5040,-0.116972,-0.030176,0,67.80,137.95
41.5120,-0.112088,-0.022645,0,67.80,137.95
41.5200,-0.103785,-0.015930,0,67.80,137.95
41.5280,-0.098413,-0.010005,0,67.80,137.95
41.5360,-0.088156,-0.005269,0,67.80,137.95
41.5440,-0.085714,-0.002230,0,67.80,137.95
41.5520,-0.085714,-0.001054,0,67.80,137.95
41.5600,-0.085226,-0.001483,0,67.80,137.95
41.5680,-0.085714,-0.003086,0,67.80,137.95
41.5760,-0.086691,-0.005439,0,67.80,137.95
41.5840,-0.090598,-0.008161,0,67.80,137.95
41.5920,-0.090598,-0.010996,0,67.80,137.95
41.6000,-0.086203,0.021641,0,67.80,137.95
41.6080,-0.086691,0.025602,0,67.80,137.95
41.6160,-0.085226,0.032531,0,67.80,137.95
41.6240,-0.075458,0.042282,0,67.80,137.95
41.6320,-0.062759,0.053293,0,67.80,137.95
41.6400,-0.048107,0.062738,0,67.80,137.95
41.6480,-0.041270,0.067689,0,67.80,137.95
41.6560,-0.045177,0.066539,0,67.80,137.95
41.6640,-0.054457,0.059688,0,67.80,137.95
41.6720,-0.067643,0.049089,0,67.80,137.95
41.6800,-0.079853,0.037131,0,67.80,137.95
41.6880,-0.091575,0.025510,0,67.80,137.95
41.6960,-0.096947,0.014601,0,67.80,137.95
41.7040,-0.097924,-0.036377,0,67.80,137.95
41.7120,-0.092552,-0.034420,0,67.80,137.95
41.7200,-0.084249,-0.029209,0,67.80,137.95
41.7280,-0.074481,-0.022524,0,67.80,137.95
41.7360,-0.069597,-0.015818,0,67.80,137.95
41.7440,-0.062759,-0.009924,0,67.80,137.95
41.7520,-0.054457,-0.005264,0,67.80,137.95
41.7600,-0.049084,-0.002111,0,67.80,137.95
41.7680,-0.045177,-0.000672,0,67.80,137.95
41.7760,-0.040293,-0.001110,0,67.80,137.95
41.7840,-0.040293,-0.003491,0,67.80,137.95
41.7920,-0.039805,-0.007595,0,67.80,137.95
41.8000,-0.044200,-0.012756,0,67.80,137.95
41.8080,-0.047619,0.042498,0,67.80,137.95
41.8160,-0.049573,0.041364,0,67.80,137.95
41.8240,-0.051526,0.041539,0,67.80,137.95
41.8320,-0.047131,0.042690,0,67.80,137.95
41.8400,-0.045177,0.043802,0,67.80,137.95
41.8480,-0.045177,0.043700,0,67.80,137.95
41.8560,-0.048107,0.041667,0,67.80,137.95
41.8640,-0.054457,0.037779,0,67.80,137.95
41.8720,-0.062759,0.032842,0,67.80,137.95
41.8800,-0.069597,0.027964,0,67.80,137.95
41.8880,-0.074481,0.023996,0,67.80,137.95
41.8960,-0.076435,0.021165,0,67.80,137.95
41.9040,-0.078877,0.019088,0,67.80,137.95
41.9120,-0.075946,-0.003150,0,67.80,137.95
41.9200,-0.070085,0.000691,0,67.80,137.95
41.9280,-0.062271,0.006188,0,67.80,137.95
41.9360,-0.054457,0.012701,0,67.80,137.95
41.9440,-0.047619,0.019451,0,67.80,137.95
41.9520,-0.038828,0.025478,0,67.80,137.95
41.9600,-0.032479,0.029650,0,67.80,137.95
41.9680,-0.028571,0.030919,0,67.80,137.95
41.9760,-0.031502,0.028794,0,67.80,137.95
41.9840,-0.043223,0.023712,0,67.80,137.95
41.9920,-0.055922,0.016882,0,67.80,137.95
42.0000,-0.066667,0.009565,0,67.80,137.95
42.0080,-0.070574,0.002359,0,67.80,137.95
42.0160,-0.076923,-0.023348,0,67.80,137.95
42.0240,-0.076435,-0.024580,0,67.80,137.95
42.0320,-0.071551,-0.023033,0,67.80,137.95
42.0400,-0.065690,-0.019541,0,67.80,137.95
42.0480,-0.059341,-0.015000,0,67.80,137.95
42.0560,-0.054457,-0.010010,0,67.80,137.95
42.0640,-0.051038,-0.004839,0,67.80,137.95
42.0720,-0.047131,0.000221,0,67.80,137.95
42.0800,-0.038828,0.004340,0,67.80,137.95
42.0880,-0.031013,0.006056,0,67.80,137.95
42.0960,-0.031013,0.003978,0,67.80,137.95
42.1040,-0.039316,-0.002158,0,67.80,137.95
42.1120,-0.054457,-0.010934,0,67.80,137.95
42.1200,-0.070085,-0.022107,0,67.80,137.95
42.1280,-0.079365,-0.032974,0,67.80,137.95
42.1360,-0.085714,-0.039818,0,67.80,137.95
42.1440,-0.085226,-0.041995,0,67.80,137.95
42.1520,-0.080830,-0.040203,0,67.80,137.95
42.1600,-0.076435,-0.035936,0,67.80,137.95
42.1680,-0.070085,-0.030858,0,67.80,137.95
42.1760,-0.064713,-0.026334,0,67.80,137.95
42.1840,-0.060806,-0.023131,0,67.80,137.95
42.1920,-0.060317,-0.021300,0,67.80,137.95
42.2000,-0.059829,-0.020386,0,67.80,137.95
42.2080,-0.055922,-0.019878,0,67.80,137.95
42.2160,-0.054457,-0.019485,0,67.80,137.95
42.2240,-0.053480,0.014966,0,67.80,137.95
42.2320,-0.051526,0.015637,0,67.80,137.95
42.2400,-0.052991,0.015610,0,67.80,137.95
42.2480,-0.054457,0.015107,0,67.80,137.95
42.2560,-0.056899,0.014620,0,67.80,137.95
42.2640,-0.058852,0.014684,0,67.80,137.95
42.2720,-0.059341,0.015581,0,67.80,137.95
42.2800,-0.059341,0.017086,0,67.80,137.95
42.2880,-0.056410,0.018410,0,67.80,137.95
42.2960,-0.055433,0.018485,0,67.80,137.95
42.3040,-0.057875,0.016526,0,67.80,137.95
42.3120,-0.063248,0.012505,0,67.80,137.95
42.3200,-0.069597,0.007213,0,67.80,137.95
42.3280,-0.070085,0.004708,0,67.80,137.95
42.3360,-0.068132,0.007426,0,67.80,137.95
42.3440,-0.059829,0.012885,0,67.80,137.95
42.3520,-0.052991,0.019912,0,67.80,137.95
42.3600,-0.048107,0.027012,0,67.80,137.95
42.3680,-0.044200,0.032767,0,67.80,137.95
42.3760,-0.038828,0.035949,0,67.80,137.95
42.3840,-0.039316,0.035726,0,67.80,137.95
42.3920,-0.046154,0.032103,0,67.80,137.95
42.4000,-0.055922,0.026059,0,67.80,137.95
42.4080,-0.066667,0.019033,0,67.80,137.95
42.4160,-0.071062,0.012102,0,67.80,137.95
42.4240,-0.076435,0.005523,0,67.80,137.95
42.4320,-0.077900,-0.028791,0,67.80,137.95
42.4400,-0.074481,-0.027652,0,67.80,137.95
42.4480,-0.070085,-0.023772,0,67.80,137.95
42.4560,-0.062759,-0.018154,0,67.80,137.95
42.4640,-0.055433,-0.012038,0,67.80,137.95
42.4720,-0.048596,-0.006613,0,67.80,137.95
42.4800,-0.045177,-0.002713,0,67.80,137.95
42.4880,-0.043712,-0.000684,0,67.80,137.95
42.4960,-0.041758,-0.000488,0,67.80,137.95
42.5040,-0.043223,-0.001855,0,67.80,137.95
42.5120,-0.045665,-0.004374,0,67.80,137.95
42.5200,-0.047131,-0.007609,0,67.80,137.95
42.5280,-0.050061,-0.011185,0,67.80,137.95
42.5360,-0.051526,-0.026989,0,67.80,137.95
42.5440,-0.052015,-0.029615,0,67.80,137.95
42.5520,-0.052991,-0.031646,0,67.80,137.95
42.5600,-0.052015,-0.033041,0,67.80,137.95
42.5680,-0.051038,-0.033637,0,67.80,137.95
42.5760,-0.051038,-0.033088,0,67.80,137.95
42.5840,-0.049084,-0.030994,0,67.80,137.95
42.5920,-0.043712,-0.027301,0,67.80,137.95
42.6000,-0.036386,-0.022611,0,67.80,137.95
42.6080,-0.028571,-0.018086,0,67.80,137.95
42.6160,-0.022222,-0.014950,0,67.80,137.95
42.6240,-0.017827,-0.013809,0,67.80,137.95
42.6320,-0.020757,-0.014151,0,67.80,137.95
42.6400,-0.027595,0.011559,0,67.80,137.95
42.6480,-0.039805,-0.000725,0,67.80,137.95
42.6560,-0.055433,-0.014525,0,67.80,137.95
42.6640,-0.070085,-0.026971,0,67.80,137.95
42.6720,-0.078877,-0.035652,0,67.80,137.95
42.6800,-0.078877,-0.039498,0,67.80,137.95
42.6880,-0.075946,-0.038943,0,67.80,137.95
42.6960,-0.071062,-0.035313,0,67.80,137.95
42.7040,-0.066667,-0.030028,0,67.80,137.95
42.7120,-0.060317,-0.024132,0,67.80,137.95
42.7200,-0.054457,-0.018221,0,67.80,137.95
42.7280,-0.048107,-0.012515,0,67.80,137.95
42.7360,-0.042247,-0.006975,0,67.80,137.95
42.7440,-0.040293,0.000250,0,67.80,137.95
42.7520,-0.044200,-0.003169,0,67.80,137.95
42.7600,-0.052015,-0.009007,0,67.80,137.95
42.7680,-0.056899,-0.015761,0,67.80,137.95
42.7760,-0.063736,-0.021787,0,67.80,137.95
42.7840,-0.068620,-0.025709,0,67.80,137.95
42.7920,-0.069109,-0.026786,0,67.80,137.95
42.8000,-0.064713,-0.025151,0,67.80,137.95
42.8080,-0.060806,-0.021647,0,67.80,137.95
42.8160,-0.054457,-0.017301,0,67.80,137.95
42.8240,-0.053480,-0.012823,0,67.80,137.95
42.8320,-0.048107,-0.008464,0,67.80,137.95
42.8400,-0.044200,-0.004207,0,67.80,137.95
42.8480,-0.038828,0.014113,0,67.80,137.95
42.8560,-0.035409,0.018810,0,67.80,137.95
42.8640,-0.030525,0.022735,0,67.80,137.95
42.8720,-0.030037,0.025390,0,67.80,137.95
42.8800,-0.026129,0.026251,0,67.80,137.95
42.8880,-0.028083,0.024942,0,67.80,137.95
42.8960,-0.031502,0.021541,0,67.80,137.95
42.9040,-0.037363,0.016767,0,67.80,137.95
42.9120,-0.044200,0.011884,0,67.80,137.95
42.9200,-0.051038,0.008316,0,67.80,137.95
42.9280,-0.052991,0.007065,0,67.80,137.95
42.9360,-0.051526,0.008206,0,67.80,137.95
42.9440,-0.048596,0.010838,0,67.80,137.95
42.9520,-0.044200,0.010109,0,67.80,137.95
42.9600,-0.042247,0.012459,0,67.80,137.95
42.9680,-0.040781,0.012519,0,67.80,137.95
42.9760,-0.042247,0.009750,0,67.80,137.95
42.9840,-0.049084,0.004576,0,67.80,137.95
42.9920,-0.056899,-0.001677,0,67.80,137.95
43.0000,-0.062271,-0.007281,0,67.80,137.95
43.0080,-0.066667,-0.010767,0,67.80,137.95
43.0160,-0.065201,-0.011378,0,67.80,137.95
43.0240,-0.063736,-0.009186,0,67.80,137.95
43.0320,-0.056899,-0.004887,0,67.80,137.95
43.0400,-0.052991,0.000611,0,67.80,137.95
43.0480,-0.049084,0.006581,0,67.80,137.95
43.0560,-0.049084,-0.007431,0,67.80,137.95
43.0640,-0.052015,-0.008624,0,67.80,137.95
43.0720,-0.054457,-0.011109,0,67.80,137.95
43.0800,-0.055922,-0.014079,0,67.80,137.95
43.0880,-0.057875,-0.016820,0,67.80,137.95
43.0960,-0.060317,-0.018787,0,67.80,137.95
43.1040,-0.060317,-0.019720,0,67.80,137.95
43.1120,-0.055433,-0.019710,0,67.80,137.95
43.1200,-0.055922,-0.018943,0,67.80,137.95
43.1280,-0.055922,-0.017312,0,67.80,137.95
43.1360,-0.054457,-0.014484,0,67.80,137.95
43.1440,-0.049084,-0.010366,0,67.80,137.95
43.1520,-0.043223,-0.005402,0,67.80,137.95
43.1600,-0.033455,0.008142,0,67.80,137.95
43.1680,-0.023199,0.017620,0,67.80,137.95
43.1760,-0.014408,0.025528,0,67.80,137.95
43.1840,-0.008547,0.030205,0,67.80,137.95
43.1920,-0.008059,0.030810,0,67.80,137.95
43.2000,-0.015385,0.027724,0,67.80,137.95
43.2080,-0.020757,0.022370,0,67.80,137.95
43.2160,-0.027595,0.016560,0,67.80,137.95
43.2240,-0.031502,0.011856,0,67.80,137.95
43.2320,-0.033455,0.009202,0,67.80,137.95
43.2400,-0.032479,0.008833,0,67.80,137.95
43.2480,-0.031990,0.010380,0,67.80,137.95
43.2560,-0.028083,0.013018,0,67.80,137.95
43.2640,-0.018315,-0.003053,0,67.80,137.95
43.2720,-0.005128,0.007377,0,67.80,137.95
43.2800,0.008059,0.017946,0,67.80,137.95
43.2880,0.015873,0.026918,0,67.80,137.95
43.2960,0.023687,0.033163,0,67.80,137.95
43.3040,0.026129,0.036285,0,67.80,137.95
43.3120,0.028083,0.036476,0,67.80,137.95
43.3200,0.027106,0.034265,0,67.80,137.95
43.3280,0.025153,0.030325,0,67.80,137.95
43.3360,0.022222,0.025355,0,67.80,137.95
43.3440,0.016361,0.020005,0,67.80,137.95
43.3520,0.014408,0.014710,0,67.80,137.95
43.3600,0.011477,0.009560,0,67.80,137.95
43.3680,0.008547,0.095185,0,67.80,137.95
43.3760,0.006105,0.094513,0,67.80,137.95
43.3840,0.003175,0.092928,0,67.80,137.95
43.3920,-0.003175,0.089762,0,67.80,137.95
43.4000,-0.008059,0.084525,0,67.80,137.95
43.4080,-0.017827,0.077105,0,67.80,137.95
43.4160,-0.030037,0.067967,0,67.80,137.95
43.4240,-0.041270,0.058175,0,67.80,137.95
43.4320,-0.053968,0.049192,0,67.80,137.95
43.4400,-0.063736,0.042570,0,67.80,137.95
43.4480,-0.072527,0.039480,0,67.80,137.95
43.4560,-0.074481,0.040087,0,67.80,137.95
43.4640,-0.070574,0.043131,0,67.80,137.95
43.4720,-0.065201,0.008596,0,67.80,137.95
43.4800,-0.056899,0.016718,0,67.80,137.95
43.4880,-0.053480,0.024180,0,67.80,137.95
43.4960,-0.051526,0.029751,0,67.80,137.95
43.5040,-0.051038,0.032935,0,67.80,137.95
43.5120,-0.054457,0.033815,0,67.80,137.95
43.5200,-0.056899,0.032781,0,67.80,137.95
43.5280,-0.061294,0.030310,0,67.80,137.95
43.5360,-0.067643,0.026857,0,67.80,137.95
43.5440,-0.072527,0.022832,0,67.80,137.95
43.5520,-0.080342,0.018563,0,67.80,137.95
43.5600,-0.085714,0.014256,0,67.80,137.95
43.5680,-0.092552,0.009989,0,67.80,137.95
43.5760,-0.096947,-0.078730,0,67.80,137.95
43.5840,-0.099389,-0.082783,0,67.80,137.95
43.5920,-0.101343,-0.085262,0,67.80,137.95
43.6000,-0.101832,-0.086011,0,67.80,137.95
43.6080,-0.104274,-0.084721,0,67.80,137.95
43.6160,-0.101343,-0.081161,0,67.80,137.95
43.6240,-0.094505,-0.075602,0,67.80,137.95
43.6320,-0.086203,-0.068897,0,67.80,137.95
43.6400,-0.080342,-0.062060,0,67.80,137.95
43.6480,-0.075458,-0.055764,0,67.80,137.95
43.6560,-0.071062,-0.050186,0,67.80,137.95
43.6640,-0.067155,-0.045156,0,67.80,137.95
43.6720,-0.062271,-0.040404,0,67.80,137.95
43.6800,-0.056899,0.077019,0,67.80,137.95
43.6880,-0.055433,0.082550,0,67.80,137.95
43.6960,-0.057387,0.085429,0,67.80,137.95
43.7040,-0.063736,0.085584,0,67.80,137.95
43.7120,-0.070085,0.083249,0,67.80,137.95
43.7200,-0.075458,0.078683,0,67.80,137.95
43.7280,-0.085714,0.072192,0,67.80,137.95
43.7360,-0.098413,0.064385,0,67.80,137.95
43.7440,-0.108669,0.056231,0,67.80,137.95
43.7520,-0.118926,0.048886,0,67.80,137.95
43.7600,-0.132112,0.043471,0,67.80,137.95
43.7680,-0.140415,0.040575,0,67.80,137.95
43.7760,-0.138950,0.039553,0,67.80,137.95
43.7840,-0.125275,-0.990175,0,67.80,137.95
43.7920,-0.093529,-1.000000,0,67.80,137.95
43.8000,-0.047131,-0.991780,0,67.80,137.95
43.8080,0.022222,-0.964007,0,67.80,137.95
43.8160,0.106227,-0.916548,0,67.80,137.95
43.8240,0.211233,-0.851113,0,67.80,137.95
43.8320,0.334310,-0.771808,0,67.80,137.95
43.8400,0.461294,-0.685362,0,67.80,137.95
43.8480,0.589744,-0.600875,0,67.80,137.95
43.8560,0.720147,-0.529072,0,67.80,137.95
43.8640,0.848596,-0.479844,0,67.80,137.95
43.8720,0.928694,-0.456888,0,67.80,137.95
43.8800,0.937973,-0.452425,0,67.80,137.95
43.8880,0.858852,0.956776,0,67.80,137.95
43.8960,0.713797,0.862955,0,67.80,137.95
43.9040,0.545299,0.732909,0,67.80,137.95
43.9120,0.364591,0.584580,0,67.80,137.95
43.9200,0.178510,0.436273,0,67.80,137.95
43.9280,0.003663,0.305110,0,67.80,137.95
43.9360,-0.135531,0.205438,0,67.80,137.95
43.9440,-0.221001,0.146503,0,67.80,137.95
43.9520,-0.251282,0.130521,0,67.80,137.95
43.9600,-0.230769,0.152626,0,67.80,137.95
43.9680,-0.182906,0.203127,0,67.80,137.95
43.9760,-0.125275,0.271072,0,67.80,137.95
43.9840,-0.073504,0.347062,0,67.80,137.95
43.9920,-0.039805,0.043628,0,67.80,137.95
44.0000,-0.026618,0.069274,0,67.80,137.95
44.0080,-0.031502,0.076484,0,67.80,137.95
44.0160,-0.047131,0.069630,0,67.80,137.95
44.0240,-0.069109,0.054907,0,67.80,137.95
44.0320,-0.090110,0.038347,0,67.80,137.95
44.0400,-0.107204,0.024446,0,67.80,137.95
44.0480,-0.117460,0.015535,0,67.80,137.95
44.0560,-0.121368,0.011914,0,67.80,137.95
44.0640,-0.124298,0.012554,0,67.80,137.95
44.0720,-0.123321,0.015945,0,67.80,137.95
44.0800,-0.121368,0.020724,0,67.80,137.95
44.0880,-0.122344,0.026024,0,67.80,137.95
44.0960,-0.122833,-0.250220,0,67.80,137.95
44.1040,-0.127228,-0.258076,0,67.80,137.95
44.1120,-0.129182,-0.265971,0,67.80,137.95
44.1200,-0.132601,-0.273043,0,67.80,137.95
44.1280,-0.136996,-0.278136,0,67.80,137.95
44.1360,-0.141880,-0.279667,0,67.80,137.95
44.1440,-0.147741,-0.275725,0,67.80,137.95
44.1520,-0.147741,-0.264646,0,67.80,137.95
44.1600,-0.143346,-0.245860,0,67.80,137.95
44.1680,-0.131136,-0.220439,0,67.80,137.95
44.1760,-0.116972,-0.190788,0,67.80,137.95
44.1840,-0.108181,-0.159436,0,67.80,137.95
44.1920,-0.103785,-0.127835,0,67.80,137.95
44.2000,-0.107692,-0.023807,0,67.80,137.95
44.2080,-0.114530,-0.016473,0,67.80,137.95
44.2160,-0.125763,-0.014909,0,67.80,137.95
44.2240,-0.133089,-0.016839,0,67.80,137.95
44.2320,-0.138462,-0.019992,0,67.80,137.95
44.2400,-0.139927,-0.022613,0,67.80,137.95
44.2480,-0.137485,-0.023665,0,67.80,137.95
44.2560,-0.132601,-0.022848,0,67.80,137.95
44.2640,-0.126252,-0.020480,0,67.80,137.95
44.2720,-0.118437,-0.017241,0,67.80,137.95
44.2800,-0.115507,-0.013789,0,67.80,137.95
44.2880,-0.113553,-0.010459,0,67.80,137.95
44.2960,-0.111600,-0.007277,0,67.80,137.95
44.3040,-0.114042,0.003475,0,67.80,137.95
44.3120,-0.115018,0.004149,0,67.80,137.95
44.3200,-0.115507,0.004257,0,67.80,137.95
44.3280,-0.115507,0.003743,0,67.80,137.95
44.3360,-0.116972,0.002523,0,67.80,137.95
44.3440,-0.119414,0.000722,0,67.80,137.95
44.3520,-0.121368,-0.001249,0,67.80,137.95
44.3600,-0.123321,-0.002820,0,67.80,137.95
44.3680,-0.124298,-0.003475,0,67.80,137.95
44.3760,-0.122833,-0.002983,0,67.80,137.95
44.3840,-0.119902,-0.001498,0,67.80,137.95
44.3920,-0.116972,0.000584,0,67.80,137.95
44.4000,-0.115507,0.002889,0,67.80,137.95
44.4080,-0.114042,0.005643,0,67.80,137.95
44.4160,-0.117949,0.003693,0,67.80,137.95
44.4240,-0.121368,0.001243,0,67.80,137.95
44.4320,-0.124298,-0.000545,0,67.80,137.95
44.4400,-0.123810,-0.000821,0,67.80,137.95
44.4480,-0.120391,0.000506,0,67.80,137.95
44.4560,-0.115507,0.002728,0,67.80,137.95
44.4640,-0.111600,0.004745,0,67.80,137.95
44.4720,-0.109158,0.005649,0,67.80,137.95
44.4800,-0.111600,0.005205,0,67.80,137.95
44.4880,-0.115995,0.003873,0,67.80,137.95
44.4960,-0.116972,0.002325,0,67.80,137.95
44.5040,-0.116484,0.000877,0,67.80,137.95
44.5120,-0.109158,-0.039279,0,67.80,137.95
44.5200,-0.099878,-0.033522,0,67.80,137.95
44.5280,-0.088156,-0.026419,0,67.80,137.95
44.5360,-0.080342,-0.019088,0,67.80,137.95
44.5440,-0.071062,-0.012201,0,67.80,137.95
44.5520,-0.064713,-0.005976,0,67.80,137.95
44.5600,-0.057387,-0.000504,0,67.80,137.95
44.5680,-0.049084,0.003875,0,67.80,137.95
44.5760,-0.043223,0.006443,0,67.80,137.95
44.5840,-0.038828,0.006364,0,67.80,137.95
44.5920,-0.038828,0.003153,0,67.80,137.95
44.6000,-0.043223,-0.002912,0,67.80,137.95
44.6080,-0.049084,-0.010699,0,67.80,137.95
44.6160,-0.053968,0.025490,0,67.80,137.95
44.6240,-0.059829,0.017701,0,67.80,137.95
44.6320,-0.065201,0.009719,0,67.80,137.95
44.6400,-0.070574,0.001971,0,67.80,137.95
44.6480,-0.076435,-0.004921,0,67.80,137.95
44.6560,-0.083272,-0.010105,0,67.80,137.95
44.6640,-0.083761,-0.012840,0,67.80,137.95
44.6720,-0.080342,-0.012933,0,67.80,137.95
44.6800,-0.076923,-0.010803,0,67.80,137.95
44.6880,-0.071062,-0.007192,0,67.80,137.95
44.6960,-0.065690,-0.002858,0,67.80,137.95
44.7040,-0.058852,0.001635,0,67.80,137.95
44.7120,-0.054945,0.006062,0,67.80,137.95
44.7200,-0.054457,0.000840,0,67.80,137.95
44.7280,-0.060806,-0.003061,0,67.80,137.95
44.7360,-0.065201,-0.007653,0,67.80,137.95
44.7440,-0.066667,-0.011422,0,67.80,137.95
44.7520,-0.063736,-0.013460,0,67.80,137.95
44.7600,-0.062271,-0.013521,0,67.80,137.95
44.7680,-0.059341,-0.011703,0,67.80,137.95
44.7760,-0.056410,-0.008312,0,67.80,137.95
44.7840,-0.051038,-0.004085,0,67.80,137.95
44.7920,-0.039316,-0.000395,0,67.80,137.95
44.8000,-0.033944,0.001173,0,67.80,137.95
44.8080,-0.031990,-0.000167,0,67.80,137.95
44.8160,-0.038828,-0.003615,0,67.80,137.95
44.8240,-0.052015,-0.021498,0,67.80,137.95
44.8320,-0.070085,-0.038734,0,67.80,137.95
44.8400,-0.084737,-0.055664,0,67.80,137.95
44.8480,-0.097436,-0.069157,0,67.80,137.95
44.8560,-0.102320,-0.076968,0,67.80,137.95
44.8640,-0.101832,-0.078153,0,67.80,137.95
44.8720,-0.095482,-0.073151,0,67.80,137.95
44.8800,-0.084249,-0.063619,0,67.80,137.95
44.8880,-0.070085,-0.052087,0,67.80,137.95
44.8960,-0.054945,-0.041311,0,67.80,137.95
44.9040,-0.047619,-0.033347,0,67.80,137.95
44.9120,-0.041270,-0.028768,0,67.80,137.95
44.9200,-0.042247,-0.026456,0,67.80,137.95
44.9280,-0.049573,-0.067494,0,67.80,137.95
44.9360,-0.056410,-0.079276,0,67.80,137.95
44.9440,-0.065201,-0.091900,0,67.80,137.95
44.9520,-0.070085,-0.102782,0,67.80,137.95
44.9600,-0.072527,-0.109192,0,67.80,137.95
44.9680,-0.071062,-0.108415,0,67.80,137.95
44.9760,-0.068620,-0.098480,0,67.80,137.95
44.9840,-0.044689,-0.079774,0,67.80,137.95
44.9920,-0.010012,-0.056504,0,67.80,137.95
45.0000,0.029060,-0.036118,0,67.80,137.95
45.0080,0.053480,-0.026051,0,67.80,137.95
45.0160,0.052503,-0.029347,0,67.80,137.95
45.0240,0.023687,-0.042050,0,67.80,137.95
45.0320,-0.031013,0.006717,0,67.80,116.57
45.0400,-0.096459,-0.058826,0,67.80,116.57
45.0480,-0.164835,-0.127289,0,67.80,116.57
45.0560,-0.223932,-0.187061,0,67.80,116.57
45.0640,-0.265934,-0.228592,0,67.80,116.57
45.0720,-0.279609,-0.246502,0,67.80,116.57
45.0800,-0.269841,-0.240742,0,67.80,116.57
45.0880,-0.236142,-0.216296,0,67.80,116.57
45.0960,-0.195604,-0.181313,0,67.80,116.57
45.1040,-0.156532,-0.144248,0,67.80,116.57
45.1120,-0.125275,-0.111150,0,67.80,116.57
45.1200,-0.102320,-0.084126,0,67.80,116.57
45.1280,-0.087668,-0.061335,0,67.80,116.57
45.1360,-0.084737,0.032079,0,67.80,116.57
45.1440,-0.092552,0.019990,0,67.80,116.57
45.1520,-0.117460,-0.004515,0,67.80,116.57
45.1600,-0.153602,-0.036785,0,67.80,116.57
45.1680,-0.191697,-0.070165,0,67.80,116.57
45.1760,-0.219048,-0.097698,0,67.80,116.57
45.1840,-0.238095,-0.114009,0,67.80,116.57
45.1920,-0.239072,-0.116579,0,67.80,116.57
45.2000,-0.226374,-0.106086,0,67.80,116.57
45.2080,-0.204396,-0.085678,0,67.80,116.57
45.2160,-0.179487,-0.059432,0,67.80,116.57
45.2240,-0.156044,-0.030740,0,67.80,116.57
45.2320,-0.136020,-0.001439,0,67.80,116.57
45.2400,-0.123810,-0.031336,0,67.80,116.57
45.2480,-0.116972,-0.023645,0,67.80,116.57
45.2560,-0.115507,-0.022473,0,67.80,116.57
45.2640,-0.116972,-0.026232,0,67.80,116.57
45.2720,-0.124786,-0.032392,0,67.80,116.57
45.2800,-0.133578,-0.037766,0,67.80,116.57
45.2880,-0.139438,-0.039379,0,67.80,116.57
45.2960,-0.136508,-0.035751,0,67.80,116.57
45.3040,-0.125763,-0.027801,0,67.80,116.57
45.3120,-0.114530,-0.018535,0,67.80,116.57
45.3200,-0.105739,-0.011534,0,67.80,116.57
45.3280,-0.102320,-0.008902,0,67.80,116.57
45.3360,-0.116972,-0.009770,0,67.80,116.57
45.3440,-0.136996,0.015054,0,67.80,116.57
45.3520,-0.157998,-0.001169,0,67.80,116.57
45.3600,-0.171184,-0.015161,0,67.80,116.57
45.3680,-0.174115,-0.024196,0,67.80,116.57
45.3760,-0.170208,-0.028040,0,67.80,116.57
45.3840,-0.163858,-0.028412,0,67.80,116.57
45.3920,-0.158486,-0.027669,0,67.80,116.57
45.4000,-0.155556,-0.027470,0,67.80,116.57
45.4080,-0.158974,-0.027916,0,67.80,116.57
45.4160,-0.163858,-0.027571,0,67.80,116.57
45.4240,-0.164835,-0.024482,0,67.80,116.57
45.4320,-0.160440,-0.017674,0,67.80,116.57
45.4400,-0.145299,-0.008168,0,67.80,116.57
45.4480,-0.110623,0.225083,0,67.80,137.95
45.4560,-0.065690,0.277305,0,67.80,137.95
45.4640,-0.019780,0.330430,0,67.80,137.95
45.4720,0.023199,0.375053,0,67.80,137.95
45.4800,0.045665,0.402308,0,67.80,137.95
45.4880,0.043712,0.406442,1,67.80,137.95
45.4960,0.016361,0.386615,0,67.80,137.95
45.5040,-0.033944,0.347307,0,67.80,137.95
45.5120,-0.095971,0.297219,0,67.80,137.95
45.5200,-0.163370,0.246815,0,67.80,137.95
45.5280,-0.218559,0.204888,0,67.80,137.95
45.5360,-0.257143,0.175066,0,67.80,137.95
45.5440,-0.265934,0.153964,0,67.80,137.95
45.5520,-0.256166,-0.131211,0,67.80,137.95
45.5600,-0.228816,-0.109108,0,67.80,137.95
45.5680,-0.195116,-0.077776,0,67.80,137.95
45.5760,-0.163858,-0.044355,0,67.80,137.95
45.5840,-0.137485,-0.014460,0,67.80,137.95
45.5920,-0.116972,0.008300,0,67.80,137.95
45.6000,-0.101832,0.022081,0,67.80,137.95
45.6080,-0.098901,0.026483,0,67.80,137.95
45.6160,-0.101832,0.022359,0,67.80,137.95
45.6240,-0.112576,0.011606,0,67.80,137.95
45.6320,-0.132112,-0.003223,0,67.80,137.95
45.6400,-0.148230,-0.019710,0,67.80,137.95
45.6480,-0.157021,-0.036492,0,67.80,137.95
45.6560,-0.160440,-0.031491,0,67.80,137.95
45.6640,-0.152625,-0.027255,0,67.80,137.95
45.6720,-0.139927,-0.017558,0,67.80,137.95
45.6800,-0.124786,-0.005615,0,67.80,137.95
45.6880,-0.109646,0.004946,0,67.80,137.95
45.6960,-0.101832,0.011316,0,67.80,137.95
45.7040,-0.103785,0.012472,0,67.80,137.95
45.7120,-0.108181,0.009314,0,67.80,137.95
45.7200,-0.113553,0.003895,0,67.80,137.95
45.7280,-0.116972,-0.001603,0,67.80,137.95
45.7360,-0.120391,-0.005592,0,67.80,137.95
45.7440,-0.121856,-0.007488,0,67.80,137.95
45.7520,-0.117949,-0.007895,0,67.80,137.95
45.7600,-0.109646,0.048955,0,74.63,137.95
45.7680,-0.099389,0.059607,0,74.63,137.95
45.7760,-0.092552,0.068594,0,74.63,137.95
45.7840,-0.094994,0.073656,0,74.63,137.95
45.7920,-0.102320,0.073823,0,74.63,137.95
45.8000,-0.111600,0.069401,0,74.63,137.95
45.8080,-0.123810,0.061557,0,74.63,137.95
45.8160,-0.134066,0.051979,0,74.63,137.95
45.8240,-0.148230,0.042672,0,74.63,137.95
45.8320,-0.156532,0.035563,0,74.63,137.95
45.8400,-0.157509,0.031836,0,74.63,137.95
45.8480,-0.156532,0.031429,0,74.63,137.95
45.8560,-0.151160,0.033063,0,74.63,137.95
45.8640,-0.144811,-0.043059,0,74.63,137.95
45.8720,-0.134066,-0.034195,0,74.63,137.95
45.8800,-0.124786,-0.021548,0,74.63,137.95
45.8880,-0.109646,-0.005992,0,74.63,137.95
45.8960,-0.089133,0.010335,0,74.63,137.95
45.9040,-0.070085,0.024135,0,74.63,137.95
45.9120,-0.058852,0.032102,0,74.63,137.95
45.9200,-0.058852,0.032487,0,74.63,137.95
45.9280,-0.068620,0.026033,0,74.63,137.95
45.9360,-0.083272,0.015633,0,74.63,137.95
45.9440,-0.095971,0.004841,0,74.63,137.95
45.9520,-0.101343,-0.004013,0,74.63,137.95
45.9600,-0.097924,-0.010970,0,74.63,137.95
45.9680,-0.082784,0.009006,0,74.63,137.95
45.9760,-0.065690,0.014603,0,74.63,137.95
45.9840,-0.056899,0.016551,0,74.63,137.95
45.9920,-0.062271,0.012255,0,74.63,137.95
46.0000,-0.081319,0.001676,0,74.63,137.95
46.0080,-0.107204,-0.012607,0,74.63,137.95
46.0160,-0.131624,-0.026528,0,74.63,137.95
46.0240,-0.143346,-0.036184,0,74.63,137.95
46.0320,-0.143346,-0.039121,0,74.63,137.95
46.0400,-0.134066,-0.034687,0,74.63,137.95
46.0480,-0.119902,-0.023665,0,74.63,137.95
46.0560,-0.094994,-0.007791,0,74.63,137.95
46.0640,-0.070574,0.010627,0,74.63,137.95
46.0720,-0.049084,-0.013964,0,74.63,137.95
46.0800,-0.036874,-0.005113,0,74.63,137.95
46.0880,-0.035409,-0.007716,0,74.63,137.95
46.0960,-0.045177,-0.021943,0,74.63,137.95
46.1040,-0.069597,-0.044809,0,74.63,137.95
46.1120,-0.097924,-0.070630,0,74.63,137.95
46.1200,-0.116972,-0.092606,0,74.63,137.95
46.1280,-0.127717,-0.104850,0,74.63,137.95
46.1360,-0.122344,-0.103950,0,74.63,137.95
46.1440,-0.101343,-0.089719,0,74.63,137.95
46.1520,-0.065690,-0.064912,0,74.63,137.95
46.1600,-0.027595,-0.033741,0,74.63,137.95
46.1680,-0.000244,0.000022,0,74.63,137.95
46.1760,0.008059,0.057418,1,74.63,112.00
46.1840,-0.010989,0.042625,1,74.63,112.00
46.1920,-0.046642,0.012991,0,74.63,112.00
46.2000,-0.087179,-0.023928,0,74.63,112.00
46.2080,-0.124786,-0.059412,0,74.63,112.00
46.2160,-0.148230,-0.086326,0,74.63,112.00
46.2240,-0.157509,-0.100704,0,74.63,112.00
46.2320,-0.154579,-0.101809,0,74.63,112.00
46.2400,-0.146764,-0.091219,0,74.63,112.00
46.2480,-0.122344,-0.071879,0,74.63,112.00
46.2560,-0.095971,-0.047278,0,74.63,112.00
46.2640,-0.069109,-0.020432,0,74.63,112.00
46.2720,-0.048596,0.006957,0,74.63,112.00
46.2800,-0.040293,-0.062946,0,74.63,112.00
46.2880,-0.052991,-0.076256,0,74.63,112.00
46.2960,-0.078388,-0.100282,0,74.63,112.00
46.3040,-0.107692,-0.129035,0,74.63,112.00
46.3120,-0.131136,-0.155503,0,74.63,112.00
46.3200,-0.140904,-0.173856,0,74.63,112.00
46.3280,-0.138950,-0.180705,0,74.63,112.00
46.3360,-0.128205,-0.175209,0,74.63,112.00
46.3440,-0.107692,-0.158668,0,74.63,112.00
46.3520,-0.071551,-0.134078,0,74.63,112.00
46.3600,-0.034432,-0.105226,0,74.63,112.00
46.3680,-0.005617,-0.075178,0,74.63,112.00
46.3760,0.022222,-0.045254,0,74.63,112.00
46.3840,0.036874,0.033154,0,74.63,112.00
46.3920,0.035897,0.024009,0,74.63,112.00
46.4000,0.015385,-0.005008,0,74.63,112.00
46.4080,-0.031502,-0.050384,0,74.63,112.00
46.4160,-0.088156,-0.103602,0,74.63,112.00
46.4240,-0.139438,-0.153116,0,74.63,112.00
46.4320,-0.172161,-0.187772,0,74.63,112.00
46.4400,-0.179487,-0.200087,0,74.63,112.00
46.4480,-0.157021,-0.188079,0,74.63,112.00
46.4560,-0.116972,-0.155091,0,74.63,112.00
46.4640,-0.059829,-0.107812,0,74.63,112.00
46.4720,-0.004640,-0.053285,0,74.63,112.00
46.4800,0.036386,0.003636,0,74.63,112.00
46.4880,0.053968,0.215069,1,74.63,112.00
46.4960,0.040293,0.210031,0,74.63,112.00
46.5040,-0.000244,0.182771,0,74.63,112.00
46.5120,-0.054457,0.142338,0,74.63,112.00
46.5200,-0.101832,0.099784,0,74.63,112.00
46.5280,-0.137485,0.064407,0,74.63,112.00
46.5360,-0.158974,0.041450,0,74.63,112.00
46.5440,-0.164347,0.031767,0,74.63,112.00
46.5520,-0.163370,0.033037,0,74.63,112.00
46.5600,-0.158974,0.041687,0,74.63,112.00
46.5680,-0.154579,0.054513,0,74.63,112.00
46.5760,-0.148718,0.069371,0,74.63,112.00
46.5840,-0.141880,0.085053,0,74.63,112.00
46.5920,-0.129182,0.087623,0,74.63,112.00
46.6000,-0.101343,0.125423,0,74.63,112.00
46.6080,-0.062271,0.171392,0,74.63,112.00
46.6160,-0.014408,0.220071,0,74.63,112.00
46.6240,0.033944,0.262973,0,74.63,112.00
46.6320,0.060317,0.291265,0,74.63,112.00
46.6400,0.062271,0.299033,0,74.63,112.00
46.6480,0.036874,0.285312,0,74.63,112.00
46.6560,-0.007082,0.253926,0,74.63,112.00
46.6640,-0.056899,0.211534,0,74.63,112.00
46.6720,-0.116484,0.165041,0,74.63,112.00
46.6800,-0.169719,0.119227,0,74.63,112.00
46.6880,-0.207326,0.075263,0,74.63,112.00
46.6960,-0.224420,-0.095342,0,74.63,112.00
46.7040,-0.221490,-0.089453,0,74.63,112.00
46.7120,-0.200000,-0.063259,0,74.63,112.00
46.7200,-0.159463,-0.021367,0,74.63,112.00
46.7280,-0.110623,0.028896,0,74.63,112.00
46.7360,-0.059829,0.078420,0,74.63,112.00
46.7440,-0.016361,0.117734,0,74.63,112.00
46.7520,0.008547,0.138884,0,74.63,112.00
46.7600,0.007570,0.137470,0,74.63,112.00
46.7680,-0.026129,0.113964,0,74.63,112.00
46.7760,-0.077411,0.073201,0,74.63,112.00
46.7840,-0.133578,0.021952,0,74.63,112.00
46.7920,-0.180464,-0.033773,0,74.63,112.00
46.8000,-0.207326,-0.093280,0,74.63,69.39
46.8080,-0.209280,-0.099471,0,74.63,69.39
46.8160,-0.193651,-0.087269,0,74.63,69.39
46.8240,-0.165324,-0.061872,0,74.63,69.39
46.8320,-0.132112,-0.030486,0,74.63,69.39
46.8400,-0.100366,-0.000464,0,74.63,69.39
46.8480,-0.077900,0.022143,0,74.63,69.39
46.8560,-0.064225,0.033499,0,74.63,69.39
46.8640,-0.063248,0.032447,0,74.63,69.39
46.8720,-0.076435,0.020595,0,74.63,69.39
46.8800,-0.102320,0.001703,0,74.63,69.39
46.8880,-0.125275,-0.020077,0,74.63,69.39
46.8960,-0.132601,-0.042280,0,74.63,69.39
46.9040,-0.122344,-0.121598,0,74.63,69.39
46.9120,-0.102320,-0.111296,0,74.63,69.39
46.9200,-0.077900,-0.096104,0,74.63,69.39
46.9280,-0.059829,-0.081605,0,74.63,69.39
46.9360,-0.052015,-0.071716,0,74.63,69.39
46.9440,-0.053968,-0.067569,0,74.63,69.39
46.9520,-0.053480,-0.067977,0,74.63,69.39
46.9600,-0.051526,-0.070593,0,74.63,69.39
46.9680,-0.053480,-0.072718,0,74.63,69.39
46.9760,-0.049573,-0.071780,0,74.63,69.39
46.9840,-0.038339,-0.066008,0,74.63,69.39
46.9920,-0.022711,-0.055221,0,74.63,69.39
47.0000,0.005617,-0.041226,0,74.63,69.39
47.0080,0.040293,0.178341,0,74.63,69.39
47.0160,0.070085,0.199421,0,74.63,69.39
47.0240,0.073993,0.206332,0,74.63,69.39
47.0320,0.060317,0.195358,0,74.63,69.39
47.0400,0.032967,0.167247,0,74.63,69.39
47.0480,-0.018803,0.127299,0,74.63,69.39
47.0560,-0.070574,0.084388,0,74.63,69.39
47.0640,-0.120391,0.048612,0,74.63,69.39
47.0720,-0.147253,0.028086,0,74.63,69.39
47.0800,-0.142857,0.026282,0,74.63,69.39
47.0880,-0.123810,0.041495,0,74.63,69.39
47.0960,-0.096459,0.068645,0,74.63,69.39
47.1040,-0.071062,0.101676,0,74.63,69.39
47.1120,-0.066667,0.055770,0,74.63,69.39
47.1200,-0.078388,0.053847,0,74.63,69.39
47.1280,-0.094505,0.043585,0,74.63,69.39
47.1360,-0.109646,0.029379,0,74.63,69.39
47.1440,-0.125763,0.015567,0,74.63,69.39
47.1520,-0.138462,0.005231,0,74.63,69.39
47.1600,-0.144811,-0.000301,0,74.63,69.39
47.1680,-0.142857,-0.001390,0,74.63,69.39
47.1760,-0.145788,0.000650,0,74.63,69.39
47.1840,-0.144811,0.004437,0,74.63,69.39
47.1920,-0.141880,0.008909,0,74.63,69.39
47.2000,-0.137485,0.013382,0,74.63,69.39
47.2080,-0.137973,0.017658,0,74.63,69.39
47.2160,-0.136996,-0.132576,0,74.63,69.39
47.2240,-0.131624,-0.131378,0,74.63,69.39
47.2320,-0.126740,-0.126850,0,74.63,69.39
47.2400,-0.117949,-0.118481,0,74.63,69.39
47.2480,-0.101343,-0.106851,0,74.63,69.39
47.2560,-0.083272,-0.093799,0,74.63,69.39
47.2640,-0.064225,-0.081858,0,74.63,69.39
47.2720,-0.052991,-0.073128,0,74.63,69.39
47.2800,-0.046154,-0.068257,0,74.63,69.39
47.2880,-0.047619,-0.066190,0,74.63,69.39
47.2960,-0.047131,-0.064947,0,74.63,69.39
47.3040,-0.041758,-0.062997,0,74.63,69.39
47.3120,-0.033944,-0.060170,0,74.63,69.39
47.3200,-0.036386,0.047094,0,74.63,69.39
47.3280,-0.057387,0.023639,0,74.63,69.39
47.3360,-0.101343,-0.011739,0,74.63,69.39
47.3440,-0.156044,-0.052523,0,74.63,69.39
47.3520,-0.202442,-0.089136,0,74.63,69.39
47.3600,-0.227350,-0.112896,0,74.63,69.39
47.3680,-0.228816,-0.119385,0,74.63,69.39
47.3760,-0.210745,-0.109592,0,74.63,69.39
47.3840,-0.181929,-0.088712,0,74.63,69.39
47.3920,-0.155067,-0.063514,0,74.63,69.39
47.4000,-0.131136,-0.039645,0,74.63,69.39
47.4080,-0.114042,-0.019801,0,74.63,69.39
47.4160,-0.109158,-0.003185,0,74.63,69.39
47.4240,-0.122833,-0.247904,0,74.63,70.75
47.4320,-0.146764,-0.278488,0,74.63,70.75
47.4400,-0.169719,-0.313901,0,74.63,70.75
47.4480,-0.195116,-0.347576,0,74.63,70.75
47.4560,-0.210745,-0.373318,0,74.63,70.75
47.4640,-0.207326,-0.386604,0,74.63,70.75
47.4720,-0.194139,-0.385315,0,74.63,70.75
47.4800,-0.163858,-0.369603,0,74.63,70.75
47.4880,-0.119902,-0.341204,0,74.63,70.75
47.4960,-0.070574,-0.302412,0,74.63,70.75
47.5040,-0.020269,-0.255218,0,74.63,70.75
47.5120,0.039316,-0.201487,0,74.63,70.75
47.5200,0.114042,-0.143983,0,74.63,70.75
47.5280,0.210745,0.204156,0,74.63,70.75
47.5360,0.326007,0.321183,0,74.63,70.75
47.5440,0.445177,0.455697,0,74.63,70.75
47.5520,0.570208,0.603120,0,74.63,70.75
47.5600,0.707937,0.752685,0,74.63,70.75
47.5680,0.867155,0.885078,0,74.63,70.75
47.5760,0.999023,0.975031,1,74.63,70.75
47.5840,1.000000,1.000000,1,74.63,70.75
47.5920,0.977045,0.949027,0,74.63,70.75
47.6000,0.813919,0.826343,0,74.63,70.75
47.6080,0.620024,0.648598,0,74.63,70.75
47.6160,0.427595,0.437085,0,74.63,70.75
47.6240,0.232234,0.210508,0,74.63,70.75
47.6320,0.040293,0.007344,0,74.63,70.75
47.6400,-0.141392,-0.175314,0,74.63,70.75
47.6480,-0.286447,-0.316218,0,74.63,70.75
47.6560,-0.371917,-0.404381,0,74.63,70.75
47.6640,-0.396337,-0.436467,0,74.63,70.75
47.6720,-0.364591,-0.418676,0,74.63,70.75
47.6800,-0.296215,-0.365663,0,74.63,70.75
47.6880,-0.213675,-0.296744,0,74.63,70.75
47.6960,-0.142857,-0.230728,0,74.63,70.75
47.7040,-0.093040,-0.181313,0,74.63,70.75
47.7120,-0.068620,-0.154486,0,74.63,70.75
47.7200,-0.062759,-0.148219,0,74.63,70.75
47.7280,-0.074969,-0.153903,0,74.63,70.75
47.7360,-0.094505,-0.041396,0,74.63,70.75
47.7440,-0.115507,-0.060445,0,74.63,70.75
47.7520,-0.127228,-0.078095,0,74.63,70.75
47.7600,-0.135043,-0.091613,0,74.63,70.75
47.7680,-0.141880,-0.099927,0,74.63,70.75
47.7760,-0.144811,-0.102809,0,74.63,70.75
47.7840,-0.141880,-0.100563,0,74.63,70.75
47.7920,-0.133089,-0.094098,0,74.63,70.75
47.8000,-0.123810,-0.084851,0,74.63,70.75
47.8080,-0.113065,-0.074385,0,74.63,70.75
47.8160,-0.107692,-0.063881,0,74.63,70.75
47.8240,-0.102808,-0.053851,0,74.63,70.75
47.8320,-0.102320,-0.044178,0,74.63,70.75
47.8400,-0.111600,-0.182804,0,74.63,70.75
47.8480,-0.119902,-0.181480,0,74.63,70.75
47.8560,-0.124298,-0.175651,0,74.63,70.75
47.8640,-0.124786,-0.164149,0,74.63,70.75
47.8720,-0.120391,-0.147768,0,74.63,70.75
47.8800,-0.116484,-0.128992,0,74.63,70.75
47.8880,-0.118437,-0.110927,0,74.63,70.75
47.8960,-0.127228,-0.096122,0,74.63,70.75
47.9040,-0.134066,-0.085998,0,74.63,70.75
47.9120,-0.145299,-0.080833,0,74.63,70.75
47.9200,-0.156044,-0.079955,0,74.63,70.75
47.9280,-0.165324,-0.082077,0,74.63,70.75
47.9360,-0.169231,-0.085720,0,74.63,70.75
47.9440,-0.166300,-0.017857,0,74.63,70.75
47.9520,-0.162393,-0.016186,0,74.63,70.75
47.9600,-0.154090,-0.013113,0,74.63,70.75
47.9680,-0.145299,-0.008835,0,74.63,70.75
47.9760,-0.135043,-0.003851,0,74.63,70.75
47.9840,-0.125275,0.000961,0,74.63,70.75
47.9920,-0.116972,0.004468,0,74.63,70.75
48.0000,-0.113553,0.005736,0,74.63,70.75
48.0080,-0.116972,0.004593,0,74.63,70.75
48.0160,-0.124298,0.001824,0,74.63,70.75
48.0240,-0.130159,-0.001307,0,74.63,70.75
48.0320,-0.133089,-0.003880,0,74.63,70.75
48.0400,-0.132601,-0.005836,0,74.63,70.75
48.0480,-0.129182,-0.061769,0,74.63,70.75
48.0560,-0.124786,-0.061613,0,74.63,70.75
48.0640,-0.120391,-0.061273,0,74.63,70.75
48.0720,-0.118437,-0.061136,0,74.63,70.75
48.0800,-0.116972,-0.061005,0,74.63,70.75
48.0880,-0.112088,-0.060326,0,74.63,70.75
48.0960,-0.107692,-0.058533,0,74.63,70.75
48.1040,-0.101343,-0.055252,0,74.63,70.75
48.1120,-0.094994,-0.050426,0,74.63,70.75
48.1200,-0.084249,-0.044451,0,74.63,70.75
48.1280,-0.071551,-0.038108,0,74.63,70.75
48.1360,-0.063736,-0.032109,0,74.63,70.75
48.1440,-0.057387,-0.026592,0,74.63,70.75
48.1520,-0.058852,0.069396,0,74.63,70.75
48.1600,-0.063248,0.064615,0,74.63,70.75
48.1680,-0.076435,0.055929,0,74.63,70.75
48.1760,-0.086203,0.045138,0,74.63,70.75
48.1840,-0.099389,0.034228,0,74.63,70.75
48.1920,-0.107692,0.024911,0,74.63,70.75
48.2000,-0.116484,0.018365,0,74.63,70.75
48.2080,-0.118437,0.015072,0,74.63,70.75
48.2160,-0.117460,0.014783,0,74.63,70.75
48.2240,-0.115507,0.016721,0,74.63,70.75
48.2320,-0.110623,0.019926,0,74.63,70.75
48.2400,-0.105739,0.023585,0,74.63,70.75
48.2480,-0.103785,0.027288,0,74.63,70.75
48.2560,-0.101343,0.001157,0,74.63,70.75
48.2640,-0.096459,0.006442,0,74.63,70.75
48.2720,-0.085714,0.012865,0,74.63,70.75
48.2800,-0.077900,0.019420,0,74.63,70.75
48.2880,-0.068620,0.024700,0,74.63,70.75
48.2960,-0.065690,0.027600,0,74.63,70.75
48.3040,-0.067643,0.027836,0,74.63,70.75
48.3120,-0.070085,0.025933,0,74.63,70.75
48.3200,-0.072527,0.022742,0,74.63,70.75
48.3280,-0.074969,0.018952,0,74.63,70.75
48.3360,-0.076923,0.014893,0,74.63,70.75
48.3440,-0.077900,0.010610,0,74.63,70.75
48.3520,-0.082784,0.006139,0,74.63,70.75
48.3600,-0.088156,-0.021198,0,74.63,70.75
48.3680,-0.090598,-0.021737,0,74.63,70.75
48.3760,-0.084737,-0.018697,0,74.63,70.75
48.3840,-0.072527,-0.012966,0,74.63,70.75
48.3920,-0.062271,-0.006631,0,74.63,70.75
48.4000,-0.053968,-0.001947,0,74.63,70.75
48.4080,-0.051038,-0.000272,0,74.63,70.75
48.4160,-0.054457,-0.001512,0,74.63,70.75
48.4240,-0.059829,-0.004354,0,74.63,70.75
48.4320,-0.061294,-0.007149,0,74.63,70.75
48.4400,-0.061294,-0.008823,0,74.63,70.75
48.4480,-0.058852,-0.009202,0,74.63,70.75
48.4560,-0.057875,-0.008798,0,74.63,70.75
48.4640,-0.056899,0.010527,0,74.63,70.75
48.4720,-0.056899,0.012941,0,74.63,70.75
48.4800,-0.054457,0.016667,0,74.63,70.75
48.4880,-0.047131,0.021601,0,74.63,70.75
48.4960,-0.038828,0.026957,0,74.63,70.75
48.5040,-0.032967,0.031526,0,74.63,70.75
48.5120,-0.028571,0.034168,0,74.63,70.75
48.5200,-0.026129,0.034201,0,74.63,70.75
48.5280,-0.030525,0.031589,0,74.63,70.75
48.5360,-0.032967,0.026878,0,74.63,70.75
48.5440,-0.038828,0.020882,0,74.63,70.75
48.5520,-0.045177,0.014358,0,74.63,70.75
48.5600,-0.048107,0.007739,0,74.63,70.75
48.5680,-0.052991,-0.013863,0,74.63,70.75
48.5760,-0.060806,-0.021215,0,74.63,70.75
48.5840,-0.068132,-0.026798,0,74.63,70.75
48.5920,-0.070574,-0.029358,0,74.63,70.75
48.6000,-0.069109,-0.028294,0,74.63,70.75
48.6080,-0.060806,-0.024113,0,74.63,70.75
48.6160,-0.052991,-0.018324,0,74.63,70.75
48.6240,-0.043223,-0.012838,0,74.63,70.75
48.6320,-0.038828,-0.009177,0,74.63,70.75
48.6400,-0.038828,-0.007906,0,74.63,70.75
48.6480,-0.039805,-0.008628,0,74.63,70.75
48.6560,-0.040781,-0.010511,0,74.63,70.75
48.6640,-0.039316,-0.012839,0,74.63,70.75
48.6720,-0.039316,0.053359,0,74.63,70.75
48.6800,-0.038828,0.052611,0,74.63,70.75
48.6880,-0.041270,0.049575,0,74.63,70.75
48.6960,-0.048107,0.043803,0,74.63,70.75
48.7040,-0.060806,0.035788,0,74.63,70.75
48.7120,-0.073016,0.026911,0,74.63,70.75
48.7200,-0.083761,0.018851,0,74.63,70.75
48.7280,-0.090110,0.012938,0,74.63,70.75
48.7360,-0.093529,0.009863,0,74.63,70.75
48.7440,-0.096459,0.009775,0,74.63,70.75
48.7520,-0.095971,0.012455,0,74.63,70.75
48.7600,-0.093529,0.017339,0,74.63,70.75
48.7680,-0.088645,0.023482,0,74.63,70.75
48.7760,-0.085714,-0.004142,0,74.63,70.75
48.7840,-0.082784,-0.001075,0,74.63,70.75
48.7920,-0.084249,0.000611,0,74.63,70.75
48.8000,-0.085226,0.000943,0,74.63,70.75
48.8080,-0.086203,0.000222,0,74.63,70.75
48.8160,-0.091087,-0.001090,0,74.63,70.75
48.8240,-0.094505,-0.002462,0,74.63,70.75
48.8320,-0.095971,-0.003482,0,74.63,70.75
48.8400,-0.097924,-0.003965,0,74.63,70.75
48.8480,-0.099878,-0.003865,0,74.63,70.75
48.8560,-0.100855,-0.003185,0,74.63,70.75
48.8640,-0.101343,-0.002004,0,74.63,70.75
48.8720,-0.100855,-0.000520,0,74.63,70.75
48.8800,-0.097924,-0.020309,0,74.63,70.75
48.8880,-0.092552,-0.017004,0,74.63,70.75
48.8960,-0.088156,-0.013749,0,74.63,70.75
48.9040,-0.088156,-0.010882,0,74.63,70.75
48.9120,-0.087179,-0.008364,0,74.63,70.75
48.9200,-0.085714,-0.006112,0,74.63,70.75
48.9280,-0.080830,-0.004331,0,74.63,70.75
48.9360,-0.080342,-0.003376,0,74.63,70.75
48.9440,-0.084249,-0.003326,0,74.63,70.75
48.9520,-0.085714,-0.003891,0,74.63,70.75
48.9600,-0.086691,-0.004715,0,74.63,70.75
48.9680,-0.088156,-0.005612,0,74.63,70.75
48.9760,-0.090110,-0.006530,0,74.63,70.75
48.9840,-0.086203,0.022273,0,74.63,70.75
48.9920,-0.080342,0.027596,0,74.63,70.75
49.0000,-0.074481,0.031787,0,74.63,70.75
49.0080,-0.072527,0.033131,0,74.63,70.75
49.0160,-0.078388,0.030921,0,74.63,70.75
49.0240,-0.086691,0.025885,0,74.63,70.75
49.0320,-0.097924,0.019782,0,74.63,70.75
49.0400,-0.102320,0.014467,0,74.63,70.75
49.0480,-0.105739,0.011097,0,74.63,70.75
49.0560,-0.105739,0.009949,0,74.63,70.75
49.0640,-0.106227,0.010713,0,74.63,70.75
49.0720,-0.105739,0.012834,0,74.63,70.75
49.0800,-0.103785,0.015667,0,74.63,70.75
49.0880,-0.099389,-0.020672,0,74.63,70.75
49.0960,-0.092063,-0.015591,0,74.63,70.75
49.1040,-0.086691,-0.010209,0,74.63,70.75
49.1120,-0.082784,-0.005192,0,74.63,70.75
49.1200,-0.076923,-0.001125,0,74.63,70.75
49.1280,-0.072527,0.001479,0,74.63,70.75
49.1360,-0.070574,0.002349,0,74.63,70.75
49.1440,-0.072527,0.001679,0,74.63,70.75
49.1520,-0.073016,0.000111,0,74.63,70.75
49.1600,-0.076435,-0.001586,0,74.63,70.75
49.1680,-0.074481,-0.002916,0,74.63,70.75
49.1760,-0.072527,-0.003836,0,74.63,70.75
49.1840,-0.073504,-0.004563,0,74.63,70.75
49.1920,-0.070574,0.009894,0,74.63,70.75
49.2000,-0.066667,0.013507,0,74.63,70.75
49.2080,-0.062271,0.017993,0,74.63,70.75
49.2160,-0.056410,0.022784,0,74.63,70.75
49.2240,-0.053480,0.027174,0,74.63,70.75
49.2320,-0.047619,0.030425,0,74.63,70.75
49.2400,-0.047131,0.031927,0,74.63,70.75
49.2480,-0.047619,0.031403,0,74.63,70.75
49.2560,-0.051038,0.028967,0,74.63,70.75
49.2640,-0.053968,0.025003,0,74.63,70.75
49.2720,-0.059829,0.020000,0,74.63,70.75
49.2800,-0.064713,0.014427,0,74.63,70.75
49.2880,-0.069597,0.008629,0,74.63,70.75
49.2960,-0.070085,0.034006,0,74.63,70.75
49.3040,-0.070574,0.035707,0,74.63,70.75
49.3120,-0.070085,0.040350,0,74.63,70.75
49.3200,-0.065201,0.047752,0,74.63,70.75
49.3280,-0.054457,0.056795,0,74.63,70.75
49.3360,-0.044689,0.065451,0,74.63,70.75
49.3440,-0.037851,0.071416,0,74.63,70.75
49.3520,-0.038828,0.072943,0,74.63,70.75
49.3600,-0.043712,0.069316,0,74.63,70.75
49.3680,-0.053480,0.060826,0,74.63,70.75
49.3760,-0.067155,0.048492,0,74.63,70.75
49.3840,-0.084249,0.033691,0,74.63,70.75
49.3920,-0.098413,0.017774,0,74.63,70.75
49.4000,-0.101343,-0.035515,0,74.63,70.75
49.4080,-0.098901,-0.035269,0,74.63,70.75
49.4160,-0.091575,-0.029665,0,74.63,70.75
49.4240,-0.080830,-0.020738,0,74.63,70.75
49.4320,-0.069597,-0.011052,0,74.63,70.75
49.4400,-0.059829,-0.003043,0,74.63,70.75
49.4480,-0.054457,0.001613,0,74.63,70.75
49.4560,-0.054945,0.002453,0,74.63,70.75
49.4640,-0.059341,0.000225,0,74.63,70.75
49.4720,-0.063736,-0.003616,0,74.63,70.75
49.4800,-0.068132,-0.007676,0,74.63,70.75
49.4880,-0.068620,-0.011208,0,74.63,70.75
49.4960,-0.070085,-0.014239,0,74.63,70.75
49.5040,-0.070574,-0.016764,0,74.63,70.75
49.5120,-0.071062,-0.018723,0,74.63,70.75
49.5200,-0.073016,-0.020707,0,74.63,70.75
49.5280,-0.076435,-0.022432,0,74.63,70.75
49.5360,-0.077900,-0.023326,0,74.63,70.75
49.5440,-0.077900,-0.022907,0,74.63,70.75
49.5520,-0.074481,-0.021111,0,74.63,70.75
49.5600,-0.071062,-0.018318,0,74.63,70.75
49.5680,-0.068620,-0.015161,0,74.63,70.75
49.5760,-0.063736,-0.012328,0,74.63,70.75
49.5840,-0.060806,-0.010390,0,74.63,70.75
49.5920,-0.059341,-0.009551,0,74.63,70.75
49.6000,-0.060317,-0.009474,0,74.63,70.75
49.6080,-0.063248,-0.008282,0,74.63,70.75
49.6160,-0.068132,-0.011409,0,74.63,70.75
49.6240,-0.067643,-0.014056,0,74.63,70.75
49.6320,-0.069109,-0.015441,0,74.63,70.75
49.6400,-0.070085,-0.014960,0,74.63,70.75
49.6480,-0.069109,-0.012274,0,74.63,70.75
49.6560,-0.064713,-0.007645,0,74.63,70.75
49.6640,-0.055922,-0.002183,0,74.63,70.75
49.6720,-0.049573,0.002393,0,74.63,70.75
49.6800,-0.045665,0.004477,0,74.63,70.75
49.6880,-0.047619,0.003284,0,74.63,70.75
49.6960,-0.051038,-0.000868,0,74.63,70.75
49.7040,-0.056410,-0.006744,0,74.63,70.75
49.7120,-0.068132,-0.049784,0,74.63,70.75
49.7200,-0.089133,-0.070030,0,74.63,70.75
49.7280,-0.112576,-0.090053,0,74.63,70.75
49.7360,-0.129182,-0.105555,0,74.63,70.75
49.7440,-0.135043,-0.112926,0,74.63,70.75
49.7520,-0.131136,-0.110523,0,74.63,70.75
49.7600,-0.115507,-0.099251,0,74.63,70.75
49.7680,-0.090598,-0.082389,0,74.63,70.75
49.7760,-0.066178,-0.064581,0,74.63,70.75
49.7840,-0.047619,-0.050252,0,74.63,70.75
49.7920,-0.036386,-0.042117,0,74.63,70.75
49.8000,-0.033944,-0.040345,0,74.63,70.75
49.8080,-0.038828,-0.042567,0,74.63,70.75
49.8160,-0.047131,-0.000804,0,74.63,70.75
49.8240,-0.058852,-0.011473,0,74.63,70.75
49.8320,-0.068132,-0.021065,0,74.63,70.75
49.8400,-0.072527,-0.027283,0,74.63,70.75
49.8480,-0.072527,-0.029006,0,74.63,70.75
49.8560,-0.068132,-0.026395,0,74.63,70.75
49.8640,-0.058852,-0.020695,0,74.63,70.75
49.8720,-0.051038,-0.013792,0,74.63,70.75
49.8800,-0.043223,-0.007664,0,74.63,70.75
49.8880,-0.037363,-0.003915,0,74.63,70.75
49.8960,-0.035409,-0.003391,0,74.63,70.75
49.9040,-0.038828,-0.005893,0,74.63,70.75
49.9120,-0.043223,-0.010210,0,74.63,70.75
49.9200,-0.049084,0.018190,0,74.63,70.75
49.9280,-0.053480,0.015765,0,74.63,70.75
49.9360,-0.054945,0.013768,0,74.63,70.75
49.9440,-0.056899,0.011965,0,74.63,70.75
49.9520,-0.057387,0.009830,0,74.63,70.75
49.9600,-0.062271,0.006951,0,74.63,70.75
49.9680,-0.068620,0.003393,0,74.63,70.75
49.9760,-0.076435,-0.000192,0,74.63,70.75
49.9840,-0.084737,-0.002784,0,74.63,70.75
49.9920,-0.085714,-0.003461,0,74.63,70.75
50.0000,-0.084249,-0.001840,0,74.63,70.75
50.0080,-0.078388,0.001780,0,74.63,70.75
50.0160,-0.071551,0.006549,0,74.63,70.75
50.0240,-0.065201,0.029568,0,74.63,70.75
50.0320,-0.057387,0.037344,0,74.63,70.75
50.0400,-0.051038,0.044410,0,74.63,70.75
50.0480,-0.045177,0.050153,0,74.63,70.75
50.0560,-0.039805,0.053956,0,74.63,70.75
50.0640,-0.038828,0.055248,0,74.63,70.75
50.0720,-0.039316,0.053715,0,74.63,70.75
50.0800,-0.047131,0.049551,0,74.63,70.75
50.0880,-0.056899,0.043543,0,74.63,70.75
50.0960,-0.066667,0.036819,0,74.63,70.75
50.1040,-0.077411,0.030425,0,74.63,70.75
50.1120,-0.085714,0.024927,0,74.63,70.75
50.1200,-0.090110,0.020172,0,74.63,70.75
50.1280,-0.095482,-0.060053,0,74.63,70.75
50.1360,-0.097924,-0.063547,0,74.63,70.75
50.1440,-0.095482,-0.065595,0,74.63,70.75
50.1520,-0.094017,-0.066863,0,74.63,70.75
50.1600,-0.094505,-0.067794,0,74.63,70.75
50.1680,-0.094017,-0.068333,0,74.63,70.75
50.1760,-0.093040,-0.067987,0,74.63,70.75
50.1840,-0.091575,-0.066101,0,74.63,70.75
50.1920,-0.086203,-0.062183,0,74.63,70.75
50.2000,-0.078877,-0.056154,0,74.63,70.75
50.2080,-0.070085,-0.048398,0,74.63,70.75
50.2160,-0.057387,-0.039584,0,74.63,70.75
50.2240,-0.049573,-0.030354,0,74.63,70.75
50.2320,-0.043712,-0.013391,0,74.63,70.75
50.2400,-0.047131,-0.020492,0,74.63,70.75
50.2480,-0.061783,-0.034334,0,74.63,70.75
50.2560,-0.083272,-0.051936,0,74.63,70.75
50.2640,-0.103297,-0.068637,0,74.63,70.75
50.2720,-0.115995,-0.079816,0,74.63,70.75
50.2800,-0.114530,-0.082653,0,74.63,70.75
50.2880,-0.103297,-0.077024,0,74.63,70.75
50.2960,-0.086203,-0.065174,0,74.63,70.75
50.3040,-0.067155,-0.050548,0,74.63,70.75
50.3120,-0.047619,-0.036388,0,74.63,70.75
50.3200,-0.035897,-0.024472,0,74.63,70.75
50.3280,-0.030525,-0.014476,0,74.63,70.75
50.3360,-0.033944,0.073701,0,74.63,70.75
50.3440,-0.042247,0.068769,0,74.63,70.75
50.3520,-0.054457,0.060634,0,74.63,70.75
50.3600,-0.067155,0.051953,0,74.63,70.75
50.3680,-0.076435,0.044960,0,74.63,70.75
50.3760,-0.083272,0.040893,0,74.63,70.75
50.3840,-0.085714,0.039749,0,74.63,70.75
50.3920,-0.084737,0.040411,0,74.63,70.75
50.4000,-0.084249,0.041157,0,74.63,70.75
50.4080,-0.085714,0.040459,0,74.63,70.75
50.4160,-0.093529,0.037650,0,74.63,70.75
50.4240,-0.101832,0.033055,0,74.63,70.75
50.4320,-0.107692,0.027540,0,74.63,70.75
50.4400,-0.106716,0.028188,0,74.63,70.75
50.4480,-0.100855,0.038800,0,74.63,70.75
50.4560,-0.085714,0.055237,0,74.63,70.75
50.4640,-0.064225,0.074588,0,74.63,70.75
50.4720,-0.042247,0.092254,0,74.63,70.75
50.4800,-0.030525,0.103540,0,74.63,70.75
50.4880,-0.031013,0.105515,0,74.63,70.75
50.4960,-0.045665,0.098118,0,74.63,70.75
50.5040,-0.067643,0.083930,0,74.63,70.75
50.5120,-0.088645,0.066816,0,74.63,70.75
50.5200,-0.110623,0.050257,0,74.63,70.75
50.5280,-0.127228,0.036078,0,74.63,70.75
50.5360,-0.136020,0.023912,0,74.63,70.75
50.5440,-0.139438,-0.064681,0,74.63,70.75
50.5520,-0.133578,-0.062928,0,74.63,70.75
50.5600,-0.125763,-0.057985,0,74.63,70.75
50.5680,-0.117949,-0.052090,0,74.63,70.75
50.5760,-0.113553,-0.046721,0,74.63,70.75
50.5840,-0.109646,-0.042359,0,74.63,70.75
50.5920,-0.105739,-0.038837,0,74.63,70.75
50.6000,-0.101343,-0.035859,0,74.63,70.75
50.6080,-0.096947,-0.033298,0,74.63,70.75
50.6160,-0.095482,-0.031156,0,74.63,70.75
50.6240,-0.093529,-0.029424,0,74.63,70.75
50.6320,-0.093040,-0.028019,0,74.63,70.75
50.6400,-0.092063,-0.026802,0,74.63,70.75
50.6480,-0.090110,0.023483,0,74.63,70.75
50.6560,-0.087179,0.027044,0,74.63,70.75
50.6640,-0.085714,0.030148,0,74.63,70.75
50.6720,-0.085226,0.032381,0,74.63,70.75
50.6800,-0.084737,0.033391,0,74.63,70.75
50.6880,-0.086203,0.032931,0,74.63,70.75
50.6960,-0.088156,0.030954,0,74.63,70.75
50.7040,-0.093040,0.027771,0,74.63,70.75
50.7120,-0.101343,0.024077,0,74.63,70.75
50.7200,-0.104762,0.020650,0,74.63,70.75
50.7280,-0.107692,0.017914,0,74.63,70.75
50.7360,-0.108669,0.015816,0,74.63,70.75
50.7440,-0.112088,0.014055,0,74.63,70.75
50.7520,-0.115507,-0.073846,0,74.63,70.75
50.7600,-0.115018,-0.073424,0,74.63,70.75
50.7680,-0.109158,-0.068039,0,74.63,70.75
50.7760,-0.095971,-0.057381,0,74.63,70.75
50.7840,-0.080342,-0.042461,0,74.63,70.75
50.7920,-0.058852,-0.025467,0,74.63,70.75
50.8000,-0.043223,-0.009265,0,74.63,70.75
50.8080,-0.025641,0.003213,0,74.63,70.75
50.8160,-0.016850,0.009555,0,74.63,70.75
50.8240,-0.014408,0.008405,0,74.63,70.75
50.8320,-0.020269,-0.000170,0,74.63,70.75
50.8400,-0.031013,-0.014675,0,74.63,70.75
50.8480,-0.045665,-0.032483,0,74.63,70.75
50.8560,-0.055922,0.022963,0,105.45,70.75
50.8640,-0.065201,0.014403,0,105.45,70.75
50.8720,-0.067643,0.010989,0,105.45,70.75
50.8800,-0.062759,0.012912,0,105.45,70.75
50.8880,-0.054945,0.019001,0,105.45,70.75
50.8960,-0.044200,0.027196,0,105.45,70.75
50.9040,-0.038339,0.035160,0,105.45,70.75
50.9120,-0.029548,0.040688,0,105.45,70.75
50.9200,-0.025641,0.042023,0,105.45,70.75
50.9280,-0.030525,0.038309,0,105.45,70.75
50.9360,-0.039805,0.029920,0,105.45,70.75
50.9440,-0.053968,0.018220,0,105.45,70.75
50.9520,-0.063736,0.004921,0,105.45,70.75
50.9600,-0.071062,0.078568,0,105.45,70.75
50.9680,-0.075458,0.076436,0,105.45,70.75
50.9760,-0.078388,0.076460,0,105.45,70.75
50.9840,-0.078877,0.077171,0,105.45,70.75
50.9920,-0.080342,0.076588,0,105.45,70.75
51.0000,-0.085714,0.072910,0,105.45,70.75
51.0080,-0.094505,0.065305,0,105.45,70.75
51.0160,-0.110623,0.054536,0,105.45,70.75
51.0240,-0.130159,0.042994,0,105.45,70.75
51.0320,-0.146764,0.033843,0,105.45,70.75
51.0400,-0.154579,0.029514,0,105.45,70.75
51.0480,-0.153602,0.030425,0,105.45,70.75
51.0560,-0.148230,0.034721,0,105.45,70.75
51.0640,-0.141880,-0.056645,0,105.45,70.75
51.0720,-0.133089,-0.048161,0,105.45,70.75
51.0800,-0.125275,-0.038223,0,105.45,70.75
51.0880,-0.115995,-0.027758,0,105.45,70.75
51.0960,-0.103785,-0.017776,0,105.45,70.75
51.1040,-0.096459,-0.009373,0,105.45,70.75
51.1120,-0.092063,-0.003424,0,105.45,70.75
51.1200,-0.091087,-0.000333,0,105.45,70.75
51.1280,-0.094017,-0.000048,0,105.45,70.75
51.1360,-0.096459,-0.002272,0,105.45,70.75
51.1440,-0.101343,-0.006610,0,105.45,70.75
51.1520,-0.109158,-0.012533,0,105.45,70.75
51.1600,-0.116484,-0.019317,0,105.45,70.75
51.1680,-0.121368,-0.046653,0,105.45,70.75
51.1760,-0.125763,-0.051419,0,105.45,70.75
51.1840,-0.127717,-0.053647,0,105.45,70.75
51.1920,-0.126252,-0.052711,0,105.45,70.75
51.2000,-0.123321,-0.048279,0,105.45,70.75
51.2080,-0.116972,-0.040496,0,105.45,70.75
51.2160,-0.106227,-0.030241,0,105.45,70.75
51.2240,-0.095971,-0.019258,0,105.45,70.75
51.2320,-0.085226,-0.009998,0,105.45,70.75
51.2400,-0.075458,-0.005095,0,105.45,70.75
51.2480,-0.075458,-0.006410,0,105.45,70.75
51.2560,-0.083272,-0.013951,0,105.45,70.75
51.2640,-0.099878,-0.025425,0,105.45,70.75
51.2720,-0.125275,-0.657857,0,105.45,70.75
51.2800,-0.158486,-0.712485,0,105.45,70.75
51.2880,-0.183883,-0.761286,0,105.45,70.75
51.2960,-0.193651,-0.796792,0,105.45,70.75
51.3040,-0.178022,-0.813610,0,105.45,70.75
51.3120,-0.137973,-0.809497,0,105.45,70.75
51.3200,-0.078877,-0.784920,0,105.45,70.75
51.3280,-0.007570,-0.741748,0,105.45,70.75
51.3360,0.080342,-0.682319,0,105.45,70.75
51.3440,0.185348,-0.609464,0,105.45,70.75
51.3520,0.306471,-0.526829,0,105.45,70.75
51.3600,0.430525,-0.438478,0,105.45,70.75
51.3680,0.548230,-0.347938,0,105.45,70.75
51.3760,0.650305,0.849346,0,105.45,70.75
51.3840,0.743590,0.929301,0,105.45,70.75
51.3920,0.817827,0.982512,1,105.45,70.75
51.4000,0.835409,1.000000,1,105.45,70.75
51.4080,0.761661,0.978400,0,105.45,70.75
51.4160,0.624908,0.922660,0,105.45,70.75
51.4240,0.469109,0.844364,0,105.45,70.75
51.4320,0.314286,0.757201,0,105.45,70.75
51.4400,0.164347,0.673022,0,105.45,70.75
51.4480,0.030525,0.599986,0,105.45,70.75
51.4560,-0.091575,0.542030,0,105.45,70.75
51.4640,-0.187790,0.498514,0,105.45,70.75
51.4720,-0.250305,0.464062,0,105.45,70.75
51.4800,-0.271795,-0.266936,0,105.45,70.75
51.4880,-0.259096,-0.263005,0,105.45,70.75
51.4960,-0.226374,-0.237665,0,105.45,70.75
51.5040,-0.186325,-0.201059,0,105.45,70.75
51.5120,-0.145299,-0.162647,0,105.45,70.75
51.5200,-0.113553,-0.129480,0,105.45,70.75
51.5280,-0.092063,-0.105487,0,105.45,70.75
51.5360,-0.079365,-0.091741,0,105.45,70.75
51.5440,-0.073993,-0.087303,0,105.45,70.75
51.5520,-0.076435,-0.090077,0,105.45,70.75
51.5600,-0.084249,-0.097505,0,105.45,70.75
51.5680,-0.091087,-0.107262,0,105.45,70.75
51.5760,-0.094017,-0.117794,0,105.45,70.75
51.5840,-0.090110,-0.068779,0,105.45,70.75
51.5920,-0.078388,-0.063510,0,105.45,70.75
51.6000,-0.063736,-0.058305,0,105.45,70.75
51.6080,-0.057387,-0.056569,0,105.45,70.75
51.6160,-0.060806,-0.060383,0,105.45,70.75
51.6240,-0.070085,-0.069458,0,105.45,70.75
51.6320,-0.086691,-0.081142,0,105.45,70.75
51.6400,-0.104274,-0.091252,0,105.45,70.75
51.6480,-0.116972,-0.095492,0,105.45,70.75
51.6560,-0.119414,-0.090977,0,105.45,70.75
51.6640,-0.116972,-0.077140,0,105.45,70.75
51.6720,-0.108181,-0.055724,0,105.45,70.75
51.6800,-0.101832,-0.030114,0,105.45,70.75
51.6880,-0.104274,-0.180905,0,105.45,70.75
51.6960,-0.114530,-0.176745,0,105.45,70.75
51.7040,-0.128205,-0.177504,0,105.45,70.75
51.7120,-0.146764,-0.181937,0,105.45,70.75
51.7200,-0.163858,-0.187471,0,105.45,70.75
51.7280,-0.178510,-0.190808,0,105.45,70.75
51.7360,-0.180952,-0.188824,0,105.45,70.75
51.7440,-0.178022,-0.179593,0,105.45,70.75
51.7520,-0.156044,-0.163258,0,105.45,70.75
51.7600,-0.124298,-0.142251,0,105.45,70.75
51.7680,-0.087668,-0.120277,0,105.45,70.75
51.7760,-0.057387,-0.100219,0,105.45,70.75
51.7840,-0.041758,-0.082368,0,105.45,70.75
51.7920,-0.044200,0.035190,0,105.45,70.75
51.8000,-0.058852,0.021129,0,105.45,70.75
51.8080,-0.080342,-0.000178,0,105.45,70.75
51.8160,-0.101832,-0.023142,0,105.45,70.75
51.8240,-0.122344,-0.042370,0,105.45,70.75
51.8320,-0.135043,-0.053850,0,105.45,70.75
51.8400,-0.133578,-0.055904,0,105.45,70.75
51.8480,-0.123810,-0.049546,0,105.45,70.75
51.8560,-0.106716,-0.037890,0,105.45,70.75
51.8640,-0.092063,-0.024812,0,105.45,70.75
51.8720,-0.077900,-0.013485,0,105.45,70.75
51.8800,-0.070085,-0.005294,0,105.45,70.75
51.8880,-0.069597,0.000553,0,105.45,70.75
51.8960,-0.074969,-0.159062,0,105.45,70.75
51.9040,-0.080342,-0.170574,0,105.45,70.75
51.9120,-0.082295,-0.182582,0,105.45,70.75
51.9200,-0.080830,-0.193531,0,105.45,70.75
51.9280,-0.078877,-0.201771,0,105.45,70.75
51.9360,-0.080342,-0.204839,0,105.45,70.75
51.9440,-0.076923,-0.199717,0,105.45,70.75
51.9520,-0.054945,-0.184622,0,105.45,70.75
51.9600,-0.014896,-0.161104,0,105.45,70.75
51.9680,0.036386,-0.134311,0,105.45,70.75
51.9760,0.078877,-0.110556,0,105.45,70.75
51.9840,0.102320,-0.093517,0,105.45,70.75
51.9920,0.108181,-0.081878,0,105.45,70.75
52.0000,0.079365,-0.026728,0,105.45,65.87
52.0080,0.025641,-0.085252,0,105.45,65.87
52.0160,-0.044200,-0.159316,0,105.45,65.87
52.0240,-0.115507,-0.237210,0,105.45,65.87
52.0320,-0.177045,-0.306100,0,105.45,65.87
52.0400,-0.216606,-0.354517,0,105.45,65.87
52.0480,-0.228816,-0.374447,0,105.45,65.87
52.0560,-0.210745,-0.362951,0,105.45,65.87
52.0640,-0.156532,-0.323184,0,105.45,65.87
52.0720,-0.073016,-0.264007,0,105.45,65.87
52.0800,0.020269,-0.197032,0,105.45,65.87
52.0880,0.094505,-0.131409,0,105.45,65.87
52.0960,0.133578,-0.069512,0,105.45,65.87
52.1040,0.127717,0.197155,0,105.45,65.87
52.1120,0.079365,0.158951,0,105.45,65.87
52.1200,0.005617,0.093836,0,105.45,65.87
52.1280,-0.082784,0.017258,0,105.45,65.87
52.1360,-0.156044,-0.054264,0,105.45,65.87
52.1440,-0.210745,-0.107355,0,105.45,65.87
52.1520,-0.232723,-0.134572,0,105.45,65.87
52.1600,-0.226374,-0.135191,0,105.45,65.87
52.1680,-0.200000,-0.114026,0,105.45,65.87
52.1760,-0.160928,-0.078927,0,105.45,65.87
52.1840,-0.116972,-0.037849,0,105.45,65.87
52.1920,-0.080342,0.003737,0,105.45,65.87
52.2000,-0.054945,0.044167,0,105.45,65.87
52.2080,-0.039316,-0.125046,0,105.45,65.87
52.2160,-0.037851,-0.125402,0,105.45,65.87
52.2240,-0.039316,-0.136400,0,105.45,65.87
52.2320,-0.048107,-0.156087,0,105.45,65.87
52.2400,-0.064225,-0.181661,0,105.45,65.87
52.2480,-0.085714,-0.208992,0,105.45,65.87
52.2560,-0.103785,-0.232516,0,105.45,65.87
52.2640,-0.116972,-0.245953,0,105.45,65.87
52.2720,-0.111600,-0.243696,0,105.45,65.87
52.2800,-0.086203,-0.222363,0,105.45,65.87
52.2880,-0.046154,-0.181850,0,105.45,65.87
52.2960,0.015873,-0.125712,0,105.45,65.87
52.3040,0.087668,-0.060819,0,105.45,65.87
52.3120,0.161416,0.413613,0,105.45,65.87
52.3200,0.210745,0.464557,0,105.45,65.87
52.3280,0.221490,0.481317,0,105.45,65.87
52.3360,0.190720,0.459124,0,105.45,65.87
52.3440,0.121368,0.401918,0,105.45,65.87
52.3520,0.024664,0.321747,0,105.45,65.87
52.3600,-0.080342,0.235896,0,105.45,65.87
52.3680,-0.166300,0.162423,0,105.45,65.87
52.3760,-0.223443,0.115613,0,105.45,65.87
52.3840,-0.250305,0.102900,0,105.45,65.87
52.3920,-0.233700,0.123806,0,105.45,65.87
52.4000,-0.201954,0.170902,0,105.45,65.87
52.4080,-0.157509,0.232177,0,105.45,65.87
52.4160,-0.111600,-0.030954,0,105.45,65.87
52.4240,-0.074481,0.008285,0,105.45,65.87
52.4320,-0.052015,0.033919,0,105.45,65.87
52.4400,-0.045177,0.044775,0,105.45,65.87
52.4480,-0.051526,0.043754,0,105.45,65.87
52.4560,-0.061783,0.036122,0,105.45,65.87
52.4640,-0.070085,0.027197,0,105.45,65.87
52.4720,-0.070085,0.020426,0,105.45,65.87
52.4800,-0.065201,0.016764,0,105.45,65.87
52.4880,-0.067643,0.015482,0,105.45,65.87
52.4960,-0.066667,0.015403,0,105.45,65.87
52.5040,-0.068132,0.015641,0,105.45,65.87
52.5120,-0.071062,0.015812,0,105.45,65.87
52.5200,-0.078388,0.022246,0,105.45,65.87
52.5280,-0.085226,0.021660,0,105.45,65.87
52.5360,-0.083272,0.024801,0,105.45,65.87
52.5440,-0.079365,0.033107,0,105.45,65.87
52.5520,-0.070574,0.046610,0,105.45,65.87
52.5600,-0.052015,0.063359,0,105.45,65.87
52.5680,-0.028571,0.079379,0,105.45,65.87
52.5760,-0.015873,0.089802,0,105.45,65.87
52.5840,-0.014896,0.090789,0,105.45,65.87
52.5920,-0.030525,0.081018,0,105.45,65.87
52.6000,-0.057875,0.061938,0,105.45,65.87
52.6080,-0.094505,0.036752,0,105.45,65.87
52.6160,-0.122344,0.008835,0,105.45,65.87
52.6240,-0.125275,0.047383,0,105.45,64.09
52.6320,-0.102808,0.077125,0,105.45,64.09
52.6400,-0.059829,0.120648,0,105.45,64.09
52.6480,-0.009524,0.166199,0,105.45,64.09
52.6560,0.030525,0.199848,0,105.45,64.09
52.6640,0.041270,0.210506,1,105.45,64.09
52.6720,0.022711,0.194309,1,105.45,64.09
52.6800,-0.031990,0.156560,0,105.45,64.09
52.6880,-0.097924,0.110069,0,105.45,64.09
52.6960,-0.151160,0.070025,0,105.45,64.09
52.7040,-0.176068,0.047557,0,105.45,64.09
52.7120,-0.170696,0.045103,0,105.45,64.09
52.7200,-0.145299,0.055688,0,105.45,64.09
52.7280,-0.111600,0.018716,0,105.45,64.09
52.7360,-0.075946,0.054679,0,105.45,64.09
52.7440,-0.045665,0.083428,0,105.45,64.09
52.7520,-0.031013,0.096919,0,105.45,64.09
52.7600,-0.039805,0.091639,0,105.45,64.09
52.7680,-0.073504,0.069818,0,105.45,64.09
52.7760,-0.116972,0.038724,0,105.45,64.09
52.7840,-0.156044,0.008011,0,105.45,64.09
52.7920,-0.179976,-0.013574,0,105.45,64.09
52.8000,-0.187790,-0.020528,0,105.45,64.09
52.8080,-0.182906,-0.011420,0,105.45,64.09
52.8160,-0.162393,0.011254,0,105.45,64.09
52.8240,-0.130159,0.041703,0,105.45,64.09
52.8320,-0.099878,-0.119361,0,105.45,64.09
52.8400,-0.078388,-0.098114,0,105.45,64.09
52.8480,-0.062759,-0.082905,0,105.45,64.09
52.8560,-0.051038,-0.075222,0,105.45,64.09
52.8640,-0.045177,-0.075354,0,105.45,64.09
52.8720,-0.044200,-0.082419,0,105.45,64.09
52.8800,-0.054457,-0.093840,0,105.45,64.09
52.8880,-0.071551,-0.105103,0,105.45,64.09
52.8960,-0.078388,-0.110801,0,105.45,64.09
52.9040,-0.070085,-0.106703,0,105.45,64.09
52.9120,-0.046642,-0.091415,0,105.45,64.09
52.9200,-0.013919,-0.066706,0,105.45,64.09
52.9280,0.023687,-0.036746,0,105.45,64.09
52.9360,0.057875,0.254045,0,105.45,64.09
52.9440,0.077900,0.272498,0,105.45,64.09
52.9520,0.070574,0.269039,0,105.45,64.09
52.9600,0.030525,0.241984,0,105.45,64.09
52.9680,-0.031502,0.195621,0,105.45,64.09
52.9760,-0.101832,0.139067,0,105.45,64.09
52.9840,-0.170208,0.083717,0,105.45,64.09
52.9920,-0.219536,0.040424,0,105.45,64.09
53.0000,-0.252259,0.017193,0,105.45,64.09
53.0080,-0.253236,0.017688,0,105.45,64.09
53.0160,-0.231258,0.040740,0,105.45,64.09
53.0240,-0.196093,0.081046,0,105.45,64.09
53.0320,-0.153602,0.130630,0,105.45,64.09
53.0400,-0.108181,-0.009539,0,105.45,64.09
53.0480,-0.072527,0.028844,0,105.45,64.09
53.0560,-0.048107,0.057819,0,105.45,64.09
53.0640,-0.038339,0.075796,0,105.45,64.09
53.0720,-0.033455,0.083302,0,105.45,64.09
53.0800,-0.033455,0.081947,0,105.45,64.09
53.0880,-0.039316,0.073789,0,105.45,64.09
53.0960,-0.049084,0.061354,0,105.45,64.09
53.1040,-0.067643,0.047756,0,105.45,64.09
53.1120,-0.078877,0.036220,0,105.45,64.09
53.1200,-0.086203,0.028995,0,105.45,64.09
53.1280,-0.086203,0.026427,0,105.45,64.09
53.1360,-0.082295,0.026813,0,105.45,64.09
53.1440,-0.071062,0.092401,0,105.45,64.09
53.1520,-0.059829,0.110041,0,105.45,64.09
53.1600,-0.045177,0.131192,0,105.45,64.09
53.1680,-0.030525,0.154355,0,105.45,64.09
53.1760,-0.016361,0.177227,0,105.45,64.09
53.1840,0.005128,0.196172,0,105.45,64.09
53.1920,0.017338,0.206586,0,105.45,64.09
53.2000,0.014408,0.204558,0,105.45,64.09
53.2080,-0.009035,0.188874,0,105.45,64.09
53.2160,-0.048107,0.161878,0,105.45,64.09
53.2240,-0.098413,0.128461,0,105.45,64.09
53.2320,-0.145299,0.093475,0,105.45,64.09
53.2400,-0.171184,0.059137,0,105.45,64.09
53.2480,-0.171673,-0.008337,0,105.45,69.20
53.2560,-0.155067,0.007595,0,105.45,69.20
53.2640,-0.131136,0.034771,0,105.45,69.20
53.2720,-0.101343,0.065643,0,105.45,69.20
53.2800,-0.072039,0.092601,0,105.45,69.20
53.2880,-0.058852,0.109830,0,105.45,69.20
53.2960,-0.056899,0.114588,0,105.45,69.20
53.3040,-0.064225,0.107403,0,105.45,69.20
53.3120,-0.084249,0.091400,0,105.45,69.20
53.3200,-0.109646,0.071066,0,105.45,69.20
53.3280,-0.131136,0.050543,0,105.45,69.20
53.3360,-0.146764,0.032052,0,105.45,69.20
53.3440,-0.160440,0.015398,0,105.45,69.20
53.3520,-0.164835,-0.186265,0,105.45,69.20
53.3600,-0.164347,-0.190458,0,105.45,69.20
53.3680,-0.157021,-0.187835,0,105.45,69.20
53.3760,-0.145299,-0.179303,0,105.45,69.20
53.3840,-0.130159,-0.166007,0,105.45,69.20
53.3920,-0.107692,-0.149435,0,105.45,69.20
53.4000,-0.085714,-0.131486,0,105.45,69.20
53.4080,-0.064225,-0.114326,0,105.45,69.20
53.4160,-0.040293,-0.100105,0,105.45,69.20
53.4240,-0.024664,-0.090462,0,105.45,69.20
53.4320,-0.016361,-0.085896,0,105.45,69.20
53.4400,-0.011966,-0.085537,0,105.45,69.20
53.4480,-0.008059,-0.087537,0,105.45,69.20
53.4560,0.007082,0.284715,0,105.45,69.20
53.4640,0.035409,0.322093,0,105.45,69.20
53.4720,0.077900,0.357839,0,105.45,69.20
53.4800,0.108181,0.380507,1,105.45,69.20
53.4880,0.105250,0.379540,1,105.45,69.20
53.4960,0.060317,0.350741,0,105.45,69.20
53.5040,-0.018803,0.299033,0,105.45,69.20
53.5120,-0.104274,0.236956,0,105.45,69.20
53.5200,-0.179976,0.180064,0,105.45,69.20
53.5280,-0.230281,0.141731,0,105.45,69.20
53.5360,-0.255189,0.129233,0,105.45,69.20
53.5440,-0.250305,0.141560,0,105.45,69.20
53.5520,-0.211233,0.169217,0,105.45,69.20
53.5600,-0.163858,-0.036535,0,105.45,69.20
53.5680,-0.116972,0.008018,0,105.45,69.20
53.5760,-0.083272,0.045259,0,105.45,69.20
53.5840,-0.061783,0.068678,0,105.45,69.20
53.5920,-0.061294,0.076114,0,105.45,69.20
53.6000,-0.074969,0.069595,0,105.45,69.20
53.6080,-0.098413,0.054214,0,105.45,69.20
53.6160,-0.122344,0.036261,0,105.45,69.20
53.6240,-0.137973,0.021235,0,105.45,69.20
53.6320,-0.145299,0.012472,0,105.45,69.20
53.6400,-0.147741,0.010793,0,105.45,69.20
53.6480,-0.139438,0.014899,0,105.45,69.20
53.6560,-0.133578,0.022149,0,105.45,69.20
53.6640,-0.130159,-0.066207,0,105.45,69.20
53.6720,-0.125275,-0.061300,0,105.45,69.20
53.6800,-0.114042,-0.055609,0,105.45,69.20
53.6880,-0.097924,-0.050474,0,105.45,69.20
53.6960,-0.085714,-0.047707,0,105.45,69.20
53.7040,-0.085714,-0.048499,0,105.45,69.20
53.7120,-0.092552,-0.052455,0,105.45,69.20
53.7200,-0.101343,-0.057578,0,105.45,69.20
53.7280,-0.106227,-0.061053,0,105.45,69.20
53.7360,-0.107692,-0.060251,0,105.45,69.20
53.7440,-0.100855,-0.053646,0,105.45,69.20
53.7520,-0.080830,-0.041502,0,105.45,69.20
53.7600,-0.056899,-0.026001,0,105.45,69.20
53.7680,-0.033944,0.104219,0,105.45,69.20
53.7760,-0.020757,0.117130,0,105.45,69.20
53.7840,-0.029060,0.118349,0,105.45,69.20
53.7920,-0.051526,0.107737,0,105.45,69.20
53.8000,-0.080830,0.088527,0,105.45,69.20
53.8080,-0.114530,0.066035,0,105.45,69.20
53.8160,-0.140904,0.045872,0,105.45,69.20
53.8240,-0.156044,0.032194,0,105.45,69.20
53.8320,-0.156044,0.026638,0,105.45,69.20
53.8400,-0.149695,0.028461,0,105.45,69.20
53.8480,-0.141880,0.035641,0,105.45,69.20
53.8560,-0.132601,0.046025,0,105.45,69.20
53.8640,-0.123810,0.057855,0,105.45,69.20
53.8720,-0.116972,-0.025911,0,105.45,69.20
53.8800,-0.110134,-0.018808,0,105.45,69.20
53.8880,-0.103785,-0.012244,0,105.45,69.20
53.8960,-0.100855,-0.005978,0,105.45,69.20
53.9040,-0.094505,0.000149,0,105.45,69.20
53.9120,-0.087179,0.005894,0,105.45,69.20
53.9200,-0.079365,0.010598,0,105.45,69.20
53.9280,-0.077411,0.013516,0,105.45,69.20
53.9360,-0.073504,0.014110,0,105.45,69.20
53.9440,-0.074481,0.012149,0,105.45,69.20
53.9520,-0.076923,0.007727,0,105.45,69.20
53.9600,-0.080830,0.001306,0,105.45,69.20
53.9680,-0.088156,-0.006273,0,105.45,69.20
53.9760,-0.099878,-0.025882,0,105.45,69.20
53.9840,-0.112576,-0.039084,0,105.45,69.20
53.9920,-0.124786,-0.050318,0,105.45,69.20
54.0000,-0.133089,-0.057158,0,105.45,69.20
54.0080,-0.135043,-0.058013,0,105.45,69.20
54.0160,-0.125763,-0.052912,0,105.45,69.20
54.0240,-0.111111,-0.043672,0,105.45,69.20
54.0320,-0.097924,-0.033172,0,105.45,69.20
54.0400,-0.087179,-0.024213,0,105.45,69.20
54.0480,-0.082295,-0.018684,0,105.45,69.20
54.0560,-0.078877,-0.017287,0,105.45,69.20
54.0640,-0.080830,-0.019573,0,105.45,69.20
54.0720,-0.088156,-0.024053,0,105.45,69.20
54.0800,-0.100366,-0.023488,0,105.45,69.20
54.0880,-0.110623,-0.032060,0,105.45,69.20
54.0960,-0.116972,-0.038514,0,105.45,69.20
54.1040,-0.117460,-0.041887,0,105.45,69.20
54.1120,-0.115507,-0.042269,0,105.45,69.20
54.1200,-0.109646,-0.040474,0,105.45,69.20
54.1280,-0.103297,-0.037514,0,105.45,69.20
54.1360,-0.099878,-0.034141,0,105.45,69.20
54.1440,-0.094017,-0.030707,0,105.45,69.20
54.1520,-0.087668,-0.027350,0,105.45,69.20
54.1600,-0.082295,-0.024146,0,105.45,69.20
54.1680,-0.077411,-0.021111,0,105.45,69.20
54.1760,-0.072527,-0.018184,0,105.45,69.20
54.1840,-0.071551,-0.020716,0,105.45,69.20
54.1920,-0.068132,-0.019330,0,105.45,69.20
54.2000,-0.065690,-0.016047,0,105.45,69.20
54.2080,-0.059829,-0.009636,0,105.45,69.20
54.2160,-0.049084,0.000347,0,105.45,69.20
54.2240,-0.032479,0.013007,0,105.45,69.20
54.2320,-0.016850,0.026094,0,105.45,69.20
54.2400,-0.004151,0.036547,0,105.45,69.20
54.2480,0.008059,0.041323,0,105.45,69.20
54.2560,0.006593,0.038448,0,105.45,69.20
54.2640,-0.008059,0.027914,0,105.45,69.20
54.2720,-0.024664,0.011620,0,105.45,69.20
54.2800,-0.038828,-0.007622,0,105.45,69.20
54.2880,-0.046154,0.026842,0,105.45,69.20
54.2960,-0.047619,0.020635,0,105.45,69.20
54.3040,-0.047619,0.019277,0,105.45,69.20
54.3120,-0.046154,0.022821,0,105.45,69.20
54.3200,-0.038828,0.030838,0,105.45,69.20
54.3280,-0.025153,0.042026,0,105.45,69.20
54.3360,-0.011966,0.053996,0,105.45,69.20
54.3440,-0.000733,0.063585,0,105.45,69.20
54.3520,0.008059,0.067570,0,105.45,69.20
54.3600,0.005128,0.063632,0,105.45,69.20
54.3680,-0.010012,0.051275,0,105.45,69.20
54.3760,-0.030037,0.032068,0,105.45,69.20
54.3840,-0.052503,0.009094,0,105.45,69.20
54.3920,-0.070085,-0.011529,0,105.45,69.20
54.4000,-0.082295,-0.026910,0,105.45,69.20
54.4080,-0.090598,-0.037397,0,105.45,69.20
54.4160,-0.093040,-0.043029,0,105.45,69.20
54.4240,-0.092063,-0.044669,0,105.45,69.20
54.4320,-0.088156,-0.043474,0,105.45,69.20
54.4400,-0.086691,-0.040401,0,105.45,69.20
54.4480,-0.082784,-0.036050,0,105.45,69.20
54.4560,-0.076923,-0.030938,0,105.45,69.20
54.4640,-0.069597,-0.025839,0,105.45,69.20
54.4720,-0.061783,-0.021730,0,105.45,69.20
54.4800,-0.055922,-0.019264,0,105.45,69.20
54.4880,-0.059829,-0.018095,0,105.45,69.20
54.4960,-0.070574,-0.033779,0,105.45,69.20
54.5040,-0.088156,-0.046526,0,105.45,69.20
54.5120,-0.101832,-0.058494,0,105.45,69.20
54.5200,-0.109646,-0.066720,0,105.45,69.20
54.5280,-0.109646,-0.069762,0,105.45,69.20
54.5360,-0.104274,-0.067935,0,105.45,69.20
54.5440,-0.099389,-0.062717,0,105.45,69.20
54.5520,-0.092063,-0.055906,0,105.45,69.20
54.5600,-0.085714,-0.048974,0,105.45,69.20
54.5680,-0.083272,-0.042746,0,105.45,69.20
54.5760,-0.077411,-0.037463,0,105.45,69.20
54.5840,-0.071062,-0.033042,0,105.45,69.20
54.5920,-0.068620,-0.029165,0,105.45,69.20
54.6000,-0.070085,-0.019298,0,105.45,69.20
54.6080,-0.073016,-0.023460,0,105.45,69.20
54.6160,-0.080830,-0.029015,0,105.45,69.20
54.6240,-0.086691,-0.034249,0,105.45,69.20
54.6320,-0.091087,-0.037392,0,105.45,69.20
54.6400,-0.092063,-0.037202,0,105.45,69.20
54.6480,-0.088156,-0.033378,0,105.45,69.20
54.6560,-0.082784,-0.026720,0,105.45,69.20
54.6640,-0.074481,-0.018998,0,105.45,69.20
54.6720,-0.064713,-0.012524,0,105.45,69.20
54.6800,-0.059829,-0.009331,0,105.45,69.20
54.6880,-0.059829,-0.010132,0,105.45,69.20
54.6960,-0.069109,-0.013687,0,105.45,69.20
54.7040,-0.087179,-0.304528,0,105.45,69.20
54.7120,-0.115507,-0.341529,0,105.45,69.20
54.7200,-0.139927,-0.380087,0,105.45,69.20
54.7280,-0.161416,-0.415461,0,105.45,69.20
54.7360,-0.175092,-0.443201,0,105.45,69.20
54.7440,-0.174603,-0.459688,0,105.45,69.20
54.7520,-0.163858,-0.462344,0,105.45,69.20
54.7600,-0.134554,-0.449620,0,105.45,69.20
54.7680,-0.093529,-0.420908,0,105.45,69.20
54.7760,-0.037363,-0.376555,0,105.45,69.20
54.7840,0.034432,-0.318105,0,105.45,69.20
54.7920,0.114530,-0.248684,0,105.45,69.20
54.8000,0.209768,-0.173221,0,105.45,69.20
54.8080,0.322100,0.424006,0,105.45,69.20
54.8160,0.443712,0.540429,0,105.45,69.20
54.8240,0.572161,0.665600,0,105.45,69.20
54.8320,0.712821,0.790610,0,105.45,69.20
54.8400,0.861294,0.900321,0,105.45,69.20
54.8480,0.978022,0.975663,0,105.45,69.20
54.8560,1.000000,1.000000,1,105.45,69.20
54.8640,0.950183,0.966132,1,105.45,69.20
54.8720,0.792918,0.879490,0,105.45,69.20
54.8800,0.601954,0.755286,0,105.45,69.20
54.8880,0.417827,0.611103,0,105.45,69.20
54.8960,0.235165,0.459881,0,105.45,69.20
54.9040,0.061294,0.307529,0,105.45,69.20
54.9120,-0.094017,-0.125709,0,105.45,69.20
54.9200,-0.205372,-0.235133,0,105.45,69.20
54.9280,-0.265934,-0.295396,0,105.45,69.20
54.9360,-0.273260,-0.307058,0,105.45,69.20
54.9440,-0.233211,-0.278271,0,105.45,69.20
54.9520,-0.170208,-0.223217,0,105.45,69.20
54.9600,-0.100366,-0.158876,0,105.45,69.20
54.9680,-0.038828,-0.101413,0,105.45,69.20
54.9760,-0.000244,-0.063229,0,105.45,69.20
54.9840,0.014408,-0.051061,0,105.45,69.20
54.9920,-0.005128,-0.065281,0,105.45,69.20
55.0000,-0.039316,-0.100459,0,105.45,69.20
55.0080,-0.085714,-0.147003,0,105.45,69.20
55.0160,-0.125275,-0.104554,0,105.45,69.20
55.0240,-0.152625,-0.133566,0,105.45,69.20
55.0320,-0.162393,-0.149685,0,105.45,69.20
55.0400,-0.156532,-0.152933,0,105.45,69.20
55.0480,-0.145788,-0.146291,0,105.45,69.20
55.0560,-0.130159,-0.133980,0,105.45,69.20
55.0640,-0.113553,-0.120021,0,105.45,69.20
55.0720,-0.101343,-0.107360,0,105.45,69.20
55.0800,-0.093529,-0.097468,0,105.45,69.20
55.0880,-0.090598,-0.090446,0,105.45,69.20
55.0960,-0.090598,-0.085532,0,105.45,69.20
55.1040,-0.094017,-0.081724,0,105.45,69.20
55.1120,-0.097924,-0.078249,0,105.45,69.20
55.1200,-0.101343,-0.240465,0,105.45,70.24
55.1280,-0.101343,-0.234711,0,105.45,70.24
55.1360,-0.099878,-0.223598,0,105.45,70.24
55.1440,-0.096459,-0.207690,0,105.45,70.24
55.1520,-0.092552,-0.188527,0,105.45,70.24
55.1600,-0.087668,-0.168290,0,105.45,70.24
55.1680,-0.085714,-0.149235,0,105.45,70.24
55.1760,-0.085226,-0.133093,0,105.45,70.24
55.1840,-0.085226,-0.120789,0,105.45,70.24
55.1920,-0.082784,-0.112533,0,105.45,70.24
55.2000,-0.081807,-0.107997,0,105.45,70.24
55.2080,-0.077411,-0.106390,0,105.45,70.24
55.2160,-0.073504,-0.106471,0,105.45,70.24
55.2240,-0.069597,-0.029746,0,105.45,70.24
55.2320,-0.063736,-0.033135,0,105.45,70.24
55.2400,-0.062759,-0.039260,0,105.45,70.24
55.2480,-0.067155,-0.047458,0,105.45,70.24
55.2560,-0.070574,-0.056237,0,105.45,70.24
55.2640,-0.077411,-0.063524,0,105.45,70.24
55.2720,-0.082295,-0.067208,0,105.45,70.24
55.2800,-0.079853,-0.065898,0,105.45,70.24
55.2880,-0.070085,-0.059573,0,105.45,70.24
55.2960,-0.057875,-0.049570,0,105.45,70.24
55.3040,-0.041270,-0.037931,0,105.45,70.24
55.3120,-0.023687,-0.026414,0,105.45,70.24
55.3200,-0.016361,-0.015587,0,105.45,70.24
55.3280,-0.017338,0.120338,0,105.45,70.24
55.3360,-0.031502,0.109946,0,105.45,70.24
55.3440,-0.054945,0.092606,0,105.45,70.24
55.3520,-0.077411,0.072290,0,105.45,70.24
55.3600,-0.098901,0.053254,0,105.45,70.24
55.3680,-0.117460,0.038944,0,105.45,70.24
55.3760,-0.127717,0.031199,0,105.45,70.24
55.3840,-0.127717,0.029789,0,105.45,70.24
55.3920,-0.123810,0.032646,0,105.45,70.24
55.4000,-0.118437,0.036934,0,105.45,70.24
55.4080,-0.120391,0.040440,0,105.45,70.24
55.4160,-0.125275,0.042402,0,105.45,70.24
55.4240,-0.127228,0.043336,0,105.45,70.24
55.4320,-0.116972,-0.076403,0,105.45,70.24
55.4400,-0.094017,-0.059059,0,105.45,70.24
55.4480,-0.064713,-0.036075,0,105.45,70.24
55.4560,-0.034921,-0.011293,0,105.45,70.24
55.4640,-0.007570,0.010879,0,105.45,70.24
55.4720,0.010501,0.026894,0,105.45,70.24
55.4800,0.018315,0.035005,0,105.45,70.24
55.4880,0.019292,0.035425,0,105.45,70.24
55.4960,0.013431,0.029759,0,105.45,70.24
55.5040,0.008059,0.020130,0,105.45,70.24
55.5120,-0.002686,0.008467,0,105.45,70.24
55.5200,-0.010501,-0.003918,0,105.45,70.24
55.5280,-0.018315,-0.016442,0,105.45,70.24
55.5360,-0.023687,-0.001027,0,105.45,70.24
55.5440,-0.026618,-0.006294,0,105.45,70.24
55.5520,-0.028083,-0.009601,0,105.45,70.24
55.5600,-0.027595,-0.011419,0,105.45,70.24
55.5680,-0.026618,-0.012283,0,105.45,70.24
55.5760,-0.023199,-0.012635,0,105.45,70.24
55.5840,-0.023199,-0.012660,0,105.45,70.24
55.5920,-0.021734,-0.012260,0,105.45,70.24
55.6000,-0.018315,-0.011254,0,105.45,70.24
55.6080,-0.015873,-0.009607,0,105.45,70.24
55.6160,-0.011966,-0.007484,0,105.45,70.24
55.6240,-0.007570,-0.005159,0,105.45,70.24
55.6320,-0.006105,-0.002826,0,105.45,70.24
55.6400,-0.004640,0.065729,0,105.45,70.24
55.6480,-0.006105,0.066428,0,105.45,70.24
55.6560,-0.008547,0.066205,0,105.45,70.24
55.6640,-0.010012,0.065891,0,105.45,70.24
55.6720,-0.010012,0.066215,0,105.45,70.24
55.6800,-0.008059,0.067460,0,105.45,70.24
55.6880,-0.007570,0.069270,0,105.45,70.24
55.6960,-0.003175,0.070581,0,105.45,70.24
55.7040,-0.000244,0.069798,0,105.45,70.24
55.7120,-0.003175,0.065436,0,105.45,70.24
55.7200,-0.012943,0.056899,0,105.45,70.24
55.7280,-0.024664,0.044791,0,105.45,70.24
55.7360,-0.038828,0.030673,0,105.45,70.24
55.7440,-0.049573,-0.028435,0,105.45,70.24
55.7520,-0.052015,-0.033296,0,105.45,70.24
55.7600,-0.049573,-0.033521,0,105.45,70.24
55.7680,-0.041758,-0.030891,0,105.45,70.24
55.7760,-0.037363,-0.028023,0,105.45,70.24
55.7840,-0.035409,-0.027105,0,105.45,70.24
55.7920,-0.039316,-0.028902,0,105.45,70.24
55.8000,-0.047131,-0.032445,0,105.45,70.24
55.8080,-0.054457,-0.035568,0,105.45,70.24
55.8160,-0.054945,-0.036028,0,105.45,70.24
55.8240,-0.052015,-0.032571,0,105.45,70.24
55.8320,-0.041270,-0.025417,0,105.45,70.24
55.8400,-0.031013,-0.016066,0,105.45,70.24
55.8480,-0.024176,-0.025857,0,105.45,70.24
55.8560,-0.021245,-0.022481,0,105.45,70.24
55.8640,-0.020269,-0.021234,0,105.45,70.24
55.8720,-0.020269,-0.021243,0,105.45,70.24
55.8800,-0.019780,-0.021205,0,105.45,70.24
55.8880,-0.019780,-0.019883,0,105.45,70.24
55.8960,-0.015385,-0.016620,0,105.45,70.24
55.9040,-0.008059,-0.011735,0,105.45,70.24
55.9120,-0.000244,-0.006538,0,105.45,70.24
55.9200,0.008059,-0.002848,0,105.45,70.24
55.9280,0.009524,-0.002160,0,105.45,70.24
55.9360,0.008547,-0.004844,0,105.45,70.24
55.9440,-0.000244,-0.009777,0,105.45,70.24
55.9520,-0.012454,0.080467,0,100.39,70.24
55.9600,-0.028083,0.069307,0,100.39,70.24
55.9680,-0.043223,0.056773,0,100.39,70.24
55.9760,-0.057875,0.044219,0,100.39,70.24
55.9840,-0.072527,0.032717,0,100.39,70.24
55.9920,-0.085714,0.023095,0,100.39,70.24
56.0000,-0.096947,0.015940,0,100.39,70.24
56.0080,-0.103785,0.011540,0,100.39,70.24
56.0160,-0.109158,0.009895,0,100.39,70.24
56.0240,-0.112576,0.010846,0,100.39,70.24
56.0320,-0.114042,0.014143,0,100.39,70.24
56.0400,-0.112088,0.019332,0,100.39,70.24
56.0480,-0.108181,0.025637,0,100.39,70.24
56.0560,-0.101832,-0.037051,0,100.39,70.24
56.0640,-0.096947,-0.033275,0,100.39,70.24
56.0720,-0.094994,-0.030966,0,100.39,70.24
56.0800,-0.095971,-0.030009,0,100.39,70.24
56.0880,-0.099878,-0.029460,0,100.39,70.24
56.0960,-0.099878,-0.028082,0,100.39,70.24
56.1040,-0.096459,-0.025102,0,100.39,70.24
56.1120,-0.092552,-0.020646,0,100.39,70.24
56.1200,-0.085714,-0.015735,0,100.39,70.24
56.1280,-0.079365,-0.011907,0,100.39,70.24
56.1360,-0.076923,-0.010516,0,100.39,70.24
56.1440,-0.080830,-0.011940,0,100.39,70.24
56.1520,-0.088156,-0.015240,0,100.39,70.24
56.1600,-0.101343,-0.030252,0,100.39,70.24
56.1680,-0.115995,-0.043926,0,100.39,70.24
56.1760,-0.132601,-0.057714,0,100.39,70.24
56.1840,-0.146764,-0.069565,0,100.39,70.24
56.1920,-0.153602,-0.078203,0,100.39,70.24
56.2000,-0.155556,-0.083398,0,100.39,70.24
56.2080,-0.157509,-0.085527,0,100.39,70.24
56.2160,-0.159463,-0.084778,0,100.39,70.24
56.2240,-0.160440,-0.080771,0,100.39,70.24
56.2320,-0.155067,-0.072872,0,100.39,70.24
56.2400,-0.145788,-0.060834,0,100.39,70.24
56.2480,-0.131136,-0.045253,0,100.39,70.24
56.2560,-0.114042,-0.027619,0,100.39,70.24
56.2640,-0.095482,0.072421,0,100.39,70.24
56.2720,-0.076923,0.092737,0,100.39,70.24
56.2800,-0.065690,0.108458,0,100.39,70.24
56.2880,-0.058852,0.117586,0,100.39,70.24
56.2960,-0.061294,0.119169,0,100.39,70.24
56.3040,-0.070085,0.113517,0,100.39,70.24
56.3120,-0.085714,0.102177,0,100.39,70.24
56.3200,-0.103297,0.087661,0,100.39,70.24
56.3280,-0.123321,0.072984,0,100.39,70.24
56.3360,-0.140904,0.060997,0,100.39,70.24
56.3440,-0.151160,0.053557,0,100.39,70.24
56.3520,-0.157021,0.050816,0,100.39,70.24
56.3600,-0.155556,0.051058,0,100.39,70.24
56.3680,-0.150183,-0.019619,0,100.39,70.24
56.3760,-0.140904,-0.011923,0,100.39,70.24
56.3840,-0.134066,-0.003784,0,100.39,70.24
56.3920,-0.129182,0.003122,0,100.39,70.24
56.4000,-0.123810,0.007763,0,100.39,70.24
56.4080,-0.123321,0.009813,0,100.39,70.24
56.4160,-0.127228,0.009645,0,100.39,70.24
56.4240,-0.130159,0.008073,0,100.39,70.24
56.4320,-0.133089,0.005901,0,100.39,70.24
56.4400,-0.135531,0.003656,0,100.39,70.24
56.4480,-0.140415,0.001617,0,100.39,70.24
56.4560,-0.142857,-0.000111,0,100.39,70.24
56.4640,-0.144811,-0.001611,0,100.39,70.24
56.4720,-0.143346,-0.012929,0,100.39,70.24
56.4800,-0.140904,-0.011486,0,100.39,70.24
56.4880,-0.139438,-0.009571,0,100.39,70.24
56.4960,-0.136996,-0.007714,0,100.39,70.24
56.5040,-0.133089,-0.006451,0,100.39,70.24
56.5120,-0.132112,-0.006198,0,100.39,70.24
56.5200,-0.132601,-0.007022,0,100.39,70.24
56.5280,-0.133089,-0.008538,0,100.39,70.24
56.5360,-0.135043,-0.010022,0,100.39,70.24
56.5440,-0.135531,-0.010656,0,100.39,70.24
56.5520,-0.135043,-0.009855,0,100.39,70.24
56.5600,-0.132112,-0.007558,0,100.39,70.24
56.5680,-0.128205,-0.004312,0,100.39,70.24
56.5760,-0.124298,-0.009009,0,100.39,70.24
56.5840,-0.123810,-0.007831,0,100.39,70.24
56.5920,-0.126252,-0.008426,0,100.39,70.24
56.6000,-0.130159,-0.010688,0,100.39,70.24
56.6080,-0.133578,-0.014060,0,100.39,70.24
56.6160,-0.138462,-0.017738,0,100.39,70.24
56.6240,-0.141880,-0.020837,0,100.39,70.24
56.6320,-0.142857,-0.022570,0,100.39,70.24
56.6400,-0.141880,-0.022385,0,100.39,70.24
56.6480,-0.139438,-0.020040,0,100.39,70.24
56.6560,-0.133089,-0.015670,0,100.39,70.24
56.6640,-0.124786,-0.009791,0,100.39,70.24
56.6720,-0.117949,-0.003148,0,100.39,70.24
56.6800,-0.116484,0.024885,0,100.39,70.24
56.6880,-0.115507,0.028977,0,100.39,70.24
56.6960,-0.114530,0.033184,0,100.39,70.24
56.7040,-0.109158,0.037607,0,100.39,70.24
56.7120,-0.102320,0.041433,0,100.39,70.24
56.7200,-0.099389,0.043284,0,100.39,70.24
56.7280,-0.100366,0.042071,0,100.39,70.24
56.7360,-0.106227,0.037697,0,100.39,70.24
56.7440,-0.115995,0.031231,0,100.39,70.24
56.7520,-0.124298,0.024486,0,100.39,70.24
56.7600,-0.132601,0.019219,0,100.39,70.24
56.7680,-0.135531,0.016269,0,100.39,70.24
56.7760,-0.132112,0.015044,0,100.39,70.24
56.7840,-0.119902,0.011365,0,100.39,70.24
56.7920,-0.103297,0.020787,0,100.39,70.24
56.8000,-0.091575,0.025844,0,100.39,70.24
56.8080,-0.094017,0.023017,0,100.39,70.24
56.8160,-0.109158,0.011746,0,100.39,70.24
56.8240,-0.131624,-0.005228,0,100.39,70.24
56.8320,-0.153602,-0.023018,0,100.39,70.24
56.8400,-0.168254,-0.036499,0,100.39,70.24
56.8480,-0.172650,-0.041981,0,100.39,70.24
56.8560,-0.166300,-0.038070,0,100.39,70.24
56.8640,-0.151160,-0.025588,0,100.39,70.24
56.8720,-0.132601,-0.006872,0,100.39,70.24
56.8800,-0.112088,0.015048,0,100.39,70.24
56.8880,-0.099878,0.007697,0,100.39,70.24
56.8960,-0.096459,0.011658,0,100.39,70.24
56.9040,-0.101343,0.008053,0,100.39,70.24
56.9120,-0.113553,-0.001366,0,100.39,70.24
56.9200,-0.124786,-0.013511,0,100.39,70.24
56.9280,-0.135043,-0.024864,0,100.39,70.24
56.9360,-0.147253,-0.032244,0,100.39,70.24
56.9440,-0.147253,-0.033632,0,100.39,70.24
56.9520,-0.138950,-0.028998,0,100.39,70.24
56.9600,-0.123810,-0.020367,0,100.39,70.24
56.9680,-0.108181,-0.010733,0,100.39,70.24
56.9760,-0.100855,-0.002323,0,100.39,70.24
56.9840,-0.100855,0.004624,0,100.39,70.24
56.9920,-0.107204,-0.021009,0,100.39,70.24
57.0000,-0.115507,-0.026915,0,100.39,70.24
57.0080,-0.120391,-0.030938,0,100.39,70.24
57.0160,-0.120391,-0.030034,0,100.39,70.24
57.0240,-0.110623,-0.022757,0,100.39,70.24
57.0320,-0.094994,-0.009733,0,100.39,70.24
57.0400,-0.076923,0.006536,0,100.39,70.24
57.0480,-0.058364,0.022298,0,100.39,70.24
57.0560,-0.043712,0.033326,0,100.39,70.24
57.0640,-0.035897,0.035823,0,100.39,70.24
57.0720,-0.036874,0.027548,0,100.39,70.24
57.0800,-0.054945,0.009041,0,100.39,70.24
57.0880,-0.085714,-0.015792,0,100.39,70.24
57.0960,-0.125275,-0.101561,0,100.39,70.24
57.1040,-0.163858,-0.137334,0,100.39,70.24
57.1120,-0.188767,-0.163961,0,100.39,70.24
57.1200,-0.194628,-0.177277,0,100.39,70.24
57.1280,-0.183883,-0.176835,0,100.39,70.24
57.1360,-0.163858,-0.165421,0,100.39,70.24
57.1440,-0.136996,-0.147591,0,100.39,70.24
57.1520,-0.110623,-0.128050,0,100.39,70.24
57.1600,-0.089133,-0.110413,0,100.39,70.24
57.1680,-0.071551,-0.096665,0,100.39,70.24
57.1760,-0.056410,-0.087288,0,100.39,70.24
57.1840,-0.045177,-0.081616,0,100.39,70.24
57.1920,-0.038828,-0.078089,0,100.39,70.24
57.2000,-0.049084,0.034577,0,100.39,70.24
57.2080,-0.075946,0.009921,0,100.39,70.24
57.2160,-0.114530,-0.021246,0,100.39,70.24
57.2240,-0.153114,-0.052462,0,100.39,70.24
57.2320,-0.177534,-0.077336,0,100.39,70.24
57.2400,-0.187302,-0.091781,0,100.39,70.24
57.2480,-0.184860,-0.094891,0,100.39,70.24
57.2560,-0.173626,-0.088393,0,100.39,70.24
57.2640,-0.157509,-0.075407,0,100.39,70.24
57.2720,-0.139927,-0.059178,0,100.39,70.24
57.2800,-0.123321,-0.042166,0,100.39,70.24
57.2880,-0.106716,-0.025635,0,100.39,70.24
57.2960,-0.093040,-0.009694,0,100.39,70.24
57.3040,-0.080830,0.000136,0,100.39,70.24
57.3120,-0.071062,0.005750,0,100.39,70.24
57.3200,-0.069597,0.006931,0,100.39,70.24
57.3280,-0.071062,0.004224,0,100.39,70.24
57.3360,-0.078388,-0.001009,0,100.39,70.24
57.3440,-0.085714,-0.006925,0,100.39,70.24
57.3520,-0.091087,-0.011769,0,100.39,70.24
57.3600,-0.092552,-0.014379,0,100.39,70.24
57.3680,-0.093529,-0.014331,0,100.39,70.24
57.3760,-0.090110,-0.011817,0,100.39,70.24
57.3840,-0.085714,-0.007412,0,100.39,70.24
57.3920,-0.078877,-0.001834,0,100.39,70.24
57.4000,-0.072039,0.004261,0,100.39,70.24
57.4080,-0.059829,0.075719,0,100.39,70.24
57.4160,-0.039805,0.094732,0,100.39,70.24
57.4240,-0.011966,0.115898,0,100.39,70.24
57.4320,0.018803,0.135638,0,100.39,70.24
57.4400,0.038828,0.149599,0,100.39,70.24
57.4480,0.041270,0.154348,0,100.39,70.24
57.4560,0.031502,0.148651,0,100.39,70.24
57.4640,0.009524,0.133810,0,100.39,70.24
57.4720,-0.022711,0.113291,0,100.39,70.24
57.4800,-0.057387,0.091825,0,100.39,70.24
57.4880,-0.093040,0.073889,0,100.39,70.24
57.4960,-0.111600,0.061727,0,100.39,70.24
57.5040,-0.109646,0.053933,0,100.39,70.24
57.5120,-0.093040,-0.072370,0,100.39,70.24
57.5200,-0.070085,-0.060944,1,100.39,70.24
57.5280,-0.053968,-0.055612,1,100.39,70.24
57.5360,-0.053968,-0.064010,0,100.39,70.24
57.5440,-0.070085,-0.089094,0,100.39,70.24
57.5520,-0.106716,-0.127462,0,100.39,70.24
57.5600,-0.154579,-0.169615,0,100.39,70.24
57.5680,-0.191697,-0.202599,0,100.39,70.24
57.5760,-0.207326,-0.214458,0,100.39,70.24
57.5840,-0.180952,-0.198593,0,100.39,70.24
57.5920,-0.125763,-0.155806,0,100.39,70.24
57.6000,-0.055433,-0.092996,0,100.39,70.24
57.6080,0.009524,-0.019948,0,100.39,70.24
57.6160,0.052015,0.151405,1,100.39,70.24
57.6240,0.065690,0.172270,1,100.39,70.24
57.6320,0.052503,0.165716,0,100.39,70.24
57.6400,0.015873,0.135684,0,100.39,70.24
57.6480,-0.032479,0.090726,0,100.39,70.24
57.6560,-0.085714,0.041587,0,100.39,70.24
57.6640,-0.129182,-0.001276,0,100.39,70.24
57.6720,-0.158974,-0.029766,0,100.39,70.24
57.6800,-0.166789,-0.039425,0,100.39,70.24
57.6880,-0.157998,-0.029687,0,100.39,70.24
57.6960,-0.132601,-0.003200,0,100.39,70.24
57.7040,-0.101343,0.035314,0,100.39,70.24
57.7120,-0.062759,0.080058,0,100.39,70.24
57.7200,-0.020269,0.165592,0,100.39,70.24
57.7280,0.029548,0.221669,0,100.39,70.24
57.7360,0.072039,0.270772,0,100.39,70.24
57.7440,0.101343,0.306130,0,100.39,70.24
57.7520,0.111111,0.322686,0,100.39,70.24
57.7600,0.096459,0.318730,0,100.39,70.24
57.7680,0.062271,0.296527,0,100.39,70.24
57.7760,0.022222,0.261645,0,100.39,70.24
57.7840,-0.026129,0.221541,0,100.39,70.24
57.7920,-0.072527,0.183978,0,100.39,70.24
57.8000,-0.114530,0.155084,0,100.39,70.24
57.8080,-0.136020,0.137015,0,100.39,70.24
57.8160,-0.136020,0.126458,0,100.39,70.24
57.8240,-0.120879,-0.076878,0,100.39,70.24
57.8320,-0.098413,-0.056950,0,100.39,70.24
57.8400,-0.072527,-0.034434,0,100.39,70.24
57.8480,-0.053968,-0.016053,0,100.39,70.24
57.8560,-0.041758,-0.006397,0,100.39,70.24
57.8640,-0.040293,-0.006843,0,100.39,70.24
57.8720,-0.051526,-0.015284,0,100.39,70.24
57.8800,-0.064225,-0.026983,0,100.39,70.24
57.8880,-0.073504,-0.036533,0,100.39,70.24
57.8960,-0.072527,-0.040044,0,100.39,70.24
57.9040,-0.063248,-0.036389,0,100.39,70.24
57.9120,-0.051038,-0.026988,0,100.39,70.24
57.9200,-0.043712,-0.014584,0,100.39,70.24
57.9280,-0.051038,-0.041139,0,100.39,70.24
57.9360,-0.065201,-0.056726,0,100.39,70.24
57.9440,-0.091575,-0.080850,0,100.39,70.24
57.9520,-0.120391,-0.109417,0,100.39,70.24
57.9600,-0.148230,-0.136642,0,100.39,70.24
57.9680,-0.165324,-0.156739,0,100.39,70.24
57.9760,-0.170208,-0.165556,0,100.39,70.24
57.9840,-0.159463,-0.161616,0,100.39,70.24
57.9920,-0.136996,-0.146254,0,100.39,70.24
58.0000,-0.106227,-0.122794,0,100.39,70.24
58.0080,-0.075946,-0.095066,0,100.39,70.24
58.0160,-0.048107,-0.065963,0,100.39,70.24
58.0240,-0.024176,-0.036772,0,100.39,70.24
58.0320,-0.009035,0.058836,0,100.39,70.24
58.0400,-0.007082,0.064282,0,100.39,70.24
58.0480,-0.016361,0.057029,0,100.39,70.24
58.0560,-0.037363,0.038086,0,100.39,70.24
58.0640,-0.069109,0.010711,0,100.39,70.24
58.0720,-0.106716,-0.019827,0,100.39,70.24
58.0800,-0.137973,-0.047327,0,100.39,70.24
58.0880,-0.155556,-0.066197,0,100.39,70.24
58.0960,-0.162393,-0.072587,0,100.39,70.24
58.1040,-0.154579,-0.064753,0,100.39,70.24
58.1120,-0.136996,-0.043092,0,100.39,70.24
58.1200,-0.103785,-0.010257,0,100.39,70.24
58.1280,-0.063248,0.028886,0,100.39,70.24
58.1360,-0.021734,0.168552,0,100.39,64.92
58.1440,0.015873,0.208371,0,100.39,64.92
58.1520,0.034921,0.232848,0,100.39,64.92
58.1600,0.035897,0.236236,1,100.39,64.92
58.1680,0.014408,0.216602,1,100.39,64.92
58.1760,-0.033944,0.176990,0,100.39,64.92
58.1840,-0.093529,0.125441,0,100.39,64.92
58.1920,-0.151648,0.073491,0,100.39,64.92
58.2000,-0.204884,0.033620,0,100.39,64.92
58.2080,-0.233211,0.016191,0,100.39,64.92
58.2160,-0.233211,0.026305,0,100.39,64.92
58.2240,-0.203419,0.061554,0,100.39,64.92
58.2320,-0.148718,0.111870,0,100.39,64.92
58.2400,-0.078877,-0.778905,0,100.39,64.92
58.2480,-0.005128,-0.734544,0,100.39,64.92
58.2560,0.070085,-0.682408,0,100.39,64.92
58.2640,0.148230,-0.621281,0,100.39,64.92
58.2720,0.244444,-0.548083,0,100.39,64.92
58.2800,0.357265,-0.461064,0,100.39,64.92
58.2880,0.477411,-0.362762,0,100.39,64.92
58.2960,0.602930,-0.262171,0,100.39,64.92
58.3040,0.732357,-0.175900,0,100.39,64.92
58.3120,0.862759,-0.126273,0,100.39,64.92
58.3200,0.938950,-0.133276,0,100.39,64.92
58.3280,0.912088,-0.201426,0,100.39,64.92
58.3360,0.770452,-0.310362,0,100.39,64.92
58.3440,0.590720,0.755824,0,100.39,64.92
58.3520,0.417827,0.595835,0,100.39,64.92
58.3600,0.249817,0.437921,0,100.39,64.92
58.3680,0.110134,0.301189,0,100.39,64.92
58.3760,-0.005617,0.197474,0,100.39,64.92
58.3840,-0.079365,0.131676,0,100.39,64.92
58.3920,-0.115995,0.102241,0,100.39,64.92
58.4000,-0.116484,0.102012,0,100.39,64.92
58.4080,-0.096947,0.120190,0,100.39,64.92
58.4160,-0.078388,0.145478,0,100.39,64.92
58.4240,-0.064713,0.169348,0,100.39,64.92
58.4320,-0.061783,0.188082,0,100.39,64.92
58.4400,-0.072039,0.202950,0,100.39,64.92
58.4480,-0.088645,0.084359,0,100.39,64.92
58.4560,-0.098901,0.089084,0,100.39,64.92
58.4640,-0.096947,0.095964,0,100.39,64.92
58.4720,-0.089621,0.102691,0,100.39,64.92
58.4800,-0.086691,0.104521,0,100.39,64.92
58.4880,-0.099878,0.097377,0,100.39,64.92
58.4960,-0.125275,0.080635,0,100.39,64.92
58.5040,-0.162393,0.057942,0,100.39,64.92
58.5120,-0.195116,0.035706,0,100.39,64.92
58.5200,-0.213187,0.020264,0,100.39,64.92
58.5280,-0.223443,0.015409,0,100.39,64.92
58.5360,-0.225397,0.021170,0,100.39,64.92
58.5440,-0.210745,0.033690,0,100.39,64.92
58.5520,-0.177045,-0.294876,0,100.39,64.92
58.5600,-0.137973,-0.266759,0,100.39,64.92
58.5680,-0.110623,-0.241101,0,100.39,64.92
58.5760,-0.098413,-0.223253,0,100.39,64.92
58.5840,-0.094505,-0.215013,0,100.39,64.92
58.5920,-0.101832,-0.214574,0,100.39,64.92
58.6000,-0.123321,-0.217288,0,100.39,64.92
58.6080,-0.143346,-0.217307,0,100.39,64.92
58.6160,-0.151648,-0.210011,0,100.39,64.92
58.6240,-0.150672,-0.193877,0,100.39,64.92
58.6320,-0.141392,-0.170493,0,100.39,64.92
58.6400,-0.131136,-0.142913,0,100.39,64.92
58.6480,-0.124298,-0.113787,0,100.39,64.92
58.6560,-0.118437,-0.019558,0,100.39,64.92
58.6640,-0.117949,-0.006680,0,100.39,64.92
58.6720,-0.117460,0.003836,0,100.39,64.92
58.6800,-0.110134,0.014379,0,100.39,64.92
58.6880,-0.101343,0.026466,0,100.39,64.92
58.6960,-0.086203,0.039847,0,100.39,64.92
58.7040,-0.070085,0.052364,0,100.39,64.92
58.7120,-0.057875,0.060701,0,100.39,64.92
58.7200,-0.054457,0.061812,0,100.39,64.92
58.7280,-0.062271,0.054445,0,100.39,64.92
58.7360,-0.087179,0.039880,0,100.39,64.92
58.7440,-0.112088,0.021077,0,100.39,64.92
58.7520,-0.121368,0.000722,0,100.39,64.92
58.7600,-0.115995,0.082314,0,100.39,67.39
58.7680,-0.095971,0.101355,0,100.39,67.39
58.7760,-0.066667,0.124167,0,100.39,67.39
58.7840,-0.043712,0.142250,0,100.39,67.39
58.7920,-0.041270,0.148446,0,100.39,67.39
58.8000,-0.055922,0.139938,0,100.39,67.39
58.8080,-0.085714,0.119122,0,100.39,67.39
58.8160,-0.117949,0.092283,0,100.39,67.39
58.8240,-0.146764,0.067063,0,100.39,67.39
58.8320,-0.163858,0.049878,0,100.39,67.39
58.8400,-0.171184,0.044090,0,100.39,67.39
58.8480,-0.163858,0.049152,0,100.39,67.39
58.8560,-0.148230,0.060811,0,100.39,67.39
58.8640,-0.130159,-0.032412,0,100.39,67.39
58.8720,-0.114530,-0.014057,0,100.39,67.39
58.8800,-0.100855,0.004627,0,100.39,67.39
58.8880,-0.085714,0.022386,0,100.39,67.39
58.8960,-0.072527,0.038185,0,100.39,67.39
58.9040,-0.054945,0.050654,0,100.39,67.39
58.9120,-0.047131,0.058208,0,100.39,67.39
58.9200,-0.043712,0.059678,0,100.39,67.39
58.9280,-0.045665,0.054878,0,100.39,67.39
58.9360,-0.056899,0.044823,0,100.39,67.39
58.9440,-0.073016,0.031465,0,100.39,67.39
58.9520,-0.085714,0.016805,0,100.39,67.39
58.9600,-0.094017,0.001943,0,100.39,67.39
58.9680,-0.101343,-0.148363,0,100.39,67.39
58.9760,-0.109646,-0.166082,0,100.39,67.39
58.9840,-0.117460,-0.182541,0,100.39,67.39
58.9920,-0.125275,-0.195967,0,100.39,67.39
59.0000,-0.132112,-0.203369,0,100.39,67.39
59.0080,-0.130647,-0.201556,0,100.39,67.39
59.0160,-0.113553,-0.188946,0,100.39,67.39
59.0240,-0.082295,-0.167075,0,100.39,67.39
59.0320,-0.043223,-0.140627,0,100.39,67.39
59.0400,-0.007570,-0.115715,0,100.39,67.39
59.0480,0.019292,-0.097302,0,100.39,67.39
59.0560,0.036874,-0.087020,0,100.39,67.39
59.0640,0.037851,-0.082340,0,100.39,67.39
59.0720,0.023687,0.134481,0,100.39,67.39
59.0800,-0.007570,0.113427,0,100.39,67.39
59.0880,-0.036874,0.087902,0,100.39,67.39
59.0960,-0.056899,0.062362,0,100.39,67.39
59.1040,-0.076435,0.039432,0,100.39,67.39
59.1120,-0.094994,0.020440,0,100.39,67.39
59.1200,-0.111111,0.006392,0,100.39,67.39
59.1280,-0.120391,-0.001721,0,100.39,67.39
59.1360,-0.122344,-0.003274,0,100.39,67.39
59.1440,-0.115507,0.001533,0,100.39,67.39
59.1520,-0.103785,0.011618,0,100.39,67.39
59.1600,-0.093040,0.025377,0,100.39,67.39
59.1680,-0.078388,0.041036,0,100.39,67.39
59.1760,-0.062759,0.017334,0,100.39,67.39
59.1840,-0.054945,0.025277,0,100.39,67.39
59.1920,-0.055433,0.029484,0,100.39,67.39
59.2000,-0.058852,0.031297,0,100.39,67.39
59.2080,-0.060317,0.032625,0,100.39,67.39
59.2160,-0.057387,0.034676,0,100.39,67.39
59.2240,-0.054945,0.037337,0,100.39,67.39
59.2320,-0.051038,0.039392,0,100.39,67.39
59.2400,-0.049084,0.039292,0,100.39,67.39
59.2480,-0.054945,0.036104,0,100.39,67.39
59.2560,-0.064713,0.030033,0,100.39,67.39
59.2640,-0.073016,0.022088,0,100.39,67.39
59.2720,-0.078877,0.013336,0,100.39,67.39
59.2800,-0.080342,-0.041193,0,100.39,67.39
59.2880,-0.075458,-0.038177,0,100.39,67.39
59.2960,-0.065201,-0.030251,0,100.39,67.39
59.3040,-0.047131,-0.019514,0,100.39,67.39
59.3120,-0.032479,-0.008990,0,100.39,67.39
59.3200,-0.021734,-0.001454,0,100.39,67.39
59.3280,-0.017827,0.001603,0,100.39,67.39
59.3360,-0.020757,0.000390,0,100.39,67.39
59.3440,-0.026618,-0.003505,0,100.39,67.39
59.3520,-0.033944,-0.007984,0,100.39,67.39
59.3600,-0.035897,-0.011427,0,100.39,67.39
59.3680,-0.038339,-0.013288,0,100.39,67.39
59.3760,-0.037851,-0.014063,0,100.39,67.39
59.3840,-0.044200,0.065247,0,100.39,67.39
59.3920,-0.065201,0.048231,0,100.39,67.39
59.4000,-0.094017,0.026243,0,100.39,67.39
59.4080,-0.122833,0.004022,0,100.39,67.39
59.4160,-0.145299,-0.012980,0,100.39,67.39
59.4240,-0.152625,-0.020877,0,100.39,67.39
59.4320,-0.150183,-0.018869,0,100.39,67.39
59.4400,-0.136996,-0.009452,0,100.39,67.39
59.4480,-0.119414,0.002660,0,100.39,67.39
59.4560,-0.109646,0.012528,0,100.39,67.39
59.4640,-0.109158,0.017044,0,100.39,67.39
59.4720,-0.116972,0.015944,0,100.39,67.39
59.4800,-0.125763,0.011425,0,100.39,67.39
59.4880,-0.132112,-0.066273,0,100.39,67.39
59.4960,-0.132601,-0.068118,0,100.39,67.39
59.5040,-0.129182,-0.066014,0,100.39,67.39
59.5120,-0.117949,-0.060955,0,100.39,67.39
59.5200,-0.108669,-0.054882,0,100.39,67.39
59.5280,-0.104274,-0.049404,0,100.39,67.39
59.5360,-0.106227,-0.044985,0,100.39,67.39
59.5440,-0.102320,-0.041270,0,100.39,67.39
59.5520,-0.095971,-0.037998,0,100.39,67.39
59.5600,-0.091087,-0.035356,0,100.39,67.39
59.5680,-0.088156,-0.033581,0,100.39,67.39
59.5760,-0.090598,-0.032544,0,100.39,67.39
59.5840,-0.086203,-0.031865,0,100.39,67.39
59.5920,-0.085714,0.043343,0,100.39,67.39
59.6000,-0.085226,0.051143,0,100.39,67.39
59.6080,-0.074481,0.060317,0,100.39,67.39
59.6160,-0.062759,0.068727,0,100.39,67.39
59.6240,-0.058364,0.073731,0,100.39,67.39
59.6320,-0.064713,0.073798,0,100.39,67.39
59.6400,-0.077411,0.069335,0,100.39,67.39
59.6480,-0.088645,0.062143,0,100.39,67.39
59.6560,-0.100366,0.054228,0,100.39,67.39
59.6640,-0.109646,0.046867,0,100.39,67.39
59.6720,-0.115995,0.040297,0,100.39,67.39
59.6800,-0.121856,0.034072,0,100.39,67.39
59.6880,-0.135043,0.027812,0,100.39,67.39
59.6960,-0.154579,-0.064604,0,100.39,67.39
59.7040,-0.171184,-0.082097,0,100.39,67.39
59.7120,-0.185348,-0.097474,0,100.39,67.39
59.7200,-0.196093,-0.108012,0,100.39,67.39
59.7280,-0.197558,-0.111815,0,100.39,67.39
59.7360,-0.190232,-0.108476,0,100.39,67.39
59.7440,-0.178510,-0.099214,0,100.39,67.39
59.7520,-0.163370,-0.086455,0,100.39,67.39
59.7600,-0.147253,-0.073137,0,100.39,67.39
59.7680,-0.132601,-0.061855,0,100.39,67.39
59.7760,-0.126252,-0.054019,0,100.39,67.39
59.7840,-0.123321,-0.049453,0,100.39,67.39
59.7920,-0.118437,-0.046776,0,100.39,67.39
59.8000,-0.112576,-0.033903,0,100.39,67.39
59.8080,-0.105739,-0.031155,0,100.39,67.39
59.8160,-0.100855,-0.029116,0,100.39,67.39
59.8240,-0.099878,-0.028042,0,100.39,67.39
59.8320,-0.096947,-0.027951,0,100.39,67.39
59.8400,-0.094994,-0.028559,0,100.39,67.39
59.8480,-0.096459,-0.029229,0,100.39,67.39
59.8560,-0.096947,-0.029097,0,100.39,67.39
59.8640,-0.093529,-0.027537,0,100.39,67.39
59.8720,-0.086203,-0.024575,0,100.39,67.39
59.8800,-0.080830,-0.020748,0,100.39,67.39
59.8880,-0.076923,-0.016605,0,100.39,67.39
59.8960,-0.072039,-0.012425,0,100.39,67.39
59.9040,-0.070574,0.066087,0,100.39,67.39
59.9120,-0.078877,0.061543,0,100.39,67.39
59.9200,-0.090110,0.054556,0,100.39,67.39
59.9280,-0.104762,0.048148,0,100.39,67.39
59.9360,-0.115018,0.045359,0,100.39,67.39
59.9440,-0.110134,0.047533,0,100.39,67.39
59.9520,-0.102320,0.053431,0,100.39,67.39
59.9600,-0.094017,0.059880,0,100.39,67.39
59.9680,-0.091087,0.063343,0,100.39,67.39
59.9760,-0.094505,0.061374,0,100.39,67.39
59.9840,-0.105739,0.053382,0,100.39,67.39
59.9920,-0.122833,0.040572,0,100.39,67.39
60.0000,-0.136020,0.025212,0,100.39,67.39
60.0080,-0.144811,-0.079704,0,100.39,67.39
60.0160,-0.146764,-0.087678,0,100.39,67.39
60.0240,-0.144811,-0.090197,0,100.39,67.39
60.0320,-0.138462,-0.087898,0,100.39,67.39
60.0400,-0.125763,-0.082389,0,100.39,67.39
60.0480,-0.114530,-0.075755,0,100.39,67.39
60.0560,-0.102320,-0.069819,0,100.39,67.39
60.0640,-0.096947,-0.065377,0,100.39,67.39
60.0720,-0.095482,-0.061951,0,100.39,67.39
60.0800,-0.090110,-0.058378,0,100.39,67.39
60.0880,-0.079365,-0.053816,0,100.39,67.39
60.0960,-0.070085,-0.048202,0,100.39,67.39
60.1040,-0.061294,-0.041998,0,100.39,67.39
60.1120,-0.051526,0.109207,0,100.39,67.39
60.1200,-0.045665,0.115790,0,100.39,67.39
60.1280,-0.047131,0.116734,0,100.39,67.39
60.1360,-0.058852,0.111433,0,100.39,67.39
60.1440,-0.070574,0.100438,0,100.39,67.39
60.1520,-0.088645,0.085129,0,100.39,67.39
60.1600,-0.106227,0.067473,0,100.39,67.39
60.1680,-0.124786,0.050062,0,100.39,67.39
60.1760,-0.147741,0.036112,0,100.39,67.39
60.1840,-0.160928,0.028893,0,100.39,67.39
60.1920,-0.165324,0.030459,0,100.39,67.39
60.2000,-0.158974,0.040412,0,100.39,67.39
60.2080,-0.142857,0.055545,0,100.39,67.39
60.2160,-0.124298,0.001751,0,100.39,67.39
60.2240,-0.101832,0.024480,0,100.39,67.39
60.2320,-0.082295,0.044619,0,100.39,67.39
60.2400,-0.068620,0.058932,0,100.39,67.39
60.2480,-0.065690,0.065751,0,100.39,67.39
60.2560,-0.069597,0.065182,0,100.39,67.39
60.2640,-0.076435,0.058704,0,100.39,67.39
60.2720,-0.086691,0.048597,0,100.39,67.39
60.2800,-0.101343,0.037572,0,100.39,67.39
60.2880,-0.114042,0.028305,0,100.39,67.39
60.2960,-0.120391,0.022624,0,100.39,67.39
60.3040,-0.119414,0.020760,0,100.39,67.39
60.3120,-0.116972,0.021288,0,100.39,67.39
60.3200,-0.114042,0.015132,0,100.39,67.39
60.3280,-0.107692,0.023067,0,100.39,67.39
60.3360,-0.100366,0.033690,0,100.39,67.39
60.3440,-0.090110,0.046337,0,100.39,67.39
60.3520,-0.077900,0.059618,0,100.39,67.39
60.3600,-0.067155,0.071277,0,100.39,67.39
60.3680,-0.055433,0.078573,0,100.39,67.39
60.3760,-0.054945,0.079280,0,100.39,67.39
60.3840,-0.065690,0.072865,0,100.39,67.39
60.3920,-0.085714,0.060843,0,100.39,67.39
60.4000,-0.102808,0.045825,0,100.39,67.39
60.4080,-0.119902,0.030023,0,100.39,67.39
60.4160,-0.132601,0.014367,0,100.39,67.39
60.4240,-0.136996,-0.006436,0,100.39,67.39
60.4320,-0.132601,-0.000427,0,100.39,67.39
60.4400,-0.122344,0.014019,0,100.39,67.39
60.4480,-0.103785,0.035120,0,100.39,67.39
60.4560,-0.082784,0.059743,0,100.39,67.39
60.4640,-0.059829,0.083622,0,100.39,67.39
60.4720,-0.038828,0.101897,0,100.39,67.39
60.4800,-0.027595,0.110182,0,100.39,67.39
60.4880,-0.031013,0.106011,0,100.39,67.39
60.4960,-0.051038,0.089884,0,100.39,67.39
60.5040,-0.082784,0.065007,0,100.39,67.39
60.5120,-0.113553,0.035557,0,100.39,67.39
60.5200,-0.133089,0.004615,0,100.39,67.39
60.5280,-0.140904,-0.080130,0,100.39,67.39
60.5360,-0.135043,-0.081354,0,100.39,67.39
60.5440,-0.124298,-0.073965,0,100.39,67.39
60.5520,-0.109158,-0.061827,0,100.39,67.39
60.5600,-0.093529,-0.048874,0,100.39,67.39
60.5680,-0.083761,-0.037913,0,100.39,67.39
60.5760,-0.078388,-0.030056,0,100.39,67.39
60.5840,-0.075946,-0.025055,0,100.39,67.39
60.5920,-0.070085,-0.022317,0,100.39,67.39
60.6000,-0.062759,-0.021731,0,100.39,67.39
60.6080,-0.059829,-0.023601,0,100.39,67.39
60.6160,-0.062271,-0.027910,0,100.39,67.39
60.6240,-0.067155,-0.033788,0,100.39,67.39
60.6320,-0.070085,0.003551,0,100.39,67.39
60.6400,-0.071551,0.001366,0,100.39,67.39
60.6480,-0.071551,0.001385,0,100.39,67.39
60.6560,-0.068620,0.003719,0,100.39,67.39
60.6640,-0.063248,0.007706,0,100.39,67.39
60.6720,-0.057387,0.012148,0,100.39,67.39
60.6800,-0.054457,0.015809,0,100.39,67.39
60.6880,-0.054457,0.017851,0,100.39,67.39
60.6960,-0.052991,0.017914,0,100.39,67.39
60.7040,-0.054945,0.015955,0,100.39,67.39
60.7120,-0.055922,0.012129,0,100.39,67.39
60.7200,-0.058852,0.006796,0,100.39,67.39
60.7280,-0.063736,0.000591,0,100.39,67.39
60.7360,-0.070085,0.014213,0,100.39,67.39
60.7440,-0.079365,0.006443,0,100.39,67.39
60.7520,-0.085714,0.000513,0,100.39,67.39
60.7600,-0.088156,-0.001967,0,100.39,67.39
60.7680,-0.088645,0.000004,0,100.39,67.39
60.7760,-0.084737,0.006458,0,100.39,67.39
60.7840,-0.077411,0.016149,0,100.39,67.39
60.7920,-0.065690,0.026463,0,100.39,67.39
60.8000,-0.054945,0.033922,0,100.39,67.39
60.8080,-0.053480,0.035371,0,100.39,67.39
60.8160,-0.059341,0.029255,0,100.39,67.39
60.8240,-0.071551,0.016268,0,100.39,67.39
60.8320,-0.090110,-0.000789,0,100.39,67.39
60.8400,-0.102808,-0.059902,0,100.39,67.39
60.8480,-0.109646,-0.069064,0,100.39,67.39
60.8560,-0.106227,-0.071138,0,100.39,67.39
60.8640,-0.096459,-0.066349,0,100.39,67.39
60.8720,-0.084249,-0.056325,0,100.39,67.39
60.8800,-0.071062,-0.043207,0,100.39,67.39
60.8880,-0.060317,-0.029190,0,100.39,67.39
60.8960,-0.042247,-0.016601,0,100.39,67.39
60.9040,-0.031502,-0.007929,0,100.39,67.39
60.9120,-0.025641,-0.005278,0,100.39,67.39
60.9200,-0.027595,-0.009580,0,100.39,67.39
60.9280,-0.036386,-0.020056,0,100.39,67.39
60.9360,-0.051038,-0.034189,0,100.39,67.39
60.9440,-0.062271,-0.051858,0,100.39,67.39
60.9520,-0.070085,-0.064430,0,100.39,67.39
60.9600,-0.076923,-0.073521,0,100.39,67.39
60.9680,-0.078388,-0.078447,0,100.39,67.39
60.9760,-0.074969,-0.079460,0,100.39,67.39
60.9840,-0.070085,-0.077480,0,100.39,67.39
60.9920,-0.062759,-0.073625,0,100.39,67.39
61.0000,-0.056899,-0.068739,0,100.39,67.39
61.0080,-0.051038,-0.063182,0,100.39,67.39
61.0160,-0.041270,-0.056960,0,100.39,67.39
61.0240,-0.033944,-0.049954,0,100.39,67.39
61.0320,-0.024664,-0.042128,0,100.39,67.39
61.0400,-0.011966,-0.033742,0,100.39,67.39
61.0480,-0.002686,0.012966,0,94.94,67.39
61.0560,0.008547,0.020508,0,94.94,67.39
61.0640,0.015385,0.025743,0,94.94,67.39
61.0720,0.017338,0.028345,0,94.94,67.39
61.0800,0.018803,0.028410,0,94.94,67.39
61.0880,0.021245,0.026158,0,94.94,67.39
61.0960,0.021245,0.021881,0,94.94,67.39
61.1040,0.015873,0.016332,0,94.94,67.39
61.1120,0.008547,0.010965,0,94.94,67.39
61.1200,0.006105,0.007483,0,94.94,67.39
61.1280,0.007570,0.006996,0,94.94,67.39
61.1360,0.014408,0.009465,0,94.94,67.39
61.1440,0.022711,0.013722,0,94.94,67.39
61.1520,0.029060,0.103198,0,94.94,67.39
61.1600,0.036386,0.112086,0,94.94,67.39
61.1680,0.038828,0.120244,0,94.94,67.39
61.1760,0.046642,0.126823,0,94.94,67.39
61.1840,0.050549,0.130646,0,94.94,67.39
61.1920,0.048596,0.130503,0,94.94,67.39
61.2000,0.041758,0.125695,0,94.94,67.39
61.2080,0.031502,0.116368,0,94.94,67.39
61.2160,0.016850,0.103651,0,94.94,67.39
61.2240,-0.006105,0.089575,0,94.94,67.39
61.2320,-0.022711,0.076365,0,94.94,67.39
61.2400,-0.033455,0.065257,0,94.94,67.39
61.2480,-0.040293,0.055829,0,94.94,67.39
61.2560,-0.047131,0.017272,0,94.94,67.39
61.2640,-0.051526,0.015332,0,94.94,67.39
61.2720,-0.052991,0.017364,0,94.94,67.39
61.2800,-0.050061,0.023143,0,94.94,67.39
61.2880,-0.041270,0.031480,0,94.94,67.39
61.2960,-0.031502,0.040119,0,94.94,67.39
61.3040,-0.023687,0.046358,0,94.94,67.39
61.3120,-0.024176,0.048125,0,94.94,67.39
61.3200,-0.031502,0.044798,0,94.94,67.39
61.3280,-0.043223,0.037270,0,94.94,67.39
61.3360,-0.056899,0.027267,0,94.94,67.39
61.3440,-0.070085,0.016406,0,94.94,67.39
61.3520,-0.079365,0.005518,0,94.94,67.39
61.3600,-0.085714,-0.071264,0,94.94,67.39
61.3680,-0.086203,-0.072374,0,94.94,67.39
61.3760,-0.081319,-0.069474,0,94.94,67.39
61.3840,-0.075458,-0.064068,0,94.94,67.39
61.3920,-0.070085,-0.057789,0,94.94,67.39
61.4000,-0.064713,-0.051848,0,94.94,67.39
61.4080,-0.062271,-0.046779,0,94.94,67.39
61.4160,-0.060806,-0.042545,0,94.94,67.39
61.4240,-0.057387,-0.038953,0,94.94,67.39
61.4320,-0.053480,-0.036068,0,94.94,67.39
61.4400,-0.049573,-0.034201,0,94.94,67.39
61.4480,-0.051526,-0.033493,0,94.94,67.39
61.4560,-0.053480,-0.033573,0,94.94,67.39
61.4640,-0.054457,-0.003448,0,94.94,67.39
61.4720,-0.056899,-0.004268,0,94.94,67.39
61.4800,-0.060806,-0.005176,0,94.94,67.39
61.4880,-0.063248,-0.005596,0,94.94,67.39
61.4960,-0.065690,-0.004904,0,94.94,67.39
61.5040,-0.069109,-0.002624,0,94.94,67.39
61.5120,-0.066667,0.001200,0,94.94,67.39
61.5200,-0.062271,0.005685,0,94.94,67.39
61.5280,-0.057875,0.009285,0,94.94,67.39
61.5360,-0.057875,0.010489,0,94.94,67.39
61.5440,-0.060806,0.008518,0,94.94,67.39
61.5520,-0.067643,0.003642,0,94.94,67.39
61.5600,-0.075458,-0.002945,0,94.94,67.39
61.5680,-0.085714,-0.364041,0,94.94,67.39
61.5760,-0.098901,-0.391981,0,94.94,67.39
61.5840,-0.109158,-0.420181,0,94.94,67.39
61.5920,-0.117460,-0.446784,0,94.94,67.39
61.6000,-0.125763,-0.469341,0,94.94,67.39
61.6080,-0.126252,-0.484714,0,94.94,67.39
61.6160,-0.116972,-0.489363,0,94.94,67.39
61.6240,-0.094505,-0.479945,0,94.94,67.39
61.6320,-0.054457,-0.453956,0,94.94,67.39
61.6400,0.003663,-0.410232,0,94.94,67.39
61.6480,0.070085,-0.349307,0,94.94,67.39
61.6560,0.154579,-0.274051,0,94.94,67.39
61.6640,0.261538,-0.190472,0,94.94,67.39
61.6720,0.389499,0.479398,0,94.94,67.39
61.6800,0.529182,0.602610,0,94.94,67.39
61.6880,0.670818,0.728980,0,94.94,67.39
61.6960,0.818315,0.846395,0,94.94,67.39
61.7040,0.953114,0.939691,0,94.94,67.39
61.7120,1.000000,0.994210,0,94.94,67.39
61.7200,1.000000,1.000000,1,94.94,67.39
61.7280,0.954090,0.954641,1,94.94,67.39
61.7360,0.777289,0.864830,0,94.94,67.39
61.7440,0.583883,0.744981,0,94.94,67.39
61.7520,0.398779,0.611236,0,94.94,67.39
61.7600,0.221490,0.474819,0,94.94,67.39
61.7680,0.060317,0.339617,0,94.94,67.39
61.7760,-0.083272,-0.131895,0,94.94,67.39
61.7840,-0.184860,-0.235666,0,94.94,67.39
61.7920,-0.239560,-0.293985,0,94.94,67.39
61.8000,-0.251282,-0.309169,0,94.94,67.39
61.8080,-0.221978,-0.289727,0,94.94,67.39
61.8160,-0.176068,-0.248652,0,94.94,67.39
61.8240,-0.122344,-0.200364,0,94.94,67.39
61.8320,-0.079853,-0.157368,0,94.94,67.39
61.8400,-0.054457,-0.127783,0,94.94,67.39
61.8480,-0.046642,-0.114496,0,94.94,67.39
61.8560,-0.049084,-0.116019,0,94.94,67.39
61.8640,-0.059341,-0.128183,0,94.94,67.39
61.8720,-0.071551,-0.145659,0,94.94,67.39
61.8800,-0.082784,-0.059623,0,94.94,67.39
61.8880,-0.092552,-0.070787,0,94.94,67.39
61.8960,-0.101343,-0.079675,0,94.94,67.39
61.9040,-0.106227,-0.085917,0,94.94,67.39
61.9120,-0.109646,-0.089659,0,94.94,67.39
61.9200,-0.110134,-0.091259,0,94.94,67.39
61.9280,-0.109646,-0.090993,0,94.94,67.39
61.9360,-0.111600,-0.088848,0,94.94,67.39
61.9440,-0.108669,-0.084552,0,94.94,67.39
61.9520,-0.107692,-0.077820,0,94.94,67.39
61.9600,-0.104762,-0.068584,0,94.94,67.39
61.9680,-0.103297,-0.057178,0,94.94,67.39
61.9760,-0.101832,-0.044439,0,94.94,67.39
61.9840,-0.099878,-0.213748,0,94.94,67.39
61.9920,-0.096947,-0.201091,0,94.94,67.39
62.0000,-0.094505,-0.185204,0,94.94,67.39
62.0080,-0.092552,-0.166962,0,94.94,67.39
62.0160,-0.092552,-0.147713,0,94.94,67.39
62.0240,-0.092552,-0.129128,0,94.94,67.39
62.0320,-0.093040,-0.112945,0,94.94,67.39
62.0400,-0.097924,-0.100524,0,94.94,67.39
62.0480,-0.101832,-0.092421,0,94.94,67.39
62.0560,-0.107692,-0.088273,0,94.94,67.39
62.0640,-0.112576,-0.087059,0,94.94,67.39
62.0720,-0.112576,-0.087589,0,94.94,67.39
62.0800,-0.109158,-0.088911,0,94.94,67.39
62.0880,-0.102808,-0.002319,0,94.94,68.90
62.0960,-0.099878,-0.000376,0,94.94,68.90
62.1040,-0.093529,0.000778,0,94.94,68.90
62.1120,-0.091087,0.000940,0,94.94,68.90
62.1200,-0.090110,0.000104,0,94.94,68.90
62.1280,-0.089133,-0.001507,0,94.94,68.90
62.1360,-0.092552,-0.003419,0,94.94,68.90
62.1440,-0.095971,-0.004979,0,94.94,68.90
62.1520,-0.096459,-0.005606,0,94.94,68.90
62.1600,-0.095971,-0.005067,0,94.94,68.90
62.1680,-0.094505,-0.003479,0,94.94,68.90
62.1760,-0.093040,-0.001141,0,94.94,68.90
62.1840,-0.090110,0.001577,0,94.94,68.90
62.1920,-0.087179,-0.000121,0,94.94,68.90
62.2000,-0.085714,0.001085,0,94.94,68.90
62.2080,-0.084249,0.001299,0,94.94,68.90
62.2160,-0.084737,0.000630,0,94.94,68.90
62.2240,-0.085226,-0.000501,0,94.94,68.90
62.2320,-0.086691,-0.001497,0,94.94,68.90
62.2400,-0.085714,-0.001834,0,94.94,68.90
62.2480,-0.084249,-0.001302,0,94.94,68.90
62.2560,-0.082295,-0.000107,0,94.94,68.90
62.2640,-0.076923,0.001212,0,94.94,68.90
62.2720,-0.076923,0.002071,0,94.94,68.90
62.2800,-0.074481,0.002187,0,94.94,68.90
62.2880,-0.075946,0.001745,0,94.94,68.90
62.2960,-0.079853,0.008558,0,94.94,68.90
62.3040,-0.082295,0.007434,0,94.94,68.90
62.3120,-0.079853,0.007380,0,94.94,68.90
62.3200,-0.078877,0.008322,0,94.94,68.90
62.3280,-0.075458,0.009596,0,94.94,68.90
62.3360,-0.074481,0.010281,0,94.94,68.90
62.3440,-0.073016,0.009577,0,94.94,68.90
62.3520,-0.073016,0.007195,0,94.94,68.90
62.3600,-0.078388,0.003719,0,94.94,68.90
62.3680,-0.084249,0.000570,0,94.94,68.90
62.3760,-0.085714,-0.000684,0,94.94,68.90
62.3840,-0.084249,0.000669,0,94.94,68.90
62.3920,-0.075458,0.003894,0,94.94,68.90
62.4000,-0.067155,-0.010602,0,94.94,68.90
62.4080,-0.056899,-0.005185,0,94.94,68.90
62.4160,-0.053968,-0.001476,0,94.94,68.90
62.4240,-0.053480,0.000108,0,94.94,68.90
62.4320,-0.054457,0.000079,0,94.94,68.90
62.4400,-0.053968,-0.000767,0,94.94,68.90
62.4480,-0.050061,-0.001905,0,94.94,68.90
62.4560,-0.049573,-0.003094,0,94.94,68.90
62.4640,-0.051038,-0.004042,0,94.94,68.90
62.4720,-0.049084,-0.004315,0,94.94,68.90
62.4800,-0.047131,-0.003550,0,94.94,68.90
62.4880,-0.045177,-0.001679,0,94.94,68.90
62.4960,-0.038828,0.000922,0,94.94,68.90
62.5040,-0.033455,0.046938,0,94.94,68.90
62.5120,-0.025641,0.053065,0,94.94,68.90
62.5200,-0.021245,0.057660,0,94.94,68.90
62.5280,-0.019780,0.059738,0,94.94,68.90
62.5360,-0.020269,0.058886,0,94.94,68.90
62.5440,-0.024664,0.055357,0,94.94,68.90
62.5520,-0.031013,0.049994,0,94.94,68.90
62.5600,-0.038339,0.043937,0,94.94,68.90
62.5680,-0.042247,0.038227,0,94.94,68.90
62.5760,-0.046642,0.033575,0,94.94,68.90
62.5840,-0.052015,0.030390,0,94.94,68.90
62.5920,-0.054457,0.028720,0,94.94,68.90
62.6000,-0.052991,0.028060,0,94.94,68.90
62.6080,-0.050061,0.009598,0,94.94,68.90
62.6160,-0.047619,0.011257,0,94.94,68.90
62.6240,-0.047619,0.013368,0,94.94,68.90
62.6320,-0.046642,0.016035,0,94.94,68.90
62.6400,-0.043223,0.019355,0,94.94,68.90
62.6480,-0.038828,0.023012,0,94.94,68.90
62.6560,-0.033944,0.026214,0,94.94,68.90
62.6640,-0.031502,0.027986,0,94.94,68.90
62.6720,-0.031502,0.027583,0,94.94,68.90
62.6800,-0.033944,0.024757,0,94.94,68.90
62.6880,-0.038828,0.019780,0,94.94,68.90
62.6960,-0.045177,0.013290,0,94.94,68.90
62.7040,-0.051038,0.006054,0,94.94,68.90
62.7120,-0.055922,-0.018499,0,94.94,72.00
62.7200,-0.058852,-0.023344,0,94.94,72.00
62.7280,-0.061294,-0.026915,0,94.94,72.00
62.7360,-0.061783,-0.029319,0,94.94,72.00
62.7440,-0.062759,-0.030635,0,94.94,72.00
62.7520,-0.063736,-0.030796,0,94.94,72.00
62.7600,-0.062271,-0.029691,0,94.94,72.00
62.7680,-0.058852,-0.027399,0,94.94,72.00
62.7760,-0.053968,-0.024278,0,94.94,72.00
62.7840,-0.051526,-0.020839,0,94.94,72.00
62.7920,-0.046154,-0.017576,0,94.94,72.00
62.8000,-0.041758,-0.014820,0,94.94,72.00
62.8080,-0.041758,-0.012519,0,94.94,72.00
62.8160,-0.045177,0.045968,0,94.94,72.00
62.8240,-0.050549,0.042749,0,94.94,72.00
62.8320,-0.056410,0.037228,0,94.94,72.00
62.8400,-0.066667,0.030285,0,94.94,72.00
62.8480,-0.077411,0.023180,0,94.94,72.00
62.8560,-0.085714,0.017243,0,94.94,72.00
62.8640,-0.092063,0.013397,0,94.94,72.00
62.8720,-0.094017,0.011819,0,94.94,72.00
62.8800,-0.093529,0.011972,0,94.94,72.00
62.8880,-0.094994,0.013020,0,94.94,72.00
62.8960,-0.095971,0.014319,0,94.94,72.00
62.9040,-0.098413,0.015606,0,94.94,72.00
62.9120,-0.098901,0.016871,0,94.94,72.00
62.9200,-0.099878,-0.033257,0,94.94,72.00
62.9280,-0.103785,-0.037320,0,94.94,72.00
62.9360,-0.108181,-0.043007,0,94.94,72.00
62.9440,-0.115507,-0.049742,0,94.94,72.00
62.9520,-0.123321,-0.056239,0,94.94,72.00
62.9600,-0.130159,-0.060750,0,94.94,72.00
62.9680,-0.133089,-0.061632,0,94.94,72.00
62.9760,-0.131624,-0.058037,0,94.94,72.00
62.9840,-0.123810,-0.050478,0,94.94,72.00
62.9920,-0.110134,-0.040898,0,94.94,72.00
63.0000,-0.095971,-0.031871,0,94.94,72.00
63.0080,-0.092063,-0.025102,0,94.94,72.00
63.0160,-0.094017,-0.020293,0,94.94,72.00
63.0240,-0.104274,-0.056944,0,94.94,72.00
63.0320,-0.123321,-0.075964,0,94.94,72.00
63.0400,-0.145788,-0.096807,0,94.94,72.00
63.0480,-0.163858,-0.114029,0,94.94,72.00
63.0560,-0.176557,-0.122631,0,94.94,72.00
63.0640,-0.171184,-0.119841,0,94.94,72.00
63.0720,-0.153602,-0.106343,0,94.94,72.00
63.0800,-0.126252,-0.086201,0,94.94,72.00
63.0880,-0.099878,-0.065350,0,94.94,72.00
63.0960,-0.082784,-0.049330,0,94.94,72.00
63.1040,-0.074481,-0.041341,0,94.94,72.00
63.1120,-0.076923,-0.041322,0,94.94,72.00
63.1200,-0.085226,-0.046199,0,94.94,72.00
63.1280,-0.094017,0.007186,0,94.94,72.00
63.1360,-0.101832,-0.001106,0,94.94,72.00
63.1440,-0.108669,-0.007886,0,94.94,72.00
63.1520,-0.111111,-0.012055,0,94.94,72.00
63.1600,-0.112088,-0.013489,0,94.94,72.00
63.1680,-0.109646,-0.012772,0,94.94,72.00
63.1760,-0.106716,-0.010802,0,94.94,72.00
63.1840,-0.106227,-0.008413,0,94.94,72.00
63.1920,-0.102808,-0.006206,0,94.94,72.00
63.2000,-0.101343,-0.004563,0,94.94,72.00
63.2080,-0.099878,-0.003661,0,94.94,72.00
63.2160,-0.099878,-0.003436,0,94.94,72.00
63.2240,-0.099878,-0.003609,0,94.94,72.00
63.2320,-0.099878,0.029318,0,94.94,72.00
63.2400,-0.101832,0.027883,0,94.94,72.00
63.2480,-0.104762,0.026021,0,94.94,72.00
63.2560,-0.108669,0.024632,0,94.94,72.00
63.2640,-0.109646,0.024716,0,94.94,72.00
63.2720,-0.108669,0.026878,0,94.94,72.00
63.2800,-0.103785,0.030941,0,94.94,72.00
63.2880,-0.100855,0.035836,0,94.94,72.00
63.2960,-0.095971,0.039715,0,94.94,72.00
63.3040,-0.092552,0.040309,0,94.94,72.00
63.3120,-0.094505,0.035739,0,94.94,72.00
63.3200,-0.106227,0.025673,0,94.94,72.00
63.3280,-0.126252,0.012022,0,94.94,72.00
63.3360,-0.146764,-0.062637,0,94.94,72.00
63.3440,-0.157021,-0.072802,0,94.94,72.00
63.3520,-0.157998,-0.072423,0,94.94,72.00
63.3600,-0.141880,-0.060462,0,94.94,72.00
63.3680,-0.112576,-0.039718,0,94.94,72.00
63.3760,-0.080342,-0.016028,0,94.94,72.00
63.3840,-0.054457,0.003913,0,94.94,72.00
63.3920,-0.043223,0.015105,0,94.94,72.00
63.4000,-0.046642,0.015872,0,94.94,72.00
63.4080,-0.058364,0.007843,0,94.94,72.00
63.4160,-0.075458,-0.005512,0,94.94,72.00
63.4240,-0.087668,-0.020883,0,94.94,72.00
63.4320,-0.094017,-0.036532,0,94.94,72.00
63.4400,-0.093040,0.025930,0,94.94,72.00
63.4480,-0.088645,0.027197,0,94.94,72.00
63.4560,-0.085714,0.030157,0,94.94,72.00
63.4640,-0.083272,0.032972,0,94.94,72.00
63.4720,-0.085714,0.034531,0,94.94,72.00
63.4800,-0.085226,0.034441,0,94.94,72.00
63.4880,-0.087179,0.032754,0,94.94,72.00
63.4960,-0.092063,0.029829,0,94.94,72.00
63.5040,-0.095971,0.026250,0,94.94,72.00
63.5120,-0.100855,0.022656,0,94.94,72.00
63.5200,-0.104762,0.019539,0,94.94,72.00
63.5280,-0.108181,0.017093,0,94.94,72.00
63.5360,-0.109646,0.015135,0,94.94,72.00
63.5440,-0.106716,-0.010435,0,94.94,72.00
63.5520,-0.101343,-0.007242,0,94.94,72.00
63.5600,-0.097924,-0.003724,0,94.94,72.00
63.5680,-0.094994,-0.001030,0,94.94,72.00
63.5760,-0.092552,-0.000032,0,94.94,72.00
63.5840,-0.093040,-0.001121,0,94.94,72.00
63.5920,-0.095482,-0.004007,0,94.94,72.00
63.6000,-0.101343,-0.007659,0,94.94,72.00
63.6080,-0.106227,-0.010602,0,94.94,72.00
63.6160,-0.107204,-0.011561,0,94.94,72.00
63.6240,-0.102320,-0.010027,0,94.94,72.00
63.6320,-0.099878,-0.006328,0,94.94,72.00
63.6400,-0.092063,-0.001387,0,94.94,72.00
63.6480,-0.091087,-0.019056,0,94.94,72.00
63.6560,-0.093529,-0.022599,0,94.94,72.00
63.6640,-0.100366,-0.028300,0,94.94,72.00
63.6720,-0.103785,-0.034909,0,94.94,72.00
63.6800,-0.110134,-0.041008,0,94.94,72.00
63.6880,-0.113553,-0.045349,0,94.94,72.00
63.6960,-0.115995,-0.047023,0,94.94,72.00
63.7040,-0.115507,-0.045609,0,94.94,72.00
63.7120,-0.110623,-0.041311,0,94.94,72.00
63.7200,-0.101343,-0.034960,0,94.94,72.00
63.7280,-0.093529,-0.027656,0,94.94,72.00
63.7360,-0.085714,-0.020246,0,94.94,72.00
63.7440,-0.079853,-0.013011,0,94.94,72.00
63.7520,-0.079365,0.020187,0,94.94,72.00
63.7600,-0.080342,0.020231,0,94.94,72.00
63.7680,-0.085226,0.018396,0,94.94,72.00
63.7760,-0.085714,0.015465,0,94.94,72.00
63.7840,-0.091087,0.011980,0,94.94,72.00
63.7920,-0.093529,0.008201,0,94.94,72.00
63.8000,-0.094505,0.004257,0,94.94,72.00
63.8080,-0.101343,0.000470,0,94.94,72.00
63.8160,-0.103785,-0.002407,0,94.94,72.00
63.8240,-0.107692,-0.003375,0,94.94,72.00
63.8320,-0.106716,-0.001692,0,94.94,72.00
63.8400,-0.101343,0.002614,0,94.94,72.00
63.8480,-0.094017,0.008555,0,94.94,72.00
63.8560,-0.090598,0.006581,0,94.94,72.00
63.8640,-0.087668,0.008995,0,94.94,72.00
63.8720,-0.089133,0.009093,0,94.94,72.00
63.8800,-0.092063,0.006937,0,94.94,72.00
63.8880,-0.095482,0.003060,0,94.94,72.00
63.8960,-0.100366,-0.001741,0,94.94,72.00
63.9040,-0.104274,-0.006506,0,94.94,72.00
63.9120,-0.109646,-0.010183,0,94.94,72.00
63.9200,-0.111600,-0.011822,0,94.94,72.00
63.9280,-0.109158,-0.010882,0,94.94,72.00
63.9360,-0.107204,-0.007397,0,94.94,72.00
63.9440,-0.100366,-0.001923,0,94.94,72.00
63.9520,-0.094994,0.004624,0,94.94,72.00
63.9600,-0.091575,0.018364,0,94.94,72.00
63.9680,-0.088156,0.021391,0,94.94,72.00
63.9760,-0.090110,0.022286,0,94.94,72.00
63.9840,-0.092063,0.021136,0,94.94,72.00
63.9920,-0.093040,0.018232,0,94.94,72.00
64.0000,-0.097924,0.013955,0,94.94,72.00
64.0080,-0.101832,0.008886,0,94.94,72.00
64.0160,-0.107204,0.003941,0,94.94,72.00
64.0240,-0.115018,0.000309,0,94.94,72.00
64.0320,-0.115507,-0.000921,0,94.94,72.00
64.0400,-0.115995,0.000725,0,94.94,72.00
64.0480,-0.110623,0.004870,0,94.94,72.00
64.0560,-0.106716,0.010438,0,94.94,72.00
64.0640,-0.100855,-0.011791,0,94.94,72.00
64.0720,-0.093040,-0.005557,0,94.94,72.00
64.0800,-0.086203,-0.000452,0,94.94,72.00
64.0880,-0.085714,0.002983,0,94.94,72.00
64.0960,-0.084249,0.004909,0,94.94,72.00
64.1040,-0.084737,0.005895,0,94.94,72.00
64.1120,-0.082784,0.006441,0,94.94,72.00
64.1200,-0.080830,0.006696,0,94.94,72.00
64.1280,-0.080342,0.006528,0,94.94,72.00
64.1360,-0.079365,0.005767,0,94.94,72.00
64.1440,-0.083272,0.004387,0,94.94,72.00
64.1520,-0.080830,0.002481,0,94.94,72.00
64.1600,-0.084737,0.000243,0,94.94,72.00
64.1680,-0.084737,0.019005,0,94.94,72.00
64.1760,-0.086203,0.018297,0,94.94,72.00
64.1840,-0.088156,0.017926,0,94.94,72.00
64.1920,-0.087668,0.017987,0,94.94,72.00
64.2000,-0.086691,0.018461,0,94.94,72.00
64.2080,-0.088645,0.019258,0,94.94,72.00
64.2160,-0.086691,0.020200,0,94.94,72.00
64.2240,-0.085714,0.020930,0,94.94,72.00
64.2320,-0.085714,0.020936,0,94.94,72.00
64.2400,-0.086203,0.019733,0,94.94,72.00
64.2480,-0.088645,0.017063,0,94.94,72.00
64.2560,-0.094017,0.013064,0,94.94,72.00
64.2640,-0.099389,0.008286,0,94.94,72.00
64.2720,-0.101832,-0.008579,0,94.94,72.00
64.2800,-0.103785,-0.010529,0,94.94,72.00
64.2880,-0.105739,-0.010505,0,94.94,72.00
64.2960,-0.101343,-0.008502,0,94.94,72.00
64.3040,-0.099389,-0.005006,0,94.94,72.00
64.3120,-0.093529,-0.000891,0,94.94,72.00
64.3200,-0.089133,0.002799,0,94.94,72.00
64.3280,-0.086203,0.005159,0,94.94,72.00
64.3360,-0.085714,0.005690,0,94.94,72.00
64.3440,-0.086203,0.004403,0,94.94,72.00
64.3520,-0.090110,0.001731,0,94.94,72.00
64.3600,-0.093040,-0.001716,0,94.94,72.00
64.3680,-0.094994,-0.005447,0,94.94,72.00
64.3760,-0.097924,-0.009266,0,94.94,72.00
64.3840,-0.096947,-0.010142,0,94.94,72.00
64.3920,-0.096459,-0.009801,0,94.94,72.00
64.4000,-0.095971,-0.008392,0,94.94,72.00
64.4080,-0.093529,-0.006127,0,94.94,72.00
64.4160,-0.091575,-0.003316,0,94.94,72.00
64.4240,-0.088156,-0.000425,0,94.94,72.00
64.4320,-0.085714,0.001954,0,94.94,72.00
64.4400,-0.083761,0.003245,0,94.94,72.00
64.4480,-0.084737,0.003084,0,94.94,72.00
64.4560,-0.085714,0.001453,0,94.94,72.00
64.4640,-0.090110,-0.001320,0,94.94,72.00
64.4720,-0.092552,-0.004696,0,94.94,72.00
64.4800,-0.093529,-0.000756,0,94.94,72.00
64.4880,-0.094994,-0.000845,0,94.94,72.00
64.4960,-0.094505,0.000746,0,94.94,72.00
64.5040,-0.090110,0.003822,0,94.94,72.00
64.5120,-0.085714,0.007640,0,94.94,72.00
64.5200,-0.080830,0.011143,0,94.94,72.00
64.5280,-0.078877,0.013372,0,94.94,72.00
64.5360,-0.078877,0.013822,0,94.94,72.00
64.5440,-0.082295,0.012559,0,94.94,72.00
64.5520,-0.084737,0.010046,0,94.94,72.00
64.5600,-0.088156,0.006851,0,94.94,72.00
64.5680,-0.092063,0.003422,0,94.94,72.00
64.5760,-0.094017,-0.000021,0,94.94,72.00
64.5840,-0.094017,-0.008912,0,94.94,72.00
64.5920,-0.090598,-0.006989,0,94.94,72.00
64.6000,-0.085714,-0.003259,0,94.94,72.00
64.6080,-0.080830,0.001706,0,94.94,72.00
64.6160,-0.073504,0.007207,0,94.94,72.00
64.6240,-0.070085,0.012546,0,94.94,72.00
64.6320,-0.065690,0.017032,0,94.94,72.00
64.6400,-0.059829,0.019894,0,94.94,72.00
64.6480,-0.058852,0.020381,0,94.94,72.00
64.6560,-0.061783,0.018104,0,94.94,72.00
64.6640,-0.067155,0.013224,0,94.94,72.00
64.6720,-0.072527,0.006355,0,94.94,72.00
64.6800,-0.080830,-0.001598,0,94.94,72.00
64.6880,-0.086691,-0.029341,0,94.94,72.00
64.6960,-0.089133,-0.032139,0,94.94,72.00
64.7040,-0.085714,-0.032092,0,94.94,72.00
64.7120,-0.078388,-0.030139,0,94.94,72.00
64.7200,-0.072527,-0.027775,0,94.94,72.00
64.7280,-0.069597,-0.026193,0,94.94,72.00
64.7360,-0.070085,-0.025682,0,94.94,72.00
64.7440,-0.071062,-0.025658,0,94.94,72.00
64.7520,-0.070085,-0.025222,0,94.94,72.00
64.7600,-0.065201,-0.023791,0,94.94,72.00
64.7680,-0.059341,-0.021335,0,94.94,72.00
64.7760,-0.054945,-0.018176,0,94.94,72.00
64.7840,-0.049573,-0.014692,0,94.94,72.00
64.7920,-0.041270,-0.009584,0,94.94,72.00
64.8000,-0.035897,-0.003315,0,94.94,72.00
64.8080,-0.026618,0.003740,0,94.94,72.00
64.8160,-0.019780,0.011350,0,94.94,72.00
64.8240,-0.007570,0.018930,0,94.94,72.00
64.8320,-0.002198,0.025586,0,94.94,72.00
64.8400,0.007082,0.030320,0,94.94,72.00
64.8480,0.010012,0.032284,0,94.94,72.00
64.8560,0.010501,0.031042,0,94.94,72.00
64.8640,0.008547,0.026704,0,94.94,72.00
64.8720,0.003663,0.019868,0,94.94,72.00
64.8800,-0.004151,0.011431,0,94.94,72.00
64.8880,-0.008059,0.002271,0,94.94,72.00
64.8960,-0.015385,0.058844,0,94.94,72.00
64.9040,-0.019780,0.055289,0,94.94,72.00
64.9120,-0.021734,0.052904,0,94.94,72.00
64.9200,-0.021734,0.050737,0,94.94,72.00
64.9280,-0.023199,0.047476,0,94.94,72.00
64.9360,-0.030037,0.042209,0,94.94,72.00
64.9440,-0.038828,0.035014,0,94.94,72.00
64.9520,-0.048596,0.027014,0,94.94,72.00
64.9600,-0.058852,0.019990,0,94.94,72.00
64.9680,-0.064713,0.015757,0,94.94,72.00
64.9760,-0.067155,0.015449,0,94.94,72.00
64.9840,-0.063248,0.018979,0,94.94,72.00
64.9920,-0.055433,0.024904,0,94.94,72.00
65.0000,-0.049573,0.021351,0,94.94,72.00
65.0080,-0.046154,0.025335,0,94.94,72.00
65.0160,-0.046642,0.026769,0,94.94,72.00
65.0240,-0.049084,0.025684,0,94.94,72.00
65.0320,-0.054457,0.022924,0,94.94,72.00
65.0400,-0.059341,0.019725,0,94.94,72.00
65.0480,-0.062759,0.017195,0,94.94,72.00
65.0560,-0.064713,0.015915,0,94.94,72.00
65.0640,-0.065690,0.015765,0,94.94,72.00
65.0720,-0.063736,0.016003,0,94.94,72.00
65.0800,-0.063736,0.015666,0,94.94,72.00
65.0880,-0.067155,0.014186,0,94.94,72.00
65.0960,-0.073504,0.011820,0,94.94,72.00
65.1040,-0.080830,-0.042092,0,94.94,72.00
65.1120,-0.088156,-0.050957,0,94.94,72.00
65.1200,-0.097924,-0.059648,0,94.94,72.00
65.1280,-0.106227,-0.066726,0,94.94,72.00
65.1360,-0.112088,-0.070898,0,94.94,72.00
65.1440,-0.113553,-0.071523,0,94.94,72.00
65.1520,-0.107692,-0.068915,0,94.94,72.00
65.1600,-0.102808,-0.064072,0,94.94,72.00
65.1680,-0.100366,-0.057991,0,94.94,72.00
65.1760,-0.094994,-0.051251,0,94.94,72.00
65.1840,-0.089133,-0.044073,0,94.94,72.00
65.1920,-0.084249,-0.036542,0,94.94,72.00
65.2000,-0.076435,-0.028779,0,94.94,72.00
65.2080,-0.070085,-0.023231,0,94.94,72.00
65.2160,-0.064713,-0.016920,0,94.94,72.00
65.2240,-0.057875,-0.011880,0,94.94,72.00
65.2320,-0.054945,-0.008538,0,94.94,72.00
65.2400,-0.054945,-0.006948,0,94.94,72.00
65.2480,-0.054457,-0.006758,0,94.94,72.00
65.2560,-0.054945,-0.007395,0,94.94,72.00
65.2640,-0.055433,-0.008279,0,94.94,72.00
65.2720,-0.054457,-0.008943,0,94.94,72.00
65.2800,-0.053480,-0.009057,0,94.94,72.00
65.2880,-0.053968,-0.008409,0,94.94,72.00
65.2960,-0.051038,-0.006974,0,94.94,72.00
65.3040,-0.048107,-0.005038,0,94.94,72.00
65.3120,-0.041270,-0.717174,0,94.94,72.00
65.3200,-0.034432,-0.740931,0,94.94,72.00
65.3280,-0.022222,-0.763908,0,94.94,72.00
65.3360,-0.008059,-0.786495,0,94.94,72.00
65.3440,0.008059,-0.808164,0,94.94,72.00
65.3520,0.026618,-0.826268,0,94.94,72.00
65.3600,0.046642,-0.835109,0,94.94,72.00
65.3680,0.078877,-0.826260,0,94.94,72.00
65.3760,0.139927,-0.790719,0,94.94,72.00
65.3840,0.238095,-0.722175,0,94.94,72.00
65.3920,0.370940,-0.619778,0,94.94,72.00
65.4000,0.531624,-0.489419,0,94.94,72.00
65.4080,0.719658,-0.343354,0,94.94,72.00
65.4160,0.969231,0.846439,0,94.94,72.00
65.4240,1.000000,0.921929,0,94.94,72.00
65.4320,1.000000,0.973328,1,94.94,72.00
65.4400,1.000000,1.000000,1,94.94,72.00
65.4480,1.000000,0.998944,1,94.94,72.00
65.4560,1.000000,0.964377,0,94.94,72.00
65.4640,0.749939,0.894474,0,94.94,72.00
65.4720,0.461294,0.797728,0,94.94,72.00
65.4800,0.171673,0.691604,0,94.94,72.00
65.4880,-0.102320,0.595488,0,94.94,72.00
65.4960,-0.320147,0.523438,0,94.94,72.00
65.5040,-0.447131,0.478827,0,94.94,72.00
65.5120,-0.488645,0.452479,0,94.94,72.00
65.5200,-0.445665,-0.280192,0,94.94,72.00
65.5280,-0.335775,-0.187124,0,94.94,72.00
65.5360,-0.186813,-0.062968,0,94.94,72.00
65.5440,-0.038828,0.064238,0,94.94,72.00
65.5520,0.078388,0.169267,0,94.94,72.00
65.5600,0.145299,0.234707,0,94.94,72.00
65.5680,0.152137,0.253855,0,94.94,72.00
65.5760,0.109646,0.230959,0,94.94,72.00
65.5840,0.028571,0.178870,0,94.94,72.00
65.5920,-0.070085,0.114582,0,94.94,72.00
65.6000,-0.156044,0.053352,0,94.94,72.00
65.6080,-0.210745,0.003098,0,94.94,72.00
65.6160,-0.231746,-0.038102,0,94.94,72.00
65.6240,-0.216117,-0.287668,0,94.94,72.00
65.6320,-0.179976,-0.268191,0,94.94,72.00
65.6400,-0.142857,-0.240867,0,94.94,72.00
65.6480,-0.115018,-0.216258,0,94.94,72.00
65.6560,-0.099878,-0.201057,0,94.94,72.00
65.6640,-0.097924,-0.197084,0,94.94,72.00
65.6720,-0.104762,-0.201753,0,94.94,72.00
65.6800,-0.117949,-0.209359,0,94.94,72.00
65.6880,-0.131624,-0.212884,0,94.94,72.00
65.6960,-0.133089,-0.206207,0,94.94,72.00
65.7040,-0.121856,-0.186191,0,94.94,72.00
65.7120,-0.101343,-0.153848,0,94.94,72.00
65.7200,-0.075458,-0.114145,0,94.94,72.00
65.7280,-0.054457,-0.133442,0,94.94,72.00
65.7360,-0.038828,-0.102787,0,94.94,72.00
65.7440,-0.034432,-0.081235,0,94.94,72.00
65.7520,-0.040293,-0.071563,0,94.94,72.00
65.7600,-0.061783,-0.074043,0,94.94,72.00
65.7680,-0.090598,-0.086116,0,94.94,72.00
65.7760,-0.123321,-0.102668,0,94.94,72.00
65.7840,-0.141880,-0.117229,0,94.94,72.00
65.7920,-0.148718,-0.123703,0,94.94,72.00
65.8000,-0.136020,-0.118021,0,94.94,72.00
65.8080,-0.099878,-0.099315,0,94.94,72.00
65.8160,-0.048107,-0.070117,0,94.94,72.00
65.8240,-0.000733,-0.035298,0,94.94,72.00
65.8320,0.030525,0.141109,0,94.94,72.00
65.8400,0.023687,0.137395,0,94.94,72.00
65.8480,-0.012943,0.111610,0,94.94,72.00
65.8560,-0.069597,0.069757,0,94.94,72.00
65.8640,-0.132112,0.021897,0,94.94,72.00
65.8720,-0.186813,-0.021325,0,94.94,72.00
65.8800,-0.221001,-0.051726,0,94.94,72.00
65.8880,-0.236630,-0.065240,0,94.94,72.00
65.8960,-0.229792,-0.061861,0,94.94,72.00
65.9040,-0.212210,-0.044332,0,94.94,72.00
65.9120,-0.185348,-0.016487,0,94.94,72.00
65.9200,-0.153602,0.017911,0,94.94,72.00
65.9280,-0.117460,0.055482,0,94.94,72.00
65.9360,-0.092063,-0.032501,0,94.94,72.00
65.9440,-0.071551,-0.017642,0,94.94,72.00
65.9520,-0.065690,-0.011943,0,94.94,72.00
65.9600,-0.069597,-0.014488,0,94.94,72.00
65.9680,-0.076923,-0.022656,0,94.94,72.00
65.9760,-0.085714,-0.032923,0,94.94,72.00
65.9840,-0.094994,-0.041649,0,94.94,72.00
65.9920,-0.100855,-0.045875,0,94.94,72.00
66.0000,-0.091575,-0.044227,0,94.94,72.00
66.0080,-0.076923,-0.037317,0,94.94,72.00
66.0160,-0.062271,-0.027085,0,94.94,72.00
66.0240,-0.047131,-0.015535,0,94.94,72.00
66.0320,-0.039316,-0.003805,0,94.94,72.00
66.0400,-0.038828,0.062068,0,94.94,72.00
66.0480,-0.039805,0.062443,0,94.94,72.00
66.0560,-0.049084,0.062451,0,94.94,72.00
66.0640,-0.054457,0.065956,0,94.94,72.00
66.0720,-0.047619,0.075671,0,94.94,72.00
66.0800,-0.030037,0.091224,0,94.94,72.00
66.0880,-0.000733,0.108528,0,94.94,72.00
66.0960,0.023199,0.121245,0,94.94,72.00
66.1040,0.023687,0.123728,0,94.94,72.00
66.1120,0.007570,0.113533,0,94.94,72.00
66.1200,-0.022711,0.091830,0,94.94,72.00
66.1280,-0.055433,0.062052,0,94.94,72.00
66.1360,-0.090598,0.028284,0,94.94,72.00
66.1440,-0.115507,-0.041926,0,94.94,72.00
66.1520,-0.120391,-0.050349,0,94.94,72.00
66.1600,-0.110623,-0.044818,0,94.94,72.00
66.1680,-0.087668,-0.026085,0,94.94,72.00
66.1760,-0.057875,0.003488,0,94.94,72.00
66.1840,-0.022711,0.040261,0,94.94,72.00
66.1920,0.023199,0.078859,0,94.94,72.00
66.2000,0.065690,0.111754,0,94.94,72.00
66.2080,0.101343,0.130079,0,94.94,72.00
66.2160,0.109158,0.126063,0,94.94,72.00
66.2240,0.082784,0.096229,0,94.94,72.00
66.2320,0.025641,0.043610,0,94.94,72.00
66.2400,-0.049084,-0.022351,0,94.94,72.00
66.2480,-0.124786,-0.170038,0,94.94,60.71
66.2560,-0.181929,-0.224815,0,94.94,60.71
66.2640,-0.207814,-0.257361,0,94.94,60.71
66.2720,-0.201954,-0.264709,0,94.94,60.71
66.2800,-0.172161,-0.250172,0,94.94,60.71
66.2880,-0.125275,-0.221468,0,94.94,60.71
66.2960,-0.079365,-0.187814,0,94.94,60.71
66.3040,-0.039316,-0.157093,0,94.94,60.71
66.3120,-0.015385,-0.134117,0,94.94,60.71
66.3200,0.003663,-0.120510,0,94.94,60.71
66.3280,0.017338,-0.115651,0,94.94,60.71
66.3360,0.023687,-0.117547,0,94.94,60.71
66.3440,0.022222,-0.123173,0,94.94,60.71
66.3520,0.010501,-0.015441,0,94.94,60.71
66.3600,-0.007082,-0.033374,0,94.94,60.71
66.3680,-0.023199,-0.053196,0,94.94,60.71
66.3760,-0.039805,-0.071977,0,94.94,60.71
66.3840,-0.055433,-0.087053,0,94.94,60.71
66.3920,-0.062759,-0.096527,0,94.94,60.71
66.4000,-0.059341,-0.099699,0,94.94,60.71
66.4080,-0.052991,-0.096915,0,94.94,60.71
66.4160,-0.046642,-0.088887,0,94.94,60.71
66.4240,-0.032967,-0.076336,0,94.94,60.71
66.4320,-0.010989,-0.060282,0,94.94,60.71
66.4400,0.018803,-0.042164,0,94.94,60.71
66.4480,0.036874,-0.023294,0,94.94,60.71
66.4560,0.040293,0.104312,0,94.94,60.71
66.4640,0.030037,0.095918,0,94.94,60.71
66.4720,0.008059,0.077889,0,94.94,60.71
66.4800,-0.021734,0.055116,0,94.94,60.71
66.4880,-0.046642,0.033783,0,94.94,60.71
66.4960,-0.070085,0.019625,0,94.94,60.71
66.5040,-0.082295,0.016170,0,94.94,60.71
66.5120,-0.076435,0.023181,0,94.94,60.71
66.5200,-0.057387,0.036195,0,94.94,60.71
66.5280,-0.039316,0.048162,0,94.94,60.71
66.5360,-0.035409,0.052823,0,94.94,60.71
66.5440,-0.047131,0.047956,0,94.94,60.71
66.5520,-0.071551,0.036550,0,94.94,60.71
66.5600,-0.106227,-0.005246,0,94.94,60.71
66.5680,-0.141392,-0.033132,0,94.94,60.71
66.5760,-0.163858,-0.053450,0,94.94,60.71
66.5840,-0.168742,-0.061605,0,94.94,60.71
66.5920,-0.156044,-0.057214,0,94.94,60.71
66.6000,-0.139927,-0.043635,0,94.94,60.71
66.6080,-0.121368,-0.026255,0,94.94,60.71
66.6160,-0.104274,-0.010624,0,94.94,60.71
66.6240,-0.098901,-0.000954,0,94.94,60.71
66.6320,-0.101832,0.000802,0,94.94,60.71
66.6400,-0.115507,-0.004955,0,94.94,60.71
66.6480,-0.131624,-0.016171,0,94.94,60.71
66.6560,-0.147253,-0.030116,0,94.94,60.71
66.6640,-0.160928,-0.135504,0,94.94,60.71
66.6720,-0.170696,-0.144043,0,94.94,60.71
66.6800,-0.171673,-0.144181,0,94.94,60.71
66.6880,-0.157509,-0.135458,0,94.94,60.71
66.6960,-0.133089,-0.119770,0,94.94,60.71
66.7040,-0.106227,-0.100689,0,94.94,60.71
66.7120,-0.085714,-0.081990,0,94.94,60.71
66.7200,-0.070574,-0.066453,0,94.94,60.71
66.7280,-0.059829,-0.055659,0,94.94,60.71
66.7360,-0.051038,-0.050519,0,94.94,60.71
66.7440,-0.044200,-0.051584,0,94.94,60.71
66.7520,-0.048596,-0.058516,0,94.94,60.71
66.7600,-0.066667,-0.069209,0,94.94,60.71
66.7680,-0.094017,0.052429,0,94.94,60.71
66.7760,-0.132112,0.030234,0,94.94,60.71
66.7840,-0.163858,0.015884,0,94.94,60.71
66.7920,-0.171673,0.015879,0,94.94,60.71
66.8000,-0.149695,0.031637,0,94.94,60.71
66.8080,-0.116484,0.058352,0,94.94,60.71
66.8160,-0.080830,0.086808,0,94.94,60.71
66.8240,-0.054457,0.106960,0,94.94,60.71
66.8320,-0.054457,0.111715,0,94.94,60.71
66.8400,-0.083272,0.099382,0,94.94,60.71
66.8480,-0.125275,0.073389,0,94.94,60.71
66.8560,-0.166789,0.039453,0,94.94,60.71
66.8640,-0.194139,0.002439,0,94.94,60.71
66.8720,-0.196093,0.125438,0,94.94,65.79
66.8800,-0.162393,0.168667,0,94.94,65.79
66.8880,-0.087668,0.232028,0,94.94,65.79
66.8960,-0.006593,0.299434,0,94.94,65.79
66.9040,0.056899,0.351173,0,94.94,65.79
66.9120,0.072527,0.371333,1,94.94,65.79
66.9200,0.039805,0.353871,1,94.94,65.79
66.9280,-0.034432,0.304777,0,94.94,65.79
66.9360,-0.133089,0.239661,0,94.94,65.79
66.9440,-0.221978,0.177621,0,94.94,65.79
66.9520,-0.281074,0.133544,0,94.94,65.79
66.9600,-0.299634,0.112037,0,94.94,65.79
66.9680,-0.287424,0.105827,0,94.94,65.79
66.9760,-0.250305,-0.142931,0,94.94,65.79
66.9840,-0.195604,-0.101740,0,94.94,65.79
66.9920,-0.148230,-0.058409,0,94.94,65.79
67.0000,-0.112088,-0.022341,0,94.94,65.79
67.0080,-0.092552,0.001229,0,94.94,65.79
67.0160,-0.085714,0.011339,0,94.94,65.79
67.0240,-0.090110,0.010261,0,94.94,65.79
67.0320,-0.100366,0.002067,0,94.94,65.79
67.0400,-0.113553,-0.008732,0,94.94,65.79
67.0480,-0.123810,-0.018288,0,94.94,65.79
67.0560,-0.131624,-0.024200,0,94.94,65.79
67.0640,-0.132601,-0.025980,0,94.94,65.79
67.0720,-0.126252,-0.025089,0,94.94,65.79
67.0800,-0.113065,0.010420,0,94.94,65.79
67.0880,-0.091087,0.028786,0,94.94,65.79
67.0960,-0.070085,0.047840,0,94.94,65.79
67.1040,-0.049573,0.063324,0,94.94,65.79
67.1120,-0.038339,0.071391,0,94.94,65.79
67.1200,-0.039316,0.069907,0,94.94,65.79
67.1280,-0.055433,0.059455,0,94.94,65.79
67.1360,-0.076923,0.043429,0,94.94,65.79
67.1440,-0.101343,0.026988,0,94.94,65.79
67.1520,-0.116484,0.015223,0,94.94,65.79
67.1600,-0.117460,0.011260,0,94.94,65.79
67.1680,-0.110623,0.015132,0,94.94,65.79
67.1760,-0.093529,0.023848,0,94.94,65.79
67.1840,-0.074969,0.101731,0,94.94,65.79
67.1920,-0.055433,0.122792,0,94.94,65.79
67.2000,-0.042247,0.138832,0,94.94,65.79
67.2080,-0.038828,0.145223,0,94.94,65.79
67.2160,-0.048596,0.139175,0,94.94,65.79
67.2240,-0.076435,0.121046,0,94.94,65.79
67.2320,-0.115995,0.094888,0,94.94,65.79
67.2400,-0.155556,0.067473,0,94.94,65.79
67.2480,-0.181929,0.045960,0,94.94,65.79
67.2560,-0.192674,0.035365,0,94.94,65.79
67.2640,-0.183883,0.037085,0,94.94,65.79
67.2720,-0.169719,0.048977,0,94.94,65.79
67.2800,-0.151160,0.066511,0,94.94,65.79
67.2880,-0.135531,-0.052020,0,94.94,65.79
67.2960,-0.126252,-0.044153,0,94.94,65.79
67.3040,-0.123321,-0.040805,0,94.94,65.79
67.3120,-0.125275,-0.040999,0,94.94,65.79
67.3200,-0.131624,-0.042141,0,94.94,65.79
67.3280,-0.133089,-0.041220,0,94.94,65.79
67.3360,-0.129182,-0.036313,0,94.94,65.79
67.3440,-0.114042,-0.027718,0,94.94,65.79
67.3520,-0.096947,-0.017981,0,94.94,65.79
67.3600,-0.083272,-0.010668,0,94.94,65.79
67.3680,-0.077900,-0.008519,0,94.94,65.79
67.3760,-0.084249,-0.012027,0,94.94,65.79
67.3840,-0.094017,-0.019172,0,94.94,65.79
67.3920,-0.102320,0.083307,0,94.94,65.79
67.4000,-0.102808,0.091750,0,94.94,65.79
67.4080,-0.089621,0.110696,0,94.94,65.79
67.4160,-0.066667,0.139637,0,94.94,65.79
67.4240,-0.030525,0.173969,0,94.94,65.79
67.4320,0.007570,0.205789,0,94.94,65.79
67.4400,0.030525,0.226305,0,94.94,65.79
67.4480,0.030525,0.229054,0,94.94,65.79
67.4560,0.005128,0.212334,0,94.94,65.79
67.4640,-0.045177,0.179616,0,94.94,65.79
67.4720,-0.101343,0.137564,0,94.94,65.79
67.4800,-0.154579,0.092511,0,94.94,65.79
67.4880,-0.187302,0.047569,0,94.94,65.79
67.4960,-0.191697,-0.070932,0,94.94,65.79
67.5040,-0.176068,-0.064456,0,94.94,65.79
67.5120,-0.151160,-0.049066,0,94.94,65.79
67.5200,-0.132112,-0.033696,0,94.94,65.79
67.5280,-0.120391,-0.025433,0,94.94,65.79
67.5360,-0.129182,-0.027082,0,94.94,65.79
67.5440,-0.146764,-0.036640,0,94.94,65.79
67.5520,-0.162882,-0.048859,0,94.94,65.79
67.5600,-0.172161,-0.057896,0,94.94,65.79
67.5680,-0.171184,-0.059606,0,94.94,65.79
67.5760,-0.157998,-0.052699,0,94.94,65.79
67.5840,-0.138950,-0.038627,0,94.94,65.79
67.5920,-0.119902,-0.020616,0,94.94,65.79
67.6000,-0.107692,-0.009237,0,94.94,65.79
67.6080,-0.104274,-0.003561,0,94.94,65.79
67.6160,-0.106716,-0.003041,0,94.94,65.79
67.6240,-0.111600,-0.006099,0,94.94,65.79
67.6320,-0.117460,-0.010527,0,94.94,65.79
67.6400,-0.118437,-0.014474,0,94.94,65.79
67.6480,-0.119414,-0.016923,0,94.94,65.79
67.6560,-0.119414,-0.017611,0,94.94,65.79
67.6640,-0.117949,-0.016676,0,94.94,65.79
67.6720,-0.116972,-0.014359,0,94.94,65.79
67.6800,-0.114530,-0.010882,0,94.94,65.79
67.6880,-0.110134,-0.006503,0,94.94,65.79
67.6960,-0.104762,-0.001622,0,94.94,65.79
67.7040,-0.101343,-0.054747,0,94.94,65.79
67.7120,-0.096947,-0.051258,0,94.94,65.79
67.7200,-0.088645,-0.047490,0,94.94,65.79
67.7280,-0.082784,-0.044083,0,94.94,65.79
67.7360,-0.079365,-0.041667,0,94.94,65.79
67.7440,-0.078388,-0.040396,0,94.94,65.79
67.7520,-0.079365,-0.039718,0,94.94,65.79
67.7600,-0.083272,-0.038558,0,94.94,65.79
67.7680,-0.078877,-0.035992,0,94.94,65.79
67.7760,-0.070085,-0.032004,0,94.94,65.79
67.7840,-0.055433,-0.027576,0,94.94,65.79
67.7920,-0.045177,-0.023843,0,94.94,65.79
67.8000,-0.043223,-0.021019,0,94.94,65.79
67.8080,-0.054457,0.045151,0,94.94,65.79
67.8160,-0.078388,0.021495,0,94.94,65.79
67.8240,-0.113553,-0.009416,0,94.94,65.79
67.8320,-0.150183,-0.042375,0,94.94,65.79
67.8400,-0.182418,-0.071379,0,94.94,65.79
67.8480,-0.202930,-0.091299,0,94.94,65.79
67.8560,-0.209768,-0.099241,0,94.94,65.79
67.8640,-0.199512,-0.095219,0,94.94,65.79
67.8720,-0.179487,-0.081835,0,94.94,65.79
67.8800,-0.157021,-0.063043,0,94.94,65.79
67.8880,-0.133578,-0.042554,0,94.94,65.79
67.8960,-0.115507,-0.022620,0,94.94,65.79
67.9040,-0.101343,-0.003602,0,94.94,65.79
67.9120,-0.094505,0.007298,0,94.94,65.79
67.9200,-0.094017,0.008473,0,94.94,65.79
67.9280,-0.101343,0.006004,0,94.94,65.79
67.9360,-0.106716,0.002654,0,94.94,65.79
67.9440,-0.109158,0.000738,0,94.94,65.79
67.9520,-0.105250,0.001191,0,94.94,65.79
67.9600,-0.098413,0.003422,0,94.94,65.79
67.9680,-0.093040,0.006018,0,94.94,65.79
67.9760,-0.094017,0.007759,0,94.94,65.79
67.9840,-0.094994,0.008124,0,94.94,65.79
67.9920,-0.094505,0.007100,0,94.94,65.79
68.0000,-0.094994,0.004894,0,94.94,65.79
68.0080,-0.099878,0.001954,0,94.94,65.79
68.0160,-0.100366,-0.010061,0,94.94,65.79
68.0240,-0.098413,-0.008348,0,94.94,65.79
68.0320,-0.093040,-0.005191,0,94.94,65.79
68.0400,-0.086691,-0.001883,0,94.94,65.79
68.0480,-0.083272,0.000016,0,94.94,65.79
68.0560,-0.084249,-0.000572,0,94.94,65.79
68.0640,-0.087179,-0.003753,0,94.94,65.79
68.0720,-0.093040,-0.008574,0,94.94,65.79
68.0800,-0.100366,-0.013255,0,94.94,65.79
68.0880,-0.105739,-0.015748,0,94.94,65.79
68.0960,-0.106716,-0.014545,0,94.94,65.79
68.1040,-0.101832,-0.009434,0,94.94,65.79
68.1120,-0.090598,-0.001810,0,94.94,65.79
68.1200,-0.077411,0.072428,0,94.94,65.79
68.1280,-0.062759,0.083839,0,94.94,65.79
68.1360,-0.054457,0.093319,0,94.94,65.79
68.1440,-0.048596,0.099415,0,94.94,65.79
68.1520,-0.044689,0.101148,0,94.94,65.79
68.1600,-0.050061,0.098140,0,94.94,65.79
68.1680,-0.062759,0.090845,0,94.94,65.79
68.1760,-0.079853,0.080603,0,94.94,65.79
68.1840,-0.100366,0.069354,0,94.94,65.79
68.1920,-0.118437,0.059113,0,94.94,65.79
68.2000,-0.134554,0.051364,0,94.94,65.79
68.2080,-0.145788,0.046526,0,94.94,65.79
68.2160,-0.147741,0.043664,0,94.94,65.79
68.2240,-0.140415,-0.049099,0,94.94,68.67
68.2320,-0.132112,-0.038868,0,94.94,68.67
68.2400,-0.116972,-0.024805,0,94.94,68.67
68.2480,-0.097924,-0.009715,0,94.94,68.67
68.2560,-0.081807,0.003329,0,94.94,68.67
68.2640,-0.071551,0.011858,0,94.94,68.67
68.2720,-0.070574,0.014847,0,94.94,68.67
68.2800,-0.074969,0.012966,0,94.94,68.67
68.2880,-0.083272,0.008073,0,94.94,68.67
68.2960,-0.088645,0.002212,0,94.94,68.67
68.3040,-0.092063,-0.003263,0,94.94,68.67
68.3120,-0.094017,-0.007964,0,94.94,68.67
68.3200,-0.097924,-0.012166,0,94.94,68.67
68.3280,-0.096459,-0.030077,0,94.94,70.59
68.3360,-0.094017,-0.028990,0,94.94,70.59
68.3440,-0.090110,-0.026392,0,94.94,70.59
68.3520,-0.084737,-0.022815,0,94.94,70.59
68.3600,-0.078877,-0.018716,0,94.94,70.59
68.3680,-0.076435,-0.014309,0,94.94,70.59
68.3760,-0.071062,-0.009665,0,94.94,70.59
68.3840,-0.065201,-0.005066,0,94.94,70.59
68.3920,-0.057875,-0.001282,0,94.94,70.59
68.4000,-0.053480,0.000530,0,94.94,70.59
68.4080,-0.048596,-0.000701,0,94.94,70.59
68.4160,-0.052503,-0.005242,0,94.94,70.59
68.4240,-0.062759,-0.012002,0,94.94,70.59
68.4320,-0.076923,-0.008988,0,94.94,70.59
68.4400,-0.090110,-0.019421,0,94.94,70.59
68.4480,-0.098901,-0.026138,0,94.94,70.59
68.4560,-0.099878,-0.027343,0,94.94,70.59
68.4640,-0.093040,-0.022954,0,94.94,70.59
68.4720,-0.082295,-0.014554,0,94.94,70.59
68.4800,-0.069109,-0.004745,0,94.94,70.59
68.4880,-0.059829,0.003736,0,94.94,70.59
68.4960,-0.052991,0.008765,0,94.94,70.59
68.5040,-0.051526,0.009205,0,94.94,70.59
68.5120,-0.052991,0.004964,0,94.94,70.59
68.5200,-0.058852,-0.003091,0,94.94,70.59
68.5280,-0.068132,-0.013296,0,94.94,70.59
68.5360,-0.073993,-0.038850,0,94.94,70.59
68.5440,-0.079365,-0.048143,0,94.94,70.59
68.5520,-0.085226,-0.055678,0,94.94,70.59
68.5600,-0.088645,-0.060783,0,94.94,70.59
68.5680,-0.088645,-0.063039,0,94.94,70.59
68.5760,-0.085714,-0.062349,0,94.94,70.59
68.5840,-0.082295,-0.058952,0,94.94,70.59
68.5920,-0.072039,-0.053462,0,94.94,70.59
68.6000,-0.062759,-0.046823,0,94.94,70.59
68.6080,-0.053480,-0.040083,0,94.94,70.59
68.6160,-0.043712,-0.034109,0,94.94,70.59
68.6240,-0.033944,-0.029328,0,94.94,70.59
68.6320,-0.031013,-0.025468,0,94.94,70.59
68.6400,-0.027595,-0.038013,0,94.94,70.59
68.6480,-0.023199,-0.038013,0,94.94,70.59
68.6560,-0.020757,-0.038389,0,94.94,70.59
68.6640,-0.016850,-0.038734,0,94.94,70.59
68.6720,-0.011477,-0.038733,0,94.94,70.59
68.6800,-0.008547,-0.037980,0,94.94,70.59
68.6880,-0.007570,-0.035913,0,94.94,70.59
68.6960,-0.000244,-0.032208,0,94.94,70.59
68.7040,0.010989,-0.027343,0,94.94,70.59
68.7120,0.023687,-0.022557,0,94.94,70.59
68.7200,0.029060,-0.019064,0,94.94,70.59
68.7280,0.032479,-0.017250,0,94.94,70.59
68.7360,0.036386,-0.016561,0,94.94,70.59
68.7440,0.033455,0.058140,0,94.94,70.59
68.7520,0.029060,0.054823,0,94.94,70.59
68.7600,0.025153,0.051045,0,94.94,70.59
68.7680,0.024664,0.047674,0,94.94,70.59
68.7760,0.023687,0.044923,0,94.94,70.59
68.7840,0.023687,0.042521,0,94.94,70.59
68.7920,0.022711,0.040131,0,94.94,70.59
68.8000,0.016850,0.037711,0,94.94,70.59
68.8080,0.013919,0.035459,0,94.94,70.59
68.8160,0.013919,0.033383,0,94.94,70.59
68.8240,0.014896,0.031064,0,94.94,70.59
68.8320,0.014896,0.028019,0,94.94,70.59
68.8400,0.008059,0.024300,0,94.94,70.59
68.8480,-0.007082,0.045382,0,94.94,70.59
68.8560,-0.023687,0.030894,0,94.94,70.59
68.8640,-0.041270,0.015207,0,94.94,70.59
68.8720,-0.055922,0.000415,0,94.94,70.59
68.8800,-0.069597,-0.011765,0,94.94,70.59
68.8880,-0.077411,-0.020285,0,94.94,70.59
68.8960,-0.080342,-0.024818,0,94.94,70.59
68.9040,-0.083272,-0.025559,0,94.94,70.59
68.9120,-0.082295,-0.022972,0,94.94,70.59
68.9200,-0.076923,-0.017732,0,94.94,70.59
68.9280,-0.070574,-0.010688,0,94.94,70.59
68.9360,-0.064713,-0.002644,0,94.94,70.59
68.9440,-0.058852,0.005830,0,94.94,70.59
68.9520,-0.053968,-0.011470,0,94.94,70.59
68.9600,-0.045665,-0.004377,0,94.94,70.59
68.9680,-0.038828,0.000979,0,94.94,70.59
68.9760,-0.037363,0.003497,0,94.94,70.59
68.9840,-0.038828,0.002571,0,94.94,70.59
68.9920,-0.043712,-0.001557,0,94.94,70.59
69.0000,-0.053968,-0.007699,0,94.94,70.59
69.0080,-0.063736,-0.013965,0,94.94,70.59
69.0160,-0.070085,-0.018337,0,94.94,70.59
69.0240,-0.074481,-0.019279,0,94.94,70.59
69.0320,-0.073016,-0.016125,0,94.94,70.59
69.0400,-0.070085,-0.009275,0,94.94,70.59
69.0480,-0.060317,-0.000205,0,94.94,70.59
69.0560,-0.053480,-0.003346,0,94.94,70.59
69.0640,-0.045177,0.005053,0,94.94,70.59
69.0720,-0.041270,0.011395,0,94.94,70.59
69.0800,-0.039805,0.015078,0,94.94,70.59
69.0880,-0.042247,0.016226,0,94.94,70.59
69.0960,-0.045665,0.015474,0,94.94,70.59
69.1040,-0.049084,0.013638,0,94.94,70.59
69.1120,-0.054457,0.011439,0,94.94,70.59
69.1200,-0.056410,0.009368,0,94.94,70.59
69.1280,-0.061294,0.007685,0,94.94,70.59
69.1360,-0.065201,0.006497,0,94.94,70.59
69.1440,-0.067155,0.005768,0,94.94,70.59
69.1520,-0.069597,0.005308,0,94.94,70.59
69.1600,-0.072527,-0.367811,0,94.94,70.59
69.1680,-0.079853,-0.390333,0,94.94,70.59
69.1760,-0.086691,-0.415864,0,94.94,70.59
69.1840,-0.096947,-0.443315,0,94.94,70.59
69.1920,-0.106716,-0.470043,0,94.94,70.59
69.2000,-0.114530,-0.491796,0,94.94,70.59
69.2080,-0.109646,-0.503246,0,94.94,70.59
69.2160,-0.090598,-0.499026,0,94.94,70.59
69.2240,-0.050061,-0.474985,0,94.94,70.59
69.2320,0.017827,-0.429271,0,94.94,70.59
69.2400,0.100855,-0.362882,0,94.94,70.59
69.2480,0.196093,-0.279828,0,94.94,70.59
69.2560,0.320635,-0.187343,0,94.94,70.59
69.2640,0.456899,0.526098,0,94.94,70.59
69.2720,0.604396,0.653182,0,94.94,70.59
69.2800,0.765079,0.776881,0,94.94,70.59
69.2880,0.925763,0.883694,0,94.94,70.59
69.2960,1.000000,0.960854,1,94.94,70.59
69.3040,1.000000,1.000000,1,94.94,70.59
69.3120,1.000000,0.997020,1,94.94,70.59
69.3200,0.982906,0.950783,0,94.94,70.59
69.3280,0.798291,0.865421,0,94.94,70.59
69.3360,0.600488,0.752177,0,94.94,70.59
69.3440,0.420757,0.625095,0,94.94,70.59
69.3520,0.242491,0.494424,0,94.94,70.59
69.3600,0.075946,0.364118,0,94.94,70.59
69.3680,-0.076923,-0.144011,0,94.94,70.59
69.3760,-0.192674,-0.256744,0,94.94,70.59
69.3840,-0.265934,-0.329115,0,94.94,70.59
69.3920,-0.294261,-0.360626,0,94.94,70.59
69.4000,-0.283516,-0.355970,0,94.94,70.59
69.4080,-0.250305,-0.324295,0,94.94,70.59
69.4160,-0.189744,-0.277602,0,94.94,70.59
69.4240,-0.135531,-0.228433,0,94.94,70.59
69.4320,-0.093040,-0.187203,0,94.94,70.59
69.4400,-0.064713,-0.160272,0,94.94,70.59
69.4480,-0.052503,-0.149354,0,94.94,70.59
69.4560,-0.054457,-0.151878,0,94.94,70.59
69.4640,-0.065690,-0.161905,0,94.94,70.59
69.4720,-0.080342,-0.063607,0,94.94,70.59
69.4800,-0.094017,-0.078225,0,94.94,70.59
69.4880,-0.107692,-0.091790,0,94.94,70.59
69.4960,-0.117460,-0.102508,0,94.94,70.59
69.5040,-0.123810,-0.109520,0,94.94,70.59
69.5120,-0.125763,-0.112663,0,94.94,70.59
69.5200,-0.124786,-0.112194,0,94.94,70.59
69.5280,-0.121856,-0.108498,0,94.94,70.59
69.5360,-0.117949,-0.101865,0,94.94,70.59
69.5440,-0.114530,-0.092442,0,94.94,70.59
69.5520,-0.109646,-0.080381,0,94.94,70.59
69.5600,-0.105739,-0.066115,0,94.94,70.59
69.5680,-0.102808,-0.050519,0,94.94,70.59
69.5760,-0.101832,-0.237041,0,94.94,70.59
69.5840,-0.101832,-0.225718,0,94.94,70.59
69.5920,-0.100855,-0.211112,0,94.94,70.59
69.6000,-0.097924,-0.193393,0,94.94,70.59
69.6080,-0.096947,-0.173340,0,94.94,70.59
69.6160,-0.092063,-0.152364,0,94.94,70.59
69.6240,-0.085714,-0.132413,0,94.94,70.59
69.6320,-0.085226,-0.115507,0,94.94,70.59
69.6400,-0.084249,-0.103126,0,94.94,70.59
69.6480,-0.083272,-0.095961,0,94.94,70.59
69.6560,-0.084249,-0.093917,0,94.94,70.59
69.6640,-0.085226,-0.096073,0,94.94,70.59
69.6720,-0.087179,-0.100680,0,94.94,70.59
69.6800,-0.093529,0.002810,0,94.94,68.67
69.6880,-0.098901,-0.005322,0,94.94,68.67
69.6960,-0.101343,-0.013217,0,94.94,68.67
69.7040,-0.104762,-0.019232,0,94.94,68.67
69.7120,-0.102808,-0.022212,0,94.94,68.67
69.7200,-0.099389,-0.021729,0,94.94,68.67
69.7280,-0.094017,-0.018190,0,94.94,68.67
69.7360,-0.085714,-0.012751,0,94.94,68.67
69.7440,-0.078877,-0.007057,0,94.94,68.67
69.7520,-0.073016,-0.002791,0,94.94,68.67
69.7600,-0.070085,-0.001131,0,94.94,68.67
69.7680,-0.071551,-0.002274,0,94.94,68.67
69.7760,-0.076923,-0.005241,0,94.94,68.67
69.7840,-0.085714,0.011391,0,94.94,68.67
69.7920,-0.090110,0.005627,0,94.94,68.67
69.8000,-0.094017,0.001154,0,94.94,68.67
69.8080,-0.095971,-0.001103,0,94.94,68.67
69.8160,-0.096459,-0.000848,0,94.94,68.67
69.8240,-0.089133,0.001468,0,94.94,68.67
69.8320,-0.085714,0.004769,0,94.94,68.67
69.8400,-0.079853,0.007786,0,94.94,68.67
69.8480,-0.078388,0.009521,0,94.94,68.67
69.8560,-0.078388,0.009488,0,94.94,68.67
69.8640,-0.079365,0.007720,0,94.94,68.67
69.8720,-0.082784,0.004628,0,94.94,68.67
69.8800,-0.085714,0.000832,0,94.94,68.67
69.8880,-0.085714,0.003434,0,94.94,68.67
69.8960,-0.084249,0.003789,0,94.94,68.67
69.9040,-0.080342,0.004839,0,94.94,68.67
69.9120,-0.077900,0.005868,0,94.94,68.67
69.9200,-0.078388,0.006391,0,94.94,68.67
69.9280,-0.078877,0.006418,0,94.94,68.67
69.9360,-0.080830,0.006318,0,94.94,68.67
69.9440,-0.080342,0.006444,0,94.94,68.67
69.9520,-0.079365,0.006783,0,94.94,68.67
69.9600,-0.075458,0.006915,0,94.94,68.67
69.9680,-0.076923,0.006358,0,94.94,68.67
69.9760,-0.079365,0.004988,0,94.94,68.67
69.9840,-0.080830,0.003101,0,94.94,68.67
69.9920,-0.077411,-0.009398,0,94.94,68.67
70.0000,-0.072527,-0.006625,0,94.94,68.67
70.0080,-0.067155,-0.002543,0,94.94,68.67
70.0160,-0.060806,0.002192,0,94.94,68.67
70.0240,-0.054457,0.006777,0,94.94,68.67
70.0320,-0.049573,0.010408,0,94.94,68.67
70.0400,-0.045665,0.012450,0,94.94,68.67
70.0480,-0.044200,0.012604,0,94.94,68.67
70.0560,-0.047131,0.011037,0,94.94,68.67
70.0640,-0.048107,0.008324,0,94.94,68.67
70.0720,-0.053480,0.005199,0,94.94,68.67
70.0800,-0.054457,0.002219,0,94.94,68.67
70.0880,-0.054457,-0.000504,0,94.94,68.67
70.0960,-0.055922,-0.015837,0,94.94,68.67
70.1040,-0.056410,-0.018320,0,94.94,68.67
70.1120,-0.055922,-0.019902,0,94.94,68.67
70.1200,-0.055922,-0.020012,0,94.94,68.67
70.1280,-0.054457,-0.018099,0,94.94,68.67
70.1360,-0.047131,-0.014079,0,94.94,68.67
70.1440,-0.037851,-0.008653,0,94.94,68.67
70.1520,-0.030037,-0.003135,0,94.94,68.67
70.1600,-0.023687,0.001007,0,94.94,68.67
70.1680,-0.017827,0.002592,0,94.94,68.67
70.1760,-0.017827,0.001120,0,94.94,68.67
70.1840,-0.023199,-0.002989,0,94.94,68.67
70.1920,-0.025641,-0.008578,0,94.94,68.67
70.2000,-0.031013,0.038464,0,94.94,68.67
70.2080,-0.035409,0.035500,0,94.94,68.67
70.2160,-0.035409,0.033653,0,94.94,68.67
70.2240,-0.035409,0.032616,0,94.94,68.67
70.2320,-0.034432,0.031649,0,94.94,68.67
70.2400,-0.037363,0.030072,0,94.94,68.67
70.2480,-0.039316,0.027636,0,94.94,68.67
70.2560,-0.044200,0.024586,0,94.94,68.67
70.2640,-0.048107,0.021492,0,94.94,68.67
70.2720,-0.051038,0.018941,0,94.94,68.67
70.2800,-0.052991,0.017248,0,94.94,68.67
70.2880,-0.051526,0.016340,0,94.94,68.67
70.2960,-0.052991,0.015873,0,94.94,68.67
70.3040,-0.051526,0.015133,0,94.94,68.67
70.3120,-0.049084,0.018310,0,94.94,68.67
70.3200,-0.045177,0.022007,0,94.94,68.67
70.3280,-0.039316,0.025331,0,94.94,68.67
70.3360,-0.040293,0.027406,0,94.94,68.67
70.3440,-0.040293,0.027724,0,94.94,68.67
70.3520,-0.042247,0.026237,0,94.94,68.67
70.3600,-0.046642,0.023330,0,94.94,68.67
70.3680,-0.053968,0.019750,0,94.94,68.67
70.3760,-0.056899,0.016309,0,94.94,68.67
70.3840,-0.060806,0.013524,0,94.94,68.67
70.3920,-0.062759,0.011481,0,94.94,68.67
70.4000,-0.064713,0.009912,0,94.94,68.67
70.4080,-0.067155,0.017634,0,94.94,68.67
70.4160,-0.070574,0.016025,0,94.94,68.67
70.4240,-0.073504,0.014278,0,94.94,68.67
70.4320,-0.078388,0.012611,0,94.94,68.67
70.4400,-0.080830,0.011237,0,94.94,68.67
70.4480,-0.081319,0.010204,0,94.94,68.67
70.4560,-0.085714,0.009466,0,94.94,68.67
70.4640,-0.090110,0.009011,0,94.94,68.67
70.4720,-0.090598,0.008768,0,94.94,68.67
70.4800,-0.093040,0.008493,0,94.94,68.67
70.4880,-0.095971,0.007918,0,94.94,68.67
70.4960,-0.099878,0.006956,0,94.94,68.67
70.5040,-0.103785,0.005749,0,94.94,68.67
70.5120,-0.110623,-0.035074,0,94.94,68.67
70.5200,-0.116972,-0.039833,0,94.94,68.67
70.5280,-0.123321,-0.042797,0,94.94,68.67
70.5360,-0.125763,-0.042825,0,94.94,68.67
70.5440,-0.120879,-0.039644,0,94.94,68.67
70.5520,-0.113553,-0.034093,0,94.94,68.67
70.5600,-0.106227,-0.027741,0,94.94,68.67
70.5680,-0.100855,-0.022176,0,94.94,68.67
70.5760,-0.098413,-0.018443,0,94.94,68.67
70.5840,-0.098901,-0.016867,0,94.94,68.67
70.5920,-0.099389,-0.017222,0,94.94,68.67
70.6000,-0.101343,-0.018991,0,94.94,68.67
70.6080,-0.104762,-0.021512,0,94.94,68.67
70.6160,-0.110134,-0.011025,0,94.94,68.67
70.6240,-0.112088,-0.012728,0,94.94,68.67
70.6320,-0.115507,-0.013472,0,94.94,68.67
70.6400,-0.113553,-0.013545,0,94.94,68.67
70.6480,-0.113553,-0.013654,0,94.94,68.67
70.6560,-0.115995,-0.014471,0,94.94,68.67
70.6640,-0.117460,-0.016175,0,94.94,68.67
70.6720,-0.123810,-0.018247,0,94.94,68.67
70.6800,-0.127717,-0.019637,0,94.94,68.67
70.6880,-0.129670,-0.019288,0,94.94,68.67
70.6960,-0.126252,-0.016714,0,94.94,68.67
70.7040,-0.121368,-0.012210,0,94.94,68.67
70.7120,-0.116972,-0.006633,0,94.94,68.67
70.7200,-0.114042,-0.016950,0,94.94,68.67
70.7280,-0.111600,-0.014598,0,94.94,68.67
70.7360,-0.111600,-0.013778,0,94.94,68.67
70.7440,-0.112576,-0.014532,0,94.94,68.67
70.7520,-0.113553,-0.016662,0,94.94,68.67
70.7600,-0.116972,-0.019745,0,94.94,68.67
70.7680,-0.118926,-0.023068,0,94.94,68.67
70.7760,-0.124298,-0.025599,0,94.94,68.67
70.7840,-0.126252,-0.026218,0,94.94,68.67
70.7920,-0.123321,-0.024208,0,94.94,68.67
70.8000,-0.115995,-0.019638,0,94.94,68.67
70.8080,-0.107692,-0.013251,0,94.94,68.67
70.8160,-0.101343,-0.006004,0,94.94,68.67
70.8240,-0.099878,0.034753,0,94.94,68.67
70.8320,-0.099878,0.038306,0,94.94,68.67
70.8400,-0.098413,0.041190,0,94.94,68.67
70.8480,-0.096459,0.043794,0,94.94,68.67
70.8560,-0.095971,0.045936,0,94.94,68.67
70.8640,-0.092552,0.046822,0,94.94,68.67
70.8720,-0.092552,0.045402,0,94.94,68.67
70.8800,-0.098413,0.041118,0,94.94,68.67
70.8880,-0.108181,0.034561,0,94.94,68.67
70.8960,-0.121856,0.027484,0,94.94,68.67
70.9040,-0.132601,0.021992,0,94.94,68.67
70.9120,-0.136996,0.019274,0,94.94,68.67
70.9200,-0.132112,0.018701,0,94.94,68.67
70.9280,-0.117949,-0.002207,0,94.94,68.67
70.9360,-0.102808,0.009162,0,94.94,68.67
70.9440,-0.092552,0.019362,0,94.94,68.67
70.9520,-0.086691,0.025730,0,94.94,68.67
70.9600,-0.085714,0.026873,0,94.94,68.67
70.9680,-0.089133,0.022823,0,94.94,68.67
70.9760,-0.100366,0.014974,0,94.94,68.67
70.9840,-0.110134,0.005743,0,94.94,68.67
70.9920,-0.119414,-0.002087,0,94.94,68.67
71.0000,-0.124298,-0.006113,0,94.94,68.67
71.0080,-0.124786,-0.004958,0,94.94,68.67
71.0160,-0.117949,0.001201,0,94.94,68.67
71.0240,-0.104274,0.010457,0,94.94,68.67
71.0320,-0.088645,0.026182,0,94.94,68.67
71.0400,-0.078388,0.036345,0,94.94,68.67
71.0480,-0.073016,0.042533,0,94.94,68.67
71.0560,-0.073504,0.044025,0,94.94,68.67
71.0640,-0.079365,0.041509,0,94.94,68.67
71.0720,-0.085714,0.036570,0,94.94,68.67
71.0800,-0.092063,0.030987,0,94.94,68.67
71.0880,-0.096459,0.026176,0,94.94,68.67
71.0960,-0.101343,0.022923,0,94.94,68.67
71.1040,-0.100855,0.021301,0,94.94,68.67
71.1120,-0.100366,0.020810,0,94.94,68.67
71.1200,-0.101343,0.020793,0,94.94,68.67
71.1280,-0.103785,0.020856,0,94.94,68.67
71.1360,-0.108669,-0.022993,0,94.94,68.67
71.1440,-0.112088,-0.025722,0,94.94,68.67
71.1520,-0.114042,-0.026533,0,94.94,68.67
71.1600,-0.110623,-0.024656,0,94.94,68.67
71.1680,-0.104762,-0.020107,0,94.94,68.67
71.1760,-0.098901,-0.013742,0,94.94,68.67
71.1840,-0.086691,-0.007082,0,94.94,68.67
71.1920,-0.079853,-0.001866,0,94.94,68.67
71.2000,-0.076435,0.000635,0,94.94,68.67
71.2080,-0.076923,0.000077,0,94.94,68.67
71.2160,-0.079853,-0.003017,0,94.94,68.67
71.2240,-0.083761,-0.007694,0,94.94,68.67
71.2320,-0.085714,-0.013058,0,94.94,68.67
71.2400,-0.088645,0.010220,0,113.64,68.67
71.2480,-0.091087,0.006522,0,113.64,68.67
71.2560,-0.096459,0.003143,0,113.64,68.67
71.2640,-0.100366,0.000434,0,113.64,68.67
71.2720,-0.101832,-0.001254,0,113.64,68.67
71.2800,-0.102808,-0.001779,0,113.64,68.67
71.2880,-0.101343,-0.001265,0,113.64,68.67
71.2960,-0.100855,-0.000063,0,113.64,68.67
71.3040,-0.096947,0.001299,0,113.64,68.67
71.3120,-0.094505,0.002274,0,113.64,68.67
71.3200,-0.095482,0.002563,0,113.64,68.67
71.3280,-0.096459,0.002237,0,113.64,68.67
71.3360,-0.096947,0.001592,0,113.64,68.67
71.3440,-0.100366,-0.040875,0,113.64,68.67
71.3520,-0.103785,-0.047118,0,113.64,68.67
71.3600,-0.109646,-0.054034,0,113.64,68.67
71.3680,-0.116972,-0.060308,0,113.64,68.67
71.3760,-0.121856,-0.064173,0,113.64,68.67
71.3840,-0.121856,-0.064075,0,113.64,68.67
71.3920,-0.115018,-0.059461,0,113.64,68.67
71.4000,-0.101832,-0.051214,0,113.64,68.67
71.4080,-0.087179,-0.041442,0,113.64,68.67
71.4160,-0.074969,-0.032667,0,113.64,68.67
71.4240,-0.064713,-0.026860,0,113.64,68.67
71.4320,-0.060806,-0.024617,0,113.64,68.67
71.4400,-0.063736,-0.024803,0,113.64,68.67
71.4480,-0.072527,0.019783,0,113.64,68.67
71.4560,-0.085226,0.009627,0,113.64,68.67
71.4640,-0.095971,-0.001113,0,113.64,68.67
71.4720,-0.105739,-0.010251,0,113.64,68.67
71.4800,-0.111111,-0.016198,0,113.64,68.67
71.4880,-0.115507,-0.018188,0,113.64,68.67
71.4960,-0.111600,-0.016421,0,113.64,68.67
71.5040,-0.105739,-0.012043,0,113.64,68.67
71.5120,-0.100366,-0.006779,0,113.64,68.67
71.5200,-0.093529,-0.002348,0,113.64,68.67
71.5280,-0.092552,0.000085,0,113.64,68.67
71.5360,-0.092063,0.000295,0,113.64,68.67
71.5440,-0.096459,-0.000931,0,113.64,68.67
71.5520,-0.098901,-0.008658,0,113.64,68.67
71.5600,-0.097924,-0.009282,0,113.64,68.67
71.5680,-0.094994,-0.008705,0,113.64,68.67
71.5760,-0.093040,-0.006957,0,113.64,68.67
71.5840,-0.090110,-0.004261,0,113.64,68.67
71.5920,-0.085714,-0.000901,0,113.64,68.67
71.6000,-0.083272,0.002769,0,113.64,68.67
71.6080,-0.078877,0.006217,0,113.64,68.67
71.6160,-0.074481,0.008646,0,113.64,68.67
71.6240,-0.072039,0.009120,0,113.64,68.67
71.6320,-0.073016,0.006964,0,113.64,68.67
71.6400,-0.076923,0.002210,0,113.64,68.67
71.6480,-0.085714,-0.004188,0,113.64,68.67
71.6560,-0.098901,-0.003632,0,113.64,68.67
71.6640,-0.106227,-0.012366,0,113.64,68.67
71.6720,-0.113553,-0.019065,0,113.64,68.67
71.6800,-0.115995,-0.022915,0,113.64,68.67
71.6880,-0.114530,-0.023963,0,113.64,68.67
71.6960,-0.111600,-0.022927,0,113.64,68.67
71.7040,-0.109646,-0.020794,0,113.64,68.67
71.7120,-0.106227,-0.018449,0,113.64,68.67
71.7200,-0.103785,-0.016434,0,113.64,68.67
71.7280,-0.105739,-0.014806,0,113.64,68.67
71.7360,-0.105739,-0.013255,0,113.64,68.67
71.7440,-0.103297,-0.011488,0,113.64,68.67
71.7520,-0.101343,-0.009494,0,113.64,68.67
71.7600,-0.095971,-0.000339,0,113.64,68.67
71.7680,-0.091575,0.003388,0,113.64,68.67
71.7760,-0.088645,0.006473,0,113.64,68.67
71.7840,-0.086203,0.008495,0,113.64,68.67
71.7920,-0.085714,0.009311,0,113.64,68.67
71.8000,-0.085226,0.009010,0,113.64,68.67
71.8080,-0.085714,0.007866,0,113.64,68.67
71.8160,-0.088645,0.006313,0,113.64,68.67
71.8240,-0.090598,0.004859,0,113.64,68.67
71.8320,-0.091575,0.003865,0,113.64,68.67
71.8400,-0.090598,0.003389,0,113.64,68.67
71.8480,-0.090598,0.003252,0,113.64,68.67
71.8560,-0.091087,0.003246,0,113.64,68.67
71.8640,-0.093040,-0.011678,0,113.64,68.67
71.8720,-0.093529,-0.012720,0,113.64,68.67
71.8800,-0.093040,-0.013113,0,113.64,68.67
71.8880,-0.093040,-0.012478,0,113.64,68.67
71.8960,-0.091087,-0.010586,0,113.64,68.67
71.9040,-0.087179,-0.007500,0,113.64,68.67
71.9120,-0.083761,-0.003684,0,113.64,68.67
71.9200,-0.077900,0.000024,0,113.64,68.67
71.9280,-0.074481,0.002609,0,113.64,68.67
71.9360,-0.072527,0.003248,0,113.64,68.67
71.9440,-0.076435,0.001674,0,113.64,68.67
71.9520,-0.078877,-0.001747,0,113.64,68.67
71.9600,-0.083272,-0.006196,0,113.64,68.67
71.9680,-0.086203,-0.000282,0,113.64,68.67
71.9760,-0.089133,-0.005742,0,113.64,68.67
71.9840,-0.093529,-0.011793,0,113.64,68.67
71.9920,-0.100366,-0.017870,0,113.64,68.67
72.0000,-0.106716,-0.022934,0,113.64,68.67
72.0080,-0.110623,-0.025825,0,113.64,68.67
72.0160,-0.109646,-0.025858,0,113.64,68.67
72.0240,-0.104274,-0.023222,0,113.64,68.67
72.0320,-0.097924,-0.018905,0,113.64,68.67
72.0400,-0.091087,-0.014217,0,113.64,68.67
72.0480,-0.085714,-0.010206,0,113.64,68.67
72.0560,-0.084737,-0.007244,0,113.64,68.67
72.0640,-0.082295,-0.005000,0,113.64,68.67
72.0720,-0.077900,0.033046,0,113.64,68.67
72.0800,-0.078877,0.033939,0,113.64,68.67
72.0880,-0.080342,0.033395,0,113.64,68.67
72.0960,-0.085226,0.031822,0,113.64,68.67
72.1040,-0.088156,0.029810,0,113.64,68.67
72.1120,-0.092552,0.027835,0,113.64,68.67
72.1200,-0.093529,0.026047,0,113.64,68.67
72.1280,-0.094994,0.024309,0,113.64,68.67
72.1360,-0.100366,0.022468,0,113.64,68.67
72.1440,-0.102320,0.020541,0,113.64,68.67
72.1520,-0.107204,0.018665,0,113.64,68.67
72.1600,-0.109646,0.016956,0,113.64,68.67
72.1680,-0.112088,0.015403,0,113.64,68.67
72.1760,-0.110134,-0.055636,0,113.64,68.67
72.1840,-0.103785,-0.051972,0,113.64,68.67
72.1920,-0.095482,-0.045835,0,113.64,68.67
72.2000,-0.085714,-0.038376,0,113.64,68.67
72.2080,-0.074969,-0.031131,0,113.64,68.67
72.2160,-0.066667,-0.025643,0,113.64,68.67
72.2240,-0.061294,-0.022977,0,113.64,68.67
72.2320,-0.059829,-0.023279,0,113.64,68.67
72.2400,-0.062759,-0.025534,0,113.64,68.67
72.2480,-0.068132,-0.027818,0,113.64,68.67
72.2560,-0.069597,-0.028154,0,113.64,68.67
72.2640,-0.062759,-0.025666,0,113.64,68.67
72.2720,-0.052015,-0.021169,0,113.64,68.67
72.2800,-0.039316,0.001242,0,113.64,68.67
72.2880,-0.029548,0.009459,0,113.64,68.67
72.2960,-0.023199,0.015475,0,113.64,68.67
72.3040,-0.015873,0.017977,0,113.64,68.67
72.3120,-0.015385,0.016419,0,113.64,68.67
72.3200,-0.020757,0.011273,0,113.64,68.67
72.3280,-0.025641,0.004024,0,113.64,68.67
72.3360,-0.033455,-0.003188,0,113.64,68.67
72.3440,-0.038828,-0.008134,0,113.64,68.67
72.3520,-0.038828,-0.009200,0,113.64,68.67
72.3600,-0.030525,-0.005976,0,113.64,68.67
72.3680,-0.020757,0.000691,0,113.64,68.67
72.3760,-0.010989,0.009189,0,113.64,68.67
72.3840,-0.010012,0.042448,0,113.64,68.67
72.3920,-0.017827,0.035097,0,113.64,68.67
72.4000,-0.033455,0.021444,0,113.64,68.67
72.4080,-0.053968,0.004060,0,113.64,68.67
72.4160,-0.074481,-0.013270,0,113.64,68.67
72.4240,-0.090110,-0.026810,0,113.64,68.67
72.4320,-0.094017,-0.034093,0,113.64,68.67
72.4400,-0.092552,-0.034528,0,113.64,68.67
72.4480,-0.084249,-0.029209,0,113.64,68.67
72.4560,-0.070574,-0.020224,0,113.64,68.67
72.4640,-0.059341,-0.009743,0,113.64,68.67
72.4720,-0.048107,0.000796,0,113.64,68.67
72.4800,-0.039805,0.011002,0,113.64,68.67
72.4880,-0.041758,0.042296,0,113.64,68.67
72.4960,-0.049084,0.038485,0,113.64,68.67
72.5040,-0.057875,0.031582,0,113.64,68.67
72.5120,-0.069109,0.023581,0,113.64,68.67
72.5200,-0.075946,0.016178,0,113.64,68.67
72.5280,-0.083272,0.010413,0,113.64,68.67
72.5360,-0.087179,0.006678,0,113.64,68.67
72.5440,-0.090598,0.004917,0,113.64,68.67
72.5520,-0.092063,0.004838,0,113.64,68.67
72.5600,-0.092063,0.006049,0,113.64,68.67
72.5680,-0.091087,0.008130,0,113.64,68.67
72.5760,-0.091087,0.010719,0,113.64,68.67
72.5840,-0.090598,0.013548,0,113.64,68.67
72.5920,-0.090110,0.010547,0,113.64,68.67
72.6000,-0.086203,0.017831,0,113.64,68.67
72.6080,-0.078877,0.026561,0,113.64,68.67
72.6160,-0.069597,0.035150,0,113.64,68.67
72.6240,-0.062271,0.041459,0,113.64,68.67
72.6320,-0.062759,0.043740,0,113.64,68.67
72.6400,-0.069597,0.041466,0,113.64,68.67
72.6480,-0.079365,0.035501,0,113.64,68.67
72.6560,-0.091087,0.027676,0,113.64,68.67
72.6640,-0.102808,0.020140,0,113.64,68.67
72.6720,-0.114530,0.014664,0,113.64,68.67
72.6800,-0.119414,0.011938,0,113.64,68.67
72.6880,-0.119414,0.011154,0,113.64,68.67
72.6960,-0.113553,0.036368,0,113.64,68.67
72.7040,-0.100366,0.051664,0,113.64,68.67
72.7120,-0.084249,0.069417,0,113.64,68.67
72.7200,-0.069597,0.086656,0,113.64,68.67
72.7280,-0.056899,0.100386,0,113.64,68.67
72.7360,-0.051526,0.108223,0,113.64,68.67
72.7440,-0.054457,0.108887,0,113.64,68.67
72.7520,-0.063248,0.102464,0,113.64,68.67
72.7600,-0.081319,0.090390,0,113.64,68.67
72.7680,-0.104274,0.075113,0,113.64,68.67
72.7760,-0.127228,0.059281,0,113.64,68.67
72.7840,-0.146764,0.044633,0,113.64,68.67
72.7920,-0.158486,0.031262,0,113.64,68.67
72.8000,-0.161416,-0.966158,0,113.64,68.67
72.8080,-0.147253,-0.991041,0,113.64,68.67
72.8160,-0.115507,-1.000000,0,113.64,68.67
72.8240,-0.061294,-0.992245,0,113.64,68.67
72.8320,0.008059,-0.968064,0,113.64,68.67
72.8400,0.086203,-0.928183,0,113.64,68.67
72.8480,0.179487,-0.873736,0,113.64,68.67
72.8560,0.296215,-0.807211,0,113.64,68.67
72.8640,0.425641,-0.733157,0,113.64,68.67
72.8720,0.556044,-0.657384,0,113.64,68.67
72.8800,0.679609,-0.584941,0,113.64,68.67
72.8880,0.798291,-0.518177,0,113.64,68.67
72.8960,0.900366,-0.455918,0,113.64,68.67
72.9040,0.957998,0.999579,0,113.64,68.67
72.9120,0.932112,1.000000,1,113.64,68.67
72.9200,0.822222,0.958643,1,113.64,68.67
72.9280,0.665934,0.884068,0,113.64,68.67
72.9360,0.507204,0.789100,0,113.64,68.67
72.9440,0.344567,0.686646,0,113.64,68.67
72.9520,0.181441,0.587943,0,113.64,68.67
72.9600,0.031502,0.502799,0,113.64,68.67
72.9680,-0.101343,0.439729,0,113.64,68.67
72.9760,-0.186325,0.404772,0,113.64,68.67
72.9840,-0.226374,0.399431,0,113.64,68.67
72.9920,-0.226374,0.419166,0,113.64,68.67
73.0000,-0.195116,0.453538,0,113.64,68.67
73.0080,-0.148230,-0.154378,0,113.64,68.67
73.0160,-0.096459,-0.106519,0,113.64,68.67
73.0240,-0.054945,-0.063628,0,113.64,68.67
73.0320,-0.027595,-0.032264,0,113.64,68.67
73.0400,-0.015873,-0.014627,0,113.64,68.67
73.0480,-0.016850,-0.009191,0,113.64,68.67
73.0560,-0.023687,-0.012149,0,113.64,68.67
73.0640,-0.032479,-0.019067,0,113.64,68.67
73.0720,-0.040293,-0.026236,0,113.64,68.67
73.0800,-0.043223,-0.031498,0,113.64,68.67
73.0880,-0.038828,-0.034411,0,113.64,68.67
73.0960,-0.037363,-0.035677,0,113.64,68.67
73.1040,-0.037363,-0.036223,0,113.64,68.67
73.1120,-0.040781,-0.110247,0,113.64,68.67
73.1200,-0.046642,-0.123227,0,113.64,68.67
73.1280,-0.059829,-0.142565,0,113.64,68.67
73.1360,-0.086203,-0.167367,0,113.64,68.67
73.1440,-0.119414,-0.194493,0,113.64,68.67
73.1520,-0.149206,-0.219231,0,113.64,68.67
73.1600,-0.170696,-0.236658,0,113.64,68.67
73.1680,-0.184860,-0.242704,0,113.64,68.67
73.1760,-0.190720,-0.234618,0,113.64,68.67
73.1840,-0.184371,-0.211258,0,113.64,68.67
73.1920,-0.164835,-0.173485,0,113.64,68.67
73.2000,-0.137973,-0.124387,0,113.64,68.67
73.2080,-0.104762,-0.069021,0,113.64,68.67
73.2160,-0.075458,-0.029573,0,113.64,68.67
73.2240,-0.054457,0.009895,0,113.64,68.67
73.2320,-0.040293,0.037739,0,113.64,68.67
73.2400,-0.037363,0.051523,0,113.64,68.67
73.2480,-0.047131,0.051372,0,113.64,68.67
73.2560,-0.070085,0.040224,0,113.64,68.67
73.2640,-0.095482,0.023256,0,113.64,68.67
73.2720,-0.115995,0.006394,0,113.64,68.67
73.2800,-0.125275,-0.005460,0,113.64,68.67
73.2880,-0.124298,-0.009586,0,113.64,68.67
73.2960,-0.116484,-0.005666,0,113.64,68.67
73.3040,-0.101832,0.004653,0,113.64,68.67
73.3120,-0.086203,0.018435,0,113.64,68.67
73.3200,-0.069597,-0.011626,0,113.64,68.67
73.3280,-0.056410,-0.001279,0,113.64,68.67
73.3360,-0.053968,0.004869,0,113.64,68.67
73.3440,-0.054945,0.006773,0,113.64,68.67
73.3520,-0.058852,0.005482,0,113.64,68.67
73.3600,-0.062271,0.002339,0,113.64,68.67
73.3680,-0.064713,-0.001612,0,113.64,68.67
73.3760,-0.065690,-0.005695,0,113.64,68.67
73.3840,-0.069109,-0.009185,0,113.64,68.67
73.3920,-0.075458,-0.010881,0,113.64,68.67
73.4000,-0.079365,-0.009359,0,113.64,68.67
73.4080,-0.074481,-0.004018,0,113.64,68.67
73.4160,-0.059829,0.003970,0,113.64,68.67
73.4240,-0.039316,0.095284,0,113.64,68.67
73.4320,-0.023199,0.112357,0,113.64,68.67
73.4400,-0.010012,0.123482,0,113.64,68.67
73.4480,-0.007570,0.125406,0,113.64,68.67
73.4560,-0.018803,0.117423,0,113.64,68.67
73.4640,-0.039805,0.101926,0,113.64,68.67
73.4720,-0.070085,0.083662,0,113.64,68.67
73.4800,-0.086203,0.067718,0,113.64,68.67
73.4880,-0.093529,0.057346,0,113.64,68.67
73.4960,-0.093040,0.053090,0,113.64,68.67
73.5040,-0.091575,0.053488,0,113.64,68.67
73.5120,-0.088645,0.056449,0,113.64,68.67
73.5200,-0.092552,0.060357,0,113.64,68.67
73.5280,-0.101343,-0.052278,0,113.64,68.67
73.5360,-0.116972,-0.062899,0,113.64,68.67
73.5440,-0.131624,-0.072381,0,113.64,68.67
73.5520,-0.136996,-0.077778,0,113.64,68.67
73.5600,-0.132601,-0.077531,0,113.64,68.67
73.5680,-0.123810,-0.072008,0,113.64,68.67
73.5760,-0.109646,-0.063117,0,113.64,68.67
73.5840,-0.094017,-0.053456,0,113.64,68.67
73.5920,-0.083272,-0.045302,0,113.64,68.67
73.6000,-0.076923,-0.039814,0,113.64,68.67
73.6080,-0.075946,-0.036883,0,113.64,68.67
73.6160,-0.071551,-0.035660,0,113.64,68.67
73.6240,-0.068620,-0.035219,0,113.64,68.67
73.6320,-0.063248,-0.032079,0,113.64,68.67
73.6400,-0.058852,-0.030615,0,113.64,68.67
73.6480,-0.054457,-0.028850,0,113.64,68.67
73.6560,-0.053480,-0.026140,0,113.64,68.67
73.6640,-0.049084,-0.021491,0,113.64,68.67
73.6720,-0.040293,-0.014156,0,113.64,68.67
73.6800,-0.029548,-0.004309,0,113.64,68.67
73.6880,-0.014896,0.006586,0,113.64,68.67
73.6960,-0.001221,0.015820,0,113.64,68.67
73.7040,0.011477,0.020043,0,113.64,68.67
73.7120,0.015873,0.016509,0,113.64,68.67
73.7200,0.006105,0.004725,0,113.64,68.67
73.7280,-0.020269,-0.012485,0,113.64,68.67
73.7360,-0.045665,-0.033240,0,113.64,68.67
73.7440,-0.074481,-0.056813,0,113.64,68.67
73.7520,-0.094505,-0.071992,0,113.64,68.67
73.7600,-0.093529,-0.074502,0,113.64,68.67
73.7680,-0.078388,-0.063504,0,113.64,68.67
73.7760,-0.052503,-0.041854,0,113.64,68.67
73.7840,-0.017827,-0.015354,0,113.64,68.67
73.7920,0.018315,0.008677,0,113.64,68.67
73.8000,0.039316,0.023539,0,113.64,68.67
73.8080,0.039805,0.025311,0,113.64,68.67
73.8160,0.027106,0.013804,0,113.64,68.67
73.8240,0.008059,-0.008052,0,113.64,68.67
73.8320,-0.016361,-0.035478,0,113.64,68.67
73.8400,-0.030525,0.115410,0,113.64,70.59
73.8480,-0.031990,0.110400,0,113.64,70.59
73.8560,-0.028571,0.109876,0,113.64,70.59
73.8640,-0.023687,0.111031,0,113.64,70.59
73.8720,-0.028571,0.111042,0,113.64,70.59
73.8800,-0.038828,0.108401,0,113.64,70.59
73.8880,-0.048107,0.102948,0,113.64,70.59
73.8960,-0.057875,0.095189,0,113.64,70.59
73.9040,-0.070574,0.085858,0,113.64,70.59
73.9120,-0.085714,0.075912,0,113.64,70.59
73.9200,-0.101343,0.066453,0,113.64,70.59
73.9280,-0.116972,0.058277,0,113.64,70.59
73.9360,-0.122344,0.051257,0,113.64,70.59
73.9440,-0.121368,-0.064699,0,113.64,70.59
73.9520,-0.114042,-0.057270,0,113.64,70.59
73.9600,-0.100366,-0.044333,0,113.64,70.59
73.9680,-0.082784,-0.028503,0,113.64,70.59
73.9760,-0.062759,-0.013203,0,113.64,70.59
73.9840,-0.049084,-0.001724,0,113.64,70.59
73.9920,-0.044200,0.003957,0,113.64,70.59
74.0000,-0.051038,0.003922,0,113.64,70.59
74.0080,-0.061294,-0.000017,0,113.64,70.59
74.0160,-0.068620,-0.005604,0,113.64,70.59
74.0240,-0.071062,-0.011365,0,113.64,70.59
74.0320,-0.075946,-0.016879,0,113.64,70.59
74.0400,-0.082295,-0.022250,0,113.64,70.59
74.0480,-0.086691,0.071335,0,113.64,70.59
74.0560,-0.093040,0.072518,0,113.64,70.59
74.0640,-0.095971,0.077844,0,113.64,70.59
74.0720,-0.090110,0.088322,0,113.64,70.59
74.0800,-0.078388,0.103173,0,113.64,70.59
74.0880,-0.064225,0.119473,0,113.64,70.59
74.0960,-0.052015,0.132741,0,113.64,70.59
74.1040,-0.047619,0.138336,0,113.64,70.59
74.1120,-0.061294,0.133213,0,113.64,70.59
74.1200,-0.089133,0.117185,0,113.64,70.59
74.1280,-0.129182,0.092780,0,113.64,70.59
74.1360,-0.167277,0.063670,0,113.64,70.59
74.1440,-0.196093,0.032842,0,113.64,70.59
74.1520,-0.208303,0.003901,0,113.64,68.67
74.1600,-0.189744,0.027546,0,113.64,68.67
74.1680,-0.143834,0.069254,0,113.64,68.67
74.1760,-0.085714,0.119465,0,113.64,68.67
74.1840,-0.036386,0.165547,0,113.64,68.67
74.1920,-0.007082,0.196071,0,113.64,68.67
74.2000,-0.007082,0.204379,1,113.64,68.67
74.2080,-0.031502,0.190252,1,113.64,68.67
74.2160,-0.078388,0.159408,0,113.64,68.67
74.2240,-0.133089,0.121075,0,113.64,68.67
74.2320,-0.182906,0.084234,0,113.64,68.67
74.2400,-0.212698,0.053816,0,113.64,68.67
74.2480,-0.224908,0.028822,0,113.64,68.67
74.2560,-0.216606,-0.020159,0,113.64,68.67
74.2640,-0.192674,0.005119,0,113.64,68.67
74.2720,-0.158974,0.041386,0,113.64,68.67
74.2800,-0.118437,0.080947,0,113.64,68.67
74.2880,-0.085714,0.115570,0,113.64,68.67
74.2960,-0.064225,0.138184,0,113.64,68.67
74.3040,-0.060806,0.144559,0,113.64,68.67
74.3120,-0.078877,0.134517,0,113.64,68.67
74.3200,-0.115507,0.112084,0,113.64,68.67
74.3280,-0.156532,0.084042,0,113.64,68.67
74.3360,-0.195116,0.057154,0,113.64,68.67
74.3440,-0.220024,0.035219,0,113.64,68.67
74.3520,-0.227839,0.017500,0,113.64,68.67
74.3600,-0.217582,-0.090114,0,113.64,68.67
74.3680,-0.189255,-0.067121,0,113.64,68.67
74.3760,-0.153602,-0.035353,0,113.64,68.67
74.3840,-0.116972,-0.001629,0,113.64,68.67
74.3920,-0.085714,0.027603,0,113.64,68.67
74.4000,-0.068620,0.047738,0,113.64,68.67
74.4080,-0.061294,0.056801,0,113.64,68.67
74.4160,-0.068620,0.055424,0,113.64,68.67
74.4240,-0.080342,0.046083,0,113.64,68.67
74.4320,-0.094505,0.031958,0,113.64,68.67
74.4400,-0.110134,0.015877,0,113.64,68.67
74.4480,-0.123321,-0.000360,0,113.64,68.67
74.4560,-0.132112,-0.016236,0,113.64,68.67
74.4640,-0.135531,-0.015074,0,113.64,68.67
74.4720,-0.131136,-0.012567,0,113.64,68.67
74.4800,-0.119902,-0.004278,0,113.64,68.67
74.4880,-0.110134,0.008101,0,113.64,68.67
74.4960,-0.097924,0.022476,0,113.64,68.67
74.5040,-0.085714,0.036655,0,113.64,68.67
74.5120,-0.075458,0.048489,0,113.64,68.67
74.5200,-0.069597,0.056021,0,113.64,68.67
74.5280,-0.065690,0.057636,0,113.64,68.67
74.5360,-0.069109,0.052237,0,113.64,68.67
74.5440,-0.076435,0.039574,0,113.64,68.67
74.5520,-0.092552,0.020674,0,113.64,68.67
74.5600,-0.116484,-0.001908,0,113.64,68.67
74.5680,-0.136996,-0.042624,0,113.64,68.67
74.5760,-0.155556,-0.062048,0,113.64,68.67
74.5840,-0.165812,-0.076242,0,113.64,68.67
74.5920,-0.173138,-0.084238,0,113.64,68.67
74.6000,-0.173138,-0.086220,0,113.64,68.67
74.6080,-0.167766,-0.083182,0,113.64,68.67
74.6160,-0.163370,-0.076511,0,113.64,68.67
74.6240,-0.151160,-0.067717,0,113.64,68.67
74.6320,-0.139438,-0.058352,0,113.64,68.67
74.6400,-0.125763,-0.049863,0,113.64,68.67
74.6480,-0.114530,-0.043276,0,113.64,68.67
74.6560,-0.104274,-0.038851,0,113.64,68.67
74.6640,-0.100366,-0.035876,0,113.64,68.67
74.6720,-0.098413,-0.030549,0,113.64,68.67
74.6800,-0.101343,-0.035387,0,113.64,68.67
74.6880,-0.107692,-0.041194,0,113.64,68.67
74.6960,-0.112576,-0.046251,0,113.64,68.67
74.7040,-0.113553,-0.049263,0,113.64,68.67
74.7120,-0.110134,-0.049725,0,113.64,68.67
74.7200,-0.106716,-0.047766,0,113.64,68.67
74.7280,-0.103785,-0.043745,0,113.64,68.67
74.7360,-0.097924,-0.038167,0,113.64,68.67
74.7440,-0.085714,-0.031930,0,113.64,68.67
74.7520,-0.073504,-0.026249,0,113.64,68.67
74.7600,-0.067643,-0.021956,0,113.64,68.67
74.7680,-0.065201,-0.018825,0,113.64,68.67
74.7760,-0.073504,0.028359,0,113.64,68.67
74.7840,-0.085714,0.020330,0,113.64,68.67
74.7920,-0.093529,0.012134,0,113.64,68.67
74.8000,-0.100366,0.006258,0,113.64,68.67
74.8080,-0.101343,0.004335,0,113.64,68.67
74.8160,-0.101343,0.006901,0,113.64,68.67
74.8240,-0.095971,0.013280,0,113.64,68.67
74.8320,-0.085714,0.021521,0,113.64,68.67
74.8400,-0.077411,0.028668,0,113.64,68.67
74.8480,-0.069597,0.031587,0,113.64,68.67
74.8560,-0.072527,0.028199,0,113.64,68.67
74.8640,-0.086203,0.018573,0,113.64,68.67
74.8720,-0.102320,0.005113,0,113.64,68.67
74.8800,-0.114042,-0.011020,0,113.64,68.67
74.8880,-0.121856,-0.024817,0,113.64,68.67
74.8960,-0.131136,-0.037057,0,113.64,68.67
74.9040,-0.140904,-0.046535,0,113.64,68.67
74.9120,-0.147741,-0.051941,0,113.64,68.67
74.9200,-0.146764,-0.052325,0,113.64,68.67
74.9280,-0.137973,-0.047741,0,113.64,68.67
74.9360,-0.129182,-0.039442,0,113.64,68.67
74.9440,-0.116972,-0.029642,0,113.64,68.67
74.9520,-0.101343,-0.021039,0,113.64,68.67
74.9600,-0.093529,-0.015949,0,113.64,68.67
74.9680,-0.093529,-0.015142,0,113.64,68.67
74.9760,-0.100855,-0.017241,0,113.64,68.67
74.9840,-0.109646,-0.065299,0,113.64,68.67
74.9920,-0.122344,-0.079983,0,113.64,68.67
75.0000,-0.134066,-0.094342,0,113.64,68.67
75.0080,-0.144811,-0.105404,0,113.64,68.67
75.0160,-0.147741,-0.110680,0,113.64,68.67
75.0240,-0.141880,-0.108842,0,113.64,68.67
75.0320,-0.132112,-0.100138,0,113.64,68.67
75.0400,-0.112576,-0.086470,0,113.64,68.67
75.0480,-0.090110,-0.071067,0,113.64,68.67
75.0560,-0.071551,-0.057540,0,113.64,68.67
75.0640,-0.058852,-0.048537,0,113.64,68.67
75.0720,-0.054457,-0.044652,0,113.64,68.67
75.0800,-0.056899,-0.044133,0,113.64,68.67
75.0880,-0.069109,0.026285,0,113.64,68.67
75.0960,-0.084249,0.014156,0,113.64,68.67
75.1040,-0.101343,0.001471,0,113.64,68.67
75.1120,-0.114042,-0.008890,0,113.64,68.67
75.1200,-0.118437,-0.015109,0,113.64,68.67
75.1280,-0.119902,-0.016816,0,113.64,68.67
75.1360,-0.114530,-0.014917,0,113.64,68.67
75.1440,-0.109646,-0.011024,0,113.64,68.67
75.1520,-0.105739,-0.006770,0,113.64,68.67
75.1600,-0.103297,-0.003299,0,113.64,68.67
75.1680,-0.101343,-0.001102,0,113.64,68.67
75.1760,-0.101343,-0.000086,0,113.64,68.67
75.1840,-0.100855,0.000249,0,113.64,68.67
75.1920,-0.099389,0.002386,0,113.64,68.67
75.2000,-0.095971,0.002497,0,113.64,68.67
75.2080,-0.094505,0.002027,0,113.64,68.67
75.2160,-0.095971,0.001049,0,113.64,68.67
75.2240,-0.098413,0.000053,0,113.64,68.67
75.2320,-0.098413,-0.000292,0,113.64,68.67
75.2400,-0.096947,0.000434,0,113.64,68.67
75.2480,-0.093529,0.002117,0,113.64,68.67
75.2560,-0.089133,0.004111,0,113.64,68.67
75.2640,-0.086691,0.005512,0,113.64,68.67
75.2720,-0.085714,0.005551,0,113.64,68.67
75.2800,-0.086203,0.003980,0,113.64,68.67
75.2880,-0.092552,0.001302,0,113.64,68.67
75.2960,-0.101343,0.011230,0,113.64,68.67
75.3040,-0.112088,0.004071,0,113.64,68.67
75.3120,-0.116972,-0.000319,0,113.64,68.67
75.3200,-0.117460,-0.000139,0,113.64,68.67
75.3280,-0.112576,0.004953,0,113.64,68.67
75.3360,-0.100366,0.013522,0,113.64,68.67
75.3440,-0.086203,0.022723,0,113.64,68.67
75.3520,-0.080830,0.029404,0,113.64,68.67
75.3600,-0.079365,0.031360,0,113.64,68.67
75.3680,-0.087179,0.028007,0,113.64,68.67
75.3760,-0.099878,0.020262,0,113.64,68.67
75.3840,-0.112576,0.009793,0,113.64,68.67
75.3920,-0.122344,-0.001831,0,113.64,68.67
75.4000,-0.127228,-0.042609,0,113.64,66.27
75.4080,-0.124786,-0.042621,0,113.64,66.27
75.4160,-0.117949,-0.037233,0,113.64,66.27
75.4240,-0.108181,-0.027470,0,113.64,66.27
75.4320,-0.091575,-0.015172,0,113.64,66.27
75.4400,-0.076435,-0.002592,0,113.64,66.27
75.4480,-0.066667,0.008220,0,113.64,66.27
75.4560,-0.061294,0.015818,0,113.64,66.27
75.4640,-0.054945,0.019177,0,113.64,66.27
75.4720,-0.053968,0.017423,0,113.64,66.27
75.4800,-0.055433,0.010052,0,113.64,66.27
75.4880,-0.069109,-0.002396,0,113.64,66.27
75.4960,-0.085714,-0.017917,0,113.64,66.27
75.5040,-0.103785,-0.042076,0,113.64,66.27
75.5120,-0.116972,-0.056169,0,113.64,66.27
75.5200,-0.120391,-0.066167,0,113.64,66.27
75.5280,-0.124298,-0.071773,0,113.64,66.27
75.5360,-0.122344,-0.073668,0,113.64,66.27
75.5440,-0.117949,-0.072915,0,113.64,66.27
75.5520,-0.115018,-0.070419,0,113.64,66.27
75.5600,-0.111111,-0.066606,0,113.64,66.27
75.5680,-0.104762,-0.061504,0,113.64,66.27
75.5760,-0.098413,-0.055087,0,113.64,66.27
75.5840,-0.086203,-0.047553,0,113.64,66.27
75.5920,-0.076923,-0.039320,0,113.64,66.27
75.6000,-0.067155,-0.030803,0,113.64,66.27
75.6080,-0.062759,0.039148,0,113.64,66.27
75.6160,-0.062759,0.041189,0,113.64,66.27
75.6240,-0.064225,0.040633,0,113.64,66.27
75.6320,-0.069109,0.038450,0,113.64,66.27
75.6400,-0.070085,0.035518,0,113.64,66.27
75.6480,-0.072527,0.032363,0,113.64,66.27
75.6560,-0.076923,0.029308,0,113.64,66.27
75.6640,-0.082295,0.026711,0,113.64,66.27
75.6720,-0.086203,0.024869,0,113.64,66.27
75.6800,-0.085714,0.023688,0,113.64,66.27
75.6880,-0.084249,0.022607,0,113.64,66.27
75.6960,-0.085226,0.021043,0,113.64,66.27
75.7040,-0.090110,0.018953,0,113.64,66.27
75.7120,-0.096459,-0.031171,0,113.64,66.27
75.7200,-0.099878,-0.034628,0,113.64,66.27
75.7280,-0.099878,-0.035999,0,113.64,66.27
75.7360,-0.093529,-0.035501,0,113.64,66.27
75.7440,-0.089133,-0.034137,0,113.64,66.27
75.7520,-0.088645,-0.032898,0,113.64,66.27
75.7600,-0.088156,-0.032122,0,113.64,66.27
75.7680,-0.088645,-0.031466,0,113.64,66.27
75.7760,-0.088645,-0.030278,0,113.64,66.27
75.7840,-0.085714,-0.028077,0,113.64,66.27
75.7920,-0.080342,-0.024870,0,113.64,66.27
75.8000,-0.073016,-0.021072,0,113.64,66.27
75.8080,-0.070085,-0.017101,0,113.64,66.27
75.8160,-0.065690,0.003706,0,113.64,66.27
75.8240,-0.064713,0.002951,0,113.64,66.27
75.8320,-0.067155,-0.000376,0,113.64,66.27
75.8400,-0.071062,-0.005593,0,113.64,66.27
75.8480,-0.077411,-0.011400,0,113.64,66.27
75.8560,-0.083272,-0.016264,0,113.64,66.27
75.8640,-0.083272,-0.019013,0,113.64,66.27
75.8720,-0.080342,-0.019242,0,113.64,66.27
75.8800,-0.077900,-0.017245,0,113.64,66.27
75.8880,-0.072527,-0.013656,0,113.64,66.27
75.8960,-0.068132,-0.009165,0,113.64,66.27
75.9040,-0.062271,-0.004324,0,113.64,66.27
75.9120,-0.058852,0.000576,0,113.64,66.27
75.9200,-0.055433,0.011171,0,113.64,66.27
75.9280,-0.054457,0.012539,0,113.64,66.27
75.9360,-0.054457,0.012323,0,113.64,66.27
75.9440,-0.057387,0.010800,0,113.64,66.27
75.9520,-0.057875,0.008407,0,113.64,66.27
75.9600,-0.061294,0.005635,0,113.64,66.27
75.9680,-0.062759,0.003019,0,113.64,66.27
75.9760,-0.065690,0.001109,0,113.64,66.27
75.9840,-0.066667,0.000331,0,113.64,66.27
75.9920,-0.063736,0.000777,0,113.64,66.27
76.0000,-0.061783,0.002171,0,113.64,66.27
76.0080,-0.058852,0.004092,0,113.64,66.27
76.0160,-0.056899,0.006208,0,113.64,66.27
76.0240,-0.055433,0.007168,0,113.64,66.27
76.0320,-0.054457,0.007437,0,113.64,66.27
76.0400,-0.054457,0.006987,0,113.64,66.27
76.0480,-0.054457,0.005984,0,113.64,66.27
76.0560,-0.055433,0.004714,0,113.64,66.27
76.0640,-0.056899,0.003544,0,113.64,66.27
76.0720,-0.056899,0.002799,0,113.64,66.27
76.0800,-0.056410,0.002611,0,113.64,66.27
76.0880,-0.054457,0.002855,0,113.64,66.27
76.0960,-0.053480,0.003248,0,113.64,66.27
76.1040,-0.052991,0.003531,0,113.64,66.27
76.1120,-0.052503,0.003586,0,113.64,66.27
76.1200,-0.052991,0.003468,0,113.64,66.27
76.1280,-0.052991,-0.008853,0,113.64,70.84
76.1360,-0.054457,-0.009784,0,113.64,70.84
76.1440,-0.053968,-0.010190,0,113.64,70.84
76.1520,-0.052015,-0.009762,0,113.64,70.84
76.1600,-0.051038,-0.008363,0,113.64,70.84
76.1680,-0.046154,-0.006085,0,113.64,70.84
76.1760,-0.043223,-0.003259,0,113.64,70.84
76.1840,-0.038828,-0.000414,0,113.64,70.84
76.1920,-0.035897,0.001787,0,113.64,70.84
76.2000,-0.031990,0.002659,0,113.64,70.84
76.2080,-0.032479,0.001728,0,113.64,70.84
76.2160,-0.033944,-0.000978,0,113.64,70.84
76.2240,-0.038828,-0.004800,0,113.64,70.84
76.2320,-0.051038,-0.071707,0,113.64,70.84
76.2400,-0.063736,-0.083547,0,113.64,70.84
76.2480,-0.070574,-0.092144,0,113.64,70.84
76.2560,-0.070085,-0.095480,0,113.64,70.84
76.2640,-0.062271,-0.093097,0,113.64,70.84
76.2720,-0.048107,-0.086065,0,113.64,70.84
76.2800,-0.036386,-0.076331,0,113.64,70.84
76.2880,-0.021734,-0.065985,0,113.64,70.84
76.2960,-0.008059,-0.056827,0,113.64,70.84
76.3040,0.003175,-0.050055,0,113.64,70.84
76.3120,0.008547,-0.045999,0,113.64,70.84
76.3200,0.012943,-0.044126,0,113.64,70.84
76.3280,0.018315,-0.043424,0,113.64,70.84
76.3360,0.020757,-0.000254,0,46.58,70.84
76.3440,0.020757,-0.004009,0,46.58,70.84
76.3520,0.015873,-0.009686,0,46.58,70.84
76.3600,0.010501,-0.016187,0,46.58,70.84
76.3680,0.007570,-0.022147,0,46.58,70.84
76.3760,0.006105,-0.026352,0,46.58,70.84
76.3840,0.007082,-0.027976,0,46.58,70.84
76.3920,0.010012,-0.026698,0,46.58,70.84
76.4000,0.016850,-0.022824,0,46.58,70.84
76.4080,0.027106,-0.017340,0,46.58,70.84
76.4160,0.038828,-0.011627,0,46.58,70.84
76.4240,0.047619,-0.006760,0,46.58,70.84
76.4320,0.049573,-0.002807,0,46.58,70.84
76.4400,0.045665,0.100648,0,46.58,70.84
76.4480,0.039316,0.097665,0,46.58,70.84
76.4560,0.031502,0.092471,0,46.58,70.84
76.4640,0.026618,0.085936,0,46.58,70.84
76.4720,0.018315,0.078473,0,46.58,70.84
76.4800,0.009524,0.070320,0,46.58,70.84
76.4880,-0.001221,0.061905,0,46.58,70.84
76.4960,-0.011966,0.053966,0,46.58,70.84
76.5040,-0.021245,0.047381,0,46.58,70.84
76.5120,-0.026129,0.042883,0,46.58,70.84
76.5200,-0.033944,0.040847,0,46.58,70.84
76.5280,-0.033455,0.041100,0,46.58,70.84
76.5360,-0.032479,0.042779,0,46.58,70.84
76.5440,-0.035897,0.017205,0,46.58,70.84
76.5520,-0.038339,0.016898,0,46.58,70.84
76.5600,-0.038828,0.016166,0,46.58,70.84
76.5680,-0.039805,0.014758,0,46.58,70.84
76.5760,-0.043712,0.012486,0,46.58,70.84
76.5840,-0.047619,0.009423,0,46.58,70.84
76.5920,-0.053968,0.005978,0,46.58,70.84
76.6000,-0.059341,0.002804,0,46.58,70.84
76.6080,-0.064713,0.000591,0,46.58,70.84
76.6160,-0.067643,-0.000161,0,46.58,70.84
76.6240,-0.070085,0.000701,0,46.58,70.84
76.6320,-0.070085,0.002941,0,46.58,70.84
76.6400,-0.070085,0.005984,0,46.58,70.84
76.6480,-0.071551,-0.071972,0,46.58,70.84
76.6560,-0.073993,-0.074878,0,46.58,70.84
76.6640,-0.078388,-0.077227,0,46.58,70.84
76.6720,-0.082784,-0.077478,0,46.58,70.84
76.6800,-0.078388,-0.074351,0,46.58,70.84
76.6880,-0.070085,-0.067652,0,46.58,70.84
76.6960,-0.059341,-0.058497,0,46.58,70.84
76.7040,-0.046642,-0.048886,0,46.58,70.84
76.7120,-0.037363,-0.040907,0,46.58,70.84
76.7200,-0.035409,-0.035935,0,46.58,70.84
76.7280,-0.034432,-0.034227,0,46.58,70.84
76.7360,-0.038339,-0.035096,0,46.58,70.84
76.7440,-0.040293,-0.037342,0,46.58,70.84
76.7520,-0.045665,0.092217,0,46.58,91.02
76.7600,-0.049084,0.095082,0,46.58,91.02
76.7680,-0.051038,0.099714,0,46.58,91.02
76.7760,-0.051526,0.106107,0,46.58,91.02
76.7840,-0.048107,0.113156,0,46.58,91.02
76.7920,-0.044200,0.118741,0,46.58,91.02
76.8000,-0.045177,0.120428,0,46.58,91.02
76.8080,-0.054457,0.116521,0,46.58,91.02
76.8160,-0.070574,0.106847,0,46.58,91.02
76.8240,-0.093040,0.092806,0,46.58,91.02
76.8320,-0.117460,0.076656,0,46.58,91.02
76.8400,-0.139438,0.060347,0,46.58,91.02
76.8480,-0.154090,0.044580,0,46.58,91.02
76.8560,-0.156044,-0.966921,0,46.58,91.02
76.8640,-0.139927,-0.991842,0,46.58,91.02
76.8720,-0.102808,-1.000000,0,46.58,91.02
76.8800,-0.047131,-0.989827,0,46.58,91.02
76.8880,0.031502,-0.960776,0,46.58,91.02
76.8960,0.127717,-0.913346,0,46.58,91.02
76.9040,0.243468,-0.849410,0,46.58,91.02
76.9120,0.376801,-0.772840,0,46.58,91.02
76.9200,0.520879,-0.690021,0,46.58,91.02
76.9280,0.664957,-0.609728,0,46.58,91.02
76.9360,0.826129,-0.541630,0,46.58,91.02
76.9440,0.977045,-0.491837,0,46.58,91.02
76.9520,1.000000,-0.456606,0,46.58,91.02
76.9600,1.000000,1.000000,1,46.58,91.02
76.9680,1.000000,0.978138,0,46.58,91.02
76.9760,0.859341,0.913324,0,46.58,91.02
76.9840,0.663492,0.813834,0,46.58,91.02
76.9920,0.467643,0.693898,0,46.58,91.02
77.0000,0.271306,0.569710,0,46.58,91.02
77.0080,0.077900,0.456645,0,46.58,91.02
77.0160,-0.084249,0.368037,0,46.58,91.02
77.0240,-0.195116,0.313739,0,46.58,91.02
77.0320,-0.250305,0.298283,0,46.58,91.02
77.0400,-0.240537,0.319665,0,46.58,91.02
77.0480,-0.196093,0.369596,0,46.58,91.02
77.0560,-0.131136,0.435188,0,46.58,91.02
77.0640,-0.068132,-0.015499,0,46.58,91.02
77.0720,-0.020269,0.037318,0,46.58,91.02
77.0800,0.006593,0.071363,0,46.58,91.02
77.0880,0.008059,0.084658,0,46.58,91.02
77.0960,-0.010501,0.080640,0,46.58,91.02
77.1040,-0.035897,0.065994,0,46.58,91.02
77.1120,-0.061783,0.047976,0,46.58,91.02
77.1200,-0.080342,0.032262,0,46.58,91.02
77.1280,-0.093040,0.021930,0,46.58,91.02
77.1360,-0.097924,0.017539,0,46.58,91.02
77.1440,-0.096947,0.017912,0,46.58,91.02
77.1520,-0.096459,0.021213,0,46.58,91.02
77.1600,-0.096459,0.025810,0,46.58,91.02
77.1680,-0.101343,-0.231057,0,46.58,91.02
77.1760,-0.106227,-0.241232,0,46.58,91.02
77.1840,-0.112576,-0.251222,0,46.58,91.02
77.1920,-0.116972,-0.259232,0,46.58,91.02
77.2000,-0.120391,-0.263467,0,46.58,91.02
77.2080,-0.120391,-0.262494,0,46.58,91.02
77.2160,-0.117460,-0.255490,0,46.58,91.02
77.2240,-0.114042,-0.242388,0,46.58,91.02
77.2320,-0.102808,-0.223929,0,46.58,91.02
77.2400,-0.097924,-0.201432,0,46.58,91.02
77.2480,-0.092552,-0.176308,0,46.58,91.02
77.2560,-0.092063,-0.149674,0,46.58,91.02
77.2640,-0.088156,-0.122359,0,46.58,91.02
77.2720,-0.086691,-0.063516,0,46.58,91.02
77.2800,-0.087179,-0.048140,0,46.58,91.02
77.2880,-0.093040,-0.037261,0,46.58,91.02
77.2960,-0.096947,-0.030608,0,46.58,91.02
77.3040,-0.101343,-0.027104,0,46.58,91.02
77.3120,-0.104274,-0.025285,0,46.58,91.02
77.3200,-0.101832,-0.023822,0,46.58,91.02
77.3280,-0.095971,-0.021997,0,46.58,91.02
77.3360,-0.085714,-0.019858,0,46.58,91.02
77.3440,-0.079365,-0.017938,0,46.58,91.02
77.3520,-0.073016,-0.016784,0,46.58,91.02
77.3600,-0.070085,-0.016612,0,46.58,91.02
77.3680,-0.071062,-0.017155,0,46.58,91.02
77.3760,-0.073016,-0.003196,0,46.58,91.02
77.3840,-0.077411,-0.007079,0,46.58,91.02
77.3920,-0.082784,-0.012200,0,46.58,91.02
77.4000,-0.090598,-0.017768,0,46.58,91.02
77.4080,-0.095971,-0.022698,0,46.58,91.02
77.4160,-0.100855,-0.025897,0,46.58,91.02
77.4240,-0.100855,-0.026685,0,46.58,91.02
77.4320,-0.095971,-0.025109,0,46.58,91.02
77.4400,-0.090110,-0.021866,0,46.58,91.02
77.4480,-0.084249,-0.017806,0,46.58,91.02
77.4560,-0.082295,-0.013446,0,46.58,91.02
77.4640,-0.076435,-0.008922,0,46.58,91.02
77.4720,-0.070085,-0.004282,0,46.58,91.02
77.4800,-0.061294,0.019638,0,46.58,91.02
77.4880,-0.054457,0.024212,0,46.58,91.02
77.4960,-0.052015,0.026402,0,46.58,91.02
77.5040,-0.052015,0.025813,0,46.58,91.02
77.5120,-0.054457,0.022693,0,46.58,91.02
77.5200,-0.056899,0.017820,0,46.58,91.02
77.5280,-0.063248,0.012396,0,46.58,91.02
77.5360,-0.069109,0.007832,0,46.58,91.02
77.5440,-0.070085,0.005281,0,46.58,91.02
77.5520,-0.069109,0.005179,0,46.58,91.02
77.5600,-0.064713,0.007153,0,46.58,91.02
77.5680,-0.058364,0.010359,0,46.58,91.02
77.5760,-0.057387,0.014015,0,46.58,91.02
77.5840,-0.062759,0.002650,0,46.58,91.02
77.5920,-0.070574,-0.002802,0,46.58,91.02
77.6000,-0.078877,-0.007696,0,46.58,91.02
77.6080,-0.080342,-0.010073,0,46.58,91.02
77.6160,-0.074969,-0.009182,0,46.58,91.02
77.6240,-0.068620,-0.005718,0,46.58,91.02
77.6320,-0.061783,-0.001270,0,46.58,91.02
77.6400,-0.055922,0.002481,0,46.58,91.02
77.6480,-0.054457,0.004396,0,46.58,91.02
77.6560,-0.054945,0.004179,0,46.58,91.02
77.6640,-0.058852,0.002253,0,46.58,91.02
77.6720,-0.059829,-0.000680,0,46.58,91.02
77.6800,-0.061783,-0.004029,0,46.58,91.02
77.6880,-0.063248,-0.018520,0,46.58,91.02
77.6960,-0.067643,-0.020728,0,46.58,91.02
77.7040,-0.065690,-0.021535,0,46.58,91.02
77.7120,-0.061294,-0.021214,0,46.58,91.02
77.7200,-0.056899,-0.020558,0,46.58,91.02
77.7280,-0.054945,-0.020350,0,46.58,91.02
77.7360,-0.054457,-0.020894,0,46.58,91.02
77.7440,-0.053480,-0.021906,0,46.58,91.02
77.7520,-0.052991,-0.022653,0,46.58,91.02
77.7600,-0.052991,-0.022203,0,46.58,91.02
77.7680,-0.049573,-0.019799,0,46.58,91.02
77.7760,-0.043223,-0.015319,0,46.58,91.02
77.7840,-0.033944,-0.009503,0,46.58,91.02
77.7920,-0.028083,0.049240,0,46.58,91.02
77.8000,-0.024176,0.053414,0,46.58,91.02
77.8080,-0.025641,0.054693,0,46.58,91.02
77.8160,-0.030037,0.053176,0,46.58,91.02
77.8240,-0.033944,0.049487,0,46.58,91.02
77.8320,-0.038828,0.044446,0,46.58,91.02
77.8400,-0.045665,0.038956,0,46.58,91.02
77.8480,-0.053480,0.033960,0,46.58,91.02
77.8560,-0.056899,0.030199,0,46.58,91.02
77.8640,-0.059829,0.027916,0,46.58,91.02
77.8720,-0.059829,0.026825,0,46.58,91.02
77.8800,-0.061294,0.026399,0,46.58,91.02
77.8880,-0.063736,0.026211,0,46.58,91.02
77.8960,-0.067643,-0.029812,0,46.58,91.02
77.9040,-0.070085,-0.032279,0,46.58,91.02
77.9120,-0.070574,-0.032917,0,46.58,91.02
77.9200,-0.070085,-0.031336,0,46.58,91.02
77.9280,-0.061294,-0.028145,0,46.58,91.02
77.9360,-0.053480,-0.024922,0,46.58,91.02
77.9440,-0.047619,-0.023372,0,46.58,91.02
77.9520,-0.049573,-0.024168,0,46.58,91.02
77.9600,-0.055433,-0.026359,0,46.58,91.02
77.9680,-0.058852,-0.027875,0,46.58,91.02
77.9760,-0.058852,-0.026776,0,46.58,91.02
77.9840,-0.050061,-0.022429,0,46.58,91.02
77.9920,-0.039316,-0.015897,0,46.58,91.02
78.0000,-0.030037,0.019889,0,46.58,91.02
78.0080,-0.028083,0.021294,0,46.58,91.02
78.0160,-0.031013,0.016729,0,46.58,91.02
78.0240,-0.042247,0.006314,0,46.58,91.02
78.0320,-0.057387,-0.007844,0,46.58,91.02
78.0400,-0.074481,-0.022024,0,46.58,91.02
78.0480,-0.091575,-0.031881,0,46.58,91.02
78.0560,-0.098413,-0.034113,0,46.58,91.02
78.0640,-0.086203,-0.028274,0,46.58,91.02
78.0720,-0.063736,-0.017292,0,46.58,91.02
78.0800,-0.046154,-0.005726,0,46.58,91.02
78.0880,-0.040293,0.003191,0,46.58,91.02
78.0960,-0.045665,0.009463,0,46.58,91.02
78.1040,-0.054945,0.063423,0,46.58,91.02
78.1120,-0.070085,0.052962,0,46.58,91.02
78.1200,-0.084737,0.039878,0,46.58,91.02
78.1280,-0.101343,0.027298,0,46.58,91.02
78.1360,-0.116972,0.018077,0,46.58,91.02
78.1440,-0.124298,0.014089,0,46.58,91.02
78.1520,-0.123321,0.015495,0,46.58,91.02
78.1600,-0.117460,0.020584,0,46.58,91.02
78.1680,-0.113553,0.026457,0,46.58,91.02
78.1760,-0.108669,0.030133,0,46.58,91.02
78.1840,-0.114042,0.029623,0,46.58,91.02
78.1920,-0.120391,0.024666,0,46.58,91.02
78.2000,-0.136020,0.016883,0,46.58,91.02
78.2080,-0.151648,-0.054466,0,46.58,91.02
78.2160,-0.167277,-0.063900,0,46.58,91.02
78.2240,-0.177045,-0.065112,0,46.58,91.02
78.2320,-0.164347,-0.056326,0,46.58,91.02
78.2400,-0.139438,-0.039408,0,46.58,91.02
78.2480,-0.116972,-0.019085,0,46.58,91.02
78.2560,-0.098413,-0.000775,0,46.58,91.02
78.2640,-0.088645,0.011341,0,46.58,91.02
78.2720,-0.088645,0.015202,0,46.58,91.02
78.2800,-0.094505,0.010799,0,46.58,91.02
78.2880,-0.108181,-0.000429,0,46.58,91.02
78.2960,-0.125275,-0.016292,0,46.58,91.02
78.3040,-0.142857,-0.034428,0,46.58,91.02
78.3120,-0.153602,-0.014586,0,46.58,91.02
78.3200,-0.157509,-0.019027,0,46.58,91.02
78.3280,-0.156532,-0.018896,0,46.58,91.02
78.3360,-0.151160,-0.015257,0,46.58,91.02
78.3440,-0.148718,-0.009033,0,46.58,91.02
78.3520,-0.148230,-0.000443,0,46.58,91.02
78.3600,-0.143834,0.010438,0,46.58,91.02
78.3680,-0.131136,0.022329,0,46.58,91.02
78.3760,-0.115018,0.031966,0,46.58,91.02
78.3840,-0.106716,0.035040,0,46.58,91.02
78.3920,-0.115995,0.028482,0,46.58,91.02
78.4000,-0.138950,0.012436,0,46.58,91.02
78.4080,-0.168254,-0.009432,0,46.58,91.02
78.4160,-0.189744,-0.059291,0,46.58,91.02
78.4240,-0.188278,-0.058807,0,46.58,91.02
78.4320,-0.164347,-0.046196,0,46.58,91.02
78.4400,-0.133578,-0.025619,0,46.58,91.02
78.4480,-0.110134,-0.003391,0,46.58,91.02
78.4560,-0.093040,0.014888,0,46.58,91.02
78.4640,-0.083272,0.025838,0,46.58,91.02
78.4720,-0.081319,0.028479,0,46.58,91.02
78.4800,-0.087179,0.023786,0,46.58,91.02
78.4880,-0.097924,0.014028,0,46.58,91.02
78.4960,-0.112576,0.001890,0,46.58,91.02
78.5040,-0.122833,-0.010545,0,46.58,91.02
78.5120,-0.127228,-0.022555,0,46.58,91.02
78.5200,-0.124786,0.026574,0,46.58,91.02
78.5280,-0.116972,0.031087,0,46.58,91.02
78.5360,-0.109646,0.037504,0,46.58,91.02
78.5440,-0.105739,0.043630,0,46.58,91.02
78.5520,-0.101343,0.047660,0,46.58,91.02
78.5600,-0.101343,0.048477,0,46.58,91.02
78.5680,-0.106716,0.045895,0,46.58,91.02
78.5760,-0.116484,0.040741,0,46.58,91.02
78.5840,-0.125275,0.034479,0,46.58,91.02
78.5920,-0.132601,0.028564,0,46.58,91.02
78.6000,-0.138950,0.023918,0,46.58,91.02
78.6080,-0.140415,0.020696,0,46.58,91.02
78.6160,-0.142857,0.018374,0,46.58,91.02
78.6240,-0.145299,-0.040843,0,46.58,91.02
78.6320,-0.143346,-0.039945,0,46.58,91.02
78.6400,-0.137485,-0.035748,0,46.58,91.02
78.6480,-0.129670,-0.028272,0,46.58,91.02
78.6560,-0.119414,-0.018214,0,46.58,91.02
78.6640,-0.102808,-0.007051,0,46.58,91.02
78.6720,-0.091575,0.003192,0,46.58,91.02
78.6800,-0.083272,0.010514,0,46.58,91.02
78.6880,-0.078388,0.013457,0,46.58,91.02
78.6960,-0.079853,0.011408,0,46.58,91.02
78.7040,-0.085714,0.004732,0,46.58,91.02
78.7120,-0.094505,-0.005377,0,46.58,91.02
78.7200,-0.101832,-0.017269,0,46.58,91.02
78.7280,-0.109158,0.004488,0,46.58,91.02
78.7360,-0.111600,-0.001167,0,46.58,91.02
78.7440,-0.110623,-0.005195,0,46.58,91.02
78.7520,-0.112088,-0.008405,0,46.58,91.02
78.7600,-0.116972,-0.011348,0,46.58,91.02
78.7680,-0.121856,-0.013875,0,46.58,91.02
78.7760,-0.125275,-0.015394,0,46.58,91.02
78.7840,-0.124786,-0.015420,0,46.58,91.02
78.7920,-0.123321,-0.013946,0,46.58,91.02
78.8000,-0.117460,-0.011398,0,46.58,91.02
78.8080,-0.116972,-0.008306,0,46.58,91.02
78.8160,-0.112088,-0.005017,0,46.58,91.02
78.8240,-0.109158,-0.001675,0,46.58,91.02
78.8320,-0.105739,0.007122,0,46.58,91.02
78.8400,-0.102808,0.006889,0,46.58,91.02
78.8480,-0.105739,0.004132,0,46.58,91.02
78.8560,-0.113553,-0.000443,0,46.58,91.02
78.8640,-0.119902,-0.005197,0,46.58,91.02
78.8720,-0.126252,-0.008260,0,46.58,91.02
78.8800,-0.126252,-0.008459,0,46.58,91.02
78.8880,-0.118926,-0.005938,0,46.58,91.02
78.8960,-0.113553,-0.002016,0,46.58,91.02
78.9040,-0.108669,0.001599,0,46.58,91.02
78.9120,-0.104274,0.003618,0,46.58,91.02
78.9200,-0.106227,0.003685,0,46.58,91.02
78.9280,-0.107692,0.002458,0,46.58,91.02
78.9360,-0.108669,0.013556,0,46.58,91.02
78.9440,-0.108181,0.014759,0,46.58,91.02
78.9520,-0.103785,0.017209,0,46.58,91.02
78.9600,-0.098901,0.020393,0,46.58,91.02
78.9680,-0.095971,0.023393,0,46.58,91.02
78.9760,-0.094017,0.025373,0,46.58,91.02
78.9840,-0.096947,0.025892,0,46.58,91.02
78.9920,-0.099389,0.024916,0,46.58,91.02
79.0000,-0.101343,0.022625,0,46.58,91.02
79.0080,-0.106716,0.019335,0,46.58,91.02
79.0160,-0.114530,0.015504,0,46.58,91.02
79.0240,-0.117460,0.011561,0,46.58,91.02
79.0320,-0.121856,0.007679,0,46.58,91.02
79.0400,-0.123810,-0.017464,0,46.58,91.02
79.0480,-0.121856,-0.017950,0,46.58,91.02
79.0560,-0.119414,-0.017745,0,46.58,91.02
79.0640,-0.118437,-0.017466,0,46.58,91.02
79.0720,-0.118437,-0.017364,0,46.58,91.02
79.0800,-0.119414,-0.017216,0,46.58,91.02
79.0880,-0.117949,-0.016552,0,46.58,91.02
79.0960,-0.116972,-0.015010,0,46.58,91.02
79.1040,-0.113553,-0.012653,0,46.58,91.02
79.1120,-0.106716,-0.010096,0,46.58,91.02
79.1200,-0.101832,-0.008239,0,46.58,91.02
79.1280,-0.101343,-0.007631,0,46.58,91.02
79.1360,-0.104274,-0.007992,0,46.58,91.02
79.1440,-0.108181,-0.012304,0,46.58,91.02
79.1520,-0.111600,-0.015679,0,46.58,91.02
79.1600,-0.111600,-0.019446,0,46.58,91.02
79.1680,-0.113065,-0.023590,0,46.58,91.02
79.1760,-0.116972,-0.027978,0,46.58,91.02
79.1840,-0.121856,-0.031983,0,46.58,91.02
79.1920,-0.125275,-0.034591,0,46.58,91.02
79.2000,-0.124786,-0.034886,0,46.58,91.02
79.2080,-0.120879,-0.032512,0,46.58,91.02
79.2160,-0.114530,-0.027834,0,46.58,91.02
79.2240,-0.104762,-0.021745,0,46.58,91.02
79.2320,-0.096459,-0.015190,0,46.58,91.02
79.2400,-0.092063,-0.008663,0,46.58,91.02
79.2480,-0.090598,0.008339,0,46.58,91.02
79.2560,-0.093529,0.007026,0,46.58,91.02
79.2640,-0.096459,0.003833,0,46.58,91.02
79.2720,-0.101343,0.000098,0,46.58,91.02
79.2800,-0.103785,-0.002817,0,46.58,91.02
79.2880,-0.106716,-0.003854,0,46.58,91.02
79.2960,-0.105739,-0.002585,0,46.58,91.02
79.3040,-0.101343,0.000501,0,46.58,91.02
79.3120,-0.093529,0.004037,0,46.58,91.02
79.3200,-0.089133,0.006408,0,46.58,91.02
79.3280,-0.091087,0.006636,0,46.58,91.02
79.3360,-0.094017,0.004809,0,46.58,91.02
79.3440,-0.095971,0.001802,0,46.58,91.02
79.3520,-0.100366,0.005814,0,46.58,91.02
79.3600,-0.101343,0.002120,0,46.58,91.02
79.3680,-0.105250,-0.001032,0,46.58,91.02
79.3760,-0.107204,-0.003166,0,46.58,91.02
79.3840,-0.108181,-0.003943,0,46.58,91.02
79.3920,-0.107204,-0.003323,0,46.58,91.02
79.4000,-0.103785,-0.001641,0,46.58,91.02
79.4080,-0.101832,0.000492,0,46.58,91.02
79.4160,-0.099878,0.002402,0,46.58,91.02
79.4240,-0.098901,0.003503,0,46.58,91.02
79.4320,-0.097924,0.003368,0,46.58,91.02
79.4400,-0.097924,0.001888,0,46.58,91.02
79.4480,-0.102808,-0.000506,0,46.58,91.02
79.4560,-0.110623,-0.030216,0,46.58,91.02
79.4640,-0.116972,-0.035729,0,46.58,91.02
79.4720,-0.119414,-0.038533,0,46.58,91.02
79.4800,-0.116972,-0.037667,0,46.58,91.02
79.4880,-0.108181,-0.033377,0,46.58,91.02
79.4960,-0.099389,-0.026907,0,46.58,91.02
79.5040,-0.090110,-0.019873,0,46.58,91.02
79.5120,-0.084737,-0.013702,0,46.58,91.02
79.5200,-0.078877,-0.009430,0,46.58,91.02
79.5280,-0.074969,-0.007772,0,46.58,91.02
79.5360,-0.073504,-0.009090,0,46.58,91.02
79.5440,-0.076923,-0.013125,0,46.58,91.02
79.5520,-0.083272,-0.018817,0,46.58,91.02
79.5600,-0.092063,-0.010642,0,46.58,91.02
79.5680,-0.101832,-0.020106,0,46.58,91.02
79.5760,-0.109646,-0.028202,0,46.58,91.02
79.5840,-0.114042,-0.033501,0,46.58,91.02
79.5920,-0.114530,-0.035269,0,46.58,91.02
79.6000,-0.110623,-0.033607,0,46.58,91.02
79.6080,-0.105739,-0.029327,0,46.58,91.02
79.6160,-0.099389,-0.023694,0,46.58,91.02
79.6240,-0.092063,-0.018160,0,46.58,91.02
79.6320,-0.085714,-0.014032,0,46.58,91.02
79.6400,-0.084737,-0.012053,0,46.58,91.02
79.6480,-0.084249,-0.012131,0,46.58,91.02
79.6560,-0.085714,-0.013441,0,46.58,91.02
79.6640,-0.087179,0.008903,0,46.58,91.02
79.6720,-0.092063,0.005978,0,46.58,91.02
79.6800,-0.093529,0.003680,0,46.58,91.02
79.6880,-0.095482,0.002803,0,46.58,91.02
79.6960,-0.094994,0.003649,0,46.58,91.02
79.7040,-0.092063,0.005799,0,46.58,91.02
79.7120,-0.085714,0.008127,0,46.58,91.02
79.7200,-0.082295,0.009325,0,46.58,91.02
79.7280,-0.085714,0.008728,0,46.58,91.02
79.7360,-0.090110,0.006736,0,46.58,91.02
79.7440,-0.094994,0.004398,0,46.58,91.02
79.7520,-0.095971,0.002577,0,46.58,91.02
79.7600,-0.094017,0.001356,0,46.58,91.02
79.7680,-0.093040,-0.027540,0,46.58,91.02
79.7760,-0.093040,-0.029148,0,46.58,91.02
79.7840,-0.094017,-0.030076,0,46.58,91.02
79.7920,-0.095482,-0.029563,0,46.58,91.02
79.8000,-0.091575,-0.026971,0,46.58,91.02
79.8080,-0.084249,-0.022388,0,46.58,91.02
79.8160,-0.076435,-0.016745,0,46.58,91.02
79.8240,-0.070085,-0.011431,0,46.58,91.02
79.8320,-0.063736,-0.007756,0,46.58,91.02
79.8400,-0.062759,-0.006476,0,46.58,91.02
79.8480,-0.065690,-0.007555,0,46.58,91.02
79.8560,-0.066667,-0.010349,0,46.58,91.02
79.8640,-0.068620,-0.014006,0,46.58,91.02
79.8720,-0.069109,-0.000825,0,46.58,91.02
79.8800,-0.070574,-0.006194,0,46.58,91.02
79.8880,-0.074969,-0.013335,0,46.58,91.02
79.8960,-0.082784,-0.021603,0,46.58,91.02
79.9040,-0.093040,-0.029335,0,46.58,91.02
79.9120,-0.099389,-0.034410,0,46.58,91.02
79.9200,-0.098413,-0.035267,0,46.58,91.02
79.9280,-0.093040,-0.031697,0,46.58,91.02
79.9360,-0.084249,-0.024966,0,46.58,91.02
79.9440,-0.070574,-0.017329,0,46.58,91.02
79.9520,-0.062759,-0.011022,0,46.58,91.02
79.9600,-0.059341,-0.007133,0,46.58,91.02
79.9680,-0.060806,-0.005063,0,46.58,91.02
79.9760,-0.062271,-0.006201,0,46.58,91.02
79.9840,-0.063248,-0.012345,0,46.58,91.02
79.9920,-0.070085,-0.021443,0,46.58,91.02
80.0000,-0.080830,-0.032544,0,46.58,91.02
80.0080,-0.090598,-0.043925,0,46.58,91.02
80.0160,-0.101343,-0.053385,0,46.58,91.02
80.0240,-0.106227,-0.058825,0,46.58,91.02
80.0320,-0.105739,-0.058948,0,46.58,91.02
80.0400,-0.096947,-0.053727,0,46.58,91.02
80.0480,-0.084737,-0.044386,0,46.58,91.02
80.0560,-0.068620,-0.032831,0,46.58,91.02
80.0640,-0.054945,-0.020745,0,46.58,91.02
80.0720,-0.046642,-0.008857,0,46.58,91.02
80.0800,-0.042247,-0.023521,0,46.58,91.02
80.0880,-0.039316,-0.024249,0,46.58,91.02
80.0960,-0.042247,-0.027156,0,46.58,91.02
80.1040,-0.046154,-0.029890,0,46.58,91.02
80.1120,-0.046154,-0.030140,0,46.58,91.02
80.1200,-0.038828,-0.026701,0,46.58,91.02
80.1280,-0.026129,-0.020011,0,46.58,91.02
80.1360,-0.016850,-0.011832,0,46.58,91.02
80.1440,-0.006105,-0.004490,0,46.58,91.02
80.1520,0.003175,-0.000187,0,46.58,91.02
80.1600,0.005617,-0.000327,0,46.58,91.02
80.1680,0.003175,-0.004888,0,46.58,91.02
80.1760,-0.005128,-0.012228,0,46.58,91.02
80.1840,-0.012454,0.055159,0,46.58,91.02
80.1920,-0.021734,0.049329,0,46.58,91.02
80.2000,-0.025641,0.046383,0,46.58,91.02
80.2080,-0.023199,0.047096,0,46.58,91.02
80.2160,-0.019292,0.050728,0,46.58,91.02
80.2240,-0.010012,0.055295,0,46.58,91.02
80.2320,-0.005128,0.058363,0,46.58,91.02
80.2400,-0.006105,0.058085,0,46.58,91.02
80.2480,-0.011966,0.053940,0,46.58,91.02
80.2560,-0.022711,0.046759,0,46.58,91.02
80.2640,-0.033944,0.038104,0,46.58,91.02
80.2720,-0.043712,0.029356,0,46.58,91.02
80.2800,-0.048107,0.020996,0,46.58,91.02
80.2880,-0.053480,-0.005830,0,46.58,91.02
80.2960,-0.056899,-0.012758,0,46.58,91.02
80.3040,-0.063736,-0.020226,0,46.58,91.02
80.3120,-0.071062,-0.028138,0,46.58,91.02
80.3200,-0.080342,-0.035517,0,46.58,91.02
80.3280,-0.084737,-0.040896,0,46.58,91.02
80.3360,-0.085714,-0.042952,0,46.58,91.02
80.3440,-0.085714,-0.041047,0,46.58,91.02
80.3520,-0.076923,-0.035615,0,46.58,91.02
80.3600,-0.064713,-0.028189,0,46.58,91.02
80.3680,-0.054945,-0.020716,0,46.58,91.02
80.3760,-0.051038,-0.014435,0,46.58,91.02
80.3840,-0.049573,-0.009244,0,46.58,91.02
80.3920,-0.051038,0.011577,0,46.58,91.02
80.4000,-0.053480,0.011618,0,46.58,91.02
80.4080,-0.053968,0.011110,0,46.58,91.02
80.4160,-0.054457,0.010467,0,46.58,91.02
80.4240,-0.055433,0.009637,0,46.58,91.02
80.4320,-0.056899,0.008366,0,46.58,91.02
80.4400,-0.059829,0.006527,0,46.58,91.02
80.4480,-0.065690,0.004349,0,46.58,91.02
80.4560,-0.070085,0.002386,0,46.58,91.02
80.4640,-0.073504,0.001229,0,46.58,91.02
80.4720,-0.076435,0.001224,0,46.58,91.02
80.4800,-0.076435,0.002327,0,46.58,91.02
80.4880,-0.076435,0.004107,0,46.58,91.02
80.4960,-0.076435,0.036550,0,46.58,91.02
80.5040,-0.074481,0.041946,0,46.58,91.02
80.5120,-0.071062,0.047845,0,46.58,91.02
80.5200,-0.068132,0.053502,0,46.58,91.02
80.5280,-0.067643,0.058068,0,46.58,91.02
80.5360,-0.069597,0.060769,0,46.58,91.02
80.5440,-0.070574,0.060983,0,46.58,91.02
80.5520,-0.077411,0.058382,0,46.58,91.02
80.5600,-0.086691,0.053156,0,46.58,91.02
80.5680,-0.099389,0.046024,0,46.58,91.02
80.5760,-0.109646,0.037897,0,46.58,91.02
80.5840,-0.121368,0.029478,0,46.58,91.02
80.5920,-0.131136,0.021075,0,46.58,91.02
80.6000,-0.137973,-0.668991,0,46.58,91.02
80.6080,-0.139438,-0.696304,0,46.58,91.02
80.6160,-0.132601,-0.716454,0,46.58,91.02
80.6240,-0.117460,-0.728043,0,46.58,91.02
80.6320,-0.090110,-0.730415,0,46.58,91.02
80.6400,-0.051526,-0.723586,0,46.58,91.02
80.6480,-0.002686,-0.707615,0,46.58,91.02
80.6560,0.051038,-0.681535,0,46.58,91.02
80.6640,0.108181,-0.642681,0,46.58,91.02
80.6720,0.179976,-0.587555,0,46.58,91.02
80.6800,0.280586,-0.514291,0,46.58,91.02
80.6880,0.399756,-0.425044,0,46.58,91.02
80.6960,0.534066,-0.326566,0,46.58,91.02
80.7040,0.675702,0.760512,0,46.58,91.02
80.7120,0.829060,0.863344,0,46.58,91.02
80.7200,0.974115,0.945557,0,46.58,91.02
80.7280,1.000000,0.993849,0,46.58,91.02
80.7360,1.000000,1.000000,1,46.58,91.02
80.7440,0.921368,0.963543,1,46.58,91.02
80.7520,0.713797,0.892810,0,46.58,91.02
80.7600,0.518926,0.802755,0,46.58,91.02
80.7680,0.339683,0.709242,0,46.58,91.02
80.7760,0.173626,0.623956,0,46.58,91.02
80.7840,0.024176,0.552668,0,46.58,91.02
80.7920,-0.105739,0.495366,0,46.58,91.02
80.8000,-0.197070,0.446882,0,46.58,91.02
80.8080,-0.250305,-0.251331,0,46.58,91.02
80.8160,-0.255189,-0.260510,0,46.58,91.02
80.8240,-0.226374,-0.237412,0,46.58,91.02
80.8320,-0.180952,-0.192816,0,46.58,91.02
80.8400,-0.124298,-0.139200,0,46.58,91.02
80.8480,-0.070574,-0.088447,0,46.58,91.02
80.8560,-0.033455,-0.049762,0,46.58,91.02
80.8640,-0.016361,-0.028262,0,46.58,91.02
80.8720,-0.014896,-0.024764,0,46.58,91.02
80.8800,-0.029548,-0.036715,0,46.58,91.02
80.8880,-0.052991,-0.059669,0,46.58,91.02
80.8960,-0.081319,-0.088902,0,46.58,91.02
80.9040,-0.101832,-0.120652,0,46.58,91.02
80.9120,-0.113553,-0.138160,0,46.58,91.02
80.9200,-0.115995,-0.146551,0,46.58,91.02
80.9280,-0.111600,-0.148593,0,46.58,91.02
80.9360,-0.106716,-0.146827,0,46.58,91.02
80.9440,-0.101343,-0.143731,0,46.58,91.02
80.9520,-0.100366,-0.140776,0,46.58,91.02
80.9600,-0.099878,-0.138075,0,46.58,91.02
80.9680,-0.102320,-0.134614,0,46.58,91.02
80.9760,-0.102808,-0.128910,0,46.58,91.02
80.9840,-0.100855,-0.119849,0,46.58,91.02
80.9920,-0.094994,-0.107255,0,46.58,91.02
81.0000,-0.094994,-0.091864,0,46.58,91.02
81.0080,-0.095971,-0.074940,0,46.58,91.02
81.0160,-0.098901,-0.205453,0,46.58,91.02
81.0240,-0.099878,-0.191690,0,46.58,91.02
81.0320,-0.099878,-0.175548,0,46.58,91.02
81.0400,-0.098901,-0.157657,0,46.58,91.02
81.0480,-0.096459,-0.138778,0,46.58,91.02
81.0560,-0.093529,-0.119595,0,46.58,91.02
81.0640,-0.086203,-0.100858,0,46.58,91.02
81.0720,-0.073016,-0.083844,0,46.58,91.02
81.0800,-0.057875,-0.070584,0,46.58,91.02
81.0880,-0.046642,-0.063359,0,46.58,91.02
81.0960,-0.038339,-0.063663,0,46.58,91.02
81.1040,-0.038828,-0.071146,0,46.58,91.02
81.1120,-0.047131,-0.083132,0,46.58,91.02
81.1200,-0.055433,0.012237,0,46.58,91.02
81.1280,-0.065201,-0.004038,0,46.58,91.02
81.1360,-0.077411,-0.021361,0,46.58,91.02
81.1440,-0.093040,-0.037757,0,46.58,91.02
81.1520,-0.106227,-0.051154,0,46.58,91.02
81.1600,-0.114042,-0.059718,0,46.58,91.02
81.1680,-0.117949,-0.062277,0,46.58,91.02
81.1760,-0.116484,-0.058634,0,46.58,91.02
81.1840,-0.106716,-0.049828,0,46.58,91.02
81.1920,-0.091087,-0.038117,0,46.58,91.02
81.2000,-0.073504,-0.026292,0,46.58,91.02
81.2080,-0.060806,-0.016325,0,46.58,91.02
81.2160,-0.059829,-0.008182,0,46.58,91.02
81.2240,-0.063248,-0.020768,0,46.58,91.02
81.2320,-0.073016,-0.032223,0,46.58,91.02
81.2400,-0.086203,-0.047211,0,46.58,91.02
81.2480,-0.101343,-0.062584,0,46.58,91.02
81.2560,-0.108669,-0.075223,0,46.58,91.02
81.2640,-0.115995,-0.082613,0,46.58,91.02
81.2720,-0.116972,-0.083270,0,46.58,91.02
81.2800,-0.105739,-0.077248,0,46.58,91.02
81.2880,-0.088156,-0.066333,0,46.58,91.02
81.2960,-0.070085,-0.053370,0,46.58,91.02
81.3040,-0.054457,-0.040948,0,46.58,91.02
81.3120,-0.045177,-0.030298,0,46.58,91.02
81.3200,-0.035897,-0.021052,0,46.58,91.02
81.3280,-0.030037,0.023319,0,46.58,56.57
81.3360,-0.030525,0.019547,0,46.58,56.57
81.3440,-0.038828,0.010666,0,46.58,56.57
81.3520,-0.053480,-0.001182,0,46.58,56.57
81.3600,-0.064713,-0.013060,0,46.58,56.57
81.3680,-0.071551,-0.022252,0,46.58,56.57
81.3760,-0.076923,-0.027050,0,46.58,56.57
81.3840,-0.072527,-0.027071,0,46.58,56.57
81.3920,-0.067155,-0.023118,0,46.58,56.57
81.4000,-0.059341,-0.016612,0,46.58,56.57
81.4080,-0.053480,-0.008933,0,46.58,56.57
81.4160,-0.043223,-0.001022,0,46.58,56.57
81.4240,-0.038339,0.006761,0,46.58,56.57
81.4320,-0.033455,0.044440,0,46.58,56.57
81.4400,-0.031013,0.046099,0,46.58,56.57
81.4480,-0.032479,0.043753,0,46.58,56.57
81.4560,-0.038828,0.037426,0,46.58,56.57
81.4640,-0.046642,0.027844,0,46.58,56.57
81.4720,-0.056899,0.016437,0,46.58,56.57
81.4800,-0.069597,0.005212,0,46.58,56.57
81.4880,-0.077411,-0.003590,0,46.58,56.57
81.4960,-0.082784,-0.008042,0,46.58,56.57
81.5040,-0.083272,-0.007055,0,46.58,56.57
81.5120,-0.075458,-0.000754,0,46.58,56.57
81.5200,-0.062271,0.009541,0,46.58,56.57
81.5280,-0.053480,0.021872,0,46.58,56.57
81.5360,-0.051038,0.009121,0,46.58,56.57
81.5440,-0.053480,0.011539,0,46.58,56.57
81.5520,-0.052015,0.011614,0,46.58,56.57
81.5600,-0.049084,0.009757,0,46.58,56.57
81.5680,-0.051038,0.006262,0,46.58,56.57
81.5760,-0.053968,0.001706,0,46.58,56.57
81.5840,-0.060806,-0.002818,0,46.58,56.57
81.5920,-0.063736,-0.006027,0,46.58,56.57
81.6000,-0.063248,-0.007060,0,46.58,56.57
81.6080,-0.060806,-0.005835,0,46.58,56.57
81.6160,-0.055922,-0.002895,0,46.58,56.57
81.6240,-0.054457,0.001040,0,46.58,56.57
81.6320,-0.051038,0.005392,0,46.58,56.57
81.6400,-0.048107,-0.001360,0,46.58,56.57
81.6480,-0.051038,-0.002990,0,46.58,56.57
81.6560,-0.054457,-0.007305,0,46.58,56.57
81.6640,-0.058852,-0.013771,0,46.58,56.57
81.6720,-0.066667,-0.021165,0,46.58,56.57
81.6800,-0.073504,-0.027689,0,46.58,56.57
81.6880,-0.080342,-0.031421,0,46.58,56.57
81.6960,-0.078877,-0.031129,0,46.58,56.57
81.7040,-0.070574,-0.026963,0,46.58,56.57
81.7120,-0.061783,-0.020408,0,46.58,56.57
81.7200,-0.051526,-0.013457,0,46.58,56.57
81.7280,-0.045177,-0.007528,0,46.58,56.57
81.7360,-0.046154,-0.002696,0,46.58,56.57
81.7440,-0.051038,0.003944,0,46.58,56.57
81.7520,-0.054457,-0.000176,0,46.58,56.57
81.7600,-0.057387,-0.005639,0,46.58,56.57
81.7680,-0.066667,-0.011179,0,46.58,56.57
81.7760,-0.069597,-0.015571,0,46.58,56.57
81.7840,-0.070574,-0.017933,0,46.58,56.57
81.7920,-0.071062,-0.017930,0,46.58,56.57
81.8000,-0.068620,-0.015833,0,46.58,56.57
81.8080,-0.059829,-0.012514,0,46.58,56.57
81.8160,-0.054945,-0.009106,0,46.58,56.57
81.8240,-0.054457,-0.006348,0,46.58,56.57
81.8320,-0.053968,-0.004291,0,46.58,56.57
81.8400,-0.051038,-0.002602,0,46.58,56.57
81.8480,-0.046642,0.118718,0,46.58,56.57
81.8560,-0.042247,0.125242,0,46.58,56.57
81.8640,-0.043712,0.129092,0,46.58,56.57
81.8720,-0.048107,0.129111,0,46.58,56.57
81.8800,-0.055922,0.124740,0,46.58,56.57
81.8880,-0.070085,0.116211,0,46.58,56.57
81.8960,-0.085714,0.104623,0,46.58,56.57
81.9040,-0.105739,0.091769,0,46.58,56.57
81.9120,-0.123321,0.079698,0,46.58,56.57
81.9200,-0.137485,0.070103,0,46.58,56.57
81.9280,-0.149206,0.063857,0,46.58,56.57
81.9360,-0.158486,0.060800,0,46.58,56.57
81.9440,-0.162393,0.059742,0,46.58,56.57
81.9520,-0.158974,-0.049241,0,46.58,68.04
81.9600,-0.148718,-0.038276,0,46.58,68.04
81.9680,-0.134066,-0.024382,0,46.58,68.04
81.9760,-0.118437,-0.010729,0,46.58,68.04
81.9840,-0.108669,-0.000315,0,46.58,68.04
81.9920,-0.104762,0.005055,0,46.58,68.04
82.0000,-0.108181,0.005292,0,46.58,68.04
82.0080,-0.114530,0.001831,0,46.58,68.04
82.0160,-0.123810,-0.003115,0,46.58,68.04
82.0240,-0.130159,-0.007540,0,46.58,68.04
82.0320,-0.131136,-0.010427,0,46.58,68.04
82.0400,-0.132601,-0.011860,0,46.58,68.04
82.0480,-0.136020,-0.012518,0,46.58,68.04
82.0560,-0.138950,-0.034779,0,46.58,68.04
82.0640,-0.138462,-0.033012,0,46.58,68.04
82.0720,-0.134066,-0.030084,0,46.58,68.04
82.0800,-0.129182,-0.026909,0,46.58,68.04
82.0880,-0.127228,-0.024467,0,46.58,68.04
82.0960,-0.127228,-0.023269,0,46.58,68.04
82.1040,-0.128205,-0.023146,0,46.58,68.04
82.1120,-0.131624,-0.023409,0,46.58,68.04
82.1200,-0.132112,-0.023252,0,46.58,68.04
82.1280,-0.131624,-0.022172,0,46.58,68.04
82.1360,-0.129182,-0.020130,0,46.58,68.04
82.1440,-0.128205,-0.017398,0,46.58,68.04
82.1520,-0.126740,-0.014335,0,46.58,68.04
82.1600,-0.123321,-0.022137,0,46.58,68.04
82.1680,-0.116972,-0.014231,0,46.58,68.04
82.1760,-0.104762,-0.005173,0,46.58,68.04
82.1840,-0.095971,0.003560,0,46.58,68.04
82.1920,-0.089133,0.010510,0,46.58,68.04
82.2000,-0.085714,0.014820,0,46.58,68.04
82.2080,-0.084737,0.016405,0,46.58,68.04
82.2160,-0.085226,0.015760,0,46.58,68.04
82.2240,-0.086691,0.013592,0,46.58,68.04
82.2320,-0.086691,0.010481,0,46.58,68.04
82.2400,-0.087179,0.006754,0,46.58,68.04
82.2480,-0.090110,0.002604,0,46.58,68.04
82.2560,-0.091575,-0.001777,0,46.58,68.04
82.2640,-0.093040,0.003199,0,46.58,68.04
82.2720,-0.100366,-0.005497,0,46.58,68.04
82.2800,-0.111600,-0.015154,0,46.58,68.04
82.2880,-0.122833,-0.023798,0,46.58,68.04
82.2960,-0.131136,-0.029300,0,46.58,68.04
82.3040,-0.127228,-0.030478,0,46.58,68.04
82.3120,-0.121368,-0.027590,0,46.58,68.04
82.3200,-0.116972,-0.021948,0,46.58,68.04
82.3280,-0.107204,-0.015316,0,46.58,68.04
82.3360,-0.099878,-0.009511,0,46.58,68.04
82.3440,-0.093040,-0.005987,0,46.58,68.04
82.3520,-0.089621,-0.005264,0,46.58,68.04
82.3600,-0.094505,-0.006496,0,46.58,68.04
82.3680,-0.101832,0.003451,0,46.58,68.04
82.3760,-0.110623,-0.003390,0,46.58,68.04
82.3840,-0.116484,-0.008143,0,46.58,68.04
82.3920,-0.116972,-0.009148,0,46.58,68.04
82.4000,-0.109646,-0.006226,0,46.58,68.04
82.4080,-0.101343,-0.000566,0,46.58,68.04
82.4160,-0.094505,0.006003,0,46.58,68.04
82.4240,-0.089133,0.011732,0,46.58,68.04
82.4320,-0.085226,0.015228,0,46.58,68.04
82.4400,-0.082784,0.015452,0,46.58,68.04
82.4480,-0.083272,0.011825,0,46.58,68.04
82.4560,-0.089133,0.004588,0,46.58,68.04
82.4640,-0.100855,-0.004889,0,46.58,68.04
82.4720,-0.111600,-0.033179,0,46.58,68.04
82.4800,-0.124786,-0.044767,0,46.58,68.04
82.4880,-0.133578,-0.051649,0,46.58,68.04
82.4960,-0.134066,-0.051532,0,46.58,68.04
82.5040,-0.124786,-0.043926,0,46.58,68.04
82.5120,-0.108669,-0.030584,0,46.58,68.04
82.5200,-0.088156,-0.015084,0,46.58,68.04
82.5280,-0.073016,-0.001694,0,46.58,68.04
82.5360,-0.062271,0.006038,0,46.58,68.04
82.5440,-0.063736,0.006387,0,46.58,68.04
82.5520,-0.073504,-0.000201,0,46.58,68.04
82.5600,-0.085714,-0.011703,0,46.58,68.04
82.5680,-0.094994,-0.025599,0,46.58,68.04
82.5760,-0.100855,-0.014380,0,46.58,68.04
82.5840,-0.102320,-0.019850,0,46.58,68.04
82.5920,-0.102808,-0.022751,0,46.58,68.04
82.6000,-0.101343,-0.023605,0,46.58,68.04
82.6080,-0.101343,-0.022892,0,46.58,68.04
82.6160,-0.097924,-0.020934,0,46.58,68.04
82.6240,-0.094994,-0.018060,0,46.58,68.04
82.6320,-0.088156,-0.014778,0,46.58,68.04
82.6400,-0.085714,-0.011719,0,46.58,68.04
82.6480,-0.082295,-0.009474,0,46.58,68.04
82.6560,-0.078877,-0.008465,0,46.58,68.04
82.6640,-0.078388,-0.008780,0,46.58,68.04
82.6720,-0.080342,-0.009979,0,46.58,68.04
82.6800,-0.081319,0.005284,0,46.58,68.04
82.6880,-0.084737,0.001807,0,46.58,68.04
82.6960,-0.087179,-0.002815,0,46.58,68.04
82.7040,-0.095482,-0.008099,0,46.58,68.04
82.7120,-0.101832,-0.013177,0,46.58,68.04
82.7200,-0.108669,-0.017028,0,46.58,68.04
82.7280,-0.109646,-0.018887,0,46.58,68.04
82.7360,-0.108181,-0.018545,0,46.58,68.04
82.7440,-0.104274,-0.016336,0,46.58,68.04
82.7520,-0.100366,-0.012897,0,46.58,68.04
82.7600,-0.094017,-0.008896,0,46.58,68.04
82.7680,-0.088645,-0.004827,0,46.58,68.04
82.7760,-0.084737,-0.000861,0,46.58,68.04
82.7840,-0.082295,-0.002218,0,46.58,68.04
82.7920,-0.082784,-0.004641,0,46.58,68.04
82.8000,-0.086203,-0.009961,0,46.58,68.04
82.8080,-0.093040,-0.017279,0,46.58,68.04
82.8160,-0.101832,-0.025041,0,46.58,68.04
82.8240,-0.108181,-0.031477,0,46.58,68.04
82.8320,-0.110623,-0.035150,0,46.58,68.04
82.8400,-0.112088,-0.035324,0,46.58,68.04
82.8480,-0.107692,-0.032065,0,46.58,68.04
82.8560,-0.101343,-0.026182,0,46.58,68.04
82.8640,-0.090598,-0.018924,0,46.58,68.04
82.8720,-0.083272,-0.011404,0,46.58,68.04
82.8800,-0.078388,-0.004073,0,46.58,68.04
82.8880,-0.077411,0.020740,0,46.58,68.04
82.8960,-0.076435,0.021525,0,46.58,68.04
82.9040,-0.079365,0.020533,0,46.58,68.04
82.9120,-0.081319,0.018408,0,46.58,68.04
82.9200,-0.083272,0.015593,0,46.58,68.04
82.9280,-0.085226,0.012286,0,46.58,68.04
82.9360,-0.088645,0.008674,0,46.58,68.04
82.9440,-0.094017,0.005215,0,46.58,68.04
82.9520,-0.098413,0.002648,0,46.58,68.04
82.9600,-0.099878,0.001695,0,46.58,68.04
82.9680,-0.099389,0.002714,0,46.58,68.04
82.9760,-0.098413,0.005541,0,46.58,68.04
82.9840,-0.093529,0.009468,0,46.58,68.04
82.9920,-0.090110,-0.012325,0,46.58,68.04
83.0000,-0.086203,-0.009136,0,46.58,68.04
83.0080,-0.084249,-0.006610,0,46.58,68.04
83.0160,-0.080342,-0.004964,0,46.58,68.04
83.0240,-0.080342,-0.004125,0,46.58,68.04
83.0320,-0.080342,-0.003780,0,46.58,68.04
83.0400,-0.078388,-0.003618,0,46.58,68.04
83.0480,-0.076435,-0.003541,0,46.58,68.04
83.0560,-0.074969,-0.003608,0,46.58,68.04
83.0640,-0.074481,-0.003801,0,46.58,68.04
83.0720,-0.076435,-0.003872,0,46.58,68.04
83.0800,-0.076435,-0.003528,0,46.58,68.04
83.0880,-0.073016,-0.002790,0,46.58,68.04
83.0960,-0.070574,0.022780,0,46.58,68.04
83.1040,-0.067643,0.027210,0,46.58,68.04
83.1120,-0.061294,0.031749,0,46.58,68.04
83.1200,-0.058852,0.035512,0,46.58,68.04
83.1280,-0.055433,0.037632,0,46.58,68.04
83.1360,-0.054945,0.037514,0,46.58,68.04
83.1440,-0.057387,0.035076,0,46.58,68.04
83.1520,-0.062759,0.030876,0,46.58,68.04
83.1600,-0.069597,0.025947,0,46.58,68.04
83.1680,-0.072527,0.021387,0,46.58,68.04
83.1760,-0.078388,0.017991,0,46.58,68.04
83.1840,-0.081319,0.016021,0,46.58,68.04
83.1920,-0.080342,0.015049,0,46.58,68.04
83.2000,-0.075458,0.000435,0,46.58,68.04
83.2080,-0.070085,0.004179,0,46.58,68.04
83.2160,-0.068620,0.007714,0,46.58,68.04
83.2240,-0.063248,0.010233,0,46.58,68.04
83.2320,-0.064713,0.011505,0,46.58,68.04
83.2400,-0.067155,0.011845,0,46.58,68.04
83.2480,-0.064225,0.011727,0,46.58,68.04
83.2560,-0.065201,0.011397,0,46.58,68.04
83.2640,-0.064713,0.010811,0,46.58,68.04
83.2720,-0.062759,0.009777,0,46.58,68.04
83.2800,-0.065690,0.008184,0,46.58,68.04
83.2880,-0.068620,0.006165,0,46.58,68.04
83.2960,-0.069109,0.003965,0,46.58,68.04
83.3040,-0.067643,-0.001046,0,46.58,68.04
83.3120,-0.064713,0.000077,0,46.58,68.04
83.3200,-0.062271,0.001937,0,46.58,68.04
83.3280,-0.062271,0.004417,0,46.58,68.04
83.3360,-0.059829,0.007465,0,46.58,68.04
83.3440,-0.054457,0.010793,0,46.58,68.04
83.3520,-0.049573,0.013769,0,46.58,68.04
83.3600,-0.049573,0.015716,0,46.58,68.04
83.3680,-0.049084,0.016162,0,46.58,68.04
83.3760,-0.048596,0.014828,0,46.58,68.04
83.3840,-0.051526,0.011613,0,46.58,68.04
83.3920,-0.055433,0.006742,0,46.58,68.04
83.4000,-0.062271,0.000878,0,46.58,68.04
83.4080,-0.069109,-0.041050,0,46.58,68.04
83.4160,-0.075458,-0.049221,0,46.58,68.04
83.4240,-0.082295,-0.055868,0,46.58,68.04
83.4320,-0.084249,-0.060126,0,46.58,68.04
83.4400,-0.083761,-0.061624,0,46.58,68.04
83.4480,-0.080342,-0.060524,0,46.58,68.04
83.4560,-0.075946,-0.057351,0,46.58,68.04
83.4640,-0.069109,-0.052790,0,46.58,68.04
83.4720,-0.061783,-0.047515,0,46.58,68.04
83.4800,-0.054457,-0.042029,0,46.58,68.04
83.4880,-0.049084,-0.036586,0,46.58,68.04
83.4960,-0.039316,-0.031263,0,46.58,68.04
83.5040,-0.033455,-0.026046,0,46.58,68.04
83.5120,-0.031013,0.018340,0,46.58,68.04
83.5200,-0.034432,0.014373,0,46.58,68.04
83.5280,-0.041270,0.006405,0,46.58,68.04
83.5360,-0.055433,-0.003971,0,46.58,68.04
83.5440,-0.067155,-0.014455,0,46.58,68.04
83.5520,-0.072527,-0.022906,0,46.58,68.04
83.5600,-0.076923,-0.027965,0,46.58,68.04
83.5680,-0.078388,-0.029122,0,46.58,68.04
83.5760,-0.073504,-0.026588,0,46.58,68.04
83.5840,-0.067643,-0.021115,0,46.58,68.04
83.5920,-0.059829,-0.013673,0,46.58,68.04
83.6000,-0.051038,-0.005151,0,46.58,68.04
83.6080,-0.043223,0.003808,0,46.58,68.04
83.6160,-0.038828,0.036420,0,46.58,68.04
83.6240,-0.033944,0.039486,0,46.58,68.04
83.6320,-0.035409,0.038459,0,46.58,68.04
83.6400,-0.041270,0.033379,0,46.58,68.04
83.6480,-0.053480,0.025234,0,46.58,68.04
83.6560,-0.062759,0.015674,0,46.58,68.04
83.6640,-0.072527,0.006517,0,46.58,68.04
83.6720,-0.082295,-0.000585,0,46.58,68.04
83.6800,-0.085714,-0.004357,0,46.58,68.04
83.6880,-0.086691,-0.004073,0,46.58,68.04
83.6960,-0.085714,0.000389,0,46.58,68.04
83.7040,-0.078877,0.008433,0,46.58,68.04
83.7120,-0.067643,0.018600,0,46.58,68.04
83.7200,-0.054457,0.025959,0,46.58,68.04
83.7280,-0.037363,0.041818,0,46.58,68.04
83.7360,-0.021734,0.055133,0,46.58,68.04
83.7440,-0.013919,0.063155,0,46.58,68.04
83.7520,-0.012943,0.064244,0,46.58,68.04
83.7600,-0.021245,0.058440,0,46.58,68.04
83.7680,-0.032479,0.047486,0,46.58,68.04
83.7760,-0.049084,0.034425,0,46.58,68.04
83.7840,-0.065201,0.022847,0,46.58,68.04
83.7920,-0.074481,0.015810,0,46.58,68.04
83.8000,-0.074969,0.014759,0,46.58,68.04
83.8080,-0.070574,0.019104,0,46.58,68.04
83.8160,-0.063736,0.026580,0,46.58,68.04
83.8240,-0.055433,-0.002970,0,46.58,68.04
83.8320,-0.052015,0.002369,0,46.58,68.04
83.8400,-0.051038,0.005821,0,46.58,68.04
83.8480,-0.051038,0.007611,0,46.58,68.04
83.8560,-0.051038,0.008446,0,46.58,68.04
83.8640,-0.050061,0.008908,0,46.58,68.04
83.8720,-0.047619,0.009114,0,46.58,68.04
83.8800,-0.045665,0.008810,0,46.58,68.04
83.8880,-0.047131,0.007785,0,46.58,68.04
83.8960,-0.050061,0.006225,0,46.58,68.04
83.9040,-0.053968,0.004647,0,46.58,68.04
83.9120,-0.054457,0.003474,0,46.58,68.04
83.9200,-0.054457,0.002690,0,46.58,68.04
83.9280,-0.053968,-0.047068,0,46.58,68.04
83.9360,-0.053968,-0.049079,0,46.58,68.04
83.9440,-0.054457,-0.051044,0,46.58,68.04
83.9520,-0.054457,-0.052691,0,46.58,68.04
83.9600,-0.054457,-0.053453,0,46.58,68.04
83.9680,-0.052991,-0.052750,0,46.58,68.04
83.9760,-0.045665,-0.050362,0,46.58,68.04
83.9840,-0.038339,-0.046591,0,46.58,68.04
83.9920,-0.030525,-0.042023,0,46.58,68.04
84.0000,-0.023199,-0.037178,0,46.58,68.04
84.0080,-0.016850,-0.032351,0,46.58,68.04
84.0160,-0.008059,-0.027652,0,46.58,68.04
84.0240,-0.002198,-0.023079,0,46.58,68.04
84.0320,0.008059,0.018032,0,46.58,68.04
84.0400,0.016850,0.027609,0,46.58,68.04
84.0480,0.027106,0.036192,0,46.58,68.04
84.0560,0.036874,0.041790,0,46.58,68.04
84.0640,0.039805,0.042537,0,46.58,68.04
84.0720,0.037363,0.037705,0,46.58,68.04
84.0800,0.025641,0.028420,0,46.58,68.04
84.0880,0.011477,0.017545,0,46.58,68.04
84.0960,0.003175,0.008583,0,46.58,68.04
84.1040,-0.000733,0.004205,0,46.58,68.04
84.1120,0.007570,0.005255,0,46.58,68.04
84.1200,0.016361,0.010735,0,46.58,68.04
84.1280,0.024664,0.018574,0,46.58,68.04
84.1360,0.029548,0.096321,0,46.58,68.04
84.1440,0.036874,0.105409,0,46.58,68.04
84.1520,0.041758,0.112280,0,46.58,68.04
84.1600,0.043712,0.116069,0,46.58,68.04
84.1680,0.041758,0.116212,0,46.58,68.04
84.1760,0.035897,0.112526,0,46.58,68.04
84.1840,0.028571,0.105260,0,46.58,68.04
84.1920,0.015873,0.095161,0,46.58,68.04
84.2000,0.003663,0.083568,0,46.58,68.04
84.2080,-0.014408,0.072301,0,46.58,68.04
84.2160,-0.026618,0.063098,0,46.58,68.04
84.2240,-0.034432,0.056716,0,46.58,68.04
84.2320,-0.035897,0.052361,0,46.58,68.04
84.2400,-0.037851,0.020527,0,46.58,68.04
84.2480,-0.038828,0.018968,0,46.58,68.04
84.2560,-0.043223,0.016807,0,46.58,68.04
84.2640,-0.049573,0.013761,0,46.58,68.04
84.2720,-0.054457,0.010225,0,46.58,68.04
84.2800,-0.059341,0.006882,0,46.58,68.04
84.2880,-0.064225,0.004383,0,46.58,68.04
84.2960,-0.067643,0.003138,0,46.58,68.04
84.3040,-0.068620,0.003147,0,46.58,68.04
84.3120,-0.069109,0.004001,0,46.58,68.04
84.3200,-0.070085,0.005108,0,46.58,68.04
84.3280,-0.071062,0.006022,0,46.58,68.04
84.3360,-0.075458,0.006687,0,46.58,68.04
84.3440,-0.080342,-0.059323,0,46.58,68.04
84.3520,-0.080830,-0.059052,0,46.58,68.04
84.3600,-0.077900,-0.056954,0,46.58,68.04
84.3680,-0.074481,-0.053597,0,46.58,68.04
84.3760,-0.070085,-0.049983,0,46.58,68.04
84.3840,-0.068620,-0.046995,0,46.58,68.04
84.3920,-0.068132,-0.045008,0,46.58,68.04
84.4000,-0.067155,-0.043827,0,46.58,68.04
84.4080,-0.067155,-0.042841,0,46.58,68.04
84.4160,-0.067155,-0.041226,0,46.58,68.04
84.4240,-0.066667,-0.038241,0,46.58,68.04
84.4320,-0.063248,-0.033626,0,46.58,68.04
84.4400,-0.056410,-0.027894,0,46.58,68.04
84.4480,-0.054457,0.016384,0,46.58,68.04
84.4560,-0.054457,0.019719,0,46.58,68.04
84.4640,-0.055922,0.021110,0,46.58,68.04
84.4720,-0.059829,0.020840,0,46.58,68.04
84.4800,-0.064713,0.019686,0,46.58,68.04
84.4880,-0.070085,0.018673,0,46.58,68.04
84.4960,-0.074481,0.018663,0,46.58,68.04
84.5040,-0.074969,0.019873,0,46.58,68.04
84.5120,-0.074481,0.021589,0,46.58,68.04
84.5200,-0.071062,0.022354,0,46.58,68.04
84.5280,-0.073016,0.020712,0,46.58,68.04
84.5360,-0.080342,0.016157,0,46.58,68.04
84.5440,-0.092063,0.009624,0,46.58,68.04
84.5520,-0.106227,-0.593363,0,46.58,68.04
84.5600,-0.121368,-0.633283,0,46.58,68.04
84.5680,-0.135043,-0.671156,0,46.58,68.04
84.5760,-0.141880,-0.703059,0,46.58,68.04
84.5840,-0.137973,-0.725036,0,46.58,68.04
84.5920,-0.119902,-0.733604,0,46.58,68.04
84.6000,-0.085226,-0.726032,0,46.58,68.04
84.6080,-0.032967,-0.700363,0,46.58,68.04
84.6160,0.034432,-0.655329,0,46.58,68.04
84.6240,0.118926,-0.590594,0,46.58,68.04
84.6320,0.225885,-0.507565,0,46.58,68.04
84.6400,0.351893,-0.410255,0,46.58,68.04
84.6480,0.484249,-0.305259,0,46.58,68.04
84.6560,0.621001,0.723902,0,46.58,68.04
84.6640,0.774359,0.830266,0,46.58,68.04
84.6720,0.923810,0.920104,0,46.58,68.04
84.6800,1.000000,0.979976,1,46.58,68.04
84.6880,1.000000,1.000000,1,46.58,68.04
84.6960,0.945788,0.977295,1,46.58,68.04
84.7040,0.785104,0.917186,0,46.58,68.04
84.7120,0.595116,0.831779,0,46.58,68.04
84.7200,0.407570,0.735940,0,46.58,68.04
84.7280,0.222466,0.642800,0,46.58,68.04
84.7360,0.051526,0.560874,0,46.58,68.04
84.7440,-0.094017,0.492507,0,46.58,68.04
84.7520,-0.190720,0.433393,0,46.58,68.04
84.7600,-0.236630,-0.242795,0,46.58,68.04
84.7680,-0.236630,-0.248414,0,46.58,68.04
84.7760,-0.203907,-0.220609,0,46.58,68.04
84.7840,-0.150672,-0.173651,0,46.58,68.04
84.7920,-0.098413,-0.122353,0,46.58,68.04
84.8000,-0.054457,-0.078923,0,46.58,68.04
84.8080,-0.031013,-0.050770,0,46.58,68.04
84.8160,-0.026618,-0.039794,0,46.58,68.04
84.8240,-0.037363,-0.043321,0,46.58,68.04
84.8320,-0.052991,-0.056284,0,46.58,68.04
84.8400,-0.069597,-0.073659,0,46.58,68.04
84.8480,-0.080830,-0.092140,0,46.58,68.04
84.8560,-0.093040,-0.110471,0,46.58,68.04
84.8640,-0.104762,-0.097044,0,46.58,68.04
84.8720,-0.116972,-0.107855,0,46.58,68.04
84.8800,-0.124786,-0.115609,0,46.58,68.04
84.8880,-0.127228,-0.120147,0,46.58,68.04
84.8960,-0.126252,-0.121897,0,46.58,68.04
84.9040,-0.124298,-0.121675,0,46.58,68.04
84.9120,-0.123321,-0.120188,0,46.58,68.04
84.9200,-0.123321,-0.117556,0,46.58,68.04
84.9280,-0.125275,-0.113139,0,46.58,68.04
84.9360,-0.127717,-0.105767,0,46.58,68.04
84.9440,-0.130159,-0.094397,0,46.58,68.04
84.9520,-0.128205,-0.078961,0,46.58,68.04
84.9600,-0.124786,-0.060879,0,46.58,68.04
84.9680,-0.118437,-0.162496,0,46.58,68.04
84.9760,-0.112576,-0.139518,0,46.58,68.04
84.9840,-0.107692,-0.114815,0,46.58,68.04
84.9920,-0.103785,-0.090776,0,46.58,68.04
85.0000,-0.101343,-0.069788,0,46.58,68.04
85.0080,-0.101343,-0.053729,0,46.58,68.04
85.0160,-0.107692,-0.043454,0,46.58,68.04
85.0240,-0.114530,-0.038638,0,46.58,68.04
85.0320,-0.119902,-0.038167,0,46.58,68.04
85.0400,-0.124298,-0.040688,0,46.58,68.04
85.0480,-0.127717,-0.044958,0,46.58,68.04
85.0560,-0.127717,-0.050053,0,46.58,68.04
85.0640,-0.126252,-0.055462,0,46.58,68.04
85.0720,-0.122344,-0.033762,0,46.58,68.04
85.0800,-0.116972,-0.032079,0,46.58,68.04
85.0880,-0.112088,-0.028788,0,46.58,68.04
85.0960,-0.107692,-0.024257,0,46.58,68.04
85.1040,-0.101343,-0.019040,0,46.58,68.04
85.1120,-0.095971,-0.013849,0,46.58,68.04
85.1200,-0.093040,-0.009364,0,46.58,68.04
85.1280,-0.091087,-0.006075,0,46.58,68.04
85.1360,-0.088645,-0.004304,0,46.58,68.04
85.1440,-0.087179,-0.004253,0,46.58,68.04
85.1520,-0.088645,-0.005894,0,46.58,68.04
85.1600,-0.092063,-0.008855,0,46.58,68.04
85.1680,-0.093529,-0.012523,0,46.58,68.04
85.1760,-0.093529,0.004365,0,46.58,68.04
85.1840,-0.093040,0.004335,0,46.58,68.04
85.1920,-0.089133,0.004760,0,46.58,68.04
85.2000,-0.087179,0.004895,0,46.58,68.04
85.2080,-0.086691,0.004086,0,46.58,68.04
85.2160,-0.087668,0.002152,0,46.58,68.04
85.2240,-0.091087,-0.000502,0,46.58,68.04
85.2320,-0.092552,-0.003077,0,46.58,68.04
85.2400,-0.093040,-0.004737,0,46.58,68.04
85.2480,-0.092063,-0.004889,0,46.58,68.04
85.2560,-0.088645,-0.003325,0,46.58,68.04
85.2640,-0.085226,-0.000257,0,46.58,68.04
85.2720,-0.078877,0.003696,0,46.58,68.04
85.2800,-0.072527,0.022181,0,46.58,68.04
85.2880,-0.070574,0.024281,0,46.58,68.04
85.2960,-0.071551,0.024377,0,46.58,68.04
85.3040,-0.073504,0.022848,0,46.58,68.04
85.3120,-0.076435,0.020560,0,46.58,68.04
85.3200,-0.079365,0.018481,0,46.58,68.04
85.3280,-0.079365,0.017294,0,46.58,68.04
85.3360,-0.078877,0.017136,0,46.58,68.04
85.3440,-0.076435,0.017561,0,46.58,68.04
85.3520,-0.073016,0.017762,0,46.58,68.04
85.3600,-0.073016,0.017016,0,46.58,68.04
85.3680,-0.074969,0.015107,0,46.58,68.04
85.3760,-0.077411,0.012429,0,46.58,68.04
85.3840,-0.079365,-0.010833,0,46.58,68.04
85.3920,-0.077900,-0.010982,0,46.58,68.04
85.4000,-0.073504,-0.009500,0,46.58,68.04
85.4080,-0.069109,-0.007030,0,46.58,68.04
85.4160,-0.063736,-0.004592,0,46.58,68.04
85.4240,-0.060806,-0.003110,0,46.58,68.04
85.4320,-0.060317,-0.002992,0,46.58,68.04
85.4400,-0.061294,-0.003993,0,46.58,68.04
85.4480,-0.062271,-0.005400,0,46.58,68.04
85.4560,-0.062759,-0.006407,0,46.58,68.04
85.4640,-0.060806,-0.006464,0,46.58,68.04
85.4720,-0.058852,-0.005477,0,46.58,68.04
85.4800,-0.054457,-0.003819,0,46.58,68.04
85.4880,-0.050061,0.013136,0,46.58,68.04
85.4960,-0.046642,0.015544,0,46.58,68.04
85.5040,-0.045177,0.016872,0,46.58,68.04
85.5120,-0.045177,0.016859,0,46.58,68.04
85.5200,-0.045177,0.015514,0,46.58,68.04
85.5280,-0.046642,0.013034,0,46.58,68.04
85.5360,-0.048596,0.009800,0,46.58,68.04
85.5440,-0.051038,0.006408,0,46.58,68.04
85.5520,-0.053968,0.003629,0,46.58,68.04
85.5600,-0.054457,0.002245,0,46.58,68.04
85.5680,-0.054457,0.002776,0,46.58,68.04
85.5760,-0.051038,0.005201,0,46.58,68.04
85.5840,-0.045177,0.008821,0,46.58,68.04
85.5920,-0.042247,0.015995,0,46.58,68.04
85.6000,-0.041758,0.015782,0,46.58,68.04
85.6080,-0.045665,0.013503,0,46.58,68.04
85.6160,-0.051526,0.009865,0,46.58,68.04
85.6240,-0.054457,0.005925,0,46.58,68.04
85.6320,-0.056899,0.002513,0,46.58,68.04
85.6400,-0.056899,0.000013,0,46.58,68.04
85.6480,-0.057875,-0.001474,0,46.58,68.04
85.6560,-0.059341,-0.001865,0,46.58,68.04
85.6640,-0.058852,-0.001064,0,46.58,68.04
85.6720,-0.054945,0.000862,0,46.58,68.04
85.6800,-0.052015,0.003612,0,46.58,68.04
85.6880,-0.048596,0.006773,0,46.58,68.04
85.6960,-0.047619,0.025560,0,46.58,68.04
85.7040,-0.048107,0.026289,0,46.58,68.04
85.7120,-0.048107,0.025959,0,46.58,68.04
85.7200,-0.051526,0.024888,0,46.58,68.04
85.7280,-0.053480,0.023469,0,46.58,68.04
85.7360,-0.054457,0.021989,0,46.58,68.04
85.7440,-0.057387,0.020564,0,46.58,68.04
85.7520,-0.058364,0.019199,0,46.58,68.04
85.7600,-0.060806,0.017856,0,46.58,68.04
85.7680,-0.063248,0.016494,0,46.58,68.04
85.7760,-0.064713,0.015059,0,46.58,68.04
85.7840,-0.066667,0.013494,0,46.58,68.04
85.7920,-0.070085,0.011819,0,46.58,68.04
85.8000,-0.077411,-0.000784,0,46.58,68.04
85.8080,-0.087179,-0.011195,0,46.58,68.04
85.8160,-0.101343,-0.023633,0,46.58,68.04
85.8240,-0.116484,-0.036196,0,46.58,68.04
85.8320,-0.128205,-0.046428,0,46.58,68.04
85.8400,-0.136996,-0.052052,0,46.58,68.04
85.8480,-0.138462,-0.051757,0,46.58,68.04
85.8560,-0.132601,-0.045824,0,46.58,68.04
85.8640,-0.119414,-0.036276,0,46.58,68.04
85.8720,-0.106227,-0.026184,0,46.58,68.04
85.8800,-0.098901,-0.018297,0,46.58,68.04
85.8880,-0.096947,-0.013745,0,46.58,68.04
85.8960,-0.101343,-0.011571,0,46.58,68.04
85.9040,-0.109158,0.009143,0,46.58,68.04
85.9120,-0.119902,0.001479,0,46.58,68.04
85.9200,-0.131136,-0.006556,0,46.58,68.04
85.9280,-0.139927,-0.013075,0,46.58,68.04
85.9360,-0.143346,-0.017018,0,46.58,68.04
85.9440,-0.145299,-0.018293,0,46.58,68.04
85.9520,-0.146276,-0.017466,0,46.58,68.04
85.9600,-0.145788,-0.015359,0,46.58,68.04
85.9680,-0.145299,-0.012765,0,46.58,68.04
85.9760,-0.144811,-0.010272,0,46.58,68.04
85.9840,-0.145788,-0.008155,0,46.58,68.04
85.9920,-0.147741,-0.006386,0,46.58,68.04
86.0000,-0.148230,-0.004781,0,46.58,68.04
86.0080,-0.147741,-0.026234,0,46.58,68.04
86.0160,-0.144811,-0.023808,0,46.58,68.04
86.0240,-0.143834,-0.021363,0,46.58,68.04
86.0320,-0.142857,-0.019369,0,46.58,68.04
86.0400,-0.142857,-0.018062,0,46.58,68.04
86.0480,-0.145299,-0.017360,0,46.58,68.04
86.0560,-0.145788,-0.016961,0,46.58,68.04
86.0640,-0.147253,-0.016543,0,46.58,68.04
86.0720,-0.147253,-0.015893,0,46.58,68.04
86.0800,-0.148230,-0.014915,0,46.58,68.04
86.0880,-0.148230,-0.013599,0,46.58,68.04
86.0960,-0.148230,-0.012005,0,46.58,68.04
86.1040,-0.147741,-0.010258,0,46.58,68.04
86.1120,-0.144811,-0.045510,0,46.58,68.04
86.1200,-0.144811,-0.048234,0,46.58,68.04
86.1280,-0.148230,-0.052908,0,46.58,68.04
86.1360,-0.154579,-0.058687,0,46.58,68.04
86.1440,-0.161416,-0.063876,0,46.58,68.04
86.1520,-0.161905,-0.066697,0,46.58,68.04
86.1600,-0.158486,-0.066082,0,46.58,68.04
86.1680,-0.151648,-0.061977,0,46.58,68.04
86.1760,-0.144811,-0.055150,0,46.58,68.04
86.1840,-0.132601,-0.046858,0,46.58,68.04
86.1920,-0.122833,-0.038416,0,46.58,68.04
86.2000,-0.114530,-0.030659,0,46.58,68.04
86.2080,-0.109158,-0.023586,0,46.58,68.04
86.2160,-0.111111,-0.029391,0,46.58,68.04
86.2240,-0.118926,-0.040258,0,46.58,68.04
86.2320,-0.133089,-0.056095,0,46.58,68.04
86.2400,-0.148230,-0.074250,0,46.58,68.04
86.2480,-0.164347,-0.091180,0,46.58,68.04
86.2560,-0.175092,-0.103182,0,46.58,68.04
86.2640,-0.178999,-0.107354,0,46.58,68.04
86.2720,-0.170696,-0.102569,0,46.58,68.04
86.2800,-0.152625,-0.090033,0,46.58,68.04
86.2880,-0.125763,-0.072938,0,46.58,68.04
86.2960,-0.101832,-0.055036,0,46.58,68.04
86.3040,-0.085226,-0.038787,0,46.58,68.04
86.3120,-0.074969,-0.024289,0,46.58,68.04
86.3200,-0.072527,0.061348,0,46.58,68.04
86.3280,-0.076923,0.058518,0,46.58,68.04
86.3360,-0.085714,0.050729,0,46.58,68.04
86.3440,-0.095971,0.040319,0,46.58,68.04
86.3520,-0.105739,0.029509,0,46.58,68.04
86.3600,-0.114530,0.020065,0,46.58,68.04
86.3680,-0.120391,0.013177,0,46.58,68.04
86.3760,-0.124786,0.009444,0,46.58,68.04
86.3840,-0.124298,0.008856,0,46.58,68.04
86.3920,-0.119902,0.010847,0,46.58,68.04
86.4000,-0.116972,0.014572,0,46.58,68.04
86.4080,-0.112576,0.019262,0,46.58,68.04
86.4160,-0.108181,0.024368,0,46.58,68.04
86.4240,-0.106716,0.043839,0,46.58,68.04
86.4320,-0.105739,0.045505,0,46.58,68.04
86.4400,-0.104762,0.045029,0,46.58,68.04
86.4480,-0.108669,0.042388,0,46.58,68.04
86.4560,-0.114530,0.038002,0,46.58,68.04
86.4640,-0.119414,0.032640,0,46.58,68.04
86.4720,-0.126252,0.027173,0,46.58,68.04
86.4800,-0.131136,0.022378,0,46.58,68.04
86.4880,-0.134066,0.018836,0,46.58,68.04
86.4960,-0.139438,0.016945,0,46.58,68.04
86.5040,-0.140904,0.016906,0,46.58,68.04
86.5120,-0.140904,0.018542,0,46.58,68.04
86.5200,-0.138950,0.021196,0,46.58,68.04
86.5280,-0.132601,-0.022299,0,46.58,68.04
86.5360,-0.123321,-0.015697,0,46.58,68.04
86.5440,-0.115995,-0.009505,0,46.58,68.04
86.5520,-0.110134,-0.005283,0,46.58,68.04
86.5600,-0.105739,-0.004157,0,46.58,68.04
86.5680,-0.105739,-0.006470,0,46.58,68.04
86.5760,-0.109646,-0.011513,0,46.58,68.04
86.5840,-0.116972,-0.017536,0,46.58,68.04
86.5920,-0.122344,-0.022242,0,46.58,68.04
86.6000,-0.123810,-0.023602,0,46.58,68.04
86.6080,-0.121368,-0.020566,0,46.58,68.04
86.6160,-0.114042,-0.013443,0,46.58,68.04
86.6240,-0.102808,-0.003868,0,46.58,68.04
86.6320,-0.095971,0.027953,0,46.58,68.04
86.6400,-0.091087,0.033852,0,46.58,68.04
86.6480,-0.090110,0.036621,0,46.58,68.04
86.6560,-0.093040,0.036286,0,46.58,68.04
86.6640,-0.096947,0.033573,0,46.58,68.04
86.6720,-0.101832,0.029529,0,46.58,68.04
86.6800,-0.107692,0.025184,0,46.58,68.04
86.6880,-0.110134,0.021323,0,46.58,68.04
86.6960,-0.114530,0.018426,0,46.58,68.04
86.7040,-0.116972,0.016722,0,46.58,68.04
86.7120,-0.118437,0.016206,0,46.58,68.04
86.7200,-0.117949,0.016624,0,46.58,68.04
86.7280,-0.118437,0.017542,0,46.58,68.04
86.7360,-0.118437,0.003670,0,46.58,68.04
86.7440,-0.116972,0.004857,0,46.58,68.04
86.7520,-0.116484,0.006097,0,46.58,68.04
86.7600,-0.113553,0.007085,0,46.58,68.04
86.7680,-0.113553,0.007531,0,46.58,68.04
86.7760,-0.114530,0.007309,0,46.58,68.04
86.7840,-0.115995,0.006507,0,46.58,68.04
86.7920,-0.116972,0.005367,0,46.58,68.04
86.8000,-0.119414,0.004205,0,46.58,68.04
86.8080,-0.121368,0.003320,0,46.58,68.04
86.8160,-0.120391,0.002849,0,46.58,68.04
86.8240,-0.118926,0.002710,0,46.58,68.04
86.8320,-0.119902,0.002723,0,46.58,68.04
86.8400,-0.119902,-0.002618,0,46.58,68.04
86.8480,-0.117460,-0.000844,0,46.58,68.04
86.8560,-0.115995,0.001565,0,46.58,68.04
86.8640,-0.112576,0.004137,0,46.58,68.04
86.8720,-0.108669,0.006139,0,46.58,68.04
86.8800,-0.107692,0.006864,0,46.58,68.04
86.8880,-0.109158,0.006017,0,46.58,68.04
86.8960,-0.112088,0.003914,0,46.58,68.04
86.9040,-0.116972,0.001367,0,46.58,68.04
86.9120,-0.118437,-0.000668,0,46.58,68.04
86.9200,-0.121368,-0.001490,0,46.58,68.04
86.9280,-0.119414,-0.000951,0,46.58,68.04
86.9360,-0.117460,0.000474,0,46.58,68.04
86.9440,-0.112088,-0.012342,0,46.58,68.04
86.9520,-0.105739,-0.007879,0,46.58,68.04
86.9600,-0.101343,-0.004636,0,46.58,68.04
86.9680,-0.100366,-0.003548,0,46.58,68.04
86.9760,-0.102320,-0.004667,0,46.58,68.04
86.9840,-0.106716,-0.007193,0,46.58,68.04
86.9920,-0.109158,-0.009907,0,46.58,68.04
87.0000,-0.110623,-0.011740,0,46.58,68.04
87.0080,-0.108669,-0.012131,0,46.58,68.04
87.0160,-0.106227,-0.011024,0,46.58,68.04
87.0240,-0.103785,-0.008627,0,46.58,68.04
87.0320,-0.101343,-0.005232,0,46.58,68.04
87.0400,-0.095482,-0.001261,0,46.58,68.04
87.0480,-0.091087,0.019134,0,46.58,68.04
87.0560,-0.090598,0.019611,0,46.58,68.04
87.0640,-0.093040,0.017206,0,46.58,68.04
87.0720,-0.098413,0.012176,0,46.58,68.04
87.0800,-0.104762,0.005544,0,46.58,68.04
87.0880,-0.114530,-0.001126,0,46.58,68.04
87.0960,-0.119414,-0.006200,0,46.58,68.04
87.1040,-0.121856,-0.008586,0,46.58,68.04
87.1120,-0.118437,-0.008075,0,46.58,68.04
87.1200,-0.116484,-0.005231,0,46.58,68.04
87.1280,-0.109646,-0.000978,0,46.58,68.04
87.1360,-0.106227,0.003839,0,46.58,68.04
87.1440,-0.102808,0.008764,0,46.58,68.04
87.1520,-0.101832,-0.008351,0,46.58,68.04
87.1600,-0.099389,-0.007495,0,46.58,68.04
87.1680,-0.098901,-0.007670,0,46.58,68.04
87.1760,-0.099878,-0.008693,0,46.58,68.04
87.1840,-0.100366,-0.010291,0,46.58,68.04
87.1920,-0.101343,-0.012140,0,46.58,68.04
87.2000,-0.102320,-0.013870,0,46.58,68.04
87.2080,-0.102320,-0.015041,0,46.58,68.04
87.2160,-0.103297,-0.015180,0,46.58,68.04
87.2240,-0.101343,-0.013934,0,46.58,68.04
87.2320,-0.095971,-0.011290,0,46.58,68.04
87.2400,-0.092063,-0.007588,0,46.58,68.04
87.2480,-0.087179,-0.003346,0,46.58,68.04
87.2560,-0.086691,0.004882,0,46.58,68.04
87.2640,-0.090598,0.002600,0,46.58,68.04
87.2720,-0.093529,-0.001373,0,46.58,68.04
87.2800,-0.100366,-0.005876,0,46.58,68.04
87.2880,-0.102808,-0.009609,0,46.58,68.04
87.2960,-0.105739,-0.011585,0,46.58,68.04
87.3040,-0.103297,-0.011448,0,46.58,68.04
87.3120,-0.101343,-0.009547,0,46.58,68.04
87.3200,-0.095482,-0.006744,0,46.58,68.04
87.3280,-0.093040,-0.004018,0,46.58,68.04
87.3360,-0.091087,-0.002043,0,46.58,68.04
87.3440,-0.090110,-0.000981,0,46.58,68.04
87.3520,-0.090598,-0.000519,0,46.58,68.04
87.3600,-0.096947,-0.032729,0,46.58,68.04
87.3680,-0.102808,-0.041559,0,46.58,68.04
87.3760,-0.114042,-0.051315,0,46.58,68.04
87.3840,-0.119414,-0.060335,0,46.58,68.04
87.3920,-0.124786,-0.066995,0,46.58,68.04
87.4000,-0.126252,-0.070028,0,46.58,68.04
87.4080,-0.123321,-0.068767,0,46.58,68.04
87.4160,-0.116484,-0.063383,0,46.58,68.04
87.4240,-0.104274,-0.054994,0,46.58,68.04
87.4320,-0.090598,-0.045432,0,46.58,68.04
87.4400,-0.077900,-0.036562,0,46.58,68.04
87.4480,-0.070085,-0.029407,0,46.58,68.04
87.4560,-0.066667,-0.023637,0,46.58,68.04
87.4640,-0.068620,0.009181,0,46.58,68.04
87.4720,-0.073016,0.003899,0,46.58,68.04
87.4800,-0.080830,-0.003829,0,46.58,68.04
87.4880,-0.088156,-0.012315,0,46.58,68.04
87.4960,-0.093529,-0.019914,0,46.58,68.04
87.5040,-0.098901,-0.025215,0,46.58,68.04
87.5120,-0.101343,-0.027192,0,46.58,68.04
87.5200,-0.099878,-0.025518,0,46.58,68.04
87.5280,-0.091087,-0.020881,0,46.58,68.04
87.5360,-0.081807,-0.014849,0,46.58,68.04
87.5440,-0.074969,-0.009133,0,46.58,68.04
87.5520,-0.070085,-0.004702,0,46.58,68.04
87.5600,-0.070085,-0.001361,0,46.58,68.04
87.5680,-0.071062,0.000666,0,46.58,68.04
87.5760,-0.078388,-0.005226,0,46.58,68.04
87.5840,-0.086203,-0.012440,0,46.58,68.04
87.5920,-0.090598,-0.019297,0,46.58,68.04
87.6000,-0.095482,-0.024415,0,46.58,68.04
87.6080,-0.095971,-0.026958,0,46.58,68.04
87.6160,-0.094017,-0.026690,0,46.58,68.04
87.6240,-0.092552,-0.023918,0,46.58,68.04
87.6320,-0.085714,-0.019454,0,46.58,68.04
87.6400,-0.077900,-0.014528,0,46.58,68.04
87.6480,-0.071551,-0.010365,0,46.58,68.04
87.6560,-0.070085,-0.007551,0,46.58,68.04
87.6640,-0.069109,-0.005737,0,46.58,68.04
87.6720,-0.069597,-0.117478,0,46.58,68.04
87.6800,-0.065201,-0.122822,0,46.58,68.04
87.6880,-0.063248,-0.128578,0,46.58,68.04
87.6960,-0.063736,-0.134222,0,46.58,68.04
87.7040,-0.061783,-0.138849,0,46.58,68.04
87.7120,-0.055922,-0.141315,0,46.58,68.04
87.7200,-0.051038,-0.140458,0,46.58,68.04
87.7280,-0.039805,-0.135348,0,46.58,68.04
87.7360,-0.023199,-0.125639,0,46.58,68.04
87.7440,-0.004151,-0.111799,0,46.58,68.04
87.7520,0.022711,-0.094979,0,46.58,68.04
87.7600,0.044689,-0.076541,0,46.58,68.04
87.7680,0.067643,-0.057539,0,46.58,68.04
87.7760,0.081807,0.224478,0,46.58,68.04
87.7840,0.085226,0.231288,0,46.58,68.04
87.7920,0.075458,0.227586,0,46.58,68.04
87.8000,0.054945,0.215197,0,46.58,68.04
87.8080,0.032967,0.197395,0,46.58,68.04
87.8160,0.009035,0.177683,0,46.58,68.04
87.8240,-0.010501,0.158799,0,46.58,68.04
87.8320,-0.028571,0.142344,0,46.58,68.04
87.8400,-0.044200,0.129023,0,46.58,68.04
87.8480,-0.059829,0.119103,0,46.58,68.04
87.8560,-0.073504,0.112626,0,46.58,68.04
87.8640,-0.080830,0.109166,0,46.58,68.04
87.8720,-0.085714,0.107557,0,46.58,68.04
87.8800,-0.090110,-0.014673,0,46.58,68.04
87.8880,-0.090598,-0.015120,0,46.58,68.04
87.8960,-0.090110,-0.013821,0,46.58,68.04
87.9040,-0.088156,-0.011321,0,46.58,68.04
87.9120,-0.084737,-0.008216,0,46.58,68.04
87.9200,-0.082295,-0.005087,0,46.58,68.04
87.9280,-0.080342,-0.002403,0,46.58,68.04
87.9360,-0.079853,-0.000497,0,46.58,68.04
87.9440,-0.078877,0.000351,0,46.58,68.04
87.9520,-0.078388,-0.000104,0,46.58,68.04
87.9600,-0.082295,-0.001924,0,46.58,68.04
87.9680,-0.086203,-0.004842,0,46.58,68.04
87.9760,-0.090110,-0.008337,0,46.58,68.04
87.9840,-0.092063,-0.029436,0,46.58,68.04
87.9920,-0.086691,-0.027108,0,46.58,68.04
88.0000,-0.083761,-0.023252,0,46.58,68.04
88.0080,-0.077411,-0.019312,0,46.58,68.04
88.0160,-0.073504,-0.016873,0,46.58,68.04
88.0240,-0.074481,-0.016987,0,46.58,68.04
88.0320,-0.078388,-0.019678,0,46.58,68.04
88.0400,-0.084249,-0.023862,0,46.58,68.04
88.0480,-0.091575,-0.027668,0,46.58,68.04
88.0560,-0.098413,-0.029063,0,46.58,68.04
88.0640,-0.097436,-0.026666,0,46.58,68.04
88.0720,-0.096459,-0.020412,0,46.58,68.04
88.0800,-0.088156,-0.011719,0,46.58,68.04
88.0880,-0.078388,-0.090382,0,46.58,68.04
88.0960,-0.068620,-0.079752,0,46.58,68.04
88.1040,-0.056899,-0.069818,0,46.58,68.04
88.1120,-0.048107,-0.062383,0,46.58,68.04
88.1200,-0.039805,-0.058631,0,46.58,68.04
88.1280,-0.038828,-0.058540,0,46.58,68.04
88.1360,-0.040781,-0.060517,0,46.58,68.04
88.1440,-0.047619,-0.061783,0,46.58,68.04
88.1520,-0.045177,-0.059783,0,46.58,68.04
88.1600,-0.029548,-0.053874,0,46.58,68.04
88.1680,-0.007570,-0.045740,0,46.58,68.04
88.1760,0.008059,-0.037798,0,46.58,68.04
88.1840,0.007570,-0.030962,0,46.58,68.04
88.1920,-0.013919,-0.097933,0,46.58,68.04
88.2000,-0.047131,-0.132498,0,46.58,68.04
88.2080,-0.083761,-0.171959,0,46.58,68.04
88.2160,-0.115018,-0.209586,0,46.58,68.04
88.2240,-0.135043,-0.239985,0,46.58,68.04
88.2320,-0.141880,-0.260227,0,46.58,68.04
88.2400,-0.137485,-0.269510,0,46.58,68.04
88.2480,-0.128205,-0.267790,0,46.58,68.04
88.2560,-0.114042,-0.254469,0,46.58,68.04
88.2640,-0.087179,-0.228307,0,46.58,68.04
88.2720,-0.046642,-0.188655,0,46.58,68.04
88.2800,0.010012,-0.137130,0,46.58,68.04
88.2880,0.081807,-0.078520,0,46.58,68.04
88.2960,0.178999,0.159345,0,46.58,68.04
88.3040,0.300122,0.281576,0,46.58,68.04
88.3120,0.423687,0.419796,0,46.58,68.04
88.3200,0.552625,0.567283,0,46.58,68.04
88.3280,0.679609,0.713137,0,46.58,68.04
88.3360,0.815385,0.840265,0,46.58,68.04
88.3440,0.933578,0.926024,0,46.58,68.04
88.3520,0.987302,0.948526,1,46.58,68.04
88.3600,0.923321,0.896576,1,46.58,68.04
88.3680,0.768010,0.775718,0,46.58,68.04
88.3760,0.584860,0.604606,0,46.58,68.04
88.3840,0.408059,0.404887,0,46.58,68.04
88.3920,0.236142,0.193394,0,46.58,68.04
88.4000,0.078877,-0.047024,0,46.58,68.04
88.4080,-0.065201,-0.202710,0,46.58,68.04
88.4160,-0.180952,-0.321860,0,46.58,68.04
88.4240,-0.255189,-0.398289,0,46.58,68.04
88.4320,-0.280586,-0.430484,0,46.58,68.04
88.4400,-0.263980,-0.422881,0,46.58,68.04
88.4480,-0.217094,-0.385358,0,46.58,68.04
88.4560,-0.157998,-0.331011,0,46.58,68.04
88.4640,-0.094994,-0.273244,0,46.58,68.04
88.4720,-0.041270,-0.223048,0,46.58,68.04
88.4800,-0.004151,-0.186883,0,46.58,68.04
88.4880,0.022711,-0.165357,0,46.58,68.04
88.4960,0.021734,-0.153048,0,46.58,68.04
88.5040,0.003175,0.063017,0,46.58,68.04
88.5120,-0.027595,0.040704,0,46.58,68.04
88.5200,-0.056410,0.013044,0,46.58,68.04
88.5280,-0.082295,-0.014444,0,46.58,68.04
88.5360,-0.101343,-0.038266,0,46.58,68.04
88.5440,-0.117460,-0.056650,0,46.58,68.04
88.5520,-0.132601,-0.068639,0,46.58,68.04
88.5600,-0.140904,-0.073534,0,46.58,68.04
88.5680,-0.139927,-0.071012,0,46.58,68.04
88.5760,-0.132601,-0.061415,0,46.58,68.04
88.5840,-0.123810,-0.045690,0,46.58,68.04
88.5920,-0.113553,-0.025262,0,46.58,68.04
88.6000,-0.097924,-0.002131,0,46.58,68.04
88.6080,-0.074969,-0.138086,0,46.58,68.04
88.6160,-0.054945,-0.112867,0,46.58,68.04
88.6240,-0.041270,-0.091581,0,46.58,68.04
88.6320,-0.039316,-0.077731,0,46.58,68.04
88.6400,-0.053968,-0.072921,0,46.58,68.04
88.6480,-0.077411,-0.076307,0,46.58,68.04
88.6560,-0.110134,-0.084833,0,46.58,68.04
88.6640,-0.144811,-0.094017,0,46.58,68.04
88.6720,-0.171673,-0.099183,0,46.58,68.04
88.6800,-0.182906,-0.096872,0,46.58,68.04
88.6880,-0.184860,-0.085798,0,46.58,68.04
88.6960,-0.174115,-0.067072,0,46.58,68.04
88.7040,-0.152625,-0.043910,0,46.58,68.04
88.7120,-0.125763,-0.074709,0,46.58,68.04
88.7200,-0.101343,-0.054804,0,46.58,68.04
88.7280,-0.083272,-0.040995,0,46.58,68.04
88.7360,-0.071551,-0.034547,0,46.58,68.04
88.7440,-0.070574,-0.034542,0,46.58,68.04
88.7520,-0.070574,-0.038513,0,46.58,68.04
88.7600,-0.071551,-0.043516,0,46.58,68.04
88.7680,-0.071062,-0.047032,0,46.58,68.04
88.7760,-0.070574,-0.047369,0,46.58,68.04
88.7840,-0.068132,-0.043806,0,46.58,68.04
88.7920,-0.056899,-0.036693,0,46.58,68.04
88.8000,-0.046154,-0.027218,0,46.58,68.04
88.8080,-0.038828,-0.016738,0,46.58,68.04
88.8160,-0.041270,-0.050898,0,46.58,68.04
88.8240,-0.049573,-0.059623,0,46.58,68.04
88.8320,-0.056899,-0.072837,0,46.58,68.04
88.8400,-0.065690,-0.088379,0,46.58,68.04
88.8480,-0.078388,-0.103375,0,46.58,68.04
88.8560,-0.087179,-0.114607,0,46.58,68.04
88.8640,-0.085714,-0.119370,0,46.58,68.04
88.8720,-0.076435,-0.116389,0,46.58,68.04
88.8800,-0.057387,-0.106115,0,46.58,68.04
88.8880,-0.036386,-0.090323,0,46.58,68.04
88.8960,-0.010501,-0.071327,0,46.58,68.04
88.9040,0.015873,-0.051152,0,46.58,68.04
88.9120,0.034432,-0.030886,0,46.58,68.04
88.9200,0.044200,0.197480,1,46.58,102.14
88.9280,0.039316,0.189857,1,46.58,102.14
88.9360,0.013431,0.163055,0,46.58,102.14
88.9440,-0.038828,0.119887,0,46.58,102.14
88.9520,-0.100366,0.067999,0,46.58,102.14
88.9600,-0.158974,0.017898,0,46.58,102.14
88.9680,-0.201954,-0.020357,0,46.58,102.14
88.9760,-0.219536,-0.040221,0,46.58,102.14
88.9840,-0.213187,-0.040159,0,46.58,102.14
88.9920,-0.193162,-0.023023,0,46.58,102.14
89.0000,-0.164347,0.006041,0,46.58,102.14
89.0080,-0.133578,0.041829,0,46.58,102.14
89.0160,-0.106716,0.080412,0,46.58,102.14
89.0240,-0.085226,-0.059667,0,46.58,102.14
89.0320,-0.066667,-0.045889,0,46.58,102.14
89.0400,-0.062759,-0.039927,0,46.58,102.14
89.0480,-0.064225,-0.040088,0,46.58,102.14
89.0560,-0.066667,-0.043483,0,46.58,102.14
89.0640,-0.070085,-0.047142,0,46.58,102.14
89.0720,-0.066667,-0.048945,0,46.58,102.14
89.0800,-0.063248,-0.048010,0,46.58,102.14
89.0880,-0.054457,-0.044491,0,46.58,102.14
89.0960,-0.049084,-0.039069,0,46.58,102.14
89.1040,-0.039805,-0.032501,0,46.58,102.14
89.1120,-0.031990,-0.025400,0,46.58,102.14
89.1200,-0.024176,-0.018161,0,46.58,102.14
89.1280,-0.016850,-0.009590,0,46.58,102.14
89.1360,-0.010501,-0.009624,0,46.58,102.14
89.1440,-0.007570,-0.015145,0,46.58,102.14
89.1520,-0.016361,-0.025559,0,46.58,102.14
89.1600,-0.031990,-0.037659,0,46.58,102.14
89.1680,-0.046154,-0.046368,0,46.58,102.14
89.1760,-0.050061,-0.047087,0,46.58,102.14
89.1840,-0.033944,-0.038410,0,46.58,102.14
89.1920,-0.009035,-0.023367,0,46.58,102.14
89.2000,0.020269,-0.008159,0,46.58,102.14
89.2080,0.032967,0.001102,0,46.58,102.14
89.2160,0.031990,0.001804,0,46.58,102.14
89.2240,0.013431,-0.003625,0,46.58,102.14
89.2320,-0.018315,0.114006,0,46.58,102.14
89.2400,-0.051038,0.094046,0,46.58,102.14
89.2480,-0.069109,0.077797,0,46.58,102.14
89.2560,-0.071551,0.067742,0,46.58,102.14
89.2640,-0.071551,0.062897,0,46.58,102.14
89.2720,-0.072527,0.060481,0,46.58,102.14
89.2800,-0.072527,0.057841,0,46.58,102.14
89.2880,-0.078877,0.053616,0,46.58,102.14
89.2960,-0.086203,0.047999,0,46.58,102.14
89.3040,-0.095482,0.042246,0,46.58,102.14
89.3120,-0.101343,0.037725,0,46.58,102.14
89.3200,-0.104762,0.035049,0,46.58,102.14
89.3280,-0.105739,0.033734,0,46.58,102.14
89.3360,-0.109646,-0.049650,0,46.58,102.14
89.3440,-0.110134,-0.047508,0,46.58,102.14
89.3520,-0.103785,-0.041121,0,46.58,102.14
89.3600,-0.094017,-0.030742,0,46.58,102.14
89.3680,-0.080342,-0.017728,0,46.58,102.14
89.3760,-0.064713,-0.004385,0,46.58,102.14
89.3840,-0.052015,0.006605,0,46.58,102.14
89.3920,-0.045177,0.013039,0,46.58,102.14
89.4000,-0.046154,0.013921,0,46.58,102.14
89.4080,-0.054457,0.009632,0,46.58,102.14
89.4160,-0.062271,0.001409,0,46.58,102.14
89.4240,-0.071062,-0.009349,0,46.58,102.14
89.4320,-0.083761,-0.021355,0,46.58,102.14
89.4400,-0.090598,-0.043369,0,46.58,102.14
89.4480,-0.088156,-0.047349,0,46.58,102.14
89.4560,-0.090598,-0.048272,0,46.58,102.14
89.4640,-0.087179,-0.046338,0,46.58,102.14
89.4720,-0.086203,-0.041497,0,46.58,102.14
89.4800,-0.079365,-0.033702,0,46.58,102.14
89.4880,-0.070085,-0.023551,0,46.58,102.14
89.4960,-0.056899,-0.012770,0,46.58,102.14
89.5040,-0.045665,-0.004013,0,46.58,102.14
89.5120,-0.042247,0.000038,0,46.58,102.14
89.5200,-0.044200,-0.002208,0,46.58,102.14
89.5280,-0.053968,-0.010474,0,46.58,102.14
89.5360,-0.070085,-0.022445,0,46.58,102.14
89.5440,-0.094017,-0.010775,0,46.58,102.14
89.5520,-0.115995,-0.026277,0,46.58,102.14
89.5600,-0.121368,-0.036288,0,46.58,102.14
89.5680,-0.120879,-0.039888,0,46.58,102.14
89.5760,-0.116972,-0.038572,0,46.58,102.14
89.5840,-0.110623,-0.035119,0,46.58,102.14
89.5920,-0.104762,-0.032258,0,46.58,102.14
89.6000,-0.104274,-0.031479,0,46.58,102.14
89.6080,-0.109158,-0.032360,0,46.58,102.14
89.6160,-0.115507,-0.032920,0,46.58,102.14
89.6240,-0.114042,-0.031021,0,46.58,102.14
89.6320,-0.103785,-0.025874,0,46.58,102.14
89.6400,-0.093529,-0.018515,0,46.58,102.14
89.6480,-0.088156,0.016079,0,46.58,102.14
89.6560,-0.092552,0.010748,0,46.58,102.14
89.6640,-0.104274,-0.002275,0,46.58,102.14
89.6720,-0.127717,-0.020925,0,46.58,102.14
89.6800,-0.153602,-0.040677,0,46.58,102.14
89.6880,-0.174115,-0.056067,0,46.58,102.14
89.6960,-0.183883,-0.062774,0,46.58,102.14
89.7040,-0.181929,-0.059330,0,46.58,102.14
89.7120,-0.164347,-0.047740,0,46.58,102.14
89.7200,-0.142857,-0.032536,0,46.58,102.14
89.7280,-0.128205,-0.018428,0,46.58,102.14
89.7360,-0.125275,-0.007854,0,46.58,102.14
89.7440,-0.124786,-0.000096,0,46.58,102.14
89.7520,-0.125275,-0.032290,0,46.58,102.14
89.7600,-0.127228,-0.033909,0,46.58,102.14
89.7680,-0.127717,-0.035551,0,46.58,102.14
89.7760,-0.125763,-0.036049,0,46.58,102.14
89.7840,-0.125275,-0.034791,0,46.58,102.14
89.7920,-0.122833,-0.031605,0,46.58,102.14
89.8000,-0.118437,-0.026801,0,46.58,102.14
89.8080,-0.111600,-0.021263,0,46.58,102.14
89.8160,-0.106716,-0.016265,0,46.58,102.14
89.8240,-0.103297,-0.013033,0,46.58,102.14
89.8320,-0.103297,-0.012290,0,46.58,102.14
89.8400,-0.104274,-0.013974,0,46.58,102.14
89.8480,-0.109158,-0.017176,0,46.58,102.14
89.8560,-0.111600,-0.029019,0,46.58,102.14
89.8640,-0.107692,-0.029320,0,46.58,102.14
89.8720,-0.102808,-0.026918,0,46.58,102.14
89.8800,-0.098901,-0.021687,0,46.58,102.14
89.8880,-0.088156,-0.014016,0,46.58,102.14
89.8960,-0.079853,-0.004904,0,46.58,102.14
89.9040,-0.067643,0.004014,0,46.58,102.14
89.9120,-0.055922,0.010730,0,46.58,102.14
89.9200,-0.051038,0.013519,0,46.58,102.14
89.9280,-0.052991,0.011712,0,46.58,102.14
89.9360,-0.059341,0.005919,0,46.58,102.14
89.9440,-0.067643,-0.002473,0,46.58,102.14
89.9520,-0.072527,-0.012039,0,46.58,102.14
89.9600,-0.079365,0.013467,0,46.58,102.14
89.9680,-0.088645,0.003364,0,46.58,102.14
89.9760,-0.097924,-0.007378,0,46.58,102.14
89.9840,-0.103297,-0.018323,0,46.58,102.14
89.9920,-0.112576,-0.028559,0,46.58,102.14
90.0000,-0.121368,-0.036560,0,46.58,102.14
90.0080,-0.124786,-0.040603,0,46.58,102.14
90.0160,-0.122344,-0.039660,0,46.58,102.14
90.0240,-0.112576,-0.034102,0,46.58,102.14
90.0320,-0.099878,-0.025675,0,46.58,102.14
90.0400,-0.086203,-0.016687,0,46.58,102.14
90.0480,-0.077411,-0.008787,0,46.58,102.14
90.0560,-0.075458,-0.002081,0,46.58,102.14
90.0640,-0.086691,0.003652,0,46.58,102.14
90.0720,-0.102808,-0.012870,0,46.58,102.14
90.0800,-0.124786,-0.032697,0,46.58,102.14
90.0880,-0.142857,-0.051522,0,46.58,102.14
90.0960,-0.157021,-0.065442,0,46.58,102.14
90.1040,-0.163370,-0.072056,0,46.58,102.14
90.1120,-0.157021,-0.071113,0,46.58,102.14
90.1200,-0.146764,-0.064376,0,46.58,102.14
90.1280,-0.133089,-0.054593,0,46.58,102.14
90.1360,-0.125275,-0.044146,0,46.58,102.14
90.1440,-0.117949,-0.034229,0,46.58,102.14
90.1520,-0.110134,-0.024967,0,46.58,102.14
90.1600,-0.099878,-0.016038,0,46.58,102.14
90.1680,-0.090110,0.013372,0,46.58,102.14
90.1760,-0.082295,0.020647,0,46.58,102.14
90.1840,-0.077411,0.025522,0,46.58,102.14
90.1920,-0.077411,0.027652,0,46.58,102.14
90.2000,-0.078388,0.027123,0,46.58,102.14
90.2080,-0.081319,0.024315,0,46.58,102.14
90.2160,-0.085714,0.019834,0,46.58,102.14
90.2240,-0.093529,0.014585,0,46.58,102.14
90.2320,-0.099878,0.009756,0,46.58,102.14
90.2400,-0.104274,0.006588,0,46.58,102.14
90.2480,-0.109158,0.006028,0,46.58,102.14
90.2560,-0.108181,0.008274,0,46.58,102.14
90.2640,-0.101343,0.012386,0,46.58,102.14
90.2720,-0.093529,0.013005,0,46.58,102.14
90.2800,-0.088645,0.018713,0,46.58,102.14
90.2880,-0.084737,0.022051,0,46.58,102.14
90.2960,-0.085714,0.022045,0,46.58,102.14
90.3040,-0.087179,0.018644,0,46.58,102.14
90.3120,-0.095971,0.012750,0,46.58,102.14
90.3200,-0.102320,0.005983,0,46.58,102.14
90.3280,-0.108669,0.000174,0,46.58,102.14
90.3360,-0.112576,-0.003167,0,46.58,102.14
90.3440,-0.114530,-0.003247,0,46.58,102.14
90.3520,-0.108669,-0.000211,0,46.58,102.14
90.3600,-0.103785,0.005020,0,46.58,102.14
90.3680,-0.100366,0.011289,0,46.58,102.14
90.3760,-0.097924,0.012561,0,46.58,102.14
90.3840,-0.095971,0.012756,0,46.58,102.14
90.3920,-0.100366,0.010615,0,46.58,102.14
90.4000,-0.104274,0.006913,0,46.58,102.14
90.4080,-0.109646,0.002830,0,46.58,102.14
90.4160,-0.110623,-0.000591,0,46.58,102.14
90.4240,-0.111600,-0.002778,0,46.58,102.14
90.4320,-0.112088,-0.003623,0,46.58,102.14
90.4400,-0.110623,-0.003304,0,46.58,102.14
90.4480,-0.108669,-0.002104,0,46.58,102.14
90.4560,-0.108181,-0.000235,0,46.58,102.14
90.4640,-0.107692,0.002198,0,46.58,102.14
90.4720,-0.103785,0.005007,0,46.58,102.14
90.4800,-0.100855,-0.005204,0,46.58,102.14
90.4880,-0.094505,-0.001041,0,46.58,102.14
90.4960,-0.090110,0.002679,0,46.58,102.14
90.5040,-0.085714,0.005027,0,46.58,102.14
90.5120,-0.085714,0.005355,0,46.58,102.14
90.5200,-0.088156,0.003620,0,46.58,102.14
90.5280,-0.093040,0.000462,0,46.58,102.14
90.5360,-0.098413,-0.003001,0,46.58,102.14
90.5440,-0.101343,-0.005579,0,46.58,102.14
90.5520,-0.101343,-0.006418,0,46.58,102.14
90.5600,-0.099878,-0.005221,0,46.58,102.14
90.5680,-0.094994,-0.002278,0,46.58,102.14
90.5760,-0.090110,0.001659,0,46.58,102.14
90.5840,-0.084249,0.018819,0,46.58,102.14
90.5920,-0.074481,0.025436,0,46.58,102.14
90.6000,-0.067643,0.029129,0,46.58,102.14
90.6080,-0.068620,0.028698,0,46.58,102.14
90.6160,-0.076435,0.024600,0,46.58,102.14
90.6240,-0.086691,0.018912,0,46.58,102.14
90.6320,-0.094505,0.014263,0,46.58,102.14
90.6400,-0.094994,0.012382,0,46.58,102.14
90.6480,-0.088645,0.013239,0,46.58,102.14
90.6560,-0.085226,0.015326,0,46.58,102.14
90.6640,-0.080342,0.016779,0,46.58,102.14
90.6720,-0.082784,0.016536,0,46.58,102.14
90.6800,-0.088156,0.014915,0,46.58,102.14
90.6880,-0.095971,-0.020315,0,46.58,102.14
90.6960,-0.100855,-0.026188,0,46.58,102.14
90.7040,-0.103785,-0.030580,0,46.58,102.14
90.7120,-0.103297,-0.032807,0,46.58,102.14
90.7200,-0.101343,-0.032848,0,46.58,102.14
90.7280,-0.098901,-0.031104,0,46.58,102.14
90.7360,-0.093529,-0.028163,0,46.58,102.14
90.7440,-0.090110,-0.024649,0,46.58,102.14
90.7520,-0.085226,-0.021148,0,46.58,102.14
90.7600,-0.079853,-0.018188,0,46.58,102.14
90.7680,-0.076435,-0.016146,0,46.58,102.14
90.7760,-0.074481,-0.015073,0,46.58,102.14
90.7840,-0.073504,-0.014619,0,46.58,102.14
90.7920,-0.075458,-0.008632,0,46.58,102.14
90.8000,-0.078877,-0.012086,0,46.58,102.14
90.8080,-0.081319,-0.015665,0,46.58,102.14
90.8160,-0.084249,-0.018466,0,46.58,102.14
90.8240,-0.085714,-0.019826,0,46.58,102.14
90.8320,-0.083272,-0.019589,0,46.58,102.14
90.8400,-0.078877,-0.018191,0,46.58,102.14
90.8480,-0.074969,-0.016372,0,46.58,102.14
90.8560,-0.072527,-0.014682,0,46.58,102.14
90.8640,-0.072039,-0.013180,0,46.58,102.14
90.8720,-0.070085,-0.011559,0,46.58,102.14
90.8800,-0.067155,-0.009543,0,46.58,102.14
90.8880,-0.062759,-0.007187,0,46.58,102.14
90.8960,-0.058852,0.024798,0,46.58,102.14
90.9040,-0.057387,0.026489,0,46.58,102.14
90.9120,-0.057387,0.026192,0,46.58,102.14
90.9200,-0.061783,0.023897,0,46.58,102.14
90.9280,-0.065690,0.020183,0,46.58,102.14
90.9360,-0.070085,0.015993,0,46.58,102.14
90.9440,-0.075458,0.012308,0,46.58,102.14
90.9520,-0.076435,0.009818,0,46.58,102.14
90.9600,-0.076923,0.008735,0,46.58,102.14
90.9680,-0.077411,0.008870,0,46.58,102.14
90.9760,-0.075946,0.009845,0,46.58,102.14
90.9840,-0.074969,0.011275,0,46.58,102.14
90.9920,-0.073993,0.012878,0,46.58,102.14
91.0000,-0.075458,-0.015027,0,46.58,102.14
91.0080,-0.076923,-0.016389,0,46.58,102.14
91.0160,-0.075458,-0.017420,0,46.58,102.14
91.0240,-0.076435,-0.017734,0,46.58,102.14
91.0320,-0.072527,-0.017178,0,46.58,102.14
91.0400,-0.070085,-0.015810,0,46.58,102.14
91.0480,-0.069597,-0.013775,0,46.58,102.14
91.0560,-0.064713,-0.011312,0,46.58,102.14
91.0640,-0.061783,-0.008867,0,46.58,102.14
91.0720,-0.057875,-0.007042,0,46.58,102.14
91.0800,-0.055922,-0.006347,0,46.58,102.14
91.0880,-0.055922,-0.006905,0,46.58,102.14
91.0960,-0.057875,-0.008295,0,46.58,102.14
91.1040,-0.058852,-0.043277,0,46.58,102.14
91.1120,-0.059829,-0.046475,0,46.58,102.14
91.1200,-0.059829,-0.048880,0,46.58,102.14
91.1280,-0.057387,-0.050166,0,46.58,102.14
91.1360,-0.054457,-0.050235,0,46.58,102.14
91.1440,-0.052015,-0.049086,0,46.58,102.14
91.1520,-0.046642,-0.046765,0,46.58,102.14
91.1600,-0.041270,-0.043405,0,46.58,102.14
91.1680,-0.035409,-0.039260,0,46.58,102.14
91.1760,-0.027106,-0.034718,0,46.58,102.14
91.1840,-0.019780,-0.030215,0,46.58,102.14
91.1920,-0.013919,-0.026031,0,46.58,102.14
91.2000,-0.008547,-0.022140,0,46.58,102.14
91.2080,-0.007570,0.006900,0,46.58,102.14
91.2160,-0.006593,0.008264,0,46.58,102.14
91.2240,-0.001221,0.008568,0,46.58,102.14
91.2320,0.002686,0.007498,0,46.58,102.14
91.2400,-0.000244,0.005002,0,46.58,102.14
91.2480,-0.002686,0.001786,0,46.58,102.14
91.2560,-0.005617,-0.000872,0,46.58,102.14
91.2640,-0.005617,-0.001786,0,46.58,102.14
91.2720,-0.002686,-0.000592,0,46.58,102.14
91.2800,0.008059,0.001923,0,46.58,102.14
91.2880,0.014896,0.004275,0,46.58,102.14
91.2960,0.017338,0.005381,0,46.58,102.14
91.3040,0.015873,0.005354,0,46.58,102.14
91.3120,0.011477,0.075938,0,46.58,102.14
91.3200,0.008547,0.075041,0,46.58,102.14
91.3280,0.008059,0.074459,0,46.58,102.14
91.3360,0.008059,0.074278,0,46.58,102.14
91.3440,0.008059,0.073832,0,46.58,102.14
91.3520,0.008059,0.072120,0,46.58,102.14
91.3600,0.003663,0.068409,0,46.58,102.14
91.3680,-0.006105,0.062711,0,46.58,102.14
91.3760,-0.012454,0.055789,0,46.58,102.14
91.3840,-0.023199,0.048769,0,46.58,102.14
91.3920,-0.030525,0.042666,0,46.58,102.14
91.4000,-0.035897,0.037928,0,46.58,102.14
91.4080,-0.038339,0.034196,0,46.58,102.14
91.4160,-0.041270,0.015659,0,46.58,102.14
91.4240,-0.042247,0.015865,0,46.58,102.14
91.4320,-0.041270,0.016881,0,46.58,102.14
91.4400,-0.039805,0.017858,0,46.58,102.14
91.4480,-0.040293,0.018049,0,46.58,102.14
91.4560,-0.044200,0.017136,0,46.58,102.14
91.4640,-0.047131,0.015291,0,46.58,102.14
91.4720,-0.051526,0.012956,0,46.58,102.14
91.4800,-0.054457,0.010605,0,46.58,102.14
91.4880,-0.058852,0.008637,0,46.58,102.14
91.4960,-0.062271,0.007331,0,46.58,102.14
91.5040,-0.065690,0.006767,0,46.58,102.14
91.5120,-0.066667,0.006723,0,46.58,102.14
91.5200,-0.067155,-0.021290,0,46.58,102.14
91.5280,-0.064713,-0.020025,0,46.58,102.14
91.5360,-0.062759,-0.019685,0,46.58,102.14
91.5440,-0.065690,-0.021052,0,46.58,102.14
91.5520,-0.071062,-0.023953,0,46.58,102.14
91.5600,-0.079365,-0.027227,0,46.58,102.14
91.5680,-0.084249,-0.029362,0,46.58,102.14
91.5760,-0.083272,-0.029389,0,46.58,102.14
91.5840,-0.080342,-0.027285,0,46.58,102.14
91.5920,-0.079365,-0.023661,0,46.58,102.14
91.6000,-0.076923,-0.019217,0,46.58,102.14
91.6080,-0.074969,-0.014443,0,46.58,102.14
91.6160,-0.073016,-0.009584,0,46.58,102.14
91.6240,-0.070085,0.002660,0,105.63,102.14
91.6320,-0.067155,0.007831,0,105.63,102.14
91.6400,-0.063736,0.012523,0,105.63,102.14
91.6480,-0.061294,0.016358,0,105.63,102.14
91.6560,-0.061294,0.019223,0,105.63,102.14
91.6640,-0.064713,0.021406,0,105.63,102.14
91.6720,-0.065690,0.023315,0,105.63,102.14
91.6800,-0.064713,0.024963,0,105.63,102.14
91.6880,-0.064713,0.025713,0,105.63,102.14
91.6960,-0.065201,0.024541,0,105.63,102.14
91.7040,-0.069597,0.020605,0,105.63,102.14
91.7120,-0.077411,0.013839,0,105.63,102.14
91.7200,-0.090110,0.005256,0,105.63,102.14
91.7280,-0.107692,-0.727790,0,105.63,102.14
91.7360,-0.124298,-0.772615,0,105.63,102.14
91.7440,-0.133089,-0.812150,0,105.63,102.14
91.7520,-0.132601,-0.842041,0,105.63,102.14
91.7600,-0.117949,-0.858693,0,105.63,102.14
91.7680,-0.085714,-0.859640,0,105.63,102.14
91.7760,-0.036386,-0.843471,0,105.63,102.14
91.7840,0.029060,-0.809298,0,105.63,102.14
91.7920,0.106716,-0.756216,0,105.63,102.14
91.8000,0.200977,-0.683513,0,105.63,102.14
91.8080,0.320635,-0.591940,0,105.63,102.14
91.8160,0.457875,-0.485129,0,105.63,102.14
91.8240,0.606838,-0.369932,0,105.63,102.14
91.8320,0.773382,0.808214,0,105.63,102.14
91.8400,0.928694,0.902582,0,105.63,102.14
91.8480,1.000000,0.969542,0,105.63,102.14
91.8560,1.000000,1.000000,1,105.63,102.14
91.8640,1.000000,0.989813,1,105.63,102.14
91.8720,0.858852,0.940926,0,105.63,102.14
91.8800,0.666422,0.862325,0,105.63,102.14
91.8880,0.472039,0.768150,0,105.63,102.14
91.8960,0.277167,0.673533,0,105.63,102.14
91.9040,0.093529,0.591126,0,105.63,102.14
91.9120,-0.058852,0.528678,0,105.63,102.14
91.9200,-0.160928,0.486841,0,105.63,102.14
91.9280,-0.210256,0.458261,0,105.63,102.14
91.9360,-0.204884,-0.130991,0,105.63,102.14
91.9440,-0.163858,-0.098130,0,105.63,102.14
91.9520,-0.109158,-0.048723,0,105.63,102.14
91.9600,-0.057387,0.001300,0,105.63,102.14
91.9680,-0.023199,0.039781,0,105.63,102.14
91.9760,-0.012454,0.060508,0,105.63,102.14
91.9840,-0.023199,0.063355,0,105.63,102.14
91.9920,-0.043223,0.052626,0,105.63,102.14
92.0000,-0.070574,0.034525,0,105.63,102.14
92.0080,-0.094994,0.014824,0,105.63,102.14
92.0160,-0.115018,-0.002690,0,105.63,102.14
92.0240,-0.130647,-0.016774,0,105.63,102.14
92.0320,-0.140904,-0.028423,0,105.63,102.14
92.0400,-0.148230,-0.177671,0,105.63,102.14
92.0480,-0.151648,-0.183011,0,105.63,102.14
92.0560,-0.150672,-0.184226,0,105.63,102.14
92.0640,-0.145299,-0.181573,0,105.63,102.14
92.0720,-0.136996,-0.175328,0,105.63,102.14
92.0800,-0.127717,-0.165818,0,105.63,102.14
92.0880,-0.117460,-0.153525,0,105.63,102.14
92.0960,-0.106227,-0.139362,0,105.63,102.14
92.1040,-0.092063,-0.124914,0,105.63,102.14
92.1120,-0.083761,-0.112178,0,105.63,102.14
92.1200,-0.084249,-0.102721,0,105.63,102.14
92.1280,-0.095971,-0.096806,0,105.63,102.14
92.1360,-0.115507,-0.093144,0,105.63,102.14
92.1440,-0.136020,-0.225565,0,105.63,102.14
92.1520,-0.154090,-0.223027,0,105.63,102.14
92.1600,-0.162882,-0.210115,0,105.63,102.14
92.1680,-0.152625,-0.185779,0,105.63,102.14
92.1760,-0.131136,-0.152534,0,105.63,102.14
92.1840,-0.098901,-0.115976,0,105.63,102.14
92.1920,-0.069597,-0.083050,0,105.63,102.14
92.2000,-0.047131,-0.059815,0,105.63,102.14
92.2080,-0.038828,-0.049560,0,105.63,102.14
92.2160,-0.043712,-0.052034,0,105.63,102.14
92.2240,-0.054945,-0.064166,0,105.63,102.14
92.2320,-0.066667,-0.081885,0,105.63,102.14
92.2400,-0.070085,-0.101883,0,105.63,102.14
92.2480,-0.070085,0.003340,0,105.63,102.14
92.2560,-0.069109,0.000044,0,105.63,102.14
92.2640,-0.069109,-0.001127,0,105.63,102.14
92.2720,-0.069597,-0.001365,0,105.63,102.14
92.2800,-0.070085,-0.001459,0,105.63,102.14
92.2880,-0.071551,-0.001554,0,105.63,102.14
92.2960,-0.076435,-0.001253,0,105.63,102.14
92.3040,-0.073016,-0.000122,0,105.63,102.14
92.3120,-0.069597,0.001712,0,105.63,102.14
92.3200,-0.062759,0.003472,0,105.63,102.14
92.3280,-0.059341,0.004245,0,105.63,102.14
92.3360,-0.058852,0.003632,0,105.63,102.14
92.3440,-0.059341,0.002038,0,105.63,102.14
92.3520,-0.061783,0.019468,0,105.63,102.14
92.3600,-0.064713,0.014717,0,105.63,102.14
92.3680,-0.069109,0.009421,0,105.63,102.14
92.3760,-0.072527,0.004260,0,105.63,102.14
92.3840,-0.074969,-0.000256,0,105.63,102.14
92.3920,-0.077900,-0.003828,0,105.63,102.14
92.4000,-0.077411,-0.006319,0,105.63,102.14
92.4080,-0.079365,-0.007633,0,105.63,102.14
92.4160,-0.079365,-0.007614,0,105.63,102.14
92.4240,-0.078388,-0.006117,0,105.63,102.14
92.4320,-0.073504,-0.003203,0,105.63,102.14
92.4400,-0.068620,0.000797,0,105.63,102.14
92.4480,-0.062271,0.005373,0,105.63,102.14
92.4560,-0.054945,0.009420,0,105.63,102.14
92.4640,-0.052991,0.010143,0,105.63,102.14
92.4720,-0.053480,0.008443,0,105.63,102.14
92.4800,-0.055922,0.004774,0,105.63,102.14
92.4880,-0.060806,0.000052,0,105.63,102.14
92.4960,-0.063736,-0.004674,0,105.63,102.14
92.5040,-0.069109,-0.008485,0,105.63,102.14
92.5120,-0.070085,-0.010738,0,105.63,102.14
92.5200,-0.070085,-0.011104,0,105.63,102.14
92.5280,-0.069597,-0.009488,0,105.63,102.14
92.5360,-0.066667,-0.005980,0,105.63,102.14
92.5440,-0.059829,-0.000952,0,105.63,102.14
92.5520,-0.053968,0.004916,0,105.63,102.14
92.5600,-0.051038,0.020339,0,105.63,102.14
92.5680,-0.047619,0.023851,0,105.63,102.14
92.5760,-0.045665,0.026529,0,105.63,102.14
92.5840,-0.046642,0.028737,0,105.63,102.14
92.5920,-0.044200,0.030750,0,105.63,102.14
92.6000,-0.041270,0.032371,0,105.63,102.14
92.6080,-0.038828,0.032911,0,105.63,102.14
92.6160,-0.038339,0.031618,0,105.63,102.14
92.6240,-0.041758,0.028288,0,105.63,102.14
92.6320,-0.051038,0.023631,0,105.63,102.14
92.6400,-0.058852,0.018960,0,105.63,102.14
92.6480,-0.062271,0.015284,0,105.63,102.14
92.6560,-0.061294,0.012564,0,105.63,102.14
92.6640,-0.055922,-0.006966,0,105.63,102.14
92.6720,-0.050061,-0.003125,0,105.63,102.14
92.6800,-0.046642,0.001713,0,105.63,102.14
92.6880,-0.042735,0.006952,0,105.63,102.14
92.6960,-0.035897,0.012110,0,105.63,102.14
92.7040,-0.030037,0.016556,0,105.63,102.14
92.7120,-0.024664,0.019547,0,105.63,102.14
92.7200,-0.023687,0.020520,0,105.63,102.14
92.7280,-0.023687,0.019322,0,105.63,102.14
92.7360,-0.026129,0.016224,0,105.63,102.14
92.7440,-0.030525,0.011792,0,105.63,102.14
92.7520,-0.035409,0.006667,0,105.63,102.14
92.7600,-0.038339,0.001306,0,105.63,102.14
92.7680,-0.037851,0.031182,0,105.63,102.14
92.7760,-0.031990,0.033895,0,105.63,102.14
92.7840,-0.030525,0.037375,0,105.63,102.14
92.7920,-0.028083,0.040471,0,105.63,102.14
92.8000,-0.026129,0.042185,0,105.63,102.14
92.8080,-0.026129,0.041825,0,105.63,102.14
92.8160,-0.029548,0.039204,0,105.63,102.14
92.8240,-0.035409,0.034745,0,105.63,102.14
92.8320,-0.040293,0.029368,0,105.63,102.14
92.8400,-0.047131,0.024241,0,105.63,102.14
92.8480,-0.054457,0.020449,0,105.63,102.14
92.8560,-0.055922,0.018485,0,105.63,102.14
92.8640,-0.054457,0.017844,0,105.63,102.14
92.8720,-0.047619,0.026321,0,105.63,102.14
92.8800,-0.041270,0.031837,0,105.63,102.14
92.8880,-0.038828,0.036628,0,105.63,102.14
92.8960,-0.039316,0.039949,0,105.63,102.14
92.9040,-0.040293,0.041758,0,105.63,102.14
92.9120,-0.041270,0.042283,0,105.63,102.14
92.9200,-0.041758,0.041650,0,105.63,102.14
92.9280,-0.045665,0.039863,0,105.63,102.14
92.9360,-0.050061,0.036943,0,105.63,102.14
92.9440,-0.054457,0.032984,0,105.63,102.14
92.9520,-0.059829,0.028150,0,105.63,102.14
92.9600,-0.067643,0.022705,0,105.63,102.14
92.9680,-0.073504,0.016972,0,105.63,102.14
92.9760,-0.081319,0.033696,0,105.63,102.14
92.9840,-0.086691,0.029934,0,105.63,102.14
92.9920,-0.092552,0.025937,0,105.63,102.14
93.0000,-0.098413,0.020834,0,105.63,102.14
93.0080,-0.106227,0.013779,0,105.63,102.14
93.0160,-0.116972,0.004535,0,105.63,102.14
93.0240,-0.132601,-0.005987,0,105.63,102.14
93.0320,-0.148230,-0.015671,0,105.63,102.14
93.0400,-0.160440,-0.021809,0,105.63,102.14
93.0480,-0.165324,-0.022158,0,105.63,102.14
93.0560,-0.162393,-0.015884,0,105.63,102.14
93.0640,-0.150183,-0.003968,0,105.63,102.14
93.0720,-0.139438,0.011150,0,105.63,102.14
93.0800,-0.129182,0.015194,0,105.63,102.14
93.0880,-0.124298,0.025312,0,105.63,102.14
93.0960,-0.123810,0.032205,0,105.63,102.14
93.1040,-0.125763,0.036131,0,105.63,102.14
93.1120,-0.127717,0.037807,0,105.63,102.14
93.1200,-0.131624,0.037876,0,105.63,102.14
93.1280,-0.135043,0.036708,0,105.63,102.14
93.1360,-0.141880,0.034477,0,105.63,102.14
93.1440,-0.148230,0.031310,0,105.63,102.14
93.1520,-0.155556,0.027361,0,105.63,102.14
93.1600,-0.163858,0.022853,0,105.63,102.14
93.1680,-0.174115,0.018071,0,105.63,102.14
93.1760,-0.181441,0.013236,0,105.63,102.14
93.1840,-0.182418,-0.073618,0,105.63,102.14
93.1920,-0.177045,-0.066650,0,105.63,102.14
93.2000,-0.163858,-0.054527,0,105.63,102.14
93.2080,-0.147741,-0.039698,0,105.63,102.14
93.2160,-0.132112,-0.025530,0,105.63,102.14
93.2240,-0.119902,-0.015222,0,105.63,102.14
93.2320,-0.116972,-0.010670,0,105.63,102.14
93.2400,-0.122344,-0.011762,0,105.63,102.14
93.2480,-0.130159,-0.016530,0,105.63,102.14
93.2560,-0.139927,-0.022101,0,105.63,102.14
93.2640,-0.145299,-0.025967,0,105.63,102.14
93.2720,-0.144811,-0.027069,0,105.63,102.14
93.2800,-0.139927,-0.026178,0,105.63,102.14
93.2880,-0.134554,0.023109,0,105.63,102.14
93.2960,-0.132601,0.028303,0,105.63,102.14
93.3040,-0.132112,0.032199,0,105.63,102.14
93.3120,-0.131624,0.033824,0,105.63,102.14
93.3200,-0.133089,0.032406,0,105.63,102.14
93.3280,-0.135043,0.027508,0,105.63,102.14
93.3360,-0.145788,0.019511,0,105.63,102.14
93.3440,-0.155556,0.009985,0,105.63,102.14
93.3520,-0.168254,0.001501,0,105.63,102.14
93.3600,-0.175092,-0.003142,0,105.63,102.14
93.3680,-0.177045,-0.002006,0,105.63,102.14
93.3760,-0.170208,0.005000,0,105.63,102.14
93.3840,-0.155556,0.015729,0,105.63,102.14
93.3920,-0.137973,0.033773,0,105.63,102.14
93.4000,-0.123321,0.050753,0,105.63,102.14
93.4080,-0.110134,0.064770,0,105.63,102.14
93.4160,-0.104274,0.073741,0,105.63,102.14
93.4240,-0.103785,0.076794,0,105.63,102.14
93.4320,-0.108669,0.074223,0,105.63,102.14
93.4400,-0.116972,0.067226,0,105.63,102.14
93.4480,-0.127717,0.057596,0,105.63,102.14
93.4560,-0.139927,0.047446,0,105.63,102.14
93.4640,-0.151160,0.038851,0,105.63,102.14
93.4720,-0.158974,0.033303,0,105.63,102.14
93.4800,-0.160440,0.031096,0,105.63,102.14
93.4880,-0.157509,0.031067,0,105.63,102.14
93.4960,-0.151648,-0.036028,0,105.63,102.14
93.5040,-0.147741,-0.031952,0,105.63,102.14
93.5120,-0.140904,-0.026816,0,105.63,102.14
93.5200,-0.135043,-0.021130,0,105.63,102.14
93.5280,-0.131136,-0.015141,0,105.63,102.14
93.5360,-0.124298,-0.009095,0,105.63,102.14
93.5440,-0.116972,-0.003531,0,105.63,102.14
93.5520,-0.111111,0.000684,0,105.63,102.14
93.5600,-0.106227,0.002674,0,105.63,102.14
93.5680,-0.106716,0.001964,0,105.63,102.14
93.5760,-0.109158,-0.001268,0,105.63,102.14
93.5840,-0.114530,-0.006301,0,105.63,102.14
93.5920,-0.117460,-0.012223,0,105.63,102.14
93.6000,-0.119414,-0.006159,0,105.63,102.14
93.6080,-0.123321,-0.011780,0,105.63,102.14
93.6160,-0.125275,-0.018377,0,105.63,102.14
93.6240,-0.132601,-0.025810,0,105.63,102.14
93.6320,-0.140415,-0.033064,0,105.63,102.14
93.6400,-0.147253,-0.038381,0,105.63,102.14
93.6480,-0.150672,-0.040011,0,105.63,102.14
93.6560,-0.144811,-0.037198,0,105.63,102.14
93.6640,-0.132601,-0.030797,0,105.63,102.14
93.6720,-0.117949,-0.022937,0,105.63,102.14
93.6800,-0.109646,-0.015862,0,105.63,102.14
93.6880,-0.101832,-0.010758,0,105.63,102.14
93.6960,-0.102320,-0.007229,0,105.63,102.14
93.7040,-0.103785,0.042501,0,105.63,102.14
93.7120,-0.109646,0.039078,0,105.63,102.14
93.7200,-0.116972,0.034269,0,105.63,102.14
93.7280,-0.123810,0.029328,0,105.63,102.14
93.7360,-0.127717,0.024992,0,105.63,102.14
93.7440,-0.131136,0.021360,0,105.63,102.14
93.7520,-0.133089,0.018165,0,105.63,102.14
93.7600,-0.137485,0.015266,0,105.63,102.14
93.7680,-0.142857,0.012943,0,105.63,102.14
93.7760,-0.144811,0.011735,0,105.63,102.14
93.7840,-0.144811,0.011962,0,105.63,102.14
93.7920,-0.140904,0.013438,0,105.63,102.14
93.8000,-0.140415,0.015602,0,105.63,102.14
93.8080,-0.137973,-0.034823,0,105.63,102.14
93.8160,-0.136996,-0.033855,0,105.63,102.14
93.8240,-0.133578,-0.032148,0,105.63,102.14
93.8320,-0.132601,-0.029372,0,105.63,102.14
93.8400,-0.126252,-0.025410,0,105.63,102.14
93.8480,-0.119414,-0.020576,0,105.63,102.14
93.8560,-0.114042,-0.015533,0,105.63,102.14
93.8640,-0.110134,-0.011059,0,105.63,102.14
93.8720,-0.104274,-0.007926,0,105.63,102.14
93.8800,-0.101832,-0.006789,0,105.63,102.14
93.8880,-0.102808,-0.007919,0,105.63,102.14
93.8960,-0.104762,-0.011016,0,105.63,102.14
93.9040,-0.108669,-0.015260,0,105.63,102.14
93.9120,-0.114530,-0.022618,0,105.63,102.14
93.9200,-0.116972,-0.028264,0,105.63,102.14
93.9280,-0.119902,-0.033265,0,105.63,102.14
93.9360,-0.121368,-0.037215,0,105.63,102.14
93.9440,-0.122344,-0.039770,0,105.63,102.14
93.9520,-0.121856,-0.040619,0,105.63,102.14
93.9600,-0.117460,-0.039584,0,105.63,102.14
93.9680,-0.115507,-0.036732,0,105.63,102.14
93.9760,-0.107692,-0.032464,0,105.63,102.14
93.9840,-0.100366,-0.027532,0,105.63,102.14
93.9920,-0.093040,-0.022750,0,105.63,102.14
94.0000,-0.090110,-0.018558,0,105.63,102.14
94.0080,-0.085714,-0.014844,0,105.63,102.14
94.0160,-0.082295,0.040984,0,105.63,102.14
94.0240,-0.082784,0.037865,0,105.63,102.14
94.0320,-0.092063,0.029427,0,105.63,102.14
94.0400,-0.106716,0.016178,0,105.63,102.14
94.0480,-0.123321,-0.000167,0,105.63,102.14
94.0560,-0.139438,-0.017103,0,105.63,102.14
94.0640,-0.155067,-0.031794,0,105.63,102.14
94.0720,-0.165324,-0.041493,0,105.63,102.14
94.0800,-0.169231,-0.044068,0,105.63,102.14
94.0880,-0.163370,-0.038545,0,105.63,102.14
94.0960,-0.148718,-0.025436,0,105.63,102.14
94.1040,-0.129182,-0.006605,0,105.63,102.14
94.1120,-0.108669,0.015253,0,105.63,102.14
94.1200,-0.092063,0.026285,0,105.63,102.14
94.1280,-0.082295,0.036412,0,105.63,102.14
94.1360,-0.080830,0.040125,0,105.63,102.14
94.1440,-0.085714,0.038349,0,105.63,102.14
94.1520,-0.092552,0.033245,0,105.63,102.14
94.1600,-0.101343,0.027296,0,105.63,102.14
94.1680,-0.104762,0.022444,0,105.63,102.14
94.1760,-0.107692,0.019587,0,105.63,102.14
94.1840,-0.108181,0.018598,0,105.63,102.14
94.1920,-0.106227,0.018716,0,105.63,102.14
94.2000,-0.108181,0.019091,0,105.63,102.14
94.2080,-0.108669,0.019227,0,105.63,102.14
94.2160,-0.110623,0.019090,0,105.63,102.14
94.2240,-0.110623,-0.026084,0,105.63,102.14
94.2320,-0.109646,-0.028714,0,105.63,102.14
94.2400,-0.111600,-0.031755,0,105.63,102.14
94.2480,-0.114042,-0.034678,0,105.63,102.14
94.2560,-0.116484,-0.036533,0,105.63,102.14
94.2640,-0.116484,-0.036367,0,105.63,102.14
94.2720,-0.112576,-0.033808,0,105.63,102.14
94.2800,-0.101832,-0.029382,0,105.63,102.14
94.2880,-0.098413,-0.024234,0,105.63,102.14
94.2960,-0.092063,-0.019569,0,105.63,102.14
94.3040,-0.085714,-0.016289,0,105.63,102.14
94.3120,-0.084249,-0.014714,0,105.63,102.14
94.3200,-0.085714,-0.014329,0,105.63,102.14
94.3280,-0.085714,0.004487,0,105.63,102.14
94.3360,-0.090110,0.002000,0,105.63,102.14
94.3440,-0.094017,-0.000474,0,105.63,102.14
94.3520,-0.093040,-0.002277,0,105.63,102.14
94.3600,-0.091087,-0.003237,0,105.63,102.14
94.3680,-0.092063,-0.003555,0,105.63,102.14
94.3760,-0.085714,-0.003567,0,105.63,102.14
94.3840,-0.085714,-0.003506,0,105.63,102.14
94.3920,-0.085714,-0.003319,0,105.63,102.14
94.4000,-0.083272,-0.002809,0,105.63,102.14
94.4080,-0.078877,-0.001973,0,105.63,102.14
94.4160,-0.076435,-0.001024,0,105.63,102.14
94.4240,-0.076435,-0.000114,0,105.63,102.14
94.4320,-0.082295,0.007493,0,105.63,102.14
94.4400,-0.091575,0.000360,0,105.63,102.14
94.4480,-0.102320,-0.008368,0,105.63,102.14
94.4560,-0.113553,-0.017320,0,105.63,102.14
94.4640,-0.120879,-0.025198,0,105.63,102.14
94.4720,-0.126252,-0.031073,0,105.63,102.14
94.4800,-0.129182,-0.034422,0,105.63,102.14
94.4880,-0.130159,-0.035014,0,105.63,102.14
94.4960,-0.126740,-0.032845,0,105.63,102.14
94.5040,-0.121856,-0.028133,0,105.63,102.14
94.5120,-0.114042,-0.021306,0,105.63,102.14
94.5200,-0.103785,-0.012976,0,105.63,102.14
94.5280,-0.094017,-0.003874,0,105.63,102.14
94.5360,-0.085226,0.026369,0,105.63,102.14
94.5440,-0.073016,0.036821,0,105.63,102.14
94.5520,-0.064225,0.044380,0,105.63,102.14
94.5600,-0.060806,0.047567,0,105.63,102.14
94.5680,-0.061783,0.045690,0,105.63,102.14
94.5760,-0.070085,0.039282,0,105.63,102.14
94.5840,-0.082295,0.030102,0,105.63,102.14
94.5920,-0.093040,0.020624,0,105.63,102.14
94.6000,-0.102320,0.013248,0,105.63,102.14
94.6080,-0.105739,0.009628,0,105.63,102.14
94.6160,-0.106716,0.010327,0,105.63,102.14
94.6240,-0.102808,0.014761,0,105.63,102.14
94.6320,-0.095971,0.021363,0,105.63,102.14
94.6400,-0.090110,-0.021508,0,105.63,102.14
94.6480,-0.085714,-0.018249,0,105.63,102.14
94.6560,-0.084249,-0.016574,0,105.63,102.14
94.6640,-0.085714,-0.016096,0,105.63,102.14
94.6720,-0.085714,-0.015894,0,105.63,102.14
94.6800,-0.084249,-0.015121,0,105.63,102.14
94.6880,-0.079853,-0.013441,0,105.63,102.14
94.6960,-0.077411,-0.011046,0,105.63,102.14
94.7040,-0.074481,-0.008464,0,105.63,102.14
94.7120,-0.069597,-0.006397,0,105.63,102.14
94.7200,-0.067155,-0.005490,0,105.63,102.14
94.7280,-0.068132,-0.005954,0,105.63,102.14
94.7360,-0.070085,-0.007349,0,105.63,102.14
94.7440,-0.076435,-0.032770,0,105.63,102.14
94.7520,-0.084737,-0.041757,0,105.63,102.14
94.7600,-0.090110,-0.049929,0,105.63,102.14
94.7680,-0.095971,-0.055075,0,105.63,102.14
94.7760,-0.095971,-0.055449,0,105.63,102.14
94.7840,-0.085714,-0.050551,0,105.63,102.14
94.7920,-0.071062,-0.041489,0,105.63,102.14
94.8000,-0.057387,-0.030571,0,105.63,102.14
94.8080,-0.044689,-0.020538,0,105.63,102.14
94.8160,-0.031990,-0.013937,0,105.63,102.14
94.8240,-0.025641,-0.012470,0,105.63,102.14
94.8320,-0.028083,-0.016233,0,105.63,102.14
94.8400,-0.037363,-0.023330,0,105.63,102.14
94.8480,-0.041758,-0.027330,0,105.63,102.14
94.8560,-0.044200,-0.032019,0,105.63,102.14
94.8640,-0.044200,-0.032354,0,105.63,102.14
94.8720,-0.036386,-0.027411,0,105.63,102.14
94.8800,-0.023687,-0.017625,0,105.63,102.14
94.8880,-0.009035,-0.004716,0,105.63,102.14
94.8960,0.009524,0.008639,0,105.63,102.14
94.9040,0.024664,0.019328,0,105.63,102.14
94.9120,0.035897,0.024591,0,105.63,102.14
94.9200,0.036874,0.022894,0,105.63,102.14
94.9280,0.029060,0.014446,0,105.63,102.14
94.9360,0.016850,0.000976,0,105.63,102.14
94.9440,0.007082,-0.015065,0,105.63,102.14
94.9520,-0.007082,0.030721,0,105.63,102.14
94.9600,-0.019780,0.016215,0,105.63,102.14
94.9680,-0.031013,0.003442,0,105.63,102.14
94.9760,-0.039805,-0.006672,0,105.63,102.14
94.9840,-0.046642,-0.013619,0,105.63,102.14
94.9920,-0.047619,-0.017391,0,105.63,102.14
95.0000,-0.046154,-0.018431,0,105.63,102.14
95.0080,-0.045665,-0.017356,0,105.63,102.14
95.0160,-0.043223,-0.014711,0,105.63,102.14
95.0240,-0.038339,-0.010986,0,105.63,102.14
95.0320,-0.031990,-0.006706,0,105.63,102.14
95.0400,-0.027595,-0.002300,0,105.63,102.14
95.0480,-0.023199,0.002069,0,105.63,102.14
95.0560,-0.028571,0.061512,0,105.63,102.14
95.0640,-0.038828,0.055252,0,105.63,102.14
95.0720,-0.053480,0.048060,0,105.63,102.14
95.0800,-0.062271,0.042736,0,105.63,102.14
95.0880,-0.062759,0.040976,0,105.63,102.14
95.0960,-0.060806,0.042628,0,105.63,102.14
95.1040,-0.055922,0.046017,0,105.63,102.14
95.1120,-0.054945,0.048958,0,105.63,102.14
95.1200,-0.061294,0.049680,0,105.63,102.14
95.1280,-0.065201,0.047144,0,105.63,102.14
95.1360,-0.071551,0.040942,0,105.63,102.14
95.1440,-0.085226,0.031425,0,105.63,102.14
95.1520,-0.101343,0.019919,0,105.63,102.14
95.1600,-0.120391,-0.110742,0,105.63,102.14
95.1680,-0.138462,-0.127869,0,105.63,102.14
95.1760,-0.148718,-0.139633,0,105.63,102.14
95.1840,-0.150672,-0.144024,0,105.63,102.14
95.1920,-0.145788,-0.140616,0,105.63,102.14
95.2000,-0.133089,-0.130573,0,105.63,102.14
95.2080,-0.117460,-0.116249,0,105.63,102.14
95.2160,-0.101832,-0.100556,0,105.63,102.14
95.2240,-0.086203,-0.086289,0,105.63,102.14
95.2320,-0.075458,-0.075542,0,105.63,102.14
95.2400,-0.070085,-0.069271,0,105.63,102.14
95.2480,-0.065690,-0.067104,0,105.63,102.14
95.2560,-0.068620,-0.067417,0,105.63,102.14
95.2640,-0.070085,0.079003,0,105.63,102.14
95.2720,-0.067643,0.085217,0,105.63,102.14
95.2800,-0.063736,0.094009,0,105.63,102.14
95.2880,-0.056899,0.105404,0,105.63,102.14
95.2960,-0.049573,0.118159,0,105.63,102.14
95.3040,-0.038828,0.129767,0,105.63,102.14
95.3120,-0.031013,0.136909,0,105.63,102.14
95.3200,-0.033455,0.136586,0,105.63,102.14
95.3280,-0.047619,0.127492,0,105.63,102.14
95.3360,-0.075458,0.110697,0,105.63,102.14
95.3440,-0.104762,0.089040,0,105.63,102.14
95.3520,-0.136996,0.065548,0,105.63,102.14
95.3600,-0.155556,0.041909,0,105.63,102.14
95.3680,-0.157509,-0.965496,0,105.63,92.26
95.3760,-0.137485,-0.990522,0,105.63,92.26
95.3840,-0.097924,-1.000000,0,105.63,92.26
95.3920,-0.041758,-0.994648,0,105.63,92.26
95.4000,0.024176,-0.975060,0,105.63,92.26
95.4080,0.102320,-0.940859,0,105.63,92.26
95.4160,0.196093,-0.891168,0,105.63,92.26
95.4240,0.315263,-0.826254,0,105.63,92.26
95.4320,0.452015,-0.749227,0,105.63,92.26
95.4400,0.601954,-0.666577,0,105.63,92.26
95.4480,0.767033,-0.586772,0,105.63,92.26
95.4560,0.927228,-0.516275,0,105.63,92.26
95.4640,1.000000,-0.454473,0,105.63,92.26
95.4720,1.000000,1.000000,1,105.63,92.26
95.4800,0.985348,0.981607,0,105.63,92.26
95.4880,0.845665,0.919275,0,105.63,92.26
95.4960,0.664469,0.823514,0,105.63,92.26
95.5040,0.477900,0.709344,0,105.63,92.26
95.5120,0.296703,0.592346,0,105.63,92.26
95.5200,0.117460,0.486465,0,105.63,92.26
95.5280,-0.037851,0.403337,0,105.63,92.26
95.5360,-0.143346,0.351219,0,105.63,92.26
95.5440,-0.194628,0.333369,0,105.63,92.26
95.5520,-0.197070,0.347237,0,105.63,92.26
95.5600,-0.169719,0.385174,0,105.63,92.26
95.5680,-0.127717,0.436160,0,105.63,92.26
95.5760,-0.085714,0.001308,0,105.63,92.26
95.5840,-0.052991,0.041829,0,105.63,92.26
95.5920,-0.035897,0.072357,0,105.63,92.26
95.6000,-0.027595,0.091663,0,105.63,92.26
95.6080,-0.026129,0.100819,0,105.63,92.26
95.6160,-0.031502,0.101701,0,105.63,92.26
95.6240,-0.044689,0.096215,0,105.63,92.26
95.6320,-0.059829,0.086101,0,105.63,92.26
95.6400,-0.078388,0.073038,0,105.63,92.26
95.6480,-0.101343,0.058845,0,105.63,92.26
95.6560,-0.124298,0.045370,0,105.63,92.26
95.6640,-0.141392,0.033796,0,105.63,92.26
95.6720,-0.148718,0.023870,0,105.63,92.26
95.6800,-0.146764,-0.268139,0,105.63,92.26
95.6880,-0.132601,-0.264680,0,105.63,92.26
95.6960,-0.116972,-0.255206,0,105.63,92.26
95.7040,-0.100366,-0.242353,0,105.63,92.26
95.7120,-0.085714,-0.228389,0,105.63,92.26
95.7200,-0.072527,-0.214831,0,105.63,92.26
95.7280,-0.063248,-0.202407,0,105.63,92.26
95.7360,-0.057875,-0.191089,0,105.63,92.26
95.7440,-0.059341,-0.180176,0,105.63,92.26
95.7520,-0.065201,-0.168562,0,105.63,92.26
95.7600,-0.070574,-0.155309,0,105.63,92.26
95.7680,-0.078388,-0.140190,0,105.63,92.26
95.7760,-0.083272,-0.123864,0,105.63,92.26
95.7840,-0.086691,-0.038009,0,105.63,92.26
95.7920,-0.093529,-0.025344,0,105.63,92.26
95.8000,-0.100366,-0.014612,0,105.63,92.26
95.8080,-0.102808,-0.005976,0,105.63,92.26
95.8160,-0.104762,0.000883,0,105.63,92.26
95.8240,-0.105739,0.006669,0,105.63,92.26
95.8320,-0.106227,0.012228,0,105.63,92.26
95.8400,-0.101343,0.017861,0,105.63,92.26
95.8480,-0.091087,0.022526,0,105.63,92.26
95.8560,-0.078877,0.023822,0,105.63,92.26
95.8640,-0.078388,0.019255,0,105.63,92.26
95.8720,-0.088645,0.008127,0,105.63,92.26
95.8800,-0.112088,-0.007392,0,105.63,92.26
95.8880,-0.138462,-0.036802,0,105.63,92.26
95.8960,-0.156532,-0.049175,0,105.63,92.26
95.9040,-0.163858,-0.051264,0,105.63,92.26
95.9120,-0.149695,-0.042439,0,105.63,92.26
95.9200,-0.125275,-0.026330,0,105.63,92.26
95.9280,-0.102320,-0.009086,0,105.63,92.26
95.9360,-0.092552,0.003536,0,105.63,92.26
95.9440,-0.089133,0.008425,0,105.63,92.26
95.9520,-0.096947,0.005739,0,105.63,92.26
95.9600,-0.109158,-0.001909,0,105.63,92.26
95.9680,-0.118926,-0.011117,0,105.63,92.26
95.9760,-0.125275,-0.019491,0,105.63,92.26
95.9840,-0.123321,-0.026642,0,105.63,92.26
95.9920,-0.104762,-0.011229,0,105.63,92.26
96.0000,-0.077411,0.013783,0,105.63,92.26
96.0080,-0.043712,0.045685,0,105.63,92.26
96.0160,-0.010501,0.080163,0,105.63,92.26
96.0240,0.021245,0.112705,0,105.63,92.26
96.0320,0.042735,0.139230,0,105.63,92.26
96.0400,0.059829,0.156271,0,105.63,92.26
96.0480,0.069597,0.161058,0,105.63,92.26
96.0560,0.062271,0.152146,0,105.63,92.26
96.0640,0.035897,0.130338,0,105.63,92.26
96.0720,-0.002198,0.098756,0,105.63,92.26
96.0800,-0.038828,0.061483,0,105.63,92.26
96.0880,-0.069597,0.021896,0,105.63,92.26
96.0960,-0.091087,-0.041550,0,105.63,92.26
96.1040,-0.110623,-0.066032,0,105.63,92.26
96.1120,-0.127228,-0.083559,0,105.63,92.26
96.1200,-0.135531,-0.093394,0,105.63,92.26
96.1280,-0.137973,-0.095027,0,105.63,92.26
96.1360,-0.129670,-0.088738,0,105.63,92.26
96.1440,-0.116972,-0.076155,0,105.63,92.26
96.1520,-0.093529,-0.060448,0,105.63,92.26
96.1600,-0.072039,-0.045707,0,105.63,92.26
96.1680,-0.061783,-0.035496,0,105.63,92.26
96.1760,-0.057387,-0.031504,0,105.63,92.26
96.1840,-0.057875,-0.033165,0,105.63,92.26
96.1920,-0.061294,-0.038123,0,105.63,92.26
96.2000,-0.067155,-0.011030,0,105.63,92.26
96.2080,-0.077411,-0.021520,0,105.63,92.26
96.2160,-0.086203,-0.029465,0,105.63,92.26
96.2240,-0.088645,-0.032117,0,105.63,92.26
96.2320,-0.082784,-0.028278,0,105.63,92.26
96.2400,-0.069109,-0.018919,0,105.63,92.26
96.2480,-0.053968,-0.006951,0,105.63,92.26
96.2560,-0.037363,0.003725,0,105.63,92.26
96.2640,-0.025641,0.009614,0,105.63,92.26
96.2720,-0.025641,0.009095,0,105.63,92.26
96.2800,-0.038828,0.003166,0,105.63,92.26
96.2880,-0.053968,-0.005527,0,105.63,92.26
96.2960,-0.048107,-0.014862,0,105.63,92.26
96.3040,-0.024664,0.048674,0,105.63,92.26
96.3120,0.014896,0.079089,0,105.63,92.26
96.3200,0.054945,0.109069,0,105.63,92.26
96.3280,0.078388,0.128754,1,105.63,92.26
96.3360,0.077900,0.131200,1,105.63,92.26
96.3440,0.053480,0.115121,1,105.63,92.26
96.3520,0.014896,0.085278,0,105.63,92.26
96.3600,-0.032479,0.050773,0,105.63,92.26
96.3680,-0.069109,0.022004,0,105.63,92.26
96.3760,-0.088156,0.007257,0,105.63,92.26
96.3840,-0.085226,0.010087,0,105.63,92.26
96.3920,-0.057387,0.028413,0,105.63,92.26
96.4000,-0.030037,0.055614,0,105.63,92.26
96.4080,-0.017827,0.069437,0,105.63,92.26
96.4160,-0.022711,0.068203,0,105.63,92.26
96.4240,-0.041270,0.053737,0,105.63,92.26
96.4320,-0.072039,0.029921,0,105.63,92.26
96.4400,-0.104762,0.003480,0,105.63,92.26
96.4480,-0.128205,-0.018617,0,105.63,92.26
96.4560,-0.142369,-0.031498,0,105.63,92.26
96.4640,-0.140904,-0.033652,0,105.63,92.26
96.4720,-0.131136,-0.026800,0,105.63,92.26
96.4800,-0.116972,-0.014564,0,105.63,92.26
96.4880,-0.104762,-0.000597,0,105.63,92.26
96.4960,-0.097924,0.012901,0,105.63,92.26
96.5040,-0.091087,0.025583,0,105.63,92.26
96.5120,-0.086203,-0.059897,0,105.63,92.26
96.5200,-0.082784,-0.059735,0,105.63,92.26
96.5280,-0.081319,-0.061208,0,105.63,92.26
96.5360,-0.081319,-0.062291,0,105.63,92.26
96.5440,-0.082295,-0.060308,0,105.63,92.26
96.5520,-0.079365,-0.052758,0,105.63,92.26
96.5600,-0.064713,-0.038778,0,105.63,92.26
96.5680,-0.043223,-0.020395,0,105.63,92.26
96.5760,-0.017827,-0.002625,0,105.63,92.26
96.5840,0.007082,0.008078,0,105.63,92.26
96.5920,0.009524,0.006740,0,105.63,92.26
96.6000,-0.008547,-0.007259,0,105.63,92.26
96.6080,-0.038339,-0.029316,0,105.63,92.26
96.6160,-0.070085,0.131345,0,105.63,92.26
96.6240,-0.093040,0.120577,0,105.63,92.26
96.6320,-0.101343,0.123397,0,105.63,92.26
96.6400,-0.088156,0.141905,0,105.63,92.26
96.6480,-0.066667,0.173170,0,105.63,92.26
96.6560,-0.032479,0.209820,0,105.63,92.26
96.6640,-0.000244,0.241676,0,105.63,92.26
96.6720,0.018803,0.258471,0,105.63,92.26
96.6800,0.008059,0.253174,0,105.63,92.26
96.6880,-0.035897,0.224435,0,105.63,92.26
96.6960,-0.101343,0.176515,0,105.63,92.26
96.7040,-0.171184,0.116591,0,105.63,92.26
96.7120,-0.229792,0.051485,0,105.63,92.26
96.7200,-0.279609,-0.200439,0,69.44,92.26
96.7280,-0.301099,-0.227570,0,69.44,92.26
96.7360,-0.299145,-0.233419,0,69.44,92.26
96.7440,-0.280586,-0.221323,0,69.44,92.26
96.7520,-0.252747,-0.197391,0,69.44,92.26
96.7600,-0.218071,-0.168657,0,69.44,92.26
96.7680,-0.187790,-0.141484,0,69.44,92.26
96.7760,-0.164835,-0.120345,0,69.44,92.26
96.7840,-0.152137,-0.107212,0,69.44,92.26
96.7920,-0.147253,-0.101755,0,69.44,92.26
96.8000,-0.145788,-0.102181,0,69.44,92.26
96.8080,-0.147741,-0.106242,0,69.44,92.26
96.8160,-0.147741,-0.111932,0,69.44,92.26
96.8240,-0.141880,-0.039964,0,69.44,92.26
96.8320,-0.139927,-0.037162,0,69.44,92.26
96.8400,-0.136020,-0.032870,0,69.44,92.26
96.8480,-0.131624,-0.027669,0,69.44,92.26
96.8560,-0.124786,-0.022564,0,69.44,92.26
96.8640,-0.117949,-0.018862,0,69.44,92.26
96.8720,-0.116972,-0.017612,0,69.44,92.26
96.8800,-0.120391,-0.018914,0,69.44,92.26
96.8880,-0.127717,-0.021653,0,69.44,92.26
96.8960,-0.135043,-0.023890,0,69.44,92.26
96.9040,-0.139438,-0.023765,0,69.44,92.26
96.9120,-0.136996,-0.020523,0,69.44,92.26
96.9200,-0.127228,-0.015098,0,69.44,92.26
96.9280,-0.116972,0.015520,0,69.44,92.26
96.9360,-0.108669,0.023338,0,69.44,92.26
96.9440,-0.105739,0.028995,0,69.44,92.26
96.9520,-0.105739,0.032080,0,69.44,92.26
96.9600,-0.109646,0.033061,0,69.44,92.26
96.9680,-0.111600,0.032712,0,69.44,92.26
96.9760,-0.115995,0.031648,0,69.44,92.26
96.9840,-0.121368,0.030192,0,69.44,92.26
96.9920,-0.125275,0.028407,0,69.44,92.26
97.0000,-0.127717,0.026124,0,69.44,92.26
97.0080,-0.128205,0.023092,0,69.44,92.26
97.0160,-0.132112,0.019259,0,69.44,92.26
97.0240,-0.132601,0.014907,0,69.44,92.26
97.0320,-0.132601,-0.075614,0,69.44,92.26
97.0400,-0.131136,-0.080804,0,69.44,92.26
97.0480,-0.126252,-0.085156,0,69.44,92.26
97.0560,-0.121856,-0.088996,0,69.44,92.26
97.0640,-0.117460,-0.092423,0,69.44,92.26
97.0720,-0.117460,-0.094760,0,69.44,92.26
97.0800,-0.116972,-0.094497,0,69.44,92.26
97.0880,-0.110623,-0.090064,0,69.44,92.26
97.0960,-0.097924,-0.081026,0,69.44,92.26
97.1040,-0.074481,-0.068846,0,69.44,92.26
97.1120,-0.049084,-0.056373,0,69.44,92.26
97.1200,-0.031990,-0.046013,0,69.44,92.26
97.1280,-0.030525,-0.037868,0,69.44,92.26
97.1360,-0.039805,0.040798,0,69.44,92.26
97.1440,-0.069597,0.013537,0,69.44,92.26
97.1520,-0.107692,-0.021043,0,69.44,92.26
97.1600,-0.146276,-0.055457,0,69.44,92.26
97.1680,-0.172161,-0.082340,0,69.44,92.26
97.1760,-0.185836,-0.096694,0,69.44,92.26
97.1840,-0.180952,-0.097168,0,69.44,92.26
97.1920,-0.163858,-0.086065,0,69.44,92.26
97.2000,-0.139438,-0.068164,0,69.44,92.26
97.2080,-0.116972,-0.048798,0,69.44,92.26
97.2160,-0.099389,-0.031987,0,69.44,92.26
97.2240,-0.085714,-0.019275,0,69.44,92.26
97.2320,-0.082295,-0.009511,0,69.44,92.26
97.2400,-0.085226,0.021119,0,69.44,92.26
97.2480,-0.091575,0.013707,0,69.44,92.26
97.2560,-0.102320,0.002984,0,69.44,92.26
97.2640,-0.116972,-0.008265,0,69.44,92.26
97.2720,-0.125275,-0.017445,0,69.44,92.26
97.2800,-0.129182,-0.022871,0,69.44,92.26
97.2880,-0.128205,-0.024111,0,69.44,92.26
97.2960,-0.125275,-0.021791,0,69.44,92.26
97.3040,-0.118437,-0.017181,0,69.44,92.26
97.3120,-0.111600,-0.011725,0,69.44,92.26
97.3200,-0.106716,-0.006587,0,69.44,92.26
97.3280,-0.100366,-0.002317,0,69.44,92.26
97.3360,-0.098901,0.001254,0,69.44,92.26
97.3440,-0.100855,-0.003478,0,69.44,92.26
97.3520,-0.104762,-0.006108,0,69.44,92.26
97.3600,-0.107692,-0.008315,0,69.44,92.26
97.3680,-0.107204,-0.008848,0,69.44,92.26
97.3760,-0.104274,-0.007214,0,69.44,92.26
97.3840,-0.099389,-0.003791,0,69.44,92.26
97.3920,-0.093040,0.000397,0,69.44,92.26
97.4000,-0.090110,0.004073,0,69.44,92.26
97.4080,-0.085714,0.006104,0,69.44,92.26
97.4160,-0.087179,0.005868,0,69.44,92.26
97.4240,-0.094017,0.003514,0,69.44,92.26
97.4320,-0.100855,-0.000202,0,69.44,92.26
97.4400,-0.103785,-0.004474,0,69.44,92.26
97.4480,-0.106716,-0.008144,0,69.44,92.26
97.4560,-0.103297,-0.009443,0,69.44,92.26
97.4640,-0.101343,-0.010784,0,69.44,92.26
97.4720,-0.101343,-0.012733,0,69.44,92.26
97.4800,-0.101343,-0.015004,0,69.44,92.26
97.4880,-0.106227,-0.016368,0,69.44,92.26
97.4960,-0.105739,-0.015309,0,69.44,92.26
97.5040,-0.101343,-0.011177,0,69.44,92.26
97.5120,-0.088156,-0.005055,0,69.44,92.26
97.5200,-0.077411,0.000497,0,69.44,92.26
97.5280,-0.071062,0.002833,0,69.44,92.26
97.5360,-0.075458,0.000876,0,69.44,92.26
97.5440,-0.085714,-0.004089,0,69.44,92.26
97.5520,-0.098413,-0.021985,0,69.44,92.26
97.5600,-0.108181,-0.033760,0,69.44,92.26
97.5680,-0.116972,-0.043712,0,69.44,92.26
97.5760,-0.121856,-0.050227,0,69.44,92.26
97.5840,-0.120391,-0.052710,0,69.44,92.26
97.5920,-0.116484,-0.051557,0,69.44,92.26
97.6000,-0.109646,-0.047811,0,69.44,92.26
97.6080,-0.102808,-0.042680,0,69.44,92.26
97.6160,-0.096947,-0.037167,0,69.44,92.26
97.6240,-0.090598,-0.031951,0,69.44,92.26
97.6320,-0.083761,-0.027449,0,69.44,92.26
97.6400,-0.077900,-0.023812,0,69.44,92.26
97.6480,-0.075458,-0.020788,0,69.44,92.26
97.6560,-0.077900,0.005513,0,69.44,92.26
97.6640,-0.080830,0.002540,0,69.44,92.26
97.6720,-0.084249,-0.001683,0,69.44,92.26
97.6800,-0.085714,-0.006461,0,69.44,92.26
97.6880,-0.090598,-0.011110,0,69.44,92.26
97.6960,-0.095971,-0.014842,0,69.44,92.26
97.7040,-0.097924,-0.016940,0,69.44,92.26
97.7120,-0.095482,-0.017115,0,69.44,92.26
97.7200,-0.093529,-0.015574,0,69.44,92.26
97.7280,-0.090598,-0.012762,0,69.44,92.26
97.7360,-0.085714,-0.009108,0,69.44,92.26
97.7440,-0.082784,-0.004935,0,69.44,92.26
97.7520,-0.076923,-0.000499,0,69.44,92.26
97.7600,-0.071551,0.012987,0,69.44,92.26
97.7680,-0.073016,0.013076,0,69.44,92.26
97.7760,-0.075458,0.011893,0,69.44,92.26
97.7840,-0.079365,0.010831,0,69.44,92.26
97.7920,-0.080342,0.011343,0,69.44,92.26
97.8000,-0.076923,0.014090,0,69.44,92.26
97.8080,-0.069109,0.018449,0,69.44,92.26
97.8160,-0.061783,0.022767,0,69.44,92.26
97.8240,-0.059829,0.025205,0,69.44,92.26
97.8320,-0.062759,0.024572,0,69.44,92.26
97.8400,-0.066667,0.020595,0,69.44,92.26
97.8480,-0.072527,0.013804,0,69.44,92.26
97.8560,-0.082295,0.005382,0,69.44,92.26
97.8640,-0.088645,-0.029902,0,69.44,92.26
97.8720,-0.093529,-0.038312,0,69.44,92.26
97.8800,-0.097924,-0.045379,0,69.44,92.26
97.8880,-0.101343,-0.050565,0,69.44,92.26
97.8960,-0.101832,-0.053333,0,69.44,92.26
97.9040,-0.102320,-0.053219,0,69.44,92.26
97.9120,-0.097924,-0.050095,0,69.44,92.26
97.9200,-0.089133,-0.044502,0,69.44,92.26
97.9280,-0.079365,-0.037676,0,69.44,92.26
97.9360,-0.070085,-0.031140,0,69.44,92.26
97.9440,-0.063736,-0.026078,0,69.44,92.26
97.9520,-0.059829,-0.022852,0,69.44,92.26
97.9600,-0.058852,-0.020870,0,69.44,92.26
97.9680,-0.060317,0.017200,0,69.44,92.26
97.9760,-0.063736,0.015077,0,69.44,92.26
97.9840,-0.064713,0.012329,0,69.44,92.26
97.9920,-0.067155,0.009708,0,69.44,92.26
98.0000,-0.068620,0.007851,0,69.44,92.26
98.0080,-0.070085,0.007313,0,69.44,92.26
98.0160,-0.070085,0.008403,0,69.44,92.26
98.0240,-0.067643,0.010863,0,69.44,92.26
98.0320,-0.060806,0.013656,0,69.44,92.26
98.0400,-0.056899,0.015247,0,69.44,92.26
98.0480,-0.056899,0.014396,0,69.44,92.26
98.0560,-0.062759,0.010890,0,69.44,92.26
98.0640,-0.069597,0.005698,0,69.44,92.26
98.0720,-0.072527,-0.045605,0,69.44,92.26
98.0800,-0.072527,-0.050132,0,69.44,92.26
98.0880,-0.073016,-0.053396,0,69.44,92.26
98.0960,-0.071551,-0.055411,0,69.44,92.26
98.1040,-0.072527,-0.056120,0,69.44,92.26
98.1120,-0.070085,-0.055373,0,69.44,92.26
98.1200,-0.064713,-0.053154,0,69.44,92.26
98.1280,-0.058852,-0.049691,0,69.44,92.26
98.1360,-0.053480,-0.045314,0,69.44,92.26
98.1440,-0.046642,-0.040319,0,69.44,92.26
98.1520,-0.038828,-0.034979,0,69.44,92.26
98.1600,-0.030037,-0.029545,0,69.44,92.26
98.1680,-0.023199,-0.024155,0,69.44,92.26
98.1760,-0.016361,0.019113,0,69.44,92.26
98.1840,-0.009035,0.025181,0,69.44,92.26
98.1920,-0.002686,0.031526,0,69.44,92.26
98.2000,0.009035,0.037764,0,69.44,92.26
98.2080,0.017827,0.043017,0,69.44,92.26
98.2160,0.023687,0.046267,0,69.44,92.26
98.2240,0.025153,0.046817,0,69.44,92.26
98.2320,0.023687,0.044542,0,69.44,92.26
98.2400,0.018803,0.039905,0,69.44,92.26
98.2480,0.010501,0.033803,0,69.44,92.26
98.2560,0.003663,0.027254,0,69.44,92.26
98.2640,-0.004151,0.020976,0,69.44,92.26
98.2720,-0.006593,0.015086,0,69.44,92.26
98.2800,-0.004640,0.082854,0,69.44,92.26
98.2880,0.007570,0.091371,0,69.44,92.26
98.2960,0.015873,0.100375,0,69.44,92.26
98.3040,0.023199,0.106851,0,69.44,92.26
98.3120,0.021245,0.108562,0,69.44,92.26
98.3200,0.014408,0.104709,0,69.44,92.26
98.3280,0.004640,0.095958,0,69.44,92.26
98.3360,-0.012943,0.084105,0,69.44,92.26
98.3440,-0.025641,0.071541,0,69.44,92.26
98.3520,-0.041758,0.060634,0,69.44,92.26
98.3600,-0.053968,0.053055,0,69.44,92.26
98.3680,-0.055433,0.049112,0,69.44,92.26
98.3760,-0.056899,0.047522,0,69.44,92.26
98.3840,-0.057387,-0.013183,0,69.44,92.26
98.3920,-0.056899,-0.015092,0,69.44,92.26
98.4000,-0.059341,-0.018468,0,69.44,92.26
98.4080,-0.066667,-0.023328,0,69.44,92.26
98.4160,-0.074481,-0.028562,0,69.44,92.26
98.4240,-0.078877,-0.032536,0,69.44,92.26
98.4320,-0.081319,-0.033897,0,69.44,92.26
98.4400,-0.079365,-0.032145,0,69.44,92.26
98.4480,-0.073504,-0.027826,0,69.44,92.26
98.4560,-0.065690,-0.022267,0,69.44,92.26
98.4640,-0.061783,-0.016909,0,69.44,92.26
98.4720,-0.056899,-0.012598,0,69.44,92.26
98.4800,-0.058852,-0.009191,0,69.44,92.26
98.4880,-0.059829,-0.038454,0,69.44,92.26
98.4960,-0.053480,-0.034448,0,69.44,92.26
98.5040,-0.045665,-0.029302,0,69.44,92.26
98.5120,-0.040781,-0.023715,0,69.44,92.26
98.5200,-0.036874,-0.018475,0,69.44,92.26
98.5280,-0.032479,-0.014106,0,69.44,92.26
98.5360,-0.031502,-0.010794,0,69.44,92.26
98.5440,-0.031502,-0.008479,0,69.44,92.26
98.5520,-0.029548,-0.007117,0,69.44,92.26
98.5600,-0.028083,-0.006887,0,69.44,92.26
98.5680,-0.029060,-0.008061,0,69.44,92.26
98.5760,-0.030525,-0.010666,0,69.44,92.26
98.5840,-0.036386,-0.014215,0,69.44,92.26
98.5920,-0.039316,0.043128,0,69.44,92.26
98.6000,-0.040293,0.041799,0,69.44,92.26
98.6080,-0.045665,0.040472,0,69.44,92.26
98.6160,-0.049084,0.039676,0,69.44,92.26
98.6240,-0.055922,0.040319,0,69.44,92.26
98.6320,-0.062759,0.043134,0,69.44,92.26
98.6400,-0.054945,0.047623,0,69.44,92.26
98.6480,-0.045177,0.051582,0,69.44,92.26
98.6560,-0.043223,0.052238,0,69.44,92.26
98.6640,-0.055433,0.048146,0,69.44,92.26
98.6720,-0.070085,0.039970,0,69.44,92.26
98.6800,-0.085714,0.029550,0,69.44,92.26
98.6880,-0.092063,0.018427,0,69.44,92.26
98.6960,-0.099878,-0.934690,0,69.44,92.26
98.7040,-0.093529,-0.965662,0,69.44,92.26
98.7120,-0.063736,-0.984479,0,69.44,92.26
98.7200,-0.030525,-0.990435,0,69.44,92.26
98.7280,0.019292,-0.983350,0,69.44,92.26
98.7360,0.080342,-0.962717,0,69.44,92.26
98.7440,0.151648,-0.927455,0,69.44,92.26
98.7520,0.235653,-0.876479,0,69.44,92.26
98.7600,0.351404,-0.809995,0,69.44,92.26
98.7680,0.476435,-0.730246,0,69.44,92.26
98.7760,0.607326,-0.640809,0,69.44,92.26
98.7840,0.743101,-0.545428,0,69.44,92.26
98.7920,0.883761,-0.447535,0,69.44,92.26
98.8000,1.000000,0.966183,1,69.44,92.26
98.8080,1.000000,1.000000,1,69.44,92.26
98.8160,1.000000,0.988349,0,69.44,92.26
98.8240,0.839805,0.933882,0,69.44,92.26
98.8320,0.636630,0.848638,0,69.44,92.26
98.8400,0.453968,0.749495,0,69.44,92.26
98.8480,0.288889,0.651906,0,69.44,92.26
98.8560,0.133089,0.566978,0,69.44,92.26
98.8640,-0.004151,0.501988,0,69.44,92.26
98.8720,-0.108669,0.461209,0,69.44,92.26
98.8800,-0.178022,0.445501,0,69.44,92.26
98.8880,-0.202930,0.451159,0,69.44,92.26
98.8960,-0.195116,0.469442,0,69.44,92.26
98.9040,-0.163858,-0.138686,0,69.44,92.26
98.9120,-0.121368,-0.094075,0,69.44,92.26
98.9200,-0.076435,-0.047120,0,69.44,92.26
98.9280,-0.039805,-0.006743,0,69.44,92.26
98.9360,-0.016850,0.021158,0,69.44,92.26
98.9440,-0.008547,0.034306,0,69.44,92.26
98.9520,-0.016850,0.033911,0,69.44,92.26
98.9600,-0.033944,0.023816,0,69.44,92.26
98.9680,-0.054945,0.009068,0,69.44,92.26
98.9760,-0.072039,-0.005679,0,69.44,92.26
98.9840,-0.085714,-0.017404,0,69.44,92.26
98.9920,-0.093040,-0.025285,0,69.44,92.26
99.0000,-0.095482,-0.030572,0,69.44,92.26
99.0080,-0.094994,-0.194014,0,69.44,92.26
99.0160,-0.094505,-0.196864,0,69.44,92.26
99.0240,-0.093040,-0.198337,0,69.44,92.26
99.0320,-0.093040,-0.198811,0,69.44,92.26
99.0400,-0.092063,-0.198140,0,69.44,92.26
99.0480,-0.090110,-0.195866,0,69.44,92.26
99.0560,-0.088645,-0.191358,0,69.44,92.26
99.0640,-0.090110,-0.183905,0,69.44,92.26
99.0720,-0.086203,-0.172943,0,69.44,92.26
99.0800,-0.085226,-0.158317,0,69.44,92.26
99.0880,-0.084737,-0.140334,0,69.44,92.26
99.0960,-0.085714,-0.119738,0,69.44,92.26
99.1040,-0.088645,-0.097695,0,69.44,92.26
99.1120,-0.092552,-0.101794,0,69.44,92.26
99.1200,-0.095482,-0.088882,0,69.44,92.26
99.1280,-0.101343,-0.079563,0,69.44,92.26
99.1360,-0.111600,-0.074286,0,69.44,92.26
99.1440,-0.121368,-0.072159,0,69.44,92.26
99.1520,-0.130159,-0.071308,0,69.44,92.26
99.1600,-0.132601,-0.069743,0,69.44,92.26
99.1680,-0.129182,-0.066210,0,69.44,92.26
99.1760,-0.119414,-0.060616,0,69.44,92.26
99.1840,-0.106716,-0.053874,0,69.44,92.26
99.1920,-0.093529,-0.047268,0,69.44,92.26
99.2000,-0.083761,-0.041657,0,69.44,92.26
99.2080,-0.078388,-0.036969,0,69.44,92.26
99.2160,-0.077900,0.022703,0,69.44,92.26
99.2240,-0.080342,0.022637,0,69.44,92.26
99.2320,-0.082784,0.021143,0,69.44,92.26
99.2400,-0.085714,0.018932,0,69.44,92.26
99.2480,-0.088156,0.016485,0,69.44,92.26
99.2560,-0.094994,0.014296,0,69.44,92.26
99.2640,-0.100855,0.012931,0,69.44,92.26
99.2720,-0.099878,0.012649,0,69.44,92.26
99.2800,-0.098901,0.013095,0,69.44,92.26
99.2880,-0.098413,0.013511,0,69.44,92.26
99.2960,-0.098901,0.013242,0,69.44,92.26
99.3040,-0.101343,0.012077,0,69.44,92.26
99.3120,-0.104274,0.010305,0,69.44,92.26
99.3200,-0.112576,-0.044218,0,69.44,92.26
99.3280,-0.119414,-0.049785,0,69.44,92.26
99.3360,-0.122344,-0.052164,0,69.44,92.26
99.3440,-0.116972,-0.050276,0,69.44,92.26
99.3520,-0.109158,-0.044409,0,69.44,92.26
99.3600,-0.096459,-0.036051,0,69.44,92.26
99.3680,-0.085226,-0.027252,0,69.44,92.26
99.3760,-0.078877,-0.019883,0,69.44,92.26
99.3840,-0.070574,-0.015201,0,69.44,92.26
99.3920,-0.070085,-0.013728,0,69.44,92.26
99.4000,-0.070085,-0.015312,0,69.44,92.26
99.4080,-0.070574,-0.019292,0,69.44,92.26
99.4160,-0.075458,-0.024623,0,69.44,92.26
99.4240,-0.080830,0.017315,0,69.44,92.26
99.4320,-0.084249,0.013498,0,69.44,92.26
99.4400,-0.085714,0.010621,0,69.44,92.26
99.4480,-0.085714,0.008687,0,69.44,92.26
99.4560,-0.085714,0.007354,0,69.44,92.26
99.4640,-0.085714,0.006214,0,69.44,92.26
99.4720,-0.085714,0.004993,0,69.44,92.26
99.4800,-0.085714,0.003660,0,69.44,92.26
99.4880,-0.087179,0.002482,0,69.44,92.26
99.4960,-0.090110,0.001935,0,69.44,92.26
99.5040,-0.088156,0.002387,0,69.44,92.26
99.5120,-0.085714,0.003797,0,69.44,92.26
99.5200,-0.084249,0.005759,0,69.44,92.26
99.5280,-0.084249,0.014629,0,69.44,92.26
99.5360,-0.084249,0.015214,0,69.44,92.26
99.5440,-0.084249,0.015307,0,69.44,92.26
99.5520,-0.084737,0.015108,0,69.44,92.26
99.5600,-0.085714,0.014942,0,69.44,92.26
99.5680,-0.085714,0.015162,0,69.44,92.26
99.5760,-0.085714,0.015982,0,69.44,92.26
99.5840,-0.084737,0.017283,0,69.44,92.26
99.5920,-0.082295,0.018474,0,69.44,92.26
99.6000,-0.079365,0.018594,0,69.44,92.26
99.6080,-0.080342,0.016773,0,69.44,92.26
99.6160,-0.084737,0.012819,0,69.44,92.26
99.6240,-0.091575,0.007469,0,69.44,92.26
99.6320,-0.100855,-0.024574,0,69.44,92.26
99.6400,-0.103785,-0.030531,0,69.44,92.26
99.6480,-0.103785,-0.034769,0,69.44,92.26
99.6560,-0.103785,-0.037372,0,69.44,92.26
99.6640,-0.103785,-0.038713,0,69.44,92.26
99.6720,-0.102808,-0.039034,0,69.44,92.26
99.6800,-0.103785,-0.038311,0,69.44,92.26
99.6880,-0.100855,-0.036410,0,69.44,92.26
99.6960,-0.096459,-0.033362,0,69.44,92.26
99.7040,-0.091575,-0.029460,0,69.44,92.26
99.7120,-0.085714,-0.025093,0,69.44,92.26
99.7200,-0.082295,-0.020547,0,69.44,92.26
99.7280,-0.076435,-0.015951,0,69.44,92.26
99.7360,-0.073016,0.038683,0,69.44,92.26
99.7440,-0.071551,0.041926,0,69.44,92.26
99.7520,-0.067643,0.043145,0,69.44,92.26
99.7600,-0.070085,0.042248,0,69.44,92.26
99.7680,-0.074969,0.039827,0,69.44,92.26
99.7760,-0.084249,0.037078,0,69.44,92.26
99.7840,-0.084737,0.035086,0,69.44,92.26
99.7920,-0.084737,0.034106,0,69.44,92.26
99.8000,-0.085714,0.033526,0,69.44,92.26
99.8080,-0.085714,0.032368,0,69.44,92.26
99.8160,-0.090110,0.029839,0,69.44,92.26
99.8240,-0.094017,0.025725,0,69.44,92.26
99.8320,-0.102808,0.020553,0,69.44,92.26
99.8400,-0.107692,-0.031471,0,69.44,92.26
99.8480,-0.109646,-0.034632,0,69.44,92.26
99.8560,-0.110134,-0.034839,0,69.44,92.26
99.8640,-0.106716,-0.032055,0,69.44,92.26
99.8720,-0.097924,-0.027066,0,69.44,92.26
99.8800,-0.088645,-0.021179,0,69.44,92.26
99.8880,-0.085226,-0.015562,0,69.44,92.26
99.8960,-0.082784,-0.010824,0,69.44,92.26
99.9040,-0.079365,-0.007320,0,69.44,92.26
99.9120,-0.072527,-0.005665,0,69.44,92.26
99.9200,-0.071062,-0.006678,0,69.44,92.26
99.9280,-0.071062,-0.010666,0,69.44,92.26
99.9360,-0.081319,-0.016702,0,69.44,92.26
99.9440,-0.096459,-0.016709,0,69.44,92.26
99.9520,-0.105739,-0.028236,0,69.44,92.26
99.9600,-0.113553,-0.038658,0,69.44,92.26
99.9680,-0.121856,-0.047260,0,69.44,92.26
99.9760,-0.123321,-0.054239,0,69.44,92.26
99.9840,-0.123321,-0.060276,0,69.44,92.26
99.9920,-0.129182,-0.065661,0,69.44,92.26
100.0000,-0.134066,-0.069544,0,69.44,92.26
100.0080,-0.137485,-0.070041,0,69.44,92.26
100.0160,-0.135531,-0.065170,0,69.44,92.26
100.0240,-0.121856,-0.054045,0,69.44,92.26
100.0320,-0.101343,-0.037549,0,69.44,92.26
100.0400,-0.082295,-0.018029,0,69.44,92.26
100.0480,-0.072527,0.055060,0,69.44,92.26
100.0560,-0.074969,0.059167,0,69.44,92.26
100.0640,-0.084249,0.057188,0,69.44,92.26
100.0720,-0.093529,0.051327,0,69.44,92.26
100.0800,-0.103785,0.044039,0,69.44,92.26
100.0880,-0.110134,0.037031,0,69.44,92.26
100.0960,-0.115507,0.030985,0,69.44,92.26
100.1040,-0.119902,0.025963,0,69.44,92.26
100.1120,-0.128205,0.022098,0,69.44,92.26
100.1200,-0.135531,0.019921,0,69.44,92.26
100.1280,-0.137485,0.020006,0,69.44,92.26
100.1360,-0.136996,0.022357,0,69.44,92.26
100.1440,-0.133089,0.026143,0,69.44,92.26
100.1520,-0.125275,-0.037461,0,69.44,92.26
100.1600,-0.114042,-0.029693,0,69.44,92.26
100.1680,-0.104274,-0.024605,0,69.44,92.26
100.1760,-0.101343,-0.025417,0,69.44,92.26
100.1840,-0.104762,-0.034047,0,69.44,92.26
100.1920,-0.121368,-0.049858,0,69.44,92.26
100.2000,-0.145299,-0.069136,0,69.44,92.26
100.2080,-0.167277,-0.085876,0,69.44,92.26
100.2160,-0.179976,-0.093811,0,69.44,92.26
100.2240,-0.177045,-0.088830,0,69.44,92.26
100.2320,-0.148230,-0.070642,0,69.44,92.26
100.2400,-0.113553,-0.042546,0,69.44,92.26
100.2480,-0.087179,-0.009487,0,69.44,92.26
100.2560,-0.071062,0.030466,0,69.44,92.26
100.2640,-0.064225,0.040237,0,69.44,92.26
100.2720,-0.065201,0.040635,0,69.44,92.26
100.2800,-0.074481,0.033828,0,69.44,92.26
100.2880,-0.086203,0.023254,0,69.44,92.26
100.2960,-0.098413,0.012525,0,69.44,92.26
100.3040,-0.103785,0.004411,0,69.44,92.26
100.3120,-0.106227,0.000262,0,69.44,92.26
100.3200,-0.102320,0.000037,0,69.44,92.26
100.3280,-0.098901,0.002844,0,69.44,92.26
100.3360,-0.094505,0.007604,0,69.44,92.26
100.3440,-0.091087,0.013459,0,69.44,92.26
100.3520,-0.085714,0.019797,0,69.44,92.26
100.3600,-0.085226,0.005350,0,69.44,92.26
100.3680,-0.085714,0.001681,0,69.44,92.26
100.3760,-0.094505,-0.005219,0,69.44,92.26
100.3840,-0.106716,-0.013605,0,69.44,92.26
100.3920,-0.114042,-0.021063,0,69.44,92.26
100.4000,-0.116972,-0.025546,0,69.44,92.26
100.4080,-0.116484,-0.026071,0,69.44,92.26
100.4160,-0.111600,-0.022881,0,69.44,92.26
100.4240,-0.102320,-0.017284,0,69.44,92.26
100.4320,-0.092552,-0.011165,0,69.44,92.26
100.4400,-0.085714,-0.006220,0,69.44,92.26
100.4480,-0.081319,-0.003210,0,69.44,92.26
100.4560,-0.082295,-0.001635,0,69.44,92.26
100.4640,-0.085714,0.028230,0,69.44,92.26
100.4720,-0.092063,0.024104,0,69.44,92.26
100.4800,-0.099878,0.019706,0,69.44,92.26
100.4880,-0.101343,0.015976,0,69.44,92.26
100.4960,-0.101343,0.013016,0,69.44,92.26
100.5040,-0.104274,0.010374,0,69.44,92.26
100.5120,-0.104762,0.007601,0,69.44,92.26
100.5200,-0.105739,0.004634,0,69.44,92.26
100.5280,-0.108181,0.001997,0,69.44,92.26
100.5360,-0.115507,0.000684,0,69.44,92.26
100.5440,-0.110623,0.001511,0,69.44,92.26
100.5520,-0.108181,0.004456,0,69.44,92.26
100.5600,-0.104762,0.008668,0,69.44,92.26
100.5680,-0.102808,-0.009525,0,69.44,92.26
100.5760,-0.109646,-0.011898,0,69.44,92.26
100.5840,-0.115995,-0.016066,0,69.44,92.26
100.5920,-0.119414,-0.021074,0,69.44,92.26
100.6000,-0.124298,-0.025868,0,69.44,92.26
100.6080,-0.125275,-0.029415,0,69.44,92.26
100.6160,-0.131624,-0.030658,0,69.44,92.26
100.6240,-0.130647,-0.028809,0,69.44,92.26
100.6320,-0.125275,-0.024014,0,69.44,92.26
100.6400,-0.114530,-0.017741,0,69.44,92.26
100.6480,-0.102320,-0.012215,0,69.44,92.26
100.6560,-0.100855,-0.008991,0,69.44,92.26
100.6640,-0.106716,-0.007743,0,69.44,92.26
100.6720,-0.114530,0.027983,0,69.44,92.26
100.6800,-0.114530,0.028801,0,69.44,92.26
100.6880,-0.113553,0.032289,0,69.44,92.26
100.6960,-0.104762,0.038552,0,69.44,92.26
100.7040,-0.097924,0.046375,0,69.44,92.26
100.7120,-0.090110,0.053832,0,69.44,92.26
100.7200,-0.086691,0.058973,0,69.44,92.26
100.7280,-0.085714,0.060340,0,69.44,92.26
100.7360,-0.092063,0.057280,0,69.44,92.26
100.7440,-0.100855,0.050026,0,69.44,92.26
100.7520,-0.115995,0.039505,0,69.44,92.26
100.7600,-0.129182,0.026939,0,69.44,92.26
100.7680,-0.143346,0.013458,0,69.44,92.26
100.7760,-0.150672,-0.002018,0,69.44,92.26
100.7840,-0.140904,0.007244,0,69.44,92.26
100.7920,-0.118437,0.023589,0,69.44,92.26
100.8000,-0.094994,0.042698,0,69.44,92.26
100.8080,-0.081319,0.059758,0,69.44,92.26
100.8160,-0.073993,0.071268,0,69.44,92.26
100.8240,-0.071551,0.075657,0,69.44,92.26
100.8320,-0.077411,0.073013,0,69.44,92.26
100.8400,-0.086691,0.064610,0,69.44,92.26
100.8480,-0.101832,0.052397,0,69.44,92.26
100.8560,-0.118926,0.038435,0,69.44,92.26
100.8640,-0.133089,0.024233,0,69.44,92.26
100.8720,-0.144811,0.010312,0,69.44,92.26
100.8800,-0.144811,-0.006700,0,69.44,92.26
100.8880,-0.132112,0.001585,0,69.44,92.26
100.8960,-0.114530,0.013342,0,69.44,92.26
100.9040,-0.101343,0.024466,0,69.44,92.26
100.9120,-0.098413,0.031888,0,69.44,92.26
100.9200,-0.100366,0.034537,0,69.44,92.26
100.9280,-0.101832,0.033001,0,69.44,92.26
100.9360,-0.108669,0.028674,0,69.44,92.26
100.9440,-0.114042,0.023079,0,69.44,92.26
100.9520,-0.119902,0.017499,0,69.44,92.26
100.9600,-0.127228,0.012815,0,69.44,92.26
100.9680,-0.132112,0.009384,0,69.44,92.26
100.9760,-0.132601,0.006870,0,69.44,92.26
100.9840,-0.131136,-0.027035,0,69.44,92.26
100.9920,-0.124298,-0.020899,0,69.44,92.26
101.0000,-0.115507,-0.011977,0,69.44,92.26
101.0080,-0.102808,-0.001854,0,69.44,92.26
101.0160,-0.094505,0.007544,0,69.44,92.26
101.0240,-0.085714,0.014477,0,69.44,92.26
101.0320,-0.083272,0.017863,0,69.44,92.26
101.0400,-0.085226,0.017571,0,69.44,92.26
101.0480,-0.089133,0.014357,0,69.44,92.26
101.0560,-0.094505,0.009463,0,69.44,92.26
101.0640,-0.099878,0.004091,0,69.44,92.26
101.0720,-0.101832,-0.001036,0,69.44,92.26
101.0800,-0.103785,-0.005836,0,69.44,92.26
101.0880,-0.109158,-0.013506,0,69.44,92.26
101.0960,-0.115507,-0.018685,0,69.44,92.26
101.1040,-0.118926,-0.022532,0,69.44,92.26
101.1120,-0.121856,-0.024404,0,69.44,92.26
101.1200,-0.121368,-0.024108,0,69.44,92.26
101.1280,-0.116972,-0.022015,0,69.44,92.26
101.1360,-0.115507,-0.018862,0,69.44,92.26
101.1440,-0.112088,-0.015454,0,69.44,92.26
101.1520,-0.107692,-0.012496,0,69.44,92.26
101.1600,-0.105739,-0.010502,0,69.44,92.26
101.1680,-0.103785,-0.009680,0,69.44,92.26
101.1760,-0.102320,-0.009895,0,69.44,92.26
101.1840,-0.102320,-0.010722,0,69.44,92.26
101.1920,-0.102320,0.026032,0,69.44,92.26
101.2000,-0.102320,0.025954,0,69.44,92.26
101.2080,-0.101343,0.024955,0,69.44,92.26
101.2160,-0.104762,0.022909,0,69.44,92.26
101.2240,-0.110623,0.020224,0,69.44,92.26
101.2320,-0.116972,0.017771,0,69.44,92.26
101.2400,-0.117949,0.016325,0,69.44,92.26
101.2480,-0.117949,0.016043,0,69.44,92.26
101.2560,-0.117460,0.016443,0,69.44,92.26
101.2640,-0.116972,0.016721,0,69.44,92.26
101.2720,-0.116972,0.016144,0,69.44,92.26
101.2800,-0.118437,0.014390,0,69.44,92.26
101.2880,-0.123810,0.011793,0,69.44,92.26
101.2960,-0.126252,-0.056582,0,69.44,92.26
101.3040,-0.129670,-0.060505,0,69.44,92.26
101.3120,-0.127717,-0.062785,0,69.44,92.26
101.3200,-0.127228,-0.063125,0,69.44,92.26
101.3280,-0.124786,-0.061508,0,69.44,92.26
101.3360,-0.119902,-0.058158,0,69.44,92.26
101.3440,-0.114042,-0.053573,0,69.44,92.26
101.3520,-0.105739,-0.048463,0,69.44,92.26
101.3600,-0.100366,-0.043531,0,69.44,92.26
101.3680,-0.093040,-0.039219,0,69.44,92.26
101.3760,-0.090110,-0.035574,0,69.44,92.26
101.3840,-0.085714,-0.032345,0,69.44,92.26
101.3920,-0.079365,-0.029270,0,69.44,92.26
101.4000,-0.072527,-0.047013,0,69.44,92.26
101.4080,-0.066667,-0.044916,0,69.44,92.26
101.4160,-0.061783,-0.043499,0,69.44,92.26
101.4240,-0.056899,-0.042760,0,69.44,92.26
101.4320,-0.054457,-0.042339,0,69.44,92.26
101.4400,-0.050061,-0.041603,0,69.44,92.26
101.4480,-0.046154,-0.039875,0,69.44,92.26
101.4560,-0.040293,-0.036754,0,69.44,92.26
101.4640,-0.031013,-0.032392,0,69.44,92.26
101.4720,-0.021734,-0.027562,0,69.44,92.26
101.4800,-0.010012,-0.023314,0,69.44,92.26
101.4880,-0.004640,-0.020328,0,69.44,92.26
101.4960,-0.001709,-0.018389,0,69.44,92.26
101.5040,-0.002198,0.101755,0,69.44,92.26
101.5120,-0.007570,0.100288,0,69.44,92.26
101.5200,-0.013919,0.098009,0,69.44,92.26
101.5280,-0.017827,0.096402,0,69.44,92.26
101.5360,-0.019780,0.096278,0,69.44,92.26
101.5440,-0.017827,0.097348,0,69.44,92.26
101.5520,-0.014896,0.098283,0,69.44,92.26
101.5600,-0.014408,0.097321,0,69.44,92.26
101.5680,-0.023199,0.093117,0,69.44,92.26
101.5760,-0.032479,0.085217,0,69.44,92.26
101.5840,-0.046154,0.073994,0,69.44,92.26
101.5920,-0.061783,0.060352,0,69.44,92.26
101.6000,-0.077900,0.045477,0,69.44,92.26
101.6080,-0.090110,0.030780,0,69.44,92.26
101.6160,-0.101343,0.022975,0,69.44,92.26
101.6240,-0.106227,0.017763,0,69.44,92.26
101.6320,-0.109646,0.014796,0,69.44,92.26
101.6400,-0.115018,0.013406,0,69.44,92.26
101.6480,-0.115507,0.012820,0,69.44,92.26
101.6560,-0.116972,0.012264,0,69.44,92.26
101.6640,-0.119414,0.011158,0,69.44,92.26
101.6720,-0.124298,0.009413,0,69.44,92.26
101.6800,-0.131624,0.007516,0,69.44,92.26
101.6880,-0.136996,0.006239,0,69.44,92.26
101.6960,-0.140415,0.006074,0,69.44,92.26
101.7040,-0.138950,0.006808,0,69.44,92.26
101.7120,-0.133089,-0.038058,0,69.44,92.26
101.7200,-0.127228,-0.031410,0,69.44,92.26
101.7280,-0.123321,-0.023154,0,69.44,92.26
101.7360,-0.116484,-0.013993,0,69.44,92.26
101.7440,-0.108181,-0.004852,0,69.44,92.26
101.7520,-0.100855,0.002988,0,69.44,92.26
101.7600,-0.094994,0.008179,0,69.44,92.26
101.7680,-0.096459,0.009880,0,69.44,92.26
101.7760,-0.101832,0.008176,0,69.44,92.26
101.7840,-0.110623,0.003990,0,69.44,92.26
101.7920,-0.118437,-0.001432,0,69.44,92.26
101.8000,-0.128205,-0.007101,0,69.44,92.26
101.8080,-0.133578,-0.012633,0,69.44,92.26
101.8160,-0.135043,-0.038895,0,69.44,92.26
101.8240,-0.132112,-0.034631,0,69.44,92.26
101.8320,-0.125275,-0.026490,0,69.44,92.26
101.8400,-0.116972,-0.015627,0,69.44,92.26
101.8480,-0.104274,-0.003735,0,69.44,92.26
101.8560,-0.096947,0.007295,0,69.44,92.26
101.8640,-0.090110,0.015748,0,69.44,92.26
101.8720,-0.085714,0.020359,0,69.44,92.26
101.8800,-0.089133,0.020512,0,69.44,92.26
101.8880,-0.094505,0.016346,0,69.44,92.26
101.8960,-0.102808,0.008602,0,69.44,92.26
101.9040,-0.114042,-0.001625,0,69.44,92.26
101.9120,-0.124298,-0.013103,0,69.44,92.26
101.9200,-0.133089,-0.522125,0,69.44,92.26
101.9280,-0.145788,-0.556224,0,69.44,92.26
101.9360,-0.156044,-0.587072,0,69.44,92.26
101.9440,-0.161416,-0.611358,0,69.44,92.26
101.9520,-0.150183,-0.626047,0,69.44,92.26
101.9600,-0.127228,-0.629130,0,69.44,92.26
101.9680,-0.093040,-0.619552,0,69.44,92.26
101.9760,-0.047131,-0.596606,0,69.44,92.26
101.9840,0.014408,-0.559413,0,69.44,92.26
101.9920,0.079365,-0.506874,0,69.44,92.26
102.0000,0.163858,-0.438585,0,69.44,92.26
102.0080,0.271306,-0.356630,0,69.44,92.26
102.0160,0.391453,-0.266708,0,69.44,92.26
102.0240,0.515995,0.677243,0,69.44,92.26
102.0320,0.632723,0.785181,0,69.44,92.26
102.0400,0.742613,0.883557,0,69.44,92.26
102.0480,0.853480,0.959735,1,69.44,92.26
102.0560,0.924786,1.000000,1,69.44,92.26
102.0640,0.898901,0.995221,1,69.44,92.26
102.0720,0.773382,0.946425,0,69.44,92.26
102.0800,0.604884,0.865080,0,69.44,92.26
102.0880,0.442735,0.767502,0,69.44,92.26
102.0960,0.288400,0.668055,0,69.44,92.26
102.1040,0.143834,0.575349,0,69.44,92.26
102.1120,0.009524,0.491683,0,69.44,92.26
102.1200,-0.105739,0.414160,0,69.44,92.26
102.1280,-0.192674,-0.255342,0,69.44,92.26
102.1360,-0.250305,-0.313749,0,69.44,92.26
102.1440,-0.266911,-0.339005,0,69.44,92.26
102.1520,-0.256654,-0.335594,0,69.44,92.26
102.1600,-0.222955,-0.311181,0,69.44,92.26
102.1680,-0.186325,-0.274732,0,69.44,92.26
102.1760,-0.147253,-0.234660,0,69.44,92.26
102.1840,-0.108669,-0.197892,0,69.44,92.26
102.1920,-0.076435,-0.169627,0,69.44,92.26
102.2000,-0.054457,-0.153052,0,69.44,92.26
102.2080,-0.045665,-0.148836,0,69.44,92.26
102.2160,-0.050061,-0.154833,0,69.44,92.26
102.2240,-0.056899,-0.166504,0,69.44,92.26
102.2320,-0.062759,0.048367,0,69.44,92.26
102.2400,-0.069597,0.041832,0,69.44,92.26
102.2480,-0.078877,0.034359,0,69.44,92.26
102.2560,-0.090110,0.026097,0,69.44,92.26
102.2640,-0.101343,0.016786,0,69.44,92.26
102.2720,-0.113553,0.005949,0,69.44,92.26
102.2800,-0.125275,-0.006658,0,69.44,92.26
102.2880,-0.144811,-0.020185,0,69.44,92.26
102.2960,-0.166789,-0.031896,0,69.44,92.26
102.3040,-0.193651,-0.037376,0,69.44,92.26
102.3120,-0.210745,-0.032337,0,69.44,92.26
102.3200,-0.212210,-0.015515,0,69.44,92.26
102.3280,-0.192674,0.009299,0,69.44,92.26
102.3360,-0.153602,-0.268884,0,69.44,92.26
102.3440,-0.112088,-0.220480,0,69.44,92.26
102.3520,-0.076923,-0.173729,0,69.44,92.26
102.3600,-0.054457,-0.137878,0,69.44,92.26
102.3680,-0.049084,-0.119480,0,69.44,92.26
102.3760,-0.061294,-0.120650,0,69.44,92.26
102.3840,-0.092552,-0.138009,0,69.44,92.26
102.3920,-0.132601,-0.162924,0,69.44,92.26
102.4000,-0.165812,-0.183605,0,69.44,92.26
102.4080,-0.179487,-0.188708,0,69.44,92.26
102.4160,-0.163858,-0.171298,0,69.44,92.26
102.4240,-0.116972,-0.131812,0,69.44,92.26
102.4320,-0.040781,-0.078711,0,69.44,92.26
102.4400,0.044689,0.419795,0,69.44,92.26
102.4480,0.116972,0.491102,0,69.44,92.26
102.4560,0.149206,0.531630,1,69.44,92.26
102.4640,0.140904,0.531528,1,69.44,92.26
102.4720,0.083761,0.490511,0,69.44,92.26
102.4800,-0.009035,0.417948,0,69.44,92.26
102.4880,-0.115507,0.330301,0,69.44,92.26
102.4960,-0.216117,0.246786,0,69.44,92.26
102.5040,-0.296703,0.184717,0,69.44,92.26
102.5120,-0.340659,0.155627,0,69.44,92.26
102.5200,-0.348474,0.162774,0,69.44,92.26
102.5280,-0.320635,0.200495,0,69.44,92.26
102.5360,-0.276190,0.255671,0,69.44,92.26
102.5440,-0.226374,-0.163849,0,69.44,92.26
102.5520,-0.194139,-0.124659,0,69.44,92.26
102.5600,-0.169231,-0.094218,0,69.44,92.26
102.5680,-0.153114,-0.073465,0,69.44,92.26
102.5760,-0.142857,-0.060367,0,69.44,92.26
102.5840,-0.133089,-0.051808,0,69.44,92.26
102.5920,-0.125763,-0.045103,0,69.44,92.26
102.6000,-0.115018,-0.038929,0,69.44,92.26
102.6080,-0.101832,-0.033612,0,69.44,92.26
102.6160,-0.090110,-0.030633,0,69.44,92.26
102.6240,-0.085226,-0.031497,0,69.44,92.26
102.6320,-0.084249,-0.036564,0,69.44,92.26
102.6400,-0.093529,-0.044463,0,69.44,92.26
102.6480,-0.107692,-0.122933,0,69.44,92.26
102.6560,-0.125763,-0.140315,0,69.44,92.26
102.6640,-0.136996,-0.150866,0,69.44,92.26
102.6720,-0.133089,-0.150372,0,69.44,92.26
102.6800,-0.113553,-0.137586,0,69.44,92.26
102.6880,-0.080830,-0.114766,0,69.44,92.26
102.6960,-0.045177,-0.086828,0,69.44,92.26
102.7040,-0.011966,-0.059806,0,69.44,92.26
102.7120,0.018315,-0.039443,0,69.44,92.26
102.7200,0.037851,-0.030087,0,69.44,92.26
102.7280,0.042735,-0.033642,0,69.44,92.26
102.7360,0.031013,-0.048733,0,69.44,92.26
102.7440,0.007082,-0.070692,0,69.44,92.26
102.7520,-0.035409,0.084370,0,69.44,92.26
102.7600,-0.085714,0.038103,0,69.44,92.26
102.7680,-0.140904,-0.009272,0,69.44,92.26
102.7760,-0.192186,-0.050230,0,69.44,92.26
102.7840,-0.223443,-0.078510,0,69.44,92.26
102.7920,-0.233211,-0.091115,0,69.44,92.26
102.8000,-0.222955,-0.089116,0,69.44,92.26
102.8080,-0.201954,-0.076749,0,69.44,92.26
102.8160,-0.179487,-0.059418,0,69.44,92.26
102.8240,-0.158486,-0.041743,0,69.44,92.26
102.8320,-0.139927,-0.026483,0,69.44,92.26
102.8400,-0.126252,-0.014314,0,69.44,92.26
102.8480,-0.116972,-0.004158,0,69.44,92.26
102.8560,-0.113553,0.045478,0,69.44,92.26
102.8640,-0.103785,0.058029,0,69.44,92.26
102.8720,-0.087179,0.074087,0,69.44,92.26
102.8800,-0.070085,0.093406,0,69.44,92.26
102.8880,-0.051526,0.114021,0,69.44,92.26
102.8960,-0.031502,0.132680,0,69.44,92.26
102.9040,-0.018803,0.145586,0,69.44,92.26
102.9120,-0.016850,0.149441,0,69.44,92.26
102.9200,-0.025153,0.142411,0,69.44,92.26
102.9280,-0.046154,0.124646,0,69.44,92.26
102.9360,-0.078388,0.098222,0,69.44,92.26
102.9440,-0.115995,0.066345,0,69.44,92.26
102.9520,-0.143834,0.032097,0,69.44,92.26
102.9600,-0.151160,-0.152462,0,69.44,92.26
102.9680,-0.145299,-0.155040,0,69.44,92.26
102.9760,-0.125763,-0.144232,0,69.44,92.26
102.9840,-0.098413,-0.123058,0,69.44,92.26
102.9920,-0.069109,-0.095481,0,69.44,92.26
103.0000,-0.038339,-0.065591,0,69.44,92.26
103.0080,-0.009035,-0.037392,0,69.44,92.26
103.0160,0.015873,-0.014835,0,69.44,92.26
103.0240,0.032967,-0.001656,0,69.44,92.26
103.0320,0.040781,-0.000730,0,69.44,92.26
103.0400,0.031013,-0.013012,0,69.44,92.26
103.0480,0.009035,-0.036618,0,69.44,92.26
103.0560,-0.020269,-0.066809,0,69.44,92.26
103.0640,-0.049084,0.157422,0,69.44,92.26
103.0720,-0.071062,0.145561,0,69.44,92.26
103.0800,-0.076923,0.144330,0,69.44,92.26
103.0880,-0.062271,0.152554,0,69.44,92.26
103.0960,-0.040293,0.164535,0,69.44,92.26
103.1040,-0.028571,0.172605,0,69.44,92.26
103.1120,-0.031502,0.170713,0,69.44,92.26
103.1200,-0.051526,0.157050,0,69.44,92.26
103.1280,-0.085714,0.134600,0,69.44,92.26
103.1360,-0.123321,0.109548,0,69.44,92.26
103.1440,-0.153602,0.088174,0,69.44,92.26
103.1520,-0.169719,0.073637,0,69.44,92.26
103.1600,-0.169719,0.064360,0,69.44,92.26
103.1680,-0.158486,-0.121955,0,69.44,92.26
103.1760,-0.142857,-0.111838,0,69.44,92.26
103.1840,-0.125763,-0.100222,0,69.44,92.26
103.1920,-0.117949,-0.091000,0,69.44,92.26
103.2000,-0.115507,-0.085875,0,69.44,92.26
103.2080,-0.115995,-0.084418,0,69.44,92.26
103.2160,-0.115995,-0.084896,0,69.44,92.26
103.2240,-0.116484,-0.085134,0,69.44,92.26
103.2320,-0.116484,-0.083169,0,69.44,92.26
103.2400,-0.107692,-0.077839,0,69.44,92.26
103.2480,-0.093040,-0.069161,0,69.44,92.26
103.2560,-0.078388,-0.058081,0,69.44,92.26
103.2640,-0.063736,-0.045852,0,69.44,92.26
103.2720,-0.051526,0.040480,0,69.44,92.26
103.2800,-0.040293,0.051195,0,69.44,92.26
103.2880,-0.036386,0.057728,0,69.44,92.26
103.2960,-0.033944,0.058836,0,69.44,92.26
103.3040,-0.038339,0.053554,0,69.44,92.26
103.3120,-0.049573,0.041673,0,69.44,92.26
103.3200,-0.068620,0.024443,0,69.44,92.26
103.3280,-0.092063,0.005047,0,69.44,92.26
103.3360,-0.116972,-0.011595,0,69.44,92.26
103.3440,-0.134066,-0.019919,0,69.44,92.26
103.3520,-0.141880,-0.015664,0,69.44,92.26
103.3600,-0.129182,0.001773,0,69.44,92.26
103.3680,-0.090110,0.027813,0,69.44,92.26
103.3760,-0.031013,0.355220,0,69.44,92.26
103.3840,0.047131,0.434596,0,69.44,92.26
103.3920,0.113065,0.501529,0,69.44,92.26
103.4000,0.141880,0.539603,1,69.44,92.26
103.4080,0.128205,0.538470,1,69.44,92.26
103.4160,0.068132,0.497514,0,69.44,92.26
103.4240,-0.027595,0.426434,0,69.44,92.26
103.4320,-0.136020,0.342646,0,69.44,92.26
103.4400,-0.233700,0.266251,0,69.44,92.26
103.4480,-0.304518,0.214174,0,69.44,92.26
103.4560,-0.335775,0.195193,0,69.44,92.26
103.4640,-0.327473,0.207228,0,69.44,92.26
103.4720,-0.296215,0.237949,0,69.44,92.26
103.4800,-0.251770,-0.174822,0,69.44,92.26
103.4880,-0.193651,-0.119142,0,69.44,92.26
103.4960,-0.133578,-0.064749,0,69.44,92.26
103.5040,-0.090110,-0.020606,0,69.44,92.26
103.5120,-0.067155,0.008223,0,69.44,92.26
103.5200,-0.056899,0.021075,0,69.44,92.26
103.5280,-0.059341,0.020722,0,69.44,92.26
103.5360,-0.068620,0.011781,0,69.44,92.26
103.5440,-0.079365,-0.000798,0,69.44,92.26
103.5520,-0.090598,-0.012879,0,69.44,92.26
103.5600,-0.098901,-0.021881,0,69.44,92.26
103.5680,-0.101832,-0.027181,0,69.44,92.26
103.5760,-0.100366,-0.030077,0,69.44,92.26
103.5840,-0.092063,0.017239,0,69.44,92.26
103.5920,-0.081807,0.031890,0,69.44,92.26
103.6000,-0.069597,0.051054,0,69.44,92.26
103.6080,-0.051038,0.072752,0,69.44,92.26
103.6160,-0.028083,0.093701,0,69.44,92.26
103.6240,-0.009524,0.109721,0,69.44,92.26
103.6320,-0.002198,0.117072,0,69.44,92.26
103.6400,-0.005128,0.113957,0,69.44,92.26
103.6480,-0.021734,0.101310,0,69.44,92.26
103.6560,-0.046154,0.082439,0,69.44,92.26
103.6640,-0.070574,0.061518,0,69.44,92.26
103.6720,-0.090110,0.041555,0,69.44,92.26
103.6800,-0.101343,0.023084,0,69.44,92.26
103.6880,-0.114042,0.028100,0,69.44,92.26
103.6960,-0.125275,0.027075,0,69.44,92.26
103.7040,-0.131624,0.035927,0,69.44,92.26
103.7120,-0.123810,0.055162,0,69.44,92.26
103.7200,-0.101343,0.082434,0,69.44,92.26
103.7280,-0.069597,0.111913,0,69.44,92.26
103.7360,-0.038828,0.135560,0,69.44,92.26
103.7440,-0.023199,0.145993,0,69.44,92.26
103.7520,-0.031502,0.139560,0,69.44,92.26
103.7600,-0.060317,0.117761,0,69.44,92.26
103.7680,-0.099389,0.085953,0,69.44,92.26
103.7760,-0.132112,0.050022,0,69.44,92.26
103.7840,-0.151160,0.013392,0,69.44,92.26
103.7920,-0.161416,-0.169321,0,69.44,92.26
103.8000,-0.163370,-0.180581,0,69.44,92.26
103.8080,-0.157509,-0.183607,0,69.44,92.26
103.8160,-0.148230,-0.181223,0,69.44,92.26
103.8240,-0.139927,-0.175600,0,69.44,92.26
103.8320,-0.132601,-0.167450,0,69.44,92.26
103.8400,-0.123321,-0.156310,0,69.44,92.26
103.8480,-0.106227,-0.141771,0,69.44,92.26
103.8560,-0.082784,-0.124802,0,69.44,92.26
103.8640,-0.053480,-0.108119,0,69.44,92.26
103.8720,-0.029548,-0.095085,0,69.44,92.26
103.8800,-0.012943,-0.087589,0,69.44,92.26
103.8880,-0.017827,-0.084302,0,69.44,92.26
103.8960,-0.039805,0.081864,0,69.44,92.26
103.9040,-0.069109,0.063026,0,69.44,92.26
103.9120,-0.093529,0.047538,0,69.44,92.26
103.9200,-0.103785,0.042358,0,69.44,92.26
103.9280,-0.098413,0.050541,0,69.44,92.26
103.9360,-0.076923,0.070075,0,69.44,92.26
103.9440,-0.051038,0.094547,0,69.44,92.26
103.9520,-0.027595,0.115306,0,69.44,92.26
103.9600,-0.015873,0.124389,0,69.44,92.26
103.9680,-0.030037,0.117268,0,69.44,92.26
103.9760,-0.063736,0.094157,0,69.44,92.26
103.9840,-0.101832,0.059130,0,69.44,92.26
103.9920,-0.139438,0.018026,0,69.44,92.26
104.0000,-0.163858,-0.115508,0,69.44,92.26
104.0080,-0.172650,-0.131664,0,69.44,92.26
104.0160,-0.168742,-0.133905,0,69.44,92.26
104.0240,-0.155556,-0.124041,0,69.44,92.26
104.0320,-0.133089,-0.106080,0,69.44,92.26
104.0400,-0.108181,-0.085114,0,69.44,92.26
104.0480,-0.087668,-0.066030,0,69.44,92.26
104.0560,-0.073504,-0.052288,0,69.44,92.26
104.0640,-0.069597,-0.045265,0,69.44,92.26
104.0720,-0.066667,-0.044489,0,69.44,92.26
104.0800,-0.067155,-0.048434,0,69.44,92.26
104.0880,-0.070085,-0.055302,0,69.44,92.26
104.0960,-0.070574,-0.063496,0,69.44,92.26
104.1040,-0.073016,-0.013583,0,69.44,92.26
104.1120,-0.071551,-0.018619,0,69.44,92.26
104.1200,-0.075946,-0.024210,0,69.44,92.26
104.1280,-0.078388,-0.030788,0,69.44,92.26
104.1360,-0.082295,-0.038545,0,69.44,92.26
104.1440,-0.086691,-0.047166,0,69.44,92.26
104.1520,-0.094505,-0.055517,0,69.44,92.26
104.1600,-0.101343,-0.061612,0,69.44,92.26
104.1680,-0.104762,-0.063121,0,69.44,92.26
104.1760,-0.101343,-0.058276,0,69.44,92.26
104.1840,-0.088645,-0.046712,0,69.44,92.26
104.1920,-0.069597,-0.029717,0,69.44,92.26
104.2000,-0.051038,-0.009769,0,69.44,92.26
104.2080,-0.035897,0.050459,0,69.44,92.26
104.2160,-0.029548,0.054112,0,69.44,92.26
104.2240,-0.038828,0.047363,0,69.44,92.26
104.2320,-0.058852,0.031766,0,69.44,92.26
104.2400,-0.082784,0.011245,0,69.44,92.26
104.2480,-0.102808,-0.009362,0,69.44,92.26
104.2560,-0.123321,-0.025676,0,69.44,92.26
104.2640,-0.132601,-0.034679,0,69.44,92.26
104.2720,-0.132601,-0.035179,0,69.44,92.26
104.2800,-0.125275,-0.027700,0,69.44,92.26
104.2880,-0.112088,-0.013890,0,69.44,92.26
104.2960,-0.093529,0.004118,0,69.44,92.26
104.3040,-0.074969,0.024160,0,69.44,92.26
104.3120,-0.067643,0.000405,0,69.44,92.26
104.3200,-0.067643,0.001000,0,69.44,92.26
104.3280,-0.071062,-0.004019,0,69.44,92.26
104.3360,-0.079365,-0.012347,0,69.44,92.26
104.3440,-0.090598,-0.021025,0,69.44,92.26
104.3520,-0.095971,-0.027416,0,69.44,92.26
104.3600,-0.095971,-0.030086,0,69.44,92.26
104.3680,-0.091575,-0.029060,0,69.44,92.26
104.3760,-0.086691,-0.025306,0,69.44,92.26
104.3840,-0.082784,-0.019982,0,69.44,92.26
104.3920,-0.076435,-0.013979,0,69.44,92.26
104.4000,-0.070085,-0.007835,0,69.44,92.26
104.4080,-0.065201,-0.001751,0,69.44,92.26
104.4160,-0.068620,-0.073729,0,69.44,92.26
104.4240,-0.079365,-0.085258,0,69.44,92.26
104.4320,-0.092063,-0.098021,0,69.44,92.26
104.4400,-0.101343,-0.108389,0,69.44,92.26
104.4480,-0.103297,-0.113196,0,69.44,92.26
104.4560,-0.096459,-0.110932,0,69.44,92.26
104.4640,-0.080830,-0.102252,0,69.44,92.26
104.4720,-0.059829,-0.089645,0,69.44,92.26
104.4800,-0.039316,-0.076316,0,69.44,92.26
104.4880,-0.026618,-0.064797,0,69.44,92.26
104.4960,-0.017827,-0.056134,0,69.44,92.26
104.5040,-0.007570,-0.050020,0,69.44,92.26
104.5120,-0.001221,-0.045378,0,69.44,92.26
104.5200,0.005617,0.052465,0,69.44,92.26
104.5280,0.007082,0.055350,0,69.44,92.26
104.5360,0.008059,0.056280,0,69.44,92.26
104.5440,0.007570,0.055685,0,69.44,92.26
104.5520,0.008547,0.053987,0,69.44,92.26
104.5600,0.008059,0.051570,0,69.44,92.26
104.5680,0.005617,0.048835,0,69.44,92.26
104.5760,0.005128,0.046131,0,69.44,92.26
104.5840,0.005128,0.043529,0,69.44,92.26
104.5920,0.005128,0.040716,0,69.44,92.26
104.6000,0.006593,0.037206,0,69.44,92.26
104.6080,-0.000244,0.032773,0,69.44,92.26
104.6160,-0.004151,0.027700,0,69.44,92.26
104.6240,-0.002686,0.110512,0,69.44,92.26
104.6320,-0.004640,0.112269,0,69.44,92.26
104.6400,-0.004151,0.113436,0,69.44,92.26
104.6480,-0.005128,0.113027,0,69.44,92.26
104.6560,-0.010989,0.110401,0,69.44,92.26
104.6640,-0.019780,0.105595,0,69.44,92.26
104.6720,-0.029548,0.099202,0,69.44,92.26
104.6800,-0.038828,0.091930,0,69.44,92.26
104.6880,-0.047619,0.084246,0,69.44,92.26
104.6960,-0.057387,0.076352,0,69.44,92.26
104.7040,-0.069109,0.068373,0,69.44,92.26
104.7120,-0.080342,0.060450,0,69.44,92.26
104.7200,-0.090110,0.052652,0,69.44,92.26
104.7280,-0.096459,0.015706,0,69.44,92.26
104.7360,-0.098901,0.012588,0,69.44,92.26
104.7440,-0.100366,0.009188,0,69.44,92.26
104.7520,-0.104762,0.003923,0,69.44,92.26
104.7600,-0.115018,-0.003943,0,69.44,92.26
104.7680,-0.127228,-0.013728,0,69.44,92.26
104.7760,-0.142857,-0.023423,0,69.44,92.26
104.7840,-0.156044,-0.030446,0,69.44,92.26
104.7920,-0.160440,-0.032738,0,69.44,92.26
104.8000,-0.157998,-0.029577,0,69.44,92.26
104.8080,-0.154579,-0.021580,0,69.44,92.26
104.8160,-0.146276,-0.010164,0,69.44,92.26
104.8240,-0.139927,0.002992,0,69.44,92.26
104.8320,-0.140415,-0.157415,0,69.44,92.26
104.8400,-0.145299,-0.166318,0,69.44,92.26
104.8480,-0.155067,-0.181900,0,69.44,92.26
104.8560,-0.176068,-0.202714,0,69.44,92.26
104.8640,-0.192674,-0.225414,0,69.44,92.26
104.8720,-0.213675,-0.245159,0,69.44,92.26
104.8800,-0.227350,-0.256510,0,69.44,92.26
104.8880,-0.226862,-0.254937,0,69.44,92.26
104.8960,-0.207326,-0.238565,0,69.44,92.26
104.9040,-0.167277,-0.209018,0,69.44,92.26
104.9120,-0.123810,-0.170516,0,69.44,92.26
104.9200,-0.077900,-0.127671,0,69.44,92.26
104.9280,-0.043712,-0.083550,0,69.44,92.26
104.9360,-0.031502,0.100108,0,69.44,92.26
104.9440,-0.034432,0.103651,0,69.44,92.26
104.9520,-0.054457,0.095068,0,69.44,92.26
104.9600,-0.076923,0.080768,0,69.44,92.26
104.9680,-0.097436,0.067405,0,69.44,92.26
104.9760,-0.106716,0.059460,0,69.44,92.26
104.9840,-0.104762,0.057925,0,69.44,92.26
104.9920,-0.101343,0.060629,0,69.44,92.26
105.0000,-0.096459,0.063842,0,69.44,92.26
105.0080,-0.096947,0.064257,0,69.44,92.26
105.0160,-0.110134,0.060462,0,69.44,92.26
105.0240,-0.124298,0.053138,0,69.44,92.26
105.0320,-0.132112,0.044011,0,69.44,92.26
105.0400,-0.133089,-0.953577,0,69.44,92.26
105.0480,-0.124298,-0.984358,0,69.44,92.26
105.0560,-0.094017,-1.000000,0,69.44,92.26
105.0640,-0.054945,-0.996465,0,69.44,92.26
105.0720,0.005128,-0.970423,0,69.44,92.26
105.0800,0.094505,-0.920416,0,69.44,92.26
105.0880,0.205372,-0.848455,0,69.44,92.26
105.0960,0.339683,-0.760937,0,69.44,92.26
105.1040,0.476923,-0.668283,0,69.44,92.26
105.1120,0.615140,-0.583294,0,69.44,92.26
105.1200,0.758242,-0.517887,1,69.44,92.26
105.1280,0.857875,-0.477424,1,69.44,92.26
105.1360,0.878388,-0.455130,0,69.44,92.26
105.1440,0.836386,0.999193,1,69.44,92.26
105.1520,0.749939,0.962360,0,69.44,92.26
105.1600,0.648352,0.898322,0,69.44,92.26
105.1680,0.534066,0.815039,0,69.44,92.26
105.1760,0.409035,0.718294,0,69.44,92.26
105.1840,0.265446,0.613225,0,69.44,92.26
105.1920,0.117460,0.507006,0,69.44,92.26
105.2000,-0.039316,0.410575,0,69.44,92.26
105.2080,-0.176557,0.337809,0,69.44,92.26
105.2160,-0.263004,0.301578,0,69.44,92.26
105.2240,-0.284005,0.308278,0,69.44,92.26
105.2320,-0.250305,0.353701,0,69.44,92.26
105.2400,-0.163858,0.422428,0,69.44,92.26
105.2480,-0.077411,-0.014353,0,69.44,92.26
105.2560,-0.007570,0.041943,0,69.44,92.26
105.2640,0.036874,0.082454,0,69.44,92.26
105.2720,0.050061,0.102429,0,69.44,92.26
105.2800,0.038828,0.103095,0,69.44,92.26
105.2880,0.008059,0.089860,0,69.44,92.26
105.2960,-0.026129,0.069847,0,69.44,92.26
105.3040,-0.054457,0.049593,0,69.44,92.26
105.3120,-0.074969,0.033693,0,69.44,92.26
105.3200,-0.092063,0.024581,0,69.44,92.26
105.3280,-0.098901,0.022808,0,69.44,92.26
105.3360,-0.093040,0.027204,0,69.44,92.26
105.3440,-0.083272,0.035128,0,69.44,92.26
105.3520,-0.073504,-0.192477,0,69.44,92.26
105.3600,-0.064713,-0.188669,0,69.44,92.26
105.3680,-0.058852,-0.186700,0,69.44,92.26
105.3760,-0.056899,-0.186829,0,69.44,92.26
105.3840,-0.057387,-0.188191,0,69.44,92.26
105.3920,-0.061294,-0.189174,0,69.44,92.26
105.4000,-0.063248,-0.187909,0,69.44,92.26
105.4080,-0.067155,-0.182730,0,69.44,92.26
105.4160,-0.069597,-0.172533,0,69.44,92.26
105.4240,-0.069109,-0.157119,0,69.44,92.26
105.4320,-0.064713,-0.137319,0,69.44,92.26
105.4400,-0.062759,-0.114639,0,69.44,92.26
105.4480,-0.061294,-0.090648,0,69.44,92.26
105.4560,-0.059341,-0.017045,0,69.44,92.26
105.4640,-0.056899,-0.000123,0,69.44,92.26
105.4720,-0.057387,0.013281,0,69.44,92.26
105.4800,-0.061294,0.022761,0,69.44,92.26
105.4880,-0.061783,0.028341,0,69.44,92.26
105.4960,-0.064713,0.030358,0,69.44,92.26
105.5040,-0.069597,0.029429,0,69.44,92.26
105.5120,-0.068620,0.026339,0,69.44,92.26
105.5200,-0.067643,0.021859,0,69.44,92.26
105.5280,-0.068620,0.016793,0,69.44,92.26
105.5360,-0.070574,0.012068,0,69.44,92.26
105.5440,-0.075946,0.008402,0,69.44,92.26
105.5520,-0.072527,0.005699,0,69.44,92.26
105.5600,-0.069597,-0.022895,0,69.44,92.26
105.5680,-0.062759,-0.019703,0,69.44,92.26
105.5760,-0.060806,-0.017047,0,69.44,92.26
105.5840,-0.067643,-0.015508,0,69.44,92.26
105.5920,-0.069109,-0.014658,0,69.44,92.26
105.6000,-0.067155,-0.013860,0,69.44,92.26
105.6080,-0.063736,-0.012893,0,69.44,92.26
105.6160,-0.062759,-0.011844,0,69.44,92.26
105.6240,-0.060806,-0.010773,0,69.44,92.26
105.6320,-0.059829,-0.009647,0,69.44,92.26
105.6400,-0.055433,-0.008503,0,69.44,92.26
105.6480,-0.052015,-0.007494,0,69.44,92.26
105.6560,-0.052015,-0.006678,0,69.44,92.26
105.6640,-0.046642,-0.006464,0,69.44,92.26
105.6720,-0.042247,-0.003709,0,69.44,92.26
105.6800,-0.040293,-0.001558,0,69.44,92.26
105.6880,-0.037363,-0.000536,0,69.44,92.26
105.6960,-0.037363,-0.000951,0,69.44,92.26
105.7040,-0.037851,-0.002790,0,69.44,92.26
105.7120,-0.039316,-0.005683,0,69.44,92.26
105.7200,-0.040781,-0.008901,0,69.44,92.26
105.7280,-0.043712,-0.011400,0,69.44,92.26
105.7360,-0.044689,-0.012043,0,69.44,92.26
105.7440,-0.042247,-0.010069,0,69.44,92.26
105.7520,-0.035897,-0.005535,0,69.44,92.26
105.7600,-0.027595,0.000567,0,69.44,92.26
105.7680,-0.023687,0.019693,0,69.44,92.26
105.7760,-0.026129,0.021481,0,69.44,92.26
105.7840,-0.026618,0.022404,0,69.44,92.26
105.7920,-0.025641,0.023372,0,69.44,92.26
105.8000,-0.024176,0.024908,0,69.44,92.26
105.8080,-0.020269,0.026805,0,69.44,92.26
105.8160,-0.014896,0.028242,0,69.44,92.26
105.8240,-0.015873,0.028305,0,69.44,92.26
105.8320,-0.015385,0.026551,0,69.44,92.26
105.8400,-0.021245,0.023224,0,69.44,92.26
105.8480,-0.023687,0.019054,0,69.44,92.26
105.8560,-0.029548,0.014781,0,69.44,92.26
105.8640,-0.029060,0.010701,0,69.44,92.26
105.8720,-0.023199,-0.012759,0,69.44,92.26
105.8800,-0.013919,-0.009360,0,69.44,92.26
105.8880,-0.007570,-0.006396,0,69.44,92.26
105.8960,-0.007570,-0.005170,0,69.44,92.26
105.9040,-0.007082,-0.005902,0,69.44,92.26
105.9120,-0.007570,-0.007914,0,69.44,92.26
105.9200,-0.008547,-0.010079,0,69.44,92.26
105.9280,-0.010012,-0.011236,0,69.44,92.26
105.9360,-0.007570,-0.010665,0,69.44,92.26
105.9440,-0.001709,-0.008502,0,69.44,92.26
105.9520,0.007570,-0.005666,0,69.44,92.26
105.9600,0.010989,-0.003127,0,69.44,92.26
105.9680,0.011477,-0.001128,0,69.44,92.26
105.9760,0.010989,0.006349,0,69.44,92.26
105.9840,0.011477,0.003637,0,69.44,92.26
105.9920,0.007570,0.000074,0,69.44,92.26
106.0000,0.005128,-0.003345,0,69.44,92.26
106.0080,0.003663,-0.005673,0,69.44,92.26
106.0160,0.005617,-0.006345,0,69.44,92.26
106.0240,0.008059,-0.005322,0,69.44,92.26
106.0320,0.011477,-0.003026,0,69.44,92.26
106.0400,0.016361,-0.000243,0,69.44,92.26
106.0480,0.023199,0.002044,0,69.44,92.26
106.0560,0.023687,0.003009,0,69.44,92.26
106.0640,0.027106,0.002391,0,69.44,92.26
106.0720,0.023687,0.000686,0,69.44,92.26
106.0800,0.014408,0.017463,0,69.44,92.26
106.0880,0.003663,0.006839,0,69.44,92.26
106.0960,-0.010012,-0.003538,0,69.44,92.26
106.1040,-0.015873,-0.011481,0,69.44,92.26
106.1120,-0.016850,-0.015765,0,69.44,92.26
106.1200,-0.017827,-0.016309,0,69.44,92.26
106.1280,-0.013919,-0.013866,0,69.44,92.26
106.1360,-0.009035,-0.009669,0,69.44,92.26
106.1440,-0.005128,-0.005096,0,69.44,92.26
106.1520,-0.001221,-0.001430,0,69.44,92.26
106.1600,0.004640,0.000320,0,69.44,92.26
106.1680,0.005128,-0.000222,0,69.44,92.26
106.1760,-0.000244,-0.002362,0,69.44,92.26
106.1840,-0.007082,0.160665,0,69.44,92.26
106.1920,-0.016361,0.159676,0,69.44,92.26
106.2000,-0.023199,0.158029,0,69.44,92.26
106.2080,-0.032479,0.156081,0,69.44,92.26
106.2160,-0.040293,0.153595,0,69.44,92.26
106.2240,-0.052015,0.149833,0,69.44,92.26
106.2320,-0.060806,0.143748,0,69.44,92.26
106.2400,-0.074481,0.134426,0,69.44,92.26
106.2480,-0.095482,0.121787,0,69.44,92.26
106.2560,-0.116972,0.107086,0,69.44,92.26
106.2640,-0.148718,0.092646,0,69.44,92.26
106.2720,-0.173138,0.080521,0,69.44,92.26
106.2800,-0.178510,0.070736,0,69.44,92.26
106.2880,-0.163858,-0.103871,0,69.44,92.26
106.2960,-0.134066,-0.090622,1,69.44,92.26
106.3040,-0.109158,-0.088046,1,69.44,92.26
106.3120,-0.118926,-0.106369,1,69.44,92.26
106.3200,-0.163370,-0.146981,0,69.44,92.26
106.3280,-0.241514,-0.199837,0,69.44,92.26
106.3360,-0.311844,-0.247003,0,69.44,92.26
106.3440,-0.344078,-0.270929,0,69.44,92.26
106.3520,-0.323077,-0.262573,0,69.44,92.26
106.3600,-0.265934,-0.224403,0,69.44,92.26
106.3680,-0.197558,-0.166903,0,69.44,92.26
106.3760,-0.133089,-0.101501,0,69.44,92.26
106.3840,-0.101343,-0.034769,0,69.44,92.26
106.3920,-0.094505,0.071872,1,69.44,92.26
106.4000,-0.086691,0.086914,1,69.44,92.26
106.4080,-0.082295,0.090567,0,69.44,92.26
106.4160,-0.091087,0.088932,0,69.44,92.26
106.4240,-0.110623,0.088531,0,69.44,92.26
106.4320,-0.109646,0.094447,0,69.44,92.26
106.4400,-0.095971,0.107864,0,69.44,92.26
106.4480,-0.084737,0.125119,0,69.44,92.26
106.4560,-0.067155,0.138771,0,69.44,92.26
106.4640,-0.056899,0.140078,0,69.44,92.26
106.4720,-0.072527,0.122774,0,69.44,92.26
106.4800,-0.125275,0.086789,0,69.44,92.26
106.4880,-0.184371,0.039203,0,69.44,92.26
106.4960,-0.226862,-0.213647,0,69.44,92.26
106.5040,-0.230769,-0.225357,0,69.44,92.26
106.5120,-0.200000,-0.211428,0,69.44,92.26
106.5200,-0.149695,-0.176880,0,69.44,92.26
106.5280,-0.099389,-0.131375,0,69.44,92.26
106.5360,-0.054457,-0.084962,0,69.44,92.26
106.5440,-0.016361,-0.045582,0,69.44,92.26
106.5520,0.014408,-0.018585,0,69.44,92.26
106.5600,0.031502,-0.007062,0,69.44,92.26
106.5680,0.039805,-0.011971,0,69.44,92.26
106.5760,0.025153,-0.031851,0,69.44,92.26
106.5840,-0.000244,-0.062841,0,69.44,92.26
106.5920,-0.021734,-0.099615,0,69.44,92.26
106.6000,-0.038339,0.084094,0,69.44,92.26
106.6080,-0.046642,0.072516,0,69.44,92.26
106.6160,-0.049573,0.067597,0,69.44,92.26
106.6240,-0.045177,0.067220,0,69.44,92.26
106.6320,-0.038828,0.068078,0,69.44,92.26
106.6400,-0.033455,0.067043,0,69.44,92.26
106.6480,-0.033455,0.062417,0,69.44,92.26
106.6560,-0.040293,0.054548,0,69.44,92.26
106.6640,-0.048107,0.045465,0,69.44,92.26
106.6720,-0.054457,0.037728,0,69.44,92.26
106.6800,-0.058364,0.033196,0,69.44,92.26
106.6880,-0.057875,0.032245,0,69.44,92.26
106.6960,-0.053480,0.033636,0,69.44,92.26
106.7040,-0.043223,0.041315,0,69.44,92.26
106.7120,-0.037363,0.046854,0,69.44,92.26
106.7200,-0.033455,0.049216,0,69.44,92.26
106.7280,-0.038339,0.047454,0,69.44,92.26
106.7360,-0.045665,0.042256,0,69.44,92.26
106.7440,-0.054457,0.035412,0,69.44,92.26
106.7520,-0.061783,0.028866,0,69.44,92.26
106.7600,-0.064713,0.023962,0,69.44,92.26
106.7680,-0.069109,0.021219,0,69.44,92.26
106.7760,-0.070085,0.020496,0,69.44,92.26
106.7840,-0.068620,0.021209,0,69.44,92.26
106.7920,-0.061783,0.022593,0,69.44,92.26
106.8000,-0.060806,0.024118,0,69.44,92.26
106.8080,-0.063248,-0.020943,0,69.44,92.26
106.8160,-0.069597,-0.030597,0,69.44,92.26
106.8240,-0.079365,-0.041244,0,69.44,92.26
106.8320,-0.086203,-0.050115,0,69.44,92.26
106.8400,-0.094505,-0.054312,0,69.44,92.26
106.8480,-0.095971,-0.051860,0,69.44,92.26
106.8560,-0.086203,-0.042900,0,69.44,92.26
106.8640,-0.065690,-0.030172,0,69.44,92.26
106.8720,-0.054457,-0.017917,0,69.44,92.26
106.8800,-0.051526,-0.009907,0,69.44,92.26
106.8880,-0.047131,-0.008124,0,69.44,92.26
106.8960,-0.053968,-0.012360,0,69.44,92.26
106.9040,-0.065201,-0.020300,0,69.44,92.26
106.9120,-0.080342,-0.022129,0,56.50,92.26
106.9200,-0.094017,-0.031468,0,56.50,92.26
106.9280,-0.097436,-0.036118,0,56.50,92.26
106.9360,-0.091087,-0.036007,0,56.50,92.26
106.9440,-0.083761,-0.033288,0,56.50,92.26
106.9520,-0.080342,-0.030859,0,56.50,92.26
106.9600,-0.079365,-0.030694,0,56.50,92.26
106.9680,-0.084249,-0.032880,0,56.50,92.26
106.9760,-0.092063,-0.035648,0,56.50,92.26
106.9840,-0.097924,-0.036443,0,56.50,92.26
106.9920,-0.090110,-0.033537,0,56.50,92.26
107.0000,-0.080830,-0.026983,0,56.50,92.26
107.0080,-0.073016,-0.018296,0,56.50,92.26
107.0160,-0.074969,0.013558,0,56.50,92.26
107.0240,-0.080342,0.013413,0,56.50,92.26
107.0320,-0.085714,0.011500,0,56.50,92.26
107.0400,-0.088645,0.009005,0,56.50,92.26
107.0480,-0.090110,0.006712,0,56.50,92.26
107.0560,-0.092552,0.004929,0,56.50,92.26
107.0640,-0.094017,0.003762,0,56.50,92.26
107.0720,-0.097924,0.003328,0,56.50,92.26
107.0800,-0.097924,0.003668,0,56.50,92.26
107.0880,-0.097924,0.004517,0,56.50,92.26
107.0960,-0.096459,0.005249,0,56.50,92.26
107.1040,-0.093529,0.005239,0,56.50,92.26
107.1120,-0.100855,0.004477,0,56.50,92.26
107.1200,-0.111600,0.027467,0,56.50,38.94
107.1280,-0.141880,-0.017197,0,56.50,38.94
107.1360,-0.218559,-0.076286,0,56.50,38.94
107.1440,-0.297680,-0.138197,0,56.50,38.94
107.1520,-0.352869,-0.188114,0,56.50,38.94
107.1600,-0.380708,-0.214242,0,56.50,38.94
107.1680,-0.372405,-0.212015,0,56.50,38.94
107.1760,-0.350427,-0.184982,0,56.50,38.94
107.1840,-0.302076,-0.143297,0,56.50,38.94
107.1920,-0.239072,-0.100286,0,56.50,38.94
107.2000,-0.215140,-0.066973,0,56.50,38.94
107.2080,-0.218559,-0.047021,0,56.50,38.94
107.2160,-0.219048,-0.036018,0,56.50,38.94
107.2240,-0.210745,-0.192627,0,56.50,38.94
107.2320,-0.196581,-0.189631,0,56.50,38.94
107.2400,-0.186813,-0.183058,0,56.50,38.94
107.2480,-0.174603,-0.171985,0,56.50,38.94
107.2560,-0.154579,-0.157062,0,56.50,38.94
107.2640,-0.130159,-0.140636,0,56.50,38.94
107.2720,-0.102320,-0.126086,0,56.50,38.94
107.2800,-0.085714,-0.116022,0,56.50,38.94
107.2880,-0.086203,-0.110467,0,56.50,38.94
107.2960,-0.084737,-0.106865,0,56.50,38.94
107.3040,-0.073504,-0.102110,0,56.50,38.94
107.3120,-0.060317,-0.094665,0,56.50,38.94
107.3200,-0.041270,-0.085213,0,56.50,38.94
107.3280,-0.020757,0.152660,0,56.50,38.94
107.3360,-0.004151,0.167211,0,56.50,38.94
107.3440,-0.004151,0.172655,0,56.50,38.94
107.3520,-0.009035,0.167270,0,56.50,38.94
107.3600,-0.028083,0.152179,0,56.50,38.94
107.3680,-0.054457,0.131277,0,56.50,38.94
107.3760,-0.084737,0.110225,0,56.50,38.94
107.3840,-0.105739,0.094456,0,56.50,38.94
107.3920,-0.116484,0.086835,0,56.50,38.94
107.4000,-0.112088,0.086241,0,56.50,38.94
107.4080,-0.094017,0.088241,0,56.50,38.94
107.4160,-0.094017,0.088313,0,56.50,38.94
107.4240,-0.118926,0.085496,0,56.50,38.94
107.4320,-0.154579,-0.074101,0,56.50,38.94
107.4400,-0.176068,-0.087838,0,56.50,38.94
107.4480,-0.163370,-0.088030,0,56.50,38.94
107.4560,-0.133089,-0.072760,0,56.50,38.94
107.4640,-0.093040,-0.045234,0,56.50,38.94
107.4720,-0.054945,-0.011491,0,56.50,38.94
107.4800,-0.019780,0.021648,0,56.50,38.94
107.4880,0.016850,0.047432,0,56.50,38.94
107.4960,0.041758,0.059822,0,56.50,38.94
107.5040,0.044200,0.054982,0,56.50,38.94
107.5120,0.023687,0.032891,0,56.50,38.94
107.5200,-0.010012,-0.002525,0,56.50,38.94
107.5280,-0.038828,-0.044961,0,56.50,38.94
107.5360,-0.053968,-0.048569,0,56.50,38.94
107.5440,-0.044200,-0.048474,0,56.50,38.94
107.5520,-0.012943,-0.033540,0,56.50,38.94
107.5600,0.023687,-0.009907,0,56.50,38.94
107.5680,0.050549,0.014815,0,56.50,38.94
107.5760,0.069597,0.034608,0,56.50,38.94
107.5840,0.081807,0.046266,0,56.50,38.94
107.5920,0.086203,0.049077,0,56.50,38.94
107.6000,0.085714,0.044028,0,56.50,38.94
107.6080,0.077900,0.033087,0,56.50,38.94
107.6160,0.065201,0.018588,0,56.50,38.94
107.6240,0.054945,0.002535,0,56.50,38.94
107.6320,0.045665,-0.013938,0,56.50,38.94
107.6400,0.037363,0.100688,0,56.50,38.94
107.6480,0.027106,0.094405,0,56.50,38.94
107.6560,0.020757,0.091242,0,56.50,38.94
107.6640,0.016361,0.091763,0,56.50,38.94
107.6720,0.017338,0.095704,0,56.50,38.94
107.6800,0.025641,0.101482,0,56.50,38.94
107.6880,0.034432,0.106363,0,56.50,38.94
107.6960,0.035897,0.107518,0,56.50,38.94
107.7040,0.029060,0.103231,0,56.50,38.94
107.7120,0.016850,0.093345,0,56.50,38.94
107.7200,0.003175,0.078832,0,56.50,38.94
107.7280,-0.012943,0.061164,0,56.50,38.94
107.7360,-0.029060,0.041948,0,56.50,38.94
107.7440,-0.043223,-0.008159,0,56.50,38.94
107.7520,-0.051526,-0.021738,0,56.50,38.94
107.7600,-0.055922,-0.032651,0,56.50,38.94
107.7680,-0.063736,-0.041220,0,56.50,38.94
107.7760,-0.071062,-0.047469,0,56.50,38.94
107.7840,-0.076435,-0.050935,0,56.50,38.94
107.7920,-0.080830,-0.051050,0,56.50,38.94
107.8000,-0.078388,-0.047721,0,56.50,38.94
107.8080,-0.074969,-0.041689,0,56.50,38.94
107.8160,-0.066667,-0.034399,0,56.50,38.94
107.8240,-0.060806,-0.027389,0,56.50,38.94
107.8320,-0.055922,-0.021548,0,56.50,38.94
107.8400,-0.054945,-0.016676,0,56.50,38.94
107.8480,-0.057875,-0.027133,0,56.50,38.94
107.8560,-0.067155,-0.034781,0,56.50,38.94
107.8640,-0.078388,-0.044364,0,56.50,38.94
107.8720,-0.089133,-0.053341,0,56.50,38.94
107.8800,-0.100855,-0.058998,0,56.50,38.94
107.8880,-0.106227,-0.059244,0,56.50,38.94
107.8960,-0.101832,-0.053522,0,56.50,38.94
107.9040,-0.094017,-0.043272,0,56.50,38.94
107.9120,-0.082784,-0.031556,0,56.50,38.94
107.9200,-0.073016,-0.021991,0,56.50,38.94
107.9280,-0.070085,-0.017340,0,56.50,38.94
107.9360,-0.075458,-0.018251,0,56.50,38.94
107.9440,-0.088156,-0.022811,0,56.50,38.94
107.9520,-0.103297,-0.052317,0,56.50,38.94
107.9600,-0.117949,-0.063299,0,56.50,38.94
107.9680,-0.125763,-0.068813,0,56.50,38.94
107.9760,-0.125275,-0.066165,0,56.50,38.94
107.9840,-0.115995,-0.054965,0,56.50,38.94
107.9920,-0.097924,-0.037395,0,56.50,38.94
108.0000,-0.076435,-0.017677,0,56.50,38.94
108.0080,-0.060806,-0.000742,0,56.50,38.94
108.0160,-0.054457,0.009306,0,56.50,38.94
108.0240,-0.054457,0.010168,0,56.50,38.94
108.0320,-0.063736,0.001622,0,56.50,38.94
108.0400,-0.080342,-0.014578,0,56.50,38.94
108.0480,-0.101343,-0.035067,0,56.50,38.94
108.0560,-0.125275,-0.668899,0,56.50,38.94
108.0640,-0.145299,-0.717788,0,56.50,38.94
108.0720,-0.158486,-0.760248,0,56.50,38.94
108.0800,-0.161416,-0.792453,0,56.50,38.94
108.0880,-0.150672,-0.811408,0,56.50,38.94
108.0960,-0.124786,-0.815034,0,56.50,38.94
108.1040,-0.082295,-0.802015,0,56.50,38.94
108.1120,-0.023199,-0.771384,0,56.50,38.94
108.1200,0.047619,-0.722084,0,56.50,38.94
108.1280,0.133089,-0.653101,0,56.50,38.94
108.1360,0.241026,-0.564676,0,56.50,38.94
108.1440,0.368987,-0.460015,0,56.50,38.94
108.1520,0.513553,-0.346126,0,56.50,38.94
108.1600,0.664469,0.737859,0,56.50,38.94
108.1680,0.846642,0.840906,0,56.50,38.94
108.1760,1.000000,0.924909,0,56.50,38.94
108.1840,1.000000,0.979763,1,56.50,38.94
108.1920,1.000000,1.000000,1,56.50,38.94
108.2000,1.000000,0.983620,0,56.50,38.94
108.2080,0.866178,0.932327,0,56.50,38.94
108.2160,0.648840,0.853865,0,56.50,38.94
108.2240,0.443223,0.761054,0,56.50,38.94
108.2320,0.245421,0.666914,0,56.50,38.94
108.2400,0.058364,0.580378,0,56.50,38.94
108.2480,-0.109158,0.504418,0,56.50,38.94
108.2560,-0.233700,0.435935,0,56.50,38.94
108.2640,-0.309890,-0.279880,0,56.50,38.94
108.2720,-0.327961,-0.300881,0,56.50,38.94
108.2800,-0.299145,-0.280134,0,56.50,38.94
108.2880,-0.237118,-0.230541,0,56.50,38.94
108.2960,-0.165324,-0.168138,0,56.50,38.94
108.3040,-0.101343,-0.108302,0,56.50,38.94
108.3120,-0.057387,-0.062521,0,56.50,38.94
108.3200,-0.037851,-0.036773,0,56.50,38.94
108.3280,-0.038828,-0.031754,0,56.50,38.94
108.3360,-0.055433,-0.044446,0,56.50,38.94
108.3440,-0.082784,-0.070082,0,56.50,38.94
108.3520,-0.112576,-0.103730,0,56.50,38.94
108.3600,-0.145788,-0.141044,0,56.50,38.94
108.3680,-0.173138,-0.162446,0,56.50,38.94
108.3760,-0.192674,-0.182590,0,56.50,38.94
108.3840,-0.198535,-0.193563,0,56.50,38.94
108.3920,-0.195604,-0.195781,0,56.50,38.94
108.4000,-0.186813,-0.191059,0,56.50,38.94
108.4080,-0.176068,-0.181788,0,56.50,38.94
108.4160,-0.163858,-0.170263,0,56.50,38.94
108.4240,-0.150672,-0.158283,0,56.50,38.94
108.4320,-0.143346,-0.146817,0,56.50,38.94
108.4400,-0.139927,-0.135790,0,56.50,38.94
108.4480,-0.143346,-0.124320,0,56.50,38.94
108.4560,-0.144322,-0.111569,0,56.50,38.94
108.4640,-0.142857,-0.097645,0,56.50,38.94
108.4720,-0.136996,-0.138122,0,56.50,38.94
108.4800,-0.133089,-0.117214,0,56.50,38.94
108.4880,-0.128205,-0.095856,0,56.50,38.94
108.4960,-0.128205,-0.076670,0,56.50,38.94
108.5040,-0.135043,-0.061491,0,56.50,38.94
108.5120,-0.148230,-0.050885,0,56.50,38.94
108.5200,-0.157998,-0.044357,0,56.50,38.94
108.5280,-0.165812,-0.040980,0,56.50,38.94
108.5360,-0.171673,-0.039863,0,56.50,38.94
108.5440,-0.176068,-0.040269,0,56.50,38.94
108.5520,-0.176557,-0.041619,0,56.50,38.94
108.5600,-0.174115,-0.043505,0,56.50,38.94
108.5680,-0.170208,-0.045669,0,56.50,38.94
108.5760,-0.163858,-0.022019,0,56.50,38.94
108.5840,-0.157509,-0.018266,0,56.50,38.94
108.5920,-0.147741,-0.012671,0,56.50,38.94
108.6000,-0.137485,-0.005693,0,56.50,38.94
108.6080,-0.127717,0.001659,0,56.50,38.94
108.6160,-0.117460,0.008076,0,56.50,38.94
108.6240,-0.115507,0.012422,0,56.50,38.94
108.6320,-0.116484,0.014126,0,56.50,38.94
108.6400,-0.118437,0.013212,0,56.50,38.94
108.6480,-0.122344,0.010109,0,56.50,38.94
108.6560,-0.131136,0.005500,0,56.50,38.94
108.6640,-0.135531,0.000109,0,56.50,38.94
108.6720,-0.139438,-0.005564,0,56.50,38.94
108.6800,-0.139438,-0.011867,0,56.50,38.94
108.6880,-0.138950,-0.013707,0,56.50,38.94
108.6960,-0.136996,-0.013915,0,56.50,38.94
108.7040,-0.133089,-0.012540,0,56.50,38.94
108.7120,-0.130647,-0.009575,0,56.50,38.94
108.7200,-0.124786,-0.005078,0,56.50,38.94
108.7280,-0.118437,0.000548,0,56.50,38.94
108.7360,-0.110623,0.006332,0,56.50,38.94
108.7440,-0.101832,0.010782,0,56.50,38.94
108.7520,-0.098901,0.012316,0,56.50,38.94
108.7600,-0.097924,0.009881,0,56.50,38.94
108.7680,-0.102320,0.003518,0,56.50,38.94
108.7760,-0.114530,-0.005344,0,56.50,38.94
108.7840,-0.124786,-0.012468,0,56.50,38.94
108.7920,-0.130159,-0.018300,0,56.50,38.94
108.8000,-0.132601,-0.019765,0,56.50,38.94
108.8080,-0.124298,-0.016842,0,56.50,38.94
108.8160,-0.113553,-0.011116,0,56.50,38.94
108.8240,-0.101343,-0.004967,0,56.50,38.94
108.8320,-0.097436,-0.000396,0,56.50,38.94
108.8400,-0.094994,0.001734,0,56.50,38.94
108.8480,-0.094505,0.001592,0,56.50,38.94
108.8560,-0.091575,-0.000176,0,56.50,38.94
108.8640,-0.094017,-0.002869,0,56.50,38.94
108.8720,-0.093529,-0.005920,0,56.50,38.94
108.8800,-0.093040,-0.009034,0,56.50,38.94
108.8880,-0.093040,-0.023972,0,56.50,38.94
108.8960,-0.094505,-0.028175,0,56.50,38.94
108.9040,-0.100366,-0.031623,0,56.50,38.94
108.9120,-0.100855,-0.033440,0,56.50,38.94
108.9200,-0.094994,-0.033310,0,56.50,38.94
108.9280,-0.088156,-0.031699,0,56.50,38.94
108.9360,-0.085714,-0.029363,0,56.50,38.94
108.9440,-0.080830,-0.026846,0,56.50,38.94
108.9520,-0.074969,-0.024388,0,56.50,38.94
108.9600,-0.070574,-0.021995,0,56.50,38.94
108.9680,-0.066667,-0.019502,0,56.50,38.94
108.9760,-0.059829,-0.016753,0,56.50,38.94
108.9840,-0.052991,-0.013795,0,56.50,38.94
108.9920,-0.040293,0.085597,0,56.50,38.94
109.0000,-0.031013,0.094683,0,56.50,38.94
109.0080,-0.022222,0.099427,0,56.50,38.94
109.0160,-0.022711,0.097435,0,56.50,38.94
109.0240,-0.033455,0.087859,0,56.50,38.94
109.0320,-0.053480,0.072108,0,56.50,38.94
109.0400,-0.076435,0.053636,0,56.50,38.94
109.0480,-0.099878,0.036842,0,56.50,38.94
109.0560,-0.111111,0.025549,0,56.50,38.94
109.0640,-0.114042,0.021827,0,56.50,38.94
109.0720,-0.111600,0.025703,0,56.50,38.94
109.0800,-0.101343,0.035549,0,56.50,38.94
109.0880,-0.089133,0.048656,0,56.50,38.94
109.0960,-0.072527,0.000096,0,56.50,38.94
109.1040,-0.055433,0.015340,0,56.50,38.94
109.1120,-0.039316,0.028783,0,56.50,38.94
109.1200,-0.028083,0.038920,0,56.50,38.94
109.1280,-0.023199,0.045184,0,56.50,38.94
109.1360,-0.022222,0.047940,0,56.50,38.94
109.1440,-0.021734,0.048028,0,56.50,38.94
109.1520,-0.023199,0.046191,0,56.50,38.94
109.1600,-0.024176,0.042749,0,56.50,38.94
109.1680,-0.026618,0.037672,0,56.50,38.94
109.1760,-0.033455,0.030934,0,56.50,38.94
109.1840,-0.041758,0.022824,0,56.50,38.94
109.1920,-0.049573,0.013947,0,56.50,38.94
109.2000,-0.054945,0.054955,0,56.50,38.94
109.2080,-0.055433,0.056441,0,56.50,38.94
109.2160,-0.051038,0.061711,0,56.50,38.94
109.2240,-0.039805,0.069667,0,56.50,38.94
109.2320,-0.035409,0.078428,0,56.50,38.94
109.2400,-0.028571,0.085912,0,56.50,38.94
109.2480,-0.024664,0.090199,0,56.50,38.94
109.2560,-0.026618,0.089824,0,56.50,38.94
109.2640,-0.033944,0.084153,0,56.50,38.94
109.2720,-0.047619,0.073629,0,56.50,38.94
109.2800,-0.068620,0.059645,0,56.50,38.94
109.2880,-0.087179,0.043906,0,56.50,38.94
109.2960,-0.102320,0.027639,0,56.50,38.94
109.3040,-0.107692,0.016838,0,56.50,38.94
109.3120,-0.099878,0.026600,0,56.50,38.94
109.3200,-0.082784,0.044204,0,56.50,38.94
109.3280,-0.059341,0.065364,0,56.50,38.94
109.3360,-0.040293,0.084647,0,56.50,38.94
109.3440,-0.028571,0.097172,0,56.50,38.94
109.3520,-0.026618,0.100051,0,56.50,38.94
109.3600,-0.038828,0.093178,0,56.50,38.94
109.3680,-0.059829,0.079099,0,56.50,38.94
109.3760,-0.083272,0.061844,0,56.50,38.94
109.3840,-0.102320,0.045150,0,56.50,38.94
109.3920,-0.116972,0.030941,0,56.50,38.94
109.4000,-0.125275,0.018808,0,56.50,38.94
109.4080,-0.127717,-0.044404,0,56.50,38.94
109.4160,-0.129182,-0.048180,0,56.50,38.94
109.4240,-0.132601,-0.052088,0,56.50,38.94
109.4320,-0.137485,-0.057229,0,56.50,38.94
109.4400,-0.149695,-0.062956,0,56.50,38.94
109.4480,-0.163858,-0.067130,0,56.50,38.94
109.4560,-0.165812,-0.067494,0,56.50,38.94
109.4640,-0.158974,-0.063262,0,56.50,38.94
109.4720,-0.148230,-0.055569,0,56.50,38.94
109.4800,-0.137485,-0.046565,0,56.50,38.94
109.4880,-0.132601,-0.038067,0,56.50,38.94
109.4960,-0.129182,-0.030758,0,56.50,38.94
109.5040,-0.124298,-0.024287,0,56.50,38.94
109.5120,-0.121368,-0.131535,0,56.50,38.94
109.5200,-0.122344,-0.136505,0,56.50,38.94
109.5280,-0.125275,-0.141680,0,56.50,38.94
109.5360,-0.128205,-0.144583,0,56.50,38.94
109.5440,-0.127717,-0.142660,0,56.50,38.94
109.5520,-0.115995,-0.134513,0,56.50,38.94
109.5600,-0.092552,-0.120889,0,56.50,38.94
109.5680,-0.067643,-0.104515,0,56.50,38.94
109.5760,-0.047131,-0.088812,0,56.50,38.94
109.5840,-0.031502,-0.076509,0,56.50,38.94
109.5920,-0.017338,-0.068942,0,56.50,38.94
109.6000,-0.008547,-0.065892,0,56.50,38.94
109.6080,-0.006105,-0.065655,0,56.50,38.94
109.6160,-0.014408,0.105485,0,56.50,38.94
109.6240,-0.029060,0.089163,0,56.50,38.94
109.6320,-0.054457,0.064093,0,56.50,38.94
109.6400,-0.088645,0.032617,0,56.50,38.94
109.6480,-0.131624,-0.001082,0,56.50,38.94
109.6560,-0.166789,-0.031672,0,56.50,38.94
109.6640,-0.194139,-0.054058,0,56.50,38.94
109.6720,-0.207326,-0.064690,0,56.50,38.94
109.6800,-0.205372,-0.062321,0,56.50,38.94
109.6880,-0.191697,-0.048132,0,56.50,38.94
109.6960,-0.163858,-0.025201,0,56.50,38.94
109.7040,-0.133089,0.002696,0,56.50,38.94
109.7120,-0.113553,0.032525,0,56.50,38.94
109.7200,-0.107204,0.027417,0,56.50,38.94
109.7280,-0.117460,0.020597,0,56.50,38.94
109.7360,-0.139438,0.002248,0,56.50,38.94
109.7440,-0.169719,-0.023030,0,56.50,38.94
109.7520,-0.196581,-0.049203,0,56.50,38.94
109.7600,-0.221490,-0.070354,0,56.50,38.94
109.7680,-0.235165,-0.082094,0,56.50,38.94
109.7760,-0.232723,-0.082654,0,56.50,38.94
109.7840,-0.218559,-0.073220,0,56.50,38.94
109.7920,-0.197558,-0.057079,0,56.50,38.94
109.8000,-0.178510,-0.037944,0,56.50,38.94
109.8080,-0.161905,-0.018392,0,56.50,38.94
109.8160,-0.148718,0.000750,0,56.50,38.94
109.8240,-0.140904,-0.034765,0,56.50,38.94
109.8320,-0.132601,-0.029739,0,56.50,38.94
109.8400,-0.131624,-0.027689,0,56.50,38.94
109.8480,-0.129182,-0.027001,0,56.50,38.94
109.8560,-0.131136,-0.025813,0,56.50,38.94
109.8640,-0.128205,-0.022631,0,56.50,38.94
109.8720,-0.121368,-0.017032,0,56.50,38.94
109.8800,-0.112576,-0.010001,0,56.50,38.94
109.8880,-0.103785,-0.003577,0,56.50,38.94
109.8960,-0.099878,0.000010,0,56.50,38.94
109.9040,-0.101343,-0.000674,0,56.50,38.94
109.9120,-0.110623,-0.005575,0,56.50,38.94
109.9200,-0.122344,-0.013090,0,56.50,38.94
109.9280,-0.134066,-0.002595,0,56.50,38.94
109.9360,-0.150183,-0.014719,0,56.50,38.94
109.9440,-0.163370,-0.024132,0,56.50,38.94
109.9520,-0.169231,-0.028462,0,56.50,38.94
109.9600,-0.163858,-0.026699,0,56.50,38.94
109.9680,-0.152625,-0.019610,0,56.50,38.94
109.9760,-0.139927,-0.009406,0,56.50,38.94
109.9840,-0.125763,0.000965,0,56.50,38.94
109.9920,-0.114042,0.008523,0,56.50,38.94
110.0000,-0.108181,0.011008,0,56.50,38.94
110.0080,-0.112576,0.007614,0,56.50,38.94
110.0160,-0.125763,-0.000716,0,56.50,38.94
110.0240,-0.135531,-0.011761,0,56.50,38.94
110.0320,-0.134554,0.057454,0,56.50,38.94
110.0400,-0.123321,0.066909,0,56.50,38.94
110.0480,-0.103785,0.078959,0,56.50,38.94
110.0560,-0.090598,0.089232,0,56.50,38.94
110.0640,-0.085714,0.093749,0,56.50,38.94
110.0720,-0.091087,0.090562,0,56.50,38.94
110.0800,-0.102320,0.080291,0,56.50,38.94
110.0880,-0.122344,0.065718,0,56.50,38.94
110.0960,-0.139927,0.050769,0,56.50,38.94
110.1040,-0.153602,0.039194,0,56.50,38.94
110.1120,-0.163370,0.033409,0,56.50,38.94
110.1200,-0.164347,0.033685,0,56.50,38.94
110.1280,-0.155556,0.037866,0,56.50,38.94
110.1360,-0.137485,0.018101,0,56.50,38.94
110.1440,-0.115507,0.032480,0,56.50,38.94
110.1520,-0.101832,0.040556,0,56.50,38.94
110.1600,-0.108669,0.038529,0,56.50,38.94
110.1680,-0.127228,0.026186,0,56.50,38.94
110.1760,-0.151160,0.006719,0,56.50,38.94
110.1840,-0.176557,-0.014648,0,56.50,38.94
110.1920,-0.199512,-0.032247,0,56.50,38.94
110.2000,-0.211233,-0.041392,0,56.50,38.94
110.2080,-0.210745,-0.039489,0,56.50,38.94
110.2160,-0.196581,-0.026522,0,56.50,38.94
110.2240,-0.176557,-0.004805,0,56.50,38.94
110.2320,-0.149695,0.021704,0,56.50,38.94
110.2400,-0.129670,-0.020894,0,56.50,38.94
110.2480,-0.118437,-0.011431,0,56.50,38.94
110.2560,-0.117460,-0.010616,0,56.50,38.94
110.2640,-0.125275,-0.017152,0,56.50,38.94
110.2720,-0.138950,-0.027541,0,56.50,38.94
110.2800,-0.150672,-0.037322,0,56.50,38.94
110.2880,-0.157021,-0.042624,0,56.50,38.94
110.2960,-0.155067,-0.041495,0,56.50,38.94
110.3040,-0.142857,-0.034559,0,56.50,38.94
110.3120,-0.125275,-0.024600,0,56.50,38.94
110.3200,-0.111600,-0.015079,0,56.50,38.94
110.3280,-0.101832,-0.008211,0,56.50,38.94
110.3360,-0.106227,-0.003724,0,56.50,38.94
110.3440,-0.117949,0.017406,0,56.50,38.94
110.3520,-0.129182,0.009177,0,56.50,38.94
110.3600,-0.136996,0.003794,0,56.50,38.94
110.3680,-0.141880,0.005369,0,56.50,38.94
110.3760,-0.134066,0.016207,0,56.50,38.94
110.3840,-0.114530,0.035592,0,56.50,38.94
110.3920,-0.084249,0.059312,0,56.50,38.94
110.4000,-0.054945,0.080578,0,56.50,38.94
110.4080,-0.039316,0.092240,0,56.50,38.94
110.4160,-0.041270,0.089291,0,56.50,38.94
110.4240,-0.062271,0.070509,0,56.50,38.94
110.4320,-0.098901,0.038680,0,56.50,38.94
110.4400,-0.138950,-0.000400,0,56.50,38.94
110.4480,-0.175092,-0.104309,0,56.50,35.59
110.4560,-0.200488,-0.132397,0,56.50,35.59
110.4640,-0.211233,-0.148261,0,56.50,35.59
110.4720,-0.207814,-0.151184,0,56.50,35.59
110.4800,-0.191697,-0.143009,0,56.50,35.59
110.4880,-0.170696,-0.127121,0,56.50,35.59
110.4960,-0.147253,-0.107392,0,56.50,35.59
110.5040,-0.121856,-0.087568,0,56.50,35.59
110.5120,-0.098413,-0.071050,0,56.50,35.59
110.5200,-0.078388,-0.060600,0,56.50,35.59
110.5280,-0.069109,-0.057689,0,56.50,35.59
110.5360,-0.070085,-0.061761,0,56.50,35.59
110.5440,-0.078388,-0.070054,0,56.50,35.59
110.5520,-0.086691,-0.027891,0,56.50,35.59
110.5600,-0.094994,-0.035392,0,56.50,35.59
110.5680,-0.094017,-0.035317,0,56.50,35.59
110.5760,-0.085226,-0.024053,0,56.50,35.59
110.5840,-0.062759,-0.000450,0,56.50,35.59
110.5920,-0.024176,0.032851,0,56.50,35.59
110.6000,0.028571,0.069001,0,56.50,35.59
110.6080,0.069597,0.098528,0,56.50,35.59
110.6160,0.089133,0.112565,0,56.50,35.59
110.6240,0.083272,0.105910,0,56.50,35.59
110.6320,0.052991,0.078414,0,56.50,35.59
110.6400,0.008059,0.034534,0,56.50,35.59
110.6480,-0.041758,-0.018227,0,56.50,35.59
110.6560,-0.080830,0.114710,0,56.50,35.59
110.6640,-0.098413,0.103250,0,56.50,35.59
110.6720,-0.090110,0.110527,0,56.50,35.59
110.6800,-0.061294,0.132254,0,56.50,35.59
110.6880,-0.026129,0.159306,0,56.50,35.59
110.6960,-0.004151,0.181265,0,56.50,35.59
110.7040,-0.000733,0.190210,0,56.50,35.59
110.7120,-0.019780,0.183098,0,56.50,35.59
110.7200,-0.053480,0.162025,0,56.50,35.59
110.7280,-0.095971,0.132677,0,56.50,35.59
110.7360,-0.142857,0.101657,0,56.50,35.59
110.7440,-0.172161,0.073439,0,56.50,35.59
110.7520,-0.185836,0.048377,0,56.50,35.59
110.7600,-0.186813,-0.075434,0,56.50,35.59
110.7680,-0.179976,-0.071339,0,56.50,35.59
110.7760,-0.164835,-0.059456,0,56.50,35.59
110.7840,-0.148230,-0.043453,0,56.50,35.59
110.7920,-0.128205,-0.026960,0,56.50,35.59
110.8000,-0.113553,-0.013047,0,56.50,35.59
110.8080,-0.104762,-0.003736,0,56.50,35.59
110.8160,-0.102320,0.000266,0,56.50,35.59
110.8240,-0.106716,-0.000581,0,56.50,35.59
110.8320,-0.112088,-0.005136,0,56.50,35.59
110.8400,-0.120391,-0.012138,0,56.50,35.59
110.8480,-0.128205,-0.020545,0,56.50,35.59
110.8560,-0.137485,-0.029574,0,56.50,35.59
110.8640,-0.139927,-0.035524,0,56.50,35.59
110.8720,-0.134066,-0.029003,0,56.50,35.59
110.8800,-0.121856,-0.016232,0,56.50,35.59
110.8880,-0.100855,0.000620,0,56.50,35.59
110.8960,-0.082784,0.018063,0,56.50,35.59
110.9040,-0.070085,0.032444,0,56.50,35.59
110.9120,-0.065690,0.041099,0,56.50,35.59
110.9200,-0.071551,0.042983,0,56.50,35.59
110.9280,-0.081319,0.038624,0,56.50,35.59
110.9360,-0.097924,0.029583,0,56.50,35.59
110.9440,-0.113065,0.017691,0,56.50,35.59
110.9520,-0.126252,0.004408,0,56.50,35.59
110.9600,-0.140415,-0.009393,0,56.50,35.59
110.9680,-0.154579,-0.060937,0,56.50,35.59
110.9760,-0.170208,-0.076827,0,56.50,35.59
110.9840,-0.186813,-0.089910,0,56.50,35.59
110.9920,-0.197070,-0.097982,0,56.50,35.59
111.0000,-0.201465,-0.099309,0,56.50,35.59
111.0080,-0.196093,-0.093423,0,56.50,35.59
111.0160,-0.184860,-0.081540,0,56.50,35.59
111.0240,-0.166300,-0.066426,0,56.50,35.59
111.0320,-0.148718,-0.051727,0,56.50,35.59
111.0400,-0.134066,-0.040907,0,56.50,35.59
111.0480,-0.125763,-0.036147,0,56.50,35.59
111.0560,-0.123810,-0.037540,0,56.50,35.59
111.0640,-0.132601,-0.042831,0,56.50,35.59
111.0720,-0.151160,-0.437564,0,56.50,35.59
111.0800,-0.173138,-0.476660,0,56.50,35.59
111.0880,-0.190720,-0.514952,0,56.50,35.59
111.0960,-0.205372,-0.547605,0,56.50,35.59
111.1040,-0.210256,-0.570216,0,56.50,35.59
111.1120,-0.198046,-0.579427,0,56.50,35.59
111.1200,-0.169231,-0.573329,0,56.50,35.59
111.1280,-0.125763,-0.551332,0,56.50,35.59
111.1360,-0.069109,-0.513699,0,56.50,35.59
111.1440,0.007570,-0.461230,0,56.50,35.59
111.1520,0.086203,-0.395242,0,56.50,35.59
111.1600,0.179976,-0.318176,0,56.50,35.59
111.1680,0.297680,-0.234671,0,56.50,35.59
111.1760,0.424664,0.532427,0,56.50,30.87
111.1840,0.554090,0.646246,0,56.50,30.87
111.1920,0.677167,0.761303,0,56.50,30.87
111.2000,0.807570,0.868122,0,56.50,30.87
111.2080,0.937485,0.952868,0,56.50,30.87
111.2160,1.000000,1.000000,1,56.50,30.87
111.2240,1.000000,0.997925,1,56.50,30.87
111.2320,0.904274,0.944616,0,56.50,30.87
111.2400,0.706960,0.849618,0,56.50,30.87
111.2480,0.515507,0.730029,0,56.50,30.87
111.2560,0.333822,0.602472,0,56.50,30.87
111.2640,0.163370,0.476797,0,56.50,30.87
111.2720,0.012454,0.354730,0,56.50,30.87
111.2800,-0.122833,-0.124187,0,56.50,30.87
111.2880,-0.226862,-0.230433,0,56.50,30.87
111.2960,-0.303541,-0.301337,0,56.50,30.87
111.3040,-0.335775,-0.335860,0,56.50,30.87
111.3120,-0.332845,-0.336709,0,56.50,30.87
111.3200,-0.299145,-0.310848,0,56.50,30.87
111.3280,-0.250305,-0.268632,0,56.50,30.87
111.3360,-0.192186,-0.221823,0,56.50,30.87
111.3440,-0.148718,-0.180966,0,56.50,30.87
111.3520,-0.121368,-0.153026,0,56.50,30.87
111.3600,-0.108669,-0.140266,0,56.50,30.87
111.3680,-0.107692,-0.140477,0,56.50,30.87
111.3760,-0.116972,-0.147992,0,56.50,30.87
111.3840,-0.125275,-0.030217,0,56.50,30.87
111.3920,-0.131624,-0.037215,0,56.50,30.87
111.4000,-0.135043,-0.042979,0,56.50,30.87
111.4080,-0.140415,-0.046886,0,56.50,30.87
111.4160,-0.140904,-0.049262,0,56.50,30.87
111.4240,-0.141392,-0.050962,0,56.50,30.87
111.4320,-0.143834,-0.052831,0,56.50,30.87
111.4400,-0.148230,-0.055070,0,56.50,30.87
111.4480,-0.157021,-0.056807,0,56.50,30.87
111.4560,-0.167766,-0.056197,0,56.50,30.87
111.4640,-0.178022,-0.051255,0,56.50,30.87
111.4720,-0.178999,-0.041260,0,56.50,30.87
111.4800,-0.173626,-0.027762,0,56.50,30.87
111.4880,-0.168742,-0.259674,0,56.50,30.87
111.4960,-0.164835,-0.247183,0,56.50,30.87
111.5040,-0.164347,-0.232114,0,56.50,30.87
111.5120,-0.162882,-0.215201,0,56.50,30.87
111.5200,-0.160928,-0.197131,0,56.50,30.87
111.5280,-0.160440,-0.178692,0,56.50,30.87
111.5360,-0.160928,-0.160692,0,56.50,30.87
111.5440,-0.158486,-0.143965,0,56.50,30.87
111.5520,-0.151160,-0.129529,0,56.50,30.87
111.5600,-0.144322,-0.118556,0,56.50,30.87
111.5680,-0.136996,-0.111935,0,56.50,30.87
111.5760,-0.132112,-0.109596,0,56.50,30.87
111.5840,-0.132601,-0.110042,0,56.50,30.87
111.5920,-0.135043,0.022457,0,56.50,30.87
111.6000,-0.141880,0.016316,0,56.50,30.87
111.6080,-0.146764,0.009856,0,56.50,30.87
111.6160,-0.147253,0.004921,0,56.50,30.87
111.6240,-0.142857,0.002222,0,56.50,30.87
111.6320,-0.139927,0.001378,0,56.50,30.87
111.6400,-0.137485,0.001527,0,56.50,30.87
111.6480,-0.136996,0.001936,0,56.50,30.87
111.6560,-0.138462,0.002303,0,56.50,30.87
111.6640,-0.139438,0.002689,0,56.50,30.87
111.6720,-0.138462,0.003253,0,56.50,30.87
111.6800,-0.138950,0.004055,0,56.50,30.87
111.6880,-0.137485,0.005023,0,56.50,30.87
111.6960,-0.138950,-0.014223,0,56.50,30.87
111.7040,-0.142857,-0.015764,0,56.50,30.87
111.7120,-0.142369,-0.016156,0,56.50,30.87
111.7200,-0.140904,-0.014613,0,56.50,30.87
111.7280,-0.135531,-0.010899,0,56.50,30.87
111.7360,-0.129182,-0.005486,0,56.50,30.87
111.7440,-0.119414,0.000541,0,56.50,30.87
111.7520,-0.114530,0.005784,0,56.50,30.87
111.7600,-0.106716,0.008894,0,56.50,30.87
111.7680,-0.104274,0.008937,0,56.50,30.87
111.7760,-0.107692,0.005745,0,56.50,30.87
111.7840,-0.112088,-0.000018,0,56.50,30.87
111.7920,-0.116972,-0.007166,0,56.50,30.87
111.8000,-0.116972,-0.001241,0,56.50,30.87
111.8080,-0.116972,-0.001324,0,56.50,30.87
111.8160,-0.113553,0.001381,0,56.50,30.87
111.8240,-0.102320,0.006109,0,56.50,30.87
111.8320,-0.095971,0.011432,0,56.50,30.87
111.8400,-0.089133,0.015883,0,56.50,30.87
111.8480,-0.085714,0.018454,0,56.50,30.87
111.8560,-0.084249,0.018753,0,56.50,30.87
111.8640,-0.085714,0.016939,0,56.50,30.87
111.8720,-0.085714,0.013571,0,56.50,30.87
111.8800,-0.094017,0.009451,0,56.50,30.87
111.8880,-0.095482,0.005314,0,56.50,30.87
111.8960,-0.095971,0.001413,0,56.50,30.87
111.9040,-0.095971,-0.001980,0,56.50,30.87
111.9120,-0.090598,-0.001368,0,56.50,30.87
111.9200,-0.088645,0.000027,0,56.50,30.87
111.9280,-0.085226,0.001649,0,56.50,30.87
111.9360,-0.082295,0.003128,0,56.50,30.87
111.9440,-0.080342,0.004274,0,56.50,30.87
111.9520,-0.077900,0.005003,0,56.50,30.87
111.9600,-0.075458,0.005242,0,56.50,30.87
111.9680,-0.073016,0.004935,0,56.50,30.87
111.9760,-0.073016,0.004157,0,56.50,30.87
111.9840,-0.073504,0.003146,0,56.50,30.87
111.9920,-0.071551,0.002143,0,56.50,30.87
112.0000,-0.070085,0.001213,0,56.50,30.87
112.0080,-0.069597,0.013636,0,73.06,30.87
112.0160,-0.069597,0.011749,0,73.06,30.87
112.0240,-0.070085,0.009254,0,73.06,30.87
112.0320,-0.073993,0.006654,0,73.06,30.87
112.0400,-0.074969,0.004701,0,73.06,30.87
112.0480,-0.074969,0.004016,0,73.06,30.87
112.0560,-0.073016,0.004774,0,73.06,30.87
112.0640,-0.070085,0.006576,0,73.06,30.87
112.0720,-0.064225,0.008557,0,73.06,30.87
112.0800,-0.062759,0.009748,0,73.06,30.87
112.0880,-0.062271,0.009506,0,73.06,30.87
112.0960,-0.061294,0.007752,0,73.06,30.87
112.1040,-0.065201,0.005016,0,73.06,30.87
112.1120,-0.065690,0.002364,0,73.06,30.87
112.1200,-0.063736,0.001781,0,73.06,30.87
112.1280,-0.062759,0.002620,0,73.06,30.87
112.1360,-0.060806,0.004935,0,73.06,30.87
112.1440,-0.054457,0.008358,0,73.06,30.87
112.1520,-0.051038,0.012090,0,73.06,30.87
112.1600,-0.045177,0.015084,0,73.06,30.87
112.1680,-0.041758,0.016374,0,73.06,30.87
112.1760,-0.042247,0.015504,0,73.06,30.87
112.1840,-0.048107,0.012787,0,73.06,30.87
112.1920,-0.050061,0.009061,0,73.06,30.87
112.2000,-0.054457,0.005110,0,73.06,30.87
112.2080,-0.054457,0.001261,0,73.06,30.87
112.2160,-0.055922,-0.000590,0,73.06,30.87
112.2240,-0.055922,-0.001521,0,73.06,30.87
112.2320,-0.054457,-0.001840,0,73.06,30.87
112.2400,-0.054457,-0.002028,0,73.06,30.87
112.2480,-0.053968,-0.002596,0,73.06,30.87
112.2560,-0.052991,-0.003975,0,73.06,30.87
112.2640,-0.054457,-0.006325,0,73.06,30.87
112.2720,-0.055922,-0.009270,0,73.06,30.87
112.2800,-0.061783,-0.011768,0,73.06,30.87
112.2880,-0.065690,-0.012466,0,73.06,30.87
112.2960,-0.060317,-0.010518,0,73.06,30.87
112.3040,-0.051526,-0.006161,0,73.06,30.87
112.3120,-0.046642,-0.000469,0,73.06,30.87
112.3200,-0.044689,0.018547,0,73.06,30.87
112.3280,-0.047131,0.016906,0,73.06,30.87
112.3360,-0.052015,0.012852,0,73.06,30.87
112.3440,-0.058852,0.008153,0,73.06,30.87
112.3520,-0.067155,0.005217,0,73.06,30.87
112.3600,-0.069109,0.006059,0,73.06,30.87
112.3680,-0.062759,0.011082,0,73.06,30.87
112.3760,-0.048107,0.018499,0,73.06,30.87
112.3840,-0.038339,0.025057,0,73.06,30.87
112.3920,-0.035897,0.027647,0,73.06,30.87
112.4000,-0.039805,0.024697,0,73.06,30.87
112.4080,-0.052015,0.016662,0,73.06,30.87
112.4160,-0.064225,0.005663,0,73.06,30.87
112.4240,-0.070574,-0.007378,0,73.06,30.87
112.4320,-0.070574,-0.010454,0,73.06,30.87
112.4400,-0.070085,-0.009572,0,73.06,30.87
112.4480,-0.067643,-0.005354,0,73.06,30.87
112.4560,-0.057387,0.000652,0,73.06,30.87
112.4640,-0.049573,0.006346,0,73.06,30.87
112.4720,-0.046642,0.009872,0,73.06,30.87
112.4800,-0.048107,0.010387,0,73.06,30.87
112.4880,-0.052991,0.008228,0,73.06,30.87
112.4960,-0.056899,0.004523,0,73.06,30.87
112.5040,-0.064225,0.000597,0,73.06,30.87
112.5120,-0.067643,-0.002639,0,73.06,30.87
112.5200,-0.066667,-0.005144,0,73.06,30.87
112.5280,-0.064713,-0.005115,0,73.06,30.87
112.5360,-0.063736,-0.003434,0,73.06,30.87
112.5440,-0.061294,-0.000541,0,73.06,30.87
112.5520,-0.061783,0.003623,0,73.06,30.87
112.5600,-0.055433,0.008965,0,73.06,30.87
112.5680,-0.049084,0.014782,0,73.06,30.87
112.5760,-0.041270,0.019744,0,73.06,30.87
112.5840,-0.037851,0.022407,0,73.06,30.87
112.5920,-0.038828,0.021881,0,73.06,30.87
112.6000,-0.043223,0.018246,0,73.06,30.87
112.6080,-0.053480,0.012486,0,73.06,30.87
112.6160,-0.063248,0.005892,0,73.06,30.87
112.6240,-0.065201,-0.000752,0,73.06,30.87
112.6320,-0.054457,-0.040305,0,73.06,30.87
112.6400,-0.038828,-0.031606,0,73.06,30.87
112.6480,-0.020757,-0.022457,0,73.06,30.87
112.6560,-0.012454,-0.015869,0,73.06,30.87
112.6640,-0.012943,-0.013036,0,73.06,30.87
112.6720,-0.014896,-0.013111,0,73.06,30.87
112.6800,-0.015873,-0.014228,0,73.06,30.87
112.6880,-0.014896,-0.014768,0,73.06,30.87
112.6960,-0.009035,-0.014081,0,73.06,30.87
112.7040,-0.005128,-0.012452,0,73.06,30.87
112.7120,-0.001221,-0.010604,0,73.06,30.87
112.7200,0.006593,-0.009167,0,73.06,30.87
112.7280,0.005617,-0.008247,0,73.06,30.87
112.7360,-0.000244,0.036591,0,73.06,30.87
112.7440,-0.004151,0.033512,0,73.06,30.87
112.7520,-0.006593,0.030091,0,73.06,30.87
112.7600,-0.007570,0.026673,0,73.06,30.87
112.7680,-0.010012,0.023132,0,73.06,30.87
112.7760,-0.014408,0.019271,0,73.06,30.87
112.7840,-0.017827,0.015156,0,73.06,30.87
112.7920,-0.023199,0.011202,0,73.06,30.87
112.8000,-0.025641,0.008091,0,73.06,30.87
112.8080,-0.028083,0.006570,0,73.06,30.87
112.8160,-0.028083,0.007197,0,73.06,30.87
112.8240,-0.025641,0.010003,0,73.06,30.87
112.8320,-0.017827,0.014232,0,73.06,30.87
112.8400,-0.012454,0.022311,0,73.06,30.87
112.8480,-0.008059,0.026193,0,73.06,30.87
112.8560,-0.007570,0.028552,0,73.06,30.87
112.8640,-0.007570,0.029248,0,73.06,30.87
112.8720,-0.008059,0.028472,0,73.06,30.87
112.8800,-0.010501,0.026551,0,73.06,30.87
112.8880,-0.013431,0.023893,0,73.06,30.87
112.8960,-0.017338,0.020973,0,73.06,30.87
112.9040,-0.020757,0.018274,0,73.06,30.87
112.9120,-0.023199,0.016154,0,73.06,30.87
112.9200,-0.023687,0.014725,0,73.06,30.87
112.9280,-0.023687,0.013848,0,73.06,30.87
112.9360,-0.024664,0.013259,0,73.06,30.87
112.9440,-0.024176,0.013793,0,73.06,30.87
112.9520,-0.027595,0.011059,0,73.06,30.87
112.9600,-0.032479,0.006697,0,73.06,30.87
112.9680,-0.040293,0.001282,0,73.06,30.87
112.9760,-0.051526,-0.003994,0,73.06,30.87
112.9840,-0.055922,-0.007917,0,73.06,30.87
112.9920,-0.056899,-0.009961,0,73.06,30.87
113.0000,-0.054945,-0.010420,0,73.06,30.87
113.0080,-0.055922,-0.009817,0,73.06,30.87
113.0160,-0.060806,-0.008291,0,73.06,30.87
113.0240,-0.059829,-0.005631,0,73.06,30.87
113.0320,-0.056899,-0.001795,0,73.06,30.87
113.0400,-0.053480,0.002795,0,73.06,30.87
113.0480,-0.049084,-0.018203,0,73.06,30.87
113.0560,-0.043223,-0.013490,0,73.06,30.87
113.0640,-0.039316,-0.009344,0,73.06,30.87
113.0720,-0.038339,-0.006035,0,73.06,30.87
113.0800,-0.037363,-0.003493,0,73.06,30.87
113.0880,-0.034432,-0.001575,0,73.06,30.87
113.0960,-0.033455,-0.000274,0,73.06,30.87
113.1040,-0.031502,0.000322,0,73.06,30.87
113.1120,-0.033455,0.000197,0,73.06,30.87
113.1200,-0.033944,-0.000522,0,73.06,30.87
113.1280,-0.035409,-0.001656,0,73.06,30.87
113.1360,-0.036386,-0.003060,0,73.06,30.87
113.1440,-0.038828,-0.004614,0,73.06,30.87
113.1520,-0.037363,0.018722,0,73.06,30.87
113.1600,-0.038828,0.019451,0,73.06,30.87
113.1680,-0.039805,0.019908,0,73.06,30.87
113.1760,-0.041270,0.019768,0,73.06,30.87
113.1840,-0.043712,0.018776,0,73.06,30.87
113.1920,-0.046154,0.016813,0,73.06,30.87
113.2000,-0.051038,0.014028,0,73.06,30.87
113.2080,-0.055922,0.010919,0,73.06,30.87
113.2160,-0.062271,0.008230,0,73.06,30.87
113.2240,-0.065201,0.006646,0,73.06,30.87
113.2320,-0.065201,0.006455,0,73.06,30.87
113.2400,-0.066667,0.007477,0,73.06,30.87
113.2480,-0.065690,0.009199,0,73.06,30.87
113.2560,-0.066667,0.007014,0,73.06,30.87
113.2640,-0.067643,0.008895,0,73.06,30.87
113.2720,-0.065690,0.010804,0,73.06,30.87
113.2800,-0.063736,0.012321,0,73.06,30.87
113.2880,-0.064225,0.013005,0,73.06,30.87
113.2960,-0.064713,0.012673,0,73.06,30.87
113.3040,-0.070085,0.011519,0,73.06,30.87
113.3120,-0.071062,0.009955,0,73.06,30.87
113.3200,-0.073016,0.008360,0,73.06,30.87
113.3280,-0.076923,0.006984,0,73.06,30.87
113.3360,-0.077900,0.005930,0,73.06,30.87
113.3440,-0.078388,0.005129,0,73.06,30.87
113.3520,-0.081319,0.004436,0,73.06,30.87
113.3600,-0.079365,0.003087,0,73.06,30.87
113.3680,-0.078388,0.005923,0,73.06,30.87
113.3760,-0.074969,0.009028,0,73.06,30.87
113.3840,-0.073016,0.011574,0,73.06,30.87
113.3920,-0.074481,0.012827,0,73.06,30.87
113.4000,-0.074481,0.012371,0,73.06,30.87
113.4080,-0.078388,0.010264,0,73.06,30.87
113.4160,-0.085714,0.007126,0,73.06,30.87
113.4240,-0.091575,0.003984,0,73.06,30.87
113.4320,-0.094994,0.001808,0,73.06,30.87
113.4400,-0.096459,0.001142,0,73.06,30.87
113.4480,-0.099878,0.002001,0,73.06,30.87
113.4560,-0.096947,0.003847,0,73.06,30.87
113.4640,-0.092552,-0.071276,0,73.06,30.87
113.4720,-0.089133,-0.070220,0,73.06,30.87
113.4800,-0.086203,-0.069169,0,73.06,30.87
113.4880,-0.084737,-0.067942,0,73.06,30.87
113.4960,-0.083272,-0.065827,0,73.06,30.87
113.5040,-0.078388,-0.062060,0,73.06,30.87
113.5120,-0.070085,-0.056412,0,73.06,30.87
113.5200,-0.058852,-0.049503,0,73.06,30.87
113.5280,-0.046642,-0.042595,0,73.06,30.87
113.5360,-0.038828,-0.036991,0,73.06,30.87
113.5440,-0.033455,-0.033433,0,73.06,30.87
113.5520,-0.029060,-0.031870,0,73.06,30.87
113.5600,-0.027595,-0.031545,0,73.06,30.87
113.5680,-0.024664,-0.010374,0,73.06,30.87
113.5760,-0.023199,-0.010868,0,73.06,30.87
113.5840,-0.023199,-0.010506,0,73.06,30.87
113.5920,-0.018315,-0.008329,0,73.06,30.87
113.6000,-0.012454,-0.003758,0,73.06,30.87
113.6080,-0.006105,0.003105,0,73.06,30.87
113.6160,0.008059,0.011224,0,73.06,30.87
113.6240,0.020269,0.018658,0,73.06,30.87
113.6320,0.029060,0.023158,0,73.06,30.87
113.6400,0.031990,0.023050,0,73.06,30.87
113.6480,0.027106,0.017818,0,73.06,30.87
113.6560,0.022711,0.008219,0,73.06,30.87
113.6640,0.010501,-0.003920,0,73.06,30.87
113.6720,-0.000733,0.103082,0,73.06,30.87
113.6800,-0.007570,0.095635,0,73.06,30.87
113.6880,-0.016850,0.089876,0,73.06,30.87
113.6960,-0.023199,0.086449,0,73.06,30.87
113.7040,-0.027595,0.085424,0,73.06,30.87
113.7120,-0.027595,0.086100,0,73.06,30.87
113.7200,-0.026129,0.087027,0,73.06,30.87
113.7280,-0.027106,0.086470,0,73.06,30.87
113.7360,-0.033944,0.083097,0,73.06,30.87
113.7440,-0.043223,0.076386,0,73.06,30.87
113.7520,-0.054457,0.066604,0,73.06,30.87
113.7600,-0.070085,0.054573,0,73.06,30.87
113.7680,-0.084249,0.041413,0,73.06,30.87
113.7760,-0.095482,0.007184,0,73.06,30.87
113.7840,-0.104274,-0.001225,0,73.06,30.87
113.7920,-0.112088,-0.007097,0,73.06,30.87
113.8000,-0.116484,-0.010589,0,73.06,30.87
113.8080,-0.117949,-0.012190,0,73.06,30.87
113.8160,-0.120391,-0.012495,0,73.06,30.87
113.8240,-0.123810,-0.011968,0,73.06,30.87
113.8320,-0.124298,-0.010935,0,73.06,30.87
113.8400,-0.125275,-0.009705,0,73.06,30.87
113.8480,-0.125763,-0.008541,0,73.06,30.87
113.8560,-0.130159,-0.007503,0,73.06,30.87
113.8640,-0.132601,-0.006456,0,73.06,30.87
113.8720,-0.133578,-0.005298,0,73.06,30.87
113.8800,-0.132601,-0.050232,0,73.06,30.87
113.8880,-0.131624,-0.047758,0,73.06,30.87
113.8960,-0.128205,-0.044942,0,73.06,30.87
113.9040,-0.125275,-0.042603,0,73.06,30.87
113.9120,-0.125275,-0.041294,0,73.06,30.87
113.9200,-0.129182,-0.040892,0,73.06,30.87
113.9280,-0.132601,-0.040603,0,73.06,30.87
113.9360,-0.135531,-0.039412,0,73.06,30.87
113.9440,-0.136996,-0.036705,0,73.06,30.87
113.9520,-0.132112,-0.032714,0,73.06,30.87
113.9600,-0.126252,-0.028430,0,73.06,30.87
113.9680,-0.125275,-0.024820,0,73.06,30.87
113.9760,-0.129182,-0.021989,0,73.06,30.87
113.9840,-0.135531,0.011518,0,73.06,30.87
113.9920,-0.141392,0.010966,0,73.06,30.87
114.0000,-0.142857,0.010952,0,73.06,30.87
114.0080,-0.142857,0.011897,0,73.06,30.87
114.0160,-0.144811,0.013742,0,73.06,30.87
114.0240,-0.146764,0.016263,0,73.06,30.87
114.0320,-0.148230,0.019126,0,73.06,30.87
114.0400,-0.148230,0.021715,0,73.06,30.87
114.0480,-0.148230,0.023083,0,73.06,30.87
114.0560,-0.151648,0.022215,0,73.06,30.87
114.0640,-0.157509,0.018481,0,73.06,30.87
114.0720,-0.166300,0.012017,0,73.06,30.87
114.0800,-0.179487,0.003868,0,73.06,30.87
114.0880,-0.198046,-0.757386,0,73.06,30.87
114.0960,-0.218071,-0.803337,0,73.06,30.87
114.1040,-0.227839,-0.841111,0,73.06,30.87
114.1120,-0.222955,-0.864221,0,73.06,30.87
114.1200,-0.194139,-0.867683,0,73.06,30.87
114.1280,-0.138950,-0.849273,0,73.06,30.87
114.1360,-0.063736,-0.809842,0,73.06,30.87
114.1440,0.028083,-0.752771,0,73.06,30.87
114.1520,0.134066,-0.683163,0,73.06,30.87
114.1600,0.249817,-0.607032,0,73.06,30.87
114.1680,0.374847,-0.530107,0,73.06,30.87
114.1760,0.480342,-0.456002,0,73.06,30.87
114.1840,0.579976,-0.384912,0,73.06,30.87
114.1920,0.671795,0.888720,0,73.06,30.87
114.2000,0.759219,0.955124,0,73.06,30.87
114.2080,0.811477,0.994711,0,73.06,30.87
114.2160,0.792430,1.000000,1,73.06,30.87
114.2240,0.695238,0.969142,1,73.06,30.87
114.2320,0.557021,0.907062,0,73.06,30.87
114.2400,0.396825,0.823628,0,73.06,30.87
114.2480,0.222466,0.730994,0,73.06,30.87
114.2560,0.049084,0.641686,0,73.06,30.87
114.2640,-0.116972,0.566984,0,73.06,30.87
114.2720,-0.250794,0.514482,0,73.06,30.87
114.2800,-0.327961,0.484863,0,73.06,30.87
114.2880,-0.350916,0.470067,0,73.06,30.87
114.2960,-0.325519,-0.220930,0,73.06,30.87
114.3040,-0.272283,-0.174600,0,73.06,30.87
114.3120,-0.205372,-0.114506,0,73.06,30.87
114.3200,-0.148230,-0.055883,0,73.06,30.87
114.3280,-0.105250,-0.009889,0,73.06,30.87
114.3360,-0.085714,0.017925,0,73.06,30.87
114.3440,-0.082295,0.027344,0,73.06,30.87
114.3520,-0.093040,0.021998,0,73.06,30.87
114.3600,-0.112088,0.007395,0,73.06,30.87
114.3680,-0.132601,-0.010948,0,73.06,30.87
114.3760,-0.149695,-0.028971,0,73.06,30.87
114.3840,-0.163858,-0.044843,0,73.06,30.87
114.3920,-0.171673,-0.058931,0,73.06,30.87
114.4000,-0.177045,-0.125087,0,73.06,30.87
114.4080,-0.179487,-0.130634,0,73.06,30.87
114.4160,-0.178999,-0.134129,0,73.06,30.87
114.4240,-0.178510,-0.136528,0,73.06,30.87
114.4320,-0.178999,-0.138411,0,73.06,30.87
114.4400,-0.180952,-0.139827,0,73.06,30.87
114.4480,-0.182418,-0.140283,0,73.06,30.87
114.4560,-0.186813,-0.138791,0,73.06,30.87
114.4640,-0.190720,-0.134003,0,73.06,30.87
114.4720,-0.194628,-0.124568,0,73.06,30.87
114.4800,-0.195116,-0.109733,0,73.06,30.87
114.4880,-0.191697,-0.089968,0,73.06,30.87
114.4960,-0.185836,-0.067209,0,73.06,30.87
114.5040,-0.177045,-0.107149,0,73.06,30.87
114.5120,-0.163858,-0.080460,0,73.06,30.87
114.5200,-0.153602,-0.054325,0,73.06,30.87
114.5280,-0.147741,-0.031539,0,73.06,30.87
114.5360,-0.142857,-0.014193,0,73.06,30.87
114.5440,-0.143346,-0.003328,0,73.06,30.87
114.5520,-0.148230,0.001160,0,73.06,30.87
114.5600,-0.152625,0.000348,0,73.06,30.87
114.5680,-0.156044,-0.004078,0,73.06,30.87
114.5760,-0.163370,-0.010173,0,73.06,30.87
114.5840,-0.163858,-0.016219,0,73.06,30.87
114.5920,-0.160440,-0.021339,0,73.06,30.87
114.6000,-0.157021,-0.025710,0,73.06,30.87
114.6080,-0.154579,-0.007898,0,73.06,30.87
114.6160,-0.152625,-0.008268,0,73.06,30.87
114.6240,-0.152625,-0.008522,0,73.06,30.87
114.6320,-0.153114,-0.008506,0,73.06,30.87
114.6400,-0.155556,-0.007678,0,73.06,30.87
114.6480,-0.157021,-0.005435,0,73.06,30.87
114.6560,-0.152625,-0.001673,0,73.06,30.87
114.6640,-0.147253,0.002797,0,73.06,30.87
114.6720,-0.138462,0.006438,0,73.06,30.87
114.6800,-0.136996,0.007772,0,73.06,30.87
114.6880,-0.139927,0.006215,0,73.06,30.87
114.6960,-0.146276,0.002289,0,73.06,30.87
114.7040,-0.148230,-0.002878,0,73.06,30.87
114.7120,-0.150672,-0.039695,0,73.06,30.87
114.7200,-0.151160,-0.043384,0,73.06,30.87
114.7280,-0.149206,-0.045080,0,73.06,30.87
114.7360,-0.147741,-0.044450,0,73.06,30.87
114.7440,-0.140904,-0.041414,0,73.06,30.87
114.7520,-0.133089,-0.036241,0,73.06,30.87
114.7600,-0.123810,-0.029611,0,73.06,30.87
114.7680,-0.112576,-0.022605,0,73.06,30.87
114.7760,-0.100855,-0.016585,0,73.06,30.87
114.7840,-0.094505,-0.012881,0,73.06,30.87
114.7920,-0.087179,-0.012373,0,73.06,30.87
114.8000,-0.085714,-0.015091,0,73.06,30.87
114.8080,-0.091087,-0.019907,0,73.06,30.87
114.8160,-0.100366,0.012620,0,73.06,30.87
114.8240,-0.108669,0.002001,0,73.06,30.87
114.8320,-0.119414,-0.008253,0,73.06,30.87
114.8400,-0.127228,-0.016293,0,73.06,30.87
114.8480,-0.131136,-0.020844,0,73.06,30.87
114.8560,-0.127717,-0.021571,0,73.06,30.87
114.8640,-0.123810,-0.019097,0,73.06,30.87
114.8720,-0.116484,-0.014674,0,73.06,30.87
114.8800,-0.109646,-0.009774,0,73.06,30.87
114.8880,-0.101343,-0.005730,0,73.06,30.87
114.8960,-0.098413,-0.003355,0,73.06,30.87
114.9040,-0.096459,-0.002697,0,73.06,30.87
114.9120,-0.095971,-0.003096,0,73.06,30.87
114.9200,-0.097924,-0.007204,0,73.06,30.87
114.9280,-0.098413,-0.010126,0,73.06,30.87
114.9360,-0.099878,-0.013228,0,73.06,30.87
114.9440,-0.100366,-0.016167,0,73.06,30.87
114.9520,-0.100855,-0.018636,0,73.06,30.87
114.9600,-0.100366,-0.020301,0,73.06,30.87
114.9680,-0.100855,-0.020794,0,73.06,30.87
114.9760,-0.097924,-0.019884,0,73.06,30.87
114.9840,-0.090598,-0.017684,0,73.06,30.87
114.9920,-0.085714,-0.014650,0,73.06,30.87
115.0000,-0.078388,-0.011346,0,73.06,30.87
115.0080,-0.070574,-0.008206,0,73.06,30.87
115.0160,-0.067155,-0.005323,0,73.06,30.87
115.0240,-0.062271,0.020823,0,73.06,30.87
115.0320,-0.060317,0.020163,0,73.06,30.87
115.0400,-0.061783,0.016599,0,73.06,30.87
115.0480,-0.064713,0.010471,0,73.06,30.87
115.0560,-0.075458,0.002967,0,73.06,30.87
115.0640,-0.084249,-0.004124,0,73.06,30.87
115.0720,-0.086203,-0.009167,0,73.06,30.87
115.0800,-0.086203,-0.011314,0,73.06,30.87
115.0880,-0.085714,-0.010529,0,73.06,30.87
115.0960,-0.080342,-0.007334,0,73.06,30.87
115.1040,-0.073504,-0.002530,0,73.06,30.87
115.1120,-0.069597,0.003124,0,73.06,30.87
115.1200,-0.062759,0.009116,0,73.06,30.87
115.1280,-0.059829,0.055363,0,73.06,30.87
115.1360,-0.061783,0.054894,0,73.06,30.87
115.1440,-0.068132,0.051665,0,73.06,30.87
115.1520,-0.074481,0.046850,0,73.06,30.87
115.1600,-0.080342,0.041842,0,73.06,30.87
115.1680,-0.085226,0.037764,0,73.06,30.87
115.1760,-0.088645,0.035212,0,73.06,30.87
115.1840,-0.092063,0.034118,0,73.06,30.87
115.1920,-0.088645,0.033744,0,73.06,30.87
115.2000,-0.090598,0.033001,0,73.06,30.87
115.2080,-0.094017,0.031078,0,73.06,30.87
115.2160,-0.100855,0.027862,0,73.06,30.87
115.2240,-0.106227,0.023868,0,73.06,30.87
115.2320,-0.110134,-0.047529,0,73.06,30.87
115.2400,-0.109646,-0.049252,0,73.06,30.87
115.2480,-0.106227,-0.048154,0,73.06,30.87
115.2560,-0.101832,-0.044468,0,73.06,30.87
115.2640,-0.093529,-0.038957,0,73.06,30.87
115.2720,-0.084737,-0.032766,0,73.06,30.87
115.2800,-0.076923,-0.027148,0,73.06,30.87
115.2880,-0.070085,-0.023098,0,73.06,30.87
115.2960,-0.067643,-0.021007,0,73.06,30.87
115.3040,-0.069109,-0.020572,0,73.06,30.87
115.3120,-0.068132,-0.021104,0,73.06,30.87
115.3200,-0.067155,-0.022011,0,73.06,30.87
115.3280,-0.066667,-0.023011,0,73.06,30.87
115.3360,-0.069109,0.026958,0,73.06,30.87
115.3440,-0.070574,0.025673,0,73.06,30.87
115.3520,-0.072527,0.023176,0,73.06,30.87
115.3600,-0.078388,0.019451,0,73.06,30.87
115.3680,-0.084249,0.014838,0,73.06,30.87
115.3760,-0.088645,0.009974,0,73.06,30.87
115.3840,-0.095971,0.005645,0,73.06,30.87
115.3920,-0.099389,0.002602,0,73.06,30.87
115.4000,-0.101343,0.001323,0,73.06,30.87
115.4080,-0.100855,0.001881,0,73.06,30.87
115.4160,-0.100366,0.004014,0,73.06,30.87
115.4240,-0.097924,0.007267,0,73.06,30.87
115.4320,-0.095971,0.011100,0,73.06,30.87
115.4400,-0.098901,0.013666,0,73.06,30.87
115.4480,-0.098413,0.015264,0,73.06,30.87
115.4560,-0.098413,0.016350,0,73.06,30.87
115.4640,-0.099878,0.016586,0,73.06,30.87
115.4720,-0.099389,0.015402,0,73.06,30.87
115.4800,-0.101343,0.012284,0,73.06,30.87
115.4880,-0.108181,0.007312,0,73.06,30.87
115.4960,-0.117949,0.001529,0,73.06,30.87
115.5040,-0.126740,-0.003299,0,73.06,30.87
115.5120,-0.130159,-0.005468,0,73.06,30.87
115.5200,-0.129182,-0.004104,0,73.06,30.87
115.5280,-0.124298,0.000505,0,73.06,30.87
115.5360,-0.116972,0.007040,0,73.06,30.87
115.5440,-0.107692,-0.020877,0,73.06,30.87
115.5520,-0.101343,-0.014448,0,73.06,30.87
115.5600,-0.095971,-0.009516,0,73.06,30.87
115.5680,-0.093529,-0.006587,0,73.06,30.87
115.5760,-0.091087,-0.005617,0,73.06,30.87
115.5840,-0.094017,-0.006061,0,73.06,30.87
115.5920,-0.095971,-0.007038,0,73.06,30.87
115.6000,-0.098413,-0.007704,0,73.06,30.87
115.6080,-0.095482,-0.007654,0,73.06,30.87
115.6160,-0.095482,-0.006994,0,73.06,30.87
115.6240,-0.093529,-0.006068,0,73.06,30.87
115.6320,-0.094505,-0.005144,0,73.06,30.87
115.6400,-0.094017,-0.004296,0,73.06,30.87
115.6480,-0.090598,0.042351,0,73.06,30.87
115.6560,-0.078877,0.055712,0,73.06,30.87
115.6640,-0.062759,0.071545,0,73.06,30.87
115.6720,-0.045177,0.086697,0,73.06,30.87
115.6800,-0.031013,0.097323,0,73.06,30.87
115.6880,-0.029548,0.100414,0,73.06,30.87
115.6960,-0.038339,0.095123,0,73.06,30.87
115.7040,-0.055922,0.083149,0,73.06,30.87
115.7120,-0.077900,0.068046,0,73.06,30.87
115.7200,-0.096459,0.053774,0,73.06,30.87
115.7280,-0.108181,0.043127,0,73.06,30.87
115.7360,-0.114042,0.036768,0,73.06,30.87
115.7440,-0.115507,0.033213,0,73.06,30.87
115.7520,-0.114530,-0.126062,0,73.06,30.87
115.7600,-0.110623,-0.125379,0,73.06,30.87
115.7680,-0.101832,-0.121473,0,73.06,30.87
115.7760,-0.091087,-0.115261,0,73.06,30.87
115.7840,-0.076435,-0.107860,0,73.06,30.87
115.7920,-0.063736,-0.100376,0,73.06,30.87
115.8000,-0.052015,-0.093575,0,73.06,30.87
115.8080,-0.038828,-0.087679,0,73.06,30.87
115.8160,-0.029548,-0.082329,0,73.06,30.87
115.8240,-0.021734,-0.076778,0,73.06,30.87
115.8320,-0.006105,-0.070423,0,73.06,30.87
115.8400,0.009524,-0.063241,0,73.06,30.87
115.8480,0.022222,-0.055644,0,73.06,30.87
115.8560,0.027106,0.171046,0,73.06,30.87
115.8640,0.023687,0.167819,0,73.06,30.87
115.8720,0.007570,0.155323,0,73.06,30.87
115.8800,-0.024176,0.135885,0,73.06,30.87
115.8880,-0.055433,0.113755,0,73.06,30.87
115.8960,-0.078388,0.093332,0,73.06,30.87
115.9040,-0.095971,0.077553,0,73.06,30.87
115.9120,-0.106716,0.067439,0,73.06,30.87
115.9200,-0.115018,0.062572,0,73.06,30.87
115.9280,-0.117949,0.061849,0,73.06,30.87
115.9360,-0.122344,0.064107,0,73.06,30.87
115.9440,-0.123321,0.068360,0,73.06,30.87
115.9520,-0.121856,0.073691,0,73.06,30.87
115.9600,-0.115995,-0.038821,0,73.06,30.87
115.9680,-0.101832,-0.027538,0,73.06,30.87
115.9760,-0.088156,-0.015031,0,73.06,30.87
115.9840,-0.075458,-0.003942,0,73.06,30.87
115.9920,-0.068620,0.003280,0,73.06,30.87
116.0000,-0.067643,0.005181,0,73.06,30.87
116.0080,-0.070574,0.001769,0,73.06,30.87
116.0160,-0.080830,-0.005370,0,73.06,30.87
116.0240,-0.091087,-0.013390,0,73.06,30.87
116.0320,-0.099878,-0.019048,0,73.06,30.87
116.0400,-0.101343,-0.019916,0,73.06,30.87
116.0480,-0.094994,-0.015488,0,73.06,30.87
116.0560,-0.079853,-0.007597,0,73.06,30.87
116.0640,-0.054457,0.070830,0,73.06,30.87
116.0720,-0.028571,0.096120,0,73.06,30.87
116.0800,-0.007082,0.118558,0,73.06,30.87
116.0880,0.008059,0.133837,0,73.06,30.87
116.0960,0.010501,0.139214,0,73.06,30.87
116.1040,-0.000244,0.134240,0,73.06,30.87
116.1120,-0.019780,0.120827,0,73.06,30.87
116.1200,-0.045177,0.102615,0,73.06,30.87
116.1280,-0.069109,0.083899,0,73.06,30.87
116.1360,-0.091087,0.068536,0,73.06,30.87
116.1440,-0.108669,0.059006,0,73.06,30.87
116.1520,-0.117460,0.055632,0,73.06,30.87
116.1600,-0.115995,0.056239,0,73.06,30.87
116.1680,-0.101343,-0.065847,0,73.06,30.87
116.1760,-0.083272,-0.048312,0,73.06,30.87
116.1840,-0.059341,-0.028891,0,73.06,30.87
116.1920,-0.038828,-0.011741,0,73.06,30.87
116.2000,-0.026129,0.000014,0,73.06,30.87
116.2080,-0.020757,0.005067,0,73.06,30.87
116.2160,-0.020757,0.004012,0,73.06,30.87
116.2240,-0.024176,-0.001092,0,73.06,30.87
116.2320,-0.031990,-0.007426,0,73.06,30.87
116.2400,-0.036874,-0.012365,0,73.06,30.87
116.2480,-0.030525,-0.014514,0,73.06,30.87
116.2560,-0.023199,-0.014083,0,73.06,30.87
116.2640,-0.019780,-0.012273,0,73.06,30.87
116.2720,-0.015873,-0.015624,0,73.06,30.87
116.2800,-0.014896,-0.017841,0,73.06,30.87
116.2880,-0.017827,-0.023303,0,73.06,30.87
116.2960,-0.023687,-0.031973,0,73.06,30.87
116.3040,-0.033455,-0.042898,0,73.06,30.87
116.3120,-0.041758,-0.054296,0,73.06,30.87
116.3200,-0.052015,-0.063840,0,73.06,30.87
116.3280,-0.054457,-0.069169,0,73.06,30.87
116.3360,-0.051526,-0.068537,0,73.06,30.87
116.3440,-0.037363,-0.061284,0,73.06,30.87
116.3520,-0.022711,-0.047867,0,73.06,30.87
116.3600,-0.001221,-0.029667,0,73.06,30.87
116.3680,0.023687,-0.008830,0,73.06,30.87
116.3760,0.041758,0.054965,0,73.06,30.87
116.3840,0.053968,0.064643,0,73.06,30.87
116.3920,0.052991,0.065817,0,73.06,30.87
116.4000,0.041270,0.059135,0,73.06,30.87
116.4080,0.026129,0.047184,0,73.06,30.87
116.4160,0.010989,0.033490,0,73.06,30.87
116.4240,-0.003175,0.021398,0,73.06,30.87
116.4320,-0.008059,0.013225,0,73.06,30.87
116.4400,-0.007570,0.009906,0,73.06,30.87
116.4480,-0.004640,0.011222,0,73.06,30.87
116.4560,0.002686,0.016297,0,73.06,30.87
116.4640,0.013431,0.023937,0,73.06,30.87
116.4720,0.023199,0.032843,0,73.06,30.87
116.4800,0.030525,0.127257,0,73.06,30.87
116.4880,0.036874,0.133421,0,73.06,30.87
116.4960,0.033944,0.133953,0,73.06,30.87
116.5040,0.023687,0.128446,0,73.06,30.87
116.5120,0.006593,0.117888,0,73.06,30.87
116.5200,-0.013919,0.104355,0,73.06,30.87
116.5280,-0.031502,0.090308,0,73.06,30.87
116.5360,-0.049573,0.077904,0,73.06,30.87
116.5440,-0.062271,0.068559,0,73.06,30.87
116.5520,-0.070574,0.062802,0,73.06,30.87
116.5600,-0.077411,0.060413,0,73.06,30.87
116.5680,-0.085226,0.060696,0,73.06,30.87
116.5760,-0.085714,0.062541,0,73.06,30.87
116.5840,-0.085226,-0.040071,0,73.06,30.87
116.5920,-0.082295,-0.039884,0,73.06,30.87
116.6000,-0.083272,-0.041209,0,73.06,30.87
116.6080,-0.087668,-0.044429,0,73.06,30.87
116.6160,-0.097436,-0.048656,0,73.06,30.87
116.6240,-0.102320,-0.052192,0,73.06,30.87
116.6320,-0.102808,-0.053450,0,73.06,30.87
116.6400,-0.101343,-0.051630,0,73.06,30.87
116.6480,-0.095971,-0.046886,0,73.06,30.87
116.6560,-0.088645,-0.040182,0,73.06,30.87
116.6640,-0.079853,-0.032891,0,73.06,30.87
116.6720,-0.073016,-0.026130,0,73.06,30.87
116.6800,-0.074969,-0.020090,0,73.06,30.87
116.6880,-0.084737,-0.084365,0,73.06,30.87
116.6960,-0.096459,-0.094609,0,73.06,30.87
116.7040,-0.106716,-0.105461,0,73.06,30.87
116.7120,-0.116484,-0.114056,0,73.06,30.87
116.7200,-0.119902,-0.117817,0,73.06,30.87
116.7280,-0.117949,-0.115074,0,73.06,30.87
116.7360,-0.107692,-0.105671,0,73.06,30.87
116.7440,-0.087179,-0.091335,0,73.06,30.87
116.7520,-0.066667,-0.075367,0,73.06,30.87
116.7600,-0.047619,-0.061539,0,73.06,30.87
116.7680,-0.037363,-0.052671,0,73.06,30.87
116.7760,-0.031990,-0.049462,0,73.06,30.87
116.7840,-0.040293,-0.050039,0,73.06,30.87
116.7920,-0.057387,0.070103,0,73.06,30.87
116.8000,-0.078877,0.054244,0,73.06,30.87
116.8080,-0.102808,0.037147,0,73.06,30.87
116.8160,-0.125275,0.022813,0,73.06,30.87
116.8240,-0.137973,0.014224,0,73.06,30.87
116.8320,-0.141880,0.012364,0,73.06,30.87
116.8400,-0.136996,0.015929,0,73.06,30.87
116.8480,-0.131136,0.021949,0,73.06,30.87
116.8560,-0.124298,0.027054,0,73.06,30.87
116.8640,-0.127228,0.028868,0,73.06,30.87
116.8720,-0.136996,0.026845,0,73.06,30.87
116.8800,-0.148230,0.021993,0,73.06,30.87
116.8880,-0.153602,0.015843,0,73.06,30.87
116.8960,-0.146764,-0.975549,0,73.06,30.87
116.9040,-0.123321,-0.995334,0,73.06,30.87
116.9120,-0.082784,-1.000000,0,73.06,30.87
116.9200,-0.028571,-0.988355,0,73.06,30.87
116.9280,0.040781,-0.960156,0,73.06,30.87
116.9360,0.130647,-0.916216,0,73.06,30.87
116.9440,0.235653,-0.858768,0,73.06,30.87
116.9520,0.353358,-0.791486,0,73.06,30.87
116.9600,0.474481,-0.718985,0,73.06,30.87
116.9680,0.598535,-0.646063,0,73.06,30.87
116.9760,0.724542,-0.576862,0,73.06,30.87
116.9840,0.846642,-0.513600,0,73.06,30.87
116.9920,0.940415,-0.455181,0,73.06,30.87
117.0000,0.964835,1.000000,1,73.06,30.87
117.0080,0.882295,0.967600,1,73.06,30.87
117.0160,0.713797,0.887421,0,73.06,30.87
117.0240,0.520879,0.772493,0,73.06,30.87
117.0320,0.314774,0.640120,0,73.06,30.87
117.0400,0.109158,0.507940,0,73.06,30.87
117.0480,-0.086691,0.392063,0,73.06,30.87
117.0560,-0.240537,0.305809,0,73.06,30.87
117.0640,-0.336264,0.258023,0,73.06,30.87
117.0720,-0.373382,0.251627,0,73.06,30.87
117.0800,-0.359707,0.283267,0,73.06,30.87
117.0880,-0.305006,0.344005,0,73.06,30.87
117.0960,-0.226862,0.420695,0,73.06,30.87
117.1040,-0.144811,0.005795,0,73.06,30.87
117.1120,-0.069597,0.083622,0,73.06,30.87
117.1200,-0.017827,0.140327,0,73.06,30.87
117.1280,0.003175,0.169610,0,73.06,30.87
117.1360,-0.009035,0.171534,0,73.06,30.87
117.1440,-0.039316,0.151667,0,73.06,30.87
117.1520,-0.083272,0.118990,0,73.06,30.87
117.1600,-0.127717,0.083463,0,73.06,30.87
117.1680,-0.164835,0.053857,0,73.06,30.87
117.1760,-0.188278,0.036177,0,73.06,30.87
117.1840,-0.197558,0.032774,0,73.06,30.87
117.1920,-0.193651,0.042079,0,73.06,30.87
117.2000,-0.174115,0.058915,0,73.06,30.87
117.2080,-0.148230,-0.169448,0,73.06,30.87
117.2160,-0.116972,-0.144879,0,73.06,30.87
117.2240,-0.092552,-0.120855,0,73.06,30.87
117.2320,-0.076923,-0.099759,0,73.06,30.87
117.2400,-0.061783,-0.082236,0,73.06,30.87
117.2480,-0.055433,-0.067843,0,73.06,30.87
117.2560,-0.054457,-0.055919,0,73.06,30.87
117.2640,-0.052015,-0.046410,0,73.06,30.87
117.2720,-0.055433,-0.040216,0,73.06,30.87
117.2800,-0.069109,-0.038608,0,73.06,30.87
117.2880,-0.094994,-0.042147,0,73.06,30.87
117.2960,-0.132601,-0.050042,0,73.06,30.87
117.3040,-0.168742,-0.060379,0,73.06,30.87
117.3120,-0.187790,-0.055108,0,73.06,30.87
117.3200,-0.188278,-0.042943,0,73.06,30.87
117.3280,-0.177045,-0.023430,0,73.06,30.87
117.3360,-0.160928,-0.001870,0,73.06,30.87
117.3440,-0.145299,0.015517,0,73.06,30.87
117.3520,-0.133089,0.023734,0,73.06,30.87
117.3600,-0.136996,0.020887,0,73.06,30.87
117.3680,-0.152625,0.009121,0,73.06,30.87
117.3760,-0.170208,-0.006164,0,73.06,30.87
117.3840,-0.181929,-0.018635,0,73.06,30.87
117.3920,-0.185836,-0.023676,0,73.06,30.87
117.4000,-0.174603,-0.020274,0,73.06,30.87
117.4080,-0.157998,-0.011382,0,73.06,30.87
117.4160,-0.139438,-0.100982,0,73.06,30.87
117.4240,-0.125275,-0.090040,0,73.06,30.87
117.4320,-0.116972,-0.083195,0,73.06,30.87
117.4400,-0.116484,-0.081913,0,73.06,30.87
117.4480,-0.118437,-0.085538,0,73.06,30.87
117.4560,-0.127228,-0.091705,0,73.06,30.87
117.4640,-0.129670,-0.097251,0,73.06,30.87
117.4720,-0.125763,-0.099316,0,73.06,30.87
117.4800,-0.116972,-0.096096,0,73.06,30.87
117.4880,-0.101832,-0.087062,0,73.06,30.87
117.4960,-0.078877,-0.072892,0,73.06,30.87
117.5040,-0.053968,-0.055133,0,73.06,30.87
117.5120,-0.031013,-0.035653,0,73.06,30.87
117.5200,-0.019780,0.076925,0,73.06,30.87
117.5280,-0.021734,0.070593,0,73.06,30.87
117.5360,-0.046154,0.051495,0,73.06,30.87
117.5440,-0.083272,0.023994,0,73.06,30.87
117.5520,-0.119902,-0.004852,0,73.06,30.87
117.5600,-0.146764,-0.027941,0,73.06,30.87
117.5680,-0.157509,-0.040581,0,73.06,30.87
117.5760,-0.155067,-0.041613,0,73.06,30.87
117.5840,-0.145299,-0.033001,0,73.06,30.87
117.5920,-0.126252,-0.018537,0,73.06,30.87
117.6000,-0.106227,-0.002242,0,73.06,30.87
117.6080,-0.090598,0.013196,0,73.06,30.87
117.6160,-0.082295,0.027329,0,73.06,30.87
117.6240,-0.076435,0.032667,0,73.06,30.87
117.6320,-0.077411,0.031601,0,73.06,30.87
117.6400,-0.083272,0.027468,0,73.06,30.87
117.6480,-0.088645,0.022712,0,73.06,30.87
117.6560,-0.093529,0.019449,0,73.06,30.87
117.6640,-0.091087,0.018691,0,73.06,30.87
117.6720,-0.085714,0.020066,0,73.06,30.87
117.6800,-0.080342,0.022225,0,73.06,30.87
117.6880,-0.076435,0.023652,0,73.06,30.87
117.6960,-0.074969,0.023342,0,73.06,30.87
117.7040,-0.077411,0.021092,0,73.06,30.87
117.7120,-0.080342,0.017357,0,73.06,30.87
117.7200,-0.082784,0.012872,0,73.06,30.87
117.7280,-0.078877,-0.031858,0,73.06,30.87
117.7360,-0.073016,-0.030483,0,73.06,30.87
117.7440,-0.067155,-0.027792,0,73.06,30.87
117.7520,-0.060806,-0.024795,0,73.06,30.87
117.7600,-0.054457,-0.022317,0,73.06,30.87
117.7680,-0.051526,-0.020704,0,73.06,30.87
117.7760,-0.048107,-0.019767,0,73.06,30.87
117.7840,-0.045177,-0.018995,0,73.06,30.87
117.7920,-0.042247,-0.017894,0,73.06,30.87
117.8000,-0.038339,-0.016296,0,73.06,30.87
117.8080,-0.031013,-0.014467,0,73.06,30.87
117.8160,-0.028571,-0.012835,0,73.06,30.87
117.8240,-0.028571,-0.011523,0,73.06,30.87
117.8320,-0.030525,0.038374,0,73.06,30.87
117.8400,-0.033455,0.034942,0,73.06,30.87
117.8480,-0.039316,0.028892,0,73.06,30.87
117.8560,-0.047619,0.020844,0,73.06,30.87
117.8640,-0.056899,0.012053,0,73.06,30.87
117.8720,-0.066667,0.004155,0,73.06,30.87
117.8800,-0.070085,-0.001382,0,73.06,30.87
117.8880,-0.070085,-0.003775,0,73.06,30.87
117.8960,-0.066667,-0.003081,0,73.06,30.87
117.9040,-0.062759,0.000014,0,73.06,30.87
117.9120,-0.054457,0.004525,0,73.06,30.87
117.9200,-0.049084,0.009556,0,73.06,30.87
117.9280,-0.045665,0.014641,0,73.06,30.87
117.9360,-0.044200,0.026451,0,73.06,30.87
117.9440,-0.039316,0.029247,0,73.06,30.87
117.9520,-0.037851,0.031238,0,73.06,30.87
117.9600,-0.037363,0.032402,0,73.06,30.87
117.9680,-0.033944,0.032706,0,73.06,30.87
117.9760,-0.037851,0.032169,0,73.06,30.87
117.9840,-0.038828,0.030915,0,73.06,30.87
117.9920,-0.040781,0.029093,0,73.06,30.87
118.0000,-0.044200,0.026790,0,73.06,30.87
118.0080,-0.046642,0.024065,0,73.06,30.87
118.0160,-0.051038,0.021003,0,73.06,30.87
118.0240,-0.055433,0.017737,0,73.06,30.87
118.0320,-0.058852,0.014396,0,73.06,30.87
118.0400,-0.059829,0.020919,0,73.06,30.87
118.0480,-0.060806,0.019311,0,73.06,30.87
118.0560,-0.062271,0.017100,0,73.06,30.87
118.0640,-0.067643,0.014020,0,73.06,30.87
118.0720,-0.076435,0.010366,0,73.06,30.87
118.0800,-0.079365,0.006716,0,73.06,30.87
118.0880,-0.082784,0.003517,0,73.06,30.87
118.0960,-0.086691,0.001061,0,73.06,30.87
118.1040,-0.091575,-0.000315,0,73.06,30.87
118.1120,-0.094017,-0.000262,0,73.06,30.87
118.1200,-0.093529,0.001330,0,73.06,30.87
118.1280,-0.092552,0.004193,0,73.06,30.87
118.1360,-0.091087,0.007768,0,73.06,30.87
118.1440,-0.089133,0.044827,0,73.06,30.87
118.1520,-0.084737,0.051612,0,73.06,30.87
118.1600,-0.079365,0.057522,0,73.06,30.87
118.1680,-0.079365,0.061483,0,73.06,30.87
118.1760,-0.082784,0.062821,0,73.06,30.87
118.1840,-0.085714,0.061348,0,73.06,30.87
118.1920,-0.093040,0.057270,0,73.06,30.87
118.2000,-0.101343,0.051185,0,73.06,30.87
118.2080,-0.113553,0.044126,0,73.06,30.87
118.2160,-0.126252,0.037376,0,73.06,30.87
118.2240,-0.135043,0.031990,0,73.06,30.87
118.2320,-0.141880,0.028285,0,73.06,30.87
118.2400,-0.146764,0.025719,0,73.06,30.87
118.2480,-0.147253,-0.070725,0,73.06,30.87
118.2560,-0.145788,-0.069459,0,73.06,30.87
118.2640,-0.142857,-0.066198,0,73.06,30.87
118.2720,-0.138950,-0.061723,0,73.06,30.87
118.2800,-0.132601,-0.056821,0,73.06,30.87
118.2880,-0.127717,-0.052104,0,73.06,30.87
118.2960,-0.125763,-0.047761,0,73.06,30.87
118.3040,-0.125275,-0.043600,0,73.06,30.87
118.3120,-0.118926,-0.039501,0,73.06,30.87
118.3200,-0.114042,-0.035806,0,73.06,30.87
118.3280,-0.108669,-0.033149,0,73.06,30.87
118.3360,-0.108181,-0.031869,0,73.06,30.87
118.3440,-0.110134,-0.031592,0,73.06,30.87
118.3520,-0.114042,-0.025858,0,73.06,30.87
118.3600,-0.115995,-0.028405,0,73.06,30.87
118.3680,-0.116972,-0.030776,0,73.06,30.87
118.3760,-0.118437,-0.032566,0,73.06,30.87
118.3840,-0.118926,-0.033511,0,73.06,30.87
118.3920,-0.118437,-0.033429,0,73.06,30.87
118.4000,-0.116484,-0.032229,0,73.06,30.87
118.4080,-0.114530,-0.029953,0,73.06,30.87
118.4160,-0.109158,-0.026821,0,73.06,30.87
118.4240,-0.105739,-0.023238,0,73.06,30.87
118.4320,-0.100366,-0.019707,0,73.06,30.87
118.4400,-0.093529,-0.016648,0,73.06,30.87
118.4480,-0.094017,-0.014073,0,73.06,30.87
118.4560,-0.094994,0.004959,0,73.06,30.87
118.4640,-0.096947,0.004313,0,73.06,30.87
118.4720,-0.096947,0.003845,0,73.06,30.87
118.4800,-0.097924,0.004373,0,73.06,30.87
118.4880,-0.095971,0.006373,0,73.06,30.87
118.4960,-0.092063,0.009807,0,73.06,30.87
118.5040,-0.088156,0.014054,0,73.06,30.87
118.5120,-0.082295,0.017976,0,73.06,30.87
118.5200,-0.075946,0.020163,0,73.06,30.87
118.5280,-0.075458,0.019487,0,73.06,30.87
118.5360,-0.080342,0.015685,0,73.06,30.87
118.5440,-0.087179,0.009438,0,73.06,30.87
118.5520,-0.091575,0.001930,0,73.06,30.87
118.5600,-0.093529,-0.021534,0,73.06,30.87
118.5680,-0.094505,-0.027308,0,73.06,30.87
118.5760,-0.097924,-0.032644,0,73.06,30.87
118.5840,-0.101343,-0.037351,0,73.06,30.87
118.5920,-0.102808,-0.040907,0,73.06,30.87
118.6000,-0.104762,-0.042643,0,73.06,30.87
118.6080,-0.101343,-0.042063,0,73.06,30.87
118.6160,-0.096459,-0.039149,0,73.06,30.87
118.6240,-0.088645,-0.034438,0,73.06,30.87
118.6320,-0.080342,-0.028847,0,73.06,30.87
118.6400,-0.071551,-0.023323,0,73.06,30.87
118.6480,-0.065201,-0.018434,0,73.06,30.87
118.6560,-0.060806,-0.014117,0,73.06,30.87
118.6640,-0.058852,0.032165,0,73.06,30.87
118.6720,-0.059341,0.028771,0,73.06,30.87
118.6800,-0.069597,0.022277,0,73.06,30.87
118.6880,-0.078388,0.014280,0,73.06,30.87
118.6960,-0.086691,0.006739,0,73.06,30.87
118.7040,-0.092552,0.001209,0,73.06,30.87
118.7120,-0.092063,-0.001649,0,73.06,30.87
118.7200,-0.090598,-0.002084,0,73.06,30.87
118.7280,-0.089133,-0.000802,0,73.06,30.87
118.7360,-0.087179,0.001519,0,73.06,30.87
118.7440,-0.085714,0.004424,0,73.06,30.87
118.7520,-0.080830,0.007621,0,73.06,30.87
118.7600,-0.078877,0.010921,0,73.06,30.87
118.7680,-0.076923,0.004526,0,73.06,30.87
118.7760,-0.073504,0.006936,0,73.06,30.87
118.7840,-0.071551,0.009187,0,73.06,30.87
118.7920,-0.069597,0.011188,0,73.06,30.87
118.8000,-0.066667,0.012737,0,73.06,30.87
118.8080,-0.065201,0.013553,0,73.06,30.87
118.8160,-0.065201,0.013454,0,73.06,30.87
118.8240,-0.067643,0.012496,0,73.06,30.87
118.8320,-0.068620,0.010932,0,73.06,30.87
118.8400,-0.070574,0.009086,0,73.06,30.87
118.8480,-0.073016,0.007261,0,73.06,30.87
118.8560,-0.074481,0.005659,0,73.06,30.87
118.8640,-0.074481,0.004265,0,73.06,30.87
118.8720,-0.072039,-0.001894,0,73.06,30.87
118.8800,-0.070085,-0.000319,0,73.06,30.87
118.8880,-0.065690,0.001474,0,73.06,30.87
118.8960,-0.064713,0.002971,0,73.06,30.87
118.9040,-0.062759,0.003861,0,73.06,30.87
118.9120,-0.061783,0.004063,0,73.06,30.87
118.9200,-0.061783,0.003676,0,73.06,30.87
118.9280,-0.062271,0.002913,0,73.06,30.87
118.9360,-0.061783,0.002028,0,73.06,30.87
118.9440,-0.063736,0.001274,0,73.06,30.87
118.9520,-0.063736,0.000849,0,73.06,30.87
118.9600,-0.063736,0.000810,0,73.06,30.87
118.9680,-0.063248,0.001022,0,73.06,30.87
118.9760,-0.066667,-0.000035,0,73.06,30.87
118.9840,-0.070085,-0.001557,0,73.06,30.87
118.9920,-0.069597,-0.002614,0,73.06,30.87
119.0000,-0.069109,-0.002950,0,73.06,30.87
119.0080,-0.068620,-0.002555,0,73.06,30.87
119.0160,-0.066667,-0.001593,0,73.06,30.87
119.0240,-0.064713,-0.000357,0,73.06,30.87
119.0320,-0.062759,0.000778,0,73.06,30.87
119.0400,-0.060806,0.001461,0,73.06,30.87
119.0480,-0.060806,0.001490,0,73.06,30.87
119.0560,-0.061294,0.000882,0,73.06,30.87
119.0640,-0.062271,-0.000177,0,73.06,30.87
119.0720,-0.062759,-0.001451,0,73.06,30.87
119.0800,-0.061783,-0.003026,0,73.06,30.87
119.0880,-0.059341,-0.003042,0,73.06,30.87
119.0960,-0.059829,-0.003227,0,73.06,30.87
119.1040,-0.061294,-0.003666,0,73.06,30.87
119.1120,-0.061294,-0.004241,0,73.06,30.87
119.1200,-0.061294,-0.004792,0,73.06,30.87
119.1280,-0.061294,-0.005176,0,73.06,30.87
119.1360,-0.061294,-0.005246,0,73.06,30.87
119.1440,-0.061783,-0.004868,0,73.06,30.87
119.1520,-0.059829,-0.004047,0,73.06,30.87
119.1600,-0.056410,-0.003007,0,73.06,30.87
119.1680,-0.054945,-0.002041,0,73.06,30.87
119.1760,-0.054945,-0.001237,0,73.06,30.87
119.1840,-0.056899,-0.017818,0,73.06,30.87
119.1920,-0.059829,-0.021094,0,73.06,30.87
119.2000,-0.062759,-0.024464,0,73.06,30.87
119.2080,-0.064713,-0.027131,0,73.06,30.87
119.2160,-0.065690,-0.028469,0,73.06,30.87
119.2240,-0.063736,-0.028206,0,73.06,30.87
119.2320,-0.060806,-0.026504,0,73.06,30.87
119.2400,-0.055433,-0.023846,0,73.06,30.87
119.2480,-0.052991,-0.020806,0,73.06,30.87
119.2560,-0.047619,-0.017860,0,73.06,30.87
119.2640,-0.044689,-0.015297,0,73.06,30.87
119.2720,-0.041270,-0.013186,0,73.06,30.87
119.2800,-0.038828,-0.011377,0,73.06,30.87
119.2880,-0.034921,-0.065438,0,73.06,30.87
119.2960,-0.032967,-0.066235,0,73.06,30.87
119.3040,-0.030037,-0.067056,0,73.06,30.87
119.3120,-0.024176,-0.067883,0,73.06,30.87
119.3200,-0.022222,-0.068651,0,73.06,30.87
119.3280,-0.018315,-0.069030,0,73.06,30.87
119.3360,-0.015385,-0.068402,0,73.06,30.87
119.3440,-0.009035,-0.066070,0,73.06,30.87
119.3520,-0.002198,-0.061589,0,73.06,30.87
119.3600,0.011477,-0.055050,0,73.06,30.87
119.3680,0.024176,-0.047078,0,73.06,30.87
119.3760,0.039316,-0.038478,0,73.06,30.87
119.3840,0.049573,-0.029787,0,73.06,30.87
119.3920,0.054945,0.083391,0,73.06,30.87
119.4000,0.055433,0.085659,0,73.06,30.87
119.4080,0.054945,0.084101,0,73.06,30.87
119.4160,0.048596,0.079494,0,73.06,30.87
119.4240,0.041758,0.072882,0,73.06,30.87
119.4320,0.034432,0.065293,0,73.06,30.87
119.4400,0.029060,0.057559,0,73.06,30.87
119.4480,0.021245,0.050379,0,73.06,30.87
119.4560,0.014408,0.044477,0,73.06,30.87
119.4640,0.009035,0.040513,0,73.06,30.87
119.4720,0.008547,0.038787,0,73.06,30.87
119.4800,0.008547,0.039019,0,73.06,30.87
119.4880,0.010989,0.040397,0,73.06,30.87
119.4960,0.010501,0.081213,0,73.06,30.87
119.5040,0.005128,0.076385,0,73.06,30.87
119.5120,-0.009524,0.067532,0,73.06,30.87
119.5200,-0.024664,0.055875,0,73.06,30.87
119.5280,-0.039805,0.043446,0,73.06,30.87
119.5360,-0.054457,0.032322,0,73.06,30.87
119.5440,-0.063736,0.024036,0,73.06,30.87
119.5520,-0.070574,0.019276,0,73.06,30.87
119.5600,-0.072527,0.017909,0,73.06,30.87
119.5680,-0.074481,0.019246,0,73.06,30.87
119.5760,-0.072527,0.022373,0,73.06,30.87
119.5840,-0.071551,0.026445,0,73.06,30.87
119.5920,-0.071551,0.030892,0,73.06,30.87
119.6000,-0.074481,-0.026559,0,73.06,30.87
119.6080,-0.077900,-0.028675,0,73.06,30.87
119.6160,-0.083272,-0.031040,0,73.06,30.87
119.6240,-0.085714,-0.032791,0,73.06,30.87
119.6320,-0.088156,-0.033339,0,73.06,30.87
119.6400,-0.086691,-0.032589,0,73.06,30.87
119.6480,-0.085714,-0.030885,0,73.06,30.87
119.6560,-0.084737,-0.028721,0,73.06,30.87
119.6640,-0.085226,-0.026442,0,73.06,30.87
119.6720,-0.085714,-0.024140,0,73.06,30.87
119.6800,-0.087179,-0.021751,0,73.06,30.87
119.6880,-0.086203,-0.019233,0,73.06,30.87
119.6960,-0.087668,-0.016626,0,73.06,30.87
119.7040,-0.089133,-0.023354,0,73.06,30.87
119.7120,-0.090598,-0.021110,0,73.06,30.87
119.7200,-0.090110,-0.018186,0,73.06,30.87
119.7280,-0.088645,-0.014726,0,73.06,30.87
119.7360,-0.086691,-0.011180,0,73.06,30.87
119.7440,-0.086203,-0.008129,0,73.06,30.87
119.7520,-0.085714,-0.006063,0,73.06,30.87
119.7600,-0.087668,-0.005202,0,73.06,30.87
119.7680,-0.090598,-0.005428,0,73.06,30.87
119.7760,-0.094505,-0.006351,0,73.06,30.87
119.7840,-0.098901,-0.007514,0,73.06,30.87
119.7920,-0.101343,-0.008613,0,73.06,30.87
119.8000,-0.104762,-0.009599,0,73.06,30.87
119.8080,-0.102808,-0.093685,0,73.06,30.87
119.8160,-0.103785,-0.096321,0,73.06,30.87
119.8240,-0.103297,-0.100706,0,73.06,30.87
119.8320,-0.106716,-0.108121,0,73.06,30.87
119.8400,-0.113553,-0.119114,0,73.06,30.87
119.8480,-0.122833,-0.132938,0,73.06,30.87
119.8560,-0.134066,-0.147202,0,73.06,30.87
119.8640,-0.146764,-0.157930,0,73.06,30.87
119.8720,-0.148718,-0.160356,0,73.06,30.87
119.8800,-0.138950,-0.150369,0,73.06,30.87
119.8880,-0.114530,-0.126110,0,73.06,30.87
119.8960,-0.070574,-0.089156,0,73.06,30.87
119.9040,-0.016361,-0.044712,0,73.06,30.87
119.9120,0.056410,-0.270016,0,73.06,30.87
119.9200,0.146276,-0.193160,0,73.06,30.87
119.9280,0.249817,-0.098753,0,73.06,30.87
119.9360,0.374847,0.011635,0,73.06,30.87
119.9440,0.498901,0.133961,0,73.06,30.87
119.9520,0.628816,0.260014,0,73.06,30.87
119.9600,0.770452,0.375337,0,73.06,30.87
119.9680,0.898901,0.459087,1,73.06,30.87
119.9760,0.971673,0.488554,1,73.06,30.87
119.9840,0.959951,0.447459,1,73.06,30.87
119.9920,0.849573,0.333510,0,73.06,30.87
120.0000,0.678144,0.160629,0,73.06,30.87
120.0080,0.492552,-0.044884,0,73.06,30.87
