time_s,raw_normalised,filtered,r_peak,bpm,hrv_ms
0.0000,-0.113553,-0.478072,0,NaN,NaN
0.0080,-0.115507,-0.708418,0,NaN,NaN
0.0160,-0.116972,-0.890873,0,NaN,NaN
0.0240,-0.116972,-0.992013,0,NaN,NaN
0.0320,-0.116484,-1.000000,0,NaN,NaN
0.0400,-0.115507,-0.920571,0,NaN,NaN
0.0480,-0.114530,-0.772467,0,NaN,NaN
0.0560,-0.111600,-0.588717,0,NaN,NaN
0.0640,-0.109646,-0.414806,0,NaN,NaN
0.0720,-0.107692,-0.295535,1,NaN,NaN
0.0800,-0.107692,-0.259045,1,NaN,NaN
0.0880,-0.106227,-0.307356,0,NaN,NaN
0.0960,-0.108181,-0.411151,0,NaN,NaN
0.1040,-0.110623,-0.865191,0,NaN,NaN
0.1120,-0.111600,-0.914762,0,NaN,NaN
0.1200,-0.109158,-0.839220,0,NaN,NaN
0.1280,-0.105739,-0.642666,0,NaN,NaN
0.1360,-0.101343,-0.372865,0,NaN,NaN
0.1440,-0.098413,-0.099186,0,NaN,NaN
0.1520,-0.094017,0.107045,0,NaN,NaN
0.1600,-0.091087,0.191937,1,NaN,NaN
0.1680,-0.092552,0.143945,0,NaN,NaN
0.1760,-0.094994,0.003799,0,NaN,NaN
0.1840,-0.096459,-0.160092,0,NaN,NaN
0.1920,-0.098413,-0.294526,0,NaN,NaN
0.2000,-0.095971,-0.393163,0,NaN,NaN
0.2080,-0.094994,0.535155,0,NaN,NaN
0.2160,-0.093529,0.652279,0,NaN,NaN
0.2240,-0.092552,0.796041,0,NaN,NaN
0.2320,-0.088156,0.927283,0,NaN,NaN
0.2400,-0.086203,1.000000,0,NaN,NaN
0.2480,-0.086691,0.983515,0,NaN,NaN
0.2560,-0.088156,0.881056,0,NaN,NaN
0.2640,-0.091087,0.728021,0,NaN,NaN
0.2720,-0.093529,0.573906,0,NaN,NaN
0.2800,-0.094505,0.459073,0,NaN,NaN
0.2880,-0.094017,0.399490,0,NaN,NaN
0.2960,-0.094017,0.387499,0,NaN,NaN
0.3040,-0.093040,0.401793,0,NaN,NaN
0.3120,-0.089133,0.461167,0,NaN,NaN
0.3200,-0.088156,0.511847,0,NaN,NaN
0.3280,-0.087668,0.487577,0,NaN,NaN
0.3360,-0.088645,0.394599,0,NaN,NaN
0.3440,-0.090598,0.272299,0,NaN,NaN
0.3520,-0.090598,0.170790,0,NaN,NaN
0.3600,-0.091087,0.125801,0,NaN,NaN
0.3680,-0.089133,0.144482,0,NaN,NaN
0.3760,-0.088156,0.205990,0,NaN,NaN
0.3840,-0.085714,0.273364,0,NaN,NaN
0.3920,-0.084737,0.311511,0,NaN,NaN
0.4000,-0.084249,0.304887,0,NaN,NaN
0.4080,-0.084737,0.265754,0,NaN,NaN
0.4160,-0.085714,0.367351,0,NaN,NaN
0.4240,-0.088156,0.162454,0,NaN,NaN
0.4320,-0.091087,-0.010093,0,NaN,NaN
0.4400,-0.092063,-0.085243,0,NaN,NaN
0.4480,-0.091575,-0.029861,0,NaN,NaN
0.4560,-0.087179,0.136932,0,NaN,NaN
0.4640,-0.085714,0.349944,0,NaN,NaN
0.4720,-0.080830,0.524156,0,NaN,NaN
0.4800,-0.079365,0.590222,0,NaN,NaN
0.4880,-0.082295,0.528556,0,NaN,NaN
0.4960,-0.085714,0.372803,0,NaN,NaN
0.5040,-0.086203,0.173353,0,NaN,NaN
0.5120,-0.087668,-0.037715,0,NaN,NaN
0.5200,-0.088156,0.418848,0,NaN,NaN
0.5280,-0.088645,0.438162,0,NaN,NaN
0.5360,-0.086203,0.517577,0,NaN,NaN
0.5440,-0.086203,0.626145,0,NaN,NaN
0.5520,-0.084737,0.728337,0,NaN,NaN
0.5600,-0.082784,0.795060,0,NaN,NaN
0.5680,-0.084737,0.815459,0,NaN,NaN
0.5760,-0.085714,0.799199,0,NaN,NaN
0.5840,-0.085714,0.758433,0,NaN,NaN
0.5920,-0.085714,0.689665,0,NaN,NaN
0.6000,-0.085714,0.578278,0,NaN,NaN
0.6080,-0.088645,0.418790,0,NaN,NaN
0.6160,-0.091087,0.227592,0,NaN,NaN
0.6240,-0.091575,-0.981322,0,NaN,NaN
0.6320,-0.091087,-1.000000,0,NaN,NaN
0.6400,-0.088156,-0.972201,0,NaN,NaN
0.6480,-0.086203,-0.909941,0,NaN,NaN
0.6560,-0.085714,-0.819700,0,NaN,NaN
0.6640,-0.084249,-0.702590,0,NaN,NaN
0.6720,-0.078877,-0.568541,0,NaN,NaN
0.6800,-0.075458,-0.442500,0,NaN,NaN
0.6880,-0.073016,-0.352288,0,NaN,NaN
0.6960,-0.072527,-0.313862,0,NaN,NaN
0.7040,-0.071551,-0.327222,0,NaN,NaN
0.7120,-0.073016,-0.379950,0,NaN,NaN
0.7200,-0.073016,-0.453222,0,NaN,NaN
0.7280,-0.075458,0.633319,0,NaN,NaN
0.7360,-0.076435,0.604296,0,NaN,NaN
0.7440,-0.076923,0.630477,0,NaN,NaN
0.7520,-0.074969,0.714045,0,NaN,NaN
0.7600,-0.070574,0.829574,0,NaN,NaN
0.7680,-0.070085,0.936787,0,NaN,NaN
0.7760,-0.068620,1.000000,1,NaN,NaN
0.7840,-0.069597,0.998438,0,NaN,NaN
0.7920,-0.070574,0.927614,0,NaN,NaN
0.8000,-0.073504,0.798261,0,NaN,NaN
0.8080,-0.077411,0.632316,0,NaN,NaN
0.8160,-0.080830,0.452949,0,NaN,NaN
0.8240,-0.082784,0.273011,0,NaN,NaN
0.8320,-0.083761,-0.086165,0,NaN,NaN
0.8400,-0.083272,-0.073052,0,NaN,NaN
0.8480,-0.082295,0.022269,0,NaN,NaN
0.8560,-0.080342,0.168699,0,NaN,NaN
0.8640,-0.077411,0.324790,0,NaN,NaN
0.8720,-0.076435,0.449960,0,NaN,NaN
0.8800,-0.075458,0.516701,0,NaN,NaN
0.8880,-0.075458,0.516533,0,NaN,NaN
0.8960,-0.076923,0.459831,0,NaN,NaN
0.9040,-0.079853,0.367651,0,NaN,NaN
0.9120,-0.078388,0.255754,0,NaN,NaN
0.9200,-0.080342,0.128623,0,NaN,NaN
0.9280,-0.082295,-0.009458,0,NaN,NaN
0.9360,-0.084737,-0.932630,0,NaN,NaN
0.9440,-0.084737,-0.984605,0,NaN,NaN
0.9520,-0.084249,-1.000000,0,NaN,NaN
0.9600,-0.082784,-0.977152,0,NaN,NaN
0.9680,-0.079853,-0.924265,0,NaN,NaN
0.9760,-0.074969,-0.859071,0,NaN,NaN
0.9840,-0.070574,-0.801949,0,NaN,NaN
0.9920,-0.070085,-0.763274,0,NaN,NaN
1.0000,-0.069597,-0.736256,0,NaN,NaN
1.0080,-0.068620,-0.703089,0,NaN,NaN
1.0160,-0.065690,-0.648102,0,NaN,NaN
1.0240,-0.061783,-0.567218,0,NaN,NaN
1.0320,-0.056899,-0.469510,0,NaN,NaN
1.0400,-0.052015,-0.914881,0,NaN,NaN
1.0480,-0.047131,-0.886831,0,NaN,NaN
1.0560,-0.044200,-0.867832,0,NaN,NaN
1.0640,-0.040293,-0.857955,0,NaN,NaN
1.0720,-0.038828,-0.853487,0,NaN,NaN
1.0800,-0.033944,-0.849042,0,NaN,NaN
1.0880,-0.030525,-0.838605,0,NaN,NaN
1.0960,-0.027595,-0.814888,0,NaN,NaN
1.1040,-0.022222,-0.770270,0,NaN,NaN
1.1120,-0.014896,-0.700348,0,NaN,NaN
1.1200,-0.007082,-0.606772,0,NaN,NaN
1.1280,0.005617,-0.496975,0,NaN,NaN
1.1360,0.013431,-0.380346,0,NaN,NaN
1.1440,0.018803,0.984876,0,NaN,NaN
1.1520,0.018315,1.000000,1,NaN,NaN
1.1600,0.013919,0.975787,1,NaN,NaN
1.1680,0.008059,0.925591,0,NaN,NaN
1.1760,0.003663,0.864958,0,NaN,NaN
1.1840,-0.003663,0.806376,0,NaN,NaN
1.1920,-0.007082,0.756066,0,NaN,NaN
1.2000,-0.008059,0.712954,0,NaN,NaN
1.2080,-0.012943,0.671623,0,NaN,NaN
1.2160,-0.016850,0.627121,0,NaN,NaN
1.2240,-0.021734,0.577112,0,NaN,NaN
1.2320,-0.025641,0.521589,0,NaN,NaN
1.2400,-0.031502,0.462646,0,NaN,NaN
1.2480,-0.038828,0.412948,0,NaN,NaN
1.2560,-0.047619,0.321271,0,NaN,NaN
1.2640,-0.055922,0.227381,0,NaN,NaN
1.2720,-0.064225,0.140820,0,NaN,NaN
1.2800,-0.070574,0.070996,0,NaN,NaN
1.2880,-0.076923,0.025173,0,NaN,NaN
1.2960,-0.079365,0.005944,0,NaN,NaN
1.3040,-0.078388,0.009139,0,NaN,NaN
1.3120,-0.076435,0.025113,0,NaN,NaN
1.3200,-0.075946,0.044054,0,NaN,NaN
1.3280,-0.077900,0.061169,0,NaN,NaN
1.3360,-0.079853,0.077023,0,NaN,NaN
1.3440,-0.078388,0.093391,0,NaN,NaN
1.3520,-0.080342,-0.486763,0,NaN,NaN
1.3600,-0.080830,-0.490813,0,NaN,NaN
1.3680,-0.082295,-0.484787,0,NaN,NaN
1.3760,-0.077900,-0.468754,0,NaN,NaN
1.3840,-0.076435,-0.446336,0,NaN,NaN
1.3920,-0.074969,-0.420802,0,NaN,NaN
1.4000,-0.074481,-0.391879,0,NaN,NaN
1.4080,-0.074481,-0.357029,0,NaN,NaN
1.4160,-0.071551,-0.316192,0,NaN,NaN
1.4240,-0.068132,-0.275704,0,NaN,NaN
1.4320,-0.063736,-0.246666,0,NaN,NaN
1.4400,-0.063736,-0.236925,0,NaN,NaN
1.4480,-0.070085,-0.242533,0,NaN,NaN
1.4560,-0.075946,-0.138565,0,NaN,NaN
1.4640,-0.082295,-0.182528,0,NaN,NaN
1.4720,-0.085714,-0.207689,0,NaN,NaN
1.4800,-0.088156,-0.202630,0,NaN,NaN
1.4880,-0.085714,-0.167304,0,NaN,NaN
1.4960,-0.082295,-0.113726,0,NaN,NaN
1.5040,-0.076923,-0.061708,0,NaN,NaN
1.5120,-0.074969,-0.029860,0,NaN,NaN
1.5200,-0.078388,-0.025977,0,NaN,NaN
1.5280,-0.084249,-0.043938,0,NaN,NaN
1.5360,-0.088156,-0.070070,0,NaN,NaN
1.5440,-0.091087,-0.093355,0,NaN,NaN
1.5520,-0.091087,-0.111531,0,NaN,NaN
1.5600,-0.088156,0.692914,0,NaN,NaN
1.5680,-0.085714,0.773941,0,NaN,NaN
1.5760,-0.079365,0.862974,0,NaN,NaN
1.5840,-0.074969,0.943105,0,NaN,NaN
1.5920,-0.070574,0.994466,0,NaN,NaN
1.6000,-0.072527,1.000000,1,NaN,NaN
1.6080,-0.082295,0.952043,0,NaN,NaN
1.6160,-0.094017,0.856202,0,NaN,NaN
1.6240,-0.114042,0.731057,0,NaN,NaN
1.6320,-0.132601,0.603545,0,NaN,NaN
1.6400,-0.150672,0.499627,0,NaN,NaN
1.6480,-0.162882,0.432170,0,NaN,NaN
1.6560,-0.162393,0.392214,0,NaN,NaN
1.6640,-0.148230,-0.989276,0,NaN,NaN
1.6720,-0.113553,-1.000000,0,NaN,NaN
1.6800,-0.062271,-0.993623,0,NaN,NaN
1.6880,0.008059,-0.969094,0,NaN,NaN
1.6960,0.093040,-0.926012,0,NaN,NaN
1.7040,0.200488,-0.865241,0,NaN,NaN
1.7120,0.331868,-0.789886,0,NaN,NaN
1.7200,0.466667,-0.705806,0,NaN,NaN
1.7280,0.604884,-0.621400,0,NaN,NaN
1.7360,0.743590,-0.546974,1,NaN,NaN
1.7440,0.888156,-0.492753,1,NaN,NaN
1.7520,1.000000,-0.463678,0,NaN,NaN
1.7600,1.000000,-0.453057,0,NaN,NaN
1.7680,0.935043,0.957947,0,NaN,NaN
1.7760,0.749451,0.866369,0,NaN,NaN
1.7840,0.562393,0.744135,0,NaN,NaN
1.7920,0.387546,0.612116,0,NaN,NaN
1.8000,0.226862,0.486868,0,NaN,NaN
1.8080,0.086203,0.379127,0,NaN,NaN
1.8160,-0.038828,0.295426,0,NaN,NaN
1.8240,-0.132112,0.239776,0,NaN,NaN
1.8320,-0.187302,0.213993,0,NaN,NaN
1.8400,-0.201465,0.217147,0,NaN,NaN
1.8480,-0.187302,0.245281,0,NaN,NaN
1.8560,-0.150672,0.291813,0,NaN,NaN
1.8640,-0.102320,0.348308,0,NaN,NaN
1.8720,-0.063248,-0.005202,0,NaN,NaN
1.8800,-0.038828,0.027554,0,NaN,NaN
1.8880,-0.028083,0.047033,0,NaN,NaN
1.8960,-0.031502,0.053642,0,NaN,NaN
1.9040,-0.039316,0.050289,0,NaN,NaN
1.9120,-0.054945,0.040942,0,NaN,NaN
1.9200,-0.070085,0.029534,0,NaN,NaN
1.9280,-0.083272,0.019227,0,NaN,NaN
1.9360,-0.093040,0.011993,0,NaN,NaN
1.9440,-0.096947,0.008493,0,NaN,NaN
1.9520,-0.096947,0.008279,0,NaN,NaN
1.9600,-0.095482,0.010273,0,NaN,NaN
1.9680,-0.095971,0.013333,0,NaN,NaN
1.9760,-0.093040,-0.232186,0,NaN,NaN
1.9840,-0.092552,-0.237412,0,NaN,NaN
1.9920,-0.093529,-0.242517,0,NaN,NaN
2.0000,-0.096459,-0.246739,0,NaN,NaN
2.0080,-0.098901,-0.248888,0,NaN,NaN
2.0160,-0.100855,-0.247692,0,NaN,NaN
2.0240,-0.101343,-0.242108,0,NaN,NaN
2.0320,-0.101343,-0.231497,0,NaN,NaN
2.0400,-0.100366,-0.215716,0,NaN,NaN
2.0480,-0.098901,-0.195210,0,NaN,NaN
2.0560,-0.094505,-0.171033,0,NaN,NaN
2.0640,-0.092063,-0.144578,0,NaN,NaN
2.0720,-0.090110,-0.117142,0,NaN,NaN
2.0800,-0.091575,-0.030203,0,NaN,NaN
2.0880,-0.093040,-0.016805,0,NaN,NaN
2.0960,-0.093529,-0.006991,0,NaN,NaN
2.1040,-0.094505,-0.000191,0,NaN,NaN
2.1120,-0.093529,0.004242,0,NaN,NaN
2.1200,-0.093040,0.006823,0,NaN,NaN
2.1280,-0.088645,0.007846,0,NaN,NaN
2.1360,-0.086691,0.007464,0,NaN,NaN
2.1440,-0.085714,0.005912,0,NaN,NaN
2.1520,-0.085714,0.003608,0,NaN,NaN
2.1600,-0.086691,0.001047,0,NaN,NaN
2.1680,-0.088645,-0.001415,0,NaN,NaN
2.1760,-0.089621,-0.003721,0,NaN,NaN
2.1840,-0.088156,-0.016722,0,NaN,NaN
2.1920,-0.085226,-0.015569,0,NaN,NaN
2.2000,-0.085714,-0.014327,0,NaN,NaN
2.2080,-0.084737,-0.013456,0,NaN,NaN
2.2160,-0.085714,-0.013117,0,NaN,NaN
2.2240,-0.085226,-0.013288,0,NaN,NaN
2.2320,-0.083272,-0.013869,0,NaN,NaN
2.2400,-0.083272,-0.014613,0,NaN,NaN
2.2480,-0.085714,-0.014992,0,NaN,NaN
2.2560,-0.083272,-0.014377,0,NaN,NaN
2.2640,-0.080342,-0.012421,0,NaN,NaN
2.2720,-0.075458,-0.009258,0,NaN,NaN
2.2800,-0.070574,-0.005408,0,NaN,NaN
2.2880,-0.067643,0.010518,0,NaN,NaN
2.2960,-0.061783,0.013196,0,NaN,NaN
2.3040,-0.059829,0.013970,0,NaN,NaN
2.3120,-0.062271,0.012698,0,NaN,NaN
2.3200,-0.063736,0.009936,0,NaN,NaN
2.3280,-0.068620,0.006714,0,NaN,NaN
2.3360,-0.070085,0.004079,0,NaN,NaN
2.3440,-0.070085,0.002651,0,NaN,NaN
2.3520,-0.066667,0.002456,0,NaN,NaN
2.3600,-0.066178,0.003163,0,NaN,NaN
2.3680,-0.064225,0.004448,0,NaN,NaN
2.3760,-0.063248,0.006118,0,NaN,NaN
2.3840,-0.059829,0.008005,0,NaN,NaN
2.3920,-0.060806,0.003972,0,NaN,NaN
2.4000,-0.059341,0.003876,0,NaN,NaN
2.4080,-0.059341,0.003906,0,NaN,NaN
2.4160,-0.057387,0.004469,0,NaN,NaN
2.4240,-0.055433,0.005882,0,NaN,NaN
2.4320,-0.054457,0.008260,0,NaN,NaN
2.4400,-0.049084,0.011311,0,NaN,NaN
2.4480,-0.043712,0.014228,0,NaN,NaN
2.4560,-0.040781,0.015938,0,NaN,NaN
2.4640,-0.039316,0.015571,0,NaN,NaN
2.4720,-0.041270,0.012842,0,NaN,NaN
2.4800,-0.046642,0.008155,0,NaN,NaN
2.4880,-0.050061,0.002397,0,NaN,NaN
2.4960,-0.051526,0.000347,0,NaN,NaN
2.5040,-0.049573,-0.001021,0,NaN,NaN
2.5120,-0.048107,-0.000922,0,NaN,NaN
2.5200,-0.047131,0.000385,0,NaN,NaN
2.5280,-0.045665,0.002500,0,NaN,NaN
2.5360,-0.038828,0.004739,0,NaN,NaN
2.5440,-0.035897,0.006177,0,NaN,NaN
2.5520,-0.032479,0.006121,0,NaN,NaN
2.5600,-0.036386,0.004625,0,NaN,NaN
2.5680,-0.038828,0.002520,0,NaN,NaN
2.5760,-0.040293,0.000848,0,NaN,NaN
2.5840,-0.038828,0.000174,0,NaN,NaN
2.5920,-0.035897,0.000278,0,NaN,NaN
2.6000,-0.033944,0.004049,0,NaN,NaN
2.6080,-0.031502,0.005508,0,NaN,NaN
2.6160,-0.030037,0.006506,0,NaN,NaN
2.6240,-0.028571,0.006694,0,NaN,NaN
2.6320,-0.027595,0.006012,0,NaN,NaN
2.6400,-0.030037,0.004763,0,NaN,NaN
2.6480,-0.030525,0.003500,0,NaN,NaN
2.6560,-0.030525,0.002708,0,NaN,NaN
2.6640,-0.028083,0.002536,0,NaN,NaN
2.6720,-0.027106,0.002809,0,NaN,NaN
2.6800,-0.024664,0.003228,0,NaN,NaN
2.6880,-0.024176,0.003578,0,NaN,NaN
2.6960,-0.023199,0.003822,0,NaN,NaN
2.7040,-0.021734,0.012950,0,NaN,NaN
2.7120,-0.021734,0.013476,0,NaN,NaN
2.7200,-0.020269,0.014138,0,NaN,NaN
2.7280,-0.017827,0.015044,0,NaN,NaN
2.7360,-0.017338,0.016303,0,NaN,NaN
2.7440,-0.016361,0.018043,0,NaN,NaN
2.7520,-0.014896,0.020247,0,NaN,NaN
2.7600,-0.010989,0.022486,0,NaN,NaN
2.7680,-0.009035,0.023878,0,NaN,NaN
2.7760,-0.007570,0.023361,0,NaN,NaN
2.7840,-0.008547,0.020161,0,NaN,NaN
2.7920,-0.014896,0.014284,0,NaN,NaN
2.8000,-0.023199,0.006724,0,NaN,NaN
2.8080,-0.033455,0.039855,0,NaN,NaN
2.8160,-0.039805,0.033899,0,NaN,NaN
2.8240,-0.045177,0.030153,0,NaN,NaN
2.8320,-0.047131,0.028911,0,NaN,NaN
2.8400,-0.046154,0.029563,0,NaN,NaN
2.8480,-0.044689,0.030878,0,NaN,NaN
2.8560,-0.045665,0.031565,0,NaN,NaN
2.8640,-0.048596,0.030807,0,NaN,NaN
2.8720,-0.053480,0.028468,0,NaN,NaN
2.8800,-0.058852,0.024957,0,NaN,NaN
2.8880,-0.065690,0.020902,0,NaN,NaN
2.8960,-0.070085,0.016801,0,NaN,NaN
2.9040,-0.074969,0.012829,0,NaN,NaN
2.9120,-0.079365,-0.002391,0,NaN,NaN
2.9200,-0.082784,-0.004641,0,NaN,NaN
2.9280,-0.085714,-0.006297,0,NaN,NaN
2.9360,-0.087179,-0.007669,0,NaN,NaN
2.9440,-0.090110,-0.008986,0,NaN,NaN
2.9520,-0.093529,-0.010181,0,NaN,NaN
2.9600,-0.098901,-0.010906,0,NaN,NaN
2.9680,-0.098413,-0.010847,0,NaN,NaN
2.9760,-0.099389,-0.010022,0,NaN,NaN
2.9840,-0.098901,-0.008716,0,NaN,NaN
2.9920,-0.100855,-0.007222,0,NaN,NaN
3.0000,-0.101343,-0.005683,0,NaN,NaN
3.0080,-0.102320,-0.004130,0,NaN,NaN
3.0160,-0.100855,-0.018187,0,NaN,NaN
3.0240,-0.098901,-0.016815,0,NaN,NaN
3.0320,-0.096947,-0.016823,0,NaN,NaN
3.0400,-0.104274,-0.018468,0,NaN,NaN
3.0480,-0.109158,-0.021145,0,NaN,NaN
3.0560,-0.114530,-0.023753,0,NaN,NaN
3.0640,-0.117460,-0.025300,0,NaN,NaN
3.0720,-0.118437,-0.025260,0,NaN,NaN
3.0800,-0.119414,-0.023601,0,NaN,NaN
3.0880,-0.116972,-0.020641,0,NaN,NaN
3.0960,-0.116972,-0.016826,0,NaN,NaN
3.1040,-0.114042,-0.012554,0,NaN,NaN
3.1120,-0.112576,-0.008103,0,NaN,NaN
3.1200,-0.114530,-0.028844,0,NaN,NaN
3.1280,-0.114042,-0.026514,0,NaN,NaN
3.1360,-0.109646,-0.023545,0,NaN,NaN
3.1440,-0.106716,-0.020177,0,NaN,NaN
3.1520,-0.102320,-0.016940,0,NaN,NaN
3.1600,-0.102808,-0.014273,0,NaN,NaN
3.1680,-0.101343,-0.012359,0,NaN,NaN
3.1760,-0.099878,-0.011217,0,NaN,NaN
3.1840,-0.099878,-0.010760,0,NaN,NaN
3.1920,-0.101832,-0.010766,0,NaN,NaN
3.2000,-0.101343,-0.010952,0,NaN,NaN
3.2080,-0.101343,-0.011145,0,NaN,NaN
3.2160,-0.101343,-0.011317,0,NaN,NaN
3.2240,-0.099878,-0.003213,0,NaN,NaN
3.2320,-0.097924,-0.000645,0,NaN,NaN
3.2400,-0.094994,0.002300,0,NaN,NaN
3.2480,-0.090110,0.004844,0,NaN,NaN
3.2560,-0.087179,0.006157,0,NaN,NaN
3.2640,-0.089133,0.005865,0,NaN,NaN
3.2720,-0.091087,0.004316,0,NaN,NaN
3.2800,-0.094505,0.002366,0,NaN,NaN
3.2880,-0.095971,0.000864,0,NaN,NaN
3.2960,-0.094017,0.000223,0,NaN,NaN
3.3040,-0.093040,0.000348,0,NaN,NaN
3.3120,-0.092063,0.000914,0,NaN,NaN
3.3200,-0.091575,0.001642,0,NaN,NaN
3.3280,-0.092063,-0.002588,0,NaN,NaN
3.3360,-0.090110,-0.002766,0,NaN,NaN
3.3440,-0.088156,-0.003404,0,NaN,NaN
3.3520,-0.092063,-0.004328,0,NaN,NaN
3.3600,-0.091087,-0.005047,0,NaN,NaN
3.3680,-0.091087,-0.005048,0,NaN,NaN
3.3760,-0.088645,-0.004115,0,NaN,NaN
3.3840,-0.085714,-0.002441,0,NaN,NaN
3.3920,-0.082295,-0.000569,0,NaN,NaN
3.4000,-0.078388,0.000818,0,NaN,NaN
3.4080,-0.077411,0.001198,0,NaN,NaN
3.4160,-0.077411,0.000485,0,NaN,NaN
3.4240,-0.078388,-0.000927,0,NaN,NaN
3.4320,-0.083272,0.012790,0,NaN,NaN
3.4400,-0.088645,0.007287,0,NaN,NaN
3.4480,-0.094505,0.001744,0,NaN,NaN
3.4560,-0.098901,-0.002825,0,NaN,NaN
3.4640,-0.100855,-0.005736,0,NaN,NaN
3.4720,-0.101343,-0.006766,0,NaN,NaN
3.4800,-0.100855,-0.006122,0,NaN,NaN
3.4880,-0.098901,-0.004341,0,NaN,NaN
3.4960,-0.094994,-0.002185,0,NaN,NaN
3.5040,-0.093040,-0.000397,0,NaN,NaN
3.5120,-0.092552,0.000603,0,NaN,NaN
3.5200,-0.093529,0.000852,0,NaN,NaN
3.5280,-0.093040,0.000686,0,NaN,NaN
3.5360,-0.092063,-0.006492,0,NaN,NaN
3.5440,-0.092063,-0.007496,0,NaN,NaN
3.5520,-0.093529,-0.008710,0,NaN,NaN
3.5600,-0.096947,-0.009825,0,NaN,NaN
3.5680,-0.096459,-0.010606,0,NaN,NaN
3.5760,-0.094505,-0.011170,0,NaN,NaN
3.5840,-0.093529,-0.011874,0,NaN,NaN
3.5920,-0.094505,-0.012845,0,NaN,NaN
3.6000,-0.096947,-0.013676,0,NaN,NaN
3.6080,-0.097924,-0.013580,0,NaN,NaN
3.6160,-0.095971,-0.011884,0,NaN,NaN
3.6240,-0.092552,-0.008481,0,NaN,NaN
3.6320,-0.086203,-0.003978,0,NaN,NaN
3.6400,-0.083761,0.011588,0,NaN,NaN
3.6480,-0.077411,0.016324,0,NaN,NaN
3.6560,-0.074481,0.019818,0,NaN,NaN
3.6640,-0.072527,0.021537,0,NaN,NaN
3.6720,-0.073504,0.021423,0,NaN,NaN
3.6800,-0.077411,0.019897,0,NaN,NaN
3.6880,-0.078877,0.017590,0,NaN,NaN
3.6960,-0.080342,0.015049,0,NaN,NaN
3.7040,-0.084249,0.012696,0,NaN,NaN
3.7120,-0.086691,0.010890,0,NaN,NaN
3.7200,-0.088156,0.009852,0,NaN,NaN
3.7280,-0.088645,0.009544,0,NaN,NaN
3.7360,-0.088645,0.009674,0,NaN,NaN
3.7440,-0.086203,0.000636,0,NaN,NaN
3.7520,-0.084737,0.001933,0,NaN,NaN
3.7600,-0.084249,0.002965,0,NaN,NaN
3.7680,-0.082784,0.003444,0,NaN,NaN
3.7760,-0.082784,0.003244,0,NaN,NaN
3.7840,-0.083272,0.002426,0,NaN,NaN
3.7920,-0.084249,0.001241,0,NaN,NaN
3.8000,-0.085714,0.000076,0,NaN,NaN
3.8080,-0.086691,-0.000685,0,NaN,NaN
3.8160,-0.085714,-0.000821,0,NaN,NaN
3.8240,-0.085714,-0.000344,0,NaN,NaN
3.8320,-0.082784,0.000548,0,NaN,NaN
3.8400,-0.082784,0.001617,0,NaN,NaN
3.8480,-0.084249,-0.000286,0,NaN,NaN
3.8560,-0.084737,-0.000806,0,NaN,NaN
3.8640,-0.085714,-0.001036,0,NaN,NaN
3.8720,-0.084737,-0.000696,0,NaN,NaN
3.8800,-0.082295,0.000194,0,NaN,NaN
3.8880,-0.082295,0.001351,0,NaN,NaN
3.8960,-0.079365,0.002359,0,NaN,NaN
3.9040,-0.077900,0.002816,0,NaN,NaN
3.9120,-0.078388,0.002560,0,NaN,NaN
3.9200,-0.080830,0.001783,0,NaN,NaN
3.9280,-0.080830,0.000851,0,NaN,NaN
3.9360,-0.080830,-0.000000,0,NaN,NaN
3.9440,-0.081319,-0.000752,0,NaN,NaN
3.9520,-0.079365,-0.007354,0,NaN,NaN
3.9600,-0.078388,-0.005561,0,NaN,NaN
3.9680,-0.074481,-0.003417,0,NaN,NaN
3.9760,-0.071551,-0.001495,0,NaN,NaN
3.9840,-0.070085,-0.000206,0,NaN,NaN
3.9920,-0.072039,0.000444,0,NaN,NaN
4.0000,-0.071062,0.000719,0,NaN,NaN
4.0080,-0.070085,0.000806,0,NaN,NaN
4.0160,-0.067643,0.000669,0,NaN,NaN
4.0240,-0.068620,0.000246,0,NaN,NaN
4.0320,-0.069597,-0.000345,0,NaN,NaN
4.0400,-0.070085,-0.000885,0,NaN,NaN
4.0480,-0.068620,-0.001300,0,NaN,NaN
4.0560,-0.064225,0.012896,0,NaN,NaN
4.0640,-0.062759,0.013811,0,NaN,NaN
4.0720,-0.063736,0.013595,0,NaN,NaN
4.0800,-0.066667,0.012170,0,NaN,NaN
4.0880,-0.067155,0.009853,0,NaN,NaN
4.0960,-0.070085,0.007192,0,NaN,NaN
4.1040,-0.073993,0.004900,0,NaN,NaN
4.1120,-0.076435,0.003647,0,NaN,NaN
4.1200,-0.074969,0.003649,0,NaN,NaN
4.1280,-0.070574,0.004492,0,NaN,NaN
4.1360,-0.070085,0.005498,0,NaN,NaN
4.1440,-0.071551,0.006274,0,NaN,NaN
4.1520,-0.070574,0.006840,0,NaN,NaN
4.1600,-0.074481,-0.025089,0,NaN,NaN
4.1680,-0.072527,-0.025207,0,NaN,NaN
4.1760,-0.070085,-0.023685,0,NaN,NaN
4.1840,-0.065201,-0.020593,0,NaN,NaN
4.1920,-0.059341,-0.016534,0,NaN,NaN
4.2000,-0.054457,-0.012417,0,NaN,NaN
4.2080,-0.048596,-0.009179,0,NaN,NaN
4.2160,-0.045177,-0.007477,0,NaN,NaN
4.2240,-0.045177,-0.007386,0,NaN,NaN
4.2320,-0.047131,-0.008359,0,NaN,NaN
4.2400,-0.046642,-0.009598,0,NaN,NaN
4.2480,-0.046154,-0.010559,0,NaN,NaN
4.2560,-0.043712,-0.011200,0,NaN,NaN
4.2640,-0.039316,-0.008164,0,NaN,NaN
4.2720,-0.032479,-0.000016,0,NaN,NaN
4.2800,-0.019292,0.010912,0,NaN,NaN
4.2880,-0.004640,0.022907,0,NaN,NaN
4.2960,0.010501,0.033643,0,NaN,NaN
4.3040,0.017827,0.041133,0,NaN,NaN
4.3120,0.019292,0.044512,0,NaN,NaN
4.3200,0.017338,0.044034,0,NaN,NaN
4.3280,0.016361,0.040391,0,NaN,NaN
4.3360,0.015873,0.034138,0,NaN,NaN
4.3440,0.008059,0.025759,0,NaN,NaN
4.3520,-0.002686,0.015958,0,NaN,NaN
4.3600,-0.008059,0.005521,0,NaN,NaN
4.3680,-0.010012,0.087445,0,NaN,NaN
4.3760,-0.010501,0.086801,0,NaN,NaN
4.3840,-0.011477,0.085895,0,NaN,NaN
4.3920,-0.016850,0.083361,0,NaN,NaN
4.4000,-0.022222,0.078365,0,NaN,NaN
4.4080,-0.031502,0.070878,0,NaN,NaN
4.4160,-0.043712,0.061737,0,NaN,NaN
4.4240,-0.055433,0.052446,0,NaN,NaN
4.4320,-0.065690,0.044675,0,NaN,NaN
4.4400,-0.074481,0.039685,0,NaN,NaN
4.4480,-0.075458,0.037830,0,NaN,NaN
4.4560,-0.074481,0.038478,0,NaN,NaN
4.4640,-0.076435,0.040448,0,NaN,NaN
4.4720,-0.078388,-0.004825,0,NaN,NaN
4.4800,-0.080342,-0.004862,0,NaN,NaN
4.4880,-0.080342,-0.005106,0,NaN,NaN
4.4960,-0.080342,-0.005682,0,NaN,NaN
4.5040,-0.084249,-0.006527,0,NaN,NaN
4.5120,-0.086691,-0.007299,0,NaN,NaN
4.5200,-0.090110,-0.007581,0,NaN,NaN
4.5280,-0.088645,-0.007230,0,NaN,NaN
4.5360,-0.089133,-0.006471,0,NaN,NaN
4.5440,-0.089133,-0.005664,0,NaN,NaN
4.5520,-0.091087,-0.005012,0,NaN,NaN
4.5600,-0.093040,-0.004492,0,NaN,NaN
4.5680,-0.093529,-0.004002,0,NaN,NaN
4.5760,-0.094994,-0.030972,0,NaN,NaN
4.5840,-0.094505,-0.030114,0,NaN,NaN
4.5920,-0.094017,-0.028170,0,NaN,NaN
4.6000,-0.094994,-0.025037,0,NaN,NaN
4.6080,-0.092552,-0.020870,0,NaN,NaN
4.6160,-0.089133,-0.016286,0,NaN,NaN
4.6240,-0.084249,-0.012262,0,NaN,NaN
4.6320,-0.085714,-0.009639,0,NaN,NaN
4.6400,-0.088156,-0.008680,0,NaN,NaN
4.6480,-0.092063,-0.009104,0,NaN,NaN
4.6560,-0.093529,-0.010447,0,NaN,NaN
4.6640,-0.098413,-0.012302,0,NaN,NaN
4.6720,-0.101343,-0.014373,0,NaN,NaN
4.6800,-0.101343,-0.016501,0,NaN,NaN
4.6880,-0.099878,-0.013884,0,NaN,NaN
4.6960,-0.094994,-0.010517,0,NaN,NaN
4.7040,-0.092552,-0.007315,0,NaN,NaN
4.7120,-0.093040,-0.004768,0,NaN,NaN
4.7200,-0.094505,-0.002703,0,NaN,NaN
4.7280,-0.094505,-0.000634,0,NaN,NaN
4.7360,-0.092063,0.001641,0,NaN,NaN
4.7440,-0.089133,0.003703,0,NaN,NaN
4.7520,-0.087179,0.004650,0,NaN,NaN
4.7600,-0.086691,0.003582,0,NaN,NaN
4.7680,-0.089133,0.000190,0,NaN,NaN
4.7760,-0.097924,-0.004801,0,NaN,NaN
4.7840,-0.113553,-0.413924,0,NaN,NaN
4.7920,-0.132601,-0.451055,0,NaN,NaN
4.8000,-0.152625,-0.489478,0,NaN,NaN
4.8080,-0.169719,-0.525416,0,NaN,NaN
4.8160,-0.179487,-0.554745,0,NaN,NaN
4.8240,-0.179487,-0.573459,0,NaN,NaN
4.8320,-0.165324,-0.578032,0,NaN,NaN
4.8400,-0.134554,-0.565623,0,NaN,NaN
4.8480,-0.086691,-0.534140,0,NaN,NaN
4.8560,-0.025641,-0.482310,0,NaN,NaN
4.8640,0.053968,-0.410329,0,NaN,NaN
4.8720,0.153114,-0.321266,0,NaN,NaN
4.8800,0.277167,-0.222220,0,NaN,NaN
4.8880,0.410012,0.548464,0,NaN,NaN
4.8960,0.547741,0.669674,0,NaN,NaN
4.9040,0.691331,0.790834,0,NaN,NaN
4.9120,0.852503,0.897838,0,NaN,NaN
4.9200,0.995116,0.972727,0,NaN,NaN
4.9280,1.000000,1.000000,1,NaN,NaN
4.9360,0.956532,0.973780,0,NaN,NaN
4.9440,0.781197,0.900810,0,NaN,NaN
4.9520,0.583394,0.797521,0,NaN,NaN
4.9600,0.398291,0.682725,0,NaN,NaN
4.9680,0.226374,0.570366,0,NaN,NaN
4.9760,0.070085,0.466187,0,NaN,NaN
4.9840,-0.068620,0.368381,0,NaN,NaN
4.9920,-0.164347,-0.179355,0,107.14,NaN
5.0000,-0.218071,-0.235698,0,107.14,NaN
5.0080,-0.227350,-0.252281,0,107.14,NaN
5.0160,-0.208791,-0.237232,0,107.14,NaN
5.0240,-0.168254,-0.201993,0,107.14,NaN
5.0320,-0.121856,-0.158984,0,107.14,NaN
5.0400,-0.082295,-0.119184,0,107.14,NaN
5.0480,-0.054457,-0.090261,0,107.14,NaN
5.0560,-0.043223,-0.075742,0,107.14,NaN
5.0640,-0.045177,-0.075322,0,107.14,NaN
5.0720,-0.057875,-0.086045,0,107.14,NaN
5.0800,-0.072039,-0.103868,0,107.14,NaN
5.0880,-0.085714,-0.124891,0,107.14,NaN
5.0960,-0.099878,-0.049650,0,107.14,NaN
5.1040,-0.109646,-0.060797,0,107.14,NaN
5.1120,-0.118437,-0.068619,0,107.14,NaN
5.1200,-0.119902,-0.073154,0,107.14,NaN
5.1280,-0.121368,-0.075069,0,107.14,NaN
5.1360,-0.117949,-0.075286,0,107.14,NaN
5.1440,-0.118437,-0.074483,0,107.14,NaN
5.1520,-0.120391,-0.072742,0,107.14,NaN
5.1600,-0.119902,-0.069646,0,107.14,NaN
5.1680,-0.119902,-0.064706,0,107.14,NaN
5.1760,-0.119414,-0.057715,0,107.14,NaN
5.1840,-0.121856,-0.048892,0,107.14,NaN
5.1920,-0.124298,-0.038922,0,107.14,NaN
5.2000,-0.127228,-0.208681,0,107.14,NaN
5.2080,-0.127717,-0.198010,0,107.14,NaN
5.2160,-0.127717,-0.183016,0,107.14,NaN
5.2240,-0.125763,-0.164624,0,107.14,NaN
5.2320,-0.125275,-0.144529,0,107.14,NaN
5.2400,-0.123321,-0.124794,0,107.14,NaN
5.2480,-0.121856,-0.107379,0,107.14,NaN
5.2560,-0.121856,-0.093730,0,107.14,NaN
5.2640,-0.121368,-0.084594,0,107.14,NaN
5.2720,-0.122344,-0.080090,0,107.14,NaN
5.2800,-0.121368,-0.079850,0,107.14,NaN
5.2880,-0.121368,-0.083029,0,107.14,NaN
5.2960,-0.123321,-0.088203,0,107.14,NaN
5.3040,-0.125275,-0.028806,0,107.14,NaN
5.3120,-0.125275,-0.031845,0,107.14,NaN
5.3200,-0.123321,-0.033399,0,107.14,NaN
5.3280,-0.118437,-0.033143,0,107.14,NaN
5.3360,-0.116484,-0.031258,0,107.14,NaN
5.3440,-0.112576,-0.028207,0,107.14,NaN
5.3520,-0.108669,-0.024634,0,107.14,NaN
5.3600,-0.104274,-0.021268,0,107.14,NaN
5.3680,-0.102320,-0.018686,0,107.14,NaN
5.3760,-0.101343,-0.017071,0,107.14,NaN
5.3840,-0.101343,-0.016176,0,107.14,NaN
5.3920,-0.101832,-0.015561,0,107.14,NaN
5.4000,-0.097924,-0.014959,0,107.14,NaN
5.4080,-0.094017,0.004025,0,107.14,NaN
5.4160,-0.090598,0.005349,0,107.14,NaN
5.4240,-0.090598,0.005550,0,107.14,NaN
5.4320,-0.090598,0.004527,0,107.14,NaN
5.4400,-0.092552,0.002603,0,107.14,NaN
5.4480,-0.093529,0.000368,0,107.14,NaN
5.4560,-0.094994,-0.001503,0,107.14,NaN
5.4640,-0.095971,-0.002435,0,107.14,NaN
5.4720,-0.094017,-0.002162,0,107.14,NaN
5.4800,-0.091087,-0.000867,0,107.14,NaN
5.4880,-0.086203,0.000916,0,107.14,NaN
5.4960,-0.083272,0.002655,0,107.14,NaN
5.5040,-0.082295,0.004175,0,107.14,NaN
5.5120,-0.083761,0.006754,0,107.14,NaN
5.5200,-0.083272,0.006203,0,107.14,NaN
5.5280,-0.082295,0.005694,0,107.14,NaN
5.5360,-0.080342,0.005332,0,107.14,NaN
5.5440,-0.079365,0.005012,0,107.14,NaN
5.5520,-0.078877,0.004617,0,107.14,NaN
5.5600,-0.078388,0.004112,0,107.14,NaN
5.5680,-0.077411,0.003535,0,107.14,NaN
5.5760,-0.076435,0.002960,0,107.14,NaN
5.5840,-0.075458,0.002529,0,107.14,NaN
5.5920,-0.076435,0.002443,0,107.14,NaN
5.6000,-0.073016,0.002813,0,107.14,NaN
5.6080,-0.070574,0.003503,0,107.14,NaN
5.6160,-0.070085,0.002900,0,107.14,NaN
5.6240,-0.069109,0.003044,0,107.14,NaN
5.6320,-0.069597,0.003412,0,107.14,NaN
5.6400,-0.065690,0.003976,0,107.14,NaN
5.6480,-0.062271,0.004354,0,107.14,NaN
5.6560,-0.060806,0.004079,0,107.14,NaN
5.6640,-0.061783,0.003017,0,107.14,NaN
5.6720,-0.063248,0.001514,0,107.14,NaN
5.6800,-0.063736,0.000180,0,107.14,NaN
5.6880,-0.063248,-0.000461,0,107.14,NaN
5.6960,-0.061294,-0.000200,0,107.14,NaN
5.7040,-0.057875,0.000817,0,107.14,NaN
5.7120,-0.055922,0.002231,0,107.14,NaN
5.7200,-0.052991,0.004291,0,107.14,NaN
5.7280,-0.048107,0.005662,0,107.14,NaN
5.7360,-0.048107,0.006275,0,107.14,NaN
5.7440,-0.047131,0.006250,0,107.14,NaN
5.7520,-0.048107,0.006060,0,107.14,NaN
5.7600,-0.047131,0.006205,0,107.14,NaN
5.7680,-0.044200,0.006843,0,107.14,NaN
5.7760,-0.039805,0.007685,0,107.14,NaN
5.7840,-0.038828,0.008256,0,107.14,NaN
5.7920,-0.038828,0.008215,0,107.14,NaN
5.8000,-0.037363,0.007420,0,107.14,NaN
5.8080,-0.036386,0.005870,0,107.14,NaN
5.8160,-0.038828,0.003805,0,107.14,NaN
5.8240,-0.039805,0.002054,0,107.14,NaN
5.8320,-0.044200,0.000273,0,107.14,NaN
5.8400,-0.041270,-0.000260,0,107.14,NaN
5.8480,-0.038828,0.000529,0,107.14,NaN
5.8560,-0.035409,0.002213,0,107.14,NaN
5.8640,-0.031502,0.004175,0,107.14,NaN
5.8720,-0.030525,0.005880,0,107.14,NaN
5.8800,-0.028083,0.006946,0,107.14,NaN
5.8880,-0.025153,0.007074,0,107.14,NaN
5.8960,-0.023687,0.006123,0,107.14,NaN
5.9040,-0.028083,0.004321,0,107.14,NaN
5.9120,-0.029548,0.002174,0,107.14,NaN
5.9200,-0.028083,0.000026,0,107.14,NaN
5.9280,-0.027595,0.050694,0,107.14,NaN
5.9360,-0.028571,0.051338,0,107.14,NaN
5.9440,-0.030525,0.051864,0,107.14,NaN
5.9520,-0.031013,0.052083,0,107.14,NaN
5.9600,-0.030525,0.051664,0,107.14,NaN
5.9680,-0.033944,0.050257,0,107.14,NaN
5.9760,-0.037851,0.047735,0,107.14,NaN
5.9840,-0.042247,0.044258,0,107.14,NaN
5.9920,-0.048107,0.040174,0,107.14,NaN
6.0000,-0.053480,0.035888,0,107.14,NaN
6.0080,-0.059341,0.031702,0,107.14,NaN
6.0160,-0.062759,0.027716,0,107.14,NaN
6.0240,-0.068620,0.023868,0,107.14,NaN
6.0320,-0.070085,0.016373,0,107.14,NaN
6.0400,-0.071551,0.015098,0,107.14,NaN
6.0480,-0.074481,0.013636,0,107.14,NaN
6.0560,-0.077411,0.011629,0,107.14,NaN
6.0640,-0.082295,0.009143,0,107.14,NaN
6.0720,-0.088156,0.006652,0,107.14,NaN
6.0800,-0.093040,0.004758,0,107.14,NaN
6.0880,-0.094017,0.003777,0,107.14,NaN
6.0960,-0.094994,0.003579,0,107.14,NaN
6.1040,-0.096947,0.003828,0,107.14,NaN
6.1120,-0.099878,0.004281,0,107.14,NaN
6.1200,-0.101343,0.004860,0,107.14,NaN
6.1280,-0.102808,0.005531,0,107.14,NaN
6.1360,-0.104274,-0.010197,0,107.14,NaN
6.1440,-0.108181,-0.011818,0,107.14,NaN
6.1520,-0.111600,-0.013812,0,107.14,NaN
6.1600,-0.115995,-0.015786,0,107.14,NaN
6.1680,-0.118437,-0.017271,0,107.14,NaN
6.1760,-0.121856,-0.017829,0,107.14,NaN
6.1840,-0.124786,-0.017167,0,107.14,NaN
6.1920,-0.123810,-0.015346,0,107.14,NaN
6.2000,-0.122344,-0.012878,0,107.14,NaN
6.2080,-0.121856,-0.010519,0,107.14,NaN
6.2160,-0.121856,-0.008855,0,107.14,NaN
6.2240,-0.125763,-0.008019,0,107.14,NaN
6.2320,-0.127717,-0.007697,0,107.14,NaN
6.2400,-0.131136,-0.033009,0,107.14,NaN
6.2480,-0.131136,-0.032645,0,107.14,NaN
6.2560,-0.130647,-0.030975,0,107.14,NaN
6.2640,-0.129670,-0.028097,0,107.14,NaN
6.2720,-0.127228,-0.024495,0,107.14,NaN
6.2800,-0.123321,-0.020984,0,107.14,NaN
6.2880,-0.119414,-0.018433,0,107.14,NaN
6.2960,-0.121368,-0.017262,0,107.14,NaN
6.3040,-0.125275,-0.017136,0,107.14,NaN
6.3120,-0.126740,-0.017268,0,107.14,NaN
6.3200,-0.126740,-0.017028,0,107.14,NaN
6.3280,-0.124786,-0.016276,0,107.14,NaN
6.3360,-0.125275,-0.015221,0,107.14,NaN
6.3440,-0.127228,-0.016992,0,107.14,NaN
6.3520,-0.124298,-0.014653,0,107.14,NaN
6.3600,-0.119902,-0.012012,0,107.14,NaN
6.3680,-0.116972,-0.009807,0,107.14,NaN
6.3760,-0.116484,-0.008602,0,107.14,NaN
6.3840,-0.117460,-0.008435,0,107.14,NaN
6.3920,-0.119902,-0.008880,0,107.14,NaN
6.4000,-0.119414,-0.009391,0,107.14,NaN
6.4080,-0.118437,-0.009607,0,107.14,NaN
6.4160,-0.118926,-0.009346,0,107.14,NaN
6.4240,-0.118437,-0.008499,0,107.14,NaN
6.4320,-0.117460,-0.007055,0,107.14,NaN
6.4400,-0.114530,-0.005219,0,107.14,NaN
6.4480,-0.114042,-0.007049,0,107.14,NaN
6.4560,-0.113553,-0.006584,0,107.14,NaN
6.4640,-0.113553,-0.006307,0,107.14,NaN
6.4720,-0.112576,-0.006064,0,107.14,NaN
6.4800,-0.110134,-0.005764,0,107.14,NaN
6.4880,-0.110623,-0.005347,0,107.14,NaN
6.4960,-0.108669,-0.004731,0,107.14,NaN
6.5040,-0.108181,-0.003873,0,107.14,NaN
6.5120,-0.105739,-0.002886,0,107.14,NaN
6.5200,-0.102808,-0.002061,0,107.14,NaN
6.5280,-0.101832,-0.001701,0,107.14,NaN
6.5360,-0.101343,-0.001908,0,107.14,NaN
6.5440,-0.101343,-0.002497,0,107.14,NaN
6.5520,-0.103297,0.012368,0,107.14,NaN
6.5600,-0.105739,0.011049,0,107.14,NaN
6.5680,-0.104274,0.010145,0,107.14,NaN
6.5760,-0.104762,0.009919,0,107.14,NaN
6.5840,-0.105250,0.010440,0,107.14,NaN
6.5920,-0.103785,0.011543,0,107.14,NaN
6.6000,-0.100855,0.012735,0,107.14,NaN
6.6080,-0.098413,0.013328,0,107.14,NaN
6.6160,-0.099389,0.012834,0,107.14,NaN
6.6240,-0.101343,0.011269,0,107.14,NaN
6.6320,-0.104762,0.009102,0,107.14,NaN
6.6400,-0.107692,0.006888,0,107.14,NaN
6.6480,-0.106716,0.004852,0,107.14,NaN
6.6560,-0.105739,-0.001669,0,107.14,NaN
6.6640,-0.104274,-0.000569,0,107.14,NaN
6.6720,-0.101343,0.000801,0,107.14,NaN
6.6800,-0.099878,0.001725,0,107.14,NaN
6.6880,-0.098901,0.001649,0,107.14,NaN
6.6960,-0.098901,0.000421,0,107.14,NaN
6.7040,-0.101832,-0.001542,0,107.14,NaN
6.7120,-0.106716,-0.003369,0,107.14,NaN
6.7200,-0.105739,-0.004241,0,107.14,NaN
6.7280,-0.102320,-0.003903,0,107.14,NaN
6.7360,-0.100855,-0.002659,0,107.14,NaN
6.7440,-0.097924,-0.000970,0,107.14,NaN
6.7520,-0.096947,0.000849,0,107.14,NaN
6.7600,-0.095971,0.000615,0,107.14,NaN
6.7680,-0.098413,-0.000539,0,107.14,NaN
6.7760,-0.100366,-0.002179,0,107.14,NaN
6.7840,-0.101343,-0.003791,0,107.14,NaN
6.7920,-0.101343,-0.005049,0,107.14,NaN
6.8000,-0.101343,-0.005853,0,107.14,NaN
6.8080,-0.101343,-0.006214,0,107.14,NaN
6.8160,-0.101343,-0.006138,0,107.14,NaN
6.8240,-0.100855,-0.005625,0,107.14,NaN
6.8320,-0.098901,-0.004731,0,107.14,NaN
6.8400,-0.098413,-0.003579,0,107.14,NaN
6.8480,-0.095482,-0.002316,0,107.14,NaN
6.8560,-0.094994,-0.001041,0,107.14,NaN
6.8640,-0.096459,0.012395,0,107.14,NaN
6.8720,-0.096947,0.012211,0,107.14,NaN
6.8800,-0.096459,0.011608,0,107.14,NaN
6.8880,-0.097924,0.010642,0,107.14,NaN
6.8960,-0.099389,0.009419,0,107.14,NaN
6.9040,-0.101832,0.008132,0,107.14,NaN
6.9120,-0.102808,0.006968,0,107.14,NaN
6.9200,-0.103785,0.006015,0,107.14,NaN
6.9280,-0.104274,0.005278,0,107.14,NaN
6.9360,-0.105739,0.004786,0,107.14,NaN
6.9440,-0.106227,0.004625,0,107.14,NaN
6.9520,-0.107204,0.004857,0,107.14,NaN
6.9600,-0.105739,0.005379,0,107.14,NaN
6.9680,-0.101832,-0.002421,0,107.14,NaN
6.9760,-0.102320,-0.001092,0,107.14,NaN
6.9840,-0.101343,-0.000076,0,107.14,NaN
6.9920,-0.101343,0.000437,0,107.14,NaN
7.0000,-0.100855,0.000276,0,107.14,NaN
7.0080,-0.099878,-0.000697,0,107.14,NaN
7.0160,-0.102320,-0.002371,0,107.14,NaN
7.0240,-0.105739,-0.004219,0,107.14,NaN
7.0320,-0.108181,-0.005475,0,107.14,NaN
7.0400,-0.107692,-0.005579,0,107.14,NaN
7.0480,-0.104274,-0.004467,0,107.14,NaN
7.0560,-0.103785,-0.002466,0,107.14,NaN
7.0640,-0.101343,-0.000021,0,107.14,NaN
7.0720,-0.098413,0.003645,0,107.14,NaN
7.0800,-0.094994,0.005800,0,107.14,NaN
7.0880,-0.094017,0.007207,0,107.14,NaN
7.0960,-0.094505,0.008048,0,107.14,NaN
7.1040,-0.097924,0.008832,0,107.14,NaN
7.1120,-0.093529,0.009914,0,107.14,NaN
7.1200,-0.091575,0.011126,0,107.14,NaN
7.1280,-0.090110,0.011958,0,107.14,NaN
7.1360,-0.091087,0.011978,0,107.14,NaN
7.1440,-0.093040,0.011032,0,107.14,NaN
7.1520,-0.094017,0.009164,0,107.14,NaN
7.1600,-0.096459,0.006532,0,107.14,NaN
7.1680,-0.100366,0.003442,0,107.14,NaN
7.1760,-0.101832,-0.005817,0,107.14,NaN
7.1840,-0.105739,-0.008355,0,107.14,NaN
7.1920,-0.107692,-0.009872,0,107.14,NaN
7.2000,-0.107204,-0.010125,0,107.14,NaN
7.2080,-0.105739,-0.009245,0,107.14,NaN
7.2160,-0.102808,-0.007681,0,107.14,NaN
7.2240,-0.101343,-0.005967,0,107.14,NaN
7.2320,-0.100366,-0.004521,0,107.14,NaN
7.2400,-0.098413,-0.003592,0,107.14,NaN
7.2480,-0.097924,-0.003278,0,107.14,NaN
7.2560,-0.098413,-0.003515,0,107.14,NaN
7.2640,-0.098901,-0.004112,0,107.14,NaN
7.2720,-0.098901,-0.004864,0,107.14,NaN
7.2800,-0.096459,-0.023314,0,107.14,NaN
7.2880,-0.093040,-0.020825,0,107.14,NaN
7.2960,-0.087668,-0.017459,0,107.14,NaN
7.3040,-0.083272,-0.013985,0,107.14,NaN
7.3120,-0.078388,-0.011290,0,107.14,NaN
7.3200,-0.074481,-0.010075,0,107.14,NaN
7.3280,-0.074969,-0.010507,0,107.14,NaN
7.3360,-0.075946,-0.012045,0,107.14,NaN
7.3440,-0.078388,-0.013632,0,107.14,NaN
7.3520,-0.077900,-0.014220,0,107.14,NaN
7.3600,-0.073504,-0.013265,0,107.14,NaN
7.3680,-0.070574,-0.010878,0,107.14,NaN
7.3760,-0.065201,-0.007661,0,107.14,NaN
7.3840,-0.057387,-0.035964,0,107.14,NaN
7.3920,-0.050061,-0.032132,0,107.14,NaN
7.4000,-0.045177,-0.028508,0,107.14,NaN
7.4080,-0.038828,-0.024938,0,107.14,NaN
7.4160,-0.034432,-0.020804,0,107.14,NaN
7.4240,-0.029060,-0.015394,0,107.14,NaN
7.4320,-0.020757,-0.008525,0,107.14,NaN
7.4400,-0.008059,-0.001128,0,107.14,NaN
7.4480,0.006593,0.004798,0,107.14,NaN
7.4560,0.011477,0.007095,0,107.14,NaN
7.4640,0.010989,0.004595,0,107.14,NaN
7.4720,0.008547,-0.002351,0,107.14,NaN
7.4800,-0.000244,-0.011982,0,107.14,NaN
7.4880,-0.008059,0.102765,0,107.14,NaN
7.4960,-0.022222,0.094310,0,107.14,NaN
7.5040,-0.029548,0.087293,0,107.14,NaN
7.5120,-0.033944,0.082846,0,107.14,NaN
7.5200,-0.037363,0.081135,0,107.14,NaN
7.5280,-0.038339,0.081503,0,107.14,NaN
7.5360,-0.038339,0.082679,0,107.14,NaN
7.5440,-0.038339,0.083027,0,107.14,NaN
7.5520,-0.040781,0.080933,0,107.14,NaN
7.5600,-0.047619,0.075307,0,107.14,NaN
7.5680,-0.059829,0.065975,0,107.14,NaN
7.5760,-0.074481,0.053710,0,107.14,NaN
7.5840,-0.089133,0.039899,0,107.14,NaN
7.5920,-0.100855,-0.009048,0,107.14,NaN
7.6000,-0.106227,-0.016981,0,107.14,NaN
7.6080,-0.111111,-0.021788,0,107.14,NaN
7.6160,-0.112576,-0.023928,0,107.14,NaN
7.6240,-0.115507,-0.024074,0,107.14,NaN
7.6320,-0.114530,-0.022902,0,107.14,NaN
7.6400,-0.113553,-0.021071,0,107.14,NaN
7.6480,-0.112088,-0.019158,0,107.14,NaN
7.6560,-0.111600,-0.017507,0,107.14,NaN
7.6640,-0.112576,-0.016132,0,107.14,NaN
7.6720,-0.113553,-0.014812,0,107.14,NaN
7.6800,-0.112088,-0.013350,0,107.14,NaN
7.6880,-0.112088,-0.011729,0,107.14,NaN
7.6960,-0.113553,-0.048608,0,107.14,NaN
7.7040,-0.114042,-0.049024,0,107.14,NaN
7.7120,-0.114042,-0.049423,0,107.14,NaN
7.7200,-0.114530,-0.049845,0,107.14,NaN
7.7280,-0.114530,-0.050251,0,107.14,NaN
7.7360,-0.116972,-0.050384,0,107.14,NaN
7.7440,-0.117949,-0.049766,0,107.14,NaN
7.7520,-0.118437,-0.047927,0,107.14,NaN
7.7600,-0.116972,-0.044684,0,107.14,NaN
7.7680,-0.111600,-0.040268,0,107.14,NaN
7.7760,-0.109158,-0.035123,0,107.14,NaN
7.7840,-0.107692,-0.029593,0,107.14,NaN
7.7920,-0.102808,-0.023878,0,107.14,NaN
7.8000,-0.101343,-0.017682,0,107.14,NaN
7.8080,-0.102320,-0.017351,0,107.14,NaN
7.8160,-0.106227,-0.018143,0,107.14,NaN
7.8240,-0.109158,-0.019130,0,107.14,NaN
7.8320,-0.109646,-0.019493,0,107.14,NaN
7.8400,-0.108181,-0.018879,0,107.14,NaN
7.8480,-0.107692,-0.017359,0,107.14,NaN
7.8560,-0.108181,-0.015201,0,107.14,NaN
7.8640,-0.104762,-0.012805,0,107.14,NaN
7.8720,-0.102808,-0.010683,0,107.14,NaN
7.8800,-0.101343,-0.009259,0,107.14,NaN
7.8880,-0.101343,-0.008638,0,107.14,NaN
7.8960,-0.101343,-0.008545,0,107.14,NaN
7.9040,-0.101343,-0.059427,0,107.14,NaN
7.9120,-0.104762,-0.067181,0,107.14,NaN
7.9200,-0.113553,-0.078446,0,107.14,NaN
7.9280,-0.123321,-0.093244,0,107.14,NaN
7.9360,-0.135043,-0.110936,0,107.14,NaN
7.9440,-0.148718,-0.129985,0,107.14,NaN
7.9520,-0.163858,-0.147663,0,107.14,NaN
7.9600,-0.174603,-0.160079,0,107.14,NaN
7.9680,-0.176068,-0.162793,0,107.14,NaN
7.9760,-0.166300,-0.151853,0,107.14,NaN
7.9840,-0.144811,-0.125158,0,107.14,NaN
7.9920,-0.100855,-0.084029,0,107.14,NaN
8.0000,-0.038828,-0.034116,0,107.14,NaN
8.0080,0.040781,-0.150138,0,107.14,NaN
8.0160,0.146276,-0.048115,0,107.14,NaN
8.0240,0.273748,0.076113,0,107.14,NaN
8.0320,0.412943,0.218286,0,107.14,NaN
8.0400,0.554579,0.370408,0,107.14,NaN
8.0480,0.696703,0.518868,0,107.14,NaN
8.0560,0.851526,0.642636,0,107.14,NaN
8.0640,0.980464,0.715429,1,107.14,NaN
8.0720,1.000000,0.714365,1,107.14,NaN
8.0800,0.920879,0.630608,0,107.14,NaN
8.0880,0.735287,0.473694,0,107.14,NaN
8.0960,0.543834,0.266186,0,107.14,NaN
8.1040,0.363126,0.034059,0,107.14,NaN
8.1120,0.198046,0.229281,0,107.14,NaN
8.1200,0.052503,0.064941,0,107.14,NaN
8.1280,-0.078388,-0.066978,0,107.14,NaN
8.1360,-0.175092,-0.160494,0,107.14,NaN
8.1440,-0.227839,-0.213157,0,107.14,NaN
8.1520,-0.241026,-0.227218,0,107.14,NaN
8.1600,-0.218559,-0.210013,0,107.14,NaN
8.1680,-0.178999,-0.172750,0,107.14,NaN
8.1760,-0.132601,-0.128079,0,107.14,NaN
8.1840,-0.088645,-0.087256,0,107.14,NaN
8.1920,-0.060806,-0.057519,0,107.14,NaN
8.2000,-0.048596,-0.040286,0,107.14,NaN
8.2080,-0.053480,-0.030996,0,107.14,NaN
8.2160,-0.066667,0.015322,0,107.14,NaN
8.2240,-0.082295,0.003514,0,107.14,NaN
8.2320,-0.095971,-0.009383,0,107.14,NaN
8.2400,-0.108181,-0.020075,0,107.14,NaN
8.2480,-0.116972,-0.026770,0,107.14,NaN
8.2560,-0.118437,-0.029160,0,107.14,NaN
8.2640,-0.116972,-0.028196,0,107.14,NaN
8.2720,-0.111600,-0.025540,0,107.14,NaN
8.2800,-0.109646,-0.022729,0,107.14,NaN
8.2880,-0.111111,-0.020454,0,107.14,NaN
8.2960,-0.115507,-0.018449,0,107.14,NaN
8.3040,-0.116972,-0.016111,0,107.14,NaN
8.3120,-0.116972,-0.013256,0,107.14,NaN
8.3200,-0.116972,-0.254667,0,107.14,NaN
8.3280,-0.117460,-0.254863,0,107.14,NaN
8.3360,-0.119414,-0.251551,0,107.14,NaN
8.3440,-0.119414,-0.244403,0,107.14,NaN
8.3520,-0.118926,-0.233519,0,107.14,NaN
8.3600,-0.117949,-0.219567,0,107.14,NaN
8.3680,-0.119414,-0.203617,0,107.14,NaN
8.3760,-0.124786,-0.186812,0,107.14,NaN
8.3840,-0.126252,-0.170207,0,107.14,NaN
8.3920,-0.124786,-0.154792,0,107.14,NaN
8.4000,-0.121368,-0.141353,0,107.14,NaN
8.4080,-0.116972,-0.130087,0,107.14,NaN
8.4160,-0.113553,-0.120311,0,107.14,NaN
8.4240,-0.106716,0.005823,0,107.14,NaN
8.4320,-0.103785,0.009243,0,107.14,NaN
8.4400,-0.103297,0.008737,0,107.14,NaN
8.4480,-0.104762,0.005210,0,107.14,NaN
8.4560,-0.108181,0.000232,0,107.14,NaN
8.4640,-0.112088,-0.004432,0,107.14,NaN
8.4720,-0.111600,-0.007413,0,107.14,NaN
8.4800,-0.110134,-0.008158,0,107.14,NaN
8.4880,-0.108669,-0.006879,0,107.14,NaN
8.4960,-0.106227,-0.004239,0,107.14,NaN
8.5040,-0.103297,-0.001022,0,107.14,NaN
8.5120,-0.101343,0.002183,0,107.14,NaN
8.5200,-0.100855,0.005193,0,107.14,NaN
8.5280,-0.098901,0.002432,0,107.14,NaN
8.5360,-0.097924,0.004540,0,107.14,NaN
8.5440,-0.094017,0.006680,0,107.14,NaN
8.5520,-0.092552,0.008808,0,107.14,NaN
8.5600,-0.088645,0.010756,0,107.14,NaN
8.5680,-0.086691,0.012331,0,107.14,NaN
8.5760,-0.086203,0.013414,0,107.14,NaN
8.5840,-0.085714,0.013947,0,107.14,NaN
8.5920,-0.084249,0.013788,0,107.14,NaN
8.6000,-0.082784,0.012689,0,107.14,NaN
8.6080,-0.085714,0.010517,0,107.14,NaN
8.6160,-0.088156,0.007440,0,107.14,NaN
8.6240,-0.090598,0.003863,0,107.14,NaN
8.6320,-0.088156,-0.002076,0,107.14,NaN
8.6400,-0.085714,-0.001102,0,107.14,NaN
8.6480,-0.085226,0.001194,0,107.14,NaN
8.6560,-0.079365,0.004302,0,107.14,NaN
8.6640,-0.073016,0.007322,0,107.14,NaN
8.6720,-0.069109,0.009272,0,107.14,NaN
8.6800,-0.069109,0.009620,0,107.14,NaN
8.6880,-0.070085,0.008517,0,107.14,NaN
8.6960,-0.070085,0.006573,0,107.14,NaN
8.7040,-0.071551,0.004509,0,107.14,NaN
8.7120,-0.072527,0.002889,0,107.14,NaN
8.7200,-0.070574,0.001919,0,107.14,NaN
8.7280,-0.069597,0.001391,0,107.14,NaN
8.7360,-0.068132,-0.009750,0,107.14,NaN
8.7440,-0.064713,-0.009179,0,107.14,NaN
8.7520,-0.063248,-0.008338,0,107.14,NaN
8.7600,-0.061783,-0.007231,0,107.14,NaN
8.7680,-0.057875,-0.005829,0,107.14,NaN
8.7760,-0.054457,-0.004231,0,107.14,NaN
8.7840,-0.050549,-0.002685,0,107.14,NaN
8.7920,-0.047131,-0.001471,0,107.14,NaN
8.8000,-0.045177,-0.000776,0,107.14,NaN
8.8080,-0.043223,-0.000650,0,107.14,NaN
8.8160,-0.041270,-0.001043,0,107.14,NaN
8.8240,-0.040293,-0.001843,0,107.14,NaN
8.8320,-0.039316,-0.002881,0,107.14,NaN
8.8400,-0.038828,0.009035,0,107.14,NaN
8.8480,-0.040293,0.005508,0,107.14,NaN
8.8560,-0.045177,0.001040,0,107.14,NaN
8.8640,-0.049084,-0.003588,0,107.14,NaN
8.8720,-0.051038,-0.007463,0,107.14,NaN
8.8800,-0.052991,-0.009851,0,107.14,NaN
8.8880,-0.052015,-0.010381,0,107.14,NaN
8.8960,-0.049573,-0.009164,0,107.14,NaN
8.9040,-0.044200,-0.006790,0,107.14,NaN
8.9120,-0.038828,-0.004093,0,107.14,NaN
8.9200,-0.036386,-0.001746,0,107.14,NaN
8.9280,-0.033455,0.000025,0,107.14,NaN
8.9360,-0.031013,0.001403,0,107.14,NaN
8.9440,-0.029060,0.009888,0,107.14,NaN
8.9520,-0.026129,0.010194,0,107.14,NaN
8.9600,-0.025641,0.009684,0,107.14,NaN
8.9680,-0.026618,0.008445,0,107.14,NaN
8.9760,-0.027595,0.006747,0,107.14,NaN
8.9840,-0.028083,0.004919,0,107.14,NaN
8.9920,-0.027595,0.003254,0,107.14,NaN
9.0000,-0.029548,0.002039,0,107.14,NaN
9.0080,-0.028571,0.001534,0,107.14,NaN
9.0160,-0.027595,0.001825,0,107.14,NaN
9.0240,-0.023199,0.002731,0,107.14,NaN
9.0320,-0.021734,0.003940,0,107.14,NaN
9.0400,-0.019780,0.005227,0,107.14,NaN
9.0480,-0.022222,0.020484,0,107.14,NaN
9.0560,-0.022222,0.019869,0,107.14,NaN
9.0640,-0.022711,0.019044,0,107.14,NaN
9.0720,-0.023199,0.018191,0,107.14,NaN
9.0800,-0.023199,0.017355,0,107.14,NaN
9.0880,-0.024176,0.016517,0,107.14,NaN
9.0960,-0.025641,0.015666,0,107.14,NaN
9.1040,-0.025153,0.014799,0,107.14,NaN
9.1120,-0.028083,0.013918,0,107.14,NaN
9.1200,-0.028083,0.012984,0,107.14,NaN
9.1280,-0.028571,0.011880,0,107.14,NaN
9.1360,-0.029548,0.010481,0,107.14,NaN
9.1440,-0.032479,0.008840,0,107.14,NaN
9.1520,-0.038828,0.041954,0,107.14,NaN
9.1600,-0.049084,0.035471,0,107.14,NaN
9.1680,-0.057875,0.028615,0,107.14,NaN
9.1760,-0.067643,0.022813,0,107.14,NaN
9.1840,-0.071062,0.019073,0,107.14,NaN
9.1920,-0.073016,0.017638,0,107.14,NaN
9.2000,-0.074969,0.018038,0,107.14,NaN
9.2080,-0.074481,0.019364,0,107.14,NaN
9.2160,-0.074481,0.020527,0,107.14,NaN
9.2240,-0.076435,0.020569,0,107.14,NaN
9.2320,-0.080342,0.018990,0,107.14,NaN
9.2400,-0.086691,0.015894,0,107.14,NaN
9.2480,-0.093529,0.011920,0,107.14,NaN
9.2560,-0.095482,0.002729,0,107.14,NaN
9.2640,-0.095971,0.003908,0,107.14,NaN
9.2720,-0.094017,0.006406,0,107.14,NaN
9.2800,-0.093040,0.009262,0,107.14,NaN
9.2880,-0.093529,0.011453,0,107.14,NaN
9.2960,-0.094505,0.012225,0,107.14,NaN
9.3040,-0.098413,0.011263,0,107.14,NaN
9.3120,-0.102320,0.008766,0,107.14,NaN
9.3200,-0.110134,0.005461,0,107.14,NaN
9.3280,-0.116972,0.002428,0,107.14,NaN
9.3360,-0.123321,0.000667,0,107.14,NaN
9.3440,-0.125275,0.000566,0,107.14,NaN
9.3520,-0.125275,0.001629,0,107.14,NaN
9.3600,-0.122833,-0.036798,0,107.14,NaN
9.3680,-0.122344,-0.034831,0,107.14,NaN
9.3760,-0.121856,-0.033222,0,107.14,NaN
9.3840,-0.123321,-0.032264,0,107.14,NaN
9.3920,-0.123810,-0.031791,0,107.14,NaN
9.4000,-0.125275,-0.031291,0,107.14,NaN
9.4080,-0.129182,-0.030108,0,107.14,NaN
9.4160,-0.126252,-0.027830,0,107.14,NaN
9.4240,-0.124298,-0.024627,0,107.14,NaN
9.4320,-0.121368,-0.021214,0,107.14,NaN
9.4400,-0.117949,-0.018445,0,107.14,NaN
9.4480,-0.118926,-0.016797,0,107.14,NaN
9.4560,-0.121856,-0.016013,0,107.14,NaN
9.4640,-0.124786,-0.055290,0,107.14,NaN
9.4720,-0.132601,-0.061422,0,107.14,NaN
9.4800,-0.137485,-0.067027,0,107.14,NaN
9.4880,-0.141880,-0.070501,0,107.14,NaN
9.4960,-0.141880,-0.070791,0,107.14,NaN
9.5040,-0.135043,-0.067873,0,107.14,NaN
9.5120,-0.126252,-0.062728,0,107.14,NaN
9.5200,-0.117949,-0.056708,0,107.14,NaN
9.5280,-0.115507,-0.050765,0,107.14,NaN
9.5360,-0.108669,-0.045247,0,107.14,NaN
9.5440,-0.101832,-0.040213,0,107.14,NaN
9.5520,-0.094994,-0.035664,0,107.14,NaN
9.5600,-0.090598,-0.031464,0,107.14,NaN
9.5680,-0.084737,0.022424,0,107.14,NaN
9.5760,-0.079365,0.027410,0,107.14,NaN
9.5840,-0.074481,0.030764,0,107.14,NaN
9.5920,-0.072527,0.031999,0,107.14,NaN
9.6000,-0.075458,0.031186,0,107.14,NaN
9.6080,-0.079365,0.029048,0,107.14,NaN
9.6160,-0.082784,0.026579,0,107.14,NaN
9.6240,-0.083761,0.024499,0,107.14,NaN
9.6320,-0.083761,0.022944,0,107.14,NaN
9.6400,-0.082784,0.021579,0,107.14,NaN
9.6480,-0.084249,0.019976,0,107.14,NaN
9.6560,-0.086203,0.017947,0,107.14,NaN
9.6640,-0.088156,0.015611,0,107.14,NaN
9.6720,-0.087179,0.014245,0,107.14,NaN
9.6800,-0.085714,0.014446,0,107.14,NaN
9.6880,-0.085226,0.015114,0,107.14,NaN
9.6960,-0.085226,0.015954,0,107.14,NaN
9.7040,-0.081319,0.016520,0,107.14,NaN
9.7120,-0.079365,0.016315,0,107.14,NaN
9.7200,-0.082295,0.015145,0,107.14,NaN
9.7280,-0.084249,0.013308,0,107.14,NaN
9.7360,-0.085714,0.011348,0,107.14,NaN
9.7440,-0.086203,0.009702,0,107.14,NaN
9.7520,-0.086203,0.008561,0,107.14,NaN
9.7600,-0.087179,0.007916,0,107.14,NaN
9.7680,-0.085714,0.007586,0,107.14,NaN
9.7760,-0.083761,0.015353,0,107.14,NaN
9.7840,-0.076923,0.017280,0,107.14,NaN
9.7920,-0.074481,0.017851,0,107.14,NaN
9.8000,-0.077411,0.016390,0,107.14,NaN
9.8080,-0.080342,0.013022,0,107.14,NaN
9.8160,-0.084737,0.008484,0,107.14,NaN
9.8240,-0.088156,0.003775,0,107.14,NaN
9.8320,-0.092552,-0.000073,0,107.14,NaN
9.8400,-0.094994,-0.002172,0,107.14,NaN
9.8480,-0.094505,-0.002008,0,107.14,NaN
9.8560,-0.092063,0.000362,0,107.14,NaN
9.8640,-0.085714,0.004356,0,107.14,NaN
9.8720,-0.083272,0.009149,0,107.14,NaN
9.8800,-0.081319,0.008094,0,107.14,NaN
9.8880,-0.082784,0.008709,0,107.14,NaN
9.8960,-0.085714,0.008486,0,107.14,NaN
9.9040,-0.085714,0.008146,0,107.14,NaN
9.9120,-0.086203,0.008259,0,107.14,NaN
9.9200,-0.085714,0.009062,0,107.14,NaN
9.9280,-0.085226,0.010443,0,107.14,NaN
9.9360,-0.083272,0.011931,0,107.14,NaN
9.9440,-0.081319,0.012791,0,107.14,NaN
9.9520,-0.080342,0.012334,0,107.14,NaN
9.9600,-0.085226,0.010339,0,107.14,NaN
9.9680,-0.090598,0.007182,0,107.14,NaN
9.9760,-0.092552,0.003485,0,107.14,NaN
9.9840,-0.092063,-0.005416,0,107.14,NaN
9.9920,-0.090110,-0.005012,0,107.14,NaN
10.0000,-0.089133,-0.003402,0,107.14,NaN
10.0080,-0.088156,-0.000785,0,107.14,NaN
10.0160,-0.085714,0.002578,0,107.14,NaN
10.0240,-0.081807,0.006134,0,107.14,NaN
10.0320,-0.075458,0.008985,0,107.14,NaN
10.0400,-0.074481,0.010279,0,107.14,NaN
10.0480,-0.077411,0.009729,0,107.14,NaN
10.0560,-0.080342,0.007696,0,107.14,NaN
10.0640,-0.082784,0.004813,0,107.14,NaN
10.0720,-0.085714,0.001585,0,107.14,NaN
10.0800,-0.088156,-0.001726,0,107.14,NaN
10.0880,-0.090110,0.003692,0,107.14,NaN
10.0960,-0.089133,0.004056,0,107.14,NaN
10.1040,-0.087179,0.005298,0,107.14,NaN
10.1120,-0.085714,0.006969,0,107.14,NaN
10.1200,-0.085714,0.008764,0,107.14,NaN
10.1280,-0.085714,0.010554,0,107.14,NaN
10.1360,-0.083761,0.012159,0,107.14,NaN
10.1440,-0.080342,0.013152,0,107.14,NaN
10.1520,-0.080342,0.013050,0,107.14,NaN
10.1600,-0.084737,0.011672,0,107.14,NaN
10.1680,-0.085714,0.009204,0,107.14,NaN
10.1760,-0.090110,0.005990,0,107.14,NaN
10.1840,-0.093529,0.002406,0,107.14,NaN
10.1920,-0.095971,0.000415,0,107.14,NaN
10.2000,-0.098413,0.000051,0,107.14,NaN
10.2080,-0.097924,0.001825,0,107.14,NaN
10.2160,-0.092552,0.005550,0,107.14,NaN
10.2240,-0.086691,0.010410,0,107.14,NaN
10.2320,-0.083761,0.015344,0,107.14,NaN
10.2400,-0.080342,0.019406,0,107.14,NaN
10.2480,-0.078877,0.021866,0,107.14,NaN
10.2560,-0.078877,0.022160,0,107.14,NaN
10.2640,-0.080342,0.019918,0,107.14,NaN
10.2720,-0.085226,0.015106,0,107.14,NaN
10.2800,-0.093040,0.008178,0,107.14,NaN
10.2880,-0.101343,0.000065,0,107.14,NaN
10.2960,-0.106716,-0.449524,0,107.14,NaN
10.3040,-0.108669,-0.479287,0,107.14,NaN
10.3120,-0.121368,-0.529473,0,107.14,NaN
10.3200,-0.179487,-0.609173,0,107.14,NaN
10.3280,-0.335775,-0.718703,0,107.14,NaN
10.3360,-0.623932,-0.842359,0,107.14,NaN
10.3440,-1.000000,-0.948442,0,107.14,NaN
10.3520,-1.000000,-1.000000,0,107.14,NaN
10.3600,-1.000000,-0.969498,0,107.14,NaN
10.3680,-0.750427,-0.850366,0,107.14,NaN
10.3760,-0.006593,-0.663412,0,107.14,NaN
10.3840,1.000000,-0.447326,0,107.14,NaN
10.3920,1.000000,-0.229630,0,107.14,NaN
10.4000,1.000000,0.381479,1,107.14,NaN
10.4080,1.000000,0.413859,1,107.14,NaN
10.4160,1.000000,0.395122,0,107.14,NaN
10.4240,1.000000,0.358924,0,107.14,NaN
10.4320,1.000000,0.323842,0,107.14,NaN
10.4400,1.000000,0.296274,0,107.14,NaN
10.4480,1.000000,0.275805,0,107.14,NaN
10.4560,1.000000,0.259613,0,107.14,NaN
10.4640,1.000000,0.244955,0,107.14,NaN
10.4720,1.000000,0.230088,0,107.14,NaN
10.4800,1.000000,0.214273,0,107.14,NaN
10.4880,1.000000,0.197452,0,107.14,NaN
10.4960,1.000000,0.179905,0,107.14,NaN
10.5040,1.000000,1.000000,0,107.14,NaN
10.5120,1.000000,0.992511,0,107.14,NaN
10.5200,1.000000,0.940341,0,107.14,NaN
10.5280,0.805128,0.834376,0,107.14,NaN
10.5360,0.440781,0.685288,0,107.14,NaN
10.5440,0.118926,0.522130,0,107.14,NaN
10.5520,-0.141880,0.378958,0,107.14,NaN
10.5600,-0.310867,0.281127,0,107.14,NaN
10.5680,-0.378266,0.238922,0,107.14,NaN
10.5760,-0.368498,0.248453,0,107.14,NaN
10.5840,-0.316728,0.297081,0,107.14,NaN
10.5920,-0.250305,0.369898,0,107.14,NaN
10.6000,-0.183883,0.453930,0,107.14,NaN
10.6080,-0.141880,0.012889,0,107.14,NaN
10.6160,-0.119414,0.049899,0,107.14,NaN
10.6240,-0.116972,0.064413,0,107.14,NaN
10.6320,-0.132112,0.058894,0,107.14,NaN
10.6400,-0.153114,0.038403,0,107.14,NaN
10.6480,-0.177045,0.009295,0,107.14,NaN
10.6560,-0.196093,-0.021650,0,107.14,NaN
10.6640,-0.216606,-0.047762,0,107.14,NaN
10.6720,-0.232723,-0.063075,0,107.14,NaN
10.6800,-0.250305,-0.063534,0,107.14,NaN
10.6880,-0.257631,-0.048496,0,107.14,NaN
10.6960,-0.262027,-0.021079,0,107.14,NaN
10.7040,-0.263492,0.013106,0,107.14,NaN
10.7120,-0.263492,-0.399722,0,107.14,NaN
10.7200,-0.266422,-0.382826,0,107.14,NaN
10.7280,-0.266911,-0.364910,0,107.14,NaN
10.7360,-0.263004,-0.346361,0,107.14,NaN
10.7440,-0.259585,-0.327759,0,107.14,NaN
10.7520,-0.258120,-0.309736,0,107.14,NaN
10.7600,-0.262027,-0.292522,0,107.14,NaN
10.7680,-0.265934,-0.275756,0,107.14,NaN
10.7760,-0.270330,-0.258733,0,107.14,NaN
10.7840,-0.273260,-0.240767,0,107.14,NaN
10.7920,-0.279121,-0.221433,0,107.14,NaN
10.8000,-0.281563,-0.200728,0,107.14,NaN
10.8080,-0.284005,-0.179193,0,107.14,NaN
10.8160,-0.283028,-0.076188,0,107.14,NaN
10.8240,-0.284005,-0.056785,0,107.14,NaN
10.8320,-0.286447,-0.040828,0,107.14,NaN
10.8400,-0.289377,-0.029829,0,107.14,NaN
10.8480,-0.293284,-0.024164,0,107.14,NaN
10.8560,-0.294750,-0.023065,0,107.14,NaN
10.8640,-0.295726,-0.024990,0,107.14,NaN
10.8720,-0.296703,-0.028039,0,107.14,NaN
10.8800,-0.297680,-0.030369,0,107.14,NaN
10.8880,-0.295726,-0.030657,0,107.14,NaN
10.8960,-0.290354,-0.028444,0,107.14,NaN
10.9040,-0.287424,-0.024125,0,107.14,NaN
10.9120,-0.283028,-0.018662,0,107.14,NaN
10.9200,-0.282051,-0.024525,0,107.14,NaN
10.9280,-0.282051,-0.021050,0,107.14,NaN
10.9360,-0.281074,-0.017589,0,107.14,NaN
10.9440,-0.279609,-0.013805,0,107.14,NaN
10.9520,-0.275214,-0.009558,0,107.14,NaN
10.9600,-0.272283,-0.005050,0,107.14,NaN
10.9680,-0.266911,-0.000828,0,107.14,NaN
10.9760,-0.262027,0.002336,0,107.14,NaN
10.9840,-0.259096,0.003735,0,107.14,NaN
10.9920,-0.261050,0.003093,0,107.14,NaN
11.0000,-0.264469,0.000672,0,107.14,NaN
11.0080,-0.265934,-0.002969,0,107.14,NaN
11.0160,-0.269841,-0.007233,0,107.14,NaN
11.0240,-0.274725,-0.319556,0,107.14,NaN
11.0320,-0.285470,-0.343824,0,107.14,NaN
11.0400,-0.299145,-0.369816,0,107.14,NaN
11.0480,-0.311355,-0.395465,0,107.14,NaN
11.0560,-0.320147,-0.417958,0,107.14,NaN
11.0640,-0.319658,-0.434149,0,107.14,NaN
11.0720,-0.307448,-0.440831,0,107.14,NaN
11.0800,-0.285470,-0.434789,0,107.14,NaN
11.0880,-0.250305,-0.413045,0,107.14,NaN
11.0960,-0.186325,-0.373662,0,107.14,NaN
11.1040,-0.111111,-0.316761,0,107.14,NaN
11.1120,-0.015873,-0.245317,0,107.14,NaN
11.1200,0.101343,-0.165538,0,107.14,NaN
11.1280,0.223443,0.563645,0,107.14,NaN
11.1360,0.346032,0.682073,0,107.14,NaN
11.1440,0.462271,0.796393,0,107.14,NaN
11.1520,0.575092,0.896065,0,107.14,NaN
11.1600,0.672772,0.968079,0,107.14,NaN
11.1680,0.716239,1.000000,0,107.14,NaN
11.1760,0.677656,0.985051,0,107.14,NaN
11.1840,0.571184,0.925668,0,107.14,NaN
11.1920,0.428083,0.832638,0,107.14,NaN
11.2000,0.265934,0.720560,0,107.14,NaN
11.2080,0.107204,0.602487,0,107.14,NaN
11.2160,-0.039805,0.486106,0,107.14,NaN
11.2240,-0.172161,0.372740,0,107.14,NaN
11.2320,-0.277656,-0.114938,0,107.14,NaN
11.2400,-0.343590,-0.176647,0,107.14,NaN
11.2480,-0.368498,-0.203495,0,107.14,NaN
11.2560,-0.358242,-0.199618,0,107.14,NaN
11.2640,-0.322589,-0.173290,0,107.14,NaN
11.2720,-0.274725,-0.135194,0,107.14,NaN
11.2800,-0.226862,-0.096171,0,107.14,NaN
11.2880,-0.192674,-0.065062,0,107.14,NaN
11.2960,-0.174115,-0.047277,0,107.14,NaN
11.3040,-0.171184,-0.044474,0,107.14,NaN
11.3120,-0.181929,-0.055121,0,107.14,NaN
11.3200,-0.203907,-0.075498,0,107.14,NaN
11.3280,-0.224908,-0.100787,0,107.14,NaN
11.3360,-0.240537,-0.042372,0,107.14,NaN
11.3440,-0.252259,-0.054439,0,107.14,NaN
11.3520,-0.256166,-0.061699,0,107.14,NaN
11.3600,-0.256654,-0.064832,0,107.14,NaN
11.3680,-0.254212,-0.065283,0,107.14,NaN
11.3760,-0.250794,-0.064519,0,107.14,NaN
11.3840,-0.250305,-0.063442,0,107.14,NaN
11.3920,-0.250305,-0.062140,0,107.14,NaN
11.4000,-0.250305,-0.060063,0,107.14,NaN
11.4080,-0.250305,-0.056451,0,107.14,NaN
11.4160,-0.250305,-0.050766,0,107.14,NaN
11.4240,-0.250305,-0.043029,0,107.14,NaN
11.4320,-0.250305,-0.033961,0,107.14,NaN
11.4400,-0.250305,-0.191445,0,107.14,NaN
11.4480,-0.250305,-0.183899,0,107.14,NaN
11.4560,-0.250305,-0.173661,0,107.14,NaN
11.4640,-0.250305,-0.160941,0,107.14,NaN
11.4720,-0.250305,-0.146206,0,107.14,NaN
11.4800,-0.250305,-0.130309,0,107.14,NaN
11.4880,-0.241026,-0.114614,0,107.14,NaN
11.4960,-0.237607,-0.100771,0,107.14,NaN
11.5040,-0.233211,-0.090156,0,107.14,NaN
11.5120,-0.230769,-0.083449,0,107.14,NaN
11.5200,-0.226862,-0.080560,0,107.14,NaN
11.5280,-0.225885,-0.080709,0,107.14,NaN
11.5360,-0.221978,-0.082573,0,107.14,NaN
11.5440,-0.222466,-0.007732,0,107.14,NaN
11.5520,-0.222955,-0.010498,0,107.14,NaN
11.5600,-0.223443,-0.013069,0,107.14,NaN
11.5680,-0.222955,-0.014665,0,107.14,NaN
11.5760,-0.218559,-0.014918,0,107.14,NaN
11.5840,-0.215140,-0.013918,0,107.14,NaN
11.5920,-0.211233,-0.012029,0,107.14,NaN
11.6000,-0.209280,-0.009677,0,107.14,NaN
11.6080,-0.205372,-0.007297,0,107.14,NaN
11.6160,-0.201465,-0.005371,0,107.14,NaN
11.6240,-0.196581,-0.004364,0,107.14,NaN
11.6320,-0.195604,-0.004459,0,107.14,NaN
11.6400,-0.197070,-0.005330,0,107.14,NaN
11.6480,-0.197558,0.002561,0,107.14,NaN
11.6560,-0.195116,0.001440,0,107.14,NaN
11.6640,-0.195116,0.000934,0,107.14,NaN
11.6720,-0.192674,0.001313,0,107.14,NaN
11.6800,-0.189255,0.002578,0,107.14,NaN
11.6880,-0.184860,0.004413,0,107.14,NaN
11.6960,-0.179487,0.006283,0,107.14,NaN
11.7040,-0.177045,0.007633,0,107.14,NaN
11.7120,-0.173138,0.008082,0,107.14,NaN
11.7200,-0.173138,0.007510,0,107.14,NaN
11.7280,-0.172161,0.006041,0,107.14,NaN
11.7360,-0.172161,0.003942,0,107.14,NaN
11.7440,-0.172161,0.001517,0,107.14,NaN
11.7520,-0.172161,0.002726,0,107.14,NaN
11.7600,-0.170696,0.001888,0,107.14,NaN
11.7680,-0.167277,0.001291,0,107.14,NaN
11.7760,-0.164835,0.000563,0,107.14,NaN
11.7840,-0.163858,-0.000535,0,107.14,NaN
11.7920,-0.164347,-0.001876,0,107.14,NaN
11.8000,-0.164347,-0.003020,0,107.14,NaN
11.8080,-0.162882,-0.003502,0,107.14,NaN
11.8160,-0.160440,-0.003117,0,107.14,NaN
11.8240,-0.154579,-0.002045,0,107.14,NaN
11.8320,-0.150672,-0.000687,0,107.14,NaN
11.8400,-0.148230,0.000643,0,107.14,NaN
11.8480,-0.144811,0.001875,0,107.14,NaN
11.8560,-0.140904,0.008614,0,107.14,NaN
11.8640,-0.136996,0.008953,0,107.14,NaN
11.8720,-0.136020,0.008376,0,107.14,NaN
11.8800,-0.137485,0.007150,0,107.14,NaN
11.8880,-0.137485,0.005800,0,107.14,NaN
11.8960,-0.135531,0.004793,0,107.14,NaN
11.9040,-0.133578,0.004361,0,107.14,NaN
11.9120,-0.133089,0.004536,0,107.14,NaN
11.9200,-0.130159,0.005163,0,107.14,NaN
11.9280,-0.125275,0.005858,0,107.14,NaN
11.9360,-0.123321,0.006148,0,107.14,NaN
11.9440,-0.121368,0.005783,0,107.14,NaN
11.9520,-0.121856,0.004924,0,107.14,NaN
11.9600,-0.119414,0.004163,0,107.14,NaN
11.9680,-0.118437,0.003875,0,107.14,NaN
11.9760,-0.116484,0.003767,0,107.14,NaN
11.9840,-0.113553,0.003798,0,107.14,NaN
11.9920,-0.112576,0.003856,0,107.14,NaN
12.0000,-0.111111,0.003819,0,107.14,NaN
12.0080,-0.108181,0.003555,0,107.14,NaN
12.0160,-0.106716,0.002975,0,107.14,NaN
12.0240,-0.106716,0.002189,0,107.14,NaN
12.0320,-0.107692,0.001542,0,107.14,NaN
12.0400,-0.105739,0.001371,0,107.14,NaN
12.0480,-0.101343,0.001734,0,107.14,NaN
12.0560,-0.099389,0.002408,0,107.14,NaN
12.0640,-0.093040,0.007705,0,107.14,NaN
12.0720,-0.088156,0.009328,0,107.14,NaN
12.0800,-0.087179,0.009811,0,107.14,NaN
12.0880,-0.087179,0.009030,0,107.14,NaN
12.0960,-0.088156,0.007276,0,107.14,NaN
12.1040,-0.087179,0.005056,0,107.14,NaN
12.1120,-0.089133,0.002974,0,107.14,NaN
12.1200,-0.090598,0.001651,0,107.14,NaN
12.1280,-0.088645,0.001472,0,107.14,NaN
12.1360,-0.085226,0.002320,0,107.14,NaN
12.1440,-0.078877,0.003607,0,107.14,NaN
12.1520,-0.075946,0.004710,0,107.14,NaN
12.1600,-0.076435,0.005464,0,107.14,NaN
12.1680,-0.073016,0.058495,0,107.14,NaN
12.1760,-0.071551,0.058274,0,107.14,NaN
12.1840,-0.077900,0.056033,0,107.14,NaN
12.1920,-0.084737,0.052306,0,107.14,NaN
12.2000,-0.091087,0.047973,0,107.14,NaN
12.2080,-0.095971,0.043758,0,107.14,NaN
12.2160,-0.099878,0.039988,0,107.14,NaN
12.2240,-0.103785,0.036693,0,107.14,NaN
12.2320,-0.110134,0.033843,0,107.14,NaN
12.2400,-0.113553,0.031438,0,107.14,NaN
12.2480,-0.116972,0.029422,0,107.14,NaN
12.2560,-0.119902,0.027663,0,107.14,NaN
12.2640,-0.123810,0.026027,0,107.14,NaN
12.2720,-0.131624,0.010074,0,107.14,NaN
12.2800,-0.139438,0.006789,0,107.14,NaN
12.2880,-0.143346,0.005219,0,107.14,NaN
12.2960,-0.143834,0.005877,0,107.14,NaN
12.3040,-0.139927,0.008427,0,107.14,NaN
12.3120,-0.137485,0.011868,0,107.14,NaN
12.3200,-0.135531,0.015009,0,107.14,NaN
12.3280,-0.135531,0.016877,0,107.14,NaN
12.3360,-0.137973,0.016907,0,107.14,NaN
12.3440,-0.141880,0.014955,0,107.14,NaN
12.3520,-0.148230,0.011216,0,107.14,NaN
12.3600,-0.155556,0.006143,0,107.14,NaN
12.3680,-0.164347,0.000371,0,107.14,NaN
12.3760,-0.170696,-0.026293,0,107.14,NaN
12.3840,-0.173138,-0.027246,0,107.14,NaN
12.3920,-0.171673,-0.025543,0,107.14,NaN
12.4000,-0.168254,-0.021997,0,107.14,NaN
12.4080,-0.162882,-0.018000,0,107.14,NaN
12.4160,-0.159463,-0.014971,0,107.14,NaN
12.4240,-0.160928,-0.013721,0,107.14,NaN
12.4320,-0.164835,-0.014111,0,107.14,NaN
12.4400,-0.170696,-0.015247,0,107.14,NaN
12.4480,-0.173138,-0.016082,0,107.14,NaN
12.4560,-0.174115,-0.015985,0,107.14,NaN
12.4640,-0.174115,-0.014919,0,107.14,NaN
12.4720,-0.174603,-0.013273,0,107.14,NaN
12.4800,-0.172161,-0.026662,0,107.14,NaN
12.4880,-0.168742,-0.024296,0,107.14,NaN
12.4960,-0.167277,-0.022805,0,107.14,NaN
12.5040,-0.169231,-0.022557,0,107.14,NaN
12.5120,-0.172161,-0.023297,0,107.14,NaN
12.5200,-0.175092,-0.024324,0,107.14,NaN
12.5280,-0.177045,-0.024862,0,107.14,NaN
12.5360,-0.176557,-0.024390,0,107.14,NaN
12.5440,-0.174603,-0.022784,0,107.14,NaN
12.5520,-0.173138,-0.020238,0,107.14,NaN
12.5600,-0.169231,-0.017121,0,107.14,NaN
12.5680,-0.165324,-0.013813,0,107.14,NaN
12.5760,-0.163858,-0.010526,0,107.14,NaN
12.5840,-0.163858,-0.010054,0,107.14,NaN
12.5920,-0.163858,-0.009121,0,107.14,NaN
12.6000,-0.164347,-0.008117,0,107.14,NaN
12.6080,-0.161905,-0.006936,0,107.14,NaN
12.6160,-0.157509,-0.005922,0,107.14,NaN
12.6240,-0.156532,-0.005550,0,107.14,NaN
12.6320,-0.159951,-0.005913,0,107.14,NaN
12.6400,-0.162393,-0.006583,0,107.14,NaN
12.6480,-0.162882,-0.006988,0,107.14,NaN
12.6560,-0.160928,-0.006827,0,107.14,NaN
12.6640,-0.159463,-0.006132,0,107.14,NaN
12.6720,-0.158974,-0.005075,0,107.14,NaN
12.6800,-0.156532,-0.003840,0,107.14,NaN
12.6880,-0.154579,-0.007510,0,107.14,NaN
12.6960,-0.151160,-0.005593,0,107.14,NaN
12.7040,-0.148230,-0.003557,0,107.14,NaN
12.7120,-0.145788,-0.001637,0,107.14,NaN
12.7200,-0.143834,-0.000123,0,107.14,NaN
12.7280,-0.140415,0.000642,0,107.14,NaN
12.7360,-0.138950,0.000396,0,107.14,NaN
12.7440,-0.140904,-0.000792,0,107.14,NaN
12.7520,-0.141392,-0.002399,0,107.14,NaN
12.7600,-0.144811,-0.003632,0,107.14,NaN
12.7680,-0.143346,-0.003831,0,107.14,NaN
12.7760,-0.139438,-0.002854,0,107.14,NaN
12.7840,-0.136020,-0.001137,0,107.14,NaN
12.7920,-0.133578,0.014975,0,107.14,NaN
12.8000,-0.132112,0.018059,0,107.14,NaN
12.8080,-0.125275,0.020642,0,107.14,NaN
12.8160,-0.123321,0.021996,0,107.14,NaN
12.8240,-0.121856,0.021613,0,107.14,NaN
12.8320,-0.125275,0.019594,0,107.14,NaN
12.8400,-0.131136,0.016665,0,107.14,NaN
12.8480,-0.132601,0.013767,0,107.14,NaN
12.8560,-0.133578,0.011560,0,107.14,NaN
12.8640,-0.134066,0.010264,0,107.14,NaN
12.8720,-0.134066,0.009790,0,107.14,NaN
12.8800,-0.133089,0.009894,0,107.14,NaN
12.8880,-0.132601,0.010283,0,107.14,NaN
12.8960,-0.131624,0.006424,0,107.14,NaN
12.9040,-0.132601,0.005472,0,107.14,NaN
12.9120,-0.135531,0.004608,0,107.14,NaN
12.9200,-0.137485,0.004475,0,107.14,NaN
12.9280,-0.134066,0.005429,0,107.14,NaN
12.9360,-0.131136,0.007220,0,107.14,NaN
12.9440,-0.125763,0.009140,0,107.14,NaN
12.9520,-0.125763,0.010461,0,107.14,NaN
12.9600,-0.125275,0.010749,0,107.14,NaN
12.9680,-0.125275,0.009886,0,107.14,NaN
12.9760,-0.127228,0.007955,0,107.14,NaN
12.9840,-0.129182,0.005193,0,107.14,NaN
12.9920,-0.132601,0.001973,0,107.14,NaN
13.0000,-0.132601,0.001951,0,107.14,NaN
13.0080,-0.132601,0.001860,0,107.14,NaN
13.0160,-0.131624,0.002982,0,107.14,NaN
13.0240,-0.127717,0.005164,0,107.14,NaN
13.0320,-0.125275,0.008083,0,107.14,NaN
13.0400,-0.123321,0.011322,0,107.14,NaN
13.0480,-0.117460,0.014343,0,107.14,NaN
13.0560,-0.116484,0.016490,0,107.14,NaN
13.0640,-0.113553,0.017133,0,107.14,NaN
13.0720,-0.116484,0.015839,0,107.14,NaN
13.0800,-0.117949,0.012492,0,107.14,NaN
13.0880,-0.123810,0.007367,0,107.14,NaN
13.0960,-0.131624,0.001186,0,107.14,NaN
13.1040,-0.137973,-0.023104,0,107.14,NaN
13.1120,-0.142369,-0.026802,0,107.14,NaN
13.1200,-0.140904,-0.028195,0,107.14,NaN
13.1280,-0.137973,-0.027585,0,107.14,NaN
13.1360,-0.133578,-0.025705,0,107.14,NaN
13.1440,-0.132112,-0.023227,0,107.14,NaN
13.1520,-0.129182,-0.020530,0,107.14,NaN
13.1600,-0.125275,-0.017824,0,107.14,NaN
13.1680,-0.121368,-0.015375,0,107.14,NaN
13.1760,-0.116972,-0.013549,0,107.14,NaN
13.1840,-0.114530,-0.012645,0,107.14,NaN
13.1920,-0.114530,-0.012673,0,107.14,NaN
13.2000,-0.114530,-0.013283,0,107.14,NaN
13.2080,-0.112576,-0.022465,0,107.14,NaN
13.2160,-0.110623,-0.024410,0,107.14,NaN
13.2240,-0.112088,-0.027215,0,107.14,NaN
13.2320,-0.116484,-0.030549,0,107.14,NaN
13.2400,-0.118437,-0.033738,0,107.14,NaN
13.2480,-0.117949,-0.036104,0,107.14,NaN
13.2560,-0.117460,-0.037163,0,107.14,NaN
13.2640,-0.115507,-0.036592,0,107.14,NaN
13.2720,-0.112088,-0.034207,0,107.14,NaN
13.2800,-0.105739,-0.030067,0,107.14,NaN
13.2880,-0.096459,-0.024563,0,107.14,NaN
13.2960,-0.086203,-0.018294,0,107.14,NaN
13.3040,-0.079365,-0.011769,0,107.14,NaN
13.3120,-0.071551,0.070795,0,107.14,NaN
13.3200,-0.070085,0.074236,0,107.14,NaN
13.3280,-0.070085,0.073554,0,107.14,NaN
13.3360,-0.077411,0.068680,0,107.14,NaN
13.3440,-0.089133,0.060460,0,107.14,NaN
13.3520,-0.103785,0.050551,0,107.14,NaN
13.3600,-0.117460,0.040943,0,107.14,NaN
13.3680,-0.127228,0.033322,0,107.14,NaN
13.3760,-0.132601,0.028620,0,107.14,NaN
13.3840,-0.135531,0.026977,0,107.14,NaN
13.3920,-0.136996,0.027999,0,107.14,NaN
13.4000,-0.135531,0.030987,0,107.14,NaN
13.4080,-0.132601,0.035038,0,107.14,NaN
13.4160,-0.129670,-0.036091,0,107.14,NaN
13.4240,-0.125763,-0.034336,0,107.14,NaN
13.4320,-0.125275,-0.032575,0,107.14,NaN
13.4400,-0.119902,-0.030870,0,107.14,NaN
13.4480,-0.116972,-0.029311,0,107.14,NaN
13.4560,-0.112576,-0.027965,0,107.14,NaN
13.4640,-0.112088,-0.026703,0,107.14,NaN
13.4720,-0.110623,-0.025207,0,107.14,NaN
13.4800,-0.106716,-0.023251,0,107.14,NaN
13.4880,-0.101343,-0.020959,0,107.14,NaN
13.4960,-0.096459,-0.018730,0,107.14,NaN
13.5040,-0.093529,-0.016886,0,107.14,NaN
13.5120,-0.092063,-0.015400,0,107.14,NaN
13.5200,-0.087179,-0.036826,0,107.14,NaN
13.5280,-0.080830,-0.035281,0,107.14,NaN
13.5360,-0.077900,-0.034013,0,107.14,NaN
13.5440,-0.074481,-0.033223,0,107.14,NaN
13.5520,-0.071551,-0.032974,0,107.14,NaN
13.5600,-0.068620,-0.033242,0,107.14,NaN
13.5680,-0.065201,-0.033913,0,107.14,NaN
13.5760,-0.062759,-0.034644,0,107.14,NaN
13.5840,-0.061783,-0.034711,0,107.14,NaN
13.5920,-0.060806,-0.033115,0,107.14,NaN
13.6000,-0.054457,-0.029079,0,107.14,NaN
13.6080,-0.043223,-0.022619,0,107.14,NaN
13.6160,-0.031502,-0.014683,0,107.14,NaN
13.6240,-0.019780,0.014244,0,107.14,NaN
13.6320,-0.006593,0.023561,0,107.14,NaN
13.6400,0.005617,0.030480,0,107.14,NaN
13.6480,0.008059,0.034134,0,107.14,NaN
13.6560,0.008547,0.034650,0,107.14,NaN
13.6640,0.008059,0.032893,0,107.14,NaN
13.6720,0.008059,0.029894,0,107.14,NaN
13.6800,0.008059,0.026472,0,107.14,NaN
13.6880,0.008059,0.023175,0,107.14,NaN
13.6960,0.008059,0.020377,0,107.14,NaN
13.7040,0.008059,0.018332,0,107.14,NaN
13.7120,0.010012,0.017086,0,107.14,NaN
13.7200,0.013919,0.016359,0,107.14,NaN
13.7280,0.008059,0.115004,0,107.14,NaN
13.7360,-0.010989,0.101156,0,107.14,NaN
13.7440,-0.037851,0.081420,0,107.14,NaN
13.7520,-0.067155,0.058600,0,107.14,NaN
13.7600,-0.094505,0.036267,0,107.14,NaN
13.7680,-0.116972,0.017685,0,107.14,NaN
13.7760,-0.132112,0.005083,0,107.14,NaN
13.7840,-0.139927,-0.000644,0,107.14,NaN
13.7920,-0.140415,0.000113,0,107.14,NaN
13.8000,-0.135043,0.006012,0,107.14,NaN
13.8080,-0.127717,0.015277,0,107.14,NaN
13.8160,-0.117460,0.026270,0,107.14,NaN
13.8240,-0.112088,0.037906,0,107.14,NaN
13.8320,-0.107692,-0.030624,0,107.14,NaN
13.8400,-0.107692,-0.029208,0,107.14,NaN
13.8480,-0.109646,-0.029784,0,107.14,NaN
13.8560,-0.112088,-0.031313,0,107.14,NaN
13.8640,-0.116484,-0.032653,0,107.14,NaN
13.8720,-0.115995,-0.032985,0,107.14,NaN
13.8800,-0.113553,-0.032101,0,107.14,NaN
13.8880,-0.111600,-0.030292,0,107.14,NaN
13.8960,-0.109158,-0.027961,0,107.14,NaN
13.9040,-0.109158,-0.025315,0,107.14,NaN
13.9120,-0.107692,-0.022360,0,107.14,NaN
13.9200,-0.104274,-0.019101,0,107.14,NaN
13.9280,-0.102808,-0.015658,0,107.14,NaN
13.9360,-0.102320,-0.035166,0,107.14,NaN
13.9440,-0.103785,-0.034854,0,107.14,NaN
13.9520,-0.104762,-0.035037,0,107.14,NaN
13.9600,-0.106716,-0.035397,0,107.14,NaN
13.9680,-0.108181,-0.035532,0,107.14,NaN
13.9760,-0.108669,-0.035015,0,107.14,NaN
13.9840,-0.110623,-0.033487,0,107.14,NaN
13.9920,-0.109646,-0.030842,0,107.14,NaN
14.0000,-0.103785,-0.027431,0,107.14,NaN
14.0080,-0.101343,-0.023934,0,107.14,NaN
14.0160,-0.101343,-0.020918,0,107.14,NaN
14.0240,-0.100366,-0.018548,0,107.14,NaN
14.0320,-0.101343,-0.016619,0,107.14,NaN
14.0400,-0.099878,0.049949,0,107.14,NaN
14.0480,-0.095971,0.055764,0,107.14,NaN
14.0560,-0.092552,0.062449,0,107.14,NaN
14.0640,-0.089133,0.069934,0,107.14,NaN
14.0720,-0.083272,0.077797,0,107.14,NaN
14.0800,-0.074969,0.085022,0,107.14,NaN
14.0880,-0.070085,0.090062,0,107.14,NaN
14.0960,-0.068132,0.091287,0,107.14,NaN
14.1040,-0.075458,0.087574,0,107.14,NaN
14.1120,-0.088156,0.078626,0,107.14,NaN
14.1200,-0.102808,0.064929,0,107.14,NaN
14.1280,-0.124786,0.047599,0,107.14,NaN
14.1360,-0.148230,0.028295,0,107.14,NaN
14.1440,-0.170696,-0.720303,0,107.14,NaN
14.1520,-0.184860,-0.762216,0,107.14,NaN
14.1600,-0.184860,-0.795266,0,107.14,NaN
14.1680,-0.172650,-0.817023,0,107.14,NaN
14.1760,-0.148230,-0.825642,0,107.14,NaN
14.1840,-0.107692,-0.819512,0,107.14,NaN
14.1920,-0.051526,-0.797188,0,107.14,NaN
14.2000,0.023687,-0.757730,0,107.14,NaN
14.2080,0.117460,-0.701306,0,107.14,NaN
14.2160,0.234188,-0.629765,0,107.14,NaN
14.2240,0.365079,-0.546606,0,107.14,NaN
14.2320,0.497436,-0.456125,0,107.14,NaN
14.2400,0.632723,-0.362450,0,107.14,NaN
14.2480,0.768010,0.877593,0,107.14,NaN
14.2560,0.897436,0.957690,0,107.14,NaN
14.2640,0.968742,1.000000,1,107.14,NaN
14.2720,0.928205,0.995881,1,107.14,NaN
14.2800,0.781685,0.947548,0,107.14,NaN
14.2880,0.596581,0.867592,0,107.14,NaN
14.2960,0.414408,0.773388,0,107.14,NaN
14.3040,0.243468,0.680977,0,107.14,NaN
14.3120,0.097436,0.601817,0,107.14,NaN
14.3200,-0.031502,0.542309,0,107.14,NaN
14.3280,-0.131624,0.504238,0,107.14,NaN
14.3360,-0.199512,0.484777,0,107.14,NaN
14.3440,-0.229304,0.476418,0,107.14,NaN
14.3520,-0.227350,-0.182019,0,107.14,NaN
14.3600,-0.200488,-0.158387,0,107.14,NaN
14.3680,-0.157021,-0.121601,0,107.14,NaN
14.3760,-0.113553,-0.080954,0,107.14,NaN
14.3840,-0.074969,-0.044451,0,107.14,NaN
14.3920,-0.051038,-0.017517,0,107.14,NaN
14.4000,-0.038339,-0.002545,0,107.14,NaN
14.4080,-0.038828,0.000781,0,107.14,NaN
14.4160,-0.047131,-0.005283,0,107.14,NaN
14.4240,-0.064713,-0.017478,0,107.14,NaN
14.4320,-0.080830,-0.032584,0,107.14,NaN
14.4400,-0.094505,-0.048365,0,107.14,NaN
14.4480,-0.104762,-0.063967,0,107.14,NaN
14.4560,-0.109646,-0.114190,0,107.14,NaN
14.4640,-0.113553,-0.121282,0,107.14,NaN
14.4720,-0.114530,-0.126341,0,107.14,NaN
14.4800,-0.115507,-0.130160,0,107.14,NaN
14.4880,-0.115995,-0.133243,0,107.14,NaN
14.4960,-0.116972,-0.135581,0,107.14,NaN
14.5040,-0.120391,-0.136537,0,107.14,NaN
14.5120,-0.122344,-0.134959,0,107.14,NaN
14.5200,-0.123810,-0.129558,0,107.14,NaN
14.5280,-0.121856,-0.119406,0,107.14,NaN
14.5360,-0.118437,-0.104315,0,107.14,NaN
14.5440,-0.115995,-0.085041,0,107.14,NaN
14.5520,-0.110623,-0.063312,0,107.14,NaN
14.5600,-0.105739,-0.109938,0,107.14,NaN
14.5680,-0.104274,-0.091887,0,107.14,NaN
14.5760,-0.104762,-0.075278,0,107.14,NaN
14.5840,-0.107692,-0.061004,0,107.14,NaN
14.5920,-0.109158,-0.049412,0,107.14,NaN
14.6000,-0.107692,-0.040550,0,107.14,NaN
14.6080,-0.106716,-0.034349,0,107.14,NaN
14.6160,-0.105739,-0.030586,0,107.14,NaN
14.6240,-0.106227,-0.028857,0,107.14,NaN
14.6320,-0.101343,-0.028760,0,107.14,NaN
14.6400,-0.097924,-0.030054,0,107.14,NaN
14.6480,-0.093529,-0.032546,0,107.14,NaN
14.6560,-0.093529,-0.035819,0,107.14,NaN
14.6640,-0.094994,-0.009437,0,107.14,NaN
14.6720,-0.094017,-0.011289,0,107.14,NaN
14.6800,-0.094017,-0.012503,0,107.14,NaN
14.6880,-0.093529,-0.012848,0,107.14,NaN
14.6960,-0.093529,-0.012272,0,107.14,NaN
14.7040,-0.093529,-0.010867,0,107.14,NaN
14.7120,-0.091087,-0.008939,0,107.14,NaN
14.7200,-0.087179,-0.007023,0,107.14,NaN
14.7280,-0.085714,-0.005649,0,107.14,NaN
14.7360,-0.085714,-0.005016,0,107.14,NaN
14.7440,-0.086691,-0.004914,0,107.14,NaN
14.7520,-0.085714,-0.004986,0,107.14,NaN
14.7600,-0.083272,-0.005043,0,107.14,NaN
14.7680,-0.082784,0.004445,0,107.14,NaN
14.7760,-0.082784,0.004711,0,107.14,NaN
14.7840,-0.079365,0.004936,0,107.14,NaN
14.7920,-0.079365,0.005064,0,107.14,NaN
14.8000,-0.078388,0.005141,0,107.14,NaN
14.8080,-0.078388,0.005326,0,107.14,NaN
14.8160,-0.076435,0.005740,0,107.14,NaN
14.8240,-0.074481,0.006313,0,107.14,NaN
14.8320,-0.071551,0.006770,0,107.14,NaN
14.8400,-0.070085,0.006771,0,107.14,NaN
14.8480,-0.070085,0.006112,0,107.14,NaN
14.8560,-0.070574,0.004836,0,107.14,NaN
14.8640,-0.071551,0.003192,0,107.14,NaN
14.8720,-0.070574,-0.010913,0,107.14,NaN
14.8800,-0.069597,-0.011340,0,107.14,NaN
14.8880,-0.067155,-0.011393,0,107.14,NaN
14.8960,-0.064225,-0.011386,0,107.14,NaN
14.9040,-0.061783,-0.011578,0,107.14,NaN
14.9120,-0.062271,-0.011924,0,107.14,NaN
14.9200,-0.061294,-0.012036,0,107.14,NaN
14.9280,-0.060317,-0.011448,0,107.14,NaN
14.9360,-0.055922,-0.009986,0,107.14,NaN
14.9440,-0.051038,-0.007976,0,107.14,NaN
14.9520,-0.043712,-0.006091,0,107.14,NaN
14.9600,-0.041270,-0.004875,0,107.14,NaN
14.9680,-0.041270,-0.004280,0,107.14,NaN
14.9760,-0.043223,0.025542,0,107.14,NaN
14.9840,-0.047131,0.023529,0,107.14,NaN
14.9920,-0.049084,0.022033,0,107.14,NaN
15.0000,-0.049084,0.021945,0,107.14,NaN
15.0080,-0.046642,0.023532,0,107.14,NaN
15.0160,-0.041758,0.026326,0,107.14,NaN
15.0240,-0.037363,0.029297,0,107.14,NaN
15.0320,-0.034432,0.031221,0,107.14,NaN
15.0400,-0.032479,0.031081,0,107.14,NaN
15.0480,-0.036874,0.028425,0,107.14,NaN
15.0560,-0.041270,0.023515,0,107.14,NaN
15.0640,-0.052991,0.017151,0,107.14,NaN
15.0720,-0.055922,0.010188,0,107.14,NaN
15.0800,-0.055433,-0.017783,0,107.14,NaN
15.0880,-0.049573,-0.016388,0,107.14,NaN
15.0960,-0.045177,-0.012697,0,107.14,NaN
15.1040,-0.038339,-0.007910,0,107.14,NaN
15.1120,-0.030525,-0.003435,0,107.14,NaN
15.1200,-0.023199,-0.000585,0,107.14,NaN
15.1280,-0.021734,-0.000092,0,107.14,NaN
15.1360,-0.024176,-0.001683,0,107.14,NaN
15.1440,-0.029060,-0.004186,0,107.14,NaN
15.1520,-0.031013,-0.006215,0,107.14,NaN
15.1600,-0.026618,-0.006962,0,107.14,NaN
15.1680,-0.023199,-0.006471,0,107.14,NaN
15.1760,-0.020757,-0.005303,0,107.14,NaN
15.1840,-0.016361,0.003775,0,107.14,NaN
15.1920,-0.012454,0.005806,0,107.14,NaN
15.2000,-0.010501,0.007028,0,107.14,NaN
15.2080,-0.007570,0.007169,0,107.14,NaN
15.2160,-0.008059,0.006312,0,107.14,NaN
15.2240,-0.010989,0.004925,0,107.14,NaN
15.2320,-0.010989,0.003633,0,107.14,NaN
15.2400,-0.009035,0.002844,0,107.14,NaN
15.2480,-0.008059,0.002636,0,107.14,NaN
15.2560,-0.007570,0.002875,0,107.14,NaN
15.2640,-0.005128,0.003335,0,107.14,NaN
15.2720,-0.002198,0.003771,0,107.14,NaN
15.2800,-0.002686,0.004081,0,107.14,NaN
15.2880,-0.006593,0.045153,0,107.14,NaN
15.2960,-0.010989,0.042043,0,107.14,NaN
15.3040,-0.017827,0.038131,0,107.14,NaN
15.3120,-0.023199,0.034226,0,107.14,NaN
15.3200,-0.026129,0.030949,0,107.14,NaN
15.3280,-0.031013,0.028633,0,107.14,NaN
15.3360,-0.033455,0.027346,0,107.14,NaN
15.3440,-0.035897,0.026885,0,107.14,NaN
15.3520,-0.036386,0.026733,0,107.14,NaN
15.3600,-0.036386,0.026141,0,107.14,NaN
15.3680,-0.038828,0.024422,0,107.14,NaN
15.3760,-0.042247,0.021336,0,107.14,NaN
15.3840,-0.050061,0.017321,0,107.14,NaN
15.3920,-0.055433,0.007572,0,107.14,NaN
15.4000,-0.063736,0.002743,0,107.14,NaN
15.4080,-0.070085,-0.000877,0,107.14,NaN
15.4160,-0.074969,-0.002858,0,107.14,NaN
15.4240,-0.074481,-0.003642,0,107.14,NaN
15.4320,-0.070574,-0.004477,0,107.14,NaN
15.4400,-0.073504,-0.006576,0,107.14,NaN
15.4480,-0.082295,-0.010047,0,107.14,NaN
15.4560,-0.092552,-0.013588,0,107.14,NaN
15.4640,-0.098413,-0.015259,0,107.14,NaN
15.4720,-0.097924,-0.013681,0,107.14,NaN
15.4800,-0.092063,-0.008805,0,107.14,NaN
15.4880,-0.085226,-0.001889,0,107.14,NaN
15.4960,-0.082295,-0.014891,0,107.14,NaN
15.5040,-0.078877,-0.012303,0,107.14,NaN
15.5120,-0.082295,-0.012321,0,107.14,NaN
15.5200,-0.086203,-0.014724,0,107.14,NaN
15.5280,-0.093529,-0.018466,0,107.14,NaN
15.5360,-0.100855,-0.022037,0,107.14,NaN
15.5440,-0.105739,-0.024008,0,107.14,NaN
15.5520,-0.106716,-0.023616,0,107.14,NaN
15.5600,-0.102320,-0.021051,0,107.14,NaN
15.5680,-0.098901,-0.017229,0,107.14,NaN
15.5760,-0.095971,-0.013176,0,107.14,NaN
15.5840,-0.095971,-0.009481,0,107.14,NaN
15.5920,-0.095482,-0.006151,0,107.14,NaN
15.6000,-0.095971,-0.019936,0,107.14,NaN
15.6080,-0.095971,-0.019072,0,107.14,NaN
15.6160,-0.096459,-0.017864,0,107.14,NaN
15.6240,-0.095971,-0.015922,0,107.14,NaN
15.6320,-0.093529,-0.013189,0,107.14,NaN
15.6400,-0.088645,-0.010032,0,107.14,NaN
15.6480,-0.085226,-0.007065,0,107.14,NaN
15.6560,-0.085714,-0.004781,0,107.14,NaN
15.6640,-0.086203,-0.003408,0,107.14,NaN
15.6720,-0.084737,-0.003083,0,107.14,NaN
15.6800,-0.085226,-0.003959,0,107.14,NaN
15.6880,-0.088156,-0.006019,0,107.14,NaN
15.6960,-0.093040,-0.008844,0,107.14,NaN
15.7040,-0.096947,-0.006267,0,107.14,NaN
15.7120,-0.097924,-0.007654,0,107.14,NaN
15.7200,-0.097924,-0.007776,0,107.14,NaN
15.7280,-0.095971,-0.006651,0,107.14,NaN
15.7360,-0.095971,-0.004573,0,107.14,NaN
15.7440,-0.092552,-0.002095,0,107.14,NaN
15.7520,-0.087179,0.000001,0,107.14,NaN
15.7600,-0.085714,0.000991,0,107.14,NaN
15.7680,-0.087179,0.000661,0,107.14,NaN
15.7760,-0.090598,-0.000553,0,107.14,NaN
15.7840,-0.092552,-0.001927,0,107.14,NaN
15.7920,-0.092552,-0.002967,0,107.14,NaN
15.8000,-0.092063,-0.003662,0,107.14,NaN
15.8080,-0.090110,-0.011172,0,107.14,NaN
15.8160,-0.088645,-0.010206,0,107.14,NaN
15.8240,-0.085714,-0.009398,0,107.14,NaN
15.8320,-0.085714,-0.009106,0,107.14,NaN
15.8400,-0.084737,-0.009388,0,107.14,NaN
15.8480,-0.085714,-0.009985,0,107.14,NaN
15.8560,-0.085226,-0.010457,0,107.14,NaN
15.8640,-0.084737,-0.010384,0,107.14,NaN
15.8720,-0.082784,-0.009549,0,107.14,NaN
15.8800,-0.080830,-0.008061,0,107.14,NaN
15.8880,-0.074481,-0.006343,0,107.14,NaN
15.8960,-0.071551,-0.004869,0,107.14,NaN
15.9040,-0.072039,-0.003743,0,107.14,NaN
15.9120,-0.071062,0.012270,0,107.14,NaN
15.9200,-0.070085,0.011425,0,107.14,NaN
15.9280,-0.072527,0.009501,0,107.14,NaN
15.9360,-0.075458,0.006859,0,107.14,NaN
15.9440,-0.078877,0.004103,0,107.14,NaN
15.9520,-0.082295,0.001899,0,107.14,NaN
15.9600,-0.082784,0.000720,0,107.14,NaN
15.9680,-0.082295,0.000677,0,107.14,NaN
15.9760,-0.081319,0.001528,0,107.14,NaN
15.9840,-0.078877,0.002793,0,107.14,NaN
15.9920,-0.076923,0.003942,0,107.14,NaN
16.0000,-0.074969,0.004631,0,107.14,NaN
16.0080,-0.076435,0.004911,0,107.14,NaN
16.0160,-0.082295,-0.007337,0,107.14,NaN
16.0240,-0.084737,-0.010666,0,107.14,NaN
16.0320,-0.085714,-0.013958,0,107.14,NaN
16.0400,-0.087668,-0.016912,0,107.14,NaN
16.0480,-0.090110,-0.019315,0,107.14,NaN
16.0560,-0.092063,-0.020938,0,107.14,NaN
16.0640,-0.091087,-0.021623,0,107.14,NaN
16.0720,-0.089133,-0.021346,0,107.14,NaN
16.0800,-0.088156,-0.020117,0,107.14,NaN
16.0880,-0.085714,-0.017908,0,107.14,NaN
16.0960,-0.080830,-0.014737,0,107.14,NaN
16.1040,-0.075946,-0.010783,0,107.14,NaN
16.1120,-0.070085,-0.006392,0,107.14,NaN
16.1200,-0.070085,-0.001339,0,107.14,NaN
16.1280,-0.072527,-0.004300,0,107.14,NaN
16.1360,-0.079365,-0.008958,0,107.14,NaN
16.1440,-0.086203,-0.013751,0,107.14,NaN
16.1520,-0.091575,-0.016989,0,107.14,NaN
16.1600,-0.090110,-0.017630,0,107.14,NaN
16.1680,-0.085226,-0.015719,0,107.14,NaN
16.1760,-0.078877,-0.012227,0,107.14,NaN
16.1840,-0.074481,-0.008460,0,107.14,NaN
16.1920,-0.070574,-0.005500,0,107.14,NaN
16.2000,-0.069109,-0.003902,0,107.14,NaN
16.2080,-0.069109,-0.003628,0,107.14,NaN
16.2160,-0.070085,-0.004154,0,107.14,NaN
16.2240,-0.071551,0.008430,0,107.14,NaN
16.2320,-0.074969,0.004994,0,107.14,NaN
16.2400,-0.079365,0.000625,0,107.14,NaN
16.2480,-0.085714,-0.004001,0,107.14,NaN
16.2560,-0.091087,-0.007990,0,107.14,NaN
16.2640,-0.094017,-0.010524,0,107.14,NaN
16.2720,-0.094505,-0.011184,0,107.14,NaN
16.2800,-0.092552,-0.010100,0,107.14,NaN
16.2880,-0.088645,-0.007865,0,107.14,NaN
16.2960,-0.085714,-0.005244,0,107.14,NaN
16.3040,-0.084249,-0.002854,0,107.14,NaN
16.3120,-0.080830,-0.000974,0,107.14,NaN
16.3200,-0.081319,0.000505,0,107.14,NaN
16.3280,-0.085714,-0.018284,0,107.14,NaN
16.3360,-0.090110,-0.022262,0,107.14,NaN
16.3440,-0.094017,-0.025339,0,107.14,NaN
16.3520,-0.094017,-0.025981,0,107.14,NaN
16.3600,-0.090598,-0.023085,0,107.14,NaN
16.3680,-0.085226,-0.016356,0,107.14,NaN
16.3760,-0.073016,-0.006673,0,107.14,NaN
16.3840,-0.056899,0.003732,0,107.14,NaN
16.3920,-0.042247,0.011742,0,107.14,NaN
16.4000,-0.038339,0.014511,0,107.14,NaN
16.4080,-0.041270,0.010657,0,107.14,NaN
16.4160,-0.054457,0.000831,0,107.14,NaN
16.4240,-0.070085,-0.012500,0,107.14,NaN
16.4320,-0.085226,0.005181,0,107.14,NaN
16.4400,-0.098901,-0.004539,0,107.14,NaN
16.4480,-0.103785,-0.009410,0,107.14,NaN
16.4560,-0.101832,-0.009009,0,107.14,NaN
16.4640,-0.094017,-0.004648,0,107.14,NaN
16.4720,-0.084249,0.001218,0,107.14,NaN
16.4800,-0.077411,0.006036,0,107.14,NaN
16.4880,-0.077411,0.008209,0,107.14,NaN
16.4960,-0.083761,0.007559,0,107.14,NaN
16.5040,-0.086691,0.004942,0,107.14,NaN
16.5120,-0.092063,0.001460,0,107.14,NaN
16.5200,-0.095971,-0.002116,0,107.14,NaN
16.5280,-0.098413,-0.005530,0,107.14,NaN
16.5360,-0.094017,-0.043960,0,107.14,NaN
16.5440,-0.088645,-0.040901,0,107.14,NaN
16.5520,-0.078877,-0.036953,0,107.14,NaN
16.5600,-0.071551,-0.033455,0,107.14,NaN
16.5680,-0.070085,-0.031092,0,107.14,NaN
16.5760,-0.070085,-0.029628,0,107.14,NaN
16.5840,-0.066667,-0.028360,0,107.14,NaN
16.5920,-0.062271,-0.026793,0,107.14,NaN
16.6000,-0.054945,-0.024900,0,107.14,NaN
16.6080,-0.052503,-0.022872,0,107.14,NaN
16.6160,-0.049084,-0.020790,0,107.14,NaN
16.6240,-0.045177,-0.018613,0,107.14,NaN
16.6320,-0.039805,-0.016348,0,107.14,NaN
16.6400,-0.038828,0.000692,0,107.14,NaN
16.6480,-0.035409,0.003640,0,107.14,NaN
16.6560,-0.031013,0.008506,0,107.14,NaN
16.6640,-0.021734,0.015702,0,107.14,NaN
16.6720,-0.009524,0.024717,0,107.14,NaN
16.6800,0.005128,0.034114,0,107.14,NaN
16.6880,0.014408,0.042013,0,107.14,NaN
16.6960,0.018315,0.046704,0,107.14,NaN
16.7040,0.021245,0.046975,0,107.14,NaN
16.7120,0.016361,0.042239,0,107.14,NaN
16.7200,0.008059,0.032673,0,107.14,NaN
16.7280,-0.007570,0.019314,0,107.14,NaN
16.7360,-0.021734,0.003885,0,107.14,NaN
16.7440,-0.031013,0.069876,0,107.14,NaN
16.7520,-0.036874,0.065236,0,107.14,NaN
16.7600,-0.038339,0.063745,0,107.14,NaN
16.7680,-0.037851,0.064606,0,107.14,NaN
16.7760,-0.037363,0.066496,0,107.14,NaN
16.7840,-0.037851,0.067980,0,107.14,NaN
16.7920,-0.038828,0.067833,0,107.14,NaN
16.8000,-0.043223,0.065289,0,107.14,NaN
16.8080,-0.052015,0.060255,0,107.14,NaN
16.8160,-0.062759,0.053301,0,107.14,NaN
16.8240,-0.073504,0.045340,0,107.14,NaN
16.8320,-0.085226,0.037177,0,107.14,NaN
16.8400,-0.092552,0.029164,0,107.14,NaN
16.8480,-0.098901,-0.012012,0,107.14,NaN
16.8560,-0.100855,-0.013500,0,107.14,NaN
16.8640,-0.098901,-0.012651,0,107.14,NaN
16.8720,-0.096459,-0.010561,0,107.14,NaN
16.8800,-0.093529,-0.008414,0,107.14,NaN
16.8880,-0.094505,-0.006975,0,107.14,NaN
16.8960,-0.098413,-0.006399,0,107.14,NaN
16.9040,-0.097924,-0.006464,0,107.14,NaN
16.9120,-0.098901,-0.006908,0,107.14,NaN
16.9200,-0.102320,-0.007474,0,107.14,NaN
16.9280,-0.104762,-0.007839,0,107.14,NaN
16.9360,-0.108181,-0.007749,0,107.14,NaN
16.9440,-0.107204,-0.007254,0,107.14,NaN
16.9520,-0.106716,-0.027759,0,107.14,NaN
16.9600,-0.107692,-0.027079,0,107.14,NaN
16.9680,-0.108669,-0.026086,0,107.14,NaN
16.9760,-0.109158,-0.024748,0,107.14,NaN
16.9840,-0.108669,-0.023079,0,107.14,NaN
16.9920,-0.108181,-0.021194,0,107.14,NaN
17.0000,-0.109646,-0.019246,0,107.14,NaN
17.0080,-0.109646,-0.017360,0,107.14,NaN
17.0160,-0.110623,-0.015666,0,107.14,NaN
17.0240,-0.111600,-0.014316,0,107.14,NaN
17.0320,-0.111600,-0.013454,0,107.14,NaN
17.0400,-0.113553,-0.013119,0,107.14,NaN
17.0480,-0.115995,-0.013139,0,107.14,NaN
17.0560,-0.116972,-0.026168,0,107.14,NaN
17.0640,-0.115507,-0.025231,0,107.14,NaN
17.0720,-0.113065,-0.023598,0,107.14,NaN
17.0800,-0.112088,-0.021395,0,107.14,NaN
17.0880,-0.112088,-0.018677,0,107.14,NaN
17.0960,-0.109646,-0.015531,0,107.14,NaN
17.1040,-0.104762,-0.012310,0,107.14,NaN
17.1120,-0.101343,-0.009596,0,107.14,NaN
17.1200,-0.101343,-0.007879,0,107.14,NaN
17.1280,-0.101343,-0.007333,0,107.14,NaN
17.1360,-0.101343,-0.007870,0,107.14,NaN
17.1440,-0.102320,-0.009250,0,107.14,NaN
17.1520,-0.104274,-0.011110,0,107.14,NaN
17.1600,-0.109646,-0.158083,0,107.14,NaN
17.1680,-0.117949,-0.173903,0,107.14,NaN
17.1760,-0.131624,-0.192910,0,107.14,NaN
17.1840,-0.144811,-0.214237,0,107.14,NaN
17.1920,-0.159463,-0.236130,0,107.14,NaN
17.2000,-0.174115,-0.255836,0,107.14,NaN
17.2080,-0.183883,-0.269734,0,107.14,NaN
17.2160,-0.179976,-0.273907,0,107.14,NaN
17.2240,-0.163858,-0.264932,0,107.14,NaN
17.2320,-0.132601,-0.240582,0,107.14,NaN
17.2400,-0.083761,-0.200566,0,107.14,NaN
17.2480,-0.020757,-0.147306,0,107.14,NaN
17.2560,0.062759,-0.086351,0,107.14,NaN
17.2640,0.164347,0.185033,0,107.14,NaN
17.2720,0.284005,0.298084,0,107.14,NaN
17.2800,0.409524,0.422407,0,107.14,NaN
17.2880,0.534066,0.551589,0,107.14,NaN
17.2960,0.656654,0.675321,0,107.14,NaN
17.3040,0.789499,0.778015,0,107.14,NaN
17.3120,0.890598,0.840485,0,107.14,NaN
17.3200,0.914042,0.846500,0,107.14,NaN
17.3280,0.826618,0.790752,0,107.14,NaN
17.3360,0.673748,0.681539,0,107.14,NaN
17.3440,0.509646,0.535549,0,107.14,NaN
17.3520,0.344078,0.369543,0,107.14,NaN
17.3600,0.180464,0.195513,0,107.14,NaN
17.3680,0.028083,0.026977,0,107.14,NaN
17.3760,-0.104274,-0.092033,0,107.14,NaN
17.3840,-0.195604,-0.175840,0,107.14,NaN
17.3920,-0.241514,-0.221088,0,107.14,NaN
17.4000,-0.250305,-0.229969,0,107.14,NaN
17.4080,-0.218559,-0.210076,0,107.14,NaN
17.4160,-0.172650,-0.172891,0,107.14,NaN
17.4240,-0.120391,-0.131115,0,107.14,NaN
17.4320,-0.082784,-0.095700,0,107.14,NaN
17.4400,-0.059341,-0.073624,0,107.14,NaN
17.4480,-0.054457,-0.066981,0,107.14,NaN
17.4560,-0.065201,-0.073295,0,107.14,NaN
17.4640,-0.080342,-0.086754,0,107.14,NaN
17.4720,-0.095482,-0.018212,0,107.14,NaN
17.4800,-0.108181,-0.031391,0,107.14,NaN
17.4880,-0.118926,-0.042104,0,107.14,NaN
17.4960,-0.131136,-0.049036,0,107.14,NaN
17.5040,-0.131136,-0.051901,0,107.14,NaN
17.5120,-0.127228,-0.051428,0,107.14,NaN
17.5200,-0.124298,-0.048919,0,107.14,NaN
17.5280,-0.121368,-0.045545,0,107.14,NaN
17.5360,-0.119414,-0.041965,0,107.14,NaN
17.5440,-0.117949,-0.038353,0,107.14,NaN
17.5520,-0.117460,-0.034621,0,107.14,NaN
17.5600,-0.119414,-0.030639,0,107.14,NaN
17.5680,-0.121856,-0.026397,0,107.14,NaN
17.5760,-0.123321,-0.212647,0,107.14,NaN
17.5840,-0.122833,-0.210285,0,107.14,NaN
17.5920,-0.124298,-0.204919,0,107.14,NaN
17.6000,-0.123321,-0.196516,0,107.14,NaN
17.6080,-0.127228,-0.185160,0,107.14,NaN
17.6160,-0.129670,-0.171184,0,107.14,NaN
17.6240,-0.126252,-0.155473,0,107.14,NaN
17.6320,-0.125275,-0.139516,0,107.14,NaN
17.6400,-0.121368,-0.125008,0,107.14,NaN
17.6480,-0.119414,-0.113334,0,107.14,NaN
17.6560,-0.115018,-0.105210,0,107.14,NaN
17.6640,-0.113553,-0.100413,0,107.14,NaN
17.6720,-0.112088,-0.097690,0,107.14,NaN
17.6800,-0.115507,-0.005835,0,107.14,NaN
17.6880,-0.118437,-0.010136,0,107.14,NaN
17.6960,-0.123321,-0.015170,0,107.14,NaN
17.7040,-0.124786,-0.019268,0,107.14,NaN
17.7120,-0.121368,-0.021390,0,107.14,NaN
17.7200,-0.117949,-0.021288,0,107.14,NaN
17.7280,-0.116972,-0.019281,0,107.14,NaN
17.7360,-0.111600,-0.016037,0,107.14,NaN
17.7440,-0.106227,-0.012472,0,107.14,NaN
17.7520,-0.104274,-0.009483,0,107.14,NaN
17.7600,-0.101832,-0.007607,0,107.14,NaN
17.7680,-0.102808,-0.006850,0,107.14,NaN
17.7760,-0.102320,-0.006776,0,107.14,NaN
17.7840,-0.102320,-0.002408,0,107.14,NaN
17.7920,-0.102808,-0.002842,0,107.14,NaN
17.8000,-0.101832,-0.002593,0,107.14,NaN
17.8080,-0.100855,-0.001358,0,107.14,NaN
17.8160,-0.096459,0.000725,0,107.14,NaN
17.8240,-0.091087,0.002993,0,107.14,NaN
17.8320,-0.085714,0.004536,0,107.14,NaN
17.8400,-0.085714,0.004755,0,107.14,NaN
17.8480,-0.088645,0.003765,0,107.14,NaN
17.8560,-0.090598,0.002239,0,107.14,NaN
17.8640,-0.090598,0.000872,0,107.14,NaN
17.8720,-0.089133,-0.000035,0,107.14,NaN
17.8800,-0.088156,-0.000606,0,107.14,NaN
17.8880,-0.089133,-0.004888,0,107.14,NaN
17.8960,-0.085714,-0.004165,0,107.14,NaN
17.9040,-0.080830,-0.003199,0,107.14,NaN
17.9120,-0.078388,-0.002406,0,107.14,NaN
17.9200,-0.076435,-0.002060,0,107.14,NaN
17.9280,-0.076923,-0.002173,0,107.14,NaN
17.9360,-0.074969,-0.002604,0,107.14,NaN
17.9440,-0.072527,-0.003200,0,107.14,NaN
17.9520,-0.072527,-0.003770,0,107.14,NaN
17.9600,-0.072527,-0.004004,0,107.14,NaN
17.9680,-0.071062,-0.003567,0,107.14,NaN
17.9760,-0.068132,-0.002335,0,107.14,NaN
17.9840,-0.062271,-0.000561,0,107.14,NaN
17.9920,-0.061783,0.004745,0,107.14,NaN
18.0000,-0.062271,0.003918,0,107.14,NaN
18.0080,-0.063736,0.002492,0,107.14,NaN
18.0160,-0.062759,0.000984,0,107.14,NaN
18.0240,-0.062759,-0.000151,0,107.14,NaN
18.0320,-0.061783,-0.000611,0,107.14,NaN
18.0400,-0.060317,-0.000285,0,107.14,NaN
18.0480,-0.056899,0.000697,0,107.14,NaN
18.0560,-0.054457,0.001981,0,107.14,NaN
18.0640,-0.051038,0.003070,0,107.14,NaN
18.0720,-0.047619,0.003484,0,107.14,NaN
18.0800,-0.046642,0.003001,0,107.14,NaN
18.0880,-0.048107,0.001866,0,107.14,NaN
18.0960,-0.047619,0.004923,0,107.14,NaN
18.1040,-0.048107,0.003120,0,107.14,NaN
18.1120,-0.048107,0.001599,0,107.14,NaN
18.1200,-0.051038,0.000892,0,107.14,NaN
18.1280,-0.048107,0.001327,0,107.14,NaN
18.1360,-0.045177,0.002711,0,107.14,NaN
18.1440,-0.039316,0.004304,0,107.14,NaN
18.1520,-0.035409,0.005219,0,107.14,NaN
18.1600,-0.035897,0.005001,0,107.14,NaN
18.1680,-0.038828,0.003911,0,107.14,NaN
18.1760,-0.039316,0.002639,0,107.14,NaN
18.1840,-0.038828,0.001722,0,107.14,NaN
18.1920,-0.035897,0.001188,0,107.14,NaN
18.2000,-0.031990,-0.000185,0,107.14,NaN
18.2080,-0.029548,0.001477,0,107.14,NaN
18.2160,-0.025641,0.002929,0,107.14,NaN
18.2240,-0.023199,0.003673,0,107.14,NaN
18.2320,-0.021734,0.003448,0,107.14,NaN
18.2400,-0.023199,0.002359,0,107.14,NaN
18.2480,-0.023199,0.000823,0,107.14,NaN
18.2560,-0.024664,-0.000630,0,107.14,NaN
18.2640,-0.022711,-0.001575,0,107.14,NaN
18.2720,-0.021734,-0.001769,0,107.14,NaN
18.2800,-0.020269,-0.001125,0,107.14,NaN
18.2880,-0.017827,0.000289,0,107.14,NaN
18.2960,-0.013431,0.002180,0,107.14,NaN
18.3040,-0.009035,0.051907,0,107.14,NaN
18.3120,-0.008059,0.052579,0,107.14,NaN
18.3200,-0.011966,0.050799,0,107.14,NaN
18.3280,-0.020269,0.046978,0,107.14,NaN
18.3360,-0.025641,0.042102,0,107.14,NaN
18.3440,-0.032967,0.037241,0,107.14,NaN
18.3520,-0.038339,0.033197,0,107.14,NaN
18.3600,-0.041270,0.030336,0,107.14,NaN
18.3680,-0.045177,0.028583,0,107.14,NaN
18.3760,-0.046642,0.027536,0,107.14,NaN
18.3840,-0.047131,0.026633,0,107.14,NaN
18.3920,-0.050061,0.025438,0,107.14,NaN
18.4000,-0.054945,0.023926,0,107.14,NaN
18.4080,-0.063736,0.045866,0,107.14,NaN
18.4160,-0.070085,0.043090,0,107.14,NaN
18.4240,-0.073504,0.041026,0,107.14,NaN
18.4320,-0.078388,0.040141,0,107.14,NaN
18.4400,-0.082295,0.040565,0,107.14,NaN
18.4480,-0.083272,0.041990,0,107.14,NaN
18.4560,-0.084249,0.043569,0,107.14,NaN
18.4640,-0.084737,0.044067,0,107.14,NaN
18.4720,-0.087179,0.042339,0,107.14,NaN
18.4800,-0.097924,0.037975,0,107.14,NaN
18.4880,-0.112576,0.031606,0,107.14,NaN
18.4960,-0.127717,0.024408,0,107.14,NaN
18.5040,-0.133578,0.017177,0,107.14,NaN
18.5120,-0.133089,-0.035147,0,107.14,NaN
18.5200,-0.129182,-0.031520,0,107.14,NaN
18.5280,-0.123321,-0.025615,0,107.14,NaN
18.5360,-0.116972,-0.019488,0,107.14,NaN
18.5440,-0.112088,-0.014974,0,107.14,NaN
18.5520,-0.114042,-0.013078,0,107.14,NaN
18.5600,-0.117460,-0.013671,0,107.14,NaN
18.5680,-0.125275,-0.015689,0,107.14,NaN
18.5760,-0.129670,-0.017718,0,107.14,NaN
18.5840,-0.132601,-0.018640,0,107.14,NaN
18.5920,-0.133089,-0.017972,0,107.14,NaN
18.6000,-0.134066,-0.015852,0,107.14,NaN
18.6080,-0.132601,-0.012873,0,107.14,NaN
18.6160,-0.129182,-0.031415,0,107.14,NaN
18.6240,-0.125275,-0.029031,0,107.14,NaN
18.6320,-0.125275,-0.027919,0,107.14,NaN
18.6400,-0.131136,-0.028003,0,107.14,NaN
18.6480,-0.133089,-0.028522,0,107.14,NaN
18.6560,-0.134066,-0.028588,0,107.14,NaN
18.6640,-0.134066,-0.027615,0,107.14,NaN
18.6720,-0.132601,-0.025451,0,107.14,NaN
18.6800,-0.131136,-0.022363,0,107.14,NaN
18.6880,-0.125763,-0.018988,0,107.14,NaN
18.6960,-0.122833,-0.016100,0,107.14,NaN
18.7040,-0.121368,-0.014166,0,107.14,NaN
18.7120,-0.123810,-0.012994,0,107.14,NaN
18.7200,-0.129182,-0.004483,0,107.14,NaN
18.7280,-0.132601,-0.005997,0,107.14,NaN
18.7360,-0.132601,-0.006725,0,107.14,NaN
18.7440,-0.132601,-0.006199,0,107.14,NaN
18.7520,-0.131624,-0.004345,0,107.14,NaN
18.7600,-0.130159,-0.001386,0,107.14,NaN
18.7680,-0.127228,0.002118,0,107.14,NaN
18.7760,-0.121856,0.005252,0,107.14,NaN
18.7840,-0.119414,0.006994,0,107.14,NaN
18.7920,-0.120391,0.006696,0,107.14,NaN
18.8000,-0.125275,0.004415,0,107.14,NaN
18.8080,-0.130159,0.000773,0,107.14,NaN
18.8160,-0.132601,-0.003486,0,107.14,NaN
18.8240,-0.133089,-0.020489,0,107.14,NaN
18.8320,-0.132601,-0.019520,0,107.14,NaN
18.8400,-0.127717,-0.016256,0,107.14,NaN
18.8480,-0.120391,-0.011499,0,107.14,NaN
18.8560,-0.113553,-0.006580,0,107.14,NaN
18.8640,-0.106716,-0.002897,0,107.14,NaN
18.8720,-0.104274,-0.001364,0,107.14,NaN
18.8800,-0.105739,-0.002004,0,107.14,NaN
18.8880,-0.110134,-0.003982,0,107.14,NaN
18.8960,-0.110623,-0.006113,0,107.14,NaN
18.9040,-0.111600,-0.007477,0,107.14,NaN
18.9120,-0.109646,-0.007774,0,107.14,NaN
18.9200,-0.106716,-0.007343,0,107.14,NaN
18.9280,-0.102808,0.014212,0,107.14,NaN
18.9360,-0.098901,0.016714,0,107.14,NaN
18.9440,-0.094994,0.017658,0,107.14,NaN
18.9520,-0.095482,0.016367,0,107.14,NaN
18.9600,-0.101343,0.013062,0,107.14,NaN
18.9680,-0.109158,0.008841,0,107.14,NaN
18.9760,-0.113553,0.005050,0,107.14,NaN
18.9840,-0.111600,0.002540,0,107.14,NaN
18.9920,-0.111600,0.001514,0,107.14,NaN
19.0000,-0.114042,0.001899,0,107.14,NaN
19.0080,-0.110623,0.003560,0,107.14,NaN
19.0160,-0.107692,0.006217,0,107.14,NaN
19.0240,-0.103785,0.009412,0,107.14,NaN
19.0320,-0.102808,0.007600,0,107.14,NaN
19.0400,-0.106227,0.006191,0,107.14,NaN
19.0480,-0.108669,0.003905,0,107.14,NaN
19.0560,-0.112576,0.001630,0,107.14,NaN
19.0640,-0.111600,0.000179,0,107.14,NaN
19.0720,-0.112576,0.000056,0,107.14,NaN
19.0800,-0.112088,0.001379,0,107.14,NaN
19.0880,-0.108669,0.003768,0,107.14,NaN
19.0960,-0.102320,0.006299,0,107.14,NaN
19.1040,-0.099878,0.007815,0,107.14,NaN
19.1120,-0.099878,0.007494,0,107.14,NaN
19.1200,-0.101343,0.005239,0,107.14,NaN
19.1280,-0.106716,0.001750,0,107.14,NaN
19.1360,-0.112088,0.004917,0,107.14,NaN
19.1440,-0.113553,0.001979,0,107.14,NaN
19.1520,-0.116484,0.000689,0,107.14,NaN
19.1600,-0.115995,0.001433,0,107.14,NaN
19.1680,-0.113553,0.003958,0,107.14,NaN
19.1760,-0.107692,0.007324,0,107.14,NaN
19.1840,-0.102808,0.010178,0,107.14,NaN
19.1920,-0.101343,0.011351,0,107.14,NaN
19.2000,-0.103785,0.010427,0,107.14,NaN
19.2080,-0.108669,0.007896,0,107.14,NaN
19.2160,-0.115995,0.004805,0,107.14,NaN
19.2240,-0.117949,0.002040,0,107.14,NaN
19.2320,-0.117949,-0.000229,0,107.14,NaN
19.2400,-0.116972,-0.015573,0,107.14,NaN
19.2480,-0.111600,-0.012443,0,107.14,NaN
19.2560,-0.103785,-0.008996,0,107.14,NaN
19.2640,-0.101343,-0.006587,0,107.14,NaN
19.2720,-0.101343,-0.005997,0,107.14,NaN
19.2800,-0.101832,-0.007170,0,107.14,NaN
19.2880,-0.106227,-0.009359,0,107.14,NaN
19.2960,-0.108181,-0.011491,0,107.14,NaN
19.3040,-0.108669,-0.012612,0,107.14,NaN
19.3120,-0.107692,-0.012205,0,107.14,NaN
19.3200,-0.102808,-0.010271,0,107.14,NaN
19.3280,-0.100366,-0.007186,0,107.14,NaN
19.3360,-0.095482,-0.003502,0,107.14,NaN
19.3440,-0.095971,-0.006844,0,107.14,NaN
19.3520,-0.099878,-0.009794,0,107.14,NaN
19.3600,-0.104762,-0.014061,0,107.14,NaN
19.3680,-0.109646,-0.018391,0,107.14,NaN
19.3760,-0.114042,-0.021467,0,107.14,NaN
19.3840,-0.113553,-0.022411,0,107.14,NaN
19.3920,-0.109158,-0.021107,0,107.14,NaN
19.4000,-0.104762,-0.018127,0,107.14,NaN
19.4080,-0.100855,-0.014385,0,107.14,NaN
19.4160,-0.094994,-0.010833,0,107.14,NaN
19.4240,-0.090110,-0.008240,0,107.14,NaN
19.4320,-0.088645,-0.006905,0,107.14,NaN
19.4400,-0.089133,-0.006453,0,107.14,NaN
19.4480,-0.091087,0.007568,0,107.14,NaN
19.4560,-0.092063,0.005947,0,107.14,NaN
19.4640,-0.093040,0.004161,0,107.14,NaN
19.4720,-0.094017,0.002503,0,107.14,NaN
19.4800,-0.095971,0.001148,0,107.14,NaN
19.4880,-0.095971,0.000178,0,107.14,NaN
19.4960,-0.096947,-0.000422,0,107.14,NaN
19.5040,-0.095971,-0.000738,0,107.14,NaN
19.5120,-0.095482,-0.000829,0,107.14,NaN
19.5200,-0.096947,-0.000644,0,107.14,NaN
19.5280,-0.094994,-0.000075,0,107.14,NaN
19.5360,-0.093040,0.000884,0,107.14,NaN
19.5440,-0.091087,0.002079,0,107.14,NaN
19.5520,-0.090598,0.009977,0,107.14,NaN
19.5600,-0.090110,0.010894,0,107.14,NaN
19.5680,-0.090110,0.011296,0,107.14,NaN
19.5760,-0.087179,0.010852,0,107.14,NaN
19.5840,-0.090110,0.009334,0,107.14,NaN
19.5920,-0.093529,0.006920,0,107.14,NaN
19.6000,-0.097924,0.004222,0,107.14,NaN
19.6080,-0.100855,0.001977,0,107.14,NaN
19.6160,-0.101343,0.000692,0,107.14,NaN
19.6240,-0.099389,0.000511,0,107.14,NaN
19.6320,-0.100855,0.001363,0,107.14,NaN
19.6400,-0.100366,0.003106,0,107.14,NaN
19.6480,-0.096459,0.005417,0,107.14,NaN
19.6560,-0.087179,-0.029281,0,107.14,NaN
19.6640,-0.082784,-0.026803,0,107.14,NaN
19.6720,-0.079365,-0.025364,0,107.14,NaN
19.6800,-0.079365,-0.024925,0,107.14,NaN
19.6880,-0.078388,-0.024862,0,107.14,NaN
19.6960,-0.076435,-0.024395,0,107.14,NaN
19.7040,-0.071551,-0.022991,0,107.14,NaN
19.7120,-0.069597,-0.020537,0,107.14,NaN
19.7200,-0.062271,-0.017391,0,107.14,NaN
19.7280,-0.054457,-0.014317,0,107.14,NaN
19.7360,-0.051038,-0.012117,0,107.14,NaN
19.7440,-0.047619,-0.011136,0,107.14,NaN
19.7520,-0.048107,-0.011030,0,107.14,NaN
19.7600,-0.047131,0.005704,0,107.14,NaN
19.7680,-0.040293,0.010853,0,107.14,NaN
19.7760,-0.030525,0.018783,0,107.14,NaN
19.7840,-0.016850,0.028782,0,107.14,NaN
19.7920,-0.004151,0.039208,0,107.14,NaN
19.8000,0.010012,0.047931,0,107.14,NaN
19.8080,0.017338,0.052958,0,107.14,NaN
19.8160,0.019292,0.053118,0,107.14,NaN
19.8240,0.013431,0.048475,0,107.14,NaN
19.8320,0.003663,0.040223,0,107.14,NaN
19.8400,-0.008059,0.030074,0,107.14,NaN
19.8480,-0.016850,0.019438,0,107.14,NaN
19.8560,-0.023199,0.008898,0,107.14,NaN
19.8640,-0.024176,0.089178,0,107.14,NaN
19.8720,-0.024664,0.090774,0,107.14,NaN
19.8800,-0.024176,0.093299,0,107.14,NaN
19.8880,-0.023199,0.095074,0,107.14,NaN
19.8960,-0.023199,0.094493,0,107.14,NaN
19.9040,-0.031990,0.090599,0,107.14,NaN
19.9120,-0.041758,0.083498,0,107.14,NaN
19.9200,-0.056899,0.074312,0,107.14,NaN
19.9280,-0.070574,0.064722,0,107.14,NaN
19.9360,-0.082784,0.056321,0,107.14,NaN
19.9440,-0.090598,0.050068,0,107.14,NaN
19.9520,-0.098413,0.046031,0,107.14,NaN
19.9600,-0.101343,0.043421,0,107.14,NaN
19.9680,-0.101343,-0.008014,0,107.14,NaN
19.9760,-0.100855,-0.007040,0,107.14,NaN
19.9840,-0.099878,-0.005655,0,107.14,NaN
19.9920,-0.101343,-0.004526,0,107.14,NaN
20.0000,-0.101343,-0.004043,0,107.14,NaN
20.0080,-0.102808,-0.004368,0,107.14,NaN
20.0160,-0.104762,-0.005427,0,107.14,NaN
20.0240,-0.109158,-0.006850,0,107.14,NaN
20.0320,-0.114042,-0.008018,0,107.14,NaN
20.0400,-0.116972,-0.008345,0,107.14,NaN
20.0480,-0.115995,-0.007602,0,107.14,NaN
20.0560,-0.115507,-0.005994,0,107.14,NaN
20.0640,-0.115995,-0.003934,0,107.14,NaN
20.0720,-0.115507,-0.035799,0,107.14,NaN
20.0800,-0.109646,-0.031609,0,107.14,NaN
20.0880,-0.103297,-0.027099,0,107.14,NaN
20.0960,-0.101343,-0.023097,0,107.14,NaN
20.1040,-0.101343,-0.020058,0,107.14,NaN
20.1120,-0.101832,-0.017963,0,107.14,NaN
20.1200,-0.103297,-0.016549,0,107.14,NaN
20.1280,-0.103785,-0.015561,0,107.14,NaN
20.1360,-0.104274,-0.014867,0,107.14,NaN
20.1440,-0.106227,-0.014393,0,107.14,NaN
20.1520,-0.107692,-0.014038,0,107.14,NaN
20.1600,-0.109646,-0.013684,0,107.14,NaN
20.1680,-0.110134,-0.013288,0,107.14,NaN
20.1760,-0.109646,-0.023570,0,107.14,NaN
20.1840,-0.108669,-0.021638,0,107.14,NaN
20.1920,-0.106716,-0.018827,0,107.14,NaN
20.2000,-0.104274,-0.015382,0,107.14,NaN
20.2080,-0.100366,-0.011782,0,107.14,NaN
20.2160,-0.096459,-0.008675,0,107.14,NaN
20.2240,-0.093529,-0.006657,0,107.14,NaN
20.2320,-0.093529,-0.005960,0,107.14,NaN
20.2400,-0.095971,-0.006302,0,107.14,NaN
20.2480,-0.097924,-0.007087,0,107.14,NaN
20.2560,-0.095971,-0.007832,0,107.14,NaN
20.2640,-0.095482,-0.008388,0,107.14,NaN
20.2720,-0.095482,-0.008834,0,107.14,NaN
20.2800,-0.098413,-0.318173,0,107.14,NaN
20.2880,-0.102808,-0.342650,0,107.14,NaN
20.2960,-0.115018,-0.373005,0,107.14,NaN
20.3040,-0.133089,-0.407349,0,107.14,NaN
20.3120,-0.158486,-0.441092,0,107.14,NaN
20.3200,-0.170696,-0.467905,0,107.14,NaN
20.3280,-0.166789,-0.481563,0,107.14,NaN
20.3360,-0.147741,-0.477341,0,107.14,NaN
20.3440,-0.110134,-0.452463,0,107.14,NaN
20.3520,-0.054457,-0.406172,0,107.14,NaN
20.3600,0.018315,-0.339913,0,107.14,NaN
20.3680,0.106227,-0.257770,0,107.14,NaN
20.3760,0.212210,-0.166747,0,107.14,NaN
20.3840,0.333822,0.510351,0,107.14,NaN
20.3920,0.452991,0.627046,0,107.14,NaN
20.4000,0.573138,0.746040,0,107.14,NaN
20.4080,0.697192,0.857696,0,107.14,NaN
20.4160,0.826129,0.947512,0,107.14,NaN
20.4240,0.911111,0.998911,0,107.14,NaN
20.4320,0.893529,1.000000,1,107.14,NaN
20.4400,0.785104,0.949656,1,107.14,NaN
20.4480,0.626862,0.857760,0,107.14,NaN
20.4560,0.456410,0.739718,0,107.14,NaN
20.4640,0.281563,0.609855,0,107.14,NaN
20.4720,0.103297,0.477396,0,107.14,NaN
20.4800,-0.055433,0.345669,0,107.14,NaN
20.4880,-0.173626,-0.173810,0,107.14,NaN
20.4960,-0.250305,-0.253418,0,107.14,NaN
20.5040,-0.264469,-0.283121,0,107.14,NaN
20.5120,-0.250305,-0.270859,0,107.14,NaN
20.5200,-0.200488,-0.230587,0,107.14,NaN
20.5280,-0.148230,-0.178661,0,107.14,NaN
20.5360,-0.101832,-0.129924,0,107.14,NaN
20.5440,-0.071551,-0.094686,0,107.14,NaN
20.5520,-0.060806,-0.077493,0,107.14,NaN
20.5600,-0.066667,-0.077737,0,107.14,NaN
20.5680,-0.079365,-0.091564,0,107.14,NaN
20.5760,-0.096947,-0.114030,0,107.14,NaN
20.5840,-0.115507,-0.140436,0,107.14,NaN
20.5920,-0.129670,-0.057940,0,107.14,NaN
20.6000,-0.137973,-0.068864,0,107.14,NaN
20.6080,-0.142857,-0.076070,0,107.14,NaN
20.6160,-0.145299,-0.080701,0,107.14,NaN
20.6240,-0.148718,-0.083864,0,107.14,NaN
20.6320,-0.153114,-0.085991,0,107.14,NaN
20.6400,-0.155067,-0.086827,0,107.14,NaN
20.6480,-0.155067,-0.085843,0,107.14,NaN
20.6560,-0.153114,-0.082569,0,107.14,NaN
20.6640,-0.152625,-0.076627,0,107.14,NaN
20.6720,-0.153602,-0.067714,0,107.14,NaN
20.6800,-0.153602,-0.055914,0,107.14,NaN
20.6880,-0.149695,-0.042190,0,107.14,NaN
20.6960,-0.148230,-0.224441,0,107.14,NaN
20.7040,-0.148230,-0.215232,0,107.14,NaN
20.7120,-0.153114,-0.203487,0,107.14,NaN
20.7200,-0.156044,-0.188810,0,107.14,NaN
20.7280,-0.156532,-0.171377,0,107.14,NaN
20.7360,-0.155067,-0.152358,0,107.14,NaN
20.7440,-0.152137,-0.133688,0,107.14,NaN
20.7520,-0.151160,-0.117375,0,107.14,NaN
20.7600,-0.151160,-0.104910,0,107.14,NaN
20.7680,-0.149206,-0.097074,0,107.14,NaN
20.7760,-0.147253,-0.093927,0,107.14,NaN
20.7840,-0.147741,-0.094702,0,107.14,NaN
20.7920,-0.146764,-0.097775,0,107.14,NaN
20.8000,-0.145299,-0.002064,0,107.14,NaN
20.8080,-0.145299,-0.004757,0,107.14,NaN
20.8160,-0.144811,-0.007761,0,107.14,NaN
20.8240,-0.146764,-0.010342,0,107.14,NaN
20.8320,-0.148230,-0.011913,0,107.14,NaN
20.8400,-0.148230,-0.012231,0,107.14,NaN
20.8480,-0.147253,-0.011499,0,107.14,NaN
20.8560,-0.147253,-0.010186,0,107.14,NaN
20.8640,-0.147741,-0.008702,0,107.14,NaN
20.8720,-0.148230,-0.007233,0,107.14,NaN
20.8800,-0.147741,-0.005788,0,107.14,NaN
20.8880,-0.146764,-0.004330,0,107.14,NaN
20.8960,-0.145299,-0.002856,0,107.14,NaN
20.9040,-0.142857,0.000704,0,107.14,NaN
20.9120,-0.143346,0.002840,0,107.14,NaN
20.9200,-0.141392,0.005262,0,107.14,NaN
20.9280,-0.136020,0.007524,0,107.14,NaN
20.9360,-0.132601,0.008831,0,107.14,NaN
20.9440,-0.132601,0.008561,0,107.14,NaN
20.9520,-0.135043,0.006769,0,107.14,NaN
20.9600,-0.138950,0.004216,0,107.14,NaN
20.9680,-0.141392,0.001925,0,107.14,NaN
20.9760,-0.140415,0.000648,0,107.14,NaN
20.9840,-0.139927,0.000614,0,107.14,NaN
20.9920,-0.137973,0.001609,0,107.14,NaN
21.0000,-0.136020,0.003165,0,107.14,NaN
21.0080,-0.132601,0.003143,0,107.14,NaN
21.0160,-0.133089,0.003498,0,107.14,NaN
21.0240,-0.133089,0.003057,0,107.14,NaN
21.0320,-0.134066,0.002126,0,107.14,NaN
21.0400,-0.134554,0.001127,0,107.14,NaN
21.0480,-0.133578,0.000380,0,107.14,NaN
21.0560,-0.133089,0.000041,0,107.14,NaN
21.0640,-0.132601,0.000182,0,107.14,NaN
21.0720,-0.133089,0.000817,0,107.14,NaN
21.0800,-0.130159,0.001749,0,107.14,NaN
21.0880,-0.126252,0.002512,0,107.14,NaN
21.0960,-0.125275,0.002672,0,107.14,NaN
21.1040,-0.127228,0.002273,0,107.14,NaN
21.1120,-0.129670,0.006413,0,107.14,NaN
21.1200,-0.130159,0.004794,0,107.14,NaN
21.1280,-0.130647,0.003454,0,107.14,NaN
21.1360,-0.129182,0.002597,0,107.14,NaN
21.1440,-0.130159,0.002366,0,107.14,NaN
21.1520,-0.131136,0.002925,0,107.14,NaN
21.1600,-0.128205,0.004260,0,107.14,NaN
21.1680,-0.124786,0.005935,0,107.14,NaN
21.1760,-0.122344,0.007199,0,107.14,NaN
21.1840,-0.119414,0.007390,0,107.14,NaN
21.1920,-0.123321,0.006340,0,107.14,NaN
21.2000,-0.125275,0.004405,0,107.14,NaN
21.2080,-0.125275,0.002090,0,107.14,NaN
21.2160,-0.124786,-0.011116,0,107.14,NaN
21.2240,-0.124298,-0.011014,0,107.14,NaN
21.2320,-0.122344,-0.009734,0,107.14,NaN
21.2400,-0.118437,-0.007590,0,107.14,NaN
21.2480,-0.115507,-0.005192,0,107.14,NaN
21.2560,-0.110134,-0.003233,0,107.14,NaN
21.2640,-0.109646,-0.002166,0,107.14,NaN
21.2720,-0.109646,-0.001979,0,107.14,NaN
21.2800,-0.108669,-0.002315,0,107.14,NaN
21.2880,-0.108181,-0.002795,0,107.14,NaN
21.2960,-0.106716,-0.003227,0,107.14,NaN
21.3040,-0.104762,-0.003611,0,107.14,NaN
21.3120,-0.104762,-0.004005,0,107.14,NaN
21.3200,-0.101832,-0.013638,0,107.14,NaN
21.3280,-0.100855,-0.013227,0,107.14,NaN
21.3360,-0.094994,-0.013007,0,107.14,NaN
21.3440,-0.095482,-0.013090,0,107.14,NaN
21.3520,-0.095482,-0.013144,0,107.14,NaN
21.3600,-0.094994,-0.012569,0,107.14,NaN
21.3680,-0.090110,-0.011014,0,107.14,NaN
21.3760,-0.085714,-0.008703,0,107.14,NaN
21.3840,-0.079853,-0.006304,0,107.14,NaN
21.3920,-0.076923,-0.004530,0,107.14,NaN
21.4000,-0.074481,-0.003787,0,107.14,NaN
21.4080,-0.073504,-0.004045,0,107.14,NaN
21.4160,-0.072527,-0.004909,0,107.14,NaN
21.4240,-0.076435,0.058959,0,107.14,NaN
21.4320,-0.081319,0.056370,0,107.14,NaN
21.4400,-0.084737,0.053536,0,107.14,NaN
21.4480,-0.085714,0.050841,0,107.14,NaN
21.4560,-0.088645,0.048269,0,107.14,NaN
21.4640,-0.092063,0.045643,0,107.14,NaN
21.4720,-0.094994,0.042838,0,107.14,NaN
21.4800,-0.099878,0.039805,0,107.14,NaN
21.4880,-0.101343,0.036553,0,107.14,NaN
21.4960,-0.106716,0.033194,0,107.14,NaN
21.5040,-0.112088,0.029996,0,107.14,NaN
21.5120,-0.115018,0.027208,0,107.14,NaN
21.5200,-0.116972,0.024789,0,107.14,NaN
21.5280,-0.117460,0.009032,0,107.14,NaN
21.5360,-0.117949,0.009075,0,107.14,NaN
21.5440,-0.118437,0.009574,0,107.14,NaN
21.5520,-0.117949,0.010122,0,107.14,NaN
21.5600,-0.117949,0.010363,0,107.14,NaN
21.5680,-0.119414,0.010120,0,107.14,NaN
21.5760,-0.122344,0.009480,0,107.14,NaN
21.5840,-0.122833,0.008680,0,107.14,NaN
21.5920,-0.126252,0.007913,0,107.14,NaN
21.6000,-0.126252,0.007189,0,107.14,NaN
21.6080,-0.126740,0.006326,0,107.14,NaN
21.6160,-0.129670,0.005154,0,107.14,NaN
21.6240,-0.132601,0.003736,0,107.14,NaN
21.6320,-0.132601,-0.025990,0,107.14,NaN
21.6400,-0.132601,-0.027947,0,107.14,NaN
21.6480,-0.135043,-0.030674,0,107.14,NaN
21.6560,-0.137973,-0.034241,0,107.14,NaN
21.6640,-0.142857,-0.038134,0,107.14,NaN
21.6720,-0.148230,-0.041367,0,107.14,NaN
21.6800,-0.149206,-0.042885,0,107.14,NaN
21.6880,-0.149206,-0.042015,0,107.14,NaN
21.6960,-0.146764,-0.038675,0,107.14,NaN
21.7040,-0.141880,-0.033386,0,107.14,NaN
21.7120,-0.133578,-0.027079,0,107.14,NaN
21.7200,-0.129670,-0.020624,0,107.14,NaN
21.7280,-0.126740,-0.014356,0,107.14,NaN
21.7360,-0.127717,-0.027260,0,107.14,NaN
21.7440,-0.130159,-0.028056,0,107.14,NaN
21.7520,-0.131136,-0.029673,0,107.14,NaN
21.7600,-0.132112,-0.031581,0,107.14,NaN
21.7680,-0.132112,-0.033601,0,107.14,NaN
21.7760,-0.132601,-0.035697,0,107.14,NaN
21.7840,-0.134066,-0.037629,0,107.14,NaN
21.7920,-0.137485,-0.038754,0,107.14,NaN
21.8000,-0.135531,-0.038229,0,107.14,NaN
21.8080,-0.132601,-0.035405,0,107.14,NaN
21.8160,-0.127228,-0.030083,0,107.14,NaN
21.8240,-0.119902,-0.022597,0,107.14,NaN
21.8320,-0.109646,-0.013842,0,107.14,NaN
21.8400,-0.098413,-0.035443,0,107.14,NaN
21.8480,-0.085714,-0.024151,0,107.14,NaN
21.8560,-0.072527,-0.012777,0,107.14,NaN
21.8640,-0.061294,-0.002176,0,107.14,NaN
21.8720,-0.052015,0.006930,0,107.14,NaN
21.8800,-0.041270,0.013922,0,107.14,NaN
21.8880,-0.035409,0.018276,0,107.14,NaN
21.8960,-0.031502,0.019684,0,107.14,NaN
21.9040,-0.028571,0.018187,0,107.14,NaN
21.9120,-0.031990,0.014238,0,107.14,NaN
21.9200,-0.033944,0.008623,0,107.14,NaN
21.9280,-0.037851,0.002163,0,107.14,NaN
21.9360,-0.038828,-0.004600,0,107.14,NaN
21.9440,-0.038828,0.052920,0,107.14,NaN
21.9520,-0.040293,0.051551,0,107.14,NaN
21.9600,-0.038828,0.050191,0,107.14,NaN
21.9680,-0.038828,0.048195,0,107.14,NaN
21.9760,-0.040293,0.045153,0,107.14,NaN
21.9840,-0.044689,0.041170,0,107.14,NaN
21.9920,-0.047619,0.036814,0,107.14,NaN
22.0000,-0.051038,0.032788,0,107.14,NaN
22.0080,-0.052015,0.029581,0,107.14,NaN
22.0160,-0.051526,0.027327,0,107.14,NaN
22.0240,-0.052503,0.025921,0,107.14,NaN
22.0320,-0.053480,0.025194,0,107.14,NaN
22.0400,-0.051526,0.024885,0,107.14,NaN
22.0480,-0.053480,0.030825,0,107.14,NaN
22.0560,-0.054457,0.028886,0,107.14,NaN
22.0640,-0.057387,0.026585,0,107.14,NaN
22.0720,-0.059829,0.024276,0,107.14,NaN
22.0800,-0.058852,0.022183,0,107.14,NaN
22.0880,-0.059829,0.020349,0,107.14,NaN
22.0960,-0.061783,0.018797,0,107.14,NaN
22.1040,-0.061783,0.017601,0,107.14,NaN
22.1120,-0.062271,0.016754,0,107.14,NaN
22.1200,-0.061294,0.016050,0,107.14,NaN
22.1280,-0.059829,0.015131,0,107.14,NaN
22.1360,-0.061294,0.013747,0,107.14,NaN
22.1440,-0.063736,0.011991,0,107.14,NaN
22.1520,-0.068132,-0.010803,0,107.14,NaN
22.1600,-0.069109,-0.012628,0,107.14,NaN
22.1680,-0.069109,-0.012858,0,107.14,NaN
22.1760,-0.067643,-0.011246,0,107.14,NaN
22.1840,-0.066667,-0.007965,0,107.14,NaN
22.1920,-0.062759,-0.003659,0,107.14,NaN
22.2000,-0.056410,0.000550,0,107.14,NaN
22.2080,-0.054457,0.003404,0,107.14,NaN
22.2160,-0.054457,0.004108,0,107.14,NaN
22.2240,-0.058852,0.002691,0,107.14,NaN
22.2320,-0.063736,-0.000145,0,107.14,NaN
22.2400,-0.067643,-0.003561,0,107.14,NaN
22.2480,-0.069597,-0.007067,0,107.14,NaN
22.2560,-0.071062,-0.008776,0,107.14,NaN
22.2640,-0.070085,-0.008399,0,107.14,NaN
22.2720,-0.070085,-0.007059,0,107.14,NaN
22.2800,-0.068132,-0.005318,0,107.14,NaN
22.2880,-0.066667,-0.003745,0,107.14,NaN
22.2960,-0.066667,-0.002728,0,107.14,NaN
22.3040,-0.067643,-0.002352,0,107.14,NaN
22.3120,-0.067643,-0.002457,0,107.14,NaN
22.3200,-0.069597,-0.002792,0,107.14,NaN
22.3280,-0.069109,-0.003146,0,107.14,NaN
22.3360,-0.070085,-0.003406,0,107.14,NaN
22.3440,-0.071062,-0.003537,0,107.14,NaN
22.3520,-0.071062,-0.003569,0,107.14,NaN
22.3600,-0.071062,-0.006662,0,107.14,NaN
22.3680,-0.070085,-0.005771,0,107.14,NaN
22.3760,-0.069109,-0.004509,0,107.14,NaN
22.3840,-0.068620,-0.002963,0,107.14,NaN
22.3920,-0.067155,-0.001280,0,107.14,NaN
22.4000,-0.065201,0.000272,0,107.14,NaN
22.4080,-0.063736,0.001347,0,107.14,NaN
22.4160,-0.063248,0.001705,0,107.14,NaN
22.4240,-0.065201,0.001374,0,107.14,NaN
22.4320,-0.066667,0.000607,0,107.14,NaN
22.4400,-0.066667,-0.000338,0,107.14,NaN
22.4480,-0.067643,-0.001339,0,107.14,NaN
22.4560,-0.068620,-0.002361,0,107.14,NaN
22.4640,-0.070085,-0.007965,0,107.14,NaN
22.4720,-0.073016,-0.010317,0,107.14,NaN
22.4800,-0.074969,-0.012525,0,107.14,NaN
22.4880,-0.075458,-0.014168,0,107.14,NaN
22.4960,-0.077411,-0.014840,0,107.14,NaN
22.5040,-0.078388,-0.014256,0,107.14,NaN
22.5120,-0.075458,-0.012488,0,107.14,NaN
22.5200,-0.072039,-0.010096,0,107.14,NaN
22.5280,-0.069109,-0.007883,0,107.14,NaN
22.5360,-0.068132,-0.006438,0,107.14,NaN
22.5440,-0.069109,-0.005856,0,107.14,NaN
22.5520,-0.070085,-0.005836,0,107.14,NaN
22.5600,-0.068620,-0.006027,0,107.14,NaN
22.5680,-0.069597,-0.001510,0,107.14,NaN
22.5760,-0.070574,-0.002092,0,107.14,NaN
22.5840,-0.071062,-0.002360,0,107.14,NaN
22.5920,-0.071062,-0.002132,0,107.14,NaN
22.6000,-0.069597,-0.001402,0,107.14,NaN
22.6080,-0.069109,-0.000325,0,107.14,NaN
22.6160,-0.067643,0.000871,0,107.14,NaN
22.6240,-0.067155,0.001937,0,107.14,NaN
22.6320,-0.066667,0.002617,0,107.14,NaN
22.6400,-0.064713,0.002657,0,107.14,NaN
22.6480,-0.066667,0.001921,0,107.14,NaN
22.6560,-0.068132,0.000513,0,107.14,NaN
22.6640,-0.069597,-0.001265,0,107.14,NaN
22.6720,-0.068620,-0.001343,0,107.14,NaN
22.6800,-0.067643,-0.000860,0,107.14,NaN
22.6880,-0.067155,-0.000290,0,107.14,NaN
22.6960,-0.065201,-0.000130,0,107.14,NaN
22.7040,-0.067155,-0.000759,0,107.14,NaN
22.7120,-0.067643,-0.002250,0,107.14,NaN
22.7200,-0.070085,-0.004309,0,107.14,NaN
22.7280,-0.072527,-0.006318,0,107.14,NaN
22.7360,-0.075946,-0.007502,0,107.14,NaN
22.7440,-0.074969,-0.007300,0,107.14,NaN
22.7520,-0.071062,-0.005670,0,107.14,NaN
22.7600,-0.069597,-0.003008,0,107.14,NaN
22.7680,-0.066667,0.000161,0,107.14,NaN
22.7760,-0.065201,0.003758,0,107.14,NaN
22.7840,-0.064713,0.003958,0,107.14,NaN
22.7920,-0.066667,0.003078,0,107.14,NaN
22.8000,-0.068620,0.001623,0,107.14,NaN
22.8080,-0.070085,0.000224,0,107.14,NaN
22.8160,-0.070085,-0.000644,0,107.14,NaN
22.8240,-0.070574,-0.000796,0,107.14,NaN
22.8320,-0.070085,-0.000331,0,107.14,NaN
22.8400,-0.068132,0.000414,0,107.14,NaN
22.8480,-0.066667,0.001046,0,107.14,NaN
22.8560,-0.068620,0.001371,0,107.14,NaN
22.8640,-0.068620,0.001458,0,107.14,NaN
22.8720,-0.068132,0.001458,0,107.14,NaN
22.8800,-0.069109,0.001671,0,107.14,NaN
22.8880,-0.068132,0.001938,0,107.14,NaN
22.8960,-0.069109,0.002469,0,107.14,NaN
22.9040,-0.067643,0.003096,0,107.14,NaN
22.9120,-0.066667,0.003430,0,107.14,NaN
22.9200,-0.065201,0.003029,0,107.14,NaN
22.9280,-0.068132,0.001730,0,107.14,NaN
22.9360,-0.070085,-0.000127,0,107.14,NaN
22.9440,-0.073504,-0.001813,0,107.14,NaN
22.9520,-0.075946,-0.002597,0,107.14,NaN
22.9600,-0.072527,-0.002174,0,107.14,NaN
22.9680,-0.071062,-0.000777,0,107.14,NaN
22.9760,-0.070085,0.001105,0,107.14,NaN
22.9840,-0.067643,-0.041544,0,107.14,NaN
22.9920,-0.062271,-0.038849,0,107.14,NaN
23.0000,-0.054457,-0.036169,0,107.14,NaN
23.0080,-0.053480,-0.034058,0,107.14,NaN
23.0160,-0.051038,-0.032559,0,107.14,NaN
23.0240,-0.049084,-0.031274,0,107.14,NaN
23.0320,-0.046642,-0.029781,0,107.14,NaN
23.0400,-0.039805,-0.027953,0,107.14,NaN
23.0480,-0.035897,-0.025911,0,107.14,NaN
23.0560,-0.033455,-0.023729,0,107.14,NaN
23.0640,-0.030037,-0.021331,0,107.14,NaN
23.0720,-0.023687,-0.018681,0,107.14,NaN
23.0800,-0.019780,-0.015895,0,107.14,NaN
23.0880,-0.012943,-0.000105,0,107.14,NaN
23.0960,-0.009035,0.004515,0,107.14,NaN
23.1040,-0.005128,0.010276,0,107.14,NaN
23.1120,0.005128,0.017419,0,107.14,NaN
23.1200,0.012943,0.025545,0,107.14,NaN
23.1280,0.024664,0.033548,0,107.14,NaN
23.1360,0.033944,0.039907,0,107.14,NaN
23.1440,0.037851,0.043222,0,107.14,NaN
23.1520,0.038828,0.042658,0,107.14,NaN
23.1600,0.036386,0.038020,0,107.14,NaN
23.1680,0.031990,0.029642,0,107.14,NaN
23.1760,0.023687,0.018331,0,107.14,NaN
23.1840,0.013431,0.005374,0,107.14,NaN
23.1920,0.003175,0.089586,0,107.14,NaN
23.2000,-0.008059,0.083517,0,107.14,NaN
23.2080,-0.010989,0.080725,0,107.14,NaN
23.2160,-0.010012,0.080956,0,107.14,NaN
23.2240,-0.008547,0.082700,0,107.14,NaN
23.2320,-0.007570,0.083882,0,107.14,NaN
23.2400,-0.008547,0.082726,0,107.14,NaN
23.2480,-0.016361,0.078459,0,107.14,NaN
23.2560,-0.027595,0.071521,0,107.14,NaN
23.2640,-0.038339,0.063069,0,107.14,NaN
23.2720,-0.046154,0.054156,0,107.14,NaN
23.2800,-0.054945,0.045295,0,107.14,NaN
23.2880,-0.064713,0.036574,0,107.14,NaN
23.2960,-0.070574,-0.025474,0,107.14,NaN
23.3040,-0.075458,-0.029075,0,107.14,NaN
23.3120,-0.075458,-0.029555,0,107.14,NaN
23.3200,-0.071551,-0.027439,0,107.14,NaN
23.3280,-0.070085,-0.023688,0,107.14,NaN
23.3360,-0.065201,-0.019383,0,107.14,NaN
23.3440,-0.061783,-0.015496,0,107.14,NaN
23.3520,-0.060806,-0.012693,0,107.14,NaN
23.3600,-0.060806,-0.011229,0,107.14,NaN
23.3680,-0.061294,-0.011050,0,107.14,NaN
23.3760,-0.062759,-0.011939,0,107.14,NaN
23.3840,-0.065690,-0.013591,0,107.14,NaN
23.3920,-0.068620,-0.015626,0,107.14,NaN
23.4000,-0.070085,-0.008248,0,107.14,NaN
23.4080,-0.075458,-0.010749,0,107.14,NaN
23.4160,-0.079365,-0.012852,0,107.14,NaN
23.4240,-0.085226,-0.013866,0,107.14,NaN
23.4320,-0.085714,-0.013344,0,107.14,NaN
23.4400,-0.085714,-0.011398,0,107.14,NaN
23.4480,-0.085226,-0.008642,0,107.14,NaN
23.4560,-0.086691,-0.005861,0,107.14,NaN
23.4640,-0.087179,-0.003767,0,107.14,NaN
23.4720,-0.088645,-0.002883,0,107.14,NaN
23.4800,-0.093040,-0.003402,0,107.14,NaN
23.4880,-0.097924,-0.005105,0,107.14,NaN
23.4960,-0.102808,-0.007458,0,107.14,NaN
23.5040,-0.102808,-0.041371,0,107.14,NaN
23.5120,-0.102320,-0.039477,0,107.14,NaN
23.5200,-0.099389,-0.035063,0,107.14,NaN
23.5280,-0.094505,-0.028563,0,107.14,NaN
23.5360,-0.088156,-0.020980,0,107.14,NaN
23.5440,-0.080830,-0.013770,0,107.14,NaN
23.5520,-0.074969,-0.008462,0,107.14,NaN
23.5600,-0.073504,-0.006065,0,107.14,NaN
23.5680,-0.076435,-0.006590,0,107.14,NaN
23.5760,-0.081319,-0.009079,0,107.14,NaN
23.5840,-0.085714,-0.012180,0,107.14,NaN
23.5920,-0.087668,-0.014915,0,107.14,NaN
23.6000,-0.086691,-0.017136,0,107.14,NaN
23.6080,-0.088156,-0.134585,0,107.14,NaN
23.6160,-0.093529,-0.146648,0,107.14,NaN
23.6240,-0.101832,-0.162670,0,107.14,NaN
23.6320,-0.114042,-0.182690,0,107.14,NaN
23.6400,-0.127717,-0.205457,0,107.14,NaN
23.6480,-0.143834,-0.228208,0,107.14,NaN
23.6560,-0.158486,-0.246728,0,107.14,NaN
23.6640,-0.163858,-0.256006,0,107.14,NaN
23.6720,-0.155556,-0.251368,0,107.14,NaN
23.6800,-0.132601,-0.229663,0,107.14,NaN
23.6880,-0.094505,-0.190211,0,107.14,NaN
23.6960,-0.042247,-0.135621,0,107.14,NaN
23.7040,0.030037,-0.072178,0,107.14,NaN
23.7120,0.117949,0.015593,0,107.14,NaN
23.7200,0.227839,0.131119,0,107.14,NaN
23.7280,0.352381,0.264439,0,107.14,NaN
23.7360,0.476923,0.410770,0,107.14,NaN
23.7440,0.606349,0.561237,0,107.14,NaN
23.7520,0.745543,0.700309,0,107.14,NaN
23.7600,0.883272,0.805270,1,107.14,NaN
23.7680,0.961905,0.851438,1,107.14,NaN
23.7760,0.938950,0.822215,1,107.14,NaN
23.7840,0.816361,0.717028,0,107.14,NaN
23.7920,0.644444,0.550685,0,107.14,NaN
23.8000,0.469109,0.345212,0,107.14,NaN
23.8080,0.295726,0.121647,0,107.14,NaN
23.8160,0.127717,0.137627,0,107.14,NaN
23.8240,-0.025641,-0.024873,0,107.14,NaN
23.8320,-0.141392,-0.147880,0,107.14,NaN
23.8400,-0.210745,-0.225176,0,107.14,NaN
23.8480,-0.237118,-0.257205,0,107.14,NaN
23.8560,-0.227839,-0.250845,0,107.14,NaN
23.8640,-0.192186,-0.217830,0,107.14,NaN
23.8720,-0.145299,-0.172228,0,107.14,NaN
23.8800,-0.101343,-0.127428,0,107.14,NaN
23.8880,-0.070085,-0.093321,0,107.14,NaN
23.8960,-0.055922,-0.074457,0,107.14,NaN
23.9040,-0.055922,-0.069627,0,107.14,NaN
23.9120,-0.064713,-0.072896,0,107.14,NaN
23.9200,-0.078388,-0.021462,0,107.14,NaN
23.9280,-0.094994,-0.035459,0,107.14,NaN
23.9360,-0.108669,-0.048595,0,107.14,NaN
23.9440,-0.117949,-0.058522,0,107.14,NaN
23.9520,-0.123321,-0.064276,0,107.14,NaN
23.9600,-0.123321,-0.066015,0,107.14,NaN
23.9680,-0.121368,-0.064571,0,107.14,NaN
23.9760,-0.116972,-0.060964,0,107.14,NaN
23.9840,-0.114042,-0.056021,0,107.14,NaN
23.9920,-0.110134,-0.050259,0,107.14,NaN
24.0000,-0.105739,-0.043995,0,107.14,NaN
24.0080,-0.103297,-0.037452,0,107.14,NaN
24.0160,-0.103785,-0.030755,0,107.14,NaN
24.0240,-0.103785,-0.207812,0,107.14,NaN
24.0320,-0.102320,-0.206176,0,107.14,NaN
24.0400,-0.101832,-0.202286,0,107.14,NaN
24.0480,-0.104762,-0.195687,0,107.14,NaN
24.0560,-0.106716,-0.185995,0,107.14,NaN
24.0640,-0.107692,-0.173248,0,107.14,NaN
24.0720,-0.106227,-0.158226,0,107.14,NaN
24.0800,-0.105739,-0.142400,0,107.14,NaN
24.0880,-0.103785,-0.127529,0,107.14,NaN
24.0960,-0.101343,-0.115142,0,107.14,NaN
24.1040,-0.100855,-0.106090,0,107.14,NaN
24.1120,-0.097924,-0.100244,0,107.14,NaN
24.1200,-0.098413,-0.096421,0,107.14,NaN
24.1280,-0.097924,0.008007,0,107.14,NaN
24.1360,-0.098901,0.006513,0,107.14,NaN
24.1440,-0.101343,0.003393,0,107.14,NaN
24.1520,-0.100366,0.000009,0,107.14,NaN
24.1600,-0.100366,-0.002580,0,107.14,NaN
24.1680,-0.098413,-0.003828,0,107.14,NaN
24.1760,-0.095971,-0.003725,0,107.14,NaN
24.1840,-0.094017,-0.002647,0,107.14,NaN
24.1920,-0.093040,-0.001114,0,107.14,NaN
24.2000,-0.092552,0.000394,0,107.14,NaN
24.2080,-0.091087,0.001518,0,107.14,NaN
24.2160,-0.091087,0.002097,0,107.14,NaN
24.2240,-0.092063,0.002268,0,107.14,NaN
24.2320,-0.091087,-0.010560,0,107.14,NaN
24.2400,-0.092063,-0.012347,0,107.14,NaN
24.2480,-0.093040,-0.014194,0,107.14,NaN
24.2560,-0.093040,-0.015511,0,107.14,NaN
24.2640,-0.092552,-0.015700,0,107.14,NaN
24.2720,-0.090598,-0.014393,0,107.14,NaN
24.2800,-0.086203,-0.011682,0,107.14,NaN
24.2880,-0.079853,-0.008205,0,107.14,NaN
24.2960,-0.075458,-0.004945,0,107.14,NaN
24.3040,-0.071062,-0.002834,0,107.14,NaN
24.3120,-0.070085,-0.002394,0,107.14,NaN
24.3200,-0.070085,-0.003557,0,107.14,NaN
24.3280,-0.071551,-0.005697,0,107.14,NaN
24.3360,-0.077411,0.005326,0,107.14,NaN
24.3440,-0.080830,0.001135,0,107.14,NaN
24.3520,-0.083272,-0.002065,0,107.14,NaN
24.3600,-0.082784,-0.003834,0,107.14,NaN
24.3680,-0.080342,-0.004294,0,107.14,NaN
24.3760,-0.080342,-0.003847,0,107.14,NaN
24.3840,-0.077900,-0.002884,0,107.14,NaN
24.3920,-0.076923,-0.001702,0,107.14,NaN
24.4000,-0.074481,-0.000572,0,107.14,NaN
24.4080,-0.072039,0.000229,0,107.14,NaN
24.4160,-0.071062,0.000492,0,107.14,NaN
24.4240,-0.070574,0.000197,0,107.14,NaN
24.4320,-0.070574,-0.000451,0,107.14,NaN
24.4400,-0.073016,0.001018,0,107.14,NaN
24.4480,-0.077411,-0.004592,0,107.14,NaN
24.4560,-0.085226,-0.010424,0,107.14,NaN
24.4640,-0.088645,-0.014972,0,107.14,NaN
24.4720,-0.090110,-0.017012,0,107.14,NaN
24.4800,-0.088156,-0.016082,0,107.14,NaN
24.4880,-0.082784,-0.012632,0,107.14,NaN
24.4960,-0.077411,-0.007850,0,107.14,NaN
24.5040,-0.070085,-0.003282,0,107.14,NaN
24.5120,-0.067155,-0.000323,0,107.14,NaN
24.5200,-0.065201,0.000243,0,107.14,NaN
24.5280,-0.066667,-0.001513,0,107.14,NaN
24.5360,-0.070085,-0.004695,0,107.14,NaN
24.5440,-0.071551,-0.023057,0,107.14,NaN
24.5520,-0.073504,-0.026767,0,107.14,NaN
24.5600,-0.074969,-0.029475,0,107.14,NaN
24.5680,-0.073016,-0.030904,0,107.14,NaN
24.5760,-0.071062,-0.031108,0,107.14,NaN
24.5840,-0.070085,-0.030317,0,107.14,NaN
24.5920,-0.065690,-0.028822,0,107.14,NaN
24.6000,-0.062271,-0.026937,0,107.14,NaN
24.6080,-0.058852,-0.024863,0,107.14,NaN
24.6160,-0.056899,-0.022557,0,107.14,NaN
24.6240,-0.053968,-0.019839,0,107.14,NaN
24.6320,-0.047619,-0.016652,0,107.14,NaN
24.6400,-0.043223,-0.013177,0,107.14,NaN
24.6480,-0.038828,-0.008293,0,107.14,NaN
24.6560,-0.038339,-0.008237,0,107.14,NaN
24.6640,-0.038828,-0.009399,0,107.14,NaN
24.6720,-0.038828,-0.011254,0,107.14,NaN
24.6800,-0.038339,-0.013249,0,107.14,NaN
24.6880,-0.038828,-0.014971,0,107.14,NaN
24.6960,-0.036874,-0.016192,0,107.14,NaN
24.7040,-0.035409,-0.016821,0,107.14,NaN
24.7120,-0.032479,-0.016751,0,107.14,NaN
24.7200,-0.031013,-0.015667,0,107.14,NaN
24.7280,-0.030525,-0.013079,0,107.14,NaN
24.7360,-0.023687,-0.008770,0,107.14,NaN
24.7440,-0.014408,-0.003278,0,107.14,NaN
24.7520,0.003175,0.119827,0,107.14,NaN
24.7600,0.016850,0.136177,0,107.14,NaN
24.7680,0.027106,0.149190,0,107.14,NaN
24.7760,0.031990,0.156569,0,107.14,NaN
24.7840,0.030037,0.157192,0,107.14,NaN
24.7920,0.022711,0.151335,0,107.14,NaN
24.8000,0.008059,0.140605,0,107.14,NaN
24.8080,-0.010989,0.127444,0,107.14,NaN
24.8160,-0.023687,0.114143,0,107.14,NaN
24.8240,-0.035409,0.101952,0,107.14,NaN
24.8320,-0.045665,0.090965,0,107.14,NaN
24.8400,-0.056899,0.080691,0,107.14,NaN
24.8480,-0.070085,0.070675,0,107.14,NaN
24.8560,-0.079365,-0.026941,0,107.14,NaN
24.8640,-0.085714,-0.033605,0,107.14,NaN
24.8720,-0.087179,-0.037559,0,107.14,NaN
24.8800,-0.087179,-0.039552,0,107.14,NaN
24.8880,-0.087668,-0.040652,0,107.14,NaN
24.8960,-0.087668,-0.041758,0,107.14,NaN
24.9040,-0.088645,-0.043236,0,107.14,NaN
24.9120,-0.090598,-0.044720,0,107.14,NaN
24.9200,-0.093040,-0.045150,0,107.14,NaN
24.9280,-0.094017,-0.043171,0,107.14,NaN
24.9360,-0.088645,-0.037841,0,107.14,NaN
24.9440,-0.081319,-0.029236,0,107.14,NaN
24.9520,-0.069597,-0.018596,0,107.14,NaN
24.9600,-0.060317,0.063304,0,107.14,NaN
24.9680,-0.057387,0.070154,0,107.14,NaN
24.9760,-0.059341,0.070895,0,107.14,NaN
24.9840,-0.067155,0.065174,0,107.14,NaN
24.9920,-0.083272,0.054273,0,107.14,NaN
25.0000,-0.101343,0.040834,0,107.14,NaN
25.0080,-0.117949,0.028042,0,107.14,NaN
25.0160,-0.131136,0.018604,0,107.14,NaN
25.0240,-0.136996,0.013985,0,107.14,NaN
25.0320,-0.138950,0.014224,0,107.14,NaN
25.0400,-0.138950,0.018335,0,107.14,NaN
25.0480,-0.136996,0.024927,0,107.14,NaN
25.0560,-0.136996,0.032684,0,107.14,NaN
25.0640,-0.137973,-0.052159,0,107.14,NaN
25.0720,-0.139927,-0.050896,0,107.14,NaN
25.0800,-0.141392,-0.050162,0,107.14,NaN
25.0880,-0.144811,-0.049662,0,107.14,NaN
25.0960,-0.145299,-0.049138,0,107.14,NaN
25.1040,-0.146764,-0.048457,0,107.14,NaN
25.1120,-0.147253,-0.047532,0,107.14,NaN
25.1200,-0.148230,-0.046181,0,107.14,NaN
25.1280,-0.148230,-0.044092,0,107.14,NaN
25.1360,-0.146764,-0.040930,0,107.14,NaN
25.1440,-0.144811,-0.036502,0,107.14,NaN
25.1520,-0.139438,-0.030925,0,107.14,NaN
25.1600,-0.134066,-0.024667,0,107.14,NaN
25.1680,-0.132112,-0.023040,0,107.14,NaN
25.1760,-0.131136,-0.021601,0,107.14,NaN
25.1840,-0.132112,-0.021834,0,107.14,NaN
25.1920,-0.132112,-0.023301,0,107.14,NaN
25.2000,-0.136020,-0.025181,0,107.14,NaN
25.2080,-0.139927,-0.026439,0,107.14,NaN
25.2160,-0.138950,-0.026287,0,107.14,NaN
25.2240,-0.135043,-0.024616,0,107.14,NaN
25.2320,-0.132601,-0.021918,0,107.14,NaN
25.2400,-0.129182,-0.018823,0,107.14,NaN
25.2480,-0.129182,-0.015744,0,107.14,NaN
25.2560,-0.125763,-0.012823,0,107.14,NaN
25.2640,-0.125275,-0.010038,0,107.14,NaN
25.2720,-0.125275,-0.005171,0,107.14,NaN
25.2800,-0.123810,-0.003568,0,107.14,NaN
25.2880,-0.124298,-0.002220,0,107.14,NaN
25.2960,-0.122344,-0.001151,0,107.14,NaN
25.3040,-0.123321,-0.000396,0,107.14,NaN
25.3120,-0.121856,0.000025,0,107.14,NaN
25.3200,-0.121368,0.000084,0,107.14,NaN
25.3280,-0.120391,-0.000227,0,107.14,NaN
25.3360,-0.119902,-0.000807,0,107.14,NaN
25.3440,-0.121368,-0.001374,0,107.14,NaN
25.3520,-0.121368,-0.001566,0,107.14,NaN
25.3600,-0.119414,-0.001209,0,107.14,NaN
25.3680,-0.117460,-0.000468,0,107.14,NaN
25.3760,-0.116972,0.000001,0,107.14,NaN
25.3840,-0.115018,0.000223,0,107.14,NaN
25.3920,-0.114042,-0.000162,0,107.14,NaN
25.4000,-0.114530,-0.001191,0,107.14,NaN
25.4080,-0.115995,-0.002638,0,107.14,NaN
25.4160,-0.115507,-0.004127,0,107.14,NaN
25.4240,-0.115995,-0.005308,0,107.14,NaN
25.4320,-0.114530,-0.005928,0,107.14,NaN
25.4400,-0.114530,-0.005821,0,107.14,NaN
25.4480,-0.112088,-0.004934,0,107.14,NaN
25.4560,-0.109158,-0.003377,0,107.14,NaN
25.4640,-0.106227,-0.001388,0,107.14,NaN
25.4720,-0.103785,0.000786,0,107.14,NaN
25.4800,-0.105739,0.016432,0,107.14,NaN
25.4880,-0.103297,0.016212,0,107.14,NaN
25.4960,-0.106227,0.015102,0,107.14,NaN
25.5040,-0.105739,0.013166,0,107.14,NaN
25.5120,-0.107692,0.010515,0,107.14,NaN
25.5200,-0.109646,0.007420,0,107.14,NaN
25.5280,-0.113065,0.004425,0,107.14,NaN
25.5360,-0.116484,0.002254,0,107.14,NaN
25.5440,-0.116972,0.001459,0,107.14,NaN
25.5520,-0.114042,0.002071,0,107.14,NaN
25.5600,-0.111111,0.003621,0,107.14,NaN
25.5680,-0.109646,0.005539,0,107.14,NaN
25.5760,-0.108669,0.007510,0,107.14,NaN
25.5840,-0.106716,0.010542,0,107.14,NaN
25.5920,-0.106227,0.011796,0,107.14,NaN
25.6000,-0.105739,0.012944,0,107.14,NaN
25.6080,-0.104762,0.014122,0,107.14,NaN
25.6160,-0.103785,0.015268,0,107.14,NaN
25.6240,-0.102808,0.016029,0,107.14,NaN
25.6320,-0.101343,0.015809,0,107.14,NaN
25.6400,-0.101343,0.014036,0,107.14,NaN
25.6480,-0.101343,0.010677,0,107.14,NaN
25.6560,-0.111600,0.006751,0,107.14,NaN
25.6640,-0.119902,0.004079,0,107.14,NaN
25.6720,-0.118926,0.003964,0,107.14,NaN
25.6800,-0.111111,0.005923,0,107.14,NaN
25.6880,-0.101343,0.005093,0,107.14,NaN
25.6960,-0.095482,0.010811,0,107.14,NaN
25.7040,-0.092063,0.014298,0,107.14,NaN
25.7120,-0.093529,0.014840,0,107.14,NaN
25.7200,-0.095971,0.012935,0,107.14,NaN
25.7280,-0.101343,0.009853,0,107.14,NaN
25.7360,-0.103785,0.006978,0,107.14,NaN
25.7440,-0.104762,0.005206,0,107.14,NaN
25.7520,-0.103297,0.004700,0,107.14,NaN
25.7600,-0.102320,0.005095,0,107.14,NaN
25.7680,-0.101832,0.005895,0,107.14,NaN
25.7760,-0.101832,0.006777,0,107.14,NaN
25.7840,-0.101343,0.007634,0,107.14,NaN
25.7920,-0.101343,0.002297,0,107.14,NaN
25.8000,-0.101343,0.001934,0,107.14,NaN
25.8080,-0.102808,0.001535,0,107.14,NaN
25.8160,-0.102808,0.001400,0,107.14,NaN
25.8240,-0.102320,0.001737,0,107.14,NaN
25.8320,-0.101343,0.002538,0,107.14,NaN
25.8400,-0.099878,0.003569,0,107.14,NaN
25.8480,-0.097924,0.004432,0,107.14,NaN
25.8560,-0.096459,0.004730,0,107.14,NaN
25.8640,-0.097924,0.004288,0,107.14,NaN
25.8720,-0.098901,0.003257,0,107.14,NaN
25.8800,-0.101343,0.001955,0,107.14,NaN
25.8880,-0.100855,0.000611,0,107.14,NaN
25.8960,-0.101343,0.007609,0,107.14,NaN
25.9040,-0.101343,0.007960,0,107.14,NaN
25.9120,-0.100366,0.008795,0,107.14,NaN
25.9200,-0.100855,0.009960,0,107.14,NaN
25.9280,-0.098901,0.011172,0,107.14,NaN
25.9360,-0.097924,0.012019,0,107.14,NaN
25.9440,-0.097924,0.012101,0,107.14,NaN
25.9520,-0.098901,0.011234,0,107.14,NaN
25.9600,-0.101343,0.009576,0,107.14,NaN
25.9680,-0.102808,0.007588,0,107.14,NaN
25.9760,-0.107692,0.005839,0,107.14,NaN
25.9840,-0.105739,0.004661,0,107.14,NaN
25.9920,-0.106716,0.003932,0,107.14,NaN
26.0000,-0.104762,-0.019712,0,107.14,NaN
26.0080,-0.100855,-0.017213,0,107.14,NaN
26.0160,-0.096947,-0.014544,0,107.14,NaN
26.0240,-0.093529,-0.012560,0,107.14,NaN
26.0320,-0.093040,-0.011716,0,107.14,NaN
26.0400,-0.093040,-0.011852,0,107.14,NaN
26.0480,-0.094994,-0.012326,0,107.14,NaN
26.0560,-0.094017,-0.012419,0,107.14,NaN
26.0640,-0.092552,-0.011764,0,107.14,NaN
26.0720,-0.088156,-0.010497,0,107.14,NaN
26.0800,-0.086203,-0.009010,0,107.14,NaN
26.0880,-0.085226,-0.007595,0,107.14,NaN
26.0960,-0.083272,-0.006294,0,107.14,NaN
26.1040,-0.085714,0.001620,0,107.14,NaN
26.1120,-0.087179,-0.001754,0,107.14,NaN
26.1200,-0.093529,-0.005801,0,107.14,NaN
26.1280,-0.095971,-0.009516,0,107.14,NaN
26.1360,-0.097924,-0.012046,0,107.14,NaN
26.1440,-0.097924,-0.012975,0,107.14,NaN
26.1520,-0.095971,-0.012344,0,107.14,NaN
26.1600,-0.094505,-0.010517,0,107.14,NaN
26.1680,-0.092552,-0.008048,0,107.14,NaN
26.1760,-0.087179,-0.005612,0,107.14,NaN
26.1840,-0.085226,-0.003829,0,107.14,NaN
26.1920,-0.084737,-0.002937,0,107.14,NaN
26.2000,-0.084737,-0.002659,0,107.14,NaN
26.2080,-0.084737,-0.006286,0,107.14,NaN
26.2160,-0.090110,-0.009913,0,107.14,NaN
26.2240,-0.093040,-0.013660,0,107.14,NaN
26.2320,-0.094994,-0.016547,0,107.14,NaN
26.2400,-0.096459,-0.017870,0,107.14,NaN
26.2480,-0.094994,-0.017410,0,107.14,NaN
26.2560,-0.090598,-0.015502,0,107.14,NaN
26.2640,-0.087179,-0.012836,0,107.14,NaN
26.2720,-0.085714,-0.010124,0,107.14,NaN
26.2800,-0.080830,-0.007929,0,107.14,NaN
26.2880,-0.078877,-0.006621,0,107.14,NaN
26.2960,-0.077900,-0.006253,0,107.14,NaN
26.3040,-0.077900,-0.006489,0,107.14,NaN
26.3120,-0.080342,0.004402,0,107.14,NaN
26.3200,-0.083272,0.001942,0,107.14,NaN
26.3280,-0.085226,-0.000469,0,107.14,NaN
26.3360,-0.085714,-0.002518,0,107.14,NaN
26.3440,-0.086691,-0.004183,0,107.14,NaN
26.3520,-0.087179,-0.005554,0,107.14,NaN
26.3600,-0.088156,-0.006647,0,107.14,NaN
26.3680,-0.089133,-0.007312,0,107.14,NaN
26.3760,-0.090110,-0.007322,0,107.14,NaN
26.3840,-0.087179,-0.006544,0,107.14,NaN
26.3920,-0.087179,-0.004998,0,107.14,NaN
26.4000,-0.085226,-0.002819,0,107.14,NaN
26.4080,-0.082295,-0.000258,0,107.14,NaN
26.4160,-0.078388,-0.032259,0,107.14,NaN
26.4240,-0.074969,-0.029850,0,107.14,NaN
26.4320,-0.070085,-0.027706,0,107.14,NaN
26.4400,-0.066667,-0.026204,0,107.14,NaN
26.4480,-0.064713,-0.025456,0,107.14,NaN
26.4560,-0.063248,-0.025219,0,107.14,NaN
26.4640,-0.062271,-0.025018,0,107.14,NaN
26.4720,-0.059341,-0.024397,0,107.14,NaN
26.4800,-0.055433,-0.023104,0,107.14,NaN
26.4880,-0.053480,-0.021092,0,107.14,NaN
26.4960,-0.047131,-0.018459,0,107.14,NaN
26.5040,-0.044200,-0.015398,0,107.14,NaN
26.5120,-0.038828,-0.012134,0,107.14,NaN
26.5200,-0.038828,-0.025757,0,107.14,NaN
26.5280,-0.035897,-0.024726,0,107.14,NaN
26.5360,-0.031502,-0.022300,0,107.14,NaN
26.5440,-0.024664,-0.017766,0,107.14,NaN
26.5520,-0.015873,-0.010889,0,107.14,NaN
26.5600,-0.007570,-0.002063,0,107.14,NaN
26.5680,0.006593,0.007522,0,107.14,NaN
26.5760,0.018315,0.015894,0,107.14,NaN
26.5840,0.028083,0.020805,0,107.14,NaN
26.5920,0.030525,0.020546,0,107.14,NaN
26.6000,0.026618,0.014588,0,107.14,NaN
26.6080,0.020757,0.003781,0,107.14,NaN
26.6160,0.009035,-0.009839,0,107.14,NaN
26.6240,-0.001221,0.099705,0,107.14,NaN
26.6320,-0.009524,0.091874,0,107.14,NaN
26.6400,-0.017827,0.086727,0,107.14,NaN
26.6480,-0.020757,0.084744,0,107.14,NaN
26.6560,-0.019780,0.085214,0,107.14,NaN
26.6640,-0.016850,0.086446,0,107.14,NaN
26.6720,-0.018315,0.086512,0,107.14,NaN
26.6800,-0.023199,0.084072,0,107.14,NaN
26.6880,-0.031013,0.078705,0,107.14,NaN
26.6960,-0.038828,0.070759,0,107.14,NaN
26.7040,-0.052015,0.061033,0,107.14,NaN
26.7120,-0.063248,0.050436,0,107.14,NaN
26.7200,-0.073016,0.039614,0,107.14,NaN
26.7280,-0.080342,-0.014336,0,107.14,NaN
26.7360,-0.082295,-0.018304,0,107.14,NaN
26.7440,-0.083272,-0.019835,0,107.14,NaN
26.7520,-0.082295,-0.019930,0,107.14,NaN
26.7600,-0.083272,-0.019489,0,107.14,NaN
26.7680,-0.084737,-0.018970,0,107.14,NaN
26.7760,-0.085714,-0.018425,0,107.14,NaN
26.7840,-0.084737,-0.017759,0,107.14,NaN
26.7920,-0.085226,-0.016886,0,107.14,NaN
26.8000,-0.085714,-0.015728,0,107.14,NaN
26.8080,-0.085714,-0.014236,0,107.14,NaN
26.8160,-0.083761,-0.012474,0,107.14,NaN
26.8240,-0.084249,-0.010572,0,107.14,NaN
26.8320,-0.085226,-0.036474,0,107.14,NaN
26.8400,-0.085714,-0.036713,0,107.14,NaN
26.8480,-0.087668,-0.036684,0,107.14,NaN
26.8560,-0.086203,-0.036117,0,107.14,NaN
26.8640,-0.086203,-0.034877,0,107.14,NaN
26.8720,-0.086203,-0.032913,0,107.14,NaN
26.8800,-0.086203,-0.030231,0,107.14,NaN
26.8880,-0.085226,-0.027025,0,107.14,NaN
26.8960,-0.082295,-0.023783,0,107.14,NaN
26.9040,-0.080830,-0.021122,0,107.14,NaN
26.9120,-0.083272,-0.019411,0,107.14,NaN
26.9200,-0.084249,-0.018580,0,107.14,NaN
26.9280,-0.085714,-0.018246,0,107.14,NaN
26.9360,-0.085714,-0.024413,0,107.14,NaN
26.9440,-0.085714,-0.024047,0,107.14,NaN
26.9520,-0.085714,-0.023378,0,107.14,NaN
26.9600,-0.085226,-0.022413,0,107.14,NaN
26.9680,-0.085714,-0.021174,0,107.14,NaN
26.9760,-0.084737,-0.019737,0,107.14,NaN
26.9840,-0.082784,-0.018261,0,107.14,NaN
26.9920,-0.082784,-0.016902,0,107.14,NaN
27.0000,-0.082784,-0.015684,0,107.14,NaN
27.0080,-0.081319,-0.014530,0,107.14,NaN
27.0160,-0.080342,-0.013362,0,107.14,NaN
27.0240,-0.078877,-0.012144,0,107.14,NaN
27.0320,-0.076923,-0.010889,0,107.14,NaN
27.0400,-0.077411,-0.044817,0,107.14,NaN
27.0480,-0.076923,-0.050083,0,107.14,NaN
27.0560,-0.083272,-0.059462,0,107.14,NaN
27.0640,-0.092552,-0.073453,0,107.14,NaN
27.0720,-0.106716,-0.091422,0,107.14,NaN
27.0800,-0.123321,-0.111381,0,107.14,NaN
27.0880,-0.137973,-0.130053,0,107.14,NaN
27.0960,-0.150672,-0.143225,0,107.14,NaN
27.1040,-0.153602,-0.146440,0,107.14,NaN
27.1120,-0.145299,-0.136073,0,107.14,NaN
27.1200,-0.121856,-0.110623,0,107.14,NaN
27.1280,-0.083272,-0.071860,0,107.14,NaN
27.1360,-0.029548,-0.025201,0,107.14,NaN
27.1440,0.040293,-0.241391,0,107.14,NaN
27.1520,0.123810,-0.173900,0,107.14,NaN
27.1600,0.226862,-0.090824,0,107.14,NaN
27.1680,0.347497,0.006113,0,107.14,NaN
27.1760,0.470085,0.112998,0,107.14,NaN
27.1840,0.593162,0.222734,0,107.14,NaN
27.1920,0.718681,0.323398,0,107.14,NaN
27.2000,0.843223,0.397401,0,107.14,NaN
27.2080,0.929670,0.424478,1,107.14,NaN
27.2160,0.915995,0.389344,1,107.14,NaN
27.2240,0.801709,0.289638,0,107.14,NaN
27.2320,0.632234,0.138112,0,107.14,NaN
27.2400,0.458852,-0.041764,0,107.14,NaN
27.2480,0.296215,0.357889,0,107.14,NaN
27.2560,0.143346,0.179115,0,107.14,NaN
27.2640,0.007082,0.025836,0,107.14,NaN
27.2720,-0.107692,-0.092365,0,107.14,NaN
27.2800,-0.183883,-0.169755,0,107.14,NaN
27.2880,-0.216606,-0.205474,0,107.14,NaN
27.2960,-0.212210,-0.204363,0,107.14,NaN
27.3040,-0.182418,-0.176168,0,107.14,NaN
27.3120,-0.141392,-0.133138,0,107.14,NaN
27.3200,-0.097924,-0.086989,0,107.14,NaN
27.3280,-0.061294,-0.046106,0,107.14,NaN
27.3360,-0.038339,-0.013581,0,107.14,NaN
27.3440,-0.029060,0.013154,0,107.14,NaN
27.3520,-0.031990,0.037806,0,107.14,NaN
27.3600,-0.045177,0.031161,0,107.14,NaN
27.3680,-0.060806,0.018899,0,107.14,NaN
27.3760,-0.074969,0.005187,0,107.14,NaN
27.3840,-0.086203,-0.006971,0,107.14,NaN
27.3920,-0.096459,-0.015883,0,107.14,NaN
27.4000,-0.101832,-0.020959,0,107.14,NaN
27.4080,-0.102808,-0.022464,0,107.14,NaN
27.4160,-0.101343,-0.021172,0,107.14,NaN
27.4240,-0.101832,-0.017867,0,107.14,NaN
27.4320,-0.101343,-0.013055,0,107.14,NaN
27.4400,-0.099878,-0.007077,0,107.14,NaN
27.4480,-0.098901,-0.000363,0,107.14,NaN
27.4560,-0.098901,-0.256595,0,107.14,NaN
27.4640,-0.098413,-0.257309,0,107.14,NaN
27.4720,-0.100366,-0.255565,0,107.14,NaN
27.4800,-0.101343,-0.250605,0,107.14,NaN
27.4880,-0.101343,-0.241887,0,107.14,NaN
27.4960,-0.101343,-0.229350,0,107.14,NaN
27.5040,-0.101832,-0.213545,0,107.14,NaN
27.5120,-0.101832,-0.195654,0,107.14,NaN
27.5200,-0.101343,-0.177317,0,107.14,NaN
27.5280,-0.100855,-0.160191,0,107.14,NaN
27.5360,-0.100855,-0.145384,0,107.14,NaN
27.5440,-0.097924,-0.133067,0,107.14,NaN
27.5520,-0.096459,-0.122397,0,107.14,NaN
27.5600,-0.096459,-0.000988,0,107.14,NaN
27.5680,-0.095482,0.002188,0,107.14,NaN
27.5760,-0.093529,0.002770,0,107.14,NaN
27.5840,-0.093529,0.001492,0,107.14,NaN
27.5920,-0.093040,-0.000750,0,107.14,NaN
27.6000,-0.093529,-0.003074,0,107.14,NaN
27.6080,-0.090598,-0.004854,0,107.14,NaN
27.6160,-0.090598,-0.005829,0,107.14,NaN
27.6240,-0.088645,-0.005963,0,107.14,NaN
27.6320,-0.089133,-0.005245,0,107.14,NaN
27.6400,-0.090598,-0.003611,0,107.14,NaN
27.6480,-0.088156,-0.001098,0,107.14,NaN
27.6560,-0.086203,0.001963,0,107.14,NaN
27.6640,-0.084737,-0.005503,0,107.14,NaN
27.6720,-0.082295,-0.003016,0,107.14,NaN
27.6800,-0.080342,-0.000931,0,107.14,NaN
27.6880,-0.078388,0.000486,0,107.14,NaN
27.6960,-0.076435,0.001060,0,107.14,NaN
27.7040,-0.076923,0.000778,0,107.14,NaN
27.7120,-0.075458,-0.000161,0,107.14,NaN
27.7200,-0.077411,-0.001356,0,107.14,NaN
27.7280,-0.077411,-0.002299,0,107.14,NaN
27.7360,-0.076923,-0.002576,0,107.14,NaN
27.7440,-0.074481,-0.002053,0,107.14,NaN
27.7520,-0.072527,-0.000878,0,107.14,NaN
27.7600,-0.070085,0.000637,0,107.14,NaN
27.7680,-0.068620,0.003361,0,107.14,NaN
27.7760,-0.068620,0.003296,0,107.14,NaN
27.7840,-0.067155,0.002567,0,107.14,NaN
27.7920,-0.068620,0.001408,0,107.14,NaN
27.8000,-0.069597,0.000186,0,107.14,NaN
27.8080,-0.067643,-0.000778,0,107.14,NaN
27.8160,-0.067155,-0.001306,0,107.14,NaN
27.8240,-0.067643,-0.001294,0,107.14,NaN
27.8320,-0.065201,-0.000728,0,107.14,NaN
27.8400,-0.062271,0.000208,0,107.14,NaN
27.8480,-0.060806,0.001170,0,107.14,NaN
27.8560,-0.056410,0.001852,0,107.14,NaN
27.8640,-0.057387,0.002226,0,107.14,NaN
27.8720,-0.057387,0.002081,0,107.14,NaN
27.8800,-0.055433,0.001542,0,107.14,NaN
27.8880,-0.054457,0.000789,0,107.14,NaN
27.8960,-0.054457,-0.000036,0,107.14,NaN
27.9040,-0.054457,-0.000654,0,107.14,NaN
27.9120,-0.054457,-0.000736,0,107.14,NaN
27.9200,-0.052503,-0.000152,0,107.14,NaN
27.9280,-0.048107,0.000868,0,107.14,NaN
27.9360,-0.046154,0.001867,0,107.14,NaN
27.9440,-0.045177,0.002476,0,107.14,NaN
27.9520,-0.043712,0.002543,0,107.14,NaN
27.9600,-0.041758,0.002084,0,107.14,NaN
27.9680,-0.042247,0.001278,0,107.14,NaN
27.9760,-0.040293,0.005785,0,107.14,NaN
27.9840,-0.038828,0.006443,0,107.14,NaN
27.9920,-0.037851,0.007475,0,107.14,NaN
28.0000,-0.035409,0.008641,0,107.14,NaN
28.0080,-0.031013,0.009441,0,107.14,NaN
28.0160,-0.030525,0.009354,0,107.14,NaN
28.0240,-0.031013,0.008213,0,107.14,NaN
28.0320,-0.031990,0.006346,0,107.14,NaN
28.0400,-0.034432,0.004407,0,107.14,NaN
28.0480,-0.033455,0.003042,0,107.14,NaN
28.0560,-0.032967,0.002614,0,107.14,NaN
28.0640,-0.031502,0.003114,0,107.14,NaN
28.0720,-0.028571,0.004187,0,107.14,NaN
28.0800,-0.025153,0.001085,0,107.14,NaN
28.0880,-0.023199,0.002493,0,107.14,NaN
28.0960,-0.020269,0.003196,0,107.14,NaN
28.1040,-0.019292,0.002991,0,107.14,NaN
28.1120,-0.019780,0.002044,0,107.14,NaN
28.1200,-0.020269,0.000837,0,107.14,NaN
28.1280,-0.020757,-0.000075,0,107.14,NaN
28.1360,-0.018315,-0.000360,0,107.14,NaN
28.1440,-0.016361,-0.000036,0,107.14,NaN
28.1520,-0.014408,0.000644,0,107.14,NaN
28.1600,-0.011966,0.001380,0,107.14,NaN
28.1680,-0.010012,0.001966,0,107.14,NaN
28.1760,-0.009035,0.002387,0,107.14,NaN
28.1840,-0.008547,0.041135,0,107.14,NaN
28.1920,-0.009035,0.041771,0,107.14,NaN
28.2000,-0.007570,0.042050,0,107.14,NaN
28.2080,-0.009524,0.042108,0,107.14,NaN
28.2160,-0.009035,0.042082,0,107.14,NaN
28.2240,-0.010501,0.042040,0,107.14,NaN
28.2320,-0.010989,0.041869,0,107.14,NaN
28.2400,-0.010989,0.041209,0,107.14,NaN
28.2480,-0.011966,0.039543,0,107.14,NaN
28.2560,-0.015873,0.036456,0,107.14,NaN
28.2640,-0.020757,0.031865,0,107.14,NaN
28.2720,-0.026618,0.026047,0,107.14,NaN
28.2800,-0.033455,0.019552,0,107.14,NaN
28.2880,-0.038339,0.034360,0,107.14,NaN
28.2960,-0.041758,0.030438,0,107.14,NaN
28.3040,-0.047619,0.026925,0,107.14,NaN
28.3120,-0.052991,0.023695,0,107.14,NaN
28.3200,-0.054945,0.020554,0,107.14,NaN
28.3280,-0.060806,0.017318,0,107.14,NaN
28.3360,-0.065201,0.014023,0,107.14,NaN
28.3440,-0.070574,0.011014,0,107.14,NaN
28.3520,-0.075946,0.008824,0,107.14,NaN
28.3600,-0.078388,0.007894,0,107.14,NaN
28.3680,-0.079365,0.008297,0,107.14,NaN
28.3760,-0.078877,0.009717,0,107.14,NaN
28.3840,-0.080342,0.011662,0,107.14,NaN
28.3920,-0.080342,-0.010447,0,107.14,NaN
28.4000,-0.084737,-0.011963,0,107.14,NaN
28.4080,-0.086203,-0.014735,0,107.14,NaN
28.4160,-0.093529,-0.018264,0,107.14,NaN
28.4240,-0.100366,-0.021580,0,107.14,NaN
28.4320,-0.102320,-0.023649,0,107.14,NaN
28.4400,-0.106227,-0.023851,0,107.14,NaN
28.4480,-0.104274,-0.022216,0,107.14,NaN
28.4560,-0.102320,-0.019347,0,107.14,NaN
28.4640,-0.101343,-0.016069,0,107.14,NaN
28.4720,-0.101343,-0.013002,0,107.14,NaN
28.4800,-0.101343,-0.010372,0,107.14,NaN
28.4880,-0.102320,-0.008052,0,107.14,NaN
28.4960,-0.106716,-0.035735,0,107.14,NaN
28.5040,-0.108669,-0.037563,0,107.14,NaN
28.5120,-0.112088,-0.039045,0,107.14,NaN
28.5200,-0.113553,-0.039619,0,107.14,NaN
28.5280,-0.113553,-0.038955,0,107.14,NaN
28.5360,-0.113553,-0.036982,0,107.14,NaN
28.5440,-0.112088,-0.033871,0,107.14,NaN
28.5520,-0.109646,-0.030040,0,107.14,NaN
28.5600,-0.106716,-0.026120,0,107.14,NaN
28.5680,-0.104274,-0.022802,0,107.14,NaN
28.5760,-0.102808,-0.020573,0,107.14,NaN
28.5840,-0.104274,-0.019482,0,107.14,NaN
28.5920,-0.105250,-0.019106,0,107.14,NaN
28.6000,-0.106716,-0.019086,0,107.14,NaN
28.6080,-0.109158,-0.020243,0,107.14,NaN
28.6160,-0.109158,-0.021076,0,107.14,NaN
28.6240,-0.111111,-0.021261,0,107.14,NaN
28.6320,-0.110134,-0.020659,0,107.14,NaN
28.6400,-0.109158,-0.019357,0,107.14,NaN
28.6480,-0.106716,-0.017638,0,107.14,NaN
28.6560,-0.105739,-0.015831,0,107.14,NaN
28.6640,-0.104274,-0.014181,0,107.14,NaN
28.6720,-0.102320,-0.012808,0,107.14,NaN
28.6800,-0.102320,-0.011701,0,107.14,NaN
28.6880,-0.101832,-0.010747,0,107.14,NaN
28.6960,-0.100366,-0.009836,0,107.14,NaN
28.7040,-0.098901,0.000402,0,107.14,NaN
28.7120,-0.096947,0.002103,0,107.14,NaN
28.7200,-0.095482,0.003603,0,107.14,NaN
28.7280,-0.094017,0.004702,0,107.14,NaN
28.7360,-0.093529,0.005322,0,107.14,NaN
28.7440,-0.093529,0.005526,0,107.14,NaN
28.7520,-0.093040,0.005447,0,107.14,NaN
28.7600,-0.093040,0.005199,0,107.14,NaN
28.7680,-0.093529,0.004833,0,107.14,NaN
28.7760,-0.092063,0.004333,0,107.14,NaN
28.7840,-0.093529,0.003688,0,107.14,NaN
28.7920,-0.094505,0.002959,0,107.14,NaN
28.8000,-0.094017,0.002218,0,107.14,NaN
28.8080,-0.094017,-0.002181,0,107.14,NaN
28.8160,-0.094017,-0.003075,0,107.14,NaN
28.8240,-0.094994,-0.003669,0,107.14,NaN
28.8320,-0.094994,-0.003681,0,107.14,NaN
28.8400,-0.093040,-0.002975,0,107.14,NaN
28.8480,-0.090598,-0.001708,0,107.14,NaN
28.8560,-0.088156,-0.000266,0,107.14,NaN
28.8640,-0.086203,0.000933,0,107.14,NaN
28.8720,-0.085714,0.001609,0,107.14,NaN
28.8800,-0.085226,0.001655,0,107.14,NaN
28.8880,-0.084249,0.001081,0,107.14,NaN
28.8960,-0.085226,-0.000010,0,107.14,NaN
28.9040,-0.085714,-0.001403,0,107.14,NaN
28.9120,-0.087668,0.010166,0,107.14,NaN
28.9200,-0.090110,0.008850,0,107.14,NaN
28.9280,-0.090110,0.008239,0,107.14,NaN
28.9360,-0.088645,0.008421,0,107.14,NaN
28.9440,-0.087179,0.009134,0,107.14,NaN
28.9520,-0.086691,0.009968,0,107.14,NaN
28.9600,-0.085714,0.010537,0,107.14,NaN
28.9680,-0.085226,0.010549,0,107.14,NaN
28.9760,-0.085714,0.009857,0,107.14,NaN
28.9840,-0.086203,0.008531,0,107.14,NaN
28.9920,-0.090110,0.006876,0,107.14,NaN
29.0000,-0.091087,0.005250,0,107.14,NaN
29.0080,-0.091087,0.003781,0,107.14,NaN
29.0160,-0.089133,0.000120,0,107.14,NaN
29.0240,-0.088156,0.000707,0,107.14,NaN
29.0320,-0.087668,0.001248,0,107.14,NaN
29.0400,-0.088156,0.001525,0,107.14,NaN
29.0480,-0.087668,0.001483,0,107.14,NaN
29.0560,-0.087179,0.001158,0,107.14,NaN
29.0640,-0.088156,0.000693,0,107.14,NaN
29.0720,-0.090110,0.000328,0,107.14,NaN
29.0800,-0.088156,0.000234,0,107.14,NaN
29.0880,-0.088156,0.000375,0,107.14,NaN
29.0960,-0.087179,0.000586,0,107.14,NaN
29.1040,-0.087179,0.000737,0,107.14,NaN
29.1120,-0.087179,0.000814,0,107.14,NaN
29.1200,-0.088156,0.004975,0,107.14,NaN
29.1280,-0.086203,0.004916,0,107.14,NaN
29.1360,-0.086203,0.004248,0,107.14,NaN
29.1440,-0.088645,0.002744,0,107.14,NaN
29.1520,-0.090110,0.000421,0,107.14,NaN
29.1600,-0.093040,-0.002447,0,107.14,NaN
29.1680,-0.095482,-0.005367,0,107.14,NaN
29.1760,-0.099878,-0.007670,0,107.14,NaN
29.1840,-0.099878,-0.008703,0,107.14,NaN
29.1920,-0.100366,-0.008064,0,107.14,NaN
29.2000,-0.097924,-0.005742,0,107.14,NaN
29.2080,-0.094017,-0.002099,0,107.14,NaN
29.2160,-0.090598,0.002249,0,107.14,NaN
29.2240,-0.086691,0.005355,0,107.14,NaN
29.2320,-0.086203,0.007715,0,107.14,NaN
29.2400,-0.085714,0.009104,0,107.14,NaN
29.2480,-0.085714,0.009686,0,107.14,NaN
29.2560,-0.085714,0.009618,0,107.14,NaN
29.2640,-0.085714,0.008955,0,107.14,NaN
29.2720,-0.087179,0.007718,0,107.14,NaN
29.2800,-0.088156,0.006050,0,107.14,NaN
29.2880,-0.092063,0.004305,0,107.14,NaN
29.2960,-0.092552,0.002976,0,107.14,NaN
29.3040,-0.094505,0.002485,0,107.14,NaN
29.3120,-0.094505,0.002970,0,107.14,NaN
29.3200,-0.092063,0.004127,0,107.14,NaN
29.3280,-0.089133,-0.003821,0,107.14,NaN
29.3360,-0.086691,-0.002871,0,107.14,NaN
29.3440,-0.086691,-0.003621,0,107.14,NaN
29.3520,-0.090110,-0.006354,0,107.14,NaN
29.3600,-0.094017,-0.010583,0,107.14,NaN
29.3680,-0.100366,-0.015238,0,107.14,NaN
29.3760,-0.102320,-0.019060,0,107.14,NaN
29.3840,-0.105739,-0.020986,0,107.14,NaN
29.3920,-0.104274,-0.020431,0,107.14,NaN
29.4000,-0.101343,-0.017437,0,107.14,NaN
29.4080,-0.094994,-0.012640,0,107.14,NaN
29.4160,-0.087668,-0.006939,0,107.14,NaN
29.4240,-0.085226,-0.000992,0,107.14,NaN
29.4320,-0.079853,0.010426,0,107.14,NaN
29.4400,-0.078877,0.012068,0,107.14,NaN
29.4480,-0.080342,0.011508,0,107.14,NaN
29.4560,-0.083272,0.009259,0,107.14,NaN
29.4640,-0.085714,0.006140,0,107.14,NaN
29.4720,-0.089133,0.003029,0,107.14,NaN
29.4800,-0.092063,0.000668,0,107.14,NaN
29.4880,-0.091087,-0.000526,0,107.14,NaN
29.4960,-0.092063,-0.000521,0,107.14,NaN
29.5040,-0.089133,0.000429,0,107.14,NaN
29.5120,-0.088645,0.001954,0,107.14,NaN
29.5200,-0.086691,0.003744,0,107.14,NaN
29.5280,-0.085714,0.005614,0,107.14,NaN
29.5360,-0.087179,-0.015977,0,107.14,NaN
29.5440,-0.091087,-0.020358,0,107.14,NaN
29.5520,-0.094994,-0.026384,0,107.14,NaN
29.5600,-0.101343,-0.033277,0,107.14,NaN
29.5680,-0.106227,-0.039855,0,107.14,NaN
29.5760,-0.111600,-0.044678,0,107.14,NaN
29.5840,-0.114530,-0.046389,0,107.14,NaN
29.5920,-0.112088,-0.044264,0,107.14,NaN
29.6000,-0.103785,-0.038709,0,107.14,NaN
29.6080,-0.093040,-0.031215,0,107.14,NaN
29.6160,-0.082784,-0.023641,0,107.14,NaN
29.6240,-0.076923,-0.017197,0,107.14,NaN
29.6320,-0.074969,-0.011827,0,107.14,NaN
29.6400,-0.073016,0.020020,0,107.14,NaN
29.6480,-0.072527,0.020756,0,107.14,NaN
29.6560,-0.073016,0.019955,0,107.14,NaN
29.6640,-0.074481,0.018073,0,107.14,NaN
29.6720,-0.077411,0.015562,0,107.14,NaN
29.6800,-0.079365,0.012848,0,107.14,NaN
29.6880,-0.080830,0.010270,0,107.14,NaN
29.6960,-0.082295,0.008108,0,107.14,NaN
29.7040,-0.085226,0.006644,0,107.14,NaN
29.7120,-0.084737,0.006108,0,107.14,NaN
29.7200,-0.084249,0.006543,0,107.14,NaN
29.7280,-0.084249,0.007784,0,107.14,NaN
29.7360,-0.082295,0.009493,0,107.14,NaN
29.7440,-0.081319,0.001604,0,107.14,NaN
29.7520,-0.080830,0.002874,0,107.14,NaN
29.7600,-0.078388,0.003627,0,107.14,NaN
29.7680,-0.078388,0.003614,0,107.14,NaN
29.7760,-0.080342,0.002842,0,107.14,NaN
29.7840,-0.080830,0.001586,0,107.14,NaN
29.7920,-0.082295,0.000233,0,107.14,NaN
29.8000,-0.082784,-0.000865,0,107.14,NaN
29.8080,-0.083272,-0.001454,0,107.14,NaN
29.8160,-0.082784,-0.001402,0,107.14,NaN
29.8240,-0.082784,-0.000705,0,107.14,NaN
29.8320,-0.080342,0.000503,0,107.14,NaN
29.8400,-0.079365,0.001981,0,107.14,NaN
29.8480,-0.078388,0.010082,0,107.14,NaN
29.8560,-0.077900,0.010214,0,107.14,NaN
29.8640,-0.079365,0.009779,0,107.14,NaN
29.8720,-0.080830,0.009129,0,107.14,NaN
29.8800,-0.079853,0.008620,0,107.14,NaN
29.8880,-0.079853,0.008418,0,107.14,NaN
29.8960,-0.078388,0.008501,0,107.14,NaN
29.9040,-0.079365,0.008747,0,107.14,NaN
29.9120,-0.078388,0.008967,0,107.14,NaN
29.9200,-0.078388,0.008866,0,107.14,NaN
29.9280,-0.078388,0.008118,0,107.14,NaN
29.9360,-0.079853,0.006574,0,107.14,NaN
29.9440,-0.083761,0.004466,0,107.14,NaN
29.9520,-0.083761,-0.005125,0,107.14,NaN
29.9600,-0.084249,-0.004751,0,107.14,NaN
29.9680,-0.082295,-0.003328,0,107.14,NaN
29.9760,-0.079365,-0.001323,0,107.14,NaN
29.9840,-0.077411,0.000556,0,107.14,NaN
29.9920,-0.075458,0.001662,0,107.14,NaN
30.0000,-0.075946,0.001686,0,107.14,NaN
30.0080,-0.077411,0.000769,0,107.14,NaN
30.0160,-0.078877,-0.000598,0,107.14,NaN
30.0240,-0.080342,-0.001812,0,107.14,NaN
30.0320,-0.080830,-0.002421,0,107.14,NaN
30.0400,-0.080342,-0.002295,0,107.14,NaN
30.0480,-0.078877,-0.001678,0,107.14,NaN
30.0560,-0.076923,-0.033257,0,107.14,NaN
30.0640,-0.072527,-0.031228,0,107.14,NaN
30.0720,-0.069597,-0.028744,0,107.14,NaN
30.0800,-0.064713,-0.026319,0,107.14,NaN
30.0880,-0.060806,-0.024432,0,107.14,NaN
30.0960,-0.058364,-0.023340,0,107.14,NaN
30.1040,-0.056899,-0.022925,0,107.14,NaN
30.1120,-0.055922,-0.022721,0,107.14,NaN
30.1200,-0.054457,-0.022134,0,107.14,NaN
30.1280,-0.051526,-0.020751,0,107.14,NaN
30.1360,-0.045665,-0.018538,0,107.14,NaN
30.1440,-0.041270,-0.015773,0,107.14,NaN
30.1520,-0.037363,-0.012790,0,107.14,NaN
30.1600,-0.031990,-0.028165,0,107.14,NaN
30.1680,-0.030525,-0.026819,0,107.14,NaN
30.1760,-0.025641,-0.024834,0,107.14,NaN
30.1840,-0.020757,-0.021329,0,107.14,NaN
30.1920,-0.015385,-0.015581,0,107.14,NaN
30.2000,-0.005128,-0.007509,0,107.14,NaN
30.2080,0.008547,0.001870,0,107.14,NaN
30.2160,0.024176,0.010477,0,107.14,NaN
30.2240,0.031990,0.015899,0,107.14,NaN
30.2320,0.036874,0.016342,0,107.14,NaN
30.2400,0.033944,0.011265,0,107.14,NaN
30.2480,0.026618,0.001536,0,107.14,NaN
30.2560,0.017338,-0.010842,0,107.14,NaN
30.2640,0.005617,0.102380,0,107.14,NaN
30.2720,-0.007082,0.093580,0,107.14,NaN
30.2800,-0.013919,0.087572,0,107.14,NaN
30.2880,-0.016850,0.085072,0,107.14,NaN
30.2960,-0.017827,0.085532,0,107.14,NaN
30.3040,-0.015873,0.087400,0,107.14,NaN
30.3120,-0.015385,0.088646,0,107.14,NaN
30.3200,-0.016850,0.087427,0,107.14,NaN
30.3280,-0.024176,0.082714,0,107.14,NaN
30.3360,-0.035409,0.074575,0,107.14,NaN
30.3440,-0.048596,0.063955,0,107.14,NaN
30.3520,-0.062759,0.052070,0,107.14,NaN
30.3600,-0.073016,0.039816,0,107.14,NaN
30.3680,-0.083272,-0.007256,0,107.14,NaN
30.3760,-0.085714,-0.011727,0,107.14,NaN
30.3840,-0.088156,-0.012749,0,107.14,NaN
30.3920,-0.086203,-0.011416,0,107.14,NaN
30.4000,-0.084737,-0.009220,0,107.14,NaN
30.4080,-0.083272,-0.007586,0,107.14,NaN
30.4160,-0.084737,-0.007414,0,107.14,NaN
30.4240,-0.087179,-0.008776,0,107.14,NaN
30.4320,-0.093040,-0.010905,0,107.14,NaN
30.4400,-0.097924,-0.012546,0,107.14,NaN
30.4480,-0.099878,-0.012619,0,107.14,NaN
30.4560,-0.098901,-0.010811,0,107.14,NaN
30.4640,-0.096459,-0.007738,0,107.14,NaN
30.4720,-0.091575,-0.050872,0,107.14,NaN
30.4800,-0.085714,-0.046338,0,107.14,NaN
30.4880,-0.083761,-0.042406,0,107.14,NaN
30.4960,-0.080342,-0.039650,0,107.14,NaN
30.5040,-0.082295,-0.038041,0,107.14,NaN
30.5120,-0.082295,-0.037091,0,107.14,NaN
30.5200,-0.083272,-0.036186,0,107.14,NaN
30.5280,-0.083272,-0.034870,0,107.14,NaN
30.5360,-0.082784,-0.032929,0,107.14,NaN
30.5440,-0.083272,-0.030341,0,107.14,NaN
30.5520,-0.081319,-0.027228,0,107.14,NaN
30.5600,-0.079365,-0.023809,0,107.14,NaN
30.5680,-0.078388,-0.020290,0,107.14,NaN
30.5760,-0.079365,-0.018083,0,107.14,NaN
30.5840,-0.082295,-0.018681,0,107.14,NaN
30.5920,-0.084249,-0.019313,0,107.14,NaN
30.6000,-0.085714,-0.019182,0,107.14,NaN
30.6080,-0.085226,-0.017851,0,107.14,NaN
30.6160,-0.080830,-0.015412,0,107.14,NaN
30.6240,-0.082295,-0.012346,0,107.14,NaN
30.6320,-0.077411,-0.009312,0,107.14,NaN
30.6400,-0.075946,-0.006993,0,107.14,NaN
30.6480,-0.075458,-0.005889,0,107.14,NaN
30.6560,-0.075946,-0.006116,0,107.14,NaN
30.6640,-0.077411,-0.007418,0,107.14,NaN
30.6720,-0.078388,-0.009306,0,107.14,NaN
30.6800,-0.079365,-0.128581,0,107.14,NaN
30.6880,-0.083272,-0.140725,0,107.14,NaN
30.6960,-0.091087,-0.156965,0,107.14,NaN
30.7040,-0.102320,-0.177439,0,107.14,NaN
30.7120,-0.117460,-0.200949,0,107.14,NaN
30.7200,-0.134066,-0.224649,0,107.14,NaN
30.7280,-0.148230,-0.244197,0,107.14,NaN
30.7360,-0.153114,-0.254446,0,107.14,NaN
30.7440,-0.145788,-0.250536,0,107.14,NaN
30.7520,-0.121368,-0.229079,0,107.14,NaN
30.7600,-0.082784,-0.189271,0,107.14,NaN
30.7680,-0.025641,-0.133820,0,107.14,NaN
30.7760,0.047619,-0.069264,0,107.14,NaN
30.7840,0.135531,0.053617,0,107.14,NaN
30.7920,0.243468,0.169425,0,107.14,NaN
30.8000,0.365079,0.300108,0,107.14,NaN
30.8080,0.482295,0.440060,0,107.14,NaN
30.8160,0.603419,0.580120,0,107.14,NaN
30.8240,0.729426,0.705646,0,107.14,NaN
30.8320,0.844689,0.796461,0,107.14,NaN
30.8400,0.906716,0.831625,1,107.14,NaN
30.8480,0.876923,0.797883,1,107.14,NaN
30.8560,0.760195,0.695922,0,107.14,NaN
30.8640,0.606349,0.539289,0,107.14,NaN
30.8720,0.443223,0.347368,0,107.14,NaN
30.8800,0.278144,0.138864,0,107.14,NaN
30.8880,0.115507,0.100884,0,107.14,NaN
30.8960,-0.031990,-0.055987,0,107.14,NaN
30.9040,-0.141880,-0.173526,0,107.14,NaN
30.9120,-0.204396,-0.244770,0,107.14,NaN
30.9200,-0.221490,-0.270150,0,107.14,NaN
30.9280,-0.203419,-0.257286,0,107.14,NaN
30.9360,-0.162393,-0.218990,0,107.14,NaN
30.9440,-0.111600,-0.170223,0,107.14,NaN
30.9520,-0.067155,-0.124789,0,107.14,NaN
30.9600,-0.037851,-0.092448,0,107.14,NaN
30.9680,-0.026618,-0.077211,0,107.14,NaN
30.9760,-0.030037,-0.077181,0,107.14,NaN
30.9840,-0.041758,-0.085801,0,107.14,NaN
30.9920,-0.059341,-0.004454,0,107.14,NaN
31.0000,-0.076435,-0.020278,0,107.14,NaN
31.0080,-0.087668,-0.033918,0,107.14,NaN
31.0160,-0.096459,-0.043440,0,107.14,NaN
31.0240,-0.100366,-0.048498,0,107.14,NaN
31.0320,-0.101343,-0.049780,0,107.14,NaN
31.0400,-0.099878,-0.048474,0,107.14,NaN
31.0480,-0.095971,-0.045797,0,107.14,NaN
31.0560,-0.094994,-0.042576,0,107.14,NaN
31.0640,-0.094994,-0.039006,0,107.14,NaN
31.0720,-0.095971,-0.034828,0,107.14,NaN
31.0800,-0.094994,-0.029820,0,107.14,NaN
31.0880,-0.095971,-0.024151,0,107.14,NaN
31.0960,-0.095971,-0.248746,0,107.14,NaN
31.1040,-0.096947,-0.246099,0,107.14,NaN
31.1120,-0.096947,-0.239669,0,107.14,NaN
31.1200,-0.094017,-0.229290,0,107.14,NaN
31.1280,-0.093529,-0.215320,0,107.14,NaN
31.1360,-0.092552,-0.198617,0,107.14,NaN
31.1440,-0.091575,-0.180497,0,107.14,NaN
31.1520,-0.091087,-0.162590,0,107.14,NaN
31.1600,-0.091087,-0.146536,0,107.14,NaN
31.1680,-0.089621,-0.133617,0,107.14,NaN
31.1760,-0.089133,-0.124416,0,107.14,NaN
31.1840,-0.090110,-0.118549,0,107.14,NaN
31.1920,-0.088156,-0.114686,0,107.14,NaN
31.2000,-0.086203,0.008412,0,107.14,NaN
31.2080,-0.086203,0.007653,0,107.14,NaN
31.2160,-0.086691,0.004981,0,107.14,NaN
31.2240,-0.089133,0.001631,0,107.14,NaN
31.2320,-0.089133,-0.001169,0,107.14,NaN
31.2400,-0.087179,-0.002660,0,107.14,NaN
31.2480,-0.085714,-0.002700,0,107.14,NaN
31.2560,-0.085714,-0.001596,0,107.14,NaN
31.2640,-0.084249,0.000109,0,107.14,NaN
31.2720,-0.082784,0.001769,0,107.14,NaN
31.2800,-0.083272,0.002854,0,107.14,NaN
31.2880,-0.084249,0.003189,0,107.14,NaN
31.2960,-0.085714,0.003011,0,107.14,NaN
31.3040,-0.087179,-0.009997,0,107.14,NaN
31.3120,-0.086691,-0.010557,0,107.14,NaN
31.3200,-0.085714,-0.010448,0,107.14,NaN
31.3280,-0.084249,-0.009670,0,107.14,NaN
31.3360,-0.080830,-0.008436,0,107.14,NaN
31.3440,-0.079365,-0.007037,0,107.14,NaN
31.3520,-0.077411,-0.005714,0,107.14,NaN
31.3600,-0.075946,-0.004635,0,107.14,NaN
31.3680,-0.072527,-0.003936,0,107.14,NaN
31.3760,-0.073016,-0.003658,0,107.14,NaN
31.3840,-0.072527,-0.003695,0,107.14,NaN
31.3920,-0.070574,-0.003899,0,107.14,NaN
31.4000,-0.070085,-0.004179,0,107.14,NaN
31.4080,-0.070085,-0.001601,0,107.14,NaN
31.4160,-0.070085,-0.002314,0,107.14,NaN
31.4240,-0.070085,-0.002869,0,107.14,NaN
31.4320,-0.069109,-0.003137,0,107.14,NaN
31.4400,-0.067643,-0.003137,0,107.14,NaN
31.4480,-0.066667,-0.002992,0,107.14,NaN
31.4560,-0.065201,-0.002834,0,107.14,NaN
31.4640,-0.064225,-0.002721,0,107.14,NaN
31.4720,-0.063736,-0.002606,0,107.14,NaN
31.4800,-0.062271,-0.002386,0,107.14,NaN
31.4880,-0.060806,-0.001968,0,107.14,NaN
31.4960,-0.059829,-0.001324,0,107.14,NaN
31.5040,-0.057387,-0.000527,0,107.14,NaN
31.5120,-0.054945,-0.003209,0,107.14,NaN
31.5200,-0.054457,-0.004393,0,107.14,NaN
31.5280,-0.057387,-0.006389,0,107.14,NaN
31.5360,-0.057387,-0.008624,0,107.14,NaN
31.5440,-0.058852,-0.010354,0,107.14,NaN
31.5520,-0.058852,-0.010958,0,107.14,NaN
31.5600,-0.054945,-0.010167,0,107.14,NaN
31.5680,-0.053968,-0.008156,0,107.14,NaN
31.5760,-0.047619,-0.005504,0,107.14,NaN
31.5840,-0.044200,-0.003045,0,107.14,NaN
31.5920,-0.039316,-0.001554,0,107.14,NaN
31.6000,-0.038828,-0.001341,0,107.14,NaN
31.6080,-0.039316,-0.002030,0,107.14,NaN
31.6160,-0.040293,0.001628,0,107.14,NaN
31.6240,-0.042247,-0.000799,0,107.14,NaN
31.6320,-0.043223,-0.002750,0,107.14,NaN
31.6400,-0.041758,-0.003850,0,107.14,NaN
31.6480,-0.039316,-0.004140,0,107.14,NaN
31.6560,-0.038828,-0.003885,0,107.14,NaN
31.6640,-0.037363,-0.003362,0,107.14,NaN
31.6720,-0.034432,-0.002829,0,107.14,NaN
31.6800,-0.032479,-0.002493,0,107.14,NaN
31.6880,-0.031502,-0.002358,0,107.14,NaN
31.6960,-0.031990,-0.002170,0,107.14,NaN
31.7040,-0.030525,-0.001634,0,107.14,NaN
31.7120,-0.026618,-0.000755,0,107.14,NaN
31.7200,-0.023687,0.007141,0,107.14,NaN
31.7280,-0.023199,0.007834,0,107.14,NaN
31.7360,-0.022222,0.007978,0,107.14,NaN
31.7440,-0.022222,0.007551,0,107.14,NaN
31.7520,-0.020269,0.006526,0,107.14,NaN
31.7600,-0.020269,0.004910,0,107.14,NaN
31.7680,-0.022711,0.002926,0,107.14,NaN
31.7760,-0.023199,0.001047,0,107.14,NaN
31.7840,-0.023199,-0.000202,0,107.14,NaN
31.7920,-0.023199,-0.000441,0,107.14,NaN
31.8000,-0.020757,0.000434,0,107.14,NaN
31.8080,-0.016850,0.002204,0,107.14,NaN
31.8160,-0.014408,0.004441,0,107.14,NaN
31.8240,-0.010012,0.040324,0,107.14,NaN
31.8320,-0.007570,0.042509,0,107.14,NaN
31.8400,-0.008059,0.042971,0,107.14,NaN
31.8480,-0.010012,0.041801,0,107.14,NaN
31.8560,-0.013919,0.039546,0,107.14,NaN
31.8640,-0.016361,0.036892,0,107.14,NaN
31.8720,-0.018315,0.034342,0,107.14,NaN
31.8800,-0.021245,0.032102,0,107.14,NaN
31.8880,-0.023199,0.030119,0,107.14,NaN
31.8960,-0.024664,0.028156,0,107.14,NaN
31.9040,-0.027595,0.025929,0,107.14,NaN
31.9120,-0.030037,0.023290,0,107.14,NaN
31.9200,-0.034432,0.020351,0,107.14,NaN
31.9280,-0.038339,0.045582,0,107.14,NaN
31.9360,-0.042247,0.042659,0,107.14,NaN
31.9440,-0.047131,0.039474,0,107.14,NaN
31.9520,-0.052991,0.036328,0,107.14,NaN
31.9600,-0.057875,0.033542,0,107.14,NaN
31.9680,-0.061294,0.031284,0,107.14,NaN
31.9760,-0.065201,0.029474,0,107.14,NaN
31.9840,-0.069109,0.027836,0,107.14,NaN
31.9920,-0.070574,0.026025,0,107.14,NaN
32.0000,-0.076435,0.023865,0,107.14,NaN
32.0080,-0.083272,0.021513,0,107.14,NaN
32.0160,-0.087668,0.019284,0,107.14,NaN
32.0240,-0.091087,0.017282,0,107.14,NaN
32.0320,-0.095971,-0.014016,0,107.14,NaN
32.0400,-0.099878,-0.016623,0,107.14,NaN
32.0480,-0.104274,-0.018677,0,107.14,NaN
32.0560,-0.108181,-0.020126,0,107.14,NaN
32.0640,-0.107692,-0.021069,0,107.14,NaN
32.0720,-0.112088,-0.021655,0,107.14,NaN
32.0800,-0.114042,-0.021876,0,107.14,NaN
32.0880,-0.116972,-0.021557,0,107.14,NaN
32.0960,-0.117460,-0.020538,0,107.14,NaN
32.1040,-0.117460,-0.018807,0,107.14,NaN
32.1120,-0.117949,-0.016445,0,107.14,NaN
32.1200,-0.119414,-0.013553,0,107.14,NaN
32.1280,-0.117949,-0.010314,0,107.14,NaN
32.1360,-0.118437,-0.046662,0,107.14,NaN
32.1440,-0.118437,-0.046339,0,107.14,NaN
32.1520,-0.118437,-0.046548,0,107.14,NaN
32.1600,-0.121368,-0.046988,0,107.14,NaN
32.1680,-0.123810,-0.046934,0,107.14,NaN
32.1760,-0.124298,-0.045554,0,107.14,NaN
32.1840,-0.122833,-0.042393,0,107.14,NaN
32.1920,-0.117460,-0.037685,0,107.14,NaN
32.2000,-0.113553,-0.032309,0,107.14,NaN
32.2080,-0.108669,-0.027434,0,107.14,NaN
32.2160,-0.104762,-0.024053,0,107.14,NaN
32.2240,-0.105739,-0.022499,0,107.14,NaN
32.2320,-0.108181,-0.022194,0,107.14,NaN
32.2400,-0.115018,-0.027655,0,107.14,NaN
32.2480,-0.122344,-0.034419,0,107.14,NaN
32.2560,-0.129670,-0.040849,0,107.14,NaN
32.2640,-0.132601,-0.045526,0,107.14,NaN
32.2720,-0.135531,-0.047528,0,107.14,NaN
32.2800,-0.133089,-0.046524,0,107.14,NaN
32.2880,-0.132112,-0.042772,0,107.14,NaN
32.2960,-0.124298,-0.037114,0,107.14,NaN
32.3040,-0.116972,-0.030870,0,107.14,NaN
32.3120,-0.112088,-0.025422,0,107.14,NaN
32.3200,-0.106716,-0.021706,0,107.14,NaN
32.3280,-0.106227,-0.019876,0,107.14,NaN
32.3360,-0.106227,-0.019265,0,107.14,NaN
32.3440,-0.106227,0.002733,0,107.14,NaN
32.3520,-0.106227,0.003307,0,107.14,NaN
32.3600,-0.103785,0.004438,0,107.14,NaN
32.3680,-0.102320,0.006153,0,107.14,NaN
32.3760,-0.100366,0.008099,0,107.14,NaN
32.3840,-0.096459,0.009658,0,107.14,NaN
32.3920,-0.094505,0.010192,0,107.14,NaN
32.4000,-0.095971,0.009436,0,107.14,NaN
32.4080,-0.097924,0.007717,0,107.14,NaN
32.4160,-0.101343,0.005744,0,107.14,NaN
32.4240,-0.101343,0.004143,0,107.14,NaN
32.4320,-0.099878,0.003104,0,107.14,NaN
32.4400,-0.100366,0.002416,0,107.14,NaN
32.4480,-0.096947,0.009803,0,107.14,NaN
32.4560,-0.094505,0.011783,0,107.14,NaN
32.4640,-0.092063,0.013238,0,107.14,NaN
32.4720,-0.091087,0.013624,0,107.14,NaN
32.4800,-0.091087,0.012792,0,107.14,NaN
32.4880,-0.094505,0.011072,0,107.14,NaN
32.4960,-0.095971,0.009087,0,107.14,NaN
32.5040,-0.096947,0.007397,0,107.14,NaN
32.5120,-0.096459,0.006284,0,107.14,NaN
32.5200,-0.097924,0.005799,0,107.14,NaN
32.5280,-0.096947,0.005871,0,107.14,NaN
32.5360,-0.096459,0.006347,0,107.14,NaN
32.5440,-0.095482,0.007029,0,107.14,NaN
32.5520,-0.093529,0.005757,0,107.14,NaN
32.5600,-0.094994,0.004862,0,107.14,NaN
32.5680,-0.095971,0.003390,0,107.14,NaN
32.5760,-0.096459,0.001727,0,107.14,NaN
32.5840,-0.097924,0.000325,0,107.14,NaN
32.5920,-0.096947,-0.000458,0,107.14,NaN
32.6000,-0.096459,-0.000462,0,107.14,NaN
32.6080,-0.095971,0.000254,0,107.14,NaN
32.6160,-0.093529,0.001391,0,107.14,NaN
32.6240,-0.091087,0.002447,0,107.14,NaN
32.6320,-0.090110,0.002929,0,107.14,NaN
32.6400,-0.090110,0.002638,0,107.14,NaN
32.6480,-0.091575,0.001806,0,107.14,NaN
32.6560,-0.093040,0.008625,0,107.14,NaN
32.6640,-0.094017,0.007374,0,107.14,NaN
32.6720,-0.095971,0.006464,0,107.14,NaN
32.6800,-0.094994,0.006031,0,107.14,NaN
32.6880,-0.095971,0.005935,0,107.14,NaN
32.6960,-0.094994,0.005837,0,107.14,NaN
32.7040,-0.094505,0.005365,0,107.14,NaN
32.7120,-0.096459,0.004371,0,107.14,NaN
32.7200,-0.098413,0.003085,0,107.14,NaN
32.7280,-0.100366,0.002007,0,107.14,NaN
32.7360,-0.101343,0.001591,0,107.14,NaN
32.7440,-0.099878,0.001968,0,107.14,NaN
32.7520,-0.098901,0.002866,0,107.14,NaN
32.7600,-0.098413,0.001785,0,107.14,NaN
32.7680,-0.098413,0.002764,0,107.14,NaN
32.7760,-0.098413,0.003624,0,107.14,NaN
32.7840,-0.097924,0.004138,0,107.14,NaN
32.7920,-0.094994,0.003992,0,107.14,NaN
32.8000,-0.097924,0.003048,0,107.14,NaN
32.8080,-0.101343,0.001605,0,107.14,NaN
32.8160,-0.102320,0.000242,0,107.14,NaN
32.8240,-0.103297,-0.000573,0,107.14,NaN
32.8320,-0.102808,-0.000686,0,107.14,NaN
32.8400,-0.102320,-0.000211,0,107.14,NaN
32.8480,-0.101343,0.000613,0,107.14,NaN
32.8560,-0.101343,0.001575,0,107.14,NaN
32.8640,-0.101343,-0.014970,0,107.14,NaN
32.8720,-0.103785,-0.018383,0,107.14,NaN
32.8800,-0.109158,-0.022592,0,107.14,NaN
32.8880,-0.113553,-0.026480,0,107.14,NaN
32.8960,-0.116972,-0.028860,0,107.14,NaN
32.9040,-0.114530,-0.029073,0,107.14,NaN
32.9120,-0.111111,-0.027230,0,107.14,NaN
32.9200,-0.107692,-0.023969,0,107.14,NaN
32.9280,-0.104762,-0.020071,0,107.14,NaN
32.9360,-0.100855,-0.016295,0,107.14,NaN
32.9440,-0.094994,-0.013329,0,107.14,NaN
32.9520,-0.093529,-0.011536,0,107.14,NaN
32.9600,-0.094505,-0.010621,0,107.14,NaN
32.9680,-0.097924,0.007088,0,107.14,NaN
32.9760,-0.099878,0.005408,0,107.14,NaN
32.9840,-0.099878,0.003970,0,107.14,NaN
32.9920,-0.101343,0.003216,0,107.14,NaN
33.0000,-0.101343,0.003339,0,107.14,NaN
33.0080,-0.101343,0.004309,0,107.14,NaN
33.0160,-0.099878,0.005814,0,107.14,NaN
33.0240,-0.096947,0.007262,0,107.14,NaN
33.0320,-0.095971,0.007990,0,107.14,NaN
33.0400,-0.096947,0.007611,0,107.14,NaN
33.0480,-0.100366,0.006186,0,107.14,NaN
33.0560,-0.101343,0.004056,0,107.14,NaN
33.0640,-0.103785,0.001600,0,107.14,NaN
33.0720,-0.104762,-0.002386,0,107.14,NaN
33.0800,-0.104274,-0.002238,0,107.14,NaN
33.0880,-0.103785,-0.001153,0,107.14,NaN
33.0960,-0.101343,0.000435,0,107.14,NaN
33.1040,-0.099878,0.001880,0,107.14,NaN
33.1120,-0.097924,0.002561,0,107.14,NaN
33.1200,-0.098901,0.002172,0,107.14,NaN
33.1280,-0.101832,0.000883,0,107.14,NaN
33.1360,-0.101832,-0.000781,0,107.14,NaN
33.1440,-0.104274,-0.002154,0,107.14,NaN
33.1520,-0.106716,-0.002641,0,107.14,NaN
33.1600,-0.104762,-0.001997,0,107.14,NaN
33.1680,-0.102320,-0.000562,0,107.14,NaN
33.1760,-0.097924,0.002947,0,107.14,NaN
33.1840,-0.092552,0.006576,0,107.14,NaN
33.1920,-0.088156,0.008725,0,107.14,NaN
33.2000,-0.089621,0.008743,0,107.14,NaN
33.2080,-0.093040,0.006905,0,107.14,NaN
33.2160,-0.096459,0.004170,0,107.14,NaN
33.2240,-0.098413,0.001579,0,107.14,NaN
33.2320,-0.098901,-0.000190,0,107.14,NaN
33.2400,-0.098413,-0.000889,0,107.14,NaN
33.2480,-0.099878,-0.000522,0,107.14,NaN
33.2560,-0.098413,0.000763,0,107.14,NaN
33.2640,-0.094994,0.002664,0,107.14,NaN
33.2720,-0.094505,0.004831,0,107.14,NaN
33.2800,-0.095482,-0.003407,0,107.14,NaN
33.2880,-0.098413,-0.005133,0,107.14,NaN
33.2960,-0.100366,-0.006939,0,107.14,NaN
33.3040,-0.100855,-0.008060,0,107.14,NaN
33.3120,-0.100855,-0.007991,0,107.14,NaN
33.3200,-0.099389,-0.006626,0,107.14,NaN
33.3280,-0.096459,-0.004302,0,107.14,NaN
33.3360,-0.093529,-0.001725,0,107.14,NaN
33.3440,-0.090110,0.000248,0,107.14,NaN
33.3520,-0.088645,0.000963,0,107.14,NaN
33.3600,-0.091087,0.000288,0,107.14,NaN
33.3680,-0.093529,-0.001391,0,107.14,NaN
33.3760,-0.093529,-0.003522,0,107.14,NaN
33.3840,-0.093529,-0.005351,0,107.14,NaN
33.3920,-0.091087,-0.004770,0,107.14,NaN
33.4000,-0.088645,-0.003750,0,107.14,NaN
33.4080,-0.088645,-0.002747,0,107.14,NaN
33.4160,-0.086691,-0.002156,0,107.14,NaN
33.4240,-0.085714,-0.002246,0,107.14,NaN
33.4320,-0.085714,-0.003048,0,107.14,NaN
33.4400,-0.087179,-0.004221,0,107.14,NaN
33.4480,-0.091087,-0.005126,0,107.14,NaN
33.4560,-0.087668,-0.005231,0,107.14,NaN
33.4640,-0.085714,-0.004446,0,107.14,NaN
33.4720,-0.083272,-0.003045,0,107.14,NaN
33.4800,-0.081807,-0.001369,0,107.14,NaN
33.4880,-0.079365,0.002919,0,107.14,NaN
33.4960,-0.076923,0.005166,0,107.14,NaN
33.5040,-0.072527,0.006506,0,107.14,NaN
33.5120,-0.072039,0.006399,0,107.14,NaN
33.5200,-0.075946,0.004791,0,107.14,NaN
33.5280,-0.077900,0.002166,0,107.14,NaN
33.5360,-0.079365,-0.000758,0,107.14,NaN
33.5440,-0.082295,-0.003267,0,107.14,NaN
33.5520,-0.082784,-0.004743,0,107.14,NaN
33.5600,-0.082784,-0.004747,0,107.14,NaN
33.5680,-0.080830,-0.003135,0,107.14,NaN
33.5760,-0.077411,-0.000123,0,107.14,NaN
33.5840,-0.072527,0.003703,0,107.14,NaN
33.5920,-0.072527,0.003303,0,107.14,NaN
33.6000,-0.076923,0.002032,0,107.14,NaN
33.6080,-0.079365,0.000287,0,107.14,NaN
33.6160,-0.080342,-0.001085,0,107.14,NaN
33.6240,-0.081807,-0.001458,0,107.14,NaN
33.6320,-0.078877,-0.000658,0,107.14,NaN
33.6400,-0.075458,0.000985,0,107.14,NaN
33.6480,-0.072039,0.002813,0,107.14,NaN
33.6560,-0.070085,0.004148,0,107.14,NaN
33.6640,-0.070085,0.004539,0,107.14,NaN
33.6720,-0.070085,0.003834,0,107.14,NaN
33.6800,-0.071062,0.002152,0,107.14,NaN
33.6880,-0.074481,-0.000119,0,107.14,NaN
33.6960,-0.076435,0.021253,0,107.14,NaN
33.7040,-0.078388,0.021046,0,107.14,NaN
33.7120,-0.077411,0.022214,0,107.14,NaN
33.7200,-0.074969,0.024369,0,107.14,NaN
33.7280,-0.072039,0.026582,0,107.14,NaN
33.7360,-0.071551,0.027805,0,107.14,NaN
33.7440,-0.072527,0.027336,0,107.14,NaN
33.7520,-0.075458,0.025060,0,107.14,NaN
33.7600,-0.079365,0.021461,0,107.14,NaN
33.7680,-0.085714,0.017445,0,107.14,NaN
33.7760,-0.090110,0.013957,0,107.14,NaN
33.7840,-0.092552,0.011494,0,107.14,NaN
33.7920,-0.093040,0.009824,0,107.14,NaN
33.8000,-0.093529,-0.037638,0,107.14,NaN
33.8080,-0.095482,-0.039498,0,107.14,NaN
33.8160,-0.095971,-0.041232,0,107.14,NaN
33.8240,-0.094994,-0.043007,0,107.14,NaN
33.8320,-0.096947,-0.044712,0,107.14,NaN
33.8400,-0.097924,-0.045867,0,107.14,NaN
33.8480,-0.098413,-0.045791,0,107.14,NaN
33.8560,-0.095482,-0.044019,0,107.14,NaN
33.8640,-0.089133,-0.040579,0,107.14,NaN
33.8720,-0.085226,-0.035897,0,107.14,NaN
33.8800,-0.078877,-0.030500,0,107.14,NaN
33.8880,-0.073016,-0.024815,0,107.14,NaN
33.8960,-0.068132,-0.019081,0,107.14,NaN
33.9040,-0.059829,-0.037373,0,107.14,NaN
33.9120,-0.053968,-0.034510,0,107.14,NaN
33.9200,-0.052015,-0.033805,0,107.14,NaN
33.9280,-0.051526,-0.035163,0,107.14,NaN
33.9360,-0.053480,-0.037862,0,107.14,NaN
33.9440,-0.052503,-0.040872,0,107.14,NaN
33.9520,-0.052991,-0.043143,0,107.14,NaN
33.9600,-0.052015,-0.043745,0,107.14,NaN
33.9680,-0.049084,-0.042007,0,107.14,NaN
33.9760,-0.041758,-0.037723,0,107.14,NaN
33.9840,-0.033944,-0.031199,0,107.14,NaN
33.9920,-0.024176,-0.023095,0,107.14,NaN
34.0000,-0.014408,-0.014210,0,107.14,NaN
34.0080,-0.004640,0.060208,0,107.14,NaN
34.0160,0.008059,0.070038,0,107.14,NaN
34.0240,0.010989,0.076718,0,107.14,NaN
34.0320,0.014408,0.079490,0,107.14,NaN
34.0400,0.012454,0.078271,0,107.14,NaN
34.0480,0.008547,0.073564,0,107.14,NaN
34.0560,0.003175,0.066371,0,107.14,NaN
34.0640,-0.007082,0.058077,0,107.14,NaN
34.0720,-0.011966,0.050180,0,107.14,NaN
34.0800,-0.018315,0.043896,0,107.14,NaN
34.0880,-0.021245,0.039866,0,107.14,NaN
34.0960,-0.021734,0.037992,0,107.14,NaN
34.1040,-0.020269,0.037434,0,107.14,NaN
34.1120,-0.021734,0.072407,0,107.14,NaN
34.1200,-0.023199,0.070377,0,107.14,NaN
34.1280,-0.027595,0.065353,0,107.14,NaN
34.1360,-0.037363,0.057198,0,107.14,NaN
34.1440,-0.046642,0.046722,0,107.14,NaN
34.1520,-0.059829,0.035509,0,107.14,NaN
34.1600,-0.070085,0.025503,0,107.14,NaN
34.1680,-0.078877,0.018427,0,107.14,NaN
34.1760,-0.081807,0.015210,0,107.14,NaN
34.1840,-0.080342,0.015755,0,107.14,NaN
34.1920,-0.078388,0.019205,0,107.14,NaN
34.2000,-0.076435,0.024485,0,107.14,NaN
34.2080,-0.073504,0.030643,0,107.14,NaN
34.2160,-0.070574,-0.020697,0,107.14,NaN
34.2240,-0.069597,-0.019395,0,107.14,NaN
34.2320,-0.069597,-0.019579,0,107.14,NaN
34.2400,-0.073504,-0.020772,0,107.14,NaN
34.2480,-0.075458,-0.022095,0,107.14,NaN
34.2560,-0.075458,-0.022726,0,107.14,NaN
34.2640,-0.075458,-0.022225,0,107.14,NaN
34.2720,-0.074481,-0.020595,0,107.14,NaN
34.2800,-0.071062,-0.018206,0,107.14,NaN
34.2880,-0.070085,-0.015615,0,107.14,NaN
34.2960,-0.069109,-0.013312,0,107.14,NaN
34.3040,-0.067155,-0.011550,0,107.14,NaN
34.3120,-0.069597,-0.010221,0,107.14,NaN
34.3200,-0.070574,-0.024590,0,107.14,NaN
34.3280,-0.074481,-0.025324,0,107.14,NaN
34.3360,-0.075458,-0.025487,0,107.14,NaN
34.3440,-0.074969,-0.024771,0,107.14,NaN
34.3520,-0.074481,-0.023210,0,107.14,NaN
34.3600,-0.074969,-0.021043,0,107.14,NaN
34.3680,-0.073016,-0.018630,0,107.14,NaN
34.3760,-0.070574,-0.016440,0,107.14,NaN
34.3840,-0.070085,-0.014871,0,107.14,NaN
34.3920,-0.071062,-0.013994,0,107.14,NaN
34.4000,-0.072527,-0.013528,0,107.14,NaN
34.4080,-0.073504,-0.013104,0,107.14,NaN
34.4160,-0.072527,-0.012572,0,107.14,NaN
34.4240,-0.071062,0.067638,0,107.14,NaN
34.4320,-0.068620,0.074396,0,107.14,NaN
34.4400,-0.067155,0.081095,0,107.14,NaN
34.4480,-0.063248,0.086382,0,107.14,NaN
34.4560,-0.063248,0.088674,0,107.14,NaN
34.4640,-0.067643,0.086674,0,107.14,NaN
34.4720,-0.074481,0.079927,0,107.14,NaN
34.4800,-0.087179,0.069201,0,107.14,NaN
34.4880,-0.102320,0.056616,0,107.14,NaN
34.4960,-0.121368,0.045236,0,107.14,NaN
34.5040,-0.132601,0.037906,0,107.14,NaN
34.5120,-0.137973,0.035718,0,107.14,NaN
34.5200,-0.132601,0.037129,0,107.14,NaN
34.5280,-0.113553,-0.992000,0,107.14,NaN
34.5360,-0.080830,-1.000000,0,107.14,NaN
34.5440,-0.032479,-0.992628,0,107.14,NaN
34.5520,0.029060,-0.968863,0,107.14,NaN
34.5600,0.102808,-0.928111,0,107.14,NaN
34.5680,0.199023,-0.871065,0,107.14,NaN
34.5760,0.313797,-0.800739,0,107.14,NaN
34.5840,0.432967,-0.722639,0,107.14,NaN
34.5920,0.553602,-0.643954,0,107.14,NaN
34.6000,0.667399,-0.572571,0,107.14,NaN
34.6080,0.792430,-0.515782,0,107.14,NaN
34.6160,0.899878,-0.477113,0,107.14,NaN
34.6240,0.928694,-0.451885,0,107.14,NaN
34.6320,0.845665,0.961234,1,107.14,NaN
34.6400,0.686935,0.871174,0,107.14,NaN
34.6480,0.520879,0.747835,0,107.14,NaN
34.6560,0.352869,0.611751,0,107.14,NaN
34.6640,0.195604,0.480323,0,107.14,NaN
34.6720,0.056410,0.366263,0,107.14,NaN
34.6800,-0.066178,0.278266,0,107.14,NaN
34.6880,-0.150672,0.221664,0,107.14,NaN
34.6960,-0.195116,0.198217,0,107.14,NaN
34.7040,-0.202442,0.205823,0,107.14,NaN
34.7120,-0.181929,0.238992,0,107.14,NaN
34.7200,-0.142857,0.290046,0,107.14,NaN
34.7280,-0.099878,0.350390,0,107.14,NaN
34.7360,-0.059829,-0.005958,0,107.14,NaN
34.7440,-0.031013,0.031656,0,107.14,NaN
34.7520,-0.016850,0.055074,0,107.14,NaN
34.7600,-0.017827,0.064165,0,107.14,NaN
34.7680,-0.025641,0.061575,0,107.14,NaN
34.7760,-0.039316,0.051351,0,107.14,NaN
34.7840,-0.054945,0.037790,0,107.14,NaN
34.7920,-0.070085,0.024721,0,107.14,NaN
34.8000,-0.084249,0.014995,0,107.14,NaN
34.8080,-0.086691,0.010011,0,107.14,NaN
34.8160,-0.087179,0.009603,0,107.14,NaN
34.8240,-0.086203,0.012540,0,107.14,NaN
34.8320,-0.084737,0.017210,0,107.14,NaN
34.8400,-0.082295,-0.225589,0,107.14,NaN
34.8480,-0.080342,-0.228558,0,107.14,NaN
34.8560,-0.078388,-0.232050,0,107.14,NaN
34.8640,-0.079853,-0.235972,0,107.14,NaN
34.8720,-0.085226,-0.239343,0,107.14,NaN
34.8800,-0.090598,-0.240373,0,107.14,NaN
34.8880,-0.095971,-0.237040,0,107.14,NaN
34.8960,-0.096459,-0.227876,0,107.14,NaN
34.9040,-0.094017,-0.212528,0,107.14,NaN
34.9120,-0.090110,-0.191771,0,107.14,NaN
34.9200,-0.088645,-0.167055,0,107.14,NaN
34.9280,-0.085226,-0.139965,0,107.14,NaN
34.9360,-0.083272,-0.111854,0,107.14,NaN
34.9440,-0.083272,-0.029171,0,107.14,NaN
34.9520,-0.085714,-0.016032,0,107.14,NaN
34.9600,-0.087179,-0.006868,0,107.14,NaN
34.9680,-0.087179,-0.001058,0,107.14,NaN
34.9760,-0.088156,0.002168,0,107.14,NaN
34.9840,-0.086203,0.003573,0,107.14,NaN
34.9920,-0.085226,0.003850,0,107.14,NaN
35.0000,-0.083272,0.003539,0,107.14,NaN
35.0080,-0.079365,0.002905,0,107.14,NaN
35.0160,-0.076923,0.001920,0,107.14,NaN
35.0240,-0.075458,0.000461,0,107.14,NaN
35.0320,-0.078388,-0.001445,0,107.14,NaN
35.0400,-0.079365,-0.003617,0,107.14,NaN
35.0480,-0.080342,-0.018204,0,107.14,NaN
35.0560,-0.080342,-0.017593,0,107.14,NaN
35.0640,-0.077900,-0.015977,0,107.14,NaN
35.0720,-0.076435,-0.013771,0,107.14,NaN
35.0800,-0.075946,-0.011436,0,107.14,NaN
35.0880,-0.072527,-0.009398,0,107.14,NaN
35.0960,-0.070574,-0.008030,0,107.14,NaN
35.1040,-0.068620,-0.007515,0,107.14,NaN
35.1120,-0.069597,-0.007666,0,107.14,NaN
35.1200,-0.069597,-0.007990,0,107.14,NaN
35.1280,-0.068132,-0.007992,0,107.14,NaN
35.1360,-0.067155,-0.007455,0,107.14,NaN
35.1440,-0.064225,-0.006529,0,107.14,NaN
35.1520,-0.063248,0.003507,0,107.14,NaN
35.1600,-0.063736,0.003683,0,107.14,NaN
35.1680,-0.062271,0.003269,0,107.14,NaN
35.1760,-0.062759,0.002288,0,107.14,NaN
35.1840,-0.063248,0.000934,0,107.14,NaN
35.1920,-0.063736,-0.000422,0,107.14,NaN
35.2000,-0.064713,-0.001344,0,107.14,NaN
35.2080,-0.062759,-0.001522,0,107.14,NaN
35.2160,-0.062271,-0.000930,0,107.14,NaN
35.2240,-0.058852,0.000153,0,107.14,NaN
35.2320,-0.055922,0.001276,0,107.14,NaN
35.2400,-0.054945,0.002097,0,107.14,NaN
35.2480,-0.054457,0.002615,0,107.14,NaN
35.2560,-0.050061,0.003708,0,107.14,NaN
35.2640,-0.049084,0.004101,0,107.14,NaN
35.2720,-0.048107,0.003810,0,107.14,NaN
35.2800,-0.048596,0.003034,0,107.14,NaN
35.2880,-0.049084,0.002198,0,107.14,NaN
35.2960,-0.047131,0.001738,0,107.14,NaN
35.3040,-0.047131,0.001952,0,107.14,NaN
35.3120,-0.045665,0.002913,0,107.14,NaN
35.3200,-0.043223,0.004346,0,107.14,NaN
35.3280,-0.038339,0.005576,0,107.14,NaN
35.3360,-0.036386,0.005835,0,107.14,NaN
35.3440,-0.036874,0.004788,0,107.14,NaN
35.3520,-0.038828,0.002820,0,107.14,NaN
35.3600,-0.038828,-0.000485,0,107.14,NaN
35.3680,-0.039316,-0.002100,0,107.14,NaN
35.3760,-0.037851,-0.003195,0,107.14,NaN
35.3840,-0.037363,-0.003710,0,107.14,NaN
35.3920,-0.035409,-0.003690,0,107.14,NaN
35.4000,-0.036386,-0.003209,0,107.14,NaN
35.4080,-0.031502,-0.002457,0,107.14,NaN
35.4160,-0.029548,-0.001745,0,107.14,NaN
35.4240,-0.028571,-0.001289,0,107.14,NaN
35.4320,-0.028571,-0.001059,0,107.14,NaN
35.4400,-0.025641,-0.000921,0,107.14,NaN
35.4480,-0.024664,-0.000809,0,107.14,NaN
35.4560,-0.023199,-0.000714,0,107.14,NaN
35.4640,-0.023199,0.007582,0,107.14,NaN
35.4720,-0.022222,0.007653,0,107.14,NaN
35.4800,-0.020757,0.007463,0,107.14,NaN
35.4880,-0.019780,0.006725,0,107.14,NaN
35.4960,-0.017827,0.005213,0,107.14,NaN
35.5040,-0.021734,0.003078,0,107.14,NaN
35.5120,-0.023199,0.000917,0,107.14,NaN
35.5200,-0.023687,-0.000588,0,107.14,NaN
35.5280,-0.021734,-0.001077,0,107.14,NaN
35.5360,-0.019780,-0.000591,0,107.14,NaN
35.5440,-0.017827,0.000628,0,107.14,NaN
35.5520,-0.015873,0.002327,0,107.14,NaN
35.5600,-0.012943,0.004268,0,107.14,NaN
35.5680,-0.009035,0.017529,0,107.14,NaN
35.5760,-0.007082,0.019995,0,107.14,NaN
35.5840,-0.002198,0.021618,0,107.14,NaN
35.5920,-0.004640,0.022310,0,107.14,NaN
35.6000,-0.004640,0.022341,0,107.14,NaN
35.6080,-0.003175,0.022048,0,107.14,NaN
35.6160,-0.003175,0.021576,0,107.14,NaN
35.6240,-0.003175,0.020901,0,107.14,NaN
35.6320,-0.004151,0.019924,0,107.14,NaN
35.6400,-0.004151,0.018491,0,107.14,NaN
35.6480,-0.005128,0.016440,0,107.14,NaN
35.6560,-0.007082,0.013743,0,107.14,NaN
35.6640,-0.010012,0.010619,0,107.14,NaN
35.6720,-0.014408,0.049122,0,107.14,NaN
35.6800,-0.020757,0.046575,0,107.14,NaN
35.6880,-0.021734,0.044568,0,107.14,NaN
35.6960,-0.023199,0.043067,0,107.14,NaN
35.7040,-0.025153,0.041704,0,107.14,NaN
35.7120,-0.028571,0.040158,0,107.14,NaN
35.7200,-0.033944,0.038337,0,107.14,NaN
35.7280,-0.035409,0.036213,0,107.14,NaN
35.7360,-0.038828,0.033669,0,107.14,NaN
35.7440,-0.043223,0.030611,0,107.14,NaN
35.7520,-0.049573,0.027146,0,107.14,NaN
35.7600,-0.054457,0.023517,0,107.14,NaN
35.7680,-0.058852,0.019899,0,107.14,NaN
35.7760,-0.062271,0.006664,0,107.14,NaN
35.7840,-0.063248,0.005154,0,107.14,NaN
35.7920,-0.068620,0.004170,0,107.14,NaN
35.8000,-0.070085,0.003384,0,107.14,NaN
35.8080,-0.070085,0.002341,0,107.14,NaN
35.8160,-0.073504,0.000676,0,107.14,NaN
35.8240,-0.078388,-0.001492,0,107.14,NaN
35.8320,-0.085226,-0.003514,0,107.14,NaN
35.8400,-0.086203,-0.004670,0,107.14,NaN
35.8480,-0.088156,-0.004628,0,107.14,NaN
35.8560,-0.088645,-0.003499,0,107.14,NaN
35.8640,-0.089133,-0.001625,0,107.14,NaN
35.8720,-0.090110,0.000618,0,107.14,NaN
35.8800,-0.091087,-0.027365,0,107.14,NaN
35.8880,-0.092063,-0.027686,0,107.14,NaN
35.8960,-0.094017,-0.028522,0,107.14,NaN
35.9040,-0.097924,-0.029538,0,107.14,NaN
35.9120,-0.100855,-0.030179,0,107.14,NaN
35.9200,-0.101832,-0.029984,0,107.14,NaN
35.9280,-0.101343,-0.028830,0,107.14,NaN
35.9360,-0.101832,-0.026900,0,107.14,NaN
35.9440,-0.100855,-0.024500,0,107.14,NaN
35.9520,-0.100366,-0.021918,0,107.14,NaN
35.9600,-0.100855,-0.019329,0,107.14,NaN
35.9680,-0.099878,-0.016791,0,107.14,NaN
35.9760,-0.099878,-0.014293,0,107.14,NaN
35.9840,-0.101343,-0.025955,0,107.14,NaN
35.9920,-0.101832,-0.025651,0,107.14,NaN
36.0000,-0.102808,-0.025126,0,107.14,NaN
36.0080,-0.102808,-0.024102,0,107.14,NaN
36.0160,-0.101832,-0.022454,0,107.14,NaN
36.0240,-0.101343,-0.020233,0,107.14,NaN
36.0320,-0.100366,-0.017684,0,107.14,NaN
36.0400,-0.096459,-0.015250,0,107.14,NaN
36.0480,-0.095971,-0.013403,0,107.14,NaN
36.0560,-0.096947,-0.012356,0,107.14,NaN
36.0640,-0.096947,-0.011980,0,107.14,NaN
36.0720,-0.098413,-0.011983,0,107.14,NaN
36.0800,-0.097924,-0.012128,0,107.14,NaN
36.0880,-0.097924,-0.009526,0,107.14,NaN
36.0960,-0.094994,-0.007593,0,107.14,NaN
36.1040,-0.093529,-0.005181,0,107.14,NaN
36.1120,-0.091087,-0.002713,0,107.14,NaN
36.1200,-0.090110,-0.000654,0,107.14,NaN
36.1280,-0.087179,0.000558,0,107.14,NaN
36.1360,-0.088156,0.000634,0,107.14,NaN
36.1440,-0.087179,-0.000402,0,107.14,NaN
36.1520,-0.090110,-0.002100,0,107.14,NaN
36.1600,-0.093040,-0.003651,0,107.14,NaN
36.1680,-0.093529,-0.004249,0,107.14,NaN
36.1760,-0.092552,-0.003574,0,107.14,NaN
36.1840,-0.089133,-0.002013,0,107.14,NaN
36.1920,-0.088156,0.003148,0,107.14,NaN
36.2000,-0.088156,0.004176,0,107.14,NaN
36.2080,-0.085714,0.004356,0,107.14,NaN
36.2160,-0.086203,0.003528,0,107.14,NaN
36.2240,-0.088645,0.001947,0,107.14,NaN
36.2320,-0.091087,0.000239,0,107.14,NaN
36.2400,-0.091087,-0.000939,0,107.14,NaN
36.2480,-0.091575,-0.001251,0,107.14,NaN
36.2560,-0.088156,-0.000776,0,107.14,NaN
36.2640,-0.088645,0.000147,0,107.14,NaN
36.2720,-0.086203,0.001158,0,107.14,NaN
36.2800,-0.084737,0.002014,0,107.14,NaN
36.2880,-0.084737,0.002685,0,107.14,NaN
36.2960,-0.085226,0.004606,0,107.14,NaN
36.3040,-0.088156,0.002802,0,107.14,NaN
36.3120,-0.089133,0.000909,0,107.14,NaN
36.3200,-0.090110,-0.000574,0,107.14,NaN
36.3280,-0.090598,-0.001366,0,107.14,NaN
36.3360,-0.089133,-0.001431,0,107.14,NaN
36.3440,-0.089133,-0.000914,0,107.14,NaN
36.3520,-0.088645,-0.000053,0,107.14,NaN
36.3600,-0.085714,0.000833,0,107.14,NaN
36.3680,-0.085714,0.001414,0,107.14,NaN
36.3760,-0.085226,0.001502,0,107.14,NaN
36.3840,-0.085226,0.001118,0,107.14,NaN
36.3920,-0.085714,0.000448,0,107.14,NaN
36.4000,-0.086203,0.003672,0,107.14,NaN
36.4080,-0.085714,0.003638,0,107.14,NaN
36.4160,-0.084249,0.003599,0,107.14,NaN
36.4240,-0.085714,0.003324,0,107.14,NaN
36.4320,-0.085714,0.002620,0,107.14,NaN
36.4400,-0.085714,0.001381,0,107.14,NaN
36.4480,-0.088156,-0.000332,0,107.14,NaN
36.4560,-0.089133,-0.002201,0,107.14,NaN
36.4640,-0.091575,-0.003684,0,107.14,NaN
36.4720,-0.092063,-0.004183,0,107.14,NaN
36.4800,-0.092063,-0.003304,0,107.14,NaN
36.4880,-0.088645,-0.001091,0,107.14,NaN
36.4960,-0.085714,0.001932,0,107.14,NaN
36.5040,-0.085714,0.009336,0,107.14,NaN
36.5120,-0.084249,0.011321,0,107.14,NaN
36.5200,-0.081319,0.012488,0,107.14,NaN
36.5280,-0.082784,0.012620,0,107.14,NaN
36.5360,-0.083272,0.011805,0,107.14,NaN
36.5440,-0.085714,0.010455,0,107.14,NaN
36.5520,-0.088156,0.009110,0,107.14,NaN
36.5600,-0.088156,0.008148,0,107.14,NaN
36.5680,-0.088156,0.007614,0,107.14,NaN
36.5760,-0.088645,0.007300,0,107.14,NaN
36.5840,-0.088645,0.006969,0,107.14,NaN
36.5920,-0.090598,0.006512,0,107.14,NaN
36.6000,-0.091087,0.005963,0,107.14,NaN
36.6080,-0.093040,-0.007210,0,107.14,NaN
36.6160,-0.094505,-0.008830,0,107.14,NaN
36.6240,-0.094994,-0.010207,0,107.14,NaN
36.6320,-0.094994,-0.011177,0,107.14,NaN
36.6400,-0.096459,-0.011567,0,107.14,NaN
36.6480,-0.096459,-0.011216,0,107.14,NaN
36.6560,-0.094017,-0.010118,0,107.14,NaN
36.6640,-0.093040,-0.008494,0,107.14,NaN
36.6720,-0.091087,-0.006708,0,107.14,NaN
36.6800,-0.090110,-0.005173,0,107.14,NaN
36.6880,-0.087179,-0.004290,0,107.14,NaN
36.6960,-0.087179,-0.004265,0,107.14,NaN
36.7040,-0.089133,-0.004868,0,107.14,NaN
36.7120,-0.093040,0.001802,0,107.14,NaN
36.7200,-0.093529,0.000643,0,107.14,NaN
36.7280,-0.093529,0.000147,0,107.14,NaN
36.7360,-0.093040,0.000262,0,107.14,NaN
36.7440,-0.092063,0.000660,0,107.14,NaN
36.7520,-0.092552,0.000993,0,107.14,NaN
36.7600,-0.093040,0.001033,0,107.14,NaN
36.7680,-0.092063,0.000682,0,107.14,NaN
36.7760,-0.093040,-0.000005,0,107.14,NaN
36.7840,-0.094994,-0.000747,0,107.14,NaN
36.7920,-0.095971,-0.001129,0,107.14,NaN
36.8000,-0.096459,-0.000888,0,107.14,NaN
36.8080,-0.094505,-0.000157,0,107.14,NaN
36.8160,-0.092552,0.000316,0,107.14,NaN
36.8240,-0.092552,0.001883,0,107.14,NaN
36.8320,-0.092063,0.003223,0,107.14,NaN
36.8400,-0.090110,0.003984,0,107.14,NaN
36.8480,-0.091087,0.003816,0,107.14,NaN
36.8560,-0.090598,0.002524,0,107.14,NaN
36.8640,-0.094017,0.000281,0,107.14,NaN
36.8720,-0.097924,-0.002305,0,107.14,NaN
36.8800,-0.099878,-0.004382,0,107.14,NaN
36.8880,-0.101343,-0.005195,0,107.14,NaN
36.8960,-0.100366,-0.004341,0,107.14,NaN
36.9040,-0.099389,-0.001889,0,107.14,NaN
36.9120,-0.094505,0.001560,0,107.14,NaN
36.9200,-0.090110,0.005142,0,107.14,NaN
36.9280,-0.085714,0.008852,0,107.14,NaN
36.9360,-0.084737,0.011525,0,107.14,NaN
36.9440,-0.084249,0.013053,0,107.14,NaN
36.9520,-0.084737,0.013652,0,107.14,NaN
36.9600,-0.083272,0.013574,0,107.14,NaN
36.9680,-0.084249,0.012994,0,107.14,NaN
36.9760,-0.085714,0.012081,0,107.14,NaN
36.9840,-0.087179,0.011023,0,107.14,NaN
36.9920,-0.088645,0.009930,0,107.14,NaN
37.0000,-0.089133,0.008738,0,107.14,NaN
37.0080,-0.088645,0.007282,0,107.14,NaN
37.0160,-0.092552,0.005555,0,107.14,NaN
37.0240,-0.093529,0.003664,0,107.14,NaN
37.0320,-0.093529,0.003417,0,107.14,NaN
37.0400,-0.093529,0.003640,0,107.14,NaN
37.0480,-0.092063,0.004281,0,107.14,NaN
37.0560,-0.092552,0.005240,0,107.14,NaN
37.0640,-0.091087,0.006378,0,107.14,NaN
37.0720,-0.090598,0.007447,0,107.14,NaN
37.0800,-0.087179,0.008067,0,107.14,NaN
37.0880,-0.087668,0.007885,0,107.14,NaN
37.0960,-0.090598,0.006833,0,107.14,NaN
37.1040,-0.094017,0.005193,0,107.14,NaN
37.1120,-0.097436,0.003364,0,107.14,NaN
37.1200,-0.097924,0.001562,0,107.14,NaN
37.1280,-0.097436,-0.005384,0,107.14,NaN
37.1360,-0.095971,-0.003966,0,107.14,NaN
37.1440,-0.093529,-0.001666,0,107.14,NaN
37.1520,-0.092552,0.000865,0,107.14,NaN
37.1600,-0.089133,0.002898,0,107.14,NaN
37.1680,-0.086691,0.003785,0,107.14,NaN
37.1760,-0.088645,0.003306,0,107.14,NaN
37.1840,-0.091087,0.001870,0,107.14,NaN
37.1920,-0.093529,0.000272,0,107.14,NaN
37.2000,-0.093529,-0.000830,0,107.14,NaN
37.2080,-0.092063,-0.001237,0,107.14,NaN
37.2160,-0.092063,-0.001122,0,107.14,NaN
37.2240,-0.092063,-0.000765,0,107.14,NaN
37.2320,-0.091087,-0.004497,0,107.14,NaN
37.2400,-0.088645,-0.003247,0,107.14,NaN
37.2480,-0.086203,-0.002654,0,107.14,NaN
37.2560,-0.087179,-0.003071,0,107.14,NaN
37.2640,-0.090110,-0.004278,0,107.14,NaN
37.2720,-0.092552,-0.005608,0,107.14,NaN
37.2800,-0.092063,-0.006418,0,107.14,NaN
37.2880,-0.091575,-0.006431,0,107.14,NaN
37.2960,-0.090598,-0.005733,0,107.14,NaN
37.3040,-0.089133,-0.004585,0,107.14,NaN
37.3120,-0.088156,-0.003269,0,107.14,NaN
37.3200,-0.086203,-0.001984,0,107.14,NaN
37.3280,-0.085714,-0.000783,0,107.14,NaN
37.3360,-0.085714,0.002591,0,107.14,NaN
37.3440,-0.088156,0.001381,0,107.14,NaN
37.3520,-0.090598,0.000275,0,107.14,NaN
37.3600,-0.090110,-0.000130,0,107.14,NaN
37.3680,-0.089621,0.000347,0,107.14,NaN
37.3760,-0.086203,0.001438,0,107.14,NaN
37.3840,-0.086691,0.002691,0,107.14,NaN
37.3920,-0.085714,0.003744,0,107.14,NaN
37.4000,-0.085714,0.004367,0,107.14,NaN
37.4080,-0.084737,0.004361,0,107.14,NaN
37.4160,-0.084737,0.003559,0,107.14,NaN
37.4240,-0.085714,0.001954,0,107.14,NaN
37.4320,-0.088156,-0.000172,0,107.14,NaN
37.4400,-0.089133,0.000003,0,107.14,NaN
37.4480,-0.086691,-0.000185,0,107.14,NaN
37.4560,-0.087179,0.000120,0,107.14,NaN
37.4640,-0.087179,0.000734,0,107.14,NaN
37.4720,-0.086203,0.001451,0,107.14,NaN
37.4800,-0.085226,0.001997,0,107.14,NaN
37.4880,-0.084737,0.002090,0,107.14,NaN
37.4960,-0.084737,0.001592,0,107.14,NaN
37.5040,-0.085714,0.000654,0,107.14,NaN
37.5120,-0.088156,-0.000300,0,107.14,NaN
37.5200,-0.088156,-0.000784,0,107.14,NaN
37.5280,-0.088156,-0.000569,0,107.14,NaN
37.5360,-0.086203,0.000152,0,107.14,NaN
37.5440,-0.085714,-0.039928,0,107.14,NaN
37.5520,-0.085226,-0.040386,0,107.14,NaN
37.5600,-0.082295,-0.040740,0,107.14,NaN
37.5680,-0.081807,-0.040980,0,107.14,NaN
37.5760,-0.080342,-0.040892,0,107.14,NaN
37.5840,-0.078877,-0.040104,0,107.14,NaN
37.5920,-0.076435,-0.038336,0,107.14,NaN
37.6000,-0.070085,-0.035642,0,107.14,NaN
37.6080,-0.065201,-0.032387,0,107.14,NaN
37.6160,-0.060806,-0.028952,0,107.14,NaN
37.6240,-0.056899,-0.025488,0,107.14,NaN
37.6320,-0.052991,-0.021959,0,107.14,NaN
37.6400,-0.047131,-0.018352,0,107.14,NaN
37.6480,-0.043223,-0.062146,0,107.14,NaN
37.6560,-0.043223,-0.064904,0,107.14,NaN
37.6640,-0.043712,-0.068545,0,107.14,NaN
37.6720,-0.043223,-0.071955,0,107.14,NaN
37.6800,-0.039805,-0.073916,0,107.14,NaN
37.6880,-0.037851,-0.073368,0,107.14,NaN
37.6960,-0.030525,-0.069625,0,107.14,NaN
37.7040,-0.022222,-0.062720,0,107.14,NaN
37.7120,-0.008059,-0.053701,0,107.14,NaN
37.7200,0.007570,-0.044512,0,107.14,NaN
37.7280,0.021734,-0.037186,0,107.14,NaN
37.7360,0.026618,-0.032671,0,107.14,NaN
37.7440,0.030525,-0.030206,0,107.14,NaN
37.7520,0.027106,0.115650,0,107.14,NaN
37.7600,0.022222,0.110455,0,107.14,NaN
37.7680,0.014408,0.102609,0,107.14,NaN
37.7760,0.005128,0.094037,0,107.14,NaN
37.7840,-0.004151,0.086528,0,107.14,NaN
37.7920,-0.008547,0.081175,0,107.14,NaN
37.8000,-0.010012,0.077973,0,107.14,NaN
37.8080,-0.010989,0.075958,0,107.14,NaN
37.8160,-0.013919,0.073773,0,107.14,NaN
37.8240,-0.016361,0.070229,0,107.14,NaN
37.8320,-0.022222,0.064649,0,107.14,NaN
37.8400,-0.029060,0.057075,0,107.14,NaN
37.8480,-0.038828,0.048287,0,107.14,NaN
37.8560,-0.049573,0.037223,0,107.14,NaN
37.8640,-0.059829,0.026904,0,107.14,NaN
37.8720,-0.068132,0.017638,0,107.14,NaN
37.8800,-0.074969,0.010057,0,107.14,NaN
37.8880,-0.081319,0.004478,0,107.14,NaN
37.8960,-0.085226,0.000978,0,107.14,NaN
37.9040,-0.088645,-0.000598,0,107.14,NaN
37.9120,-0.088156,-0.000645,0,107.14,NaN
37.9200,-0.090110,0.000306,0,107.14,NaN
37.9280,-0.090110,0.001760,0,107.14,NaN
37.9360,-0.090110,0.003363,0,107.14,NaN
37.9440,-0.092063,0.004953,0,107.14,NaN
37.9520,-0.092552,0.006534,0,107.14,NaN
37.9600,-0.092552,-0.028181,0,107.14,NaN
37.9680,-0.092552,-0.029405,0,107.14,NaN
37.9760,-0.097924,-0.030818,0,107.14,NaN
37.9840,-0.101343,-0.031554,0,107.14,NaN
37.9920,-0.101343,-0.030789,0,107.14,NaN
38.0000,-0.100366,-0.028337,0,107.14,NaN
38.0080,-0.095971,-0.024788,0,107.14,NaN
38.0160,-0.094017,-0.021154,0,107.14,NaN
38.0240,-0.094994,-0.018294,0,107.14,NaN
38.0320,-0.095971,-0.016568,0,107.14,NaN
38.0400,-0.100366,-0.015870,0,107.14,NaN
38.0480,-0.101832,-0.015869,0,107.14,NaN
38.0560,-0.105739,-0.016205,0,107.14,NaN
38.0640,-0.108181,-0.047798,0,107.14,NaN
38.0720,-0.106716,-0.047634,0,107.14,NaN
38.0800,-0.106716,-0.046690,0,107.14,NaN
38.0880,-0.107692,-0.045004,0,107.14,NaN
38.0960,-0.107692,-0.042449,0,107.14,NaN
38.1040,-0.105739,-0.039001,0,107.14,NaN
38.1120,-0.101343,-0.035016,0,107.14,NaN
38.1200,-0.097924,-0.031150,0,107.14,NaN
38.1280,-0.097924,-0.027964,0,107.14,NaN
38.1360,-0.095971,-0.025672,0,107.14,NaN
38.1440,-0.095971,-0.024148,0,107.14,NaN
38.1520,-0.097924,-0.023059,0,107.14,NaN
38.1600,-0.095482,-0.022104,0,107.14,NaN
38.1680,-0.092063,-0.033947,0,107.14,NaN
38.1760,-0.089621,-0.034869,0,107.14,NaN
38.1840,-0.092552,-0.039596,0,107.14,NaN
38.1920,-0.097436,-0.049427,0,107.14,NaN
38.2000,-0.108669,-0.064559,0,107.14,NaN
38.2080,-0.121856,-0.083609,0,107.14,NaN
38.2160,-0.138950,-0.103368,0,107.14,NaN
38.2240,-0.155556,-0.119042,0,107.14,NaN
38.2320,-0.161905,-0.125307,0,107.14,NaN
38.2400,-0.157021,-0.117922,0,107.14,NaN
38.2480,-0.137485,-0.095299,0,107.14,NaN
38.2560,-0.102320,-0.059460,0,107.14,NaN
38.2640,-0.059341,-0.015947,0,107.14,NaN
38.2720,-0.001709,-0.417953,0,107.14,NaN
38.2800,0.075946,-0.345970,0,107.14,NaN
38.2880,0.170696,-0.254026,0,107.14,NaN
38.2960,0.279609,-0.143711,0,107.14,NaN
38.3040,0.398291,-0.019109,0,107.14,NaN
38.3120,0.516972,0.112055,0,107.14,NaN
38.3200,0.638095,0.236546,0,107.14,NaN
38.3280,0.762637,0.334358,1,107.14,NaN
38.3360,0.857387,0.381355,1,107.14,NaN
38.3440,0.869597,0.357370,0,107.14,NaN
38.3520,0.798291,0.255833,0,107.14,NaN
38.3600,0.663980,0.088621,0,107.14,NaN
38.3680,0.499878,-0.116198,0,107.14,NaN
38.3760,0.336264,0.424589,0,107.14,NaN
38.3840,0.163858,0.221698,0,107.14,NaN
38.3920,-0.000733,0.039320,0,107.14,NaN
38.4000,-0.131136,-0.104820,0,107.14,NaN
38.4080,-0.210745,-0.199019,0,107.14,NaN
38.4160,-0.250305,-0.239902,0,107.14,NaN
38.4240,-0.237118,-0.233123,0,107.14,NaN
38.4320,-0.194628,-0.192067,0,107.14,NaN
38.4400,-0.136996,-0.134388,0,107.14,NaN
38.4480,-0.083761,-0.077114,0,107.14,NaN
38.4560,-0.046642,-0.031892,0,107.14,NaN
38.4640,-0.030525,-0.001966,0,107.14,NaN
38.4720,-0.030525,0.017920,0,107.14,NaN
38.4800,-0.043223,0.015506,0,107.14,NaN
38.4880,-0.063736,-0.002254,0,107.14,NaN
38.4960,-0.085714,-0.022721,0,107.14,NaN
38.5040,-0.102320,-0.040165,0,107.14,NaN
38.5120,-0.111111,-0.051246,0,107.14,NaN
38.5200,-0.111600,-0.055279,0,107.14,NaN
38.5280,-0.108181,-0.053592,0,107.14,NaN
38.5360,-0.102808,-0.048395,0,107.14,NaN
38.5440,-0.098413,-0.041767,0,107.14,NaN
38.5520,-0.093529,-0.035165,0,107.14,NaN
38.5600,-0.088645,-0.029374,0,107.14,NaN
38.5680,-0.087668,-0.024558,0,107.14,NaN
38.5760,-0.088156,-0.020328,0,107.14,NaN
38.5840,-0.092552,-0.254899,0,107.14,NaN
38.5920,-0.095482,-0.261298,0,107.14,NaN
38.6000,-0.100366,-0.265307,0,107.14,NaN
38.6080,-0.104762,-0.265294,0,107.14,NaN
38.6160,-0.108669,-0.259951,0,107.14,NaN
38.6240,-0.107692,-0.248774,0,107.14,NaN
38.6320,-0.105739,-0.232435,0,107.14,NaN
38.6400,-0.101832,-0.212684,0,107.14,NaN
38.6480,-0.101343,-0.191787,0,107.14,NaN
38.6560,-0.099878,-0.171854,0,107.14,NaN
38.6640,-0.096459,-0.154338,0,107.14,NaN
38.6720,-0.094994,-0.139631,0,107.14,NaN
38.6800,-0.093529,-0.126846,0,107.14,NaN
38.6880,-0.093529,0.002829,0,107.14,NaN
38.6960,-0.094994,0.004636,0,107.14,NaN
38.7040,-0.098413,0.003945,0,107.14,NaN
38.7120,-0.094994,0.002278,0,107.14,NaN
38.7200,-0.093040,0.000692,0,107.14,NaN
38.7280,-0.088645,-0.000358,0,107.14,NaN
38.7360,-0.087179,-0.000796,0,107.14,NaN
38.7440,-0.085714,-0.000708,0,107.14,NaN
38.7520,-0.084249,-0.000259,0,107.14,NaN
38.7600,-0.084737,0.000355,0,107.14,NaN
38.7680,-0.085714,0.000988,0,107.14,NaN
38.7760,-0.085714,0.001566,0,107.14,NaN
38.7840,-0.086691,0.002078,0,107.14,NaN
38.7920,-0.086203,-0.004226,0,107.14,NaN
38.8000,-0.084249,-0.001856,0,107.14,NaN
38.8080,-0.080342,0.001227,0,107.14,NaN
38.8160,-0.074481,0.004356,0,107.14,NaN
38.8240,-0.072527,0.006728,0,107.14,NaN
38.8320,-0.070085,0.007780,0,107.14,NaN
38.8400,-0.070085,0.007367,0,107.14,NaN
38.8480,-0.070085,0.005789,0,107.14,NaN
38.8560,-0.073504,0.003718,0,107.14,NaN
38.8640,-0.074969,0.001946,0,107.14,NaN
38.8720,-0.073016,0.001002,0,107.14,NaN
38.8800,-0.074481,0.000965,0,107.14,NaN
38.8880,-0.071551,0.001507,0,107.14,NaN
38.8960,-0.069597,-0.006169,0,107.14,NaN
38.9040,-0.066667,-0.004263,0,107.14,NaN
38.9120,-0.062759,-0.002708,0,107.14,NaN
38.9200,-0.059829,-0.002098,0,107.14,NaN
38.9280,-0.058852,-0.002620,0,107.14,NaN
38.9360,-0.061294,-0.003847,0,107.14,NaN
38.9440,-0.061783,-0.004959,0,107.14,NaN
38.9520,-0.059829,-0.005308,0,107.14,NaN
38.9600,-0.055922,-0.004779,0,107.14,NaN
38.9680,-0.053968,-0.003663,0,107.14,NaN
38.9760,-0.051526,-0.002332,0,107.14,NaN
38.9840,-0.048107,-0.001040,0,107.14,NaN
38.9920,-0.046642,0.000136,0,107.14,NaN
39.0000,-0.045665,0.010343,0,107.14,NaN
39.0080,-0.045665,0.009120,0,107.14,NaN
39.0160,-0.049084,0.007873,0,107.14,NaN
39.0240,-0.048107,0.007348,0,107.14,NaN
39.0320,-0.045177,0.007794,0,107.14,NaN
39.0400,-0.041758,0.008825,0,107.14,NaN
39.0480,-0.039316,0.009782,0,107.14,NaN
39.0560,-0.039316,0.010190,0,107.14,NaN
39.0640,-0.038828,0.009918,0,107.14,NaN
39.0720,-0.037851,0.009046,0,107.14,NaN
39.0800,-0.038339,0.007707,0,107.14,NaN
39.0880,-0.037851,0.006043,0,107.14,NaN
39.0960,-0.038339,0.004205,0,107.14,NaN
39.1040,-0.038828,-0.005515,0,107.14,NaN
39.1120,-0.037851,-0.004689,0,107.14,NaN
39.1200,-0.031990,-0.002384,0,107.14,NaN
39.1280,-0.027595,0.000920,0,107.14,NaN
39.1360,-0.023687,0.004533,0,107.14,NaN
39.1440,-0.020757,0.007817,0,107.14,NaN
39.1520,-0.015873,0.010185,0,107.14,NaN
39.1600,-0.012454,0.011114,0,107.14,NaN
39.1680,-0.011966,0.010396,0,107.14,NaN
39.1760,-0.014408,0.008339,0,107.14,NaN
39.1840,-0.016361,0.005567,0,107.14,NaN
39.1920,-0.013919,0.002559,0,107.14,NaN
39.2000,-0.015873,-0.000510,0,107.14,NaN
39.2080,-0.015385,-0.002525,0,107.14,NaN
39.2160,-0.014408,-0.002673,0,107.14,NaN
39.2240,-0.011966,-0.001915,0,107.14,NaN
39.2320,-0.008059,-0.000652,0,107.14,NaN
39.2400,-0.007082,0.000595,0,107.14,NaN
39.2480,-0.002198,0.001373,0,107.14,NaN
39.2560,-0.002198,0.001478,0,107.14,NaN
39.2640,-0.001709,0.001056,0,107.14,NaN
39.2720,-0.001221,0.000488,0,107.14,NaN
39.2800,-0.000244,0.000092,0,107.14,NaN
39.2880,0.003175,-0.000068,0,107.14,NaN
39.2960,0.003663,-0.000106,0,107.14,NaN
39.3040,0.005128,-0.000127,0,107.14,NaN
39.3120,0.008059,0.047744,0,107.14,NaN
39.3200,0.008059,0.047580,0,107.14,NaN
39.3280,0.006105,0.046520,0,107.14,NaN
39.3360,-0.000244,0.045523,0,107.14,NaN
39.3440,-0.000733,0.045598,0,107.14,NaN
39.3520,0.003175,0.046932,0,107.14,NaN
39.3600,0.005128,0.048666,0,107.14,NaN
39.3680,0.006593,0.049424,0,107.14,NaN
39.3760,0.006105,0.048048,0,107.14,NaN
39.3840,-0.000733,0.044088,0,107.14,NaN
39.3920,-0.006593,0.037860,0,107.14,NaN
39.4000,-0.013431,0.030086,0,107.14,NaN
39.4080,-0.020757,0.021565,0,107.14,NaN
39.4160,-0.028571,0.052235,0,107.14,NaN
39.4240,-0.032967,0.048692,0,107.14,NaN
39.4320,-0.037851,0.047132,0,107.14,NaN
39.4400,-0.037851,0.047173,0,107.14,NaN
39.4480,-0.039316,0.047881,0,107.14,NaN
39.4560,-0.041270,0.048143,0,107.14,NaN
39.4640,-0.045177,0.047059,0,107.14,NaN
39.4720,-0.050061,0.044173,0,107.14,NaN
39.4800,-0.055922,0.039596,0,107.14,NaN
39.4880,-0.066667,0.034056,0,107.14,NaN
39.4960,-0.076435,0.028621,0,107.14,NaN
39.5040,-0.081807,0.024043,0,107.14,NaN
39.5120,-0.086203,0.020257,0,107.14,NaN
39.5200,-0.090598,-0.024288,0,107.14,NaN
39.5280,-0.094994,-0.027584,0,107.14,NaN
39.5360,-0.098901,-0.030422,0,107.14,NaN
39.5440,-0.103297,-0.032724,0,107.14,NaN
39.5520,-0.106716,-0.034099,0,107.14,NaN
39.5600,-0.110623,-0.033987,0,107.14,NaN
39.5680,-0.111600,-0.031989,0,107.14,NaN
39.5760,-0.110134,-0.028241,0,107.14,NaN
39.5840,-0.107204,-0.023587,0,107.14,NaN
39.5920,-0.103785,-0.019316,0,107.14,NaN
39.6000,-0.103297,-0.016558,0,107.14,NaN
39.6080,-0.107204,-0.015657,0,107.14,NaN
39.6160,-0.111600,-0.015981,0,107.14,NaN
39.6240,-0.115507,-0.039213,0,107.14,NaN
39.6320,-0.116484,-0.040272,0,107.14,NaN
39.6400,-0.117460,-0.040132,0,107.14,NaN
39.6480,-0.117460,-0.038449,0,107.14,NaN
39.6560,-0.119902,-0.034959,0,107.14,NaN
39.6640,-0.116972,-0.029714,0,107.14,NaN
39.6720,-0.111600,-0.023495,0,107.14,NaN
39.6800,-0.105250,-0.017727,0,107.14,NaN
39.6880,-0.105739,-0.013774,0,107.14,NaN
39.6960,-0.108669,-0.012298,0,107.14,NaN
39.7040,-0.109646,-0.013236,0,107.14,NaN
39.7120,-0.114530,-0.016077,0,107.14,NaN
39.7200,-0.119902,-0.019984,0,107.14,NaN
39.7280,-0.125763,-0.031508,0,107.14,NaN
39.7360,-0.129670,-0.032790,0,107.14,NaN
39.7440,-0.126252,-0.031188,0,107.14,NaN
39.7520,-0.124786,-0.027098,0,107.14,NaN
39.7600,-0.116972,-0.021698,0,107.14,NaN
39.7680,-0.114042,-0.016373,0,107.14,NaN
39.7760,-0.113553,-0.012126,0,107.14,NaN
39.7840,-0.111600,-0.009430,0,107.14,NaN
39.7920,-0.109646,-0.008423,0,107.14,NaN
39.8000,-0.112088,-0.008958,0,107.14,NaN
39.8080,-0.114530,-0.010585,0,107.14,NaN
39.8160,-0.116484,-0.012752,0,107.14,NaN
39.8240,-0.117460,-0.015087,0,107.14,NaN
39.8320,-0.116972,-0.017287,0,107.14,NaN
39.8400,-0.115995,-0.017065,0,107.14,NaN
39.8480,-0.113553,-0.016357,0,107.14,NaN
39.8560,-0.114042,-0.015380,0,107.14,NaN
39.8640,-0.113553,-0.014212,0,107.14,NaN
39.8720,-0.110134,-0.012985,0,107.14,NaN
39.8800,-0.106716,-0.011970,0,107.14,NaN
39.8880,-0.107692,-0.011315,0,107.14,NaN
39.8960,-0.107692,-0.010833,0,107.14,NaN
39.9040,-0.106716,-0.010196,0,107.14,NaN
39.9120,-0.104762,-0.009258,0,107.14,NaN
39.9200,-0.101343,-0.008126,0,107.14,NaN
39.9280,-0.100855,-0.006960,0,107.14,NaN
39.9360,-0.100855,-0.006898,0,107.14,NaN
39.9440,-0.099878,-0.008229,0,107.14,NaN
39.9520,-0.100366,-0.010626,0,107.14,NaN
39.9600,-0.103297,-0.013819,0,107.14,NaN
39.9680,-0.105739,-0.017212,0,107.14,NaN
39.9760,-0.106716,-0.020078,0,107.14,NaN
39.9840,-0.108181,-0.021775,0,107.14,NaN
39.9920,-0.107692,-0.021894,0,107.14,NaN
40.0000,-0.104274,-0.020357,0,107.14,NaN
40.0080,-0.101343,-0.017405,0,107.14,NaN
40.0160,-0.095482,-0.013437,0,107.14,NaN
40.0240,-0.092552,-0.008837,0,107.14,NaN
40.0320,-0.086203,-0.003930,0,107.14,NaN
40.0400,-0.085714,0.010164,0,107.14,NaN
40.0480,-0.088645,0.008115,0,107.14,NaN
40.0560,-0.093529,0.004697,0,107.14,NaN
40.0640,-0.094017,0.000938,0,107.14,NaN
40.0720,-0.095971,-0.002465,0,107.14,NaN
40.0800,-0.095971,-0.005165,0,107.14,NaN
40.0880,-0.098413,-0.006894,0,107.14,NaN
40.0960,-0.099878,-0.007363,0,107.14,NaN
40.1040,-0.096947,-0.006483,0,107.14,NaN
40.1120,-0.093529,-0.004568,0,107.14,NaN
40.1200,-0.090598,-0.002176,0,107.14,NaN
40.1280,-0.087179,0.000233,0,107.14,NaN
40.1360,-0.085714,0.002510,0,107.14,NaN
40.1440,-0.085714,0.018239,0,107.14,NaN
40.1520,-0.086691,0.018362,0,107.14,NaN
40.1600,-0.085714,0.018187,0,107.14,NaN
40.1680,-0.086203,0.017963,0,107.14,NaN
40.1760,-0.086203,0.017725,0,107.14,NaN
40.1840,-0.085714,0.017298,0,107.14,NaN
40.1920,-0.085714,0.016399,0,107.14,NaN
40.2000,-0.086203,0.014853,0,107.14,NaN
40.2080,-0.089133,0.012825,0,107.14,NaN
40.2160,-0.092552,0.010830,0,107.14,NaN
40.2240,-0.093529,0.009400,0,107.14,NaN
40.2320,-0.093040,0.008713,0,107.14,NaN
40.2400,-0.093040,0.008517,0,107.14,NaN
40.2480,-0.092063,-0.003933,0,107.14,NaN
40.2560,-0.091087,-0.004212,0,107.14,NaN
40.2640,-0.091087,-0.005170,0,107.14,NaN
40.2720,-0.093529,-0.006836,0,107.14,NaN
40.2800,-0.094017,-0.008856,0,107.14,NaN
40.2880,-0.095971,-0.010651,0,107.14,NaN
40.2960,-0.096459,-0.011627,0,107.14,NaN
40.3040,-0.096459,-0.011387,0,107.14,NaN
40.3120,-0.093529,-0.009940,0,107.14,NaN
40.3200,-0.091087,-0.007731,0,107.14,NaN
40.3280,-0.086691,-0.005427,0,107.14,NaN
40.3360,-0.085714,-0.003524,0,107.14,NaN
40.3440,-0.085714,-0.002033,0,107.14,NaN
40.3520,-0.088645,-0.003902,0,107.14,NaN
40.3600,-0.091575,-0.008252,0,107.14,NaN
40.3680,-0.097924,-0.012994,0,107.14,NaN
40.3760,-0.101343,-0.016893,0,107.14,NaN
40.3840,-0.101832,-0.019096,0,107.14,NaN
40.3920,-0.100855,-0.019424,0,107.14,NaN
40.4000,-0.097924,-0.018258,0,107.14,NaN
40.4080,-0.096459,-0.016177,0,107.14,NaN
40.4160,-0.094505,-0.013688,0,107.14,NaN
40.4240,-0.092063,-0.011188,0,107.14,NaN
40.4320,-0.089133,-0.009032,0,107.14,NaN
40.4400,-0.086203,-0.007458,0,107.14,NaN
40.4480,-0.087179,-0.006359,0,107.14,NaN
40.4560,-0.085714,-0.002478,0,107.14,NaN
40.4640,-0.083272,-0.001523,0,107.14,NaN
40.4720,-0.083272,-0.000825,0,107.14,NaN
40.4800,-0.082784,-0.000486,0,107.14,NaN
40.4880,-0.080830,-0.000614,0,107.14,NaN
40.4960,-0.082295,-0.001218,0,107.14,NaN
40.5040,-0.083761,-0.002103,0,107.14,NaN
40.5120,-0.083272,-0.002950,0,107.14,NaN
40.5200,-0.084249,-0.003466,0,107.14,NaN
40.5280,-0.082784,-0.003460,0,107.14,NaN
40.5360,-0.082784,-0.002846,0,107.14,NaN
40.5440,-0.081319,-0.001662,0,107.14,NaN
40.5520,-0.078877,-0.000119,0,107.14,NaN
40.5600,-0.078388,-0.001822,0,107.14,NaN
40.5680,-0.080830,-0.003540,0,107.14,NaN
40.5760,-0.084249,-0.006314,0,107.14,NaN
40.5840,-0.085226,-0.009861,0,107.14,NaN
40.5920,-0.085714,-0.013858,0,107.14,NaN
40.6000,-0.090598,-0.017719,0,107.14,NaN
40.6080,-0.095971,-0.020438,0,107.14,NaN
40.6160,-0.095971,-0.021026,0,107.14,NaN
40.6240,-0.092063,-0.019202,0,107.14,NaN
40.6320,-0.085714,-0.015578,0,107.14,NaN
40.6400,-0.080830,-0.011181,0,107.14,NaN
40.6480,-0.077411,-0.006789,0,107.14,NaN
40.6560,-0.074481,-0.002611,0,107.14,NaN
40.6640,-0.072039,0.012128,0,107.14,NaN
40.6720,-0.073504,0.010998,0,107.14,NaN
40.6800,-0.077411,0.008206,0,107.14,NaN
40.6880,-0.082784,0.004527,0,107.14,NaN
40.6960,-0.085714,0.000921,0,107.14,NaN
40.7040,-0.090110,-0.001754,0,107.14,NaN
40.7120,-0.092063,-0.002974,0,107.14,NaN
40.7200,-0.088645,-0.002724,0,107.14,NaN
40.7280,-0.087179,-0.001450,0,107.14,NaN
40.7360,-0.085714,0.000238,0,107.14,NaN
40.7440,-0.083272,0.001829,0,107.14,NaN
40.7520,-0.081319,0.003038,0,107.14,NaN
40.7600,-0.082295,0.003914,0,107.14,NaN
40.7680,-0.083761,-0.007279,0,107.14,NaN
40.7760,-0.084737,-0.009019,0,107.14,NaN
40.7840,-0.085714,-0.010968,0,107.14,NaN
40.7920,-0.087179,-0.012768,0,107.14,NaN
40.8000,-0.089133,-0.014113,0,107.14,NaN
40.8080,-0.088156,-0.014832,0,107.14,NaN
40.8160,-0.088645,-0.014960,0,107.14,NaN
40.8240,-0.086203,-0.014677,0,107.14,NaN
40.8320,-0.085714,-0.014111,0,107.14,NaN
40.8400,-0.085714,-0.013130,0,107.14,NaN
40.8480,-0.085714,-0.011378,0,107.14,NaN
40.8560,-0.083272,-0.008631,0,107.14,NaN
40.8640,-0.078388,-0.005159,0,107.14,NaN
40.8720,-0.071062,0.031969,0,107.14,NaN
40.8800,-0.064225,0.039942,0,107.14,NaN
40.8880,-0.059829,0.046332,0,107.14,NaN
40.8960,-0.055433,0.049764,0,107.14,NaN
40.9040,-0.056410,0.049486,0,107.14,NaN
40.9120,-0.061783,0.045741,0,107.14,NaN
40.9200,-0.070085,0.039737,0,107.14,NaN
40.9280,-0.075946,0.033101,0,107.14,NaN
40.9360,-0.080830,0.027243,0,107.14,NaN
40.9440,-0.085714,0.023079,0,107.14,NaN
40.9520,-0.088645,0.021028,0,107.14,NaN
40.9600,-0.091087,0.020971,0,107.14,NaN
40.9680,-0.089133,0.022165,0,107.14,NaN
40.9760,-0.087179,-0.022403,0,107.14,NaN
40.9840,-0.087179,-0.023417,0,107.14,NaN
40.9920,-0.089133,-0.026154,0,107.14,NaN
41.0000,-0.092063,-0.030631,0,107.14,NaN
41.0080,-0.098413,-0.036086,0,107.14,NaN
41.0160,-0.101343,-0.041258,0,107.14,NaN
41.0240,-0.104762,-0.044825,0,107.14,NaN
41.0320,-0.104762,-0.045772,0,107.14,NaN
41.0400,-0.101343,-0.043626,0,107.14,NaN
41.0480,-0.096459,-0.038488,0,107.14,NaN
41.0560,-0.088645,-0.030905,0,107.14,NaN
41.0640,-0.080342,-0.021660,0,107.14,NaN
41.0720,-0.071551,-0.011603,0,107.14,NaN
41.0800,-0.070085,0.007167,0,107.14,NaN
41.0880,-0.070085,0.007343,0,107.14,NaN
41.0960,-0.072039,0.004394,0,107.14,NaN
41.1040,-0.076923,-0.000476,0,107.14,NaN
41.1120,-0.083761,-0.005622,0,107.14,NaN
41.1200,-0.085714,-0.009487,0,107.14,NaN
41.1280,-0.086691,-0.011153,0,107.14,NaN
41.1360,-0.085714,-0.010546,0,107.14,NaN
41.1440,-0.081319,-0.008309,0,107.14,NaN
41.1520,-0.076923,-0.005410,0,107.14,NaN
41.1600,-0.076923,-0.002585,0,107.14,NaN
41.1680,-0.074969,-0.000064,0,107.14,NaN
41.1760,-0.073016,0.002258,0,107.14,NaN
41.1840,-0.070085,-0.003839,0,107.14,NaN
41.1920,-0.067643,-0.001819,0,107.14,NaN
41.2000,-0.067643,-0.000512,0,107.14,NaN
41.2080,-0.065201,-0.000224,0,107.14,NaN
41.2160,-0.066667,-0.001065,0,107.14,NaN
41.2240,-0.069109,-0.002810,0,107.14,NaN
41.2320,-0.070085,-0.004964,0,107.14,NaN
41.2400,-0.070574,-0.006957,0,107.14,NaN
41.2480,-0.071551,-0.008216,0,107.14,NaN
41.2560,-0.072527,-0.008197,0,107.14,NaN
41.2640,-0.069597,-0.006582,0,107.14,NaN
41.2720,-0.065690,-0.003520,0,107.14,NaN
41.2800,-0.061294,0.000381,0,107.14,NaN
41.2880,-0.054945,-0.020544,0,107.14,NaN
41.2960,-0.053480,-0.017987,0,107.14,NaN
41.3040,-0.050061,-0.016519,0,107.14,NaN
41.3120,-0.047619,-0.016348,0,107.14,NaN
41.3200,-0.045665,-0.017495,0,107.14,NaN
41.3280,-0.047131,-0.019700,0,107.14,NaN
41.3360,-0.046642,-0.022428,0,107.14,NaN
41.3440,-0.044200,-0.024969,0,107.14,NaN
41.3520,-0.045665,-0.026393,0,107.14,NaN
41.3600,-0.046154,-0.025575,0,107.14,NaN
41.3680,-0.040781,-0.021724,0,107.14,NaN
41.3760,-0.030525,-0.015018,0,107.14,NaN
41.3840,-0.021734,-0.006641,0,107.14,NaN
41.3920,-0.006105,0.054681,0,107.14,NaN
41.4000,0.010501,0.072444,0,107.14,NaN
41.4080,0.023687,0.088091,0,107.14,NaN
41.4160,0.035897,0.098764,0,107.14,NaN
41.4240,0.041758,0.102352,0,107.14,NaN
41.4320,0.034921,0.098328,0,107.14,NaN
41.4400,0.026129,0.088093,0,107.14,NaN
41.4480,0.012943,0.074528,0,107.14,NaN
41.4560,-0.002198,0.061067,0,107.14,NaN
41.4640,-0.010012,0.050590,0,107.14,NaN
41.4720,-0.012943,0.044497,0,107.14,NaN
41.4800,-0.014408,0.042470,0,107.14,NaN
41.4880,-0.011966,0.042840,0,107.14,NaN
41.4960,-0.006593,0.111446,0,107.14,NaN
41.5040,-0.002686,0.118695,0,107.14,NaN
41.5120,-0.000733,0.123404,0,107.14,NaN
41.5200,-0.004640,0.123906,0,107.14,NaN
41.5280,-0.010501,0.119323,0,107.14,NaN
41.5360,-0.019780,0.109630,0,107.14,NaN
41.5440,-0.033944,0.095836,0,107.14,NaN
41.5520,-0.053968,0.080146,0,107.14,NaN
41.5600,-0.070085,0.065613,0,107.14,NaN
41.5680,-0.084249,0.055214,0,107.14,NaN
41.5760,-0.092552,0.050793,0,107.14,NaN
41.5840,-0.092552,0.052262,0,107.14,NaN
41.5920,-0.088156,0.057414,0,107.14,NaN
41.6000,-0.082295,-0.025918,0,107.14,NaN
41.6080,-0.074969,-0.018063,0,107.14,NaN
41.6160,-0.071062,-0.011322,0,107.14,NaN
41.6240,-0.069109,-0.006954,0,107.14,NaN
41.6320,-0.068620,-0.005391,0,107.14,NaN
41.6400,-0.070085,-0.006369,0,107.14,NaN
41.6480,-0.074481,-0.009049,0,107.14,NaN
41.6560,-0.078388,-0.012187,0,107.14,NaN
41.6640,-0.083272,-0.014465,0,107.14,NaN
41.6720,-0.084249,-0.014943,0,107.14,NaN
41.6800,-0.082784,-0.013411,0,107.14,NaN
41.6880,-0.080342,-0.010346,0,107.14,NaN
41.6960,-0.080342,-0.006517,0,107.14,NaN
41.7040,-0.082295,-0.029141,0,107.14,NaN
41.7120,-0.085714,-0.030240,0,107.14,NaN
41.7200,-0.090598,-0.031838,0,107.14,NaN
41.7280,-0.093040,-0.033210,0,107.14,NaN
41.7360,-0.096947,-0.033736,0,107.14,NaN
41.7440,-0.097436,-0.033084,0,107.14,NaN
41.7520,-0.097436,-0.031271,0,107.14,NaN
41.7600,-0.096459,-0.028571,0,107.14,NaN
41.7680,-0.096459,-0.025378,0,107.14,NaN
41.7760,-0.094017,-0.022169,0,107.14,NaN
41.7840,-0.091087,-0.019445,0,107.14,NaN
41.7920,-0.093040,-0.017462,0,107.14,NaN
41.8000,-0.094017,-0.016019,0,107.14,NaN
41.8080,-0.091087,0.060361,0,107.14,NaN
41.8160,-0.086691,0.069022,0,107.14,NaN
41.8240,-0.083761,0.078654,0,107.14,NaN
41.8320,-0.079365,0.088561,0,107.14,NaN
41.8400,-0.076435,0.097845,0,107.14,NaN
41.8480,-0.074481,0.105402,0,107.14,NaN
41.8560,-0.073016,0.109915,0,107.14,NaN
41.8640,-0.074969,0.110009,0,107.14,NaN
41.8720,-0.082784,0.104635,0,107.14,NaN
41.8800,-0.094017,0.093481,0,107.14,NaN
41.8880,-0.113553,0.077180,0,107.14,NaN
41.8960,-0.133089,0.057155,0,107.14,NaN
41.9040,-0.154579,0.035239,0,107.14,NaN
41.9120,-0.166789,-0.922784,0,107.14,NaN
41.9200,-0.169231,-0.962181,0,107.14,NaN
41.9280,-0.156532,-0.988639,0,107.14,NaN
41.9360,-0.128205,-1.000000,0,107.14,NaN
41.9440,-0.084737,-0.995034,0,107.14,NaN
41.9520,-0.024664,-0.973112,0,107.14,NaN
41.9600,0.050061,-0.934081,0,107.14,NaN
41.9680,0.143346,-0.878492,0,107.14,NaN
41.9760,0.249817,-0.808124,0,107.14,NaN
41.9840,0.382662,-0.726297,0,107.14,NaN
41.9920,0.511600,-0.637194,0,107.14,NaN
42.0000,0.639560,-0.544490,0,107.14,NaN
42.0080,0.773871,-0.450689,0,107.14,NaN
42.0160,0.898901,0.961042,0,107.14,NaN
42.0240,0.954090,1.000000,1,107.14,NaN
42.0320,0.898901,0.990630,1,107.14,NaN
42.0400,0.757753,0.936046,0,107.14,NaN
42.0480,0.584860,0.848769,0,107.14,NaN
42.0560,0.411477,0.745246,0,107.14,NaN
42.0640,0.242002,0.641060,0,107.14,NaN
42.0720,0.080830,0.549111,0,107.14,NaN
42.0800,-0.059829,0.479420,0,107.14,NaN
42.0880,-0.156044,0.438478,0,107.14,NaN
42.0960,-0.205861,0.427750,0,107.14,NaN
42.1040,-0.212210,0.442489,0,107.14,NaN
42.1120,-0.188767,0.472006,0,107.14,NaN
42.1200,-0.147253,-0.080710,0,107.14,NaN
42.1280,-0.098413,-0.029953,0,107.14,NaN
42.1360,-0.056899,0.015784,0,107.14,NaN
42.1440,-0.032479,0.048510,0,107.14,NaN
42.1520,-0.026129,0.065223,0,107.14,NaN
42.1600,-0.034432,0.067499,0,107.14,NaN
42.1680,-0.051526,0.059778,0,107.14,NaN
42.1760,-0.065690,0.047141,0,107.14,NaN
42.1840,-0.079853,0.033640,0,107.14,NaN
42.1920,-0.093529,0.021748,0,107.14,NaN
42.2000,-0.104762,0.012524,0,107.14,NaN
42.2080,-0.111111,0.005864,0,107.14,NaN
42.2160,-0.115995,0.000768,0,107.14,NaN
42.2240,-0.116972,-0.174135,0,107.14,NaN
42.2320,-0.117949,-0.177486,0,107.14,NaN
42.2400,-0.116972,-0.178010,0,107.14,NaN
42.2480,-0.110134,-0.176197,0,107.14,NaN
42.2560,-0.102320,-0.172993,0,107.14,NaN
42.2640,-0.099389,-0.169332,0,107.14,NaN
42.2720,-0.098413,-0.165485,0,107.14,NaN
42.2800,-0.100855,-0.160844,0,107.14,NaN
42.2880,-0.101832,-0.154188,0,107.14,NaN
42.2960,-0.106716,-0.144125,0,107.14,NaN
42.3040,-0.111600,-0.129605,0,107.14,NaN
42.3120,-0.113553,-0.110635,0,107.14,NaN
42.3200,-0.112576,-0.088811,0,107.14,NaN
42.3280,-0.108669,-0.105232,0,107.14,NaN
42.3360,-0.104274,-0.084379,0,107.14,NaN
42.3440,-0.102808,-0.065852,0,107.14,NaN
42.3520,-0.105739,-0.050939,0,107.14,NaN
42.3600,-0.107692,-0.039682,0,107.14,NaN
42.3680,-0.105739,-0.031558,0,107.14,NaN
42.3760,-0.101343,-0.026149,0,107.14,NaN
42.3840,-0.098413,-0.023252,0,107.14,NaN
42.3920,-0.094017,-0.022584,0,107.14,NaN
42.4000,-0.093529,-0.023590,0,107.14,NaN
42.4080,-0.091087,-0.025580,0,107.14,NaN
42.4160,-0.086691,-0.028047,0,107.14,NaN
42.4240,-0.086691,-0.030747,0,107.14,NaN
42.4320,-0.090110,-0.013415,0,107.14,NaN
42.4400,-0.091087,-0.014299,0,107.14,NaN
42.4480,-0.090110,-0.013999,0,107.14,NaN
42.4560,-0.088645,-0.012561,0,107.14,NaN
42.4640,-0.085714,-0.010331,0,107.14,NaN
42.4720,-0.085226,-0.007621,0,107.14,NaN
42.4800,-0.083761,-0.004600,0,107.14,NaN
42.4880,-0.079853,-0.001518,0,107.14,NaN
42.4960,-0.075946,0.001045,0,107.14,NaN
42.5040,-0.071551,0.002249,0,107.14,NaN
42.5120,-0.070085,0.001419,0,107.14,NaN
42.5200,-0.073016,-0.001471,0,107.14,NaN
42.5280,-0.075946,-0.005654,0,107.14,NaN
42.5360,-0.078388,-0.026495,0,107.14,NaN
42.5440,-0.082784,-0.033396,0,107.14,NaN
42.5520,-0.087179,-0.038973,0,107.14,NaN
42.5600,-0.091575,-0.041654,0,107.14,NaN
42.5680,-0.088156,-0.040485,0,107.14,NaN
42.5760,-0.077900,-0.035790,0,107.14,NaN
42.5840,-0.068620,-0.029097,0,107.14,NaN
42.5920,-0.058852,-0.022354,0,107.14,NaN
42.6000,-0.053480,-0.017120,0,107.14,NaN
42.6080,-0.048596,-0.014189,0,107.14,NaN
42.6160,-0.045665,-0.013633,0,107.14,NaN
42.6240,-0.044200,-0.014990,0,107.14,NaN
42.6320,-0.044200,-0.017425,0,107.14,NaN
42.6400,-0.046642,0.014101,0,107.14,NaN
42.6480,-0.049573,0.010553,0,107.14,NaN
42.6560,-0.051526,0.007489,0,107.14,NaN
42.6640,-0.049573,0.005399,0,107.14,NaN
42.6720,-0.049573,0.004411,0,107.14,NaN
42.6800,-0.048107,0.004490,0,107.14,NaN
42.6880,-0.047619,0.005528,0,107.14,NaN
42.6960,-0.043712,0.007206,0,107.14,NaN
42.7040,-0.039316,0.008887,0,107.14,NaN
42.7120,-0.037363,0.009788,0,107.14,NaN
42.7200,-0.035897,0.009320,0,107.14,NaN
42.7280,-0.035409,0.007366,0,107.14,NaN
42.7360,-0.038828,0.004418,0,107.14,NaN
42.7440,-0.049084,-0.014324,0,107.14,NaN
42.7520,-0.055922,-0.020712,0,107.14,NaN
42.7600,-0.056899,-0.023779,0,107.14,NaN
42.7680,-0.054457,-0.022658,0,107.14,NaN
42.7760,-0.043223,-0.018116,0,107.14,NaN
42.7840,-0.034432,-0.012067,0,107.14,NaN
42.7920,-0.028083,-0.006554,0,107.14,NaN
42.8000,-0.024176,-0.002920,0,107.14,NaN
42.8080,-0.022711,-0.001629,0,107.14,NaN
42.8160,-0.020269,-0.002481,0,107.14,NaN
42.8240,-0.023199,-0.004872,0,107.14,NaN
42.8320,-0.024664,-0.008054,0,107.14,NaN
42.8400,-0.023687,-0.011481,0,107.14,NaN
42.8480,-0.021734,0.011399,0,107.14,NaN
42.8560,-0.014896,0.014103,0,107.14,NaN
42.8640,-0.008059,0.016978,0,107.14,NaN
42.8720,-0.007082,0.019073,0,107.14,NaN
42.8800,-0.007082,0.019988,0,107.14,NaN
42.8880,-0.004640,0.019740,0,107.14,NaN
42.8960,-0.005128,0.018437,0,107.14,NaN
42.9040,-0.004640,0.016233,0,107.14,NaN
42.9120,-0.007082,0.013496,0,107.14,NaN
42.9200,-0.010501,0.010895,0,107.14,NaN
42.9280,-0.011966,0.009174,0,107.14,NaN
42.9360,-0.012454,0.008709,0,107.14,NaN
42.9440,-0.008547,0.009164,0,107.14,NaN
42.9520,-0.005617,0.004148,0,107.14,NaN
42.9600,-0.002686,0.007192,0,107.14,NaN
42.9680,0.004640,0.009374,0,107.14,NaN
42.9760,0.005617,0.009520,0,107.14,NaN
42.9840,0.006593,0.007173,0,107.14,NaN
42.9920,-0.000733,0.003053,0,107.14,NaN
43.0000,-0.007082,-0.001186,0,107.14,NaN
43.0080,-0.006593,-0.003909,0,107.14,NaN
43.0160,-0.005128,-0.004357,0,107.14,NaN
43.0240,-0.001709,-0.002804,0,107.14,NaN
43.0320,0.004640,-0.000131,0,107.14,NaN
43.0400,0.007570,0.002780,0,107.14,NaN
43.0480,0.009524,0.005556,0,107.14,NaN
43.0560,0.010501,0.075195,0,107.14,NaN
43.0640,0.008059,0.073132,0,107.14,NaN
43.0720,-0.000244,0.068622,0,107.14,NaN
43.0800,-0.008547,0.062972,0,107.14,NaN
43.0880,-0.014896,0.057552,0,107.14,NaN
43.0960,-0.019780,0.053182,0,107.14,NaN
43.1040,-0.022711,0.049968,0,107.14,NaN
43.1120,-0.027595,0.047564,0,107.14,NaN
43.1200,-0.032479,0.045477,0,107.14,NaN
43.1280,-0.035409,0.043169,0,107.14,NaN
43.1360,-0.038828,0.040113,0,107.14,NaN
43.1440,-0.044689,0.036052,0,107.14,NaN
43.1520,-0.052991,0.031282,0,107.14,NaN
43.1600,-0.058852,0.020255,0,107.14,NaN
43.1680,-0.059829,0.018035,0,107.14,NaN
43.1760,-0.062271,0.016094,0,107.14,NaN
43.1840,-0.067155,0.013917,0,107.14,NaN
43.1920,-0.073016,0.011446,0,107.14,NaN
43.2000,-0.080342,0.009110,0,107.14,NaN
43.2080,-0.084249,0.007404,0,107.14,NaN
43.2160,-0.085714,0.006452,0,107.14,NaN
43.2240,-0.088156,0.006012,0,107.14,NaN
43.2320,-0.092552,0.005817,0,107.14,NaN
43.2400,-0.095971,0.005780,0,107.14,NaN
43.2480,-0.097924,0.005888,0,107.14,NaN
43.2560,-0.101343,0.006101,0,107.14,NaN
43.2640,-0.100366,-0.024272,0,107.14,NaN
43.2720,-0.101343,-0.022180,0,107.14,NaN
43.2800,-0.100366,-0.019818,0,107.14,NaN
43.2880,-0.101343,-0.017863,0,107.14,NaN
43.2960,-0.101343,-0.016972,0,107.14,NaN
43.3040,-0.101343,-0.017522,0,107.14,NaN
43.3120,-0.108669,-0.019245,0,107.14,NaN
43.3200,-0.115507,-0.021173,0,107.14,NaN
43.3280,-0.116972,-0.022193,0,107.14,NaN
43.3360,-0.117949,-0.021630,0,107.14,NaN
43.3440,-0.119902,-0.019312,0,107.14,NaN
43.3520,-0.120391,-0.015428,0,107.14,NaN
43.3600,-0.117460,-0.010576,0,107.14,NaN
43.3680,-0.114042,-0.039772,0,107.14,NaN
43.3760,-0.109158,-0.036536,0,107.14,NaN
43.3840,-0.110134,-0.034956,0,107.14,NaN
43.3920,-0.114042,-0.035034,0,107.14,NaN
43.4000,-0.116972,-0.036063,0,107.14,NaN
43.4080,-0.116972,-0.037183,0,107.14,NaN
43.4160,-0.118437,-0.037713,0,107.14,NaN
43.4240,-0.120391,-0.037134,0,107.14,NaN
43.4320,-0.118437,-0.035114,0,107.14,NaN
43.4400,-0.116484,-0.031635,0,107.14,NaN
43.4480,-0.111600,-0.027009,0,107.14,NaN
43.4560,-0.107692,-0.021700,0,107.14,NaN
43.4640,-0.103785,-0.016120,0,107.14,NaN
43.4720,-0.105739,-0.007721,0,107.14,NaN
43.4800,-0.107204,-0.008278,0,107.14,NaN
43.4880,-0.108669,-0.009649,0,107.14,NaN
43.4960,-0.111600,-0.010903,0,107.14,NaN
43.5040,-0.112576,-0.011246,0,107.14,NaN
43.5120,-0.111600,-0.010348,0,107.14,NaN
43.5200,-0.108669,-0.008529,0,107.14,NaN
43.5280,-0.104274,-0.006590,0,107.14,NaN
43.5360,-0.103297,-0.005286,0,107.14,NaN
43.5440,-0.104762,-0.004819,0,107.14,NaN
43.5520,-0.106227,-0.004804,0,107.14,NaN
43.5600,-0.106227,-0.004731,0,107.14,NaN
43.5680,-0.103785,-0.004438,0,107.14,NaN
43.5760,-0.100855,0.009600,0,107.14,NaN
43.5840,-0.097924,0.012417,0,107.14,NaN
43.5920,-0.096947,0.014929,0,107.14,NaN
43.6000,-0.094505,0.016587,0,107.14,NaN
43.6080,-0.093529,0.016972,0,107.14,NaN
43.6160,-0.094994,0.015956,0,107.14,NaN
43.6240,-0.096947,0.013846,0,107.14,NaN
43.6320,-0.100855,0.011307,0,107.14,NaN
43.6400,-0.102320,0.009063,0,107.14,NaN
43.6480,-0.102320,0.007580,0,107.14,NaN
43.6560,-0.102808,0.006974,0,107.14,NaN
43.6640,-0.102320,0.007100,0,107.14,NaN
43.6720,-0.101343,0.007640,0,107.14,NaN
43.6800,-0.101343,0.006858,0,107.14,NaN
43.6880,-0.101343,0.007345,0,107.14,NaN
43.6960,-0.099878,0.007689,0,107.14,NaN
43.7040,-0.099389,0.007820,0,107.14,NaN
43.7120,-0.100366,0.007789,0,107.14,NaN
43.7200,-0.100855,0.007740,0,107.14,NaN
43.7280,-0.098901,0.007731,0,107.14,NaN
43.7360,-0.099878,0.007644,0,107.14,NaN
43.7440,-0.096947,0.007277,0,107.14,NaN
43.7520,-0.099878,0.006554,0,107.14,NaN
43.7600,-0.101343,0.005625,0,107.14,NaN
43.7680,-0.101343,0.004701,0,107.14,NaN
43.7760,-0.101832,0.003846,0,107.14,NaN
43.7840,-0.105739,0.001641,0,107.14,NaN
43.7920,-0.109646,-0.001455,0,107.14,NaN
43.8000,-0.113553,-0.003971,0,107.14,NaN
43.8080,-0.112088,-0.005415,0,107.14,NaN
43.8160,-0.111600,-0.005686,0,107.14,NaN
43.8240,-0.112088,-0.004872,0,107.14,NaN
43.8320,-0.111600,-0.003102,0,107.14,NaN
43.8400,-0.109646,-0.000698,0,107.14,NaN
43.8480,-0.105739,0.001624,0,107.14,NaN
43.8560,-0.101832,0.002905,0,107.14,NaN
43.8640,-0.102808,0.002505,0,107.14,NaN
43.8720,-0.109158,0.000554,0,107.14,NaN
43.8800,-0.109646,-0.002233,0,107.14,NaN
43.8880,-0.106716,-0.006437,0,107.14,NaN
43.8960,-0.105739,-0.006616,0,107.14,NaN
43.9040,-0.106716,-0.006635,0,107.14,NaN
43.9120,-0.108669,-0.006480,0,107.14,NaN
43.9200,-0.107692,-0.006041,0,107.14,NaN
43.9280,-0.106227,-0.005414,0,107.14,NaN
43.9360,-0.103785,-0.004908,0,107.14,NaN
43.9440,-0.104762,-0.004742,0,107.14,NaN
43.9520,-0.105250,-0.004807,0,107.14,NaN
43.9600,-0.106716,-0.004758,0,107.14,NaN
43.9680,-0.105250,-0.004355,0,107.14,NaN
43.9760,-0.101832,-0.003660,0,107.14,NaN
43.9840,-0.102808,-0.002867,0,107.14,NaN
43.9920,-0.101832,0.003791,0,107.14,NaN
44.0000,-0.101343,0.004786,0,107.14,NaN
44.0080,-0.099878,0.005454,0,107.14,NaN
44.0160,-0.098901,0.005562,0,107.14,NaN
44.0240,-0.101343,0.005001,0,107.14,NaN
44.0320,-0.101832,0.003845,0,107.14,NaN
44.0400,-0.102808,0.002264,0,107.14,NaN
44.0480,-0.104274,0.000498,0,107.14,NaN
44.0560,-0.106227,-0.001064,0,107.14,NaN
44.0640,-0.108181,-0.001879,0,107.14,NaN
44.0720,-0.109158,-0.001472,0,107.14,NaN
44.0800,-0.106227,0.000237,0,107.14,NaN
44.0880,-0.103297,0.002782,0,107.14,NaN
44.0960,-0.101343,0.002629,0,107.14,NaN
44.1040,-0.095971,0.004247,0,107.14,NaN
44.1120,-0.098413,0.004862,0,107.14,NaN
44.1200,-0.100366,0.004830,0,107.14,NaN
44.1280,-0.099878,0.004813,0,107.14,NaN
44.1360,-0.097924,0.005252,0,107.14,NaN
44.1440,-0.097924,0.006196,0,107.14,NaN
44.1520,-0.095971,0.007383,0,107.14,NaN
44.1600,-0.094505,0.008338,0,107.14,NaN
44.1680,-0.094017,0.008521,0,107.14,NaN
44.1760,-0.094017,0.007549,0,107.14,NaN
44.1840,-0.095971,0.005401,0,107.14,NaN
44.1920,-0.099389,0.002503,0,107.14,NaN
44.2000,-0.101343,-0.010581,0,107.14,NaN
44.2080,-0.099878,-0.010342,0,107.14,NaN
44.2160,-0.094017,-0.008793,0,107.14,NaN
44.2240,-0.092552,-0.006531,0,107.14,NaN
44.2320,-0.092063,-0.004147,0,107.14,NaN
44.2400,-0.086691,-0.002114,0,107.14,NaN
44.2480,-0.085714,-0.000843,0,107.14,NaN
44.2560,-0.084249,-0.000536,0,107.14,NaN
44.2640,-0.085226,-0.001040,0,107.14,NaN
44.2720,-0.086203,-0.001936,0,107.14,NaN
44.2800,-0.085714,-0.002796,0,107.14,NaN
44.2880,-0.085714,-0.003406,0,107.14,NaN
44.2960,-0.084737,-0.003811,0,107.14,NaN
44.3040,-0.085714,0.004791,0,107.14,NaN
44.3120,-0.085714,0.003899,0,107.14,NaN
44.3200,-0.086691,0.002445,0,107.14,NaN
44.3280,-0.085714,0.000385,0,107.14,NaN
44.3360,-0.090110,-0.001977,0,107.14,NaN
44.3440,-0.093040,-0.003925,0,107.14,NaN
44.3520,-0.094017,-0.004693,0,107.14,NaN
44.3600,-0.093040,-0.004015,0,107.14,NaN
44.3680,-0.086691,-0.002364,0,107.14,NaN
44.3760,-0.084249,-0.000612,0,107.14,NaN
44.3840,-0.084737,0.000621,0,107.14,NaN
44.3920,-0.084249,0.001261,0,107.14,NaN
44.4000,-0.083272,0.001566,0,107.14,NaN
44.4080,-0.083272,0.005750,0,107.14,NaN
44.4160,-0.085714,0.004635,0,107.14,NaN
44.4240,-0.086691,0.003160,0,107.14,NaN
44.4320,-0.088645,0.001578,0,107.14,NaN
44.4400,-0.090598,0.000175,0,107.14,NaN
44.4480,-0.092552,-0.000782,0,107.14,NaN
44.4560,-0.092063,-0.001151,0,107.14,NaN
44.4640,-0.091087,-0.000972,0,107.14,NaN
44.4720,-0.092063,-0.000420,0,107.14,NaN
44.4800,-0.088645,0.000264,0,107.14,NaN
44.4880,-0.088645,0.000846,0,107.14,NaN
44.4960,-0.088645,0.001226,0,107.14,NaN
44.5040,-0.088156,0.001464,0,107.14,NaN
44.5120,-0.088645,0.001997,0,107.14,NaN
44.5200,-0.088645,0.001712,0,107.14,NaN
44.5280,-0.090110,0.001670,0,107.14,NaN
44.5360,-0.090598,0.002038,0,107.14,NaN
44.5440,-0.087179,0.002693,0,107.14,NaN
44.5520,-0.087179,0.003257,0,107.14,NaN
44.5600,-0.087668,0.003377,0,107.14,NaN
44.5680,-0.088156,0.002913,0,107.14,NaN
44.5760,-0.088645,0.001963,0,107.14,NaN
44.5840,-0.091087,0.000863,0,107.14,NaN
44.5920,-0.094017,0.000102,0,107.14,NaN
44.6000,-0.094017,0.000017,0,107.14,NaN
44.6080,-0.092063,0.000480,0,107.14,NaN
44.6160,-0.090110,-0.002685,0,107.14,NaN
44.6240,-0.090110,-0.000768,0,107.14,NaN
44.6320,-0.086691,0.001105,0,107.14,NaN
44.6400,-0.086203,0.002556,0,107.14,NaN
44.6480,-0.085714,0.003314,0,107.14,NaN
44.6560,-0.084249,0.003274,0,107.14,NaN
44.6640,-0.085714,0.002545,0,107.14,NaN
44.6720,-0.088156,0.001477,0,107.14,NaN
44.6800,-0.088645,0.000511,0,107.14,NaN
44.6880,-0.089133,-0.000068,0,107.14,NaN
44.6960,-0.088156,-0.000200,0,107.14,NaN
44.7040,-0.090110,0.000052,0,107.14,NaN
44.7120,-0.088645,0.000542,0,107.14,NaN
44.7200,-0.088156,-0.007500,0,107.14,NaN
44.7280,-0.086691,-0.007807,0,107.14,NaN
44.7360,-0.088156,-0.008734,0,107.14,NaN
44.7440,-0.089133,-0.010140,0,107.14,NaN
44.7520,-0.092063,-0.011592,0,107.14,NaN
44.7600,-0.091087,-0.012623,0,107.14,NaN
44.7680,-0.091087,-0.012948,0,107.14,NaN
44.7760,-0.090598,-0.012485,0,107.14,NaN
44.7840,-0.089133,-0.011301,0,107.14,NaN
44.7920,-0.086203,-0.009596,0,107.14,NaN
44.8000,-0.085714,-0.007639,0,107.14,NaN
44.8080,-0.080830,-0.005675,0,107.14,NaN
44.8160,-0.080830,-0.003804,0,107.14,NaN
44.8240,-0.083272,-0.016651,0,107.14,NaN
44.8320,-0.084249,-0.017970,0,107.14,NaN
44.8400,-0.083272,-0.019190,0,107.14,NaN
44.8480,-0.082295,-0.020121,0,107.14,NaN
44.8560,-0.080830,-0.020690,0,107.14,NaN
44.8640,-0.082784,-0.020678,0,107.14,NaN
44.8720,-0.082295,-0.019759,0,107.14,NaN
44.8800,-0.077900,-0.017891,0,107.14,NaN
44.8880,-0.073016,-0.015528,0,107.14,NaN
44.8960,-0.068620,-0.013317,0,107.14,NaN
44.9040,-0.068132,-0.011573,0,107.14,NaN
44.9120,-0.068620,-0.010138,0,107.14,NaN
44.9200,-0.063736,-0.008759,0,107.14,NaN
44.9280,-0.057387,-0.033076,0,107.14,NaN
44.9360,-0.052503,-0.028998,0,107.14,NaN
44.9440,-0.046154,-0.023862,0,107.14,NaN
44.9520,-0.038828,-0.017948,0,107.14,NaN
44.9600,-0.030037,-0.011703,0,107.14,NaN
44.9680,-0.023199,-0.005698,0,107.14,NaN
44.9760,-0.016850,-0.000535,0,107.14,NaN
44.9840,-0.009035,0.003171,0,107.14,NaN
44.9920,-0.006105,0.004867,0,107.14,NaN
45.0000,-0.004151,0.004215,0,107.14,NaN
45.0080,-0.002198,0.001174,0,107.14,NaN
45.0160,-0.005128,-0.003911,0,107.14,NaN
45.0240,-0.008547,-0.010213,0,107.14,NaN
45.0320,-0.010989,0.110839,0,107.14,NaN
45.0400,-0.008059,0.111903,0,107.14,NaN
45.0480,-0.008059,0.111991,0,107.14,NaN
45.0560,-0.010989,0.109929,0,107.14,NaN
45.0640,-0.018803,0.105133,0,107.14,NaN
45.0720,-0.026618,0.097919,0,107.14,NaN
45.0800,-0.038828,0.089368,0,107.14,NaN
45.0880,-0.051038,0.080891,0,107.14,NaN
45.0960,-0.057875,0.073547,0,107.14,NaN
45.1040,-0.063736,0.067576,0,107.14,NaN
45.1120,-0.069597,0.062514,0,107.14,NaN
45.1200,-0.074481,0.057723,0,107.14,NaN
45.1280,-0.083761,0.052895,0,107.14,NaN
45.1360,-0.092552,-0.014152,0,107.14,NaN
45.1440,-0.101343,-0.021054,0,107.14,NaN
45.1520,-0.107692,-0.025042,0,107.14,NaN
45.1600,-0.107692,-0.025245,0,107.14,NaN
45.1680,-0.101832,-0.021934,0,107.14,NaN
45.1760,-0.095971,-0.016331,0,107.14,NaN
45.1840,-0.093040,-0.009949,0,107.14,NaN
45.1920,-0.089133,-0.004155,0,107.14,NaN
45.2000,-0.084737,-0.000196,0,107.14,NaN
45.2080,-0.082784,0.000848,0,107.14,NaN
45.2160,-0.085714,-0.001556,0,107.14,NaN
45.2240,-0.093529,-0.007007,0,107.14,NaN
45.2320,-0.101343,-0.014205,0,107.14,NaN
45.2400,-0.109158,-0.047333,0,107.14,NaN
45.2480,-0.113553,-0.053357,0,107.14,NaN
45.2560,-0.116484,-0.057453,0,107.14,NaN
45.2640,-0.118437,-0.059764,0,107.14,NaN
45.2720,-0.118437,-0.060775,0,107.14,NaN
45.2800,-0.118926,-0.060908,0,107.14,NaN
45.2880,-0.120879,-0.060190,0,107.14,NaN
45.2960,-0.122833,-0.058228,0,107.14,NaN
45.3040,-0.119414,-0.054591,0,107.14,NaN
45.3120,-0.116972,-0.049222,0,107.14,NaN
45.3200,-0.110134,-0.042544,0,107.14,NaN
45.3280,-0.103785,-0.035212,0,107.14,NaN
45.3360,-0.100855,-0.027715,0,107.14,NaN
45.3440,-0.098901,-0.018819,0,107.14,NaN
45.3520,-0.099878,-0.016576,0,107.14,NaN
45.3600,-0.097436,-0.016000,0,107.14,NaN
45.3680,-0.100855,-0.016782,0,107.14,NaN
45.3760,-0.102808,-0.018282,0,107.14,NaN
45.3840,-0.107692,-0.019581,0,107.14,NaN
45.3920,-0.108181,-0.019847,0,107.14,NaN
45.4000,-0.106716,-0.018774,0,107.14,NaN
45.4080,-0.102808,-0.016679,0,107.14,NaN
45.4160,-0.101343,-0.014167,0,107.14,NaN
45.4240,-0.099878,-0.011697,0,107.14,NaN
45.4320,-0.097924,-0.009434,0,107.14,NaN
45.4400,-0.095971,-0.007332,0,107.14,NaN
45.4480,-0.100366,-0.236542,0,107.14,NaN
45.4560,-0.109646,-0.258521,0,107.14,NaN
45.4640,-0.124786,-0.285378,0,107.14,NaN
45.4720,-0.140904,-0.314906,0,107.14,NaN
45.4800,-0.158486,-0.343666,0,107.14,NaN
45.4880,-0.168742,-0.367470,0,107.14,NaN
45.4960,-0.172161,-0.381921,0,107.14,NaN
45.5040,-0.163370,-0.382891,0,107.14,NaN
45.5120,-0.140415,-0.366976,0,107.14,NaN
45.5200,-0.100855,-0.332046,0,107.14,NaN
45.5280,-0.048107,-0.277996,0,107.14,NaN
45.5360,0.023687,-0.207767,0,107.14,NaN
45.5440,0.115995,-0.128098,0,107.14,NaN
45.5520,0.232723,0.363120,0,107.14,NaN
45.5600,0.367521,0.494651,0,107.14,NaN
45.5680,0.499878,0.634599,0,107.14,NaN
45.5760,0.633211,0.772005,0,107.14,NaN
45.5840,0.765568,0.891217,0,107.14,NaN
45.5920,0.882295,0.973010,0,107.14,NaN
45.6000,0.930159,1.000000,1,107.14,NaN
45.6080,0.867643,0.964699,1,107.14,NaN
45.6160,0.722589,0.873958,0,107.14,NaN
45.6240,0.557509,0.745339,0,107.14,NaN
45.6320,0.390965,0.598220,0,107.14,NaN
45.6400,0.230281,0.446216,0,107.14,NaN
45.6480,0.086203,0.294641,0,107.14,NaN
45.6560,-0.049573,-0.067601,0,107.14,NaN
45.6640,-0.152625,-0.179700,0,107.14,NaN
45.6720,-0.216117,-0.249797,0,107.14,NaN
45.6800,-0.237118,-0.278186,0,107.14,NaN
45.6880,-0.223932,-0.270967,0,107.14,NaN
45.6960,-0.187790,-0.238878,0,107.14,NaN
45.7040,-0.145299,-0.194852,0,107.14,NaN
45.7120,-0.101343,-0.151276,0,107.14,NaN
45.7200,-0.070085,-0.117702,0,107.14,NaN
45.7280,-0.055433,-0.099351,0,107.14,NaN
45.7360,-0.054457,-0.096779,0,107.14,NaN
45.7440,-0.063736,-0.106662,0,107.14,NaN
45.7520,-0.076923,-0.123178,0,107.14,NaN
45.7600,-0.089133,-0.027580,0,107.14,NaN
45.7680,-0.101343,-0.040649,0,107.14,NaN
45.7760,-0.111600,-0.051186,0,107.14,NaN
45.7840,-0.118437,-0.058160,0,107.14,NaN
45.7920,-0.118926,-0.061498,0,107.14,NaN
45.8000,-0.118437,-0.061796,0,107.14,NaN
45.8080,-0.117949,-0.059874,0,107.14,NaN
45.8160,-0.114042,-0.056477,0,107.14,NaN
45.8240,-0.111600,-0.052187,0,107.14,NaN
45.8320,-0.110134,-0.047381,0,107.14,NaN
45.8400,-0.109646,-0.042249,0,107.14,NaN
45.8480,-0.110623,-0.036887,0,107.14,NaN
45.8560,-0.115507,-0.031360,0,107.14,NaN
45.8640,-0.116972,-0.231905,0,107.14,NaN
45.8720,-0.119414,-0.227862,0,107.14,NaN
45.8800,-0.122833,-0.219430,0,107.14,NaN
45.8880,-0.124298,-0.206274,0,107.14,NaN
45.8960,-0.124786,-0.188884,0,107.14,NaN
45.9040,-0.121368,-0.168818,0,107.14,NaN
45.9120,-0.117949,-0.148473,0,107.14,NaN
45.9200,-0.115995,-0.130379,0,107.14,NaN
45.9280,-0.114530,-0.116464,0,107.14,NaN
45.9360,-0.114530,-0.107631,0,107.14,NaN
45.9440,-0.116972,-0.103679,0,107.14,NaN
45.9520,-0.117460,-0.103489,0,107.14,NaN
45.9600,-0.116972,-0.105363,0,107.14,NaN
45.9680,-0.114530,-0.007787,0,107.14,NaN
45.9760,-0.114530,-0.009362,0,107.14,NaN
45.9840,-0.115507,-0.011173,0,107.14,NaN
45.9920,-0.111600,-0.012676,0,107.14,NaN
46.0000,-0.109158,-0.013719,0,107.14,NaN
46.0080,-0.107692,-0.014363,0,107.14,NaN
46.0160,-0.108669,-0.014537,0,107.14,NaN
46.0240,-0.110623,-0.013972,0,107.14,NaN
46.0320,-0.108669,-0.012512,0,107.14,NaN
46.0400,-0.105739,-0.010401,0,107.14,NaN
46.0480,-0.103785,-0.008157,0,107.14,NaN
46.0560,-0.102320,-0.006176,0,107.14,NaN
46.0640,-0.101832,-0.004488,0,107.14,NaN
46.0720,-0.101832,-0.002845,0,107.14,NaN
46.0800,-0.101343,-0.003211,0,107.14,NaN
46.0880,-0.101343,-0.003766,0,107.14,NaN
46.0960,-0.101343,-0.004169,0,107.14,NaN
46.1040,-0.100855,-0.004179,0,107.14,NaN
46.1120,-0.098901,-0.003766,0,107.14,NaN
46.1200,-0.096947,-0.003125,0,107.14,NaN
46.1280,-0.095482,-0.002520,0,107.14,NaN
46.1360,-0.094505,-0.002102,0,107.14,NaN
46.1440,-0.094994,-0.001826,0,107.14,NaN
46.1520,-0.093040,-0.001568,0,107.14,NaN
46.1600,-0.092063,-0.001255,0,107.14,NaN
46.1680,-0.090598,-0.000905,0,107.14,NaN
46.1760,-0.090110,-0.001723,0,107.14,NaN
46.1840,-0.089133,-0.001450,0,107.14,NaN
46.1920,-0.087179,-0.000870,0,107.14,NaN
46.2000,-0.085714,0.000052,0,107.14,NaN
46.2080,-0.082295,0.001211,0,107.14,NaN
46.2160,-0.080342,0.002408,0,107.14,NaN
46.2240,-0.078388,0.003469,0,107.14,NaN
46.2320,-0.077900,0.004276,0,107.14,NaN
46.2400,-0.074481,0.004676,0,107.14,NaN
46.2480,-0.073016,0.004464,0,107.14,NaN
46.2560,-0.073016,0.003563,0,107.14,NaN
46.2640,-0.074481,0.002137,0,107.14,NaN
46.2720,-0.073504,0.000463,0,107.14,NaN
46.2800,-0.074969,0.000001,0,107.14,NaN
46.2880,-0.072039,0.000571,0,107.14,NaN
46.2960,-0.070085,0.002275,0,107.14,NaN
46.3040,-0.066667,0.004636,0,107.14,NaN
46.3120,-0.060317,0.006761,0,107.14,NaN
46.3200,-0.057875,0.007710,0,107.14,NaN
46.3280,-0.057875,0.007036,0,107.14,NaN
46.3360,-0.059829,0.005082,0,107.14,NaN
46.3440,-0.062271,0.002751,0,107.14,NaN
46.3520,-0.062271,0.000992,0,107.14,NaN
46.3600,-0.060806,0.000339,0,107.14,NaN
46.3680,-0.058852,0.000782,0,107.14,NaN
46.3760,-0.055922,0.001877,0,107.14,NaN
46.3840,-0.054457,0.004102,0,107.14,NaN
46.3920,-0.049084,0.005976,0,107.14,NaN
46.4000,-0.046642,0.006977,0,107.14,NaN
46.4080,-0.044689,0.006646,0,107.14,NaN
46.4160,-0.046642,0.005091,0,107.14,NaN
46.4240,-0.048107,0.002989,0,107.14,NaN
46.4320,-0.050061,0.001225,0,107.14,NaN
46.4400,-0.048107,0.000399,0,107.14,NaN
46.4480,-0.045177,0.000554,0,107.14,NaN
46.4560,-0.042247,0.001340,0,107.14,NaN
46.4640,-0.041270,0.002374,0,107.14,NaN
46.4720,-0.038339,0.003446,0,107.14,NaN
46.4800,-0.036386,0.004492,0,107.14,NaN
46.4880,-0.036386,0.009466,0,107.14,NaN
46.4960,-0.037851,0.008423,0,107.14,NaN
46.5040,-0.038339,0.007573,0,107.14,NaN
46.5120,-0.036386,0.007392,0,107.14,NaN
46.5200,-0.035409,0.008005,0,107.14,NaN
46.5280,-0.031502,0.009211,0,107.14,NaN
46.5360,-0.030525,0.010647,0,107.14,NaN
46.5440,-0.029060,0.011913,0,107.14,NaN
46.5520,-0.026129,0.012558,0,107.14,NaN
46.5600,-0.024176,0.012101,0,107.14,NaN
46.5680,-0.025641,0.010293,0,107.14,NaN
46.5760,-0.028571,0.007327,0,107.14,NaN
46.5840,-0.030037,0.003728,0,107.14,NaN
46.5920,-0.028571,0.039547,0,107.14,NaN
46.6000,-0.026129,0.041448,0,107.14,NaN
46.6080,-0.024176,0.043822,0,107.14,NaN
46.6160,-0.023199,0.046023,0,107.14,NaN
46.6240,-0.022711,0.047451,0,107.14,NaN
46.6320,-0.023199,0.047602,0,107.14,NaN
46.6400,-0.023199,0.046133,0,107.14,NaN
46.6480,-0.028571,0.043017,0,107.14,NaN
46.6560,-0.032967,0.038650,0,107.14,NaN
46.6640,-0.038828,0.033706,0,107.14,NaN
46.6720,-0.044689,0.028851,0,107.14,NaN
46.6800,-0.048596,0.024455,0,107.14,NaN
46.6880,-0.052015,0.020460,0,107.14,NaN
46.6960,-0.054457,0.038727,0,107.14,NaN
46.7040,-0.054457,0.039350,0,107.14,NaN
46.7120,-0.054457,0.039890,0,107.14,NaN
46.7200,-0.054457,0.039478,0,107.14,NaN
46.7280,-0.061783,0.037825,0,107.14,NaN
46.7360,-0.068132,0.035339,0,107.14,NaN
46.7440,-0.071551,0.032615,0,107.14,NaN
46.7520,-0.073993,0.029912,0,107.14,NaN
46.7600,-0.078388,0.027203,0,107.14,NaN
46.7680,-0.085226,0.024511,0,107.14,NaN
46.7760,-0.089133,0.022001,0,107.14,NaN
46.7840,-0.094505,0.019804,0,107.14,NaN
46.7920,-0.097924,0.017866,0,107.14,NaN
46.8000,-0.102320,-0.008971,0,107.14,NaN
46.8080,-0.109646,-0.012649,0,107.14,NaN
46.8160,-0.115507,-0.015414,0,107.14,NaN
46.8240,-0.117949,-0.016695,0,107.14,NaN
46.8320,-0.118437,-0.016394,0,107.14,NaN
46.8400,-0.118437,-0.014870,0,107.14,NaN
46.8480,-0.120391,-0.012670,0,107.14,NaN
46.8560,-0.119414,-0.010362,0,107.14,NaN
46.8640,-0.119414,-0.008487,0,107.14,NaN
46.8720,-0.122344,-0.007427,0,107.14,NaN
46.8800,-0.124786,-0.007302,0,107.14,NaN
46.8880,-0.126252,-0.008012,0,107.14,NaN
46.8960,-0.131624,-0.009235,0,107.14,NaN
46.9040,-0.132601,-0.044769,0,107.14,NaN
46.9120,-0.132601,-0.044055,0,107.14,NaN
46.9200,-0.132601,-0.041745,0,107.14,NaN
46.9280,-0.129670,-0.038057,0,107.14,NaN
46.9360,-0.127717,-0.033522,0,107.14,NaN
46.9440,-0.124298,-0.028934,0,107.14,NaN
46.9520,-0.120391,-0.025207,0,107.14,NaN
46.9600,-0.118437,-0.023029,0,107.14,NaN
46.9680,-0.121856,-0.022423,0,107.14,NaN
46.9760,-0.124786,-0.022654,0,107.14,NaN
46.9840,-0.127228,-0.022707,0,107.14,NaN
46.9920,-0.127228,-0.021944,0,107.14,NaN
47.0000,-0.124786,-0.020481,0,107.14,NaN
47.0080,-0.123321,-0.027563,0,107.14,NaN
47.0160,-0.121856,-0.025165,0,107.14,NaN
47.0240,-0.119414,-0.023200,0,107.14,NaN
47.0320,-0.117460,-0.022201,0,107.14,NaN
47.0400,-0.119414,-0.022265,0,107.14,NaN
47.0480,-0.121368,-0.022921,0,107.14,NaN
47.0560,-0.123321,-0.023388,0,107.14,NaN
47.0640,-0.122344,-0.023049,0,107.14,NaN
47.0720,-0.119414,-0.021738,0,107.14,NaN
47.0800,-0.116972,-0.019628,0,107.14,NaN
47.0880,-0.115507,-0.016920,0,107.14,NaN
47.0960,-0.113553,-0.013717,0,107.14,NaN
47.1040,-0.108669,-0.010194,0,107.14,NaN
47.1120,-0.106716,-0.004229,0,107.14,NaN
47.1200,-0.106227,-0.004459,0,107.14,NaN
47.1280,-0.108669,-0.005804,0,107.14,NaN
47.1360,-0.109646,-0.007504,0,107.14,NaN
47.1440,-0.111600,-0.008706,0,107.14,NaN
47.1520,-0.109646,-0.008861,0,107.14,NaN
47.1600,-0.107692,-0.007930,0,107.14,NaN
47.1680,-0.104274,-0.006296,0,107.14,NaN
47.1760,-0.101832,-0.004487,0,107.14,NaN
47.1840,-0.101343,-0.002948,0,107.14,NaN
47.1920,-0.096459,-0.001994,0,107.14,NaN
47.2000,-0.095971,-0.001764,0,107.14,NaN
47.2080,-0.095971,-0.002062,0,107.14,NaN
47.2160,-0.098901,0.008592,0,107.14,NaN
47.2240,-0.101343,0.006606,0,107.14,NaN
47.2320,-0.101343,0.005390,0,107.14,NaN
47.2400,-0.099878,0.005317,0,107.14,NaN
47.2480,-0.098413,0.006284,0,107.14,NaN
47.2560,-0.095971,0.007866,0,107.14,NaN
47.2640,-0.094505,0.009492,0,107.14,NaN
47.2720,-0.091087,0.010585,0,107.14,NaN
47.2800,-0.092063,0.010728,0,107.14,NaN
47.2880,-0.091087,0.009787,0,107.14,NaN
47.2960,-0.093040,0.007908,0,107.14,NaN
47.3040,-0.094994,0.005411,0,107.14,NaN
47.3120,-0.095971,0.002639,0,107.14,NaN
47.3200,-0.096947,0.006067,0,107.14,NaN
47.3280,-0.095971,0.006260,0,107.14,NaN
47.3360,-0.094994,0.007386,0,107.14,NaN
47.3440,-0.091575,0.008941,0,107.14,NaN
47.3520,-0.089133,0.010232,0,107.14,NaN
47.3600,-0.088156,0.010702,0,107.14,NaN
47.3680,-0.088645,0.010222,0,107.14,NaN
47.3760,-0.091087,0.009106,0,107.14,NaN
47.3840,-0.091575,0.007829,0,107.14,NaN
47.3920,-0.091087,0.006680,0,107.14,NaN
47.4000,-0.091087,0.005671,0,107.14,NaN
47.4080,-0.091575,0.004693,0,107.14,NaN
47.4160,-0.092552,0.003691,0,107.14,NaN
47.4240,-0.091087,0.003150,0,107.14,NaN
47.4320,-0.088156,0.002459,0,107.14,NaN
47.4400,-0.091087,0.000795,0,107.14,NaN
47.4480,-0.093529,-0.001715,0,107.14,NaN
47.4560,-0.096459,-0.004448,0,107.14,NaN
47.4640,-0.098413,-0.006634,0,107.14,NaN
47.4720,-0.098901,-0.007701,0,107.14,NaN
47.4800,-0.098413,-0.007469,0,107.14,NaN
47.4880,-0.095482,-0.006169,0,107.14,NaN
47.4960,-0.094017,-0.004297,0,107.14,NaN
47.5040,-0.091087,-0.002352,0,107.14,NaN
47.5120,-0.090110,-0.000633,0,107.14,NaN
47.5200,-0.089133,0.000865,0,107.14,NaN
47.5280,-0.092063,0.001098,0,107.14,NaN
47.5360,-0.094994,-0.001190,0,107.14,NaN
47.5440,-0.096459,-0.003229,0,107.14,NaN
47.5520,-0.098413,-0.004272,0,107.14,NaN
47.5600,-0.096947,-0.003967,0,107.14,NaN
47.5680,-0.094505,-0.002442,0,107.14,NaN
47.5760,-0.093529,-0.000170,0,107.14,NaN
47.5840,-0.091087,0.002192,0,107.14,NaN
47.5920,-0.088156,0.003898,0,107.14,NaN
47.6000,-0.086691,0.004305,0,107.14,NaN
47.6080,-0.089133,0.003198,0,107.14,NaN
47.6160,-0.093040,0.000909,0,107.14,NaN
47.6240,-0.094017,-0.001961,0,107.14,NaN
47.6320,-0.094994,-0.007003,0,107.14,NaN
47.6400,-0.092552,-0.005892,0,107.14,NaN
47.6480,-0.090598,-0.003376,0,107.14,NaN
47.6560,-0.086203,-0.000143,0,107.14,NaN
47.6640,-0.083272,0.002840,0,107.14,NaN
47.6720,-0.080342,0.004628,0,107.14,NaN
47.6800,-0.078877,0.004650,0,107.14,NaN
47.6880,-0.082784,0.003028,0,107.14,NaN
47.6960,-0.085714,0.000573,0,107.14,NaN
47.7040,-0.088156,-0.001629,0,107.14,NaN
47.7120,-0.089133,-0.002755,0,107.14,NaN
47.7200,-0.088156,-0.002581,0,107.14,NaN
47.7280,-0.085714,-0.001542,0,107.14,NaN
47.7360,-0.084737,0.003382,0,107.14,NaN
47.7440,-0.080830,0.005513,0,107.14,NaN
47.7520,-0.078388,0.006579,0,107.14,NaN
47.7600,-0.078388,0.006069,0,107.14,NaN
47.7680,-0.082784,0.004199,0,107.14,NaN
47.7760,-0.085714,0.001788,0,107.14,NaN
47.7840,-0.087179,-0.000279,0,107.14,NaN
47.7920,-0.086691,-0.001514,0,107.14,NaN
47.8000,-0.085714,-0.001869,0,107.14,NaN
47.8080,-0.085714,-0.001462,0,107.14,NaN
47.8160,-0.085714,-0.000346,0,107.14,NaN
47.8240,-0.084737,0.001446,0,107.14,NaN
47.8320,-0.081319,0.003691,0,107.14,NaN
47.8400,-0.079365,0.007770,0,107.14,NaN
47.8480,-0.081319,0.007687,0,107.14,NaN
47.8560,-0.082784,0.007059,0,107.14,NaN
47.8640,-0.084249,0.006430,0,107.14,NaN
47.8720,-0.082784,0.006184,0,107.14,NaN
47.8800,-0.082295,0.006398,0,107.14,NaN
47.8880,-0.082295,0.006965,0,107.14,NaN
47.8960,-0.082784,0.007709,0,107.14,NaN
47.9040,-0.081319,0.008322,0,107.14,NaN
47.9120,-0.079365,0.008345,0,107.14,NaN
47.9200,-0.081319,0.007411,0,107.14,NaN
47.9280,-0.083272,0.005522,0,107.14,NaN
47.9360,-0.085714,0.003059,0,107.14,NaN
47.9440,-0.085226,-0.013767,0,107.14,NaN
47.9520,-0.084249,-0.013343,0,107.14,NaN
47.9600,-0.080830,-0.011926,0,107.14,NaN
47.9680,-0.080342,-0.010019,0,107.14,NaN
47.9760,-0.076923,-0.008286,0,107.14,NaN
47.9840,-0.074969,-0.007421,0,107.14,NaN
47.9920,-0.073504,-0.007898,0,107.14,NaN
48.0000,-0.075458,-0.009612,0,107.14,NaN
48.0080,-0.078877,-0.011718,0,107.14,NaN
48.0160,-0.081319,-0.012959,0,107.14,NaN
48.0240,-0.079365,-0.012313,0,107.14,NaN
48.0320,-0.076923,-0.009554,0,107.14,NaN
48.0400,-0.070085,-0.005410,0,107.14,NaN
48.0480,-0.064713,-0.034500,0,107.14,NaN
48.0560,-0.057875,-0.029565,0,107.14,NaN
48.0640,-0.052991,-0.025001,0,107.14,NaN
48.0720,-0.047131,-0.021354,0,107.14,NaN
48.0800,-0.043223,-0.018909,0,107.14,NaN
48.0880,-0.039805,-0.017654,0,107.14,NaN
48.0960,-0.038339,-0.017274,0,107.14,NaN
48.1040,-0.036386,-0.017247,0,107.14,NaN
48.1120,-0.034432,-0.017043,0,107.14,NaN
48.1200,-0.030525,-0.016311,0,107.14,NaN
48.1280,-0.027595,-0.014922,0,107.14,NaN
48.1360,-0.023687,-0.012942,0,107.14,NaN
48.1440,-0.018803,-0.010619,0,107.14,NaN
48.1520,-0.012943,0.023547,0,107.14,NaN
48.1600,-0.007570,0.028244,0,107.14,NaN
48.1680,-0.003175,0.033622,0,107.14,NaN
48.1760,0.007570,0.039399,0,107.14,NaN
48.1840,0.014896,0.044891,0,107.14,NaN
48.1920,0.022222,0.049193,0,107.14,NaN
48.2000,0.024176,0.051479,0,107.14,NaN
48.2080,0.026618,0.051170,0,107.14,NaN
48.2160,0.023687,0.048024,0,107.14,NaN
48.2240,0.016850,0.042234,0,107.14,NaN
48.2320,0.008059,0.034428,0,107.14,NaN
48.2400,-0.004151,0.025449,0,107.14,NaN
48.2480,-0.010989,0.016012,0,107.14,NaN
48.2560,-0.014408,0.091874,0,107.14,NaN
48.2640,-0.014896,0.091740,0,107.14,NaN
48.2720,-0.014408,0.092916,0,107.14,NaN
48.2800,-0.014896,0.093747,0,107.14,NaN
48.2880,-0.017827,0.092781,0,107.14,NaN
48.2960,-0.024664,0.089184,0,107.14,NaN
48.3040,-0.031502,0.082852,0,107.14,NaN
48.3120,-0.040293,0.074383,0,107.14,NaN
48.3200,-0.054457,0.065049,0,107.14,NaN
48.3280,-0.066667,0.056488,0,107.14,NaN
48.3360,-0.073016,0.049960,0,107.14,NaN
48.3440,-0.079365,0.045726,0,107.14,NaN
48.3520,-0.082295,0.043002,0,107.14,NaN
48.3600,-0.080342,-0.030695,0,107.14,NaN
48.3680,-0.080830,-0.029942,0,107.14,NaN
48.3760,-0.079853,-0.028592,0,107.14,NaN
48.3840,-0.081319,-0.027246,0,107.14,NaN
48.3920,-0.078877,-0.026242,0,107.14,NaN
48.4000,-0.079853,-0.025710,0,107.14,NaN
48.4080,-0.081319,-0.025500,0,107.14,NaN
48.4160,-0.082295,-0.025218,0,107.14,NaN
48.4240,-0.083272,-0.024432,0,107.14,NaN
48.4320,-0.082295,-0.022900,0,107.14,NaN
48.4400,-0.080342,-0.020648,0,107.14,NaN
48.4480,-0.080830,-0.017856,0,107.14,NaN
48.4560,-0.078877,-0.014764,0,107.14,NaN
48.4640,-0.079365,-0.028939,0,107.14,NaN
48.4720,-0.078388,-0.028445,0,107.14,NaN
48.4800,-0.080342,-0.028504,0,107.14,NaN
48.4880,-0.084249,-0.028697,0,107.14,NaN
48.4960,-0.085714,-0.028466,0,107.14,NaN
48.5040,-0.085226,-0.027489,0,107.14,NaN
48.5120,-0.085714,-0.025794,0,107.14,NaN
48.5200,-0.085714,-0.023621,0,107.14,NaN
48.5280,-0.085226,-0.021265,0,107.14,NaN
48.5360,-0.085226,-0.019000,0,107.14,NaN
48.5440,-0.084249,-0.017031,0,107.14,NaN
48.5520,-0.084737,-0.015423,0,107.14,NaN
48.5600,-0.085226,-0.014063,0,107.14,NaN
48.5680,-0.087179,-0.002533,0,107.14,NaN
48.5760,-0.088156,-0.001392,0,107.14,NaN
48.5840,-0.088156,0.000743,0,107.14,NaN
48.5920,-0.087179,0.004177,0,107.14,NaN
48.6000,-0.084737,0.008798,0,107.14,NaN
48.6080,-0.080830,0.013993,0,107.14,NaN
48.6160,-0.076435,0.018742,0,107.14,NaN
48.6240,-0.074481,0.021928,0,107.14,NaN
48.6320,-0.075458,0.022695,0,107.14,NaN
48.6400,-0.077411,0.020627,0,107.14,NaN
48.6480,-0.082784,0.015719,0,107.14,NaN
48.6560,-0.086691,0.008391,0,107.14,NaN
48.6640,-0.097924,-0.000394,0,107.14,NaN
48.6720,-0.108669,-0.504259,0,107.14,NaN
48.6800,-0.124298,-0.542127,0,107.14,NaN
48.6880,-0.139927,-0.579476,0,107.14,NaN
48.6960,-0.150672,-0.612774,0,107.14,NaN
48.7040,-0.153114,-0.638191,0,107.14,NaN
48.7120,-0.143834,-0.652128,0,107.14,NaN
48.7200,-0.123321,-0.651473,0,107.14,NaN
48.7280,-0.084737,-0.633686,0,107.14,NaN
48.7360,-0.031013,-0.596811,0,107.14,NaN
48.7440,0.036386,-0.539596,0,107.14,NaN
48.7520,0.118926,-0.462183,0,107.14,NaN
48.7600,0.225397,-0.367630,0,107.14,NaN
48.7680,0.351404,-0.263105,0,107.14,NaN
48.7760,0.477411,0.658782,0,107.14,NaN
48.7840,0.603419,0.770829,0,107.14,NaN
48.7920,0.728449,0.874211,0,107.14,NaN
48.8000,0.851526,0.955392,0,107.14,NaN
48.8080,0.921856,1.000000,1,107.14,NaN
48.8160,0.898901,0.998580,1,107.14,NaN
48.8240,0.773382,0.951744,0,107.14,NaN
48.8320,0.602930,0.870363,0,107.14,NaN
48.8400,0.429548,0.770608,0,107.14,NaN
48.8480,0.249817,0.667751,0,107.14,NaN
48.8560,0.093529,0.571986,0,107.14,NaN
48.8640,-0.053968,0.486726,0,107.14,NaN
48.8720,-0.168742,0.408888,0,107.14,NaN
48.8800,-0.238584,-0.209714,0,107.14,NaN
48.8880,-0.267888,-0.242641,0,107.14,NaN
48.8960,-0.259096,-0.238774,0,107.14,NaN
48.9040,-0.226374,-0.209067,0,107.14,NaN
48.9120,-0.185836,-0.166573,0,107.14,NaN
48.9200,-0.146764,-0.123660,0,107.14,NaN
48.9280,-0.115507,-0.089837,0,107.14,NaN
48.9360,-0.100855,-0.070437,0,107.14,NaN
48.9440,-0.101343,-0.066181,0,107.14,NaN
48.9520,-0.116972,-0.073826,0,107.14,NaN
48.9600,-0.137973,-0.088053,0,107.14,NaN
48.9680,-0.151648,-0.104120,0,107.14,NaN
48.9760,-0.155067,-0.119841,0,107.14,NaN
48.9840,-0.148230,-0.199028,0,107.14,NaN
48.9920,-0.133089,-0.192642,0,107.14,NaN
49.0000,-0.116972,-0.182259,0,107.14,NaN
49.0080,-0.105739,-0.170826,0,107.14,NaN
49.0160,-0.093529,-0.160265,0,107.14,NaN
49.0240,-0.079853,-0.151477,0,107.14,NaN
49.0320,-0.069597,-0.144553,0,107.14,NaN
49.0400,-0.066178,-0.138757,0,107.14,NaN
49.0480,-0.060317,-0.132750,0,107.14,NaN
49.0560,-0.054457,-0.125197,0,107.14,NaN
49.0640,-0.051038,-0.115312,0,107.14,NaN
49.0720,-0.045665,-0.103132,0,107.14,NaN
49.0800,-0.043223,-0.089539,0,107.14,NaN
49.0880,-0.045665,-0.144737,0,107.14,NaN
49.0960,-0.049573,-0.134352,0,107.14,NaN
49.1040,-0.053968,-0.121974,0,107.14,NaN
49.1120,-0.054945,-0.107676,0,107.14,NaN
49.1200,-0.058852,-0.092115,0,107.14,NaN
49.1280,-0.061294,-0.076353,0,107.14,NaN
49.1360,-0.057875,-0.061752,0,107.14,NaN
49.1440,-0.054945,-0.049907,0,107.14,NaN
49.1520,-0.051526,-0.042296,0,107.14,NaN
49.1600,-0.050061,-0.039783,0,107.14,NaN
49.1680,-0.051038,-0.042295,0,107.14,NaN
49.1760,-0.051038,-0.048802,0,107.14,NaN
49.1840,-0.052015,-0.057553,0,107.14,NaN
49.1920,-0.054457,0.033052,0,107.14,NaN
49.2000,-0.057875,0.025529,0,107.14,NaN
49.2080,-0.062759,0.018575,0,107.14,NaN
49.2160,-0.064713,0.013304,0,107.14,NaN
49.2240,-0.066667,0.010310,0,107.14,NaN
49.2320,-0.063736,0.009501,0,107.14,NaN
49.2400,-0.062759,0.010249,0,107.14,NaN
49.2480,-0.061783,0.011710,0,107.14,NaN
49.2560,-0.057387,0.013054,0,107.14,NaN
49.2640,-0.055922,0.013613,0,107.14,NaN
49.2720,-0.054457,0.013077,0,107.14,NaN
49.2800,-0.054457,0.011569,0,107.14,NaN
49.2880,-0.053968,0.009516,0,107.14,NaN
49.2960,-0.051526,-0.002972,0,107.14,NaN
49.3040,-0.046642,-0.002515,0,107.14,NaN
49.3120,-0.044200,-0.002286,0,107.14,NaN
49.3200,-0.045177,-0.002656,0,107.14,NaN
49.3280,-0.045665,-0.003615,0,107.14,NaN
49.3360,-0.045177,-0.004953,0,107.14,NaN
49.3440,-0.044689,-0.006435,0,107.14,NaN
49.3520,-0.046154,-0.007741,0,107.14,NaN
49.3600,-0.047131,-0.008396,0,107.14,NaN
49.3680,-0.046642,-0.007938,0,107.14,NaN
49.3760,-0.044200,-0.006193,0,107.14,NaN
49.3840,-0.040293,-0.003384,0,107.14,NaN
49.3920,-0.037363,-0.000008,0,107.14,NaN
49.4000,-0.030525,0.011892,0,107.14,NaN
49.4080,-0.027595,0.015931,0,107.14,NaN
49.4160,-0.024176,0.018543,0,107.14,NaN
49.4240,-0.023199,0.019281,0,107.14,NaN
49.4320,-0.023199,0.018108,0,107.14,NaN
49.4400,-0.025641,0.015456,0,107.14,NaN
49.4480,-0.030525,0.012166,0,107.14,NaN
49.4560,-0.032479,0.009157,0,107.14,NaN
49.4640,-0.031990,0.007050,0,107.14,NaN
49.4720,-0.032967,0.006103,0,107.14,NaN
49.4800,-0.033944,0.006374,0,107.14,NaN
49.4880,-0.031013,0.007717,0,107.14,NaN
49.4960,-0.028571,0.009695,0,107.14,NaN
49.5040,-0.024664,0.005540,0,107.14,NaN
49.5120,-0.023199,0.006939,0,107.14,NaN
49.5200,-0.022222,0.007602,0,107.14,NaN
49.5280,-0.021734,0.007658,0,107.14,NaN
49.5360,-0.020757,0.007433,0,107.14,NaN
49.5440,-0.020757,0.007290,0,107.14,NaN
49.5520,-0.019780,0.007491,0,107.14,NaN
49.5600,-0.017827,0.008067,0,107.14,NaN
49.5680,-0.016850,0.008756,0,107.14,NaN
49.5760,-0.013919,0.009066,0,107.14,NaN
49.5840,-0.012943,0.008466,0,107.14,NaN
49.5920,-0.012943,0.006723,0,107.14,NaN
49.6000,-0.016361,0.004165,0,107.14,NaN
49.6080,-0.019780,-0.002180,0,107.14,NaN
49.6160,-0.021734,-0.005025,0,107.14,NaN
49.6240,-0.020269,-0.007070,0,107.14,NaN
49.6320,-0.020269,-0.008226,0,107.14,NaN
49.6400,-0.020269,-0.008469,0,107.14,NaN
49.6480,-0.020757,-0.007725,0,107.14,NaN
49.6560,-0.016361,-0.006072,0,107.14,NaN
49.6640,-0.014408,-0.003937,0,107.14,NaN
49.6720,-0.008059,-0.002023,0,107.14,NaN
49.6800,-0.007570,-0.000954,0,107.14,NaN
49.6880,-0.007570,-0.000937,0,107.14,NaN
49.6960,-0.007570,-0.001751,0,107.14,NaN
49.7040,-0.007570,-0.002991,0,107.14,NaN
49.7120,-0.008059,-0.000049,0,107.14,NaN
49.7200,-0.007570,0.000905,0,107.14,NaN
49.7280,-0.005128,0.003064,0,107.14,NaN
49.7360,-0.000733,0.005917,0,107.14,NaN
49.7440,0.004640,0.008451,0,107.14,NaN
49.7520,0.007082,0.009659,0,107.14,NaN
49.7600,0.005128,0.009116,0,107.14,NaN
49.7680,0.005128,0.007181,0,107.14,NaN
49.7760,-0.000244,0.004747,0,107.14,NaN
49.7840,-0.000244,0.002728,0,107.14,NaN
49.7920,0.003175,0.001590,0,107.14,NaN
49.8000,-0.000244,0.001322,0,107.14,NaN
49.8080,0.003175,0.001595,0,107.14,NaN
49.8160,-0.000244,0.046458,0,107.14,NaN
49.8240,-0.002198,0.046152,0,107.14,NaN
49.8320,-0.005128,0.045562,0,107.14,NaN
49.8400,-0.006105,0.044745,0,107.14,NaN
49.8480,-0.007570,0.043474,0,107.14,NaN
49.8560,-0.009524,0.041398,0,107.14,NaN
49.8640,-0.014408,0.038383,0,107.14,NaN
49.8720,-0.020269,0.034706,0,107.14,NaN
49.8800,-0.025641,0.030942,0,107.14,NaN
49.8880,-0.031502,0.027625,0,107.14,NaN
49.8960,-0.032967,0.024941,0,107.14,NaN
49.9040,-0.035897,0.022713,0,107.14,NaN
49.9120,-0.040293,0.020677,0,107.14,NaN
49.9200,-0.044200,0.025442,0,107.14,NaN
49.9280,-0.047131,0.023787,0,107.14,NaN
49.9360,-0.051526,0.022263,0,107.14,NaN
49.9440,-0.054457,0.020800,0,107.14,NaN
49.9520,-0.054945,0.019215,0,107.14,NaN
49.9600,-0.061783,0.017395,0,107.14,NaN
49.9680,-0.065690,0.015454,0,107.14,NaN
49.9760,-0.069597,0.013588,0,107.14,NaN
49.9840,-0.072527,0.011894,0,107.14,NaN
49.9920,-0.076435,0.010441,0,107.14,NaN
50.0000,-0.081807,0.009394,0,107.14,NaN
50.0080,-0.085714,0.008925,0,107.14,NaN
50.0160,-0.086691,0.008934,0,107.14,NaN
50.0240,-0.091087,-0.022386,0,107.14,NaN
50.0320,-0.093529,-0.023816,0,107.14,NaN
50.0400,-0.094994,-0.025731,0,107.14,NaN
50.0480,-0.099878,-0.028490,0,107.14,NaN
50.0560,-0.103785,-0.032064,0,107.14,NaN
50.0640,-0.112088,-0.035839,0,107.14,NaN
50.0720,-0.116972,-0.038758,0,107.14,NaN
50.0800,-0.121368,-0.039746,0,107.14,NaN
50.0880,-0.121856,-0.038186,0,107.14,NaN
50.0960,-0.117460,-0.034142,0,107.14,NaN
50.1040,-0.115507,-0.028166,0,107.14,NaN
50.1120,-0.112576,-0.020917,0,107.14,NaN
50.1200,-0.107692,-0.013015,0,107.14,NaN
50.1280,-0.104274,-0.030813,0,107.14,NaN
50.1360,-0.099878,-0.025964,0,107.14,NaN
50.1440,-0.098413,-0.022408,0,107.14,NaN
50.1520,-0.097924,-0.020154,0,107.14,NaN
50.1600,-0.099878,-0.018842,0,107.14,NaN
50.1680,-0.100366,-0.017988,0,107.14,NaN
50.1760,-0.099389,-0.017278,0,107.14,NaN
50.1840,-0.099389,-0.016617,0,107.14,NaN
50.1920,-0.100855,-0.015937,0,107.14,NaN
50.2000,-0.101343,-0.015090,0,107.14,NaN
50.2080,-0.100855,-0.013932,0,107.14,NaN
50.2160,-0.101343,-0.012430,0,107.14,NaN
50.2240,-0.099878,-0.010705,0,107.14,NaN
50.2320,-0.100366,-0.012922,0,107.14,NaN
50.2400,-0.101343,-0.012699,0,107.14,NaN
50.2480,-0.101832,-0.012452,0,107.14,NaN
50.2560,-0.101343,-0.011931,0,107.14,NaN
50.2640,-0.100855,-0.010948,0,107.14,NaN
50.2720,-0.100366,-0.009389,0,107.14,NaN
50.2800,-0.098901,-0.007267,0,107.14,NaN
50.2880,-0.096947,-0.004838,0,107.14,NaN
50.2960,-0.093529,-0.002649,0,107.14,NaN
50.3040,-0.091575,-0.001387,0,107.14,NaN
50.3120,-0.091575,-0.001540,0,107.14,NaN
50.3200,-0.093040,-0.003115,0,107.14,NaN
50.3280,-0.095971,-0.005584,0,107.14,NaN
50.3360,-0.095971,0.005437,0,107.14,NaN
50.3440,-0.096459,0.005491,0,107.14,NaN
50.3520,-0.094994,0.006315,0,107.14,NaN
50.3600,-0.093040,0.007490,0,107.14,NaN
50.3680,-0.090598,0.008347,0,107.14,NaN
50.3760,-0.090598,0.008294,0,107.14,NaN
50.3840,-0.090110,0.007104,0,107.14,NaN
50.3920,-0.093040,0.005060,0,107.14,NaN
50.4000,-0.094505,0.002873,0,107.14,NaN
50.4080,-0.097924,0.001372,0,107.14,NaN
50.4160,-0.095482,0.001064,0,107.14,NaN
50.4240,-0.093529,0.001892,0,107.14,NaN
50.4320,-0.092063,0.003363,0,107.14,NaN
50.4400,-0.087179,0.016426,0,107.14,NaN
50.4480,-0.085714,0.019189,0,107.14,NaN
50.4560,-0.083761,0.021085,0,107.14,NaN
50.4640,-0.084249,0.021979,0,107.14,NaN
50.4720,-0.085226,0.022054,0,107.14,NaN
50.4800,-0.085714,0.021591,0,107.14,NaN
50.4880,-0.086203,0.020763,0,107.14,NaN
50.4960,-0.087179,0.019587,0,107.14,NaN
50.5040,-0.088156,0.018018,0,107.14,NaN
50.5120,-0.090110,0.016094,0,107.14,NaN
50.5200,-0.093529,0.014015,0,107.14,NaN
50.5280,-0.095971,0.012030,0,107.14,NaN
50.5360,-0.096459,0.010210,0,107.14,NaN
50.5440,-0.094017,-0.000771,0,107.14,NaN
50.5520,-0.092063,0.001325,0,107.14,NaN
50.5600,-0.088156,0.003748,0,107.14,NaN
50.5680,-0.085226,0.005768,0,107.14,NaN
50.5760,-0.085714,0.006989,0,107.14,NaN
50.5840,-0.085714,0.007464,0,107.14,NaN
50.5920,-0.085714,0.007495,0,107.14,NaN
50.6000,-0.085714,0.007344,0,107.14,NaN
50.6080,-0.085714,0.007088,0,107.14,NaN
50.6160,-0.085714,0.006608,0,107.14,NaN
50.6240,-0.085714,0.005673,0,107.14,NaN
50.6320,-0.085714,0.004128,0,107.14,NaN
50.6400,-0.089133,0.002117,0,107.14,NaN
50.6480,-0.092063,0.009973,0,107.14,NaN
50.6560,-0.094017,0.008347,0,107.14,NaN
50.6640,-0.094994,0.007572,0,107.14,NaN
50.6720,-0.094505,0.007745,0,107.14,NaN
50.6800,-0.094505,0.008625,0,107.14,NaN
50.6880,-0.092552,0.009731,0,107.14,NaN
50.6960,-0.092063,0.010521,0,107.14,NaN
50.7040,-0.092552,0.010609,0,107.14,NaN
50.7120,-0.093529,0.009900,0,107.14,NaN
50.7200,-0.095971,0.008563,0,107.14,NaN
50.7280,-0.097924,0.006873,0,107.14,NaN
50.7360,-0.098901,0.005041,0,107.14,NaN
50.7440,-0.101343,0.003167,0,107.14,NaN
50.7520,-0.100366,-0.004909,0,107.14,NaN
50.7600,-0.097924,-0.002869,0,107.14,NaN
50.7680,-0.093529,-0.000458,0,107.14,NaN
50.7760,-0.092552,0.001501,0,107.14,NaN
50.7840,-0.092552,0.002521,0,107.14,NaN
50.7920,-0.093040,0.002592,0,107.14,NaN
50.8000,-0.094505,0.002026,0,107.14,NaN
50.8080,-0.094994,0.001233,0,107.14,NaN
50.8160,-0.095971,0.000552,0,107.14,NaN
50.8240,-0.096947,0.000151,0,107.14,NaN
50.8320,-0.094505,-0.000001,0,107.14,NaN
50.8400,-0.096459,-0.000031,0,107.14,NaN
50.8480,-0.095971,-0.000030,0,107.14,NaN
50.8560,-0.094505,-0.000534,0,107.14,NaN
50.8640,-0.094017,-0.000652,0,107.14,NaN
50.8720,-0.094505,-0.001341,0,107.14,NaN
50.8800,-0.097924,-0.002409,0,107.14,NaN
50.8880,-0.098413,-0.003398,0,107.14,NaN
50.8960,-0.099389,-0.003861,0,107.14,NaN
50.9040,-0.099878,-0.003590,0,107.14,NaN
50.9120,-0.096947,-0.002686,0,107.14,NaN
50.9200,-0.097924,-0.001472,0,107.14,NaN
50.9280,-0.096459,-0.000360,0,107.14,NaN
50.9360,-0.094017,0.000247,0,107.14,NaN
50.9440,-0.095482,0.000138,0,107.14,NaN
50.9520,-0.096947,-0.000497,0,107.14,NaN
50.9600,-0.099878,-0.009169,0,107.14,NaN
50.9680,-0.100855,-0.010268,0,107.14,NaN
50.9760,-0.099389,-0.010428,0,107.14,NaN
50.9840,-0.098901,-0.009621,0,107.14,NaN
50.9920,-0.096459,-0.008125,0,107.14,NaN
51.0000,-0.094994,-0.006372,0,107.14,NaN
51.0080,-0.092552,-0.004824,0,107.14,NaN
51.0160,-0.092063,-0.003842,0,107.14,NaN
51.0240,-0.090110,-0.003586,0,107.14,NaN
51.0320,-0.091575,-0.003923,0,107.14,NaN
51.0400,-0.093040,-0.004472,0,107.14,NaN
51.0480,-0.092552,-0.004864,0,107.14,NaN
51.0560,-0.091087,-0.005031,0,107.14,NaN
51.0640,-0.090598,0.007043,0,107.14,NaN
51.0720,-0.087668,0.008116,0,107.14,NaN
51.0800,-0.087179,0.008539,0,107.14,NaN
51.0880,-0.088156,0.008045,0,107.14,NaN
51.0960,-0.090598,0.006799,0,107.14,NaN
51.1040,-0.092552,0.005279,0,107.14,NaN
51.1120,-0.094017,0.003964,0,107.14,NaN
51.1200,-0.093529,0.003109,0,107.14,NaN
51.1280,-0.094017,0.002737,0,107.14,NaN
51.1360,-0.094505,0.002773,0,107.14,NaN
51.1440,-0.093529,0.003126,0,107.14,NaN
51.1520,-0.094017,0.003705,0,107.14,NaN
51.1600,-0.093040,0.004411,0,107.14,NaN
51.1680,-0.092063,-0.044518,0,107.14,NaN
51.1760,-0.088645,-0.046239,0,107.14,NaN
51.1840,-0.089133,-0.048677,0,107.14,NaN
51.1920,-0.092063,-0.051368,0,107.14,NaN
51.2000,-0.093529,-0.053266,0,107.14,NaN
51.2080,-0.091087,-0.053309,0,107.14,NaN
51.2160,-0.086203,-0.050964,0,107.14,NaN
51.2240,-0.080830,-0.046403,0,107.14,NaN
51.2320,-0.071062,-0.040413,0,107.14,NaN
51.2400,-0.063248,-0.034152,0,107.14,NaN
51.2480,-0.054457,-0.028723,0,107.14,NaN
51.2560,-0.048107,-0.024690,0,107.14,NaN
51.2640,-0.046154,-0.021735,0,107.14,NaN
51.2720,-0.046154,-0.057453,0,107.14,NaN
51.2800,-0.045665,-0.060660,0,107.14,NaN
51.2880,-0.043223,-0.063989,0,107.14,NaN
51.2960,-0.039316,-0.066781,0,107.14,NaN
51.3040,-0.038339,-0.068371,0,107.14,NaN
51.3120,-0.035409,-0.067883,0,107.14,NaN
51.3200,-0.030037,-0.064495,0,107.14,NaN
51.3280,-0.020269,-0.058027,0,107.14,NaN
51.3360,-0.006593,-0.049409,0,107.14,NaN
51.3440,0.010501,-0.040584,0,107.14,NaN
51.3520,0.023687,-0.033675,0,107.14,NaN
51.3600,0.031502,-0.029753,0,107.14,NaN
51.3680,0.032479,-0.028072,0,107.14,NaN
51.3760,0.030037,0.121134,0,107.14,NaN
51.3840,0.022222,0.115429,0,107.14,NaN
51.3920,0.014408,0.107027,0,107.14,NaN
51.4000,0.004640,0.097784,0,107.14,NaN
51.4080,-0.006105,0.089363,0,107.14,NaN
51.4160,-0.010501,0.082848,0,107.14,NaN
51.4240,-0.015385,0.078483,0,107.14,NaN
51.4320,-0.018315,0.075720,0,107.14,NaN
51.4400,-0.019780,0.073478,0,107.14,NaN
51.4480,-0.022711,0.070468,0,107.14,NaN
51.4560,-0.025641,0.065641,0,107.14,NaN
51.4640,-0.033455,0.058684,0,107.14,NaN
51.4720,-0.044200,0.050309,0,107.14,NaN
51.4800,-0.055922,0.034777,0,107.14,NaN
51.4880,-0.067643,0.023428,0,107.14,NaN
51.4960,-0.077411,0.012860,0,107.14,NaN
51.5040,-0.085714,0.003950,0,107.14,NaN
51.5120,-0.093529,-0.002720,0,107.14,NaN
51.5200,-0.098413,-0.006850,0,107.14,NaN
51.5280,-0.100366,-0.008489,0,107.14,NaN
51.5360,-0.101343,-0.008031,0,107.14,NaN
51.5440,-0.101343,-0.006089,0,107.14,NaN
51.5520,-0.100855,-0.003362,0,107.14,NaN
51.5600,-0.098901,-0.000518,0,107.14,NaN
51.5680,-0.098901,0.002004,0,107.14,NaN
51.5760,-0.100855,0.004206,0,107.14,NaN
51.5840,-0.103297,-0.044970,0,107.14,NaN
51.5920,-0.104762,-0.045376,0,107.14,NaN
51.6000,-0.104274,-0.044639,0,107.14,NaN
51.6080,-0.102808,-0.042480,0,107.14,NaN
51.6160,-0.100855,-0.039051,0,107.14,NaN
51.6240,-0.095971,-0.034872,0,107.14,NaN
51.6320,-0.094017,-0.030649,0,107.14,NaN
51.6400,-0.091575,-0.027021,0,107.14,NaN
51.6480,-0.092063,-0.024385,0,107.14,NaN
51.6560,-0.092063,-0.022864,0,107.14,NaN
51.6640,-0.094994,-0.022317,0,107.14,NaN
51.6720,-0.098901,-0.022406,0,107.14,NaN
51.6800,-0.100855,-0.022767,0,107.14,NaN
51.6880,-0.101343,-0.026415,0,107.14,NaN
51.6960,-0.101343,-0.024778,0,107.14,NaN
51.7040,-0.099878,-0.022447,0,107.14,NaN
51.7120,-0.099878,-0.019843,0,107.14,NaN
51.7200,-0.096947,-0.017468,0,107.14,NaN
51.7280,-0.096459,-0.015763,0,107.14,NaN
51.7360,-0.097924,-0.014903,0,107.14,NaN
51.7440,-0.098901,-0.014697,0,107.14,NaN
51.7520,-0.101343,-0.014703,0,107.14,NaN
51.7600,-0.102808,-0.014447,0,107.14,NaN
51.7680,-0.102320,-0.013651,0,107.14,NaN
51.7760,-0.101832,-0.012325,0,107.14,NaN
51.7840,-0.100855,-0.010695,0,107.14,NaN
51.7920,-0.098901,0.021438,0,107.14,NaN
51.8000,-0.095971,0.023824,0,107.14,NaN
51.8080,-0.095971,0.024172,0,107.14,NaN
51.8160,-0.098901,0.021352,0,107.14,NaN
51.8240,-0.107204,0.014740,0,107.14,NaN
51.8320,-0.118437,0.004576,0,107.14,NaN
51.8400,-0.135043,-0.007797,0,107.14,NaN
51.8480,-0.150672,-0.019938,0,107.14,NaN
51.8560,-0.164835,-0.028643,0,107.14,NaN
51.8640,-0.174115,-0.030675,0,107.14,NaN
51.8720,-0.170696,-0.023915,0,107.14,NaN
51.8800,-0.153602,-0.008625,0,107.14,NaN
51.8880,-0.122344,0.011987,0,107.14,NaN
51.8960,-0.074481,-0.712057,0,107.14,NaN
51.9040,-0.017827,-0.672067,0,107.14,NaN
51.9120,0.060806,-0.611700,0,107.14,NaN
51.9200,0.157021,-0.530575,0,107.14,NaN
51.9280,0.275214,-0.430526,0,107.14,NaN
51.9360,0.397802,-0.316346,0,107.14,NaN
51.9440,0.521368,-0.196566,0,107.14,NaN
51.9520,0.643468,-0.085082,0,107.14,NaN
51.9600,0.773871,-0.002458,0,107.14,NaN
51.9680,0.880342,0.027110,1,107.14,NaN
51.9760,0.900366,-0.014206,1,107.14,NaN
51.9840,0.821245,-0.125258,0,107.14,NaN
51.9920,0.668864,-0.280207,0,107.14,NaN
52.0000,0.499878,0.666300,0,107.14,NaN
52.0080,0.331868,0.490568,0,107.14,NaN
52.0160,0.171673,0.319089,0,107.14,NaN
52.0240,0.023687,0.168191,0,107.14,NaN
52.0320,-0.101343,0.049819,0,107.14,NaN
52.0400,-0.186813,-0.028670,0,107.14,NaN
52.0480,-0.225397,-0.065615,0,107.14,NaN
52.0560,-0.225397,-0.065563,0,107.14,NaN
52.0640,-0.199512,-0.037964,0,107.14,NaN
52.0720,-0.160440,0.005674,0,107.14,NaN
52.0800,-0.116484,0.055061,0,107.14,NaN
52.0880,-0.082295,0.103872,0,107.14,NaN
52.0960,-0.060317,0.150877,0,107.14,NaN
52.1040,-0.054945,0.034978,0,107.14,NaN
52.1120,-0.058852,0.037540,0,107.14,NaN
52.1200,-0.071062,0.030597,0,107.14,NaN
52.1280,-0.086203,0.018680,0,107.14,NaN
52.1360,-0.100366,0.005921,0,107.14,NaN
52.1440,-0.112088,-0.004694,0,107.14,NaN
52.1520,-0.118437,-0.011600,0,107.14,NaN
52.1600,-0.122344,-0.014503,0,107.14,NaN
52.1680,-0.121856,-0.013978,0,107.14,NaN
52.1760,-0.119902,-0.011003,0,107.14,NaN
52.1840,-0.117460,-0.006505,0,107.14,NaN
52.1920,-0.117460,-0.001112,0,107.14,NaN
52.2000,-0.114530,0.004779,0,107.14,NaN
52.2080,-0.112088,-0.248007,0,107.14,NaN
52.2160,-0.109158,-0.249861,0,107.14,NaN
52.2240,-0.108669,-0.250720,0,107.14,NaN
52.2320,-0.111600,-0.249933,0,107.14,NaN
52.2400,-0.113065,-0.246508,0,107.14,NaN
52.2480,-0.114530,-0.239467,0,107.14,NaN
52.2560,-0.116484,-0.228227,0,107.14,NaN
52.2640,-0.116972,-0.212894,0,107.14,NaN
52.2720,-0.116484,-0.194440,0,107.14,NaN
52.2800,-0.115995,-0.174546,0,107.14,NaN
52.2880,-0.114042,-0.155005,0,107.14,NaN
52.2960,-0.113553,-0.136907,0,107.14,NaN
52.3040,-0.114042,-0.120083,0,107.14,NaN
52.3120,-0.112088,-0.008746,0,107.14,NaN
52.3200,-0.114042,-0.002411,0,107.14,NaN
52.3280,-0.114042,0.000878,0,107.14,NaN
52.3360,-0.112576,0.002010,0,107.14,NaN
52.3440,-0.112088,0.001905,0,107.14,NaN
52.3520,-0.109646,0.001316,0,107.14,NaN
52.3600,-0.106716,0.000665,0,107.14,NaN
52.3680,-0.103297,0.000031,0,107.14,NaN
52.3760,-0.101832,-0.000630,0,107.14,NaN
52.3840,-0.102808,-0.001171,0,107.14,NaN
52.3920,-0.105739,-0.001225,0,107.14,NaN
52.4000,-0.104274,-0.000540,0,107.14,NaN
52.4080,-0.103297,0.000689,0,107.14,NaN
52.4160,-0.102808,-0.000064,0,107.14,NaN
52.4240,-0.101832,0.001421,0,107.14,NaN
52.4320,-0.101832,0.002965,0,107.14,NaN
52.4400,-0.100855,0.004533,0,107.14,NaN
52.4480,-0.098413,0.005960,0,107.14,NaN
52.4560,-0.095482,0.006893,0,107.14,NaN
52.4640,-0.094994,0.007000,0,107.14,NaN
52.4720,-0.095971,0.006247,0,107.14,NaN
52.4800,-0.095971,0.004945,0,107.14,NaN
52.4880,-0.098413,0.003595,0,107.14,NaN
52.4960,-0.098413,0.002642,0,107.14,NaN
52.5040,-0.096947,0.002231,0,107.14,NaN
52.5120,-0.096459,0.002169,0,107.14,NaN
52.5200,-0.094017,-0.010074,0,107.14,NaN
52.5280,-0.090598,-0.007673,0,107.14,NaN
52.5360,-0.085714,-0.005133,0,107.14,NaN
52.5440,-0.082784,-0.003069,0,107.14,NaN
52.5520,-0.081319,-0.001824,0,107.14,NaN
52.5600,-0.080342,-0.001373,0,107.14,NaN
52.5680,-0.078877,-0.001468,0,107.14,NaN
52.5760,-0.077411,-0.001801,0,107.14,NaN
52.5840,-0.077411,-0.002073,0,107.14,NaN
52.5920,-0.076435,-0.002069,0,107.14,NaN
52.6000,-0.073016,-0.001795,0,107.14,NaN
52.6080,-0.070574,-0.001444,0,107.14,NaN
52.6160,-0.070085,-0.001158,0,107.14,NaN
52.6240,-0.070085,0.005450,0,107.14,NaN
52.6320,-0.070085,0.003790,0,107.14,NaN
52.6400,-0.072039,0.001888,0,107.14,NaN
52.6480,-0.072527,0.000248,0,107.14,NaN
52.6560,-0.071062,-0.000768,0,107.14,NaN
52.6640,-0.070085,-0.001027,0,107.14,NaN
52.6720,-0.070085,-0.000558,0,107.14,NaN
52.6800,-0.067155,0.000446,0,107.14,NaN
52.6880,-0.063736,0.001573,0,107.14,NaN
52.6960,-0.061294,0.002348,0,107.14,NaN
52.7040,-0.060806,0.002534,0,107.14,NaN
52.7120,-0.061294,0.002237,0,107.14,NaN
52.7200,-0.059341,0.001712,0,107.14,NaN
52.7280,-0.055922,0.001660,0,107.14,NaN
52.7360,-0.054457,0.001959,0,107.14,NaN
52.7440,-0.053480,0.001903,0,107.14,NaN
52.7520,-0.052991,0.001441,0,107.14,NaN
52.7600,-0.052015,0.000649,0,107.14,NaN
52.7680,-0.051526,-0.000320,0,107.14,NaN
52.7760,-0.051038,-0.001237,0,107.14,NaN
52.7840,-0.051526,-0.001815,0,107.14,NaN
52.7920,-0.049084,-0.001845,0,107.14,NaN
52.8000,-0.046642,-0.001311,0,107.14,NaN
52.8080,-0.045177,-0.000369,0,107.14,NaN
52.8160,-0.040293,0.000755,0,107.14,NaN
52.8240,-0.039316,0.001895,0,107.14,NaN
52.8320,-0.038828,0.000418,0,107.14,NaN
52.8400,-0.038339,0.000108,0,107.14,NaN
52.8480,-0.036386,-0.000435,0,107.14,NaN
52.8560,-0.034432,-0.001152,0,107.14,NaN
52.8640,-0.035897,-0.001924,0,107.14,NaN
52.8720,-0.035409,-0.002535,0,107.14,NaN
52.8800,-0.031502,-0.002822,0,107.14,NaN
52.8880,-0.032479,-0.002710,0,107.14,NaN
52.8960,-0.031013,-0.002157,0,107.14,NaN
52.9040,-0.027595,-0.001268,0,107.14,NaN
52.9120,-0.023687,-0.000371,0,107.14,NaN
52.9200,-0.022711,0.000232,0,107.14,NaN
52.9280,-0.021734,0.000544,0,107.14,NaN
52.9360,-0.021245,0.033850,0,107.14,NaN
52.9440,-0.022711,0.033772,0,107.14,NaN
52.9520,-0.023199,0.033733,0,107.14,NaN
52.9600,-0.022711,0.033968,0,107.14,NaN
52.9680,-0.020757,0.034306,0,107.14,NaN
52.9760,-0.020269,0.034278,0,107.14,NaN
52.9840,-0.020757,0.033414,0,107.14,NaN
52.9920,-0.022711,0.031510,0,107.14,NaN
53.0000,-0.025641,0.028700,0,107.14,NaN
53.0080,-0.029548,0.025365,0,107.14,NaN
53.0160,-0.031990,0.021933,0,107.14,NaN
53.0240,-0.035897,0.018687,0,107.14,NaN
53.0320,-0.037363,0.015653,0,107.14,NaN
53.0400,-0.038828,0.048628,0,107.14,NaN
53.0480,-0.041758,0.046709,0,107.14,NaN
53.0560,-0.047131,0.043996,0,107.14,NaN
53.0640,-0.052991,0.040559,0,107.14,NaN
53.0720,-0.056899,0.036572,0,107.14,NaN
53.0800,-0.062271,0.032152,0,107.14,NaN
53.0880,-0.067643,0.027463,0,107.14,NaN
53.0960,-0.074481,0.022889,0,107.14,NaN
53.1040,-0.080342,0.019054,0,107.14,NaN
53.1120,-0.085714,0.016644,0,107.14,NaN
53.1200,-0.088156,0.016097,0,107.14,NaN
53.1280,-0.090110,0.017355,0,107.14,NaN
53.1360,-0.088645,0.019759,0,107.14,NaN
53.1440,-0.087668,-0.002376,0,107.14,NaN
53.1520,-0.089133,-0.001486,0,107.14,NaN
53.1600,-0.092063,-0.001690,0,107.14,NaN
53.1680,-0.094017,-0.003041,0,107.14,NaN
53.1760,-0.098901,-0.005277,0,107.14,NaN
53.1840,-0.102808,-0.007918,0,107.14,NaN
53.1920,-0.107692,-0.010380,0,107.14,NaN
53.2000,-0.110623,-0.012119,0,107.14,NaN
53.2080,-0.113553,-0.012724,0,107.14,NaN
53.2160,-0.115507,-0.011943,0,107.14,NaN
53.2240,-0.115995,-0.009722,0,107.14,NaN
53.2320,-0.115995,-0.006263,0,107.14,NaN
53.2400,-0.114042,-0.002061,0,107.14,NaN
53.2480,-0.114530,-0.033831,0,107.14,NaN
53.2560,-0.115507,-0.033564,0,107.14,NaN
53.2640,-0.117949,-0.033851,0,107.14,NaN
53.2720,-0.120391,-0.034201,0,107.14,NaN
53.2800,-0.121368,-0.034057,0,107.14,NaN
53.2880,-0.122344,-0.033036,0,107.14,NaN
53.2960,-0.121368,-0.031061,0,107.14,NaN
53.3040,-0.120391,-0.028356,0,107.14,NaN
53.3120,-0.118437,-0.025351,0,107.14,NaN
53.3200,-0.116972,-0.022510,0,107.14,NaN
53.3280,-0.116484,-0.020134,0,107.14,NaN
53.3360,-0.116972,-0.018258,0,107.14,NaN
53.3440,-0.116972,-0.016685,0,107.14,NaN
53.3520,-0.119414,-0.025132,0,107.14,NaN
53.3600,-0.118437,-0.024824,0,107.14,NaN
53.3680,-0.118926,-0.024146,0,107.14,NaN
53.3760,-0.117460,-0.023058,0,107.14,NaN
53.3840,-0.117460,-0.021602,0,107.14,NaN
53.3920,-0.116484,-0.019872,0,107.14,NaN
53.4000,-0.114530,-0.018056,0,107.14,NaN
53.4080,-0.112088,-0.016437,0,107.14,NaN
53.4160,-0.110623,-0.015226,0,107.14,NaN
53.4240,-0.112088,-0.014356,0,107.14,NaN
53.4320,-0.110623,-0.013535,0,107.14,NaN
53.4400,-0.110623,-0.012508,0,107.14,NaN
53.4480,-0.108181,-0.011272,0,107.14,NaN
53.4560,-0.106227,0.001318,0,107.14,NaN
53.4640,-0.104762,0.003498,0,107.14,NaN
53.4720,-0.102320,0.005187,0,107.14,NaN
53.4800,-0.101832,0.006007,0,107.14,NaN
53.4880,-0.101832,0.005783,0,107.14,NaN
53.4960,-0.102808,0.004643,0,107.14,NaN
53.5040,-0.104762,0.002998,0,107.14,NaN
53.5120,-0.107204,0.001399,0,107.14,NaN
53.5200,-0.105739,0.000294,0,107.14,NaN
53.5280,-0.106227,-0.000087,0,107.14,NaN
53.5360,-0.106227,0.000331,0,107.14,NaN
53.5440,-0.104762,0.001487,0,107.14,NaN
53.5520,-0.102320,0.003099,0,107.14,NaN
53.5600,-0.101343,0.005764,0,107.14,NaN
53.5680,-0.100366,0.006539,0,107.14,NaN
53.5760,-0.099878,0.006744,0,107.14,NaN
53.5840,-0.099389,0.006395,0,107.14,NaN
53.5920,-0.100366,0.005665,0,107.14,NaN
53.6000,-0.100855,0.004832,0,107.14,NaN
53.6080,-0.100855,0.004160,0,107.14,NaN
53.6160,-0.100855,0.003789,0,107.14,NaN
53.6240,-0.100366,0.003701,0,107.14,NaN
53.6320,-0.098901,0.003756,0,107.14,NaN
53.6400,-0.099389,0.003796,0,107.14,NaN
53.6480,-0.098413,0.003742,0,107.14,NaN
53.6560,-0.098413,0.003608,0,107.14,NaN
53.6640,-0.101343,0.006427,0,107.14,NaN
53.6720,-0.102808,0.005196,0,107.14,NaN
53.6800,-0.102320,0.004368,0,107.14,NaN
53.6880,-0.101832,0.004022,0,107.14,NaN
53.6960,-0.101832,0.004034,0,107.14,NaN
53.7040,-0.101343,0.004219,0,107.14,NaN
53.7120,-0.101343,0.004385,0,107.14,NaN
53.7200,-0.100366,0.004346,0,107.14,NaN
53.7280,-0.100366,0.003979,0,107.14,NaN
53.7360,-0.101343,0.003332,0,107.14,NaN
53.7440,-0.102320,0.002646,0,107.14,NaN
53.7520,-0.104274,0.002192,0,107.14,NaN
53.7600,-0.102320,0.002007,0,107.14,NaN
53.7680,-0.101832,0.002193,0,107.14,NaN
53.7760,-0.101832,0.002846,0,107.14,NaN
53.7840,-0.101832,0.003626,0,107.14,NaN
53.7920,-0.100855,0.004339,0,107.14,NaN
53.8000,-0.099878,0.004678,0,107.14,NaN
53.8080,-0.098901,0.004330,0,107.14,NaN
53.8160,-0.100855,0.003236,0,107.14,NaN
53.8240,-0.104274,0.001698,0,107.14,NaN
53.8320,-0.102808,0.000215,0,107.14,NaN
53.8400,-0.105739,-0.000732,0,107.14,NaN
53.8480,-0.106716,-0.000776,0,107.14,NaN
53.8560,-0.104274,0.000152,0,107.14,NaN
53.8640,-0.102808,0.001702,0,107.14,NaN
53.8720,-0.102808,-0.002620,0,107.14,NaN
53.8800,-0.102808,-0.002621,0,107.14,NaN
53.8880,-0.102808,-0.003394,0,107.14,NaN
53.8960,-0.104274,-0.004906,0,107.14,NaN
53.9040,-0.106227,-0.006859,0,107.14,NaN
53.9120,-0.108669,-0.008730,0,107.14,NaN
53.9200,-0.109646,-0.009957,0,107.14,NaN
53.9280,-0.109646,-0.010140,0,107.14,NaN
53.9360,-0.109646,-0.009175,0,107.14,NaN
53.9440,-0.106716,-0.007323,0,107.14,NaN
53.9520,-0.102808,-0.005136,0,107.14,NaN
53.9600,-0.101343,-0.003126,0,107.14,NaN
53.9680,-0.101343,-0.001406,0,107.14,NaN
53.9760,-0.101343,0.008507,0,107.14,NaN
53.9840,-0.103785,0.007620,0,107.14,NaN
53.9920,-0.104762,0.006265,0,107.14,NaN
54.0000,-0.105739,0.004839,0,107.14,NaN
54.0080,-0.106716,0.003682,0,107.14,NaN
54.0160,-0.109646,0.003128,0,107.14,NaN
54.0240,-0.109646,0.003375,0,107.14,NaN
54.0320,-0.107692,0.004250,0,107.14,NaN
54.0400,-0.106227,0.005203,0,107.14,NaN
54.0480,-0.105739,0.005636,0,107.14,NaN
54.0560,-0.107204,0.005254,0,107.14,NaN
54.0640,-0.109646,0.004164,0,107.14,NaN
54.0720,-0.110623,0.002706,0,107.14,NaN
54.0800,-0.111600,-0.009525,0,107.14,NaN
54.0880,-0.110623,-0.008289,0,107.14,NaN
54.0960,-0.106716,-0.005918,0,107.14,NaN
54.1040,-0.103297,-0.003090,0,107.14,NaN
54.1120,-0.101343,-0.000624,0,107.14,NaN
54.1200,-0.099878,0.000840,0,107.14,NaN
54.1280,-0.098901,0.001001,0,107.14,NaN
54.1360,-0.100366,-0.000026,0,107.14,NaN
54.1440,-0.102320,-0.001716,0,107.14,NaN
54.1520,-0.104274,-0.003299,0,107.14,NaN
54.1600,-0.105739,-0.004085,0,107.14,NaN
54.1680,-0.104762,-0.003802,0,107.14,NaN
54.1760,-0.102320,-0.002770,0,107.14,NaN
54.1840,-0.100855,-0.003103,0,107.14,NaN
54.1920,-0.099878,-0.001571,0,107.14,NaN
54.2000,-0.098413,-0.000420,0,107.14,NaN
54.2080,-0.096459,0.000057,0,107.14,NaN
54.2160,-0.096947,-0.000222,0,107.14,NaN
54.2240,-0.098901,-0.001021,0,107.14,NaN
54.2320,-0.098901,-0.001917,0,107.14,NaN
54.2400,-0.098901,-0.002552,0,107.14,NaN
54.2480,-0.098413,-0.002753,0,107.14,NaN
54.2560,-0.097924,-0.002490,0,107.14,NaN
54.2640,-0.097924,-0.001824,0,107.14,NaN
54.2720,-0.094994,-0.000896,0,107.14,NaN
54.2800,-0.094994,0.000132,0,107.14,NaN
54.2880,-0.094994,-0.022111,0,107.14,NaN
54.2960,-0.095971,-0.023992,0,107.14,NaN
54.3040,-0.096459,-0.026115,0,107.14,NaN
54.3120,-0.097924,-0.028005,0,107.14,NaN
54.3200,-0.096459,-0.029166,0,107.14,NaN
54.3280,-0.096459,-0.029195,0,107.14,NaN
54.3360,-0.094017,-0.027867,0,107.14,NaN
54.3440,-0.090598,-0.025276,0,107.14,NaN
54.3520,-0.084737,-0.021923,0,107.14,NaN
54.3600,-0.078388,-0.018543,0,107.14,NaN
54.3680,-0.076435,-0.015701,0,107.14,NaN
54.3760,-0.073016,-0.013520,0,107.14,NaN
54.3840,-0.070085,-0.011757,0,107.14,NaN
54.3920,-0.069109,-0.057090,0,107.14,NaN
54.4000,-0.064225,-0.056833,0,107.14,NaN
54.4080,-0.060806,-0.056097,0,107.14,NaN
54.4160,-0.054945,-0.055239,0,107.14,NaN
54.4240,-0.049573,-0.054789,0,107.14,NaN
54.4320,-0.047131,-0.055048,0,107.14,NaN
54.4400,-0.044689,-0.055777,0,107.14,NaN
54.4480,-0.041270,-0.056191,0,107.14,NaN
54.4560,-0.038828,-0.055185,0,107.14,NaN
54.4640,-0.031502,-0.051693,0,107.14,NaN
54.4720,-0.023199,-0.045122,0,107.14,NaN
54.4800,-0.010012,-0.035695,0,107.14,NaN
54.4880,0.005617,-0.024557,0,107.14,NaN
54.4960,0.014408,0.087737,0,107.14,NaN
54.5040,0.020757,0.093493,0,107.14,NaN
54.5120,0.018315,0.093683,0,107.14,NaN
54.5200,0.014408,0.088548,0,107.14,NaN
54.5280,0.007570,0.079313,0,107.14,NaN
54.5360,-0.006105,0.067977,0,107.14,NaN
54.5440,-0.016850,0.056927,0,107.14,NaN
54.5520,-0.024176,0.048207,0,107.14,NaN
54.5600,-0.028083,0.042883,0,107.14,NaN
54.5680,-0.027595,0.040891,0,107.14,NaN
54.5760,-0.025641,0.041357,0,107.14,NaN
54.5840,-0.023687,0.043184,0,107.14,NaN
54.5920,-0.023199,0.045532,0,107.14,NaN
54.6000,-0.028083,0.079256,0,107.14,NaN
54.6080,-0.036874,0.070894,0,107.14,NaN
54.6160,-0.051526,0.058745,0,107.14,NaN
54.6240,-0.066667,0.044656,0,107.14,NaN
54.6320,-0.080830,0.030920,0,107.14,NaN
54.6400,-0.092552,0.019635,0,107.14,NaN
54.6480,-0.101832,0.012251,0,107.14,NaN
54.6560,-0.105739,0.009279,0,107.14,NaN
54.6640,-0.105739,0.010164,0,107.14,NaN
54.6720,-0.101343,0.013540,0,107.14,NaN
54.6800,-0.100855,0.017896,0,107.14,NaN
54.6880,-0.099878,0.022258,0,107.14,NaN
54.6960,-0.100366,0.026412,0,107.14,NaN
54.7040,-0.100855,-0.028679,0,107.14,NaN
54.7120,-0.101343,-0.028259,0,107.14,NaN
54.7200,-0.102320,-0.027685,0,107.14,NaN
54.7280,-0.101343,-0.026770,0,107.14,NaN
54.7360,-0.100855,-0.025564,0,107.14,NaN
54.7440,-0.101343,-0.024249,0,107.14,NaN
54.7520,-0.100855,-0.023027,0,107.14,NaN
54.7600,-0.100366,-0.022059,0,107.14,NaN
54.7680,-0.101343,-0.021343,0,107.14,NaN
54.7760,-0.103785,-0.020596,0,107.14,NaN
54.7840,-0.105739,-0.019372,0,107.14,NaN
54.7920,-0.106716,-0.017394,0,107.14,NaN
54.8000,-0.105739,-0.014836,0,107.14,NaN
54.8080,-0.105739,-0.037248,0,107.14,NaN
54.8160,-0.103785,-0.035012,0,107.14,NaN
54.8240,-0.105739,-0.032994,0,107.14,NaN
54.8320,-0.104274,-0.031488,0,107.14,NaN
54.8400,-0.104274,-0.030612,0,107.14,NaN
54.8480,-0.106227,-0.030207,0,107.14,NaN
54.8560,-0.107692,-0.029797,0,107.14,NaN
54.8640,-0.108669,-0.028808,0,107.14,NaN
54.8720,-0.108181,-0.026923,0,107.14,NaN
54.8800,-0.104274,-0.024285,0,107.14,NaN
54.8880,-0.102808,-0.021341,0,107.14,NaN
54.8960,-0.102808,-0.018450,0,107.14,NaN
54.9040,-0.101832,-0.015686,0,107.14,NaN
54.9120,-0.101343,0.074999,0,107.14,NaN
54.9200,-0.099878,0.079913,0,107.14,NaN
54.9280,-0.100855,0.083928,0,107.14,NaN
54.9360,-0.101832,0.086783,0,107.14,NaN
54.9440,-0.104274,0.088207,0,107.14,NaN
54.9520,-0.107692,0.087834,0,107.14,NaN
54.9600,-0.110623,0.085211,0,107.14,NaN
54.9680,-0.118437,0.080029,0,107.14,NaN
54.9760,-0.128205,0.072487,0,107.14,NaN
54.9840,-0.141392,0.063458,0,107.14,NaN
54.9920,-0.156044,0.054227,0,107.14,NaN
55.0000,-0.167277,0.045796,0,107.14,NaN
55.0080,-0.173626,0.038232,0,107.14,NaN
55.0160,-0.167277,-0.971396,0,107.14,NaN
55.0240,-0.149695,-0.993152,0,107.14,NaN
55.0320,-0.114530,-1.000000,0,107.14,NaN
55.0400,-0.062759,-0.990131,0,107.14,NaN
55.0480,0.005128,-0.962663,0,107.14,NaN
55.0560,0.089621,-0.917938,0,107.14,NaN
55.0640,0.195604,-0.858100,0,107.14,NaN
55.0720,0.317216,-0.787413,0,107.14,NaN
55.0800,0.440293,-0.711683,0,107.14,NaN
55.0880,0.563858,-0.637017,0,107.14,NaN
55.0960,0.687912,-0.568541,0,107.14,NaN
55.1040,0.811477,-0.508785,0,107.14,NaN
55.1120,0.890110,-0.455817,0,107.14,NaN
55.1200,0.874969,1.000000,1,107.14,NaN
55.1280,0.772405,0.949226,0,107.14,NaN
55.1360,0.612698,0.854547,0,107.14,NaN
55.1440,0.445177,0.732936,0,107.14,NaN
55.1520,0.277167,0.602419,0,107.14,NaN
55.1600,0.116484,0.478780,0,107.14,NaN
55.1680,-0.035409,0.374947,0,107.14,NaN
55.1760,-0.148230,0.300784,0,107.14,NaN
55.1840,-0.217582,0.262059,0,107.14,NaN
55.1920,-0.238584,0.259369,0,107.14,NaN
55.2000,-0.222466,0.288147,0,107.14,NaN
55.2080,-0.181929,0.339859,0,107.14,NaN
55.2160,-0.132601,0.403722,0,107.14,NaN
55.2240,-0.086203,-0.004347,0,107.14,NaN
55.2320,-0.054945,0.035472,0,107.14,NaN
55.2400,-0.039805,0.059129,0,107.14,NaN
55.2480,-0.043712,0.066661,0,107.14,NaN
55.2560,-0.056410,0.061803,0,107.14,NaN
55.2640,-0.073016,0.049977,0,107.14,NaN
55.2720,-0.090110,0.036385,0,107.14,NaN
55.2800,-0.101343,0.024790,0,107.14,NaN
55.2880,-0.110623,0.017121,0,107.14,NaN
55.2960,-0.114530,0.013713,0,107.14,NaN
55.3040,-0.114530,0.013840,0,107.14,NaN
55.3120,-0.114530,0.016304,0,107.14,NaN
55.3200,-0.113553,0.019910,0,107.14,NaN
55.3280,-0.115507,-0.190935,0,107.14,NaN
55.3360,-0.117460,-0.196904,0,107.14,NaN
55.3440,-0.118926,-0.202182,0,107.14,NaN
55.3520,-0.121368,-0.205686,0,107.14,NaN
55.3600,-0.122344,-0.206408,0,107.14,NaN
55.3680,-0.119902,-0.203745,0,107.14,NaN
55.3760,-0.116972,-0.197600,0,107.14,NaN
55.3840,-0.117460,-0.188118,0,107.14,NaN
55.3920,-0.116972,-0.175439,0,107.14,NaN
55.4000,-0.116972,-0.159720,0,107.14,NaN
55.4080,-0.118437,-0.141274,0,107.14,NaN
55.4160,-0.122344,-0.120671,0,107.14,NaN
55.4240,-0.122344,-0.098841,0,107.14,NaN
55.4320,-0.121856,-0.048762,0,107.14,NaN
55.4400,-0.119414,-0.033960,0,107.14,NaN
55.4480,-0.116972,-0.021246,0,107.14,NaN
55.4560,-0.114530,-0.011457,0,107.14,NaN
55.4640,-0.112088,-0.005073,0,107.14,NaN
55.4720,-0.109158,-0.002152,0,107.14,NaN
55.4800,-0.108669,-0.002249,0,107.14,NaN
55.4880,-0.108669,-0.004401,0,107.14,NaN
55.4960,-0.109158,-0.007310,0,107.14,NaN
55.5040,-0.109646,-0.009740,0,107.14,NaN
55.5120,-0.106227,-0.010936,0,107.14,NaN
55.5200,-0.104762,-0.010830,0,107.14,NaN
55.5280,-0.102320,-0.009943,0,107.14,NaN
55.5360,-0.101343,-0.008498,0,107.14,NaN
55.5440,-0.100855,-0.006072,0,107.14,NaN
55.5520,-0.096947,-0.004185,0,107.14,NaN
55.5600,-0.097436,-0.003369,0,107.14,NaN
55.5680,-0.098413,-0.003769,0,107.14,NaN
55.5760,-0.100366,-0.005041,0,107.14,NaN
55.5840,-0.101343,-0.006552,0,107.14,NaN
55.5920,-0.101343,-0.007668,0,107.14,NaN
55.6000,-0.101343,-0.007925,0,107.14,NaN
55.6080,-0.099878,-0.007132,0,107.14,NaN
55.6160,-0.095971,-0.005419,0,107.14,NaN
55.6240,-0.093040,-0.003137,0,107.14,NaN
55.6320,-0.090598,-0.000638,0,107.14,NaN
55.6400,-0.088156,0.001849,0,107.14,NaN
55.6480,-0.088156,0.001514,0,107.14,NaN
55.6560,-0.089133,0.000496,0,107.14,NaN
55.6640,-0.090598,-0.000503,0,107.14,NaN
55.6720,-0.088645,-0.000851,0,107.14,NaN
55.6800,-0.086203,-0.000256,0,107.14,NaN
55.6880,-0.085714,0.001244,0,107.14,NaN
55.6960,-0.082295,0.003334,0,107.14,NaN
55.7040,-0.077900,0.005378,0,107.14,NaN
55.7120,-0.075458,0.006547,0,107.14,NaN
55.7200,-0.072527,0.006177,0,107.14,NaN
55.7280,-0.074969,0.004164,0,107.14,NaN
55.7360,-0.076923,0.001091,0,107.14,NaN
55.7440,-0.076435,0.005659,0,107.14,NaN
55.7520,-0.075458,0.004590,0,107.14,NaN
55.7600,-0.074969,0.004370,0,107.14,NaN
55.7680,-0.074481,0.005090,0,107.14,NaN
55.7760,-0.071551,0.006623,0,107.14,NaN
55.7840,-0.068132,0.008530,0,107.14,NaN
55.7920,-0.065201,0.010154,0,107.14,NaN
55.8000,-0.062271,0.010894,0,107.14,NaN
55.8080,-0.063248,0.010490,0,107.14,NaN
55.8160,-0.063736,0.009109,0,107.14,NaN
55.8240,-0.064713,0.007153,0,107.14,NaN
55.8320,-0.065690,0.004993,0,107.14,NaN
55.8400,-0.065690,0.002812,0,107.14,NaN
55.8480,-0.064225,0.005354,0,107.14,NaN
55.8560,-0.062759,0.006533,0,107.14,NaN
55.8640,-0.058852,0.008243,0,107.14,NaN
55.8720,-0.056899,0.009924,0,107.14,NaN
55.8800,-0.054457,0.011075,0,107.14,NaN
55.8880,-0.053968,0.011409,0,107.14,NaN
55.8960,-0.052503,0.010880,0,107.14,NaN
55.9040,-0.053480,0.009660,0,107.14,NaN
55.9120,-0.053480,0.008094,0,107.14,NaN
55.9200,-0.054457,0.006592,0,107.14,NaN
55.9280,-0.054457,0.005489,0,107.14,NaN
55.9360,-0.053968,0.004899,0,107.14,NaN
55.9440,-0.052503,0.004663,0,107.14,NaN
55.9520,-0.048107,-0.006211,0,107.14,NaN
55.9600,-0.045177,-0.005054,0,107.14,NaN
55.9680,-0.043712,-0.004229,0,107.14,NaN
55.9760,-0.043712,-0.003767,0,107.14,NaN
55.9840,-0.040293,-0.003474,0,107.14,NaN
55.9920,-0.039316,-0.003120,0,107.14,NaN
56.0000,-0.038339,-0.002498,0,107.14,NaN
56.0080,-0.035897,-0.001526,0,107.14,NaN
56.0160,-0.032479,-0.000379,0,107.14,NaN
56.0240,-0.030525,0.000543,0,107.14,NaN
56.0320,-0.028083,0.000806,0,107.14,NaN
56.0400,-0.025641,0.000186,0,107.14,NaN
56.0480,-0.027595,-0.001100,0,107.14,NaN
56.0560,-0.026129,0.027799,0,107.14,NaN
56.0640,-0.027595,0.026793,0,107.14,NaN
56.0720,-0.029548,0.025955,0,107.14,NaN
56.0800,-0.028571,0.025701,0,107.14,NaN
56.0880,-0.028083,0.026139,0,107.14,NaN
56.0960,-0.026618,0.027013,0,107.14,NaN
56.1040,-0.025641,0.027819,0,107.14,NaN
56.1120,-0.024664,0.027963,0,107.14,NaN
56.1200,-0.024664,0.026963,0,107.14,NaN
56.1280,-0.028083,0.024647,0,107.14,NaN
56.1360,-0.031013,0.021176,0,107.14,NaN
56.1440,-0.033455,0.016882,0,107.14,NaN
56.1520,-0.037851,0.012155,0,107.14,NaN
56.1600,-0.038828,0.044467,0,107.14,NaN
56.1680,-0.041270,0.043676,0,107.14,NaN
56.1760,-0.043223,0.043145,0,107.14,NaN
56.1840,-0.043223,0.042350,0,107.14,NaN
56.1920,-0.046154,0.040745,0,107.14,NaN
56.2000,-0.049573,0.038084,0,107.14,NaN
56.2080,-0.055922,0.034624,0,107.14,NaN
56.2160,-0.062271,0.030985,0,107.14,NaN
56.2240,-0.065201,0.027741,0,107.14,NaN
56.2320,-0.068620,0.025109,0,107.14,NaN
56.2400,-0.071551,0.022995,0,107.14,NaN
56.2480,-0.074969,0.021196,0,107.14,NaN
56.2560,-0.078388,0.019549,0,107.14,NaN
56.2640,-0.084249,0.009492,0,107.14,NaN
56.2720,-0.087179,0.005714,0,107.14,NaN
56.2800,-0.093040,0.001744,0,107.14,NaN
56.2880,-0.100855,-0.001835,0,107.14,NaN
56.2960,-0.104762,-0.004386,0,107.14,NaN
56.3040,-0.106716,-0.005641,0,107.14,NaN
56.3120,-0.107692,-0.005830,0,107.14,NaN
56.3200,-0.109646,-0.005405,0,107.14,NaN
56.3280,-0.112088,-0.004710,0,107.14,NaN
56.3360,-0.114042,-0.003877,0,107.14,NaN
56.3440,-0.116484,-0.002919,0,107.14,NaN
56.3520,-0.116972,-0.001853,0,107.14,NaN
56.3600,-0.119414,-0.000720,0,107.14,NaN
56.3680,-0.122344,-0.035456,0,107.14,NaN
56.3760,-0.125275,-0.036193,0,107.14,NaN
56.3840,-0.125763,-0.036373,0,107.14,NaN
56.3920,-0.125763,-0.035955,0,107.14,NaN
56.4000,-0.127228,-0.034997,0,107.14,NaN
56.4080,-0.127717,-0.033520,0,107.14,NaN
56.4160,-0.128205,-0.031555,0,107.14,NaN
56.4240,-0.126740,-0.029259,0,107.14,NaN
56.4320,-0.125763,-0.026910,0,107.14,NaN
56.4400,-0.125275,-0.024717,0,107.14,NaN
56.4480,-0.127228,-0.022642,0,107.14,NaN
56.4560,-0.127228,-0.020494,0,107.14,NaN
56.4640,-0.125763,-0.018200,0,107.14,NaN
56.4720,-0.124786,-0.023844,0,107.14,NaN
56.4800,-0.123321,-0.021131,0,107.14,NaN
56.4880,-0.122344,-0.018199,0,107.14,NaN
56.4960,-0.120391,-0.015279,0,107.14,NaN
56.5040,-0.119414,-0.012678,0,107.14,NaN
56.5120,-0.116972,-0.010722,0,107.14,NaN
56.5200,-0.117460,-0.009595,0,107.14,NaN
56.5280,-0.118926,-0.009187,0,107.14,NaN
56.5360,-0.120391,-0.009165,0,107.14,NaN
56.5440,-0.119902,-0.009218,0,107.14,NaN
56.5520,-0.120391,-0.009181,0,107.14,NaN
56.5600,-0.122344,-0.008985,0,107.14,NaN
56.5680,-0.121368,-0.008657,0,107.14,NaN
56.5760,-0.116972,-0.011213,0,107.14,NaN
56.5840,-0.114530,-0.008003,0,107.14,NaN
56.5920,-0.110134,-0.005018,0,107.14,NaN
56.6000,-0.108181,-0.002823,0,107.14,NaN
56.6080,-0.108669,-0.001582,0,107.14,NaN
56.6160,-0.107692,-0.001115,0,107.14,NaN
56.6240,-0.106716,-0.001128,0,107.14,NaN
56.6320,-0.107692,-0.001360,0,107.14,NaN
56.6400,-0.105739,-0.001623,0,107.14,NaN
56.6480,-0.106716,-0.001793,0,107.14,NaN
56.6560,-0.105739,-0.001812,0,107.14,NaN
56.6640,-0.104274,-0.001698,0,107.14,NaN
56.6720,-0.103785,-0.001532,0,107.14,NaN
56.6800,-0.103785,0.008552,0,107.14,NaN
56.6880,-0.103785,0.008317,0,107.14,NaN
56.6960,-0.104274,0.008202,0,107.14,NaN
56.7040,-0.103785,0.008429,0,107.14,NaN
56.7120,-0.101343,0.009042,0,107.14,NaN
56.7200,-0.100855,0.009923,0,107.14,NaN
56.7280,-0.100366,0.010875,0,107.14,NaN
56.7360,-0.098413,0.011592,0,107.14,NaN
56.7440,-0.095971,0.011651,0,107.14,NaN
56.7520,-0.096459,0.010740,0,107.14,NaN
56.7600,-0.099878,0.008936,0,107.14,NaN
56.7680,-0.101343,0.006625,0,107.14,NaN
56.7760,-0.101832,0.004153,0,107.14,NaN
56.7840,-0.103785,0.000617,0,107.14,NaN
56.7920,-0.103785,-0.000262,0,107.14,NaN
56.8000,-0.102808,-0.000186,0,107.14,NaN
56.8080,-0.102320,0.000757,0,107.14,NaN
56.8160,-0.101343,0.002246,0,107.14,NaN
56.8240,-0.096947,0.003674,0,107.14,NaN
56.8320,-0.094017,0.004322,0,107.14,NaN
56.8400,-0.095971,0.003845,0,107.14,NaN
56.8480,-0.098901,0.002548,0,107.14,NaN
56.8560,-0.097924,0.001107,0,107.14,NaN
56.8640,-0.099878,0.000117,0,107.14,NaN
56.8720,-0.098901,-0.000165,0,107.14,NaN
56.8800,-0.096947,0.000078,0,107.14,NaN
56.8880,-0.094017,0.007631,0,107.14,NaN
56.8960,-0.093040,0.009707,0,107.14,NaN
56.9040,-0.088645,0.011067,0,107.14,NaN
56.9120,-0.089133,0.011217,0,107.14,NaN
56.9200,-0.092063,0.010177,0,107.14,NaN
56.9280,-0.093529,0.008435,0,107.14,NaN
56.9360,-0.094505,0.006594,0,107.14,NaN
56.9440,-0.095971,0.005124,0,107.14,NaN
56.9520,-0.096947,0.004297,0,107.14,NaN
56.9600,-0.095971,0.004154,0,107.14,NaN
56.9680,-0.095971,0.004514,0,107.14,NaN
56.9760,-0.093529,0.005090,0,107.14,NaN
56.9840,-0.094505,0.005689,0,107.14,NaN
56.9920,-0.093529,0.001276,0,107.14,NaN
57.0000,-0.094994,0.000433,0,107.14,NaN
57.0080,-0.096459,-0.000468,0,107.14,NaN
57.0160,-0.096947,-0.000993,0,107.14,NaN
57.0240,-0.096459,-0.000881,0,107.14,NaN
57.0320,-0.094994,-0.000168,0,107.14,NaN
57.0400,-0.093529,0.000879,0,107.14,NaN
57.0480,-0.093529,0.001922,0,107.14,NaN
57.0560,-0.092063,0.002632,0,107.14,NaN
57.0640,-0.090598,0.002738,0,107.14,NaN
57.0720,-0.092552,0.002148,0,107.14,NaN
57.0800,-0.093529,0.001021,0,107.14,NaN
57.0880,-0.094017,-0.000366,0,107.14,NaN
57.0960,-0.094994,-0.002139,0,107.14,NaN
57.1040,-0.094505,-0.002520,0,107.14,NaN
57.1120,-0.094017,-0.002207,0,107.14,NaN
57.1200,-0.093529,-0.001153,0,107.14,NaN
57.1280,-0.092063,0.000546,0,107.14,NaN
57.1360,-0.089133,0.002573,0,107.14,NaN
57.1440,-0.086691,0.004438,0,107.14,NaN
57.1520,-0.086203,0.005684,0,107.14,NaN
57.1600,-0.085714,0.006039,0,107.14,NaN
57.1680,-0.085714,0.005406,0,107.14,NaN
57.1760,-0.086691,0.003839,0,107.14,NaN
57.1840,-0.089133,0.001546,0,107.14,NaN
57.1920,-0.091087,-0.001136,0,107.14,NaN
57.2000,-0.093529,-0.004401,0,107.14,NaN
57.2080,-0.092063,-0.004559,0,107.14,NaN
57.2160,-0.090110,-0.004191,0,107.14,NaN
57.2240,-0.087668,-0.003996,0,107.14,NaN
57.2320,-0.090110,-0.004444,0,107.14,NaN
57.2400,-0.090598,-0.005465,0,107.14,NaN
57.2480,-0.092552,-0.006575,0,107.14,NaN
57.2560,-0.093529,-0.007204,0,107.14,NaN
57.2640,-0.092063,-0.007027,0,107.14,NaN
57.2720,-0.090110,-0.006100,0,107.14,NaN
57.2800,-0.088156,-0.004724,0,107.14,NaN
57.2880,-0.087179,-0.003184,0,107.14,NaN
57.2960,-0.085714,-0.001617,0,107.14,NaN
57.3040,-0.086203,-0.021185,0,107.14,NaN
57.3120,-0.085714,-0.023638,0,107.14,NaN
57.3200,-0.088645,-0.026870,0,107.14,NaN
57.3280,-0.092063,-0.030120,0,107.14,NaN
57.3360,-0.093040,-0.032481,0,107.14,NaN
57.3440,-0.091575,-0.033284,0,107.14,NaN
57.3520,-0.090110,-0.032273,0,107.14,NaN
57.3600,-0.086691,-0.029571,0,107.14,NaN
57.3680,-0.082295,-0.025661,0,107.14,NaN
57.3760,-0.074969,-0.021340,0,107.14,NaN
57.3840,-0.070085,-0.017450,0,107.14,NaN
57.3920,-0.066178,-0.014451,0,107.14,NaN
57.4000,-0.064713,-0.012153,0,107.14,NaN
57.4080,-0.064713,-0.036400,0,107.14,NaN
57.4160,-0.062759,-0.036466,0,107.14,NaN
57.4240,-0.058852,-0.035949,0,107.14,NaN
57.4320,-0.054457,-0.034850,0,107.14,NaN
57.4400,-0.051526,-0.033464,0,107.14,NaN
57.4480,-0.047619,-0.032155,0,107.14,NaN
57.4560,-0.043712,-0.031230,0,107.14,NaN
57.4640,-0.039316,-0.030782,0,107.14,NaN
57.4720,-0.038339,-0.030448,0,107.14,NaN
57.4800,-0.037363,-0.029367,0,107.14,NaN
57.4880,-0.033455,-0.026616,0,107.14,NaN
57.4960,-0.025641,-0.021890,0,107.14,NaN
57.5040,-0.015385,-0.015848,0,107.14,NaN
57.5120,-0.002198,0.070303,0,107.14,NaN
57.5200,0.012454,0.083250,0,107.14,NaN
57.5280,0.021734,0.092935,0,107.14,NaN
57.5360,0.024664,0.097508,0,107.14,NaN
57.5440,0.023687,0.096360,0,107.14,NaN
57.5520,0.016850,0.090176,0,107.14,NaN
57.5600,0.008059,0.080658,0,107.14,NaN
57.5680,-0.004151,0.070010,0,107.14,NaN
57.5760,-0.010989,0.060283,0,107.14,NaN
57.5840,-0.016850,0.052834,0,107.14,NaN
57.5920,-0.021734,0.048177,0,107.14,NaN
57.6000,-0.023199,0.046033,0,107.14,NaN
57.6080,-0.022222,0.045391,0,107.14,NaN
57.6160,-0.020757,0.092100,0,107.14,NaN
57.6240,-0.020757,0.091360,0,107.14,NaN
57.6320,-0.026129,0.086564,0,107.14,NaN
57.6400,-0.038828,0.077557,0,107.14,NaN
57.6480,-0.053480,0.065649,0,107.14,NaN
57.6560,-0.067155,0.052998,0,107.14,NaN
57.6640,-0.079365,0.041773,0,107.14,NaN
57.6720,-0.088645,0.033592,0,107.14,NaN
57.6800,-0.094505,0.029266,0,107.14,NaN
57.6880,-0.098413,0.028741,0,107.14,NaN
57.6960,-0.094994,0.031196,0,107.14,NaN
57.7040,-0.094505,0.035432,0,107.14,NaN
57.7120,-0.094994,0.040419,0,107.14,NaN
57.7200,-0.096947,-0.029197,0,107.14,NaN
57.7280,-0.097924,-0.029285,0,107.14,NaN
57.7360,-0.098413,-0.029353,0,107.14,NaN
57.7440,-0.099389,-0.028962,0,107.14,NaN
57.7520,-0.100366,-0.027754,0,107.14,NaN
57.7600,-0.098901,-0.025624,0,107.14,NaN
57.7680,-0.096459,-0.022847,0,107.14,NaN
57.7760,-0.094994,-0.019963,0,107.14,NaN
57.7840,-0.094505,-0.017523,0,107.14,NaN
57.7920,-0.093529,-0.015910,0,107.14,NaN
57.8000,-0.094994,-0.015242,0,107.14,NaN
57.8080,-0.098413,-0.015329,0,107.14,NaN
57.8160,-0.100366,-0.015799,0,107.14,NaN
57.8240,-0.101343,-0.034329,0,107.14,NaN
57.8320,-0.099878,-0.032620,0,107.14,NaN
57.8400,-0.099878,-0.030196,0,107.14,NaN
57.8480,-0.099389,-0.027558,0,107.14,NaN
57.8560,-0.098901,-0.025179,0,107.14,NaN
57.8640,-0.098413,-0.023381,0,107.14,NaN
57.8720,-0.100366,-0.022220,0,107.14,NaN
57.8800,-0.101343,-0.021493,0,107.14,NaN
57.8880,-0.101832,-0.020883,0,107.14,NaN
57.8960,-0.102320,-0.020084,0,107.14,NaN
57.9040,-0.103785,-0.018824,0,107.14,NaN
57.9120,-0.104274,-0.016954,0,107.14,NaN
57.9200,-0.102320,-0.014630,0,107.14,NaN
57.9280,-0.101343,0.034261,0,107.14,NaN
57.9360,-0.098901,0.039798,0,107.14,NaN
57.9440,-0.095482,0.045097,0,107.14,NaN
57.9520,-0.094994,0.049678,0,107.14,NaN
57.9600,-0.094505,0.053373,0,107.14,NaN
57.9680,-0.096459,0.056281,0,107.14,NaN
57.9760,-0.096459,0.058409,0,107.14,NaN
57.9840,-0.095971,0.059307,0,107.14,NaN
57.9920,-0.097924,0.058046,0,107.14,NaN
58.0000,-0.101343,0.053614,0,107.14,NaN
58.0080,-0.111600,0.045479,0,107.14,NaN
58.0160,-0.122344,0.034007,0,107.14,NaN
58.0240,-0.138462,0.020543,0,107.14,NaN
58.0320,-0.156044,-0.831022,0,107.14,NaN
58.0400,-0.170208,-0.878269,0,107.14,NaN
58.0480,-0.172161,-0.916677,0,107.14,NaN
58.0560,-0.163370,-0.941984,0,107.14,NaN
58.0640,-0.137485,-0.950951,0,107.14,NaN
58.0720,-0.096947,-0.941435,0,107.14,NaN
58.0800,-0.039316,-0.912273,0,107.14,NaN
58.0880,0.033944,-0.863305,0,107.14,NaN
58.0960,0.124298,-0.795758,0,107.14,NaN
58.1040,0.236142,-0.712740,0,107.14,NaN
58.1120,0.360195,-0.618999,0,107.14,NaN
58.1200,0.480342,-0.519531,0,107.14,NaN
58.1280,0.600000,-0.418133,0,107.14,NaN
58.1360,0.718681,0.880493,0,107.14,NaN
58.1440,0.836874,0.958032,0,107.14,NaN
58.1520,0.901832,1.000000,1,107.14,NaN
58.1600,0.867155,0.997762,1,107.14,NaN
58.1680,0.733822,0.952599,0,107.14,NaN
58.1760,0.570696,0.875465,0,107.14,NaN
58.1840,0.399267,0.782115,0,107.14,NaN
58.1920,0.235653,0.687875,0,107.14,NaN
58.2000,0.086691,0.604881,0,107.14,NaN
58.2080,-0.047131,0.541334,0,107.14,NaN
58.2160,-0.149206,0.500975,0,107.14,NaN
58.2240,-0.210745,0.481910,0,107.14,NaN
58.2320,-0.228816,0.475912,0,107.14,NaN
58.2400,-0.215629,-0.182798,0,107.14,NaN
58.2480,-0.178022,-0.145525,0,107.14,NaN
58.2560,-0.132112,-0.096903,0,107.14,NaN
58.2640,-0.088156,-0.049404,0,107.14,NaN
58.2720,-0.058852,-0.012305,0,107.14,NaN
58.2800,-0.044689,0.009738,0,107.14,NaN
58.2880,-0.045177,0.016651,0,107.14,NaN
58.2960,-0.054457,0.011674,0,107.14,NaN
58.3040,-0.068620,-0.000440,0,107.14,NaN
58.3120,-0.084249,-0.015113,0,107.14,NaN
58.3200,-0.094994,-0.029163,0,107.14,NaN
58.3280,-0.104274,-0.041324,0,107.14,NaN
58.3360,-0.110134,-0.052022,0,107.14,NaN
58.3440,-0.113553,-0.141748,0,107.14,NaN
58.3520,-0.113553,-0.147120,0,107.14,NaN
58.3600,-0.113553,-0.150831,0,107.14,NaN
58.3680,-0.114530,-0.153297,0,107.14,NaN
58.3760,-0.113553,-0.154547,0,107.14,NaN
58.3840,-0.111600,-0.154367,0,107.14,NaN
58.3920,-0.110134,-0.152367,0,107.14,NaN
58.4000,-0.111111,-0.147921,0,107.14,NaN
58.4080,-0.110134,-0.140278,0,107.14,NaN
58.4160,-0.109646,-0.128906,0,107.14,NaN
58.4240,-0.107692,-0.113811,0,107.14,NaN
58.4320,-0.108669,-0.095658,0,107.14,NaN
58.4400,-0.109158,-0.075746,0,107.14,NaN
58.4480,-0.112088,-0.116598,0,107.14,NaN
58.4560,-0.113553,-0.100033,0,107.14,NaN
58.4640,-0.114042,-0.082574,0,107.14,NaN
58.4720,-0.114530,-0.065312,0,107.14,NaN
58.4800,-0.110134,-0.049554,0,107.14,NaN
58.4880,-0.107692,-0.036645,0,107.14,NaN
58.4960,-0.104274,-0.027683,0,107.14,NaN
58.5040,-0.101343,-0.023191,0,107.14,NaN
58.5120,-0.103785,-0.022849,0,107.14,NaN
58.5200,-0.105739,-0.025543,0,107.14,NaN
58.5280,-0.105250,-0.029885,0,107.14,NaN
58.5360,-0.104762,-0.034819,0,107.14,NaN
58.5440,-0.102808,-0.039876,0,107.14,NaN
58.5520,-0.102320,-0.019616,0,107.14,NaN
58.5600,-0.101832,-0.020363,0,107.14,NaN
58.5680,-0.101343,-0.019910,0,107.14,NaN
58.5760,-0.100366,-0.018244,0,107.14,NaN
58.5840,-0.095971,-0.015648,0,107.14,NaN
58.5920,-0.093529,-0.012643,0,107.14,NaN
58.6000,-0.092063,-0.009786,0,107.14,NaN
58.6080,-0.087668,-0.007545,0,107.14,NaN
58.6160,-0.086691,-0.006232,0,107.14,NaN
58.6240,-0.085714,-0.005913,0,107.14,NaN
58.6320,-0.085714,-0.006393,0,107.14,NaN
58.6400,-0.085714,-0.007359,0,107.14,NaN
58.6480,-0.084737,-0.008536,0,107.14,NaN
58.6560,-0.085714,-0.018737,0,107.14,NaN
58.6640,-0.088156,-0.022583,0,107.14,NaN
58.6720,-0.092063,-0.026213,0,107.14,NaN
58.6800,-0.092063,-0.028914,0,107.14,NaN
58.6880,-0.090598,-0.030348,0,107.14,NaN
58.6960,-0.087179,-0.030604,0,107.14,NaN
58.7040,-0.084737,-0.029852,0,107.14,NaN
58.7120,-0.084249,-0.028002,0,107.14,NaN
58.7200,-0.082784,-0.024856,0,107.14,NaN
58.7280,-0.073016,-0.020714,0,107.14,NaN
58.7360,-0.063736,-0.016568,0,107.14,NaN
58.7440,-0.058852,-0.013377,0,107.14,NaN
58.7520,-0.058852,-0.011156,0,107.14,NaN
58.7600,-0.061783,0.008899,0,107.14,NaN
58.7680,-0.067155,0.004096,0,107.14,NaN
58.7760,-0.070574,-0.000466,0,107.14,NaN
58.7840,-0.071062,-0.003247,0,107.14,NaN
58.7920,-0.070574,-0.003524,0,107.14,NaN
58.8000,-0.067155,-0.001561,0,107.14,NaN
58.8080,-0.059341,0.001507,0,107.14,NaN
58.8160,-0.054457,0.004217,0,107.14,NaN
58.8240,-0.054457,0.005575,0,107.14,NaN
58.8320,-0.054457,0.005430,0,107.14,NaN
58.8400,-0.054457,0.004175,0,107.14,NaN
58.8480,-0.053480,0.002282,0,107.14,NaN
58.8560,-0.053968,0.000099,0,107.14,NaN
58.8640,-0.058852,-0.011570,0,107.14,NaN
58.8720,-0.063736,-0.015197,0,107.14,NaN
58.8800,-0.065201,-0.016056,0,107.14,NaN
58.8880,-0.057875,-0.013518,0,107.14,NaN
58.8960,-0.051038,-0.008321,0,107.14,NaN
58.9040,-0.041270,-0.002170,0,107.14,NaN
58.9120,-0.034432,0.003109,0,107.14,NaN
58.9200,-0.032479,0.006312,0,107.14,NaN
58.9280,-0.031502,0.007091,0,107.14,NaN
58.9360,-0.030525,0.005649,0,107.14,NaN
58.9440,-0.031013,0.002371,0,107.14,NaN
58.9520,-0.033455,-0.002263,0,107.14,NaN
58.9600,-0.036386,-0.007636,0,107.14,NaN
58.9680,-0.037851,-0.009220,0,107.14,NaN
58.9760,-0.034432,-0.009514,0,107.14,NaN
58.9840,-0.033455,-0.007627,0,107.14,NaN
58.9920,-0.024664,-0.004177,0,107.14,NaN
59.0000,-0.019780,-0.000288,0,107.14,NaN
59.0080,-0.013919,0.002859,0,107.14,NaN
59.0160,-0.010012,0.004516,0,107.14,NaN
59.0240,-0.011966,0.004616,0,107.14,NaN
59.0320,-0.009035,0.003606,0,107.14,NaN
59.0400,-0.010012,0.002046,0,107.14,NaN
59.0480,-0.009035,0.000352,0,107.14,NaN
59.0560,-0.009035,-0.001265,0,107.14,NaN
59.0640,-0.008059,-0.002791,0,107.14,NaN
59.0720,-0.007082,0.018761,0,107.14,NaN
59.0800,-0.003175,0.019571,0,107.14,NaN
59.0880,-0.002686,0.020621,0,107.14,NaN
59.0960,-0.000244,0.021949,0,107.14,NaN
59.1040,-0.000733,0.023660,0,107.14,NaN
59.1120,0.004640,0.025614,0,107.14,NaN
59.1200,0.007570,0.027246,0,107.14,NaN
59.1280,0.009035,0.027790,0,107.14,NaN
59.1360,0.010501,0.026676,0,107.14,NaN
59.1440,0.007570,0.023831,0,107.14,NaN
59.1520,0.003175,0.019723,0,107.14,NaN
59.1600,-0.000244,0.015046,0,107.14,NaN
59.1680,-0.001221,0.010257,0,107.14,NaN
59.1760,-0.004640,0.043362,0,107.14,NaN
59.1840,-0.007570,0.038500,0,107.14,NaN
59.1920,-0.014896,0.033360,0,107.14,NaN
59.2000,-0.021245,0.028716,0,107.14,NaN
59.2080,-0.023687,0.025294,0,107.14,NaN
59.2160,-0.026129,0.023320,0,107.14,NaN
59.2240,-0.027106,0.022457,0,107.14,NaN
59.2320,-0.026129,0.022045,0,107.14,NaN
59.2400,-0.029548,0.021473,0,107.14,NaN
59.2480,-0.031502,0.020449,0,107.14,NaN
59.2560,-0.033944,0.018962,0,107.14,NaN
59.2640,-0.035897,0.017122,0,107.14,NaN
59.2720,-0.038828,0.015102,0,107.14,NaN
59.2800,-0.041758,0.022149,0,107.14,NaN
59.2880,-0.046154,0.019015,0,107.14,NaN
59.2960,-0.051526,0.015516,0,107.14,NaN
59.3040,-0.055433,0.011972,0,107.14,NaN
59.3120,-0.060806,0.008731,0,107.14,NaN
59.3200,-0.065690,0.006107,0,107.14,NaN
59.3280,-0.069109,0.004267,0,107.14,NaN
59.3360,-0.070574,0.003156,0,107.14,NaN
59.3440,-0.073504,0.002619,0,107.14,NaN
59.3520,-0.077411,0.002611,0,107.14,NaN
59.3600,-0.078877,0.003188,0,107.14,NaN
59.3680,-0.080342,0.004324,0,107.14,NaN
59.3760,-0.081319,0.005819,0,107.14,NaN
59.3840,-0.085714,-0.025378,0,107.14,NaN
59.3920,-0.091087,-0.027749,0,107.14,NaN
59.4000,-0.093040,-0.029904,0,107.14,NaN
59.4080,-0.095971,-0.031363,0,107.14,NaN
59.4160,-0.098901,-0.031731,0,107.14,NaN
59.4240,-0.101343,-0.030757,0,107.14,NaN
59.4320,-0.099878,-0.028547,0,107.14,NaN
59.4400,-0.097924,-0.025637,0,107.14,NaN
59.4480,-0.098413,-0.022730,0,107.14,NaN
59.4560,-0.096947,-0.020316,0,107.14,NaN
59.4640,-0.100366,-0.018471,0,107.14,NaN
59.4720,-0.101343,-0.016959,0,107.14,NaN
59.4800,-0.101343,-0.015531,0,107.14,NaN
59.4880,-0.101832,-0.037340,0,107.14,NaN
59.4960,-0.101343,-0.035592,0,107.14,NaN
59.5040,-0.098901,-0.033111,0,107.14,NaN
59.5120,-0.098413,-0.030114,0,107.14,NaN
59.5200,-0.095482,-0.026962,0,107.14,NaN
59.5280,-0.092552,-0.024121,0,107.14,NaN
59.5360,-0.092552,-0.022000,0,107.14,NaN
59.5440,-0.091087,-0.020755,0,107.14,NaN
59.5520,-0.092063,-0.020204,0,107.14,NaN
59.5600,-0.094017,-0.019854,0,107.14,NaN
59.5680,-0.094505,-0.019137,0,107.14,NaN
59.5760,-0.093529,-0.017760,0,107.14,NaN
59.5840,-0.091575,-0.015895,0,107.14,NaN
59.5920,-0.088156,-0.004530,0,107.14,NaN
59.6000,-0.083272,0.001101,0,107.14,NaN
59.6080,-0.076923,0.006142,0,107.14,NaN
59.6160,-0.072527,0.009321,0,107.14,NaN
59.6240,-0.074481,0.010010,0,107.14,NaN
59.6320,-0.078388,0.008553,0,107.14,NaN
59.6400,-0.080830,0.005918,0,107.14,NaN
59.6480,-0.081807,0.003098,0,107.14,NaN
59.6560,-0.084737,0.000856,0,107.14,NaN
59.6640,-0.085714,-0.000270,0,107.14,NaN
59.6720,-0.085714,-0.000012,0,107.14,NaN
59.6800,-0.084249,0.001519,0,107.14,NaN
59.6880,-0.081319,0.003812,0,107.14,NaN
59.6960,-0.079365,0.005913,0,107.14,NaN
59.7040,-0.078877,0.006359,0,107.14,NaN
59.7120,-0.079365,0.005615,0,107.14,NaN
59.7200,-0.080830,0.003947,0,107.14,NaN
59.7280,-0.082784,0.001986,0,107.14,NaN
59.7360,-0.084737,0.000493,0,107.14,NaN
59.7440,-0.084737,0.000024,0,107.14,NaN
59.7520,-0.082784,0.000659,0,107.14,NaN
59.7600,-0.080342,0.001978,0,107.14,NaN
59.7680,-0.078388,0.003310,0,107.14,NaN
59.7760,-0.076923,0.004058,0,107.14,NaN
59.7840,-0.075458,0.003951,0,107.14,NaN
59.7920,-0.077411,0.003209,0,107.14,NaN
59.8000,-0.080830,0.003017,0,107.14,NaN
59.8080,-0.084249,-0.000803,0,107.14,NaN
59.8160,-0.085226,-0.004584,0,107.14,NaN
59.8240,-0.088156,-0.007675,0,107.14,NaN
59.8320,-0.093040,-0.009502,0,107.14,NaN
59.8400,-0.091087,-0.009862,0,107.14,NaN
59.8480,-0.086691,-0.009239,0,107.14,NaN
59.8560,-0.085226,-0.008486,0,107.14,NaN
59.8640,-0.084737,-0.008085,0,107.14,NaN
59.8720,-0.088156,-0.007767,0,107.14,NaN
59.8800,-0.086691,-0.006840,0,107.14,NaN
59.8880,-0.085226,-0.004870,0,107.14,NaN
59.8960,-0.080342,-0.002102,0,107.14,NaN
59.9040,-0.074481,0.001673,0,107.14,NaN
59.9120,-0.074481,0.001024,0,107.14,NaN
59.9200,-0.078877,-0.002833,0,107.14,NaN
59.9280,-0.085714,-0.009270,0,107.14,NaN
59.9360,-0.093529,-0.016615,0,107.14,NaN
59.9440,-0.100855,-0.022804,0,107.14,NaN
59.9520,-0.102808,-0.026169,0,107.14,NaN
59.9600,-0.101343,-0.025998,0,107.14,NaN
59.9680,-0.097924,-0.022634,0,107.14,NaN
59.9760,-0.091575,-0.017200,0,107.14,NaN
59.9840,-0.083272,-0.011122,0,107.14,NaN
59.9920,-0.078877,-0.005474,0,107.14,NaN
60.0000,-0.077411,-0.000434,0,107.14,NaN
60.0080,-0.079365,0.007771,0,107.14,NaN
60.0160,-0.083272,0.004352,0,107.14,NaN
60.0240,-0.088156,-0.000142,0,107.14,NaN
60.0320,-0.093529,-0.004213,0,107.14,NaN
60.0400,-0.093529,-0.006720,0,107.14,NaN
60.0480,-0.094017,-0.007146,0,107.14,NaN
60.0560,-0.094017,-0.005567,0,107.14,NaN
60.0640,-0.090598,-0.002593,0,107.14,NaN
60.0720,-0.085714,0.000687,0,107.14,NaN
60.0800,-0.084249,0.003036,0,107.14,NaN
60.0880,-0.082784,0.003578,0,107.14,NaN
60.0960,-0.085226,0.002176,0,107.14,NaN
60.1040,-0.089133,-0.000476,0,107.14,NaN
60.1120,-0.094017,-0.006751,0,107.14,NaN
60.1200,-0.099389,-0.009439,0,107.14,NaN
60.1280,-0.099389,-0.009735,0,107.14,NaN
60.1360,-0.094505,-0.007703,0,107.14,NaN
60.1440,-0.089133,-0.004545,0,107.14,NaN
60.1520,-0.086203,-0.001876,0,107.14,NaN
60.1600,-0.085714,-0.000888,0,107.14,NaN
60.1680,-0.085714,-0.001882,0,107.14,NaN
60.1760,-0.091087,-0.004199,0,107.14,NaN
60.1840,-0.093529,-0.006563,0,107.14,NaN
60.1920,-0.095482,-0.007728,0,107.14,NaN
60.2000,-0.095971,-0.007130,0,107.14,NaN
60.2080,-0.091087,-0.005234,0,107.14,NaN
60.2160,-0.086203,0.001839,0,107.14,NaN
60.2240,-0.082295,0.005916,0,107.14,NaN
60.2320,-0.078877,0.008496,0,107.14,NaN
60.2400,-0.079853,0.009012,0,107.14,NaN
60.2480,-0.082784,0.007702,0,107.14,NaN
60.2560,-0.084249,0.005305,0,107.14,NaN
60.2640,-0.084737,0.002629,0,107.14,NaN
60.2720,-0.087668,0.000399,0,107.14,NaN
60.2800,-0.090110,-0.000769,0,107.14,NaN
60.2880,-0.089133,-0.000588,0,107.14,NaN
60.2960,-0.085714,0.000714,0,107.14,NaN
60.3040,-0.084737,0.002609,0,107.14,NaN
60.3120,-0.084249,0.004680,0,107.14,NaN
60.3200,-0.084249,0.001564,0,107.14,NaN
60.3280,-0.085226,-0.000429,0,107.14,NaN
60.3360,-0.088156,-0.003869,0,107.14,NaN
60.3440,-0.093040,-0.008144,0,107.14,NaN
60.3520,-0.096947,-0.012339,0,107.14,NaN
60.3600,-0.099878,-0.015613,0,107.14,NaN
60.3680,-0.098901,-0.017485,0,107.14,NaN
60.3760,-0.100366,-0.017823,0,107.14,NaN
60.3840,-0.098901,-0.016668,0,107.14,NaN
60.3920,-0.096947,-0.014146,0,107.14,NaN
60.4000,-0.094994,-0.010510,0,107.14,NaN
60.4080,-0.087668,-0.006166,0,107.14,NaN
60.4160,-0.085714,-0.001535,0,107.14,NaN
60.4240,-0.084249,0.007174,0,107.14,NaN
60.4320,-0.085714,0.007914,0,107.14,NaN
60.4400,-0.085714,0.008130,0,107.14,NaN
60.4480,-0.085714,0.008381,0,107.14,NaN
60.4560,-0.084249,0.008922,0,107.14,NaN
60.4640,-0.084737,0.009689,0,107.14,NaN
60.4720,-0.083272,0.010393,0,107.14,NaN
60.4800,-0.082295,0.010645,0,107.14,NaN
60.4880,-0.083272,0.010147,0,107.14,NaN
60.4960,-0.084249,0.008873,0,107.14,NaN
60.5040,-0.086203,0.007091,0,107.14,NaN
60.5120,-0.090598,0.005203,0,107.14,NaN
60.5200,-0.089621,0.003425,0,107.14,NaN
60.5280,-0.087179,-0.046009,0,107.14,NaN
60.5360,-0.084249,-0.043229,0,107.14,NaN
60.5440,-0.076435,-0.038837,0,107.14,NaN
60.5520,-0.070574,-0.033858,0,107.14,NaN
60.5600,-0.064713,-0.029335,0,107.14,NaN
60.5680,-0.059829,-0.026002,0,107.14,NaN
60.5760,-0.056899,-0.024106,0,107.14,NaN
60.5840,-0.054457,-0.023395,0,107.14,NaN
60.5920,-0.053968,-0.023238,0,107.14,NaN
60.6000,-0.051038,-0.022900,0,107.14,NaN
60.6080,-0.049084,-0.021834,0,107.14,NaN
60.6160,-0.045177,-0.019876,0,107.14,NaN
60.6240,-0.039805,-0.017323,0,107.14,NaN
60.6320,-0.035409,-0.014866,0,107.14,NaN
60.6400,-0.027595,-0.010174,0,107.14,NaN
60.6480,-0.022711,-0.004388,0,107.14,NaN
60.6560,-0.015873,0.002677,0,107.14,NaN
60.6640,-0.006105,0.010887,0,107.14,NaN
60.6720,0.005617,0.019426,0,107.14,NaN
60.6800,0.015385,0.026876,0,107.14,NaN
60.6880,0.023687,0.031689,0,107.14,NaN
60.6960,0.026129,0.032708,0,107.14,NaN
60.7040,0.025641,0.029452,0,107.14,NaN
60.7120,0.023687,0.022106,0,107.14,NaN
60.7200,0.016850,0.011469,0,107.14,NaN
60.7280,0.008059,-0.001048,0,107.14,NaN
60.7360,-0.003175,0.121885,0,107.14,NaN
60.7440,-0.015873,0.112961,0,107.14,NaN
60.7520,-0.023687,0.106451,0,107.14,NaN
60.7600,-0.029548,0.103385,0,107.14,NaN
60.7680,-0.030525,0.103577,0,107.14,NaN
60.7760,-0.029548,0.105611,0,107.14,NaN
60.7840,-0.028083,0.107290,0,107.14,NaN
60.7920,-0.031502,0.106421,0,107.14,NaN
60.8000,-0.038339,0.101549,0,107.14,NaN
60.8080,-0.049084,0.092319,0,107.14,NaN
60.8160,-0.064225,0.079436,0,107.14,NaN
60.8240,-0.082784,0.064266,0,107.14,NaN
60.8320,-0.095482,0.048177,0,107.14,NaN
60.8400,-0.103785,-0.022202,0,107.14,NaN
60.8480,-0.107692,-0.027069,0,107.14,NaN
60.8560,-0.107204,-0.027736,0,107.14,NaN
60.8640,-0.106227,-0.025673,0,107.14,NaN
60.8720,-0.103785,-0.022599,0,107.14,NaN
60.8800,-0.102808,-0.019980,0,107.14,NaN
60.8880,-0.102808,-0.018671,0,107.14,NaN
60.8960,-0.104762,-0.018723,0,107.14,NaN
60.9040,-0.110134,-0.019450,0,107.14,NaN
60.9120,-0.111600,-0.019853,0,107.14,NaN
60.9200,-0.113553,-0.019211,0,107.14,NaN
60.9280,-0.111111,-0.017428,0,107.14,NaN
60.9360,-0.111600,-0.014937,0,107.14,NaN
60.9440,-0.113553,-0.047442,0,107.14,NaN
60.9520,-0.114530,-0.047137,0,107.14,NaN
60.9600,-0.115507,-0.046702,0,107.14,NaN
60.9680,-0.114530,-0.046110,0,107.14,NaN
60.9760,-0.116972,-0.045316,0,107.14,NaN
60.9840,-0.117949,-0.044152,0,107.14,NaN
60.9920,-0.119414,-0.042392,0,107.14,NaN
61.0000,-0.119414,-0.039930,0,107.14,NaN
61.0080,-0.118437,-0.036868,0,107.14,NaN
61.0160,-0.118437,-0.033459,0,107.14,NaN
61.0240,-0.117460,-0.029959,0,107.14,NaN
61.0320,-0.117460,-0.026515,0,107.14,NaN
61.0400,-0.116972,-0.023147,0,107.14,NaN
61.0480,-0.117949,-0.037760,0,107.14,NaN
61.0560,-0.119902,-0.039697,0,107.14,NaN
61.0640,-0.125275,-0.042018,0,107.14,NaN
61.0720,-0.128205,-0.043494,0,107.14,NaN
61.0800,-0.129182,-0.043003,0,107.14,NaN
61.0880,-0.127228,-0.040057,0,107.14,NaN
61.0960,-0.122833,-0.035022,0,107.14,NaN
61.1040,-0.116972,-0.028984,0,107.14,NaN
61.1120,-0.112576,-0.023329,0,107.14,NaN
61.1200,-0.109158,-0.019280,0,107.14,NaN
61.1280,-0.106227,-0.017537,0,107.14,NaN
61.1360,-0.107692,-0.018045,0,107.14,NaN
61.1440,-0.109646,-0.019948,0,107.14,NaN
61.1520,-0.115018,-0.165541,0,107.14,NaN
61.1600,-0.120879,-0.183297,0,107.14,NaN
61.1680,-0.132601,-0.205257,0,107.14,NaN
61.1760,-0.146764,-0.230496,0,107.14,NaN
61.1840,-0.163858,-0.256790,0,107.14,NaN
61.1920,-0.178999,-0.280693,0,107.14,NaN
61.2000,-0.186813,-0.298029,0,107.14,NaN
61.2080,-0.183883,-0.304498,0,107.14,NaN
61.2160,-0.173138,-0.296110,0,107.14,NaN
61.2240,-0.148230,-0.269796,0,107.14,NaN
61.2320,-0.103785,-0.224557,0,107.14,NaN
61.2400,-0.048596,-0.162856,0,107.14,NaN
61.2480,0.031990,-0.091398,0,107.14,NaN
61.2560,0.133089,0.160604,0,107.14,NaN
61.2640,0.246886,0.296557,0,107.14,NaN
61.2720,0.374847,0.448911,0,107.14,NaN
61.2800,0.504762,0.609770,0,107.14,NaN
61.2880,0.633700,0.766082,0,107.14,NaN
61.2960,0.772894,0.898373,0,107.14,NaN
61.3040,0.878388,0.983063,1,107.14,NaN
61.3120,0.904762,1.000000,1,107.14,NaN
61.3200,0.838828,0.941192,0,107.14,NaN
61.3280,0.701099,0.813987,0,107.14,NaN
61.3360,0.538950,0.636360,0,107.14,NaN
61.3440,0.368010,0.428558,0,107.14,NaN
61.3520,0.198046,0.207400,0,107.14,NaN
61.3600,0.040781,0.046056,0,107.14,NaN
61.3680,-0.095971,-0.103650,0,107.14,NaN
61.3760,-0.187302,-0.207987,0,107.14,NaN
61.3840,-0.229304,-0.263165,0,107.14,NaN
61.3920,-0.232723,-0.273137,0,107.14,NaN
61.4000,-0.202442,-0.248480,0,107.14,NaN
61.4080,-0.156532,-0.203759,0,107.14,NaN
61.4160,-0.108181,-0.154188,0,107.14,NaN
61.4240,-0.070574,-0.112434,0,107.14,NaN
61.4320,-0.049573,-0.086430,0,107.14,NaN
61.4400,-0.041758,-0.078604,0,107.14,NaN
61.4480,-0.049573,-0.086238,0,107.14,NaN
61.4560,-0.066667,-0.102547,0,107.14,NaN
61.4640,-0.084249,-0.003615,0,107.14,NaN
61.4720,-0.099878,-0.019763,0,107.14,NaN
61.4800,-0.111111,-0.032864,0,107.14,NaN
61.4880,-0.117949,-0.041610,0,107.14,NaN
61.4960,-0.121856,-0.046030,0,107.14,NaN
61.5040,-0.123321,-0.046935,0,107.14,NaN
61.5120,-0.119902,-0.045517,0,107.14,NaN
61.5200,-0.116972,-0.042965,0,107.14,NaN
61.5280,-0.116484,-0.040028,0,107.14,NaN
61.5360,-0.116972,-0.036812,0,107.14,NaN
61.5440,-0.116972,-0.033035,0,107.14,NaN
61.5520,-0.117949,-0.028482,0,107.14,NaN
61.5600,-0.119414,-0.023301,0,107.14,NaN
61.5680,-0.118926,-0.248758,0,107.14,NaN
61.5760,-0.119902,-0.244877,0,107.14,NaN
61.5840,-0.118437,-0.237140,0,107.14,NaN
61.5920,-0.116972,-0.225798,0,107.14,NaN
61.6000,-0.116972,-0.211532,0,107.14,NaN
61.6080,-0.117949,-0.195293,0,107.14,NaN
61.6160,-0.120391,-0.178167,0,107.14,NaN
61.6240,-0.121856,-0.161320,0,107.14,NaN
61.6320,-0.121368,-0.145969,0,107.14,NaN
61.6400,-0.119414,-0.133253,0,107.14,NaN
61.6480,-0.116972,-0.123875,0,107.14,NaN
61.6560,-0.115995,-0.117682,0,107.14,NaN
61.6640,-0.113553,-0.113487,0,107.14,NaN
61.6720,-0.109158,-0.006754,0,107.14,NaN
61.6800,-0.106716,-0.006373,0,107.14,NaN
61.6880,-0.103297,-0.008411,0,107.14,NaN
61.6960,-0.104274,-0.012040,0,107.14,NaN
61.7040,-0.109158,-0.015845,0,107.14,NaN
61.7120,-0.110134,-0.018297,0,107.14,NaN
61.7200,-0.107692,-0.018546,0,107.14,NaN
61.7280,-0.103297,-0.016768,0,107.14,NaN
61.7360,-0.101343,-0.013782,0,107.14,NaN
61.7440,-0.099878,-0.010455,0,107.14,NaN
61.7520,-0.096947,-0.007385,0,107.14,NaN
61.7600,-0.094994,-0.004837,0,107.14,NaN
61.7680,-0.094017,-0.002706,0,107.14,NaN
61.7760,-0.094017,0.002676,0,107.14,NaN
61.7840,-0.094505,0.002384,0,107.14,NaN
61.7920,-0.094017,0.001877,0,107.14,NaN
61.8000,-0.093529,0.001372,0,107.14,NaN
61.8080,-0.093040,0.001033,0,107.14,NaN
61.8160,-0.093040,0.000985,0,107.14,NaN
61.8240,-0.092063,0.001284,0,107.14,NaN
61.8320,-0.090110,0.001830,0,107.14,NaN
61.8400,-0.086691,0.002360,0,107.14,NaN
61.8480,-0.085714,0.002603,0,107.14,NaN
61.8560,-0.086691,0.002470,0,107.14,NaN
61.8640,-0.085714,0.002055,0,107.14,NaN
61.8720,-0.085226,0.001506,0,107.14,NaN
61.8800,-0.082295,0.002525,0,107.14,NaN
61.8880,-0.077900,0.004171,0,107.14,NaN
61.8960,-0.076923,0.005833,0,107.14,NaN
61.9040,-0.074481,0.007105,0,107.14,NaN
61.9120,-0.071551,0.007636,0,107.14,NaN
61.9200,-0.070574,0.007203,0,107.14,NaN
61.9280,-0.071551,0.005881,0,107.14,NaN
61.9360,-0.072039,0.004090,0,107.14,NaN
61.9440,-0.073016,0.002425,0,107.14,NaN
61.9520,-0.072527,0.001426,0,107.14,NaN
61.9600,-0.071062,0.001398,0,107.14,NaN
61.9680,-0.069597,0.002326,0,107.14,NaN
61.9760,-0.065690,0.003853,0,107.14,NaN
61.9840,-0.062271,0.003639,0,107.14,NaN
61.9920,-0.059829,0.005164,0,107.14,NaN
62.0000,-0.058852,0.006052,0,107.14,NaN
62.0080,-0.057387,0.006271,0,107.14,NaN
62.0160,-0.055922,0.005927,0,107.14,NaN
62.0240,-0.055922,0.005179,0,107.14,NaN
62.0320,-0.054945,0.004202,0,107.14,NaN
62.0400,-0.054457,0.003169,0,107.14,NaN
62.0480,-0.053480,0.002269,0,107.14,NaN
62.0560,-0.053968,0.001760,0,107.14,NaN
62.0640,-0.053480,0.001886,0,107.14,NaN
62.0720,-0.049573,0.002671,0,107.14,NaN
62.0800,-0.047619,0.003852,0,107.14,NaN
62.0880,-0.047131,0.008664,0,107.14,NaN
62.0960,-0.047131,0.008307,0,107.14,NaN
62.1040,-0.047619,0.008019,0,107.14,NaN
62.1120,-0.047131,0.008228,0,107.14,NaN
62.1200,-0.043712,0.009037,0,107.14,NaN
62.1280,-0.040781,0.010144,0,107.14,NaN
62.1360,-0.038828,0.011081,0,107.14,NaN
62.1440,-0.038828,0.011485,0,107.14,NaN
62.1520,-0.036386,0.011157,0,107.14,NaN
62.1600,-0.036386,0.010050,0,107.14,NaN
62.1680,-0.038339,0.008322,0,107.14,NaN
62.1760,-0.038828,0.006272,0,107.14,NaN
62.1840,-0.038828,0.004129,0,107.14,NaN
62.1920,-0.038828,-0.013346,0,107.14,NaN
62.2000,-0.036386,-0.013366,0,107.14,NaN
62.2080,-0.035409,-0.012216,0,107.14,NaN
62.2160,-0.031013,-0.010105,0,107.14,NaN
62.2240,-0.026129,-0.007512,0,107.14,NaN
62.2320,-0.023199,-0.005042,0,107.14,NaN
62.2400,-0.018803,-0.003214,0,107.14,NaN
62.2480,-0.016850,-0.002322,0,107.14,NaN
62.2560,-0.014896,-0.002345,0,107.14,NaN
62.2640,-0.015385,-0.002969,0,107.14,NaN
62.2720,-0.014408,-0.003778,0,107.14,NaN
62.2800,-0.011966,-0.004516,0,107.14,NaN
62.2880,-0.010989,-0.005167,0,107.14,NaN
62.2960,-0.010501,0.040167,0,107.14,NaN
62.3040,-0.010989,0.039663,0,107.14,NaN
62.3120,-0.013919,0.038595,0,107.14,NaN
62.3200,-0.015385,0.037290,0,107.14,NaN
62.3280,-0.015873,0.035968,0,107.14,NaN
62.3360,-0.016850,0.034631,0,107.14,NaN
62.3440,-0.017827,0.033180,0,107.14,NaN
62.3520,-0.021734,0.031568,0,107.14,NaN
62.3600,-0.022222,0.029744,0,107.14,NaN
62.3680,-0.023199,0.027549,0,107.14,NaN
62.3760,-0.026129,0.024818,0,107.14,NaN
62.3840,-0.030525,0.021583,0,107.14,NaN
62.3920,-0.033455,0.018077,0,107.14,NaN
62.4000,-0.039316,0.049074,0,107.14,NaN
62.4080,-0.043223,0.044666,0,107.14,NaN
62.4160,-0.052015,0.039953,0,107.14,NaN
62.4240,-0.056899,0.035440,0,107.14,NaN
62.4320,-0.062759,0.031535,0,107.14,NaN
62.4400,-0.067155,0.028389,0,107.14,NaN
62.4480,-0.070085,0.025941,0,107.14,NaN
62.4560,-0.075946,0.024069,0,107.14,NaN
62.4640,-0.078877,0.022666,0,107.14,NaN
62.4720,-0.082784,0.021566,0,107.14,NaN
62.4800,-0.084737,0.020469,0,107.14,NaN
62.4880,-0.086691,0.019074,0,107.14,NaN
62.4960,-0.093040,0.017374,0,107.14,NaN
62.5040,-0.098413,-0.017416,0,107.14,NaN
62.5120,-0.101343,-0.019803,0,107.14,NaN
62.5200,-0.104274,-0.021132,0,107.14,NaN
62.5280,-0.105250,-0.021411,0,107.14,NaN
62.5360,-0.105739,-0.020925,0,107.14,NaN
62.5440,-0.108181,-0.020020,0,107.14,NaN
62.5520,-0.109158,-0.018989,0,107.14,NaN
62.5600,-0.108669,-0.018064,0,107.14,NaN
62.5680,-0.111600,-0.017330,0,107.14,NaN
62.5760,-0.113553,-0.016603,0,107.14,NaN
62.5840,-0.116484,-0.015522,0,107.14,NaN
62.5920,-0.117460,-0.013842,0,107.14,NaN
62.6000,-0.116972,-0.011685,0,107.14,NaN
62.6080,-0.117460,-0.039633,0,107.14,NaN
62.6160,-0.116972,-0.038364,0,107.14,NaN
62.6240,-0.116972,-0.037356,0,107.14,NaN
62.6320,-0.117460,-0.036819,0,107.14,NaN
62.6400,-0.119414,-0.036687,0,107.14,NaN
62.6480,-0.120879,-0.036608,0,107.14,NaN
62.6560,-0.122344,-0.036091,0,107.14,NaN
62.6640,-0.122344,-0.034702,0,107.14,NaN
62.6720,-0.123321,-0.032256,0,107.14,NaN
62.6800,-0.117949,-0.028954,0,107.14,NaN
62.6880,-0.116972,-0.025259,0,107.14,NaN
62.6960,-0.115507,-0.021550,0,107.14,NaN
62.7040,-0.114042,-0.017930,0,107.14,NaN
62.7120,-0.111600,-0.022531,0,107.14,NaN
62.7200,-0.110134,-0.021602,0,107.14,NaN
62.7280,-0.112576,-0.021411,0,107.14,NaN
62.7360,-0.114042,-0.021371,0,107.14,NaN
62.7440,-0.113553,-0.020868,0,107.14,NaN
62.7520,-0.111600,-0.019652,0,107.14,NaN
62.7600,-0.109646,-0.017894,0,107.14,NaN
62.7680,-0.106716,-0.015963,0,107.14,NaN
62.7760,-0.106227,-0.014142,0,107.14,NaN
62.7840,-0.106716,-0.012534,0,107.14,NaN
62.7920,-0.101832,-0.011222,0,107.14,NaN
62.8000,-0.101343,-0.010318,0,107.14,NaN
62.8080,-0.101343,-0.009758,0,107.14,NaN
62.8160,-0.101832,0.004455,0,107.14,NaN
62.8240,-0.104762,0.003977,0,107.14,NaN
62.8320,-0.103297,0.003977,0,107.14,NaN
62.8400,-0.101832,0.004688,0,107.14,NaN
62.8480,-0.100366,0.006013,0,107.14,NaN
62.8560,-0.099878,0.007684,0,107.14,NaN
62.8640,-0.096947,0.009309,0,107.14,NaN
62.8720,-0.095971,0.010378,0,107.14,NaN
62.8800,-0.093529,0.010397,0,107.14,NaN
62.8880,-0.094505,0.009182,0,107.14,NaN
62.8960,-0.099878,0.007045,0,107.14,NaN
62.9040,-0.100366,0.004552,0,107.14,NaN
62.9120,-0.100855,0.002043,0,107.14,NaN
62.9200,-0.097924,0.011533,0,107.14,NaN
62.9280,-0.094017,0.014287,0,107.14,NaN
62.9360,-0.091087,0.017229,0,107.14,NaN
62.9440,-0.089133,0.019501,0,107.14,NaN
62.9520,-0.086691,0.020528,0,107.14,NaN
62.9600,-0.087668,0.020171,0,107.14,NaN
62.9680,-0.090110,0.018781,0,107.14,NaN
62.9760,-0.092063,0.016967,0,107.14,NaN
62.9840,-0.092063,0.015213,0,107.14,NaN
62.9920,-0.093529,0.013659,0,107.14,NaN
63.0000,-0.093040,0.012169,0,107.14,NaN
63.0080,-0.094017,0.010539,0,107.14,NaN
63.0160,-0.096459,0.008733,0,107.14,NaN
63.0240,-0.099878,-0.010836,0,107.14,NaN
63.0320,-0.099878,-0.013410,0,107.14,NaN
63.0400,-0.100855,-0.015370,0,107.14,NaN
63.0480,-0.101343,-0.016464,0,107.14,NaN
63.0560,-0.101343,-0.016501,0,107.14,NaN
63.0640,-0.099389,-0.015456,0,107.14,NaN
63.0720,-0.096947,-0.013612,0,107.14,NaN
63.0800,-0.092063,-0.011516,0,107.14,NaN
63.0880,-0.090110,-0.009709,0,107.14,NaN
63.0960,-0.090598,-0.008424,0,107.14,NaN
63.1040,-0.088645,-0.007615,0,107.14,NaN
63.1120,-0.085714,-0.007187,0,107.14,NaN
63.1200,-0.086203,-0.007013,0,107.14,NaN
63.1280,-0.089133,-0.003782,0,107.14,NaN
63.1360,-0.094505,-0.007511,0,107.14,NaN
63.1440,-0.098901,-0.010119,0,107.14,NaN
63.1520,-0.096947,-0.010416,0,107.14,NaN
63.1600,-0.094017,-0.008104,0,107.14,NaN
63.1680,-0.088645,-0.003801,0,107.14,NaN
63.1760,-0.083761,0.001282,0,107.14,NaN
63.1840,-0.078388,0.005717,0,107.14,NaN
63.1920,-0.074969,0.008231,0,107.14,NaN
63.2000,-0.074481,0.008074,0,107.14,NaN
63.2080,-0.078388,0.005259,0,107.14,NaN
63.2160,-0.082295,0.000458,0,107.14,NaN
63.2240,-0.086203,-0.005354,0,107.14,NaN
63.2320,-0.091087,0.002195,0,107.14,NaN
63.2400,-0.093529,-0.000573,0,107.14,NaN
63.2480,-0.094017,-0.001303,0,107.14,NaN
63.2560,-0.093529,-0.000137,0,107.14,NaN
63.2640,-0.089133,0.002170,0,107.14,NaN
63.2720,-0.086203,0.004528,0,107.14,NaN
63.2800,-0.085226,0.006000,0,107.14,NaN
63.2880,-0.086203,0.006180,0,107.14,NaN
63.2960,-0.086691,0.005221,0,107.14,NaN
63.3040,-0.090110,0.003617,0,107.14,NaN
63.3120,-0.090598,0.001908,0,107.14,NaN
63.3200,-0.092063,0.000415,0,107.14,NaN
63.3280,-0.092063,-0.000859,0,107.14,NaN
63.3360,-0.091575,-0.003270,0,107.14,NaN
63.3440,-0.090110,-0.001946,0,107.14,NaN
63.3520,-0.086203,-0.000426,0,107.14,NaN
63.3600,-0.085714,0.000674,0,107.14,NaN
63.3680,-0.085226,0.000959,0,107.14,NaN
63.3760,-0.085714,0.000376,0,107.14,NaN
63.3840,-0.086691,-0.000835,0,107.14,NaN
63.3920,-0.088156,-0.002243,0,107.14,NaN
63.4000,-0.089133,-0.003334,0,107.14,NaN
63.4080,-0.090598,-0.003663,0,107.14,NaN
63.4160,-0.089133,-0.003057,0,107.14,NaN
63.4240,-0.086203,-0.001701,0,107.14,NaN
63.4320,-0.085714,0.000024,0,107.14,NaN
63.4400,-0.084737,0.001751,0,107.14,NaN
63.4480,-0.085226,0.001644,0,107.14,NaN
63.4560,-0.085714,0.000913,0,107.14,NaN
63.4640,-0.086691,-0.000183,0,107.14,NaN
63.4720,-0.088156,-0.001325,0,107.14,NaN
63.4800,-0.087179,-0.002218,0,107.14,NaN
63.4880,-0.090110,-0.002592,0,107.14,NaN
63.4960,-0.090110,-0.002253,0,107.14,NaN
63.5040,-0.089133,-0.001276,0,107.14,NaN
63.5120,-0.086203,-0.000107,0,107.14,NaN
63.5200,-0.085714,0.000685,0,107.14,NaN
63.5280,-0.085714,0.000801,0,107.14,NaN
63.5360,-0.087179,0.000407,0,107.14,NaN
63.5440,-0.086691,-0.002737,0,107.14,NaN
63.5520,-0.087179,-0.003881,0,107.14,NaN
63.5600,-0.088156,-0.004960,0,107.14,NaN
63.5680,-0.090110,-0.005574,0,107.14,NaN
63.5760,-0.090110,-0.005429,0,107.14,NaN
63.5840,-0.087179,-0.004587,0,107.14,NaN
63.5920,-0.085714,-0.003452,0,107.14,NaN
63.6000,-0.085226,-0.002467,0,107.14,NaN
63.6080,-0.084249,-0.001870,0,107.14,NaN
63.6160,-0.085226,-0.001675,0,107.14,NaN
63.6240,-0.083761,-0.001776,0,107.14,NaN
63.6320,-0.084737,-0.002051,0,107.14,NaN
63.6400,-0.084249,-0.002400,0,107.14,NaN
63.6480,-0.082784,-0.004035,0,107.14,NaN
63.6560,-0.080830,-0.003990,0,107.14,NaN
63.6640,-0.081319,-0.004750,0,107.14,NaN
63.6720,-0.082784,-0.006457,0,107.14,NaN
63.6800,-0.085226,-0.008813,0,107.14,NaN
63.6880,-0.087179,-0.011179,0,107.14,NaN
63.6960,-0.090110,-0.012823,0,107.14,NaN
63.7040,-0.088645,-0.013222,0,107.14,NaN
63.7120,-0.087179,-0.012271,0,107.14,NaN
63.7200,-0.084737,-0.010233,0,107.14,NaN
63.7280,-0.081319,-0.007549,0,107.14,NaN
63.7360,-0.078388,-0.004630,0,107.14,NaN
63.7440,-0.076435,-0.001691,0,107.14,NaN
63.7520,-0.075458,-0.035599,0,107.14,NaN
63.7600,-0.076435,-0.037407,0,107.14,NaN
63.7680,-0.076923,-0.039247,0,107.14,NaN
63.7760,-0.077900,-0.040192,0,107.14,NaN
63.7840,-0.074481,-0.039573,0,107.14,NaN
63.7920,-0.070085,-0.037272,0,107.14,NaN
63.8000,-0.063736,-0.033703,0,107.14,NaN
63.8080,-0.058852,-0.029524,0,107.14,NaN
63.8160,-0.053480,-0.025397,0,107.14,NaN
63.8240,-0.048107,-0.021898,0,107.14,NaN
63.8320,-0.043223,-0.019477,0,107.14,NaN
63.8400,-0.038828,-0.018289,0,107.14,NaN
63.8480,-0.038828,-0.017971,0,107.14,NaN
63.8560,-0.038339,-0.028096,0,107.14,NaN
63.8640,-0.035409,-0.028034,0,107.14,NaN
63.8720,-0.031990,-0.025774,0,107.14,NaN
63.8800,-0.025641,-0.020516,0,107.14,NaN
63.8880,-0.016361,-0.012225,0,107.14,NaN
63.8960,-0.004640,-0.001945,0,107.14,NaN
63.9040,0.012454,0.008195,0,107.14,NaN
63.9120,0.023687,0.015639,0,107.14,NaN
63.9200,0.027106,0.018524,0,107.14,NaN
63.9280,0.025153,0.016356,0,107.14,NaN
63.9360,0.023687,0.009779,0,107.14,NaN
63.9440,0.018315,0.000014,0,107.14,NaN
63.9520,0.011477,-0.011441,0,107.14,NaN
63.9600,0.007082,0.119277,0,107.14,NaN
63.9680,-0.003175,0.113984,0,107.14,NaN
63.9760,-0.010012,0.110105,0,107.14,NaN
63.9840,-0.012454,0.107958,0,107.14,NaN
63.9920,-0.013431,0.106937,0,107.14,NaN
64.0000,-0.014896,0.105781,0,107.14,NaN
64.0080,-0.019780,0.103218,0,107.14,NaN
64.0160,-0.025641,0.098465,0,107.14,NaN
64.0240,-0.035409,0.091404,0,107.14,NaN
64.0320,-0.046154,0.082460,0,107.14,NaN
64.0400,-0.057387,0.072300,0,107.14,NaN
64.0480,-0.069109,0.061544,0,107.14,NaN
64.0560,-0.080342,0.050613,0,107.14,NaN
64.0640,-0.085226,-0.013185,0,107.14,NaN
64.0720,-0.085714,-0.016533,0,107.14,NaN
64.0800,-0.086203,-0.017862,0,107.14,NaN
64.0880,-0.088645,-0.018179,0,107.14,NaN
64.0960,-0.087668,-0.018155,0,107.14,NaN
64.1040,-0.092063,-0.018035,0,107.14,NaN
64.1120,-0.090598,-0.017803,0,107.14,NaN
64.1200,-0.091575,-0.017388,0,107.14,NaN
64.1280,-0.093040,-0.016700,0,107.14,NaN
64.1360,-0.093040,-0.015620,0,107.14,NaN
64.1440,-0.093529,-0.014060,0,107.14,NaN
64.1520,-0.093529,-0.012039,0,107.14,NaN
64.1600,-0.092552,-0.009709,0,107.14,NaN
64.1680,-0.094017,-0.040634,0,107.14,NaN
64.1760,-0.096459,-0.040903,0,107.14,NaN
64.1840,-0.095971,-0.040730,0,107.14,NaN
64.1920,-0.095971,-0.039806,0,107.14,NaN
64.2000,-0.096947,-0.037987,0,107.14,NaN
64.2080,-0.094994,-0.035357,0,107.14,NaN
64.2160,-0.094017,-0.032262,0,107.14,NaN
64.2240,-0.092552,-0.029202,0,107.14,NaN
64.2320,-0.093040,-0.026598,0,107.14,NaN
64.2400,-0.092552,-0.024623,0,107.14,NaN
64.2480,-0.094994,-0.023135,0,107.14,NaN
64.2560,-0.097924,-0.021794,0,107.14,NaN
64.2640,-0.096459,-0.020386,0,107.14,NaN
64.2720,-0.094994,-0.025589,0,107.14,NaN
64.2800,-0.093529,-0.022979,0,107.14,NaN
64.2880,-0.093040,-0.020228,0,107.14,NaN
64.2960,-0.091087,-0.017725,0,107.14,NaN
64.3040,-0.090598,-0.015856,0,107.14,NaN
64.3120,-0.089133,-0.014904,0,107.14,NaN
64.3200,-0.091575,-0.014855,0,107.14,NaN
64.3280,-0.093529,-0.015314,0,107.14,NaN
64.3360,-0.094017,-0.015677,0,107.14,NaN
64.3440,-0.094994,-0.015391,0,107.14,NaN
64.3520,-0.094017,-0.014152,0,107.14,NaN
64.3600,-0.090598,-0.012020,0,107.14,NaN
64.3680,-0.088156,-0.009376,0,107.14,NaN
64.3760,-0.085714,-0.086411,0,107.14,NaN
64.3840,-0.086691,-0.094175,0,107.14,NaN
64.3920,-0.094505,-0.107755,0,107.14,NaN
64.4000,-0.106227,-0.127361,0,107.14,NaN
64.4080,-0.124298,-0.151449,0,107.14,NaN
64.4160,-0.143346,-0.176627,0,107.14,NaN
64.4240,-0.161416,-0.198067,0,107.14,NaN
64.4320,-0.169231,-0.210444,0,107.14,NaN
64.4400,-0.163858,-0.209080,0,107.14,NaN
64.4480,-0.148230,-0.190915,0,107.14,NaN
64.4560,-0.114530,-0.155385,0,107.14,NaN
64.4640,-0.065690,-0.105227,0,107.14,NaN
64.4720,-0.004151,-0.046644,0,107.14,NaN
64.4800,0.078388,-0.065528,0,107.14,NaN
64.4880,0.181929,0.047107,0,107.14,NaN
64.4960,0.305006,0.179617,0,107.14,NaN
64.5040,0.432479,0.326781,0,107.14,NaN
64.5120,0.561416,0.479628,0,107.14,NaN
64.5200,0.689866,0.623681,0,107.14,NaN
64.5280,0.823199,0.737717,1,107.14,NaN
64.5360,0.921368,0.796801,1,107.14,NaN
64.5440,0.923810,0.781158,1,107.14,NaN
64.5520,0.822711,0.685711,0,107.14,NaN
64.5600,0.659096,0.522355,0,107.14,NaN
64.5680,0.483761,0.313340,0,107.14,NaN
64.5760,0.315263,0.082430,0,107.14,NaN
64.5840,0.156044,0.174449,0,107.14,NaN
64.5920,0.010501,0.007262,0,107.14,NaN
64.6000,-0.106716,-0.122232,0,107.14,NaN
64.6080,-0.184371,-0.207123,0,107.14,NaN
64.6160,-0.218071,-0.246394,0,107.14,NaN
64.6240,-0.210745,-0.245555,0,107.14,NaN
64.6320,-0.178999,-0.215692,0,107.14,NaN
64.6400,-0.133089,-0.170900,0,107.14,NaN
64.6480,-0.090598,-0.124982,0,107.14,NaN
64.6560,-0.057875,-0.088467,0,107.14,NaN
64.6640,-0.038828,-0.066641,0,107.14,NaN
64.6720,-0.037851,-0.058878,0,107.14,NaN
64.6800,-0.044689,-0.059401,0,107.14,NaN
64.6880,-0.059341,0.010786,0,107.14,NaN
64.6960,-0.072527,-0.002347,0,107.14,NaN
64.7040,-0.085714,-0.015530,0,107.14,NaN
64.7120,-0.096459,-0.026546,0,107.14,NaN
64.7200,-0.102808,-0.034397,0,107.14,NaN
64.7280,-0.108181,-0.038930,0,107.14,NaN
64.7360,-0.109646,-0.040464,0,107.14,NaN
64.7440,-0.109158,-0.039562,0,107.14,NaN
64.7520,-0.105739,-0.036860,0,107.14,NaN
64.7600,-0.105739,-0.032856,0,107.14,NaN
64.7680,-0.103785,-0.027821,0,107.14,NaN
64.7760,-0.102320,-0.021950,0,107.14,NaN
64.7840,-0.102320,-0.015535,0,107.14,NaN
64.7920,-0.101832,-0.252933,0,107.14,NaN
64.8000,-0.104274,-0.253343,0,107.14,NaN
64.8080,-0.107692,-0.250877,0,107.14,NaN
64.8160,-0.109158,-0.244479,0,107.14,NaN
64.8240,-0.110623,-0.233486,0,107.14,NaN
64.8320,-0.110623,-0.218003,0,107.14,NaN
64.8400,-0.108669,-0.199114,0,107.14,NaN
64.8480,-0.107692,-0.178800,0,107.14,NaN
64.8560,-0.103297,-0.159511,0,107.14,NaN
64.8640,-0.100855,-0.143480,0,107.14,NaN
64.8720,-0.100366,-0.131958,0,107.14,NaN
64.8800,-0.099878,-0.124738,0,107.14,NaN
64.8880,-0.100366,-0.120175,0,107.14,NaN
64.8960,-0.098413,0.003080,0,107.14,NaN
64.9040,-0.098901,0.003773,0,107.14,NaN
64.9120,-0.097924,0.003565,0,107.14,NaN
64.9200,-0.094994,0.002997,0,107.14,NaN
64.9280,-0.092552,0.002337,0,107.14,NaN
64.9360,-0.091087,0.001641,0,107.14,NaN
64.9440,-0.090598,0.000883,0,107.14,NaN
64.9520,-0.090598,0.000079,0,107.14,NaN
64.9600,-0.093529,-0.000623,0,107.14,NaN
64.9680,-0.094505,-0.000955,0,107.14,NaN
64.9760,-0.096947,-0.000635,0,107.14,NaN
64.9840,-0.096947,0.000443,0,107.14,NaN
64.9920,-0.094017,0.002044,0,107.14,NaN
65.0000,-0.092552,-0.015117,0,107.14,NaN
65.0080,-0.087179,-0.011684,0,107.14,NaN
65.0160,-0.081319,-0.008731,0,107.14,NaN
65.0240,-0.078388,-0.007120,0,107.14,NaN
65.0320,-0.078388,-0.007132,0,107.14,NaN
65.0400,-0.079365,-0.008295,0,107.14,NaN
65.0480,-0.081319,-0.009658,0,107.14,NaN
65.0560,-0.080342,-0.010330,0,107.14,NaN
65.0640,-0.076923,-0.009902,0,107.14,NaN
65.0720,-0.074481,-0.008507,0,107.14,NaN
65.0800,-0.070085,-0.006574,0,107.14,NaN
65.0880,-0.066667,-0.004529,0,107.14,NaN
65.0960,-0.064713,-0.002566,0,107.14,NaN
65.1040,-0.063248,0.023247,0,107.14,NaN
65.1120,-0.063736,0.022110,0,107.14,NaN
65.1200,-0.066667,0.019841,0,107.14,NaN
65.1280,-0.069597,0.017206,0,107.14,NaN
65.1360,-0.070085,0.014916,0,107.14,NaN
65.1440,-0.070574,0.013316,0,107.14,NaN
65.1520,-0.070085,0.012358,0,107.14,NaN
65.1600,-0.069109,0.011781,0,107.14,NaN
65.1680,-0.069597,0.011342,0,107.14,NaN
65.1760,-0.070085,0.010952,0,107.14,NaN
65.1840,-0.069597,0.010623,0,107.14,NaN
65.1920,-0.068620,0.010347,0,107.14,NaN
65.2000,-0.068620,0.010090,0,107.14,NaN
65.2080,-0.068132,-0.001164,0,107.14,NaN
65.2160,-0.067643,-0.000875,0,107.14,NaN
65.2240,-0.065201,0.000359,0,107.14,NaN
65.2320,-0.062759,0.002773,0,107.14,NaN
65.2400,-0.060317,0.006401,0,107.14,NaN
65.2480,-0.054457,0.010905,0,107.14,NaN
65.2560,-0.049084,0.015455,0,107.14,NaN
65.2640,-0.043223,0.018878,0,107.14,NaN
65.2720,-0.041270,0.020078,0,107.14,NaN
65.2800,-0.041270,0.018462,0,107.14,NaN
65.2880,-0.045665,0.014145,0,107.14,NaN
65.2960,-0.050061,0.007821,0,107.14,NaN
65.3040,-0.054945,0.000461,0,107.14,NaN
65.3120,-0.060806,0.009829,0,107.14,NaN
65.3200,-0.057387,0.013281,0,107.14,NaN
65.3280,-0.049084,0.022008,0,107.14,NaN
65.3360,-0.034432,0.034320,0,107.14,NaN
65.3440,-0.020757,0.047097,0,107.14,NaN
65.3520,-0.008547,0.056924,0,107.14,NaN
65.3600,-0.007570,0.061308,0,107.14,NaN
65.3680,-0.007570,0.059382,0,107.14,NaN
65.3760,-0.015873,0.051963,0,107.14,NaN
65.3840,-0.028083,0.041156,0,107.14,NaN
65.3920,-0.041270,0.029556,0,107.14,NaN
65.4000,-0.052015,0.019051,0,107.14,NaN
65.4080,-0.052991,0.009846,0,107.14,NaN
65.4160,-0.049573,0.004850,0,107.14,NaN
65.4240,-0.046642,0.005870,0,107.14,NaN
65.4320,-0.042247,0.006175,0,107.14,NaN
65.4400,-0.044200,0.004260,0,107.14,NaN
65.4480,-0.052991,0.000315,0,107.14,NaN
65.4560,-0.057387,-0.004026,0,107.14,NaN
65.4640,-0.062759,-0.006782,0,107.14,NaN
65.4720,-0.060317,-0.006764,0,107.14,NaN
65.4800,-0.056899,-0.004154,0,107.14,NaN
65.4880,-0.049084,-0.000353,0,107.14,NaN
65.4960,-0.043712,0.002834,0,107.14,NaN
65.5040,-0.042247,0.004293,0,107.14,NaN
65.5120,-0.046154,0.004318,0,107.14,NaN
65.5200,-0.054457,-0.005632,0,107.14,NaN
65.5280,-0.063248,-0.015450,0,107.14,NaN
65.5360,-0.070574,-0.025082,0,107.14,NaN
65.5440,-0.079853,-0.032143,0,107.14,NaN
65.5520,-0.083272,-0.034736,0,107.14,NaN
65.5600,-0.080830,-0.032209,0,107.14,NaN
65.5680,-0.070574,-0.025624,0,107.14,NaN
65.5760,-0.061294,-0.017389,0,107.14,NaN
65.5840,-0.054457,-0.010201,0,107.14,NaN
65.5920,-0.051038,-0.006013,0,107.14,NaN
65.6000,-0.052015,-0.005530,0,107.14,NaN
65.6080,-0.054457,-0.008242,0,107.14,NaN
65.6160,-0.058852,-0.012766,0,107.14,NaN
65.6240,-0.064713,0.051524,0,107.14,NaN
65.6320,-0.071062,0.044843,0,107.14,NaN
65.6400,-0.080342,0.036771,0,107.14,NaN
65.6480,-0.090598,0.028138,0,107.14,NaN
65.6560,-0.103785,0.020241,0,107.14,NaN
65.6640,-0.114042,0.014515,0,107.14,NaN
65.6720,-0.118437,0.011881,0,107.14,NaN
65.6800,-0.121368,0.012267,0,107.14,NaN
65.6880,-0.121368,0.014627,0,107.14,NaN
65.6960,-0.119902,0.017337,0,107.14,NaN
65.7040,-0.119414,0.018824,0,107.14,NaN
65.7120,-0.123321,0.018328,0,107.14,NaN
65.7200,-0.131624,0.016374,0,107.14,NaN
65.7280,-0.139438,-0.011150,0,107.14,NaN
65.7360,-0.144811,-0.014273,0,107.14,NaN
65.7440,-0.146764,-0.015579,0,107.14,NaN
65.7520,-0.146276,-0.015018,0,107.14,NaN
65.7600,-0.147253,-0.013049,0,107.14,NaN
65.7680,-0.147741,-0.010234,0,107.14,NaN
65.7760,-0.147253,-0.007121,0,107.14,NaN
65.7840,-0.145788,-0.004307,0,107.14,NaN
65.7920,-0.148230,-0.002408,0,107.14,NaN
65.8000,-0.148230,-0.001933,0,107.14,NaN
65.8080,-0.152625,-0.003128,0,107.14,NaN
65.8160,-0.158974,-0.005794,0,107.14,NaN
65.8240,-0.164835,-0.009295,0,107.14,NaN
65.8320,-0.171673,-0.090176,0,107.14,NaN
65.8400,-0.179487,-0.098420,0,107.14,NaN
65.8480,-0.183883,-0.105317,0,107.14,NaN
65.8560,-0.187302,-0.109995,0,107.14,NaN
65.8640,-0.187302,-0.111844,0,107.14,NaN
65.8720,-0.186325,-0.110539,0,107.14,NaN
65.8800,-0.181929,-0.106061,0,107.14,NaN
65.8880,-0.175092,-0.098763,0,107.14,NaN
65.8960,-0.166300,-0.089375,0,107.14,NaN
65.9040,-0.157021,-0.078888,0,107.14,NaN
65.9120,-0.146764,-0.068358,0,107.14,NaN
65.9200,-0.134066,-0.058578,0,107.14,NaN
65.9280,-0.131136,-0.049594,0,107.14,NaN
65.9360,-0.133089,0.004797,0,107.14,NaN
65.9440,-0.144811,0.000083,0,107.14,NaN
65.9520,-0.152625,-0.005987,0,107.14,NaN
65.9600,-0.157021,-0.011030,0,107.14,NaN
65.9680,-0.157509,-0.013869,0,107.14,NaN
65.9760,-0.156532,-0.014622,0,107.14,NaN
65.9840,-0.154579,-0.014131,0,107.14,NaN
65.9920,-0.154579,-0.013235,0,107.14,NaN
66.0000,-0.154579,-0.012280,0,107.14,NaN
66.0080,-0.155556,-0.011071,0,107.14,NaN
66.0160,-0.156044,-0.009197,0,107.14,NaN
66.0240,-0.150672,-0.006502,0,107.14,NaN
66.0320,-0.148230,-0.003275,0,107.14,NaN
66.0400,-0.145788,0.038131,0,107.14,NaN
66.0480,-0.141880,0.046282,0,107.14,NaN
66.0560,-0.135043,0.057484,0,107.14,NaN
66.0640,-0.126252,0.071717,0,107.14,NaN
66.0720,-0.109646,0.087573,0,107.14,NaN
66.0800,-0.097924,0.102218,0,107.14,NaN
66.0880,-0.086203,0.112082,0,107.14,NaN
66.0960,-0.083272,0.114020,0,107.14,NaN
66.1040,-0.091087,0.106594,0,107.14,NaN
66.1120,-0.110623,0.090883,0,107.14,NaN
66.1200,-0.137973,0.070089,0,107.14,NaN
66.1280,-0.162393,0.047749,0,107.14,NaN
66.1360,-0.171184,0.025661,0,107.14,NaN
66.1440,-0.165324,-0.041525,0,107.14,NaN
66.1520,-0.150672,-0.028962,0,107.14,NaN
66.1600,-0.129182,-0.006724,0,107.14,NaN
66.1680,-0.099878,0.020910,0,107.14,NaN
66.1760,-0.073016,0.049123,0,107.14,NaN
66.1840,-0.052991,0.073513,0,107.14,NaN
66.1920,-0.035409,0.090576,0,107.14,NaN
66.2000,-0.026129,0.097801,0,107.14,NaN
66.2080,-0.026129,0.093897,0,107.14,NaN
66.2160,-0.038828,0.079272,0,107.14,NaN
66.2240,-0.064225,0.056149,0,107.14,NaN
66.2320,-0.089133,0.027764,0,107.14,NaN
66.2400,-0.109646,-0.002901,0,107.14,NaN
66.2480,-0.121368,0.002528,0,107.14,NaN
66.2560,-0.130159,-0.013694,0,107.14,NaN
66.2640,-0.137973,-0.028325,0,107.14,NaN
66.2720,-0.148230,-0.042635,0,107.14,NaN
66.2800,-0.163370,-0.056290,0,107.14,NaN
66.2880,-0.175092,-0.067165,0,107.14,NaN
66.2960,-0.184860,-0.072363,0,107.14,NaN
66.3040,-0.182906,-0.069921,0,107.14,NaN
66.3120,-0.168742,-0.060269,0,107.14,NaN
66.3200,-0.147741,-0.046382,0,107.14,NaN
66.3280,-0.131136,-0.032246,0,107.14,NaN
66.3360,-0.118437,-0.020575,0,107.14,NaN
66.3440,-0.119414,-0.011285,0,107.14,NaN
66.3520,-0.127717,-0.010458,0,107.14,NaN
66.3600,-0.135531,-0.020430,0,107.14,NaN
66.3680,-0.147741,-0.031665,0,107.14,NaN
66.3760,-0.153602,-0.040608,0,107.14,NaN
66.3840,-0.159463,-0.044364,0,107.14,NaN
66.3920,-0.161905,-0.041283,0,107.14,NaN
66.4000,-0.151648,-0.031741,0,107.14,NaN
66.4080,-0.133089,-0.018561,0,107.14,NaN
66.4160,-0.120391,-0.006162,0,107.14,NaN
66.4240,-0.110623,0.001270,0,107.14,NaN
66.4320,-0.110134,0.001416,0,107.14,NaN
66.4400,-0.116972,-0.005403,0,107.14,NaN
66.4480,-0.128205,-0.016419,0,107.14,NaN
66.4560,-0.141392,-0.011974,0,107.14,NaN
66.4640,-0.145788,-0.019532,0,107.14,NaN
66.4720,-0.142857,-0.022893,0,107.14,NaN
66.4800,-0.142369,-0.021938,0,107.14,NaN
66.4880,-0.143346,-0.017034,0,107.14,NaN
66.4960,-0.140904,-0.008733,0,107.14,NaN
66.5040,-0.132112,0.001670,0,107.14,NaN
66.5120,-0.120391,0.011747,0,107.14,NaN
66.5200,-0.115995,0.018542,0,107.14,NaN
66.5280,-0.116972,0.019716,0,107.14,NaN
66.5360,-0.121368,0.014344,0,107.14,NaN
66.5440,-0.132601,0.003195,0,107.14,NaN
66.5520,-0.148230,-0.011356,0,107.14,NaN
66.5600,-0.165812,-0.003799,0,107.14,NaN
66.5680,-0.176068,-0.004508,0,107.14,NaN
66.5760,-0.165812,0.008803,0,107.14,NaN
66.5840,-0.136508,0.035665,0,107.14,NaN
66.5920,-0.100366,0.070639,0,107.14,NaN
66.6000,-0.063736,0.105056,0,107.14,NaN
66.6080,-0.036386,0.129866,0,107.14,NaN
66.6160,-0.026129,0.138584,0,107.14,NaN
66.6240,-0.042247,0.129421,0,107.14,NaN
66.6320,-0.073504,0.105492,0,107.14,NaN
66.6400,-0.109646,0.072700,0,107.14,NaN
66.6480,-0.140904,0.036525,0,107.14,NaN
66.6560,-0.163858,-0.000159,0,107.14,NaN
66.6640,-0.177045,-0.128036,0,107.14,NaN
66.6720,-0.179487,-0.138905,0,107.14,NaN
66.6800,-0.178022,-0.140567,0,107.14,NaN
66.6880,-0.163858,-0.135763,0,107.14,NaN
66.6960,-0.148718,-0.127339,0,107.14,NaN
66.7040,-0.140904,-0.116922,0,107.14,NaN
66.7120,-0.136996,-0.104481,0,107.14,NaN
66.7200,-0.122833,-0.089698,0,107.14,NaN
66.7280,-0.097924,-0.074011,0,107.14,NaN
66.7360,-0.075946,-0.061042,0,107.14,NaN
66.7440,-0.060806,-0.054754,0,107.14,NaN
66.7520,-0.057875,-0.056731,0,107.14,NaN
66.7600,-0.072527,-0.064481,0,107.14,NaN
66.7680,-0.096947,0.035867,0,107.14,NaN
66.7760,-0.118926,0.014527,0,107.14,NaN
66.7840,-0.137973,0.000331,0,107.14,NaN
66.7920,-0.141880,-0.000610,0,107.14,NaN
66.8000,-0.126252,0.013712,0,107.14,NaN
66.8080,-0.098413,0.040220,0,107.14,NaN
66.8160,-0.063248,0.071628,0,107.14,NaN
66.8240,-0.038828,0.098767,0,107.14,NaN
66.8320,-0.024176,0.113233,0,107.14,NaN
66.8400,-0.025641,0.109426,0,107.14,NaN
66.8480,-0.046154,0.085864,0,107.14,NaN
66.8560,-0.086203,0.045725,0,107.14,NaN
66.8640,-0.131624,-0.003802,0,107.14,NaN
66.8720,-0.170208,-0.155978,0,107.14,NaN
66.8800,-0.190232,-0.184409,0,107.14,NaN
66.8880,-0.189744,-0.193563,0,107.14,NaN
66.8960,-0.173626,-0.184026,0,107.14,NaN
66.9040,-0.142369,-0.160807,0,107.14,NaN
66.9120,-0.110134,-0.131260,0,107.14,NaN
66.9200,-0.083272,-0.102625,0,107.14,NaN
66.9280,-0.062759,-0.080232,0,107.14,NaN
66.9360,-0.049084,-0.066917,0,107.14,NaN
66.9440,-0.040293,-0.063250,0,107.14,NaN
66.9520,-0.041758,-0.067989,0,107.14,NaN
66.9600,-0.046642,-0.078647,0,107.14,NaN
66.9680,-0.049084,-0.092258,0,107.14,NaN
66.9760,-0.053968,-0.032282,0,107.14,NaN
66.9840,-0.056410,-0.041258,0,107.14,NaN
66.9920,-0.059341,-0.047145,0,107.14,NaN
67.0000,-0.056899,-0.049021,0,107.14,NaN
67.0080,-0.050061,-0.046832,0,107.14,NaN
67.0160,-0.039316,-0.041438,0,107.14,NaN
67.0240,-0.029548,-0.034280,0,107.14,NaN
67.0320,-0.020757,-0.026932,0,107.14,NaN
67.0400,-0.010012,-0.020834,0,107.14,NaN
67.0480,-0.005128,-0.017076,0,107.14,NaN
67.0560,-0.001221,-0.016122,0,107.14,NaN
67.0640,-0.000244,-0.017661,0,107.14,NaN
67.0720,-0.000244,-0.020678,0,107.14,NaN
67.0800,0.003175,0.093479,0,107.14,NaN
67.0880,0.005617,0.092310,0,107.14,NaN
67.0960,0.005617,0.088634,0,107.14,NaN
67.1040,-0.004640,0.083093,0,107.14,NaN
67.1120,-0.012454,0.077447,0,107.14,NaN
67.1200,-0.017827,0.073708,0,107.14,NaN
67.1280,-0.021734,0.073027,0,107.14,NaN
67.1360,-0.021734,0.074963,0,107.14,NaN
67.1440,-0.016850,0.077323,0,107.14,NaN
67.1520,-0.013919,0.076870,0,107.14,NaN
67.1600,-0.018315,0.070879,0,107.14,NaN
67.1680,-0.030037,0.058745,0,107.14,NaN
67.1760,-0.048596,0.042601,0,107.14,NaN
67.1840,-0.070085,0.010883,0,107.14,NaN
67.1920,-0.092552,-0.012728,0,107.14,NaN
67.2000,-0.108669,-0.032557,0,107.14,NaN
67.2080,-0.117949,-0.046162,0,107.14,NaN
67.2160,-0.121856,-0.052832,0,107.14,NaN
67.2240,-0.121856,-0.053324,0,107.14,NaN
67.2320,-0.117949,-0.049284,0,107.14,NaN
67.2400,-0.114042,-0.042679,0,107.14,NaN
67.2480,-0.108181,-0.035386,0,107.14,NaN
67.2560,-0.102808,-0.028875,0,107.14,NaN
67.2640,-0.101343,-0.023919,0,107.14,NaN
67.2720,-0.100855,-0.020468,0,107.14,NaN
67.2800,-0.099878,-0.017861,0,107.14,NaN
67.2880,-0.101343,-0.039689,0,107.14,NaN
67.2960,-0.100855,-0.040688,0,107.14,NaN
67.3040,-0.101343,-0.042314,0,107.14,NaN
67.3120,-0.103785,-0.044338,0,107.14,NaN
67.3200,-0.107692,-0.046286,0,107.14,NaN
67.3280,-0.109646,-0.047565,0,107.14,NaN
67.3360,-0.109646,-0.047750,0,107.14,NaN
67.3440,-0.109158,-0.046667,0,107.14,NaN
67.3520,-0.109646,-0.044227,0,107.14,NaN
67.3600,-0.108181,-0.040321,0,107.14,NaN
67.3680,-0.105739,-0.034914,0,107.14,NaN
67.3760,-0.101343,-0.028228,0,107.14,NaN
67.3840,-0.096459,-0.020800,0,107.14,NaN
67.3920,-0.095482,-0.048979,0,107.14,NaN
67.4000,-0.094994,-0.046495,0,107.14,NaN
67.4080,-0.094505,-0.044378,0,107.14,NaN
67.4160,-0.093040,-0.042376,0,107.14,NaN
67.4240,-0.086691,-0.040501,0,107.14,NaN
67.4320,-0.087668,-0.038772,0,107.14,NaN
67.4400,-0.089133,-0.036854,0,107.14,NaN
67.4480,-0.087179,-0.034282,0,107.14,NaN
67.4560,-0.082784,-0.031028,0,107.14,NaN
67.4640,-0.077411,-0.027622,0,107.14,NaN
67.4720,-0.076435,-0.024682,0,107.14,NaN
67.4800,-0.074481,-0.022440,0,107.14,NaN
67.4880,-0.072527,-0.020685,0,107.14,NaN
67.4960,-0.070574,-0.082065,0,107.14,NaN
67.5040,-0.076435,-0.091166,0,107.14,NaN
67.5120,-0.082784,-0.103675,0,107.14,NaN
67.5200,-0.090598,-0.118867,0,107.14,NaN
67.5280,-0.098901,-0.135496,0,107.14,NaN
67.5360,-0.108669,-0.151748,0,107.14,NaN
67.5440,-0.115507,-0.165178,0,107.14,NaN
67.5520,-0.116484,-0.172818,0,107.14,NaN
67.5600,-0.113553,-0.171432,0,107.14,NaN
67.5680,-0.101343,-0.158075,0,107.14,NaN
67.5760,-0.076435,-0.131193,0,107.14,NaN
67.5840,-0.038828,-0.092029,0,107.14,NaN
67.5920,0.016361,-0.045421,0,107.14,NaN
67.6000,0.078877,-0.305024,0,107.14,NaN
67.6080,0.156044,-0.229926,0,107.14,NaN
67.6160,0.249817,-0.137785,0,107.14,NaN
67.6240,0.367033,-0.030909,0,107.14,NaN
67.6320,0.477900,0.086044,0,107.14,NaN
67.6400,0.588767,0.205906,0,107.14,NaN
67.6480,0.696703,0.317553,0,107.14,NaN
67.6560,0.805617,0.403957,1,107.14,NaN
67.6640,0.892552,0.443213,1,107.14,NaN
67.6720,0.916972,0.415224,1,107.14,NaN
67.6800,0.838339,0.311876,0,107.14,NaN
67.6880,0.685470,0.143757,0,107.14,NaN
67.6960,0.518926,-0.061538,0,107.14,NaN
67.7040,0.349939,0.441200,0,107.14,NaN
67.7120,0.193651,0.259205,0,107.14,NaN
67.7200,0.055433,0.099698,0,107.14,NaN
67.7280,-0.056899,-0.026783,0,107.14,NaN
67.7360,-0.139438,-0.114565,0,107.14,NaN
67.7440,-0.186813,-0.162392,0,107.14,NaN
67.7520,-0.197070,-0.173492,0,107.14,NaN
67.7600,-0.179976,-0.155292,0,107.14,NaN
67.7680,-0.146764,-0.118090,0,107.14,NaN
67.7760,-0.103785,-0.072783,0,107.14,NaN
67.7840,-0.064713,-0.028187,0,107.14,NaN
67.7920,-0.037851,0.011354,0,107.14,NaN
67.8000,-0.022711,0.046823,0,107.14,NaN
67.8080,-0.018315,0.029913,0,107.14,NaN
67.8160,-0.024664,0.027888,0,107.14,NaN
67.8240,-0.040293,0.017973,0,107.14,NaN
67.8320,-0.055433,0.004481,0,107.14,NaN
67.8400,-0.070574,-0.008677,0,107.14,NaN
67.8480,-0.081319,-0.018785,0,107.14,NaN
67.8560,-0.085714,-0.024636,0,107.14,NaN
67.8640,-0.087668,-0.026325,0,107.14,NaN
67.8720,-0.088156,-0.024655,0,107.14,NaN
67.8800,-0.086691,-0.020566,0,107.14,NaN
67.8880,-0.085714,-0.014844,0,107.14,NaN
67.8960,-0.084737,-0.008067,0,107.14,NaN
67.9040,-0.084249,-0.000699,0,107.14,NaN
67.9120,-0.084249,-0.223048,0,107.14,NaN
67.9200,-0.083761,-0.223331,0,107.14,NaN
67.9280,-0.084249,-0.221811,0,107.14,NaN
67.9360,-0.084737,-0.218029,0,107.14,NaN
67.9440,-0.086203,-0.211495,0,107.14,NaN
67.9520,-0.089133,-0.201808,0,107.14,NaN
67.9600,-0.088156,-0.188991,0,107.14,NaN
67.9680,-0.086691,-0.173815,0,107.14,NaN
67.9760,-0.084737,-0.157706,0,107.14,NaN
67.9840,-0.084737,-0.142226,0,107.14,NaN
67.9920,-0.083272,-0.128466,0,107.14,NaN
68.0000,-0.082295,-0.116660,0,107.14,NaN
68.0080,-0.079365,-0.106158,0,107.14,NaN
68.0160,-0.078877,0.002280,0,107.14,NaN
68.0240,-0.078877,0.006303,0,107.14,NaN
68.0320,-0.078388,0.007432,0,107.14,NaN
68.0400,-0.077411,0.006441,0,107.14,NaN
68.0480,-0.077411,0.004180,0,107.14,NaN
68.0560,-0.076923,0.001528,0,107.14,NaN
68.0640,-0.076435,-0.000676,0,107.14,NaN
68.0720,-0.077900,-0.001772,0,107.14,NaN
68.0800,-0.074481,-0.001515,0,107.14,NaN
68.0880,-0.073504,-0.000214,0,107.14,NaN
68.0960,-0.070085,0.001459,0,107.14,NaN
68.1040,-0.070574,0.002914,0,107.14,NaN
68.1120,-0.072527,0.004027,0,107.14,NaN
68.1200,-0.070574,-0.013482,0,107.14,NaN
68.1280,-0.071551,-0.013823,0,107.14,NaN
68.1360,-0.071062,-0.014542,0,107.14,NaN
68.1440,-0.071551,-0.015391,0,107.14,NaN
68.1520,-0.071551,-0.015939,0,107.14,NaN
68.1600,-0.071062,-0.015678,0,107.14,NaN
68.1680,-0.070085,-0.014270,0,107.14,NaN
68.1760,-0.065201,-0.011849,0,107.14,NaN
68.1840,-0.058852,-0.009077,0,107.14,NaN
68.1920,-0.056899,-0.006788,0,107.14,NaN
68.2000,-0.054457,-0.005506,0,107.14,NaN
68.2080,-0.052991,-0.005275,0,107.14,NaN
68.2160,-0.052991,-0.005718,0,107.14,NaN
68.2240,-0.054457,0.014400,0,107.14,NaN
68.2320,-0.055433,0.012063,0,107.14,NaN
68.2400,-0.059341,0.009837,0,107.14,NaN
68.2480,-0.059829,0.008396,0,107.14,NaN
68.2560,-0.058852,0.008018,0,107.14,NaN
68.2640,-0.056410,0.008461,0,107.14,NaN
68.2720,-0.054945,0.009189,0,107.14,NaN
68.2800,-0.054457,0.009693,0,107.14,NaN
68.2880,-0.053480,0.009666,0,107.14,NaN
68.2960,-0.053480,0.009031,0,107.14,NaN
68.3040,-0.054457,0.007916,0,107.14,NaN
68.3120,-0.055922,0.006566,0,107.14,NaN
68.3200,-0.055433,0.005167,0,107.14,NaN
68.3280,-0.053968,-0.001232,0,107.14,NaN
68.3360,-0.052991,-0.000586,0,107.14,NaN
68.3440,-0.051526,0.000528,0,107.14,NaN
68.3520,-0.049084,0.001755,0,107.14,NaN
68.3600,-0.046154,0.002639,0,107.14,NaN
68.3680,-0.045665,0.002817,0,107.14,NaN
68.3760,-0.044689,0.002255,0,107.14,NaN
68.3840,-0.047619,0.001291,0,107.14,NaN
68.3920,-0.046154,0.000412,0,107.14,NaN
68.4000,-0.045665,-0.000046,0,107.14,NaN
68.4080,-0.045177,-0.000010,0,107.14,NaN
68.4160,-0.042247,0.000394,0,107.14,NaN
68.4240,-0.041758,0.000961,0,107.14,NaN
68.4320,-0.041758,0.002923,0,107.14,NaN
68.4400,-0.038828,0.002955,0,107.14,NaN
68.4480,-0.038828,0.002531,0,107.14,NaN
68.4560,-0.039316,0.001716,0,107.14,NaN
68.4640,-0.039805,0.000770,0,107.14,NaN
68.4720,-0.039316,-0.000015,0,107.14,NaN
68.4800,-0.038828,-0.000471,0,107.14,NaN
68.4880,-0.037363,-0.000578,0,107.14,NaN
68.4960,-0.037363,-0.000382,0,107.14,NaN
68.5040,-0.036386,0.000061,0,107.14,NaN
68.5120,-0.034432,0.000658,0,107.14,NaN
68.5200,-0.033455,0.001298,0,107.14,NaN
68.5280,-0.032479,0.001919,0,107.14,NaN
68.5360,-0.032479,-0.005280,0,107.14,NaN
68.5440,-0.033944,-0.007818,0,107.14,NaN
68.5520,-0.037363,-0.010838,0,107.14,NaN
68.5600,-0.037363,-0.013683,0,107.14,NaN
68.5680,-0.038828,-0.015703,0,107.14,NaN
68.5760,-0.038828,-0.016378,0,107.14,NaN
68.5840,-0.037851,-0.015443,0,107.14,NaN
68.5920,-0.033944,-0.013085,0,107.14,NaN
68.6000,-0.028571,-0.010004,0,107.14,NaN
68.6080,-0.023687,-0.007154,0,107.14,NaN
68.6160,-0.021734,-0.005274,0,107.14,NaN
68.6240,-0.019780,-0.004550,0,107.14,NaN
68.6320,-0.019780,-0.004589,0,107.14,NaN
68.6400,-0.021245,0.018338,0,107.14,NaN
68.6480,-0.023199,0.016066,0,107.14,NaN
68.6560,-0.024664,0.013655,0,107.14,NaN
68.6640,-0.027595,0.011786,0,107.14,NaN
68.6720,-0.028571,0.010958,0,107.14,NaN
68.6800,-0.026618,0.011264,0,107.14,NaN
68.6880,-0.025641,0.012341,0,107.14,NaN
68.6960,-0.023199,0.013558,0,107.14,NaN
68.7040,-0.023199,0.014278,0,107.14,NaN
68.7120,-0.023199,0.014022,0,107.14,NaN
68.7200,-0.023199,0.012530,0,107.14,NaN
68.7280,-0.025641,0.009843,0,107.14,NaN
68.7360,-0.029548,0.006405,0,107.14,NaN
68.7440,-0.033455,0.052606,0,107.14,NaN
68.7520,-0.038339,0.049817,0,107.14,NaN
68.7600,-0.040293,0.046880,0,107.14,NaN
68.7680,-0.045177,0.044043,0,107.14,NaN
68.7760,-0.051526,0.041707,0,107.14,NaN
68.7840,-0.055433,0.040295,0,107.14,NaN
68.7920,-0.057875,0.039808,0,107.14,NaN
68.8000,-0.056899,0.039555,0,107.14,NaN
68.8080,-0.057875,0.038468,0,107.14,NaN
68.8160,-0.064713,0.035805,0,107.14,NaN
68.8240,-0.071551,0.031606,0,107.14,NaN
68.8320,-0.081319,0.026484,0,107.14,NaN
68.8400,-0.085714,0.021063,0,107.14,NaN
68.8480,-0.092063,-0.015840,0,107.14,NaN
68.8560,-0.094994,-0.019201,0,107.14,NaN
68.8640,-0.096459,-0.020717,0,107.14,NaN
68.8720,-0.098901,-0.020199,0,107.14,NaN
68.8800,-0.098901,-0.017456,0,107.14,NaN
68.8880,-0.096459,-0.012557,0,107.14,NaN
68.8960,-0.092063,-0.006175,0,107.14,NaN
68.9040,-0.085714,0.000306,0,107.14,NaN
68.9120,-0.082784,0.005097,0,107.14,NaN
68.9200,-0.081319,0.006583,0,107.14,NaN
68.9280,-0.086203,0.003934,0,107.14,NaN
68.9360,-0.094017,-0.002502,0,107.14,NaN
68.9440,-0.105739,-0.011195,0,107.14,NaN
68.9520,-0.114530,-0.047428,0,107.14,NaN
68.9600,-0.115507,-0.048952,0,107.14,NaN
68.9680,-0.110623,-0.046239,0,107.14,NaN
68.9760,-0.101832,-0.040865,0,107.14,NaN
68.9840,-0.097924,-0.035120,0,107.14,NaN
68.9920,-0.094017,-0.030873,0,107.14,NaN
69.0000,-0.093529,-0.028917,0,107.14,NaN
69.0080,-0.096947,-0.028850,0,107.14,NaN
69.0160,-0.100855,-0.029453,0,107.14,NaN
69.0240,-0.100855,-0.029460,0,107.14,NaN
69.0320,-0.098413,-0.028190,0,107.14,NaN
69.0400,-0.098901,-0.025643,0,107.14,NaN
69.0480,-0.094994,-0.022311,0,107.14,NaN
69.0560,-0.100366,0.027017,0,107.14,NaN
69.0640,-0.105739,0.022738,0,107.14,NaN
69.0720,-0.116972,0.016247,0,107.14,NaN
69.0800,-0.126252,0.008947,0,107.14,NaN
69.0880,-0.132601,0.002297,0,107.14,NaN
69.0960,-0.139927,-0.002589,0,107.14,NaN
69.1040,-0.145299,-0.005063,0,107.14,NaN
69.1120,-0.146276,-0.005044,0,107.14,NaN
69.1200,-0.146276,-0.003074,0,107.14,NaN
69.1280,-0.144811,-0.000119,0,107.14,NaN
69.1360,-0.142857,0.002826,0,107.14,NaN
69.1440,-0.143346,0.005169,0,107.14,NaN
69.1520,-0.145299,0.006970,0,107.14,NaN
69.1600,-0.143346,-0.018723,0,107.14,NaN
69.1680,-0.138950,-0.013427,0,107.14,NaN
69.1760,-0.132112,-0.006370,0,107.14,NaN
69.1840,-0.125275,0.001733,0,107.14,NaN
69.1920,-0.117460,0.009905,0,107.14,NaN
69.2000,-0.114530,0.017227,0,107.14,NaN
69.2080,-0.109646,0.022919,0,107.14,NaN
69.2160,-0.106227,0.026265,0,107.14,NaN
69.2240,-0.109158,0.026648,0,107.14,NaN
69.2320,-0.110623,0.023666,0,107.14,NaN
69.2400,-0.116972,0.017213,0,107.14,NaN
69.2480,-0.123321,0.007688,0,107.14,NaN
69.2560,-0.136996,-0.003726,0,107.14,NaN
69.2640,-0.150672,-0.044718,0,107.14,NaN
69.2720,-0.158486,-0.052351,0,107.14,NaN
69.2800,-0.157509,-0.054586,0,107.14,NaN
69.2880,-0.151160,-0.051730,0,107.14,NaN
69.2960,-0.143834,-0.045474,0,107.14,NaN
69.3040,-0.136020,-0.037925,0,107.14,NaN
69.3120,-0.131136,-0.030801,0,107.14,NaN
69.3200,-0.125763,-0.025126,0,107.14,NaN
69.3280,-0.123810,-0.021363,0,107.14,NaN
69.3360,-0.120391,-0.019695,0,107.14,NaN
69.3440,-0.118926,-0.020175,0,107.14,NaN
69.3520,-0.120879,-0.022569,0,107.14,NaN
69.3600,-0.124786,-0.026132,0,107.14,NaN
69.3680,-0.128205,-0.003435,0,107.14,NaN
69.3760,-0.129182,-0.004700,0,107.14,NaN
69.3840,-0.130159,-0.004338,0,107.14,NaN
69.3920,-0.126252,-0.002750,0,107.14,NaN
69.4000,-0.120391,-0.001168,0,107.14,NaN
69.4080,-0.117460,-0.000997,0,107.14,NaN
69.4160,-0.119902,-0.002827,0,107.14,NaN
69.4240,-0.125275,-0.005928,0,107.14,NaN
69.4320,-0.129670,-0.008684,0,107.14,NaN
69.4400,-0.129670,-0.009647,0,107.14,NaN
69.4480,-0.124298,-0.008381,0,107.14,NaN
69.4560,-0.117949,-0.005465,0,107.14,NaN
69.4640,-0.116484,-0.001810,0,107.14,NaN
69.4720,-0.110623,0.036124,0,107.14,NaN
69.4800,-0.112088,0.035433,0,107.14,NaN
69.4880,-0.118437,0.031871,0,107.14,NaN
69.4960,-0.127228,0.026788,0,107.14,NaN
69.5040,-0.133578,0.022004,0,107.14,NaN
69.5120,-0.136996,0.018838,0,107.14,NaN
69.5200,-0.136996,0.017577,0,107.14,NaN
69.5280,-0.136996,0.017623,0,107.14,NaN
69.5360,-0.137973,0.018060,0,107.14,NaN
69.5440,-0.139438,0.018162,0,107.14,NaN
69.5520,-0.140904,0.017612,0,107.14,NaN
69.5600,-0.144322,0.016469,0,107.14,NaN
69.5680,-0.145299,0.015017,0,107.14,NaN
69.5760,-0.147253,-0.024860,0,107.14,NaN
69.5840,-0.154579,-0.029675,0,107.14,NaN
69.5920,-0.159463,-0.032884,0,107.14,NaN
69.6000,-0.157509,-0.033457,0,107.14,NaN
69.6080,-0.153602,-0.031364,0,107.14,NaN
69.6160,-0.148718,-0.027530,0,107.14,NaN
69.6240,-0.145788,-0.023361,0,107.14,NaN
69.6320,-0.138950,-0.020282,0,107.14,NaN
69.6400,-0.134554,-0.019183,0,107.14,NaN
69.6480,-0.141392,-0.019699,0,107.14,NaN
69.6560,-0.147253,-0.020196,0,107.14,NaN
69.6640,-0.148230,-0.019073,0,107.14,NaN
69.6720,-0.137485,-0.016311,0,107.14,NaN
69.6800,-0.125763,0.050995,0,107.14,NaN
69.6880,-0.118437,0.062943,0,107.14,NaN
69.6960,-0.115995,0.076048,0,107.14,NaN
69.7040,-0.106716,0.089980,0,107.14,NaN
69.7120,-0.094017,0.103708,0,107.14,NaN
69.7200,-0.085714,0.115079,0,107.14,NaN
69.7280,-0.078388,0.121365,0,107.14,NaN
69.7360,-0.079365,0.120304,0,107.14,NaN
69.7440,-0.091087,0.111170,0,107.14,NaN
69.7520,-0.110623,0.095304,0,107.14,NaN
69.7600,-0.136996,0.075571,0,107.14,NaN
69.7680,-0.158974,0.054826,0,107.14,NaN
69.7760,-0.171673,0.034393,0,107.14,NaN
69.7840,-0.178022,-0.061641,0,107.14,NaN
69.7920,-0.169231,-0.055076,0,107.14,NaN
69.8000,-0.149695,-0.039695,0,107.14,NaN
69.8080,-0.129182,-0.019826,0,107.14,NaN
69.8160,-0.109646,-0.000239,0,107.14,NaN
69.8240,-0.098413,0.015230,0,107.14,NaN
69.8320,-0.088156,0.024269,0,107.14,NaN
69.8400,-0.084737,0.026139,0,107.14,NaN
69.8480,-0.090110,0.021646,0,107.14,NaN
69.8560,-0.100366,0.012862,0,107.14,NaN
69.8640,-0.109158,0.002267,0,107.14,NaN
69.8720,-0.116484,-0.008352,0,107.14,NaN
69.8800,-0.119902,-0.018498,0,107.14,NaN
69.8880,-0.126740,-0.028597,0,107.14,NaN
69.8960,-0.139438,-0.042075,0,107.14,NaN
69.9040,-0.149695,-0.055397,0,107.14,NaN
69.9120,-0.160928,-0.066656,0,107.14,NaN
69.9200,-0.165324,-0.073803,0,107.14,NaN
69.9280,-0.166300,-0.075389,0,107.14,NaN
69.9360,-0.162882,-0.071131,0,107.14,NaN
69.9440,-0.149206,-0.062235,0,107.14,NaN
69.9520,-0.135043,-0.051156,0,107.14,NaN
69.9600,-0.124298,-0.040666,0,107.14,NaN
69.9680,-0.114042,-0.032785,0,107.14,NaN
69.9760,-0.108669,-0.028109,0,107.14,NaN
69.9840,-0.109158,-0.025609,0,107.14,NaN
69.9920,-0.112088,-0.008435,0,107.14,NaN
70.0000,-0.116484,-0.012430,0,107.14,NaN
70.0080,-0.118926,-0.016823,0,107.14,NaN
70.0160,-0.120391,-0.020964,0,107.14,NaN
70.0240,-0.123810,-0.024783,0,107.14,NaN
70.0320,-0.125275,-0.028453,0,107.14,NaN
70.0400,-0.128205,-0.032003,0,107.14,NaN
70.0480,-0.131136,-0.035007,0,107.14,NaN
70.0560,-0.132601,-0.036458,0,107.14,NaN
70.0640,-0.133089,-0.034985,0,107.14,NaN
70.0720,-0.129182,-0.029468,0,107.14,NaN
70.0800,-0.116972,-0.019861,0,107.14,NaN
70.0880,-0.100855,-0.007658,0,107.14,NaN
70.0960,-0.080830,-0.060846,0,107.14,NaN
70.1040,-0.062759,-0.048714,0,107.14,NaN
70.1120,-0.051526,-0.041875,0,107.14,NaN
70.1200,-0.047131,-0.042075,0,107.14,NaN
70.1280,-0.054457,-0.048782,0,107.14,NaN
70.1360,-0.061783,-0.059354,0,107.14,NaN
70.1440,-0.070085,-0.070012,0,107.14,NaN
70.1520,-0.073504,-0.077005,0,107.14,NaN
70.1600,-0.070574,-0.077548,0,107.14,NaN
70.1680,-0.061783,-0.070438,0,107.14,NaN
70.1760,-0.040293,-0.056290,0,107.14,NaN
70.1840,-0.017338,-0.037166,0,107.14,NaN
70.1920,0.003175,-0.015657,0,107.14,NaN
70.2000,0.010012,0.084923,0,107.14,NaN
70.2080,0.006593,0.083180,0,107.14,NaN
70.2160,-0.007570,0.074274,0,107.14,NaN
70.2240,-0.018315,0.062038,0,107.14,NaN
70.2320,-0.023687,0.050153,0,107.14,NaN
70.2400,-0.030525,0.041005,0,107.14,NaN
70.2480,-0.031502,0.035546,0,107.14,NaN
70.2560,-0.031502,0.033580,0,107.14,NaN
70.2640,-0.030525,0.034112,0,107.14,NaN
70.2720,-0.024664,0.035680,0,107.14,NaN
70.2800,-0.021734,0.036821,0,107.14,NaN
70.2880,-0.021734,0.036723,0,107.14,NaN
70.2960,-0.024176,0.035620,0,107.14,NaN
70.3040,-0.031990,0.102861,0,107.14,NaN
70.3120,-0.040781,0.094765,0,107.14,NaN
70.3200,-0.052503,0.084180,0,107.14,NaN
70.3280,-0.062271,0.072072,0,107.14,NaN
70.3360,-0.076435,0.059521,0,107.14,NaN
70.3440,-0.089133,0.047758,0,107.14,NaN
70.3520,-0.099878,0.037951,0,107.14,NaN
70.3600,-0.105739,0.030886,0,107.14,NaN
70.3680,-0.110134,0.026874,0,107.14,NaN
70.3760,-0.114042,0.025937,0,107.14,NaN
70.3840,-0.113553,0.027925,0,107.14,NaN
70.3920,-0.115018,0.032402,0,107.14,NaN
70.4000,-0.109646,0.038416,0,107.14,NaN
70.4080,-0.108181,-0.041608,0,107.14,NaN
70.4160,-0.105739,-0.038384,0,107.14,NaN
70.4240,-0.103785,-0.035632,0,107.14,NaN
70.4320,-0.103785,-0.033585,0,107.14,NaN
70.4400,-0.102808,-0.032252,0,107.14,NaN
70.4480,-0.101832,-0.031546,0,107.14,NaN
70.4560,-0.101343,-0.031311,0,107.14,NaN
70.4640,-0.102320,-0.031234,0,107.14,NaN
70.4720,-0.101832,-0.030822,0,107.14,NaN
70.4800,-0.103785,-0.029505,0,107.14,NaN
70.4880,-0.102320,-0.026869,0,107.14,NaN
70.4960,-0.101343,-0.022909,0,107.14,NaN
70.5040,-0.098413,-0.018118,0,107.14,NaN
70.5120,-0.094994,-0.033827,0,107.14,NaN
70.5200,-0.092063,-0.029028,0,107.14,NaN
70.5280,-0.087179,-0.024862,0,107.14,NaN
70.5360,-0.085714,-0.021816,0,107.14,NaN
70.5440,-0.085714,-0.019941,0,107.14,NaN
70.5520,-0.085714,-0.018872,0,107.14,NaN
70.5600,-0.085714,-0.018066,0,107.14,NaN
70.5680,-0.085714,-0.017059,0,107.14,NaN
70.5760,-0.086203,-0.015631,0,107.14,NaN
70.5840,-0.084249,-0.013949,0,107.14,NaN
70.5920,-0.081319,-0.012507,0,107.14,NaN
70.6000,-0.082295,-0.011734,0,107.14,NaN
70.6080,-0.084737,-0.011552,0,107.14,NaN
70.6160,-0.082295,0.035280,0,107.14,NaN
70.6240,-0.078877,0.039081,0,107.14,NaN
70.6320,-0.076923,0.042566,0,107.14,NaN
70.6400,-0.076923,0.045347,0,107.14,NaN
70.6480,-0.078388,0.047311,0,107.14,NaN
70.6560,-0.078388,0.048390,0,107.14,NaN
70.6640,-0.077411,0.048232,0,107.14,NaN
70.6720,-0.077900,0.046244,0,107.14,NaN
70.6800,-0.081319,0.042096,0,107.14,NaN
70.6880,-0.089133,0.036246,0,107.14,NaN
70.6960,-0.099878,0.029950,0,107.14,NaN
70.7040,-0.107692,0.024460,0,107.14,NaN
70.7120,-0.106227,0.019969,0,107.14,NaN
70.7200,-0.093529,-0.986664,0,107.14,NaN
70.7280,-0.066667,-1.000000,0,107.14,NaN
70.7360,-0.023199,-0.997250,0,107.14,NaN
70.7440,0.038339,-0.978011,0,107.14,NaN
70.7520,0.106716,-0.942832,0,107.14,NaN
70.7600,0.190720,-0.893070,0,107.14,NaN
70.7680,0.292308,-0.831348,0,107.14,NaN
70.7760,0.401709,-0.761880,0,107.14,NaN
70.7840,0.514530,-0.689922,0,107.14,NaN
70.7920,0.623932,-0.620582,0,107.14,NaN
70.8000,0.729915,-0.557650,0,107.14,NaN
70.8080,0.836386,-0.502498,0,107.14,NaN
70.8160,0.914530,-0.453089,0,107.14,NaN
70.8240,0.916972,1.000000,1,107.14,NaN
70.8320,0.821734,0.955685,1,107.14,NaN
70.8400,0.663980,0.868762,0,107.14,NaN
70.8480,0.495482,0.755345,0,107.14,NaN
70.8560,0.331380,0.633322,0,107.14,NaN
70.8640,0.176557,0.517963,0,107.14,NaN
70.8720,0.039316,0.420714,0,107.14,NaN
70.8800,-0.073504,0.349526,0,107.14,NaN
70.8880,-0.148230,0.308952,0,107.14,NaN
70.8960,-0.180952,0.299728,0,107.14,NaN
70.9040,-0.180952,0.318545,0,107.14,NaN
70.9120,-0.157021,0.358501,0,107.14,NaN
70.9200,-0.116972,0.410021,0,107.14,NaN
70.9280,-0.075458,-0.043337,0,107.14,NaN
70.9360,-0.040293,-0.002109,0,107.14,NaN
70.9440,-0.020757,0.028084,0,107.14,NaN
70.9520,-0.010989,0.045067,0,107.14,NaN
70.9600,-0.010989,0.049809,0,107.14,NaN
70.9680,-0.023199,0.045354,0,107.14,NaN
70.9760,-0.035409,0.035653,0,107.14,NaN
70.9840,-0.048107,0.024448,0,107.14,NaN
70.9920,-0.060317,0.014564,0,107.14,NaN
71.0000,-0.069109,0.007655,0,107.14,NaN
71.0080,-0.072039,0.004164,0,107.14,NaN
71.0160,-0.074969,0.003510,0,107.14,NaN
71.0240,-0.075458,0.004461,0,107.14,NaN
71.0320,-0.072527,-0.214434,0,107.14,NaN
71.0400,-0.074969,-0.218563,0,107.14,NaN
71.0480,-0.077411,-0.221075,0,107.14,NaN
71.0560,-0.075458,-0.221146,0,107.14,NaN
71.0640,-0.073504,-0.218205,0,107.14,NaN
71.0720,-0.069597,-0.212246,0,107.14,NaN
71.0800,-0.064713,-0.203748,0,107.14,NaN
71.0880,-0.061783,-0.193261,0,107.14,NaN
71.0960,-0.065201,-0.180895,0,107.14,NaN
71.1040,-0.068132,-0.166245,0,107.14,NaN
71.1120,-0.070085,-0.148929,0,107.14,NaN
71.1200,-0.071551,-0.129181,0,107.14,NaN
71.1280,-0.073016,-0.108002,0,107.14,NaN
71.1360,-0.072527,-0.034366,0,107.14,NaN
71.1440,-0.070574,-0.022817,0,107.14,NaN
71.1520,-0.073016,-0.014533,0,107.14,NaN
71.1600,-0.077900,-0.009751,0,107.14,NaN
71.1680,-0.083272,-0.007792,0,107.14,NaN
71.1760,-0.085226,-0.007532,0,107.14,NaN
71.1840,-0.085714,-0.007952,0,107.14,NaN
71.1920,-0.082784,-0.008432,0,107.14,NaN
71.2000,-0.078388,-0.008725,0,107.14,NaN
71.2080,-0.077900,-0.008727,0,107.14,NaN
71.2160,-0.074481,-0.008347,0,107.14,NaN
71.2240,-0.071551,-0.007587,0,107.14,NaN
71.2320,-0.069597,-0.006607,0,107.14,NaN
71.2400,-0.063736,-0.013138,0,57.25,NaN
71.2480,-0.062759,-0.010429,0,57.25,NaN
71.2560,-0.062759,-0.007914,0,57.25,NaN
71.2640,-0.061294,-0.005395,0,57.25,NaN
71.2720,-0.059829,-0.002642,0,57.25,NaN
71.2800,-0.055922,0.000382,0,57.25,NaN
71.2880,-0.055433,0.003487,0,57.25,NaN
71.2960,-0.051038,0.006244,0,57.25,NaN
71.3040,-0.048107,0.007985,0,57.25,NaN
71.3120,-0.046642,0.007998,0,57.25,NaN
71.3200,-0.046154,0.005911,0,57.25,NaN
71.3280,-0.052991,0.001987,0,57.25,NaN
71.3360,-0.054945,-0.002967,0,57.25,NaN
71.3440,-0.056899,-0.004969,0,57.25,NaN
71.3520,-0.055922,-0.006515,0,57.25,NaN
71.3600,-0.055433,-0.006770,0,57.25,NaN
71.3680,-0.053968,-0.006069,0,57.25,NaN
71.3760,-0.051526,-0.004947,0,57.25,NaN
71.3840,-0.048107,-0.003967,0,57.25,NaN
71.3920,-0.049573,-0.003467,0,57.25,NaN
71.4000,-0.047619,-0.003422,0,57.25,NaN
71.4080,-0.048107,-0.003547,0,57.25,NaN
71.4160,-0.048596,-0.003518,0,57.25,NaN
71.4240,-0.044200,-0.003202,0,57.25,NaN
71.4320,-0.043712,-0.002697,0,57.25,NaN
71.4400,-0.042247,-0.002142,0,57.25,NaN
71.4480,-0.042735,0.006647,0,57.25,NaN
71.4560,-0.044689,0.005297,0,57.25,NaN
71.4640,-0.044200,0.003671,0,57.25,NaN
71.4720,-0.045177,0.002073,0,57.25,NaN
71.4800,-0.045177,0.000721,0,57.25,NaN
71.4880,-0.044200,-0.000262,0,57.25,NaN
71.4960,-0.044689,-0.000819,0,57.25,NaN
71.5040,-0.043223,-0.000958,0,57.25,NaN
71.5120,-0.041270,-0.000764,0,57.25,NaN
71.5200,-0.040293,-0.000336,0,57.25,NaN
71.5280,-0.038828,0.000316,0,57.25,NaN
71.5360,-0.038828,0.001247,0,57.25,NaN
71.5440,-0.035409,0.002408,0,57.25,NaN
71.5520,-0.033455,0.004552,0,57.25,NaN
71.5600,-0.032479,0.003742,0,57.25,NaN
71.5680,-0.034432,0.001713,0,57.25,NaN
71.5760,-0.036386,-0.001020,0,57.25,NaN
71.5840,-0.039805,-0.003482,0,57.25,NaN
71.5920,-0.042247,-0.004663,0,57.25,NaN
71.6000,-0.038828,-0.004087,0,57.25,NaN
71.6080,-0.035897,-0.002106,0,57.25,NaN
71.6160,-0.031013,0.000339,0,57.25,NaN
71.6240,-0.030037,0.002268,0,57.25,NaN
71.6320,-0.028083,0.003081,0,57.25,NaN
71.6400,-0.028083,0.002718,0,57.25,NaN
71.6480,-0.029060,0.001607,0,57.25,NaN
71.6560,-0.031013,0.002887,0,57.25,NaN
71.6640,-0.031013,0.002262,0,57.25,NaN
71.6720,-0.028571,0.002553,0,57.25,NaN
71.6800,-0.026129,0.003676,0,57.25,NaN
71.6880,-0.026129,0.005344,0,57.25,NaN
71.6960,-0.022711,0.007180,0,57.25,NaN
71.7040,-0.019780,0.008706,0,57.25,NaN
71.7120,-0.018803,0.009459,0,57.25,NaN
71.7200,-0.018315,0.009215,0,57.25,NaN
71.7280,-0.019780,0.008050,0,57.25,NaN
71.7360,-0.021245,0.006218,0,57.25,NaN
71.7440,-0.020757,0.003961,0,57.25,NaN
71.7520,-0.023199,0.001476,0,57.25,NaN
71.7600,-0.022711,0.011420,0,57.25,NaN
71.7680,-0.023199,0.011890,0,57.25,NaN
71.7760,-0.022222,0.013262,0,57.25,NaN
71.7840,-0.017827,0.015108,0,57.25,NaN
71.7920,-0.015873,0.016736,0,57.25,NaN
71.8000,-0.015385,0.017562,0,57.25,NaN
71.8080,-0.016850,0.017356,0,57.25,NaN
71.8160,-0.015873,0.016170,0,57.25,NaN
71.8240,-0.017827,0.014235,0,57.25,NaN
71.8320,-0.021245,0.011953,0,57.25,NaN
71.8400,-0.023199,0.009770,0,57.25,NaN
71.8480,-0.023199,0.007912,0,57.25,NaN
71.8560,-0.024664,0.006298,0,57.25,NaN
71.8640,-0.023199,0.044387,0,57.25,NaN
71.8720,-0.025641,0.043519,0,57.25,NaN
71.8800,-0.030037,0.041906,0,57.25,NaN
71.8880,-0.035409,0.040132,0,57.25,NaN
71.8960,-0.037363,0.038842,0,57.25,NaN
71.9040,-0.038828,0.038229,0,57.25,NaN
71.9120,-0.038828,0.037901,0,57.25,NaN
71.9200,-0.040781,0.037164,0,57.25,NaN
71.9280,-0.044200,0.035436,0,57.25,NaN
71.9360,-0.049084,0.032497,0,57.25,NaN
71.9440,-0.054457,0.028502,0,57.25,NaN
71.9520,-0.061783,0.023838,0,57.25,NaN
71.9600,-0.066667,0.018907,0,57.25,NaN
71.9680,-0.071062,0.006070,0,57.25,NaN
71.9760,-0.073016,0.004568,0,57.25,NaN
71.9840,-0.074481,0.004433,0,57.25,NaN
71.9920,-0.075458,0.005347,0,57.25,NaN
72.0000,-0.077411,0.006900,0,57.25,NaN
72.0080,-0.076435,0.008563,0,57.25,NaN
72.0160,-0.076923,0.009675,0,57.25,NaN
72.0240,-0.077411,0.009667,0,57.25,NaN
72.0320,-0.082784,0.008406,0,57.25,NaN
72.0400,-0.087179,0.006303,0,57.25,NaN
72.0480,-0.093040,0.004058,0,57.25,NaN
72.0560,-0.096459,0.002193,0,57.25,NaN
72.0640,-0.098413,0.000745,0,57.25,NaN
72.0720,-0.098901,-0.023374,0,57.25,NaN
72.0800,-0.099878,-0.023052,0,57.25,NaN
72.0880,-0.101343,-0.022107,0,57.25,NaN
72.0960,-0.101832,-0.020698,0,57.25,NaN
72.1040,-0.101832,-0.018994,0,57.25,NaN
72.1120,-0.101832,-0.017262,0,57.25,NaN
72.1200,-0.101343,-0.015845,0,57.25,NaN
72.1280,-0.101832,-0.015005,0,57.25,NaN
72.1360,-0.103785,-0.014725,0,57.25,NaN
72.1440,-0.106716,-0.014627,0,57.25,NaN
72.1520,-0.109158,-0.014165,0,57.25,NaN
72.1600,-0.109646,-0.013009,0,57.25,NaN
72.1680,-0.108669,-0.011305,0,57.25,NaN
72.1760,-0.103785,-0.017207,0,57.25,NaN
72.1840,-0.101343,-0.013897,0,57.25,NaN
72.1920,-0.100855,-0.011571,0,57.25,NaN
72.2000,-0.102320,-0.010531,0,57.25,NaN
72.2080,-0.104274,-0.010595,0,57.25,NaN
72.2160,-0.106227,-0.011416,0,57.25,NaN
72.2240,-0.106716,-0.012744,0,57.25,NaN
72.2320,-0.107204,-0.014354,0,57.25,NaN
72.2400,-0.112088,-0.015704,0,57.25,NaN
72.2480,-0.116484,-0.015860,0,57.25,NaN
72.2560,-0.115018,-0.014036,0,57.25,NaN
72.2640,-0.109646,-0.010229,0,57.25,NaN
72.2720,-0.106227,-0.005246,0,57.25,NaN
72.2800,-0.101832,0.028048,0,57.25,NaN
72.2880,-0.100855,0.035745,0,57.25,NaN
72.2960,-0.094994,0.044382,0,57.25,NaN
72.3040,-0.086203,0.053525,0,57.25,NaN
72.3120,-0.081319,0.062185,0,57.25,NaN
72.3200,-0.075458,0.069123,0,57.25,NaN
72.3280,-0.075458,0.073188,0,57.25,NaN
72.3360,-0.075458,0.073480,0,57.25,NaN
72.3440,-0.079365,0.069477,0,57.25,NaN
72.3520,-0.090110,0.061225,0,57.25,NaN
72.3600,-0.101343,0.049420,0,57.25,NaN
72.3680,-0.116972,0.035203,0,57.25,NaN
72.3760,-0.130159,0.019823,0,57.25,NaN
72.3840,-0.135531,-0.025697,0,57.25,NaN
72.3920,-0.136020,-0.025008,0,57.25,NaN
72.4000,-0.125763,-0.018007,0,57.25,NaN
72.4080,-0.114530,-0.006782,0,57.25,NaN
72.4160,-0.103785,0.005816,0,57.25,NaN
72.4240,-0.093529,0.017011,0,57.25,NaN
72.4320,-0.085714,0.024641,0,57.25,NaN
72.4400,-0.084737,0.027524,0,57.25,NaN
72.4480,-0.087179,0.025613,0,57.25,NaN
72.4560,-0.093529,0.019780,0,57.25,NaN
72.4640,-0.101832,0.011326,0,57.25,NaN
72.4720,-0.108669,0.001457,0,57.25,NaN
72.4800,-0.116972,-0.008982,0,57.25,NaN
72.4880,-0.122344,-0.002843,0,57.25,NaN
72.4960,-0.119902,-0.001918,0,57.25,NaN
72.5040,-0.114042,0.002626,0,57.25,NaN
72.5120,-0.107692,0.009303,0,57.25,NaN
72.5200,-0.101832,0.016403,0,57.25,NaN
72.5280,-0.098901,0.022490,0,57.25,NaN
72.5360,-0.094505,0.026496,0,57.25,NaN
72.5440,-0.093040,0.027666,0,57.25,NaN
72.5520,-0.093529,0.025694,0,57.25,NaN
72.5600,-0.099878,0.020982,0,57.25,NaN
72.5680,-0.108669,0.014611,0,57.25,NaN
72.5760,-0.115507,0.007761,0,57.25,NaN
72.5840,-0.118437,0.001015,0,57.25,NaN
72.5920,-0.125275,-0.022475,0,57.25,NaN
72.6000,-0.124786,-0.025095,0,57.25,NaN
72.6080,-0.125275,-0.026016,0,57.25,NaN
72.6160,-0.125275,-0.025908,0,57.25,NaN
72.6240,-0.123810,-0.025412,0,57.25,NaN
72.6320,-0.124298,-0.024849,0,57.25,NaN
72.6400,-0.126252,-0.024091,0,57.25,NaN
72.6480,-0.126252,-0.022766,0,57.25,NaN
72.6560,-0.123810,-0.020704,0,57.25,NaN
72.6640,-0.119414,-0.018182,0,57.25,NaN
72.6720,-0.116484,-0.015725,0,57.25,NaN
72.6800,-0.114042,-0.013686,0,57.25,NaN
72.6880,-0.112576,-0.012013,0,57.25,NaN
72.6960,-0.109646,-0.025905,0,57.25,NaN
72.7040,-0.109646,-0.028325,0,57.25,NaN
72.7120,-0.112576,-0.032422,0,57.25,NaN
72.7200,-0.116972,-0.037526,0,57.25,NaN
72.7280,-0.119902,-0.042502,0,57.25,NaN
72.7360,-0.126252,-0.046065,0,57.25,NaN
72.7440,-0.125275,-0.047265,0,57.25,NaN
72.7520,-0.119414,-0.045872,0,57.25,NaN
72.7600,-0.116972,-0.042204,0,57.25,NaN
72.7680,-0.113553,-0.036692,0,57.25,NaN
72.7760,-0.103785,-0.029817,0,57.25,NaN
72.7840,-0.094505,-0.022194,0,57.25,NaN
72.7920,-0.088156,-0.014344,0,57.25,NaN
72.8000,-0.086203,0.044070,0,57.25,NaN
72.8080,-0.095482,0.036275,0,57.25,NaN
72.8160,-0.109646,0.022740,0,57.25,NaN
72.8240,-0.129182,0.006430,0,57.25,NaN
72.8320,-0.144811,-0.008937,0,57.25,NaN
72.8400,-0.155556,-0.020148,0,57.25,NaN
72.8480,-0.160928,-0.025387,0,57.25,NaN
72.8560,-0.160928,-0.024526,0,57.25,NaN
72.8640,-0.153602,-0.018933,0,57.25,NaN
72.8720,-0.146764,-0.010857,0,57.25,NaN
72.8800,-0.138950,-0.002514,0,57.25,NaN
72.8880,-0.132601,0.004755,0,57.25,NaN
72.8960,-0.132601,0.010959,0,57.25,NaN
72.9040,-0.132601,-0.016281,0,57.25,NaN
72.9120,-0.129182,-0.013545,0,57.25,NaN
72.9200,-0.124786,-0.010224,0,57.25,NaN
72.9280,-0.120391,-0.006314,0,57.25,NaN
72.9360,-0.116972,-0.002276,0,57.25,NaN
72.9440,-0.112576,0.001169,0,57.25,NaN
72.9520,-0.107692,0.003235,0,57.25,NaN
72.9600,-0.108669,0.003432,0,57.25,NaN
72.9680,-0.108669,0.001909,0,57.25,NaN
72.9760,-0.114042,-0.000534,0,57.25,NaN
72.9840,-0.116484,-0.002851,0,57.25,NaN
72.9920,-0.116972,-0.004377,0,57.25,NaN
73.0000,-0.115507,-0.005216,0,57.25,NaN
73.0080,-0.112576,-0.015471,0,57.25,NaN
73.0160,-0.115018,-0.017033,0,57.25,NaN
73.0240,-0.116972,-0.019058,0,57.25,NaN
73.0320,-0.117460,-0.020931,0,57.25,NaN
73.0400,-0.118437,-0.021734,0,57.25,NaN
73.0480,-0.120391,-0.020639,0,57.25,NaN
73.0560,-0.114530,-0.017497,0,57.25,NaN
73.0640,-0.104762,-0.013208,0,57.25,NaN
73.0720,-0.101343,-0.009250,0,57.25,NaN
73.0800,-0.098901,-0.006768,0,57.25,NaN
73.0880,-0.098901,-0.006090,0,57.25,NaN
73.0960,-0.101343,-0.006844,0,57.25,NaN
73.1040,-0.101343,-0.008335,0,57.25,NaN
73.1120,-0.101343,-0.017367,0,57.25,NaN
73.1200,-0.108669,-0.024611,0,57.25,NaN
73.1280,-0.116484,-0.032643,0,57.25,NaN
73.1360,-0.122344,-0.039802,0,57.25,NaN
73.1440,-0.123810,-0.044567,0,57.25,NaN
73.1520,-0.122344,-0.046118,0,57.25,NaN
73.1600,-0.116972,-0.044451,0,57.25,NaN
73.1680,-0.112088,-0.040176,0,57.25,NaN
73.1760,-0.103785,-0.034270,0,57.25,NaN
73.1840,-0.095971,-0.027903,0,57.25,NaN
73.1920,-0.087179,-0.022213,0,57.25,NaN
73.2000,-0.079365,-0.017882,0,57.25,NaN
73.2080,-0.078877,-0.014668,0,57.25,NaN
73.2160,-0.083272,-0.013458,0,57.25,NaN
73.2240,-0.086203,-0.019087,0,57.25,NaN
73.2320,-0.093529,-0.022731,0,57.25,NaN
73.2400,-0.094505,-0.021359,0,57.25,NaN
73.2480,-0.085714,-0.013575,0,57.25,NaN
73.2560,-0.068620,-0.000717,0,57.25,NaN
73.2640,-0.047619,0.013403,0,57.25,NaN
73.2720,-0.033455,0.024186,0,57.25,NaN
73.2800,-0.030525,0.028352,0,57.25,NaN
73.2880,-0.035897,0.025132,0,57.25,NaN
73.2960,-0.045177,0.015919,0,57.25,NaN
73.3040,-0.054457,0.003006,0,57.25,NaN
73.3120,-0.062271,-0.011527,0,57.25,NaN
73.3200,-0.059341,0.027896,0,57.25,NaN
73.3280,-0.041270,0.041066,0,57.25,NaN
73.3360,-0.020269,0.060114,0,57.25,NaN
73.3440,-0.000244,0.080559,0,57.25,NaN
73.3520,0.018315,0.097749,0,57.25,NaN
73.3600,0.026618,0.108236,0,57.25,NaN
73.3680,0.025641,0.110496,0,57.25,NaN
73.3760,0.022711,0.104847,0,57.25,NaN
73.3840,0.010989,0.092946,0,57.25,NaN
73.3920,-0.004151,0.077272,0,57.25,NaN
73.4000,-0.020757,0.060458,0,57.25,NaN
73.4080,-0.035409,0.044352,0,57.25,NaN
73.4160,-0.041758,0.029262,0,57.25,NaN
73.4240,-0.038828,0.108171,0,57.25,NaN
73.4320,-0.037363,0.111027,0,57.25,NaN
73.4400,-0.037851,0.113382,0,57.25,NaN
73.4480,-0.038828,0.112225,0,57.25,NaN
73.4560,-0.043223,0.105489,0,57.25,NaN
73.4640,-0.059829,0.092903,0,57.25,NaN
73.4720,-0.080342,0.076425,0,57.25,NaN
73.4800,-0.101343,0.059635,0,57.25,NaN
73.4880,-0.117460,0.046348,0,57.25,NaN
73.4960,-0.127228,0.039232,0,57.25,NaN
73.5040,-0.127717,0.039011,0,57.25,NaN
73.5120,-0.126252,0.044500,0,57.25,NaN
73.5200,-0.121368,0.053198,0,57.25,NaN
73.5280,-0.114042,-0.055252,0,57.25,NaN
73.5360,-0.108181,-0.049197,0,57.25,NaN
73.5440,-0.102320,-0.044334,0,57.25,NaN
73.5520,-0.101343,-0.040505,0,57.25,NaN
73.5600,-0.101343,-0.036527,0,57.25,NaN
73.5680,-0.099878,-0.030973,0,57.25,NaN
73.5760,-0.092552,-0.023277,0,57.25,NaN
73.5840,-0.084249,-0.014432,0,57.25,NaN
73.5920,-0.073016,-0.006776,0,57.25,NaN
73.6000,-0.069597,-0.002968,0,57.25,NaN
73.6080,-0.070574,-0.004697,0,57.25,NaN
73.6160,-0.078388,-0.011827,0,57.25,NaN
73.6240,-0.091087,-0.022285,0,57.25,NaN
73.6320,-0.108669,-0.110328,0,57.25,NaN
73.6400,-0.129182,-0.133115,0,57.25,NaN
73.6480,-0.147741,-0.152638,0,57.25,NaN
73.6560,-0.156044,-0.165440,0,57.25,NaN
73.6640,-0.157509,-0.169410,0,57.25,NaN
73.6720,-0.154579,-0.164026,0,57.25,NaN
73.6800,-0.140904,-0.150386,0,57.25,NaN
73.6880,-0.121368,-0.131206,0,57.25,NaN
73.6960,-0.098901,-0.110433,0,57.25,NaN
73.7040,-0.078877,-0.092262,0,57.25,NaN
73.7120,-0.062759,-0.079816,0,57.25,NaN
73.7200,-0.055922,-0.073887,0,57.25,NaN
73.7280,-0.059829,-0.072313,0,57.25,NaN
73.7360,-0.067643,0.058516,0,57.25,NaN
73.7440,-0.077900,0.048023,0,57.25,NaN
73.7520,-0.089133,0.034267,0,57.25,NaN
73.7600,-0.106716,0.019602,0,57.25,NaN
73.7680,-0.121856,0.006553,0,57.25,NaN
73.7760,-0.132601,-0.002701,0,57.25,NaN
73.7840,-0.135043,-0.007056,0,57.25,NaN
73.7920,-0.134066,-0.006744,0,57.25,NaN
73.8000,-0.131624,-0.003017,0,57.25,NaN
73.8080,-0.124786,0.002403,0,57.25,NaN
73.8160,-0.119414,0.007880,0,57.25,NaN
73.8240,-0.116972,0.012474,0,57.25,NaN
73.8320,-0.116972,0.016268,0,57.25,NaN
73.8400,-0.124298,-0.707844,0,57.25,NaN
73.8480,-0.133089,-0.745103,0,57.25,NaN
73.8560,-0.136996,-0.779059,0,57.25,NaN
73.8640,-0.134066,-0.804702,0,57.25,NaN
73.8720,-0.117460,-0.817509,0,57.25,NaN
73.8800,-0.085714,-0.814251,0,57.25,NaN
73.8880,-0.038828,-0.793358,0,57.25,NaN
73.8960,0.027595,-0.754788,0,57.25,NaN
73.9040,0.101832,-0.699479,0,57.25,NaN
73.9120,0.187790,-0.628900,0,57.25,NaN
73.9200,0.290354,-0.545320,0,57.25,NaN
73.9280,0.406593,-0.452333,0,57.25,NaN
73.9360,0.520879,-0.354687,0,57.25,NaN
73.9440,0.628327,0.815862,0,57.25,NaN
73.9520,0.735775,0.904397,0,57.25,NaN
73.9600,0.831990,0.969769,0,57.25,NaN
73.9680,0.876435,1.000000,1,57.25,NaN
73.9760,0.827595,0.988263,1,57.25,NaN
73.9840,0.692796,0.936958,0,57.25,NaN
73.9920,0.532112,0.857160,0,57.25,NaN
74.0000,0.361172,0.764162,0,57.25,NaN
74.0080,0.195604,0.672649,0,57.25,NaN
74.0160,0.049084,0.593630,0,57.25,NaN
74.0240,-0.077411,0.532850,0,57.25,NaN
74.0320,-0.173626,0.489912,0,57.25,NaN
74.0400,-0.228816,0.458189,0,57.25,NaN
74.0480,-0.253236,-0.267864,0,57.25,NaN
74.0560,-0.240537,-0.258727,0,57.25,NaN
74.0640,-0.209768,-0.224375,0,57.25,NaN
74.0720,-0.163858,-0.176627,0,57.25,NaN
74.0800,-0.116972,-0.127399,0,57.25,NaN
74.0880,-0.079365,-0.086537,0,57.25,NaN
74.0960,-0.058852,-0.060030,0,57.25,NaN
74.1040,-0.052503,-0.049344,0,57.25,NaN
74.1120,-0.057387,-0.052147,0,57.25,NaN
74.1200,-0.070085,-0.063952,0,57.25,NaN
74.1280,-0.084249,-0.080027,0,57.25,NaN
74.1360,-0.094505,-0.097025,0,57.25,NaN
74.1440,-0.101343,-0.113682,0,57.25,NaN
74.1520,-0.106227,-0.114477,0,57.25,NaN
74.1600,-0.104762,-0.118498,0,57.25,NaN
74.1680,-0.104274,-0.120322,0,57.25,NaN
74.1760,-0.102320,-0.121073,0,57.25,NaN
74.1840,-0.103785,-0.121398,0,57.25,NaN
74.1920,-0.102320,-0.121371,0,57.25,NaN
74.2000,-0.102808,-0.120591,0,57.25,NaN
74.2080,-0.105739,-0.118284,0,57.25,NaN
74.2160,-0.105739,-0.113482,0,57.25,NaN
74.2240,-0.107692,-0.105335,0,57.25,NaN
74.2320,-0.108669,-0.093467,0,57.25,NaN
74.2400,-0.108181,-0.078295,0,57.25,NaN
74.2480,-0.108669,-0.061140,0,57.25,NaN
74.2560,-0.109646,-0.137012,0,57.25,NaN
74.2640,-0.111600,-0.121846,0,57.25,NaN
74.2720,-0.113553,-0.105351,0,57.25,NaN
74.2800,-0.115507,-0.088251,0,57.25,NaN
74.2880,-0.115995,-0.071475,0,57.25,NaN
74.2960,-0.110623,-0.056248,0,57.25,NaN
74.3040,-0.107692,-0.043939,0,57.25,NaN
74.3120,-0.104762,-0.035634,0,57.25,NaN
74.3200,-0.104274,-0.031782,0,57.25,NaN
74.3280,-0.103785,-0.032178,0,57.25,NaN
74.3360,-0.102808,-0.036153,0,57.25,NaN
74.3440,-0.104274,-0.042735,0,57.25,NaN
74.3520,-0.105250,-0.050731,0,57.25,NaN
74.3600,-0.104762,-0.025701,0,57.25,NaN
74.3680,-0.103785,-0.027851,0,57.25,NaN
74.3760,-0.101832,-0.028475,0,57.25,NaN
74.3840,-0.098901,-0.027535,0,57.25,NaN
74.3920,-0.094017,-0.025326,0,57.25,NaN
74.4000,-0.090110,-0.022381,0,57.25,NaN
74.4080,-0.085714,-0.019312,0,57.25,NaN
74.4160,-0.080830,-0.016666,0,57.25,NaN
74.4240,-0.078388,-0.014779,0,57.25,NaN
74.4320,-0.076435,-0.013674,0,57.25,NaN
74.4400,-0.075458,-0.013113,0,57.25,NaN
74.4480,-0.073016,-0.012800,0,57.25,NaN
74.4560,-0.070085,-0.012557,0,57.25,NaN
74.4640,-0.064713,0.007396,0,57.25,NaN
74.4720,-0.063736,0.007970,0,57.25,NaN
74.4800,-0.064713,0.007365,0,57.25,NaN
74.4880,-0.063736,0.005801,0,57.25,NaN
74.4960,-0.067155,0.003758,0,57.25,NaN
74.5040,-0.064713,0.001737,0,57.25,NaN
74.5120,-0.065690,0.000157,0,57.25,NaN
74.5200,-0.066667,-0.000615,0,57.25,NaN
74.5280,-0.064713,-0.000356,0,57.25,NaN
74.5360,-0.061294,0.000794,0,57.25,NaN
74.5440,-0.056899,0.002355,0,57.25,NaN
74.5520,-0.054457,0.003848,0,57.25,NaN
74.5600,-0.052991,0.005131,0,57.25,NaN
74.5680,-0.049084,0.010844,0,57.25,NaN
74.5760,-0.043712,0.012585,0,57.25,NaN
74.5840,-0.042247,0.013240,0,57.25,NaN
74.5920,-0.041270,0.012566,0,57.25,NaN
74.6000,-0.040781,0.010754,0,57.25,NaN
74.6080,-0.043223,0.008371,0,57.25,NaN
74.6160,-0.043223,0.006152,0,57.25,NaN
74.6240,-0.043223,0.004685,0,57.25,NaN
74.6320,-0.041270,0.004189,0,57.25,NaN
74.6400,-0.037851,0.004522,0,57.25,NaN
74.6480,-0.036386,0.005390,0,57.25,NaN
74.6560,-0.033455,0.006546,0,57.25,NaN
74.6640,-0.030525,0.007823,0,57.25,NaN
74.6720,-0.031013,0.014893,0,57.25,NaN
74.6800,-0.029548,0.013881,0,57.25,NaN
74.6880,-0.030525,0.012542,0,57.25,NaN
74.6960,-0.029548,0.011377,0,57.25,NaN
74.7040,-0.030037,0.010857,0,57.25,NaN
74.7120,-0.028083,0.011249,0,57.25,NaN
74.7200,-0.026129,0.012458,0,57.25,NaN
74.7280,-0.022222,0.013977,0,57.25,NaN
74.7360,-0.020269,0.015053,0,57.25,NaN
74.7440,-0.017827,0.014971,0,57.25,NaN
74.7520,-0.018803,0.013361,0,57.25,NaN
74.7600,-0.020757,0.010360,0,57.25,NaN
74.7680,-0.023199,0.006547,0,57.25,NaN
74.7760,-0.025641,0.005375,0,57.25,NaN
74.7840,-0.027595,0.003329,0,57.25,NaN
74.7920,-0.027595,0.003138,0,57.25,NaN
74.8000,-0.023199,0.004798,0,57.25,NaN
74.8080,-0.019780,0.007641,0,57.25,NaN
74.8160,-0.014408,0.010640,0,57.25,NaN
74.8240,-0.012454,0.012856,0,57.25,NaN
74.8320,-0.010989,0.013743,0,57.25,NaN
74.8400,-0.010989,0.013176,0,57.25,NaN
74.8480,-0.010989,0.011311,0,57.25,NaN
74.8560,-0.012943,0.008474,0,57.25,NaN
74.8640,-0.015873,0.005072,0,57.25,NaN
74.8720,-0.016850,0.001457,0,57.25,NaN
74.8800,-0.016850,-0.024061,0,57.25,NaN
74.8880,-0.014408,-0.026346,0,57.25,NaN
74.8960,-0.015873,-0.028056,0,57.25,NaN
74.9040,-0.016850,-0.028788,0,57.25,NaN
74.9120,-0.014896,-0.027937,0,57.25,NaN
74.9200,-0.010012,-0.025170,0,57.25,NaN
74.9280,-0.007082,-0.020734,0,57.25,NaN
74.9360,0.003663,-0.015548,0,57.25,NaN
74.9440,0.009035,-0.010985,0,57.25,NaN
74.9520,0.014408,-0.008278,0,57.25,NaN
74.9600,0.014896,-0.007945,0,57.25,NaN
74.9680,0.013431,-0.009646,0,57.25,NaN
74.9760,0.013431,-0.012468,0,57.25,NaN
74.9840,0.007570,0.053558,0,57.25,NaN
74.9920,-0.005128,0.045508,0,57.25,NaN
75.0000,-0.011966,0.037047,0,57.25,NaN
75.0080,-0.019780,0.029499,0,57.25,NaN
75.0160,-0.023199,0.023539,0,57.25,NaN
75.0240,-0.026618,0.019322,0,57.25,NaN
75.0320,-0.031990,0.016896,0,57.25,NaN
75.0400,-0.035897,0.016327,0,57.25,NaN
75.0480,-0.035897,0.017330,0,57.25,NaN
75.0560,-0.031990,0.018895,0,57.25,NaN
75.0640,-0.029548,0.019634,0,57.25,NaN
75.0720,-0.033944,0.018724,0,57.25,NaN
75.0800,-0.039316,0.016550,0,57.25,NaN
75.0880,-0.045665,0.017707,0,57.25,NaN
75.0960,-0.052015,0.013008,0,57.25,NaN
75.1040,-0.054945,0.008938,0,57.25,NaN
75.1120,-0.060317,0.005945,0,57.25,NaN
75.1200,-0.062759,0.004062,0,57.25,NaN
75.1280,-0.064713,0.003005,0,57.25,NaN
75.1360,-0.066667,0.002352,0,57.25,NaN
75.1440,-0.069597,0.001800,0,57.25,NaN
75.1520,-0.072527,0.001313,0,57.25,NaN
75.1600,-0.075458,0.001058,0,57.25,NaN
75.1680,-0.077900,0.001204,0,57.25,NaN
75.1760,-0.077411,0.001742,0,57.25,NaN
75.1840,-0.079853,0.002507,0,57.25,NaN
75.1920,-0.084737,-0.020805,0,57.25,NaN
75.2000,-0.085226,-0.021380,0,57.25,NaN
75.2080,-0.085714,-0.021724,0,57.25,NaN
75.2160,-0.085714,-0.022037,0,57.25,NaN
75.2240,-0.088156,-0.022299,0,57.25,NaN
75.2320,-0.094505,-0.022072,0,57.25,NaN
75.2400,-0.093529,-0.020902,0,57.25,NaN
75.2480,-0.090598,-0.018860,0,57.25,NaN
75.2560,-0.093040,-0.016470,0,57.25,NaN
75.2640,-0.093040,-0.014289,0,57.25,NaN
75.2720,-0.092552,-0.012699,0,57.25,NaN
75.2800,-0.096459,-0.011795,0,57.25,NaN
75.2880,-0.098413,-0.011333,0,57.25,NaN
75.2960,-0.102320,-0.033798,0,57.25,NaN
75.3040,-0.106227,-0.037026,0,57.25,NaN
75.3120,-0.110134,-0.039498,0,57.25,NaN
75.3200,-0.114042,-0.040217,0,57.25,NaN
75.3280,-0.111600,-0.038595,0,57.25,NaN
75.3360,-0.109158,-0.034765,0,57.25,NaN
75.3440,-0.104274,-0.029517,0,57.25,NaN
75.3520,-0.100366,-0.023976,0,57.25,NaN
75.3600,-0.097924,-0.019291,0,57.25,NaN
75.3680,-0.093529,-0.016403,0,57.25,NaN
75.3760,-0.094994,-0.015751,0,57.25,NaN
75.3840,-0.099878,-0.017032,0,57.25,NaN
75.3920,-0.101343,-0.019368,0,57.25,NaN
75.4000,-0.101343,-0.012297,0,57.25,NaN
75.4080,-0.098413,-0.010796,0,57.25,NaN
75.4160,-0.094505,-0.009046,0,57.25,NaN
75.4240,-0.094505,-0.007778,0,57.25,NaN
75.4320,-0.097924,-0.007221,0,57.25,NaN
75.4400,-0.096947,-0.007180,0,57.25,NaN
75.4480,-0.096947,-0.007449,0,57.25,NaN
75.4560,-0.096459,-0.007935,0,57.25,NaN
75.4640,-0.097924,-0.008460,0,57.25,NaN
75.4720,-0.098901,-0.008632,0,57.25,NaN
75.4800,-0.098901,-0.007963,0,57.25,NaN
75.4880,-0.099878,-0.006179,0,57.25,NaN
75.4960,-0.094505,-0.003566,0,57.25,NaN
75.5040,-0.092063,-0.006317,0,57.25,NaN
75.5120,-0.088645,-0.003558,0,57.25,NaN
75.5200,-0.087179,-0.001789,0,57.25,NaN
75.5280,-0.086203,-0.001423,0,57.25,NaN
75.5360,-0.087179,-0.002470,0,57.25,NaN
75.5440,-0.087668,-0.004532,0,57.25,NaN
75.5520,-0.091087,-0.006857,0,57.25,NaN
75.5600,-0.093040,-0.008537,0,57.25,NaN
75.5680,-0.092552,-0.008898,0,57.25,NaN
75.5760,-0.090110,-0.007812,0,57.25,NaN
75.5840,-0.085714,-0.005644,0,57.25,NaN
75.5920,-0.084737,-0.002896,0,57.25,NaN
75.6000,-0.081319,0.000068,0,57.25,NaN
75.6080,-0.078877,0.023271,0,57.25,NaN
75.6160,-0.077900,0.024531,0,57.25,NaN
75.6240,-0.076923,0.024400,0,57.25,NaN
75.6320,-0.079365,0.023074,0,57.25,NaN
75.6400,-0.080830,0.021073,0,57.25,NaN
75.6480,-0.083272,0.019048,0,57.25,NaN
75.6560,-0.085226,0.017525,0,57.25,NaN
75.6640,-0.084737,0.016695,0,57.25,NaN
75.6720,-0.085714,0.016351,0,57.25,NaN
75.6800,-0.084249,0.016023,0,57.25,NaN
75.6880,-0.085714,0.015243,0,57.25,NaN
75.6960,-0.086203,0.013802,0,57.25,NaN
75.7040,-0.089133,0.011885,0,57.25,NaN
75.7120,-0.092063,0.005897,0,57.25,NaN
75.7200,-0.091087,0.005905,0,57.25,NaN
75.7280,-0.089133,0.006883,0,57.25,NaN
75.7360,-0.086203,0.008310,0,57.25,NaN
75.7440,-0.086203,0.009631,0,57.25,NaN
75.7520,-0.086203,0.010576,0,57.25,NaN
75.7600,-0.086203,0.011139,0,57.25,NaN
75.7680,-0.085714,0.011347,0,57.25,NaN
75.7760,-0.085714,0.011112,0,57.25,NaN
75.7840,-0.085714,0.010253,0,57.25,NaN
75.7920,-0.087179,0.008602,0,57.25,NaN
75.8000,-0.088156,0.006155,0,57.25,NaN
75.8080,-0.092063,0.003188,0,57.25,NaN
75.8160,-0.093529,0.005254,0,57.25,NaN
75.8240,-0.094505,0.004353,0,57.25,NaN
75.8320,-0.094994,0.004318,0,57.25,NaN
75.8400,-0.094505,0.004947,0,57.25,NaN
75.8480,-0.093040,0.005809,0,57.25,NaN
75.8560,-0.092552,0.006429,0,57.25,NaN
75.8640,-0.094017,0.006518,0,57.25,NaN
75.8720,-0.094017,0.006037,0,57.25,NaN
75.8800,-0.094994,0.005120,0,57.25,NaN
75.8880,-0.097436,0.004021,0,57.25,NaN
75.8960,-0.098901,0.003022,0,57.25,NaN
75.9040,-0.099389,0.002276,0,57.25,NaN
75.9120,-0.100366,0.001725,0,57.25,NaN
75.9200,-0.096947,-0.006795,0,57.25,NaN
75.9280,-0.093529,-0.004690,0,57.25,NaN
75.9360,-0.093040,-0.002931,0,57.25,NaN
75.9440,-0.093529,-0.001805,0,57.25,NaN
75.9520,-0.093529,-0.001208,0,57.25,NaN
75.9600,-0.093529,-0.000924,0,57.25,NaN
75.9680,-0.092552,-0.000836,0,57.25,NaN
75.9760,-0.092552,-0.000921,0,57.25,NaN
75.9840,-0.093529,-0.001123,0,57.25,NaN
75.9920,-0.094017,-0.001313,0,57.25,NaN
76.0000,-0.094017,-0.001377,0,57.25,NaN
76.0080,-0.093529,-0.001299,0,57.25,NaN
76.0160,-0.093529,-0.001144,0,57.25,NaN
76.0240,-0.093040,-0.005416,0,57.25,NaN
76.0320,-0.094505,-0.005779,0,57.25,NaN
76.0400,-0.094017,-0.005879,0,57.25,NaN
76.0480,-0.093529,-0.005421,0,57.25,NaN
76.0560,-0.093529,-0.004154,0,57.25,NaN
76.0640,-0.092063,-0.001989,0,57.25,NaN
76.0720,-0.089133,0.000799,0,57.25,NaN
76.0800,-0.085714,0.003510,0,57.25,NaN
76.0880,-0.082295,0.005238,0,57.25,NaN
76.0960,-0.083272,0.005327,0,57.25,NaN
76.1040,-0.085714,0.003694,0,57.25,NaN
76.1120,-0.088156,0.000761,0,57.25,NaN
76.1200,-0.090598,-0.002837,0,57.25,NaN
76.1280,-0.092552,0.012726,0,57.25,NaN
76.1360,-0.094505,0.011880,0,57.25,NaN
76.1440,-0.094994,0.012740,0,57.25,NaN
76.1520,-0.093040,0.015341,0,57.25,NaN
76.1600,-0.089133,0.019090,0,57.25,NaN
76.1680,-0.085226,0.022891,0,57.25,NaN
76.1760,-0.082784,0.025557,0,57.25,NaN
76.1840,-0.083272,0.026251,0,57.25,NaN
76.1920,-0.085714,0.024720,0,57.25,NaN
76.2000,-0.088645,0.021230,0,57.25,NaN
76.2080,-0.093529,0.016395,0,57.25,NaN
76.2160,-0.101343,0.010950,0,57.25,NaN
76.2240,-0.103297,0.005396,0,57.25,NaN
76.2320,-0.106227,-0.024750,0,57.25,NaN
76.2400,-0.104762,-0.024888,0,57.25,NaN
76.2480,-0.101343,-0.022831,0,57.25,NaN
76.2560,-0.097924,-0.019290,0,57.25,NaN
76.2640,-0.094017,-0.015035,0,57.25,NaN
76.2720,-0.090110,-0.010719,0,57.25,NaN
76.2800,-0.086203,-0.006841,0,57.25,NaN
76.2880,-0.084249,-0.003772,0,57.25,NaN
76.2960,-0.082295,-0.001853,0,57.25,NaN
76.3040,-0.078877,-0.001500,0,57.25,NaN
76.3120,-0.078877,-0.003041,0,57.25,NaN
76.3200,-0.083272,-0.006342,0,57.25,NaN
76.3280,-0.086203,-0.010693,0,57.25,NaN
76.3360,-0.090598,-0.030642,0,57.25,NaN
76.3440,-0.090598,-0.032951,0,57.25,NaN
76.3520,-0.089133,-0.032878,0,57.25,NaN
76.3600,-0.085714,-0.030601,0,57.25,NaN
76.3680,-0.078877,-0.026922,0,57.25,NaN
76.3760,-0.073016,-0.022874,0,57.25,NaN
76.3840,-0.071062,-0.019172,0,57.25,NaN
76.3920,-0.069597,-0.016031,0,57.25,NaN
76.4000,-0.064713,-0.013518,0,57.25,NaN
76.4080,-0.060806,-0.011929,0,57.25,NaN
76.4160,-0.058852,-0.011685,0,57.25,NaN
76.4240,-0.056899,-0.012927,0,57.25,NaN
76.4320,-0.059829,-0.015191,0,57.25,NaN
76.4400,-0.059341,-0.042142,0,57.25,NaN
76.4480,-0.054457,-0.040055,0,57.25,NaN
76.4560,-0.048107,-0.034063,0,57.25,NaN
76.4640,-0.036386,-0.024150,0,57.25,NaN
76.4720,-0.022222,-0.011309,0,57.25,NaN
76.4800,-0.007570,0.002654,0,57.25,NaN
76.4880,0.007082,0.015508,0,57.25,NaN
76.4960,0.016850,0.025041,0,57.25,NaN
76.5040,0.023687,0.029394,0,57.25,NaN
76.5120,0.027106,0.027269,0,57.25,NaN
76.5200,0.023687,0.018231,0,57.25,NaN
76.5280,0.015385,0.003158,0,57.25,NaN
76.5360,-0.000244,-0.015518,0,57.25,NaN
76.5440,-0.010989,0.114269,0,57.25,NaN
76.5520,-0.017827,0.105192,0,57.25,NaN
76.5600,-0.023199,0.098687,0,57.25,NaN
76.5680,-0.028083,0.094852,0,57.25,NaN
76.5760,-0.032479,0.093468,0,57.25,NaN
76.5840,-0.036386,0.094075,0,57.25,NaN
76.5920,-0.036874,0.095616,0,57.25,NaN
76.6000,-0.032479,0.096208,0,57.25,NaN
76.6080,-0.035409,0.093698,0,57.25,NaN
76.6160,-0.046642,0.086786,0,57.25,NaN
76.6240,-0.059341,0.075609,0,57.25,NaN
76.6320,-0.074969,0.061375,0,57.25,NaN
76.6400,-0.088645,0.045667,0,57.25,NaN
76.6480,-0.100366,-0.015266,0,57.25,NaN
76.6560,-0.108181,-0.024127,0,57.25,NaN
76.6640,-0.113553,-0.028018,0,57.25,NaN
76.6720,-0.112576,-0.027149,0,57.25,NaN
76.6800,-0.108669,-0.022854,0,57.25,NaN
76.6880,-0.101343,-0.017251,0,57.25,NaN
76.6960,-0.098901,-0.012459,0,57.25,NaN
76.7040,-0.097924,-0.009781,0,57.25,NaN
76.7120,-0.101832,-0.009371,0,57.25,NaN
76.7200,-0.104762,-0.010521,0,57.25,NaN
76.7280,-0.108669,-0.012293,0,57.25,NaN
76.7360,-0.109646,-0.014058,0,57.25,NaN
76.7440,-0.112088,-0.015649,0,57.25,NaN
76.7520,-0.109158,-0.000100,0,57.25,NaN
76.7600,-0.102320,0.006449,0,57.25,NaN
76.7680,-0.098413,0.013206,0,57.25,NaN
76.7760,-0.095971,0.018649,0,57.25,NaN
76.7840,-0.098901,0.021807,0,57.25,NaN
76.7920,-0.101832,0.022310,0,57.25,NaN
76.8000,-0.105739,0.020156,0,57.25,NaN
76.8080,-0.111600,0.015714,0,57.25,NaN
76.8160,-0.123321,0.010030,0,57.25,NaN
76.8240,-0.135043,0.004871,0,57.25,NaN
76.8320,-0.143834,0.002056,0,57.25,NaN
76.8400,-0.148230,0.002397,0,57.25,NaN
76.8480,-0.144811,0.005006,0,57.25,NaN
76.8560,-0.132601,-0.057007,0,57.25,NaN
76.8640,-0.120391,-0.044213,0,57.25,NaN
76.8720,-0.107692,-0.032425,0,57.25,NaN
76.8800,-0.101343,-0.024132,0,57.25,NaN
76.8880,-0.101832,-0.019931,0,57.25,NaN
76.8960,-0.107204,-0.018518,0,57.25,NaN
76.9040,-0.108669,-0.017836,0,57.25,NaN
76.9120,-0.105739,-0.016523,0,57.25,NaN
76.9200,-0.101343,-0.014533,0,57.25,NaN
76.9280,-0.100855,-0.012684,0,57.25,NaN
76.9360,-0.097924,-0.011860,0,57.25,NaN
76.9440,-0.098901,-0.012439,0,57.25,NaN
76.9520,-0.101343,-0.014035,0,57.25,NaN
76.9600,-0.109158,0.017378,0,57.25,NaN
76.9680,-0.117949,0.008784,0,57.25,NaN
76.9760,-0.128205,-0.000808,0,57.25,NaN
76.9840,-0.134066,-0.010489,0,57.25,NaN
76.9920,-0.143346,-0.019894,0,57.25,NaN
77.0000,-0.148230,-0.029020,0,57.25,NaN
77.0080,-0.155556,-0.037739,0,57.25,NaN
77.0160,-0.163370,-0.045226,0,57.25,NaN
77.0240,-0.168254,-0.049675,0,57.25,NaN
77.0320,-0.173138,-0.048575,0,57.25,NaN
77.0400,-0.171184,-0.039707,0,57.25,NaN
77.0480,-0.159463,-0.022715,0,57.25,NaN
77.0560,-0.131624,-0.000369,0,57.25,NaN
77.0640,-0.085226,-0.666414,0,57.25,NaN
77.0720,-0.021734,-0.615813,0,57.25,NaN
77.0800,0.067155,-0.541030,0,57.25,NaN
77.0880,0.173138,-0.443930,0,57.25,NaN
77.0960,0.293773,-0.328807,0,57.25,NaN
77.1040,0.414896,-0.202503,0,57.25,NaN
77.1120,0.539438,-0.075523,0,57.25,NaN
77.1200,0.663004,0.036006,0,57.25,NaN
77.1280,0.782173,0.109917,1,57.25,NaN
77.1360,0.864713,0.122719,1,57.25,NaN
77.1440,0.851038,0.060087,0,57.25,NaN
77.1520,0.748962,-0.072593,0,57.25,NaN
77.1600,0.602930,-0.247731,0,57.25,NaN
77.1680,0.444200,0.635440,0,57.25,NaN
77.1760,0.284493,0.465580,0,57.25,NaN
77.1840,0.130159,0.302846,0,57.25,NaN
77.1920,-0.010989,0.161665,0,57.25,NaN
77.2000,-0.126252,0.052590,0,57.25,NaN
77.2080,-0.198535,-0.018421,0,57.25,NaN
77.2160,-0.234188,-0.050915,0,57.25,NaN
77.2240,-0.236630,-0.049829,0,57.25,NaN
77.2320,-0.215629,-0.024100,0,57.25,NaN
77.2400,-0.179976,0.015626,0,57.25,NaN
77.2480,-0.141880,0.059792,0,57.25,NaN
77.2560,-0.114530,0.102599,0,57.25,NaN
77.2640,-0.098901,0.143232,0,57.25,NaN
77.2720,-0.094994,-0.003424,0,57.25,NaN
77.2800,-0.100366,-0.001406,0,57.25,NaN
77.2880,-0.109646,-0.005044,0,57.25,NaN
77.2960,-0.115995,-0.009965,0,57.25,NaN
77.3040,-0.118437,-0.013129,0,57.25,NaN
77.3120,-0.119414,-0.013277,0,57.25,NaN
77.3200,-0.118437,-0.010688,0,57.25,NaN
77.3280,-0.114042,-0.006723,0,57.25,NaN
77.3360,-0.109158,-0.003281,0,57.25,NaN
77.3440,-0.108669,-0.002009,0,57.25,NaN
77.3520,-0.113553,-0.003583,0,57.25,NaN
77.3600,-0.119902,-0.007557,0,57.25,NaN
77.3680,-0.126740,-0.012787,0,57.25,NaN
77.3760,-0.133089,-0.216392,0,57.25,NaN
77.3840,-0.131624,-0.216072,0,57.25,NaN
77.3920,-0.121368,-0.209117,0,57.25,NaN
77.4000,-0.112088,-0.196853,0,57.25,NaN
77.4080,-0.103785,-0.181475,0,57.25,NaN
77.4160,-0.101343,-0.165123,0,57.25,NaN
77.4240,-0.099389,-0.149527,0,57.25,NaN
77.4320,-0.101343,-0.136024,0,57.25,NaN
77.4400,-0.111600,-0.125405,0,57.25,NaN
77.4480,-0.123810,-0.117637,0,57.25,NaN
77.4560,-0.139438,-0.111826,0,57.25,NaN
77.4640,-0.155556,-0.106704,0,57.25,NaN
77.4720,-0.156044,-0.101524,0,57.25,NaN
77.4800,-0.147741,0.026549,0,57.25,NaN
77.4880,-0.131136,0.043421,0,57.25,NaN
77.4960,-0.110134,0.059475,0,57.25,NaN
77.5040,-0.098413,0.071177,0,57.25,NaN
77.5120,-0.092063,0.076089,0,57.25,NaN
77.5200,-0.098901,0.073658,0,57.25,NaN
77.5280,-0.110134,0.065222,0,57.25,NaN
77.5360,-0.126252,0.053442,0,57.25,NaN
77.5440,-0.143834,0.041484,0,57.25,NaN
77.5520,-0.158974,0.032177,0,57.25,NaN
77.5600,-0.167277,0.027205,0,57.25,NaN
77.5680,-0.169231,0.026575,0,57.25,NaN
77.5760,-0.166300,0.028630,0,57.25,NaN
77.5840,-0.162882,-0.092029,0,57.25,NaN
77.5920,-0.152625,-0.085533,0,57.25,NaN
77.6000,-0.143834,-0.078495,0,57.25,NaN
77.6080,-0.135531,-0.072229,0,57.25,NaN
77.6160,-0.132601,-0.066947,0,57.25,NaN
77.6240,-0.129670,-0.061921,0,57.25,NaN
77.6320,-0.122833,-0.056337,0,57.25,NaN
77.6400,-0.112576,-0.050165,0,57.25,NaN
77.6480,-0.102320,-0.044246,0,57.25,NaN
77.6560,-0.097924,-0.039597,0,57.25,NaN
77.6640,-0.092552,-0.036745,0,57.25,NaN
77.6720,-0.090110,-0.035540,0,57.25,NaN
77.6800,-0.087179,-0.035323,0,57.25,NaN
77.6880,-0.088645,-0.002554,0,57.25,NaN
77.6960,-0.093040,-0.007639,0,57.25,NaN
77.7040,-0.098413,-0.013675,0,57.25,NaN
77.7120,-0.100855,-0.019802,0,57.25,NaN
77.7200,-0.102808,-0.025520,0,57.25,NaN
77.7280,-0.105739,-0.030510,0,57.25,NaN
77.7360,-0.107692,-0.034252,0,57.25,NaN
77.7440,-0.110623,-0.035892,0,57.25,NaN
77.7520,-0.109158,-0.034574,0,57.25,NaN
77.7600,-0.101343,-0.030033,0,57.25,NaN
77.7680,-0.089621,-0.022863,0,57.25,NaN
77.7760,-0.080342,-0.014121,0,57.25,NaN
77.7840,-0.071062,-0.004745,0,57.25,NaN
77.7920,-0.066667,0.051690,0,57.25,NaN
77.8000,-0.066667,0.052560,0,57.25,NaN
77.8080,-0.070085,0.049498,0,57.25,NaN
77.8160,-0.078388,0.043704,0,57.25,NaN
77.8240,-0.084249,0.036795,0,57.25,NaN
77.8320,-0.090110,0.030230,0,57.25,NaN
77.8400,-0.093529,0.024969,0,57.25,NaN
77.8480,-0.095971,0.021437,0,57.25,NaN
77.8560,-0.095971,0.019641,0,57.25,NaN
77.8640,-0.094017,0.019332,0,57.25,NaN
77.8720,-0.093529,0.020203,0,57.25,NaN
77.8800,-0.091087,0.021969,0,57.25,NaN
77.8880,-0.087179,0.024256,0,57.25,NaN
77.8960,-0.078388,0.021213,0,57.25,NaN
77.9040,-0.070085,0.028602,0,57.25,NaN
77.9120,-0.063248,0.035092,0,57.25,NaN
77.9200,-0.059341,0.039420,0,57.25,NaN
77.9280,-0.056899,0.040869,0,57.25,NaN
77.9360,-0.057875,0.039412,0,57.25,NaN
77.9440,-0.062271,0.035694,0,57.25,NaN
77.9520,-0.067155,0.030789,0,57.25,NaN
77.9600,-0.069109,0.025805,0,57.25,NaN
77.9680,-0.074969,0.021639,0,57.25,NaN
77.9760,-0.076923,0.018874,0,57.25,NaN
77.9840,-0.078877,0.017613,0,57.25,NaN
77.9920,-0.077411,0.017333,0,57.25,NaN
78.0000,-0.070085,-0.017998,0,57.25,NaN
78.0080,-0.060806,-0.009948,0,57.25,NaN
78.0160,-0.050061,-0.001511,0,57.25,NaN
78.0240,-0.040293,0.005211,0,57.25,NaN
78.0320,-0.037363,0.008830,0,57.25,NaN
78.0400,-0.035897,0.009201,0,57.25,NaN
78.0480,-0.038828,0.007320,0,57.25,NaN
78.0560,-0.039316,0.004682,0,57.25,NaN
78.0640,-0.039316,0.002532,0,57.25,NaN
78.0720,-0.038339,0.001390,0,57.25,NaN
78.0800,-0.033455,0.001030,0,57.25,NaN
78.0880,-0.032967,0.000907,0,57.25,NaN
78.0960,-0.033455,0.000705,0,57.25,NaN
78.1040,-0.031990,0.047963,0,57.25,NaN
78.1120,-0.030525,0.050781,0,57.25,NaN
78.1200,-0.026618,0.053655,0,57.25,NaN
78.1280,-0.025153,0.056208,0,57.25,NaN
78.1360,-0.024176,0.058106,0,57.25,NaN
78.1440,-0.024176,0.059111,0,57.25,NaN
78.1520,-0.023687,0.058946,0,57.25,NaN
78.1600,-0.023687,0.057209,0,57.25,NaN
78.1680,-0.025641,0.053548,0,57.25,NaN
78.1760,-0.031990,0.047985,0,57.25,NaN
78.1840,-0.038828,0.041005,0,57.25,NaN
78.1920,-0.045177,0.033268,0,57.25,NaN
78.2000,-0.051038,0.025271,0,57.25,NaN
78.2080,-0.053968,0.030579,0,57.25,NaN
78.2160,-0.057387,0.027097,0,57.25,NaN
78.2240,-0.062271,0.024347,0,57.25,NaN
78.2320,-0.063736,0.021993,0,57.25,NaN
78.2400,-0.067643,0.019723,0,57.25,NaN
78.2480,-0.070085,0.017352,0,57.25,NaN
78.2560,-0.073993,0.014910,0,57.25,NaN
78.2640,-0.077411,0.012631,0,57.25,NaN
78.2720,-0.079365,0.010826,0,57.25,NaN
78.2800,-0.082295,0.009753,0,57.25,NaN
78.2880,-0.082784,0.009499,0,57.25,NaN
78.2960,-0.082295,0.009914,0,57.25,NaN
78.3040,-0.083272,0.010698,0,57.25,NaN
78.3120,-0.085226,-0.020258,0,57.25,NaN
78.3200,-0.086691,-0.022756,0,57.25,NaN
78.3280,-0.091087,-0.025887,0,57.25,NaN
78.3360,-0.094017,-0.029100,0,57.25,NaN
78.3440,-0.099878,-0.031566,0,57.25,NaN
78.3520,-0.101343,-0.032537,0,57.25,NaN
78.3600,-0.099878,-0.031759,0,57.25,NaN
78.3680,-0.097924,-0.029560,0,57.25,NaN
78.3760,-0.096459,-0.026531,0,57.25,NaN
78.3840,-0.094994,-0.023171,0,57.25,NaN
78.3920,-0.093529,-0.019761,0,57.25,NaN
78.4000,-0.092063,-0.016399,0,57.25,NaN
78.4080,-0.090598,-0.013077,0,57.25,NaN
78.4160,-0.092063,-0.013330,0,57.25,NaN
78.4240,-0.094505,-0.012870,0,57.25,NaN
78.4320,-0.093529,-0.012391,0,57.25,NaN
78.4400,-0.094505,-0.011593,0,57.25,NaN
78.4480,-0.094017,-0.010270,0,57.25,NaN
78.4560,-0.096459,-0.008239,0,57.25,NaN
78.4640,-0.096947,-0.005551,0,57.25,NaN
78.4720,-0.091087,-0.002848,0,57.25,NaN
78.4800,-0.088645,-0.001190,0,57.25,NaN
78.4880,-0.092552,-0.001217,0,57.25,NaN
78.4960,-0.098901,-0.002618,0,57.25,NaN
78.5040,-0.101343,-0.004573,0,57.25,NaN
78.5120,-0.101832,-0.006560,0,57.25,NaN
78.5200,-0.102320,-0.045694,0,57.25,NaN
78.5280,-0.100855,-0.044108,0,57.25,NaN
78.5360,-0.098901,-0.039887,0,57.25,NaN
78.5440,-0.091087,-0.033518,0,57.25,NaN
78.5520,-0.082295,-0.026298,0,57.25,NaN
78.5600,-0.072527,-0.019944,0,57.25,NaN
78.5680,-0.070085,-0.015749,0,57.25,NaN
78.5760,-0.070085,-0.013994,0,57.25,NaN
78.5840,-0.068620,-0.014095,0,57.25,NaN
78.5920,-0.069597,-0.015165,0,57.25,NaN
78.6000,-0.069109,-0.016470,0,57.25,NaN
78.6080,-0.067643,-0.017651,0,57.25,NaN
78.6160,-0.067155,-0.018699,0,57.25,NaN
78.6240,-0.064713,0.007601,0,57.25,NaN
78.6320,-0.062271,0.008573,0,57.25,NaN
78.6400,-0.061783,0.008957,0,57.25,NaN
78.6480,-0.060806,0.008579,0,57.25,NaN
78.6560,-0.061783,0.007605,0,57.25,NaN
78.6640,-0.062759,0.006439,0,57.25,NaN
78.6720,-0.062271,0.005496,0,57.25,NaN
78.6800,-0.061294,0.004987,0,57.25,NaN
78.6880,-0.060806,0.004901,0,57.25,NaN
78.6960,-0.059829,0.005080,0,57.25,NaN
78.7040,-0.057387,0.005287,0,57.25,NaN
78.7120,-0.057387,0.005337,0,57.25,NaN
78.7200,-0.056899,0.005222,0,57.25,NaN
78.7280,-0.056899,0.021338,0,57.25,NaN
78.7360,-0.057875,0.021739,0,57.25,NaN
78.7440,-0.056410,0.022866,0,57.25,NaN
78.7520,-0.054945,0.024837,0,57.25,NaN
78.7600,-0.051038,0.027331,0,57.25,NaN
78.7680,-0.047619,0.029724,0,57.25,NaN
78.7760,-0.047131,0.031409,0,57.25,NaN
78.7840,-0.048107,0.031990,0,57.25,NaN
78.7920,-0.047131,0.031149,0,57.25,NaN
78.8000,-0.046642,0.028522,0,57.25,NaN
78.8080,-0.051038,0.023936,0,57.25,NaN
78.8160,-0.056899,0.017706,0,57.25,NaN
78.8240,-0.061783,0.010577,0,57.25,NaN
78.8320,-0.062759,0.000338,0,57.25,NaN
78.8400,-0.061294,0.000542,0,57.25,NaN
78.8480,-0.057875,0.003233,0,57.25,NaN
78.8560,-0.053968,0.007532,0,57.25,NaN
78.8640,-0.048107,0.012148,0,57.25,NaN
78.8720,-0.045177,0.015725,0,57.25,NaN
78.8800,-0.042247,0.017234,0,57.25,NaN
78.8880,-0.043712,0.016332,0,57.25,NaN
78.8960,-0.047619,0.013497,0,57.25,NaN
78.9040,-0.052503,0.009783,0,57.25,NaN
78.9120,-0.053968,0.006252,0,57.25,NaN
78.9200,-0.057875,0.003479,0,57.25,NaN
78.9280,-0.056899,0.001353,0,57.25,NaN
78.9360,-0.059341,-0.001672,0,57.25,NaN
78.9440,-0.055922,-0.000075,0,57.25,NaN
78.9520,-0.052991,0.002103,0,57.25,NaN
78.9600,-0.051526,0.003928,0,57.25,NaN
78.9680,-0.051038,0.004645,0,57.25,NaN
78.9760,-0.051526,0.003862,0,57.25,NaN
78.9840,-0.052015,0.001613,0,57.25,NaN
78.9920,-0.055433,-0.001540,0,57.25,NaN
79.0000,-0.060806,-0.004501,0,57.25,NaN
79.0080,-0.062759,-0.006029,0,57.25,NaN
79.0160,-0.061783,-0.005386,0,57.25,NaN
79.0240,-0.057387,-0.002713,0,57.25,NaN
79.0320,-0.054457,0.001136,0,57.25,NaN
79.0400,-0.054457,0.007568,0,57.25,NaN
79.0480,-0.054457,0.007364,0,57.25,NaN
79.0560,-0.058852,0.005949,0,57.25,NaN
79.0640,-0.060806,0.004019,0,57.25,NaN
79.0720,-0.062759,0.002274,0,57.25,NaN
79.0800,-0.063736,0.001130,0,57.25,NaN
79.0880,-0.064713,0.000675,0,57.25,NaN
79.0960,-0.064713,0.000770,0,57.25,NaN
79.1040,-0.064713,0.001161,0,57.25,NaN
79.1120,-0.065201,0.001618,0,57.25,NaN
79.1200,-0.065690,0.001998,0,57.25,NaN
79.1280,-0.064713,0.002242,0,57.25,NaN
79.1360,-0.065690,0.002377,0,57.25,NaN
79.1440,-0.066178,-0.002406,0,57.25,NaN
79.1520,-0.067155,-0.002998,0,57.25,NaN
79.1600,-0.069597,-0.003298,0,57.25,NaN
79.1680,-0.069109,-0.003156,0,57.25,NaN
79.1760,-0.067643,-0.002761,0,57.25,NaN
79.1840,-0.068132,-0.002531,0,57.25,NaN
79.1920,-0.068620,-0.002781,0,57.25,NaN
79.2000,-0.070085,-0.003489,0,57.25,NaN
79.2080,-0.072527,-0.004278,0,57.25,NaN
79.2160,-0.074481,-0.004631,0,57.25,NaN
79.2240,-0.073504,-0.004259,0,57.25,NaN
79.2320,-0.070574,-0.003291,0,57.25,NaN
79.2400,-0.071551,-0.002053,0,57.25,NaN
79.2480,-0.072527,-0.012395,0,57.25,NaN
79.2560,-0.072527,-0.011644,0,57.25,NaN
79.2640,-0.071551,-0.010410,0,57.25,NaN
79.2720,-0.069597,-0.008874,0,57.25,NaN
79.2800,-0.067643,-0.007497,0,57.25,NaN
79.2880,-0.066667,-0.006760,0,57.25,NaN
79.2960,-0.067155,-0.006863,0,57.25,NaN
79.3040,-0.068620,-0.007576,0,57.25,NaN
79.3120,-0.070085,-0.008349,0,57.25,NaN
79.3200,-0.070085,-0.008617,0,57.25,NaN
79.3280,-0.070085,-0.008076,0,57.25,NaN
79.3360,-0.067155,-0.006801,0,57.25,NaN
79.3440,-0.066667,-0.005126,0,57.25,NaN
79.3520,-0.066667,-0.058070,0,57.25,NaN
79.3600,-0.067155,-0.058500,0,57.25,NaN
79.3680,-0.063248,-0.057957,0,57.25,NaN
79.3760,-0.058852,-0.056353,0,57.25,NaN
79.3840,-0.054457,-0.053805,0,57.25,NaN
79.3920,-0.050061,-0.050391,0,57.25,NaN
79.4000,-0.045177,-0.046102,0,57.25,NaN
79.4080,-0.039316,-0.041030,0,57.25,NaN
79.4160,-0.031502,-0.035641,0,57.25,NaN
79.4240,-0.023199,-0.030821,0,57.25,NaN
79.4320,-0.016361,-0.027548,0,57.25,NaN
79.4400,-0.011966,-0.026274,0,57.25,NaN
79.4480,-0.012943,-0.026449,0,57.25,NaN
79.4560,-0.015873,-0.032427,0,57.25,NaN
79.4640,-0.019292,-0.037746,0,57.25,NaN
79.4720,-0.021734,-0.040595,0,57.25,NaN
79.4800,-0.017338,-0.039032,0,57.25,NaN
79.4880,-0.009035,-0.032507,0,57.25,NaN
79.4960,0.006105,-0.022165,0,57.25,NaN
79.5040,0.020757,-0.010473,0,57.25,NaN
79.5120,0.032967,-0.000351,0,57.25,NaN
79.5200,0.042735,0.005705,0,57.25,NaN
79.5280,0.048107,0.006288,0,57.25,NaN
79.5360,0.042735,0.001446,0,57.25,NaN
79.5440,0.039316,-0.007488,0,57.25,NaN
79.5520,0.034432,-0.018547,0,57.25,NaN
79.5600,0.028571,0.123687,0,57.25,NaN
79.5680,0.022711,0.117108,0,57.25,NaN
79.5760,0.013431,0.110981,0,57.25,NaN
79.5840,0.007082,0.106172,0,57.25,NaN
79.5920,0.003175,0.103173,0,57.25,NaN
79.6000,-0.000244,0.101804,0,57.25,NaN
79.6080,-0.001221,0.101175,0,57.25,NaN
79.6160,-0.002686,0.099894,0,57.25,NaN
79.6240,-0.007570,0.096493,0,57.25,NaN
79.6320,-0.013919,0.089888,0,57.25,NaN
79.6400,-0.024176,0.079707,0,57.25,NaN
79.6480,-0.038339,0.066465,0,57.25,NaN
79.6560,-0.053480,0.051499,0,57.25,NaN
79.6640,-0.067155,-0.009449,0,57.25,NaN
79.6720,-0.078388,-0.022565,0,57.25,NaN
79.6800,-0.087179,-0.032312,0,57.25,NaN
79.6880,-0.093529,-0.038178,0,57.25,NaN
79.6960,-0.094505,-0.040351,0,57.25,NaN
79.7040,-0.094017,-0.039604,0,57.25,NaN
79.7120,-0.093040,-0.036973,0,57.25,NaN
79.7200,-0.091087,-0.033398,0,57.25,NaN
79.7280,-0.090598,-0.029554,0,57.25,NaN
79.7360,-0.089133,-0.025863,0,57.25,NaN
79.7440,-0.087179,-0.022591,0,57.25,NaN
79.7520,-0.087179,-0.019828,0,57.25,NaN
79.7600,-0.087668,-0.017398,0,57.25,NaN
79.7680,-0.093040,-0.036798,0,57.25,NaN
79.7760,-0.095482,-0.037737,0,57.25,NaN
79.7840,-0.095971,-0.037592,0,57.25,NaN
79.7920,-0.094505,-0.036094,0,57.25,NaN
79.8000,-0.094017,-0.033487,0,57.25,NaN
79.8080,-0.093040,-0.030249,0,57.25,NaN
79.8160,-0.093040,-0.026876,0,57.25,NaN
79.8240,-0.093040,-0.023814,0,57.25,NaN
79.8320,-0.093529,-0.021434,0,57.25,NaN
79.8400,-0.094505,-0.019956,0,57.25,NaN
79.8480,-0.098901,-0.019340,0,57.25,NaN
79.8560,-0.101343,-0.019314,0,57.25,NaN
79.8640,-0.104274,-0.019557,0,57.25,NaN
79.8720,-0.104274,-0.042970,0,57.25,NaN
79.8800,-0.104762,-0.041477,0,57.25,NaN
79.8880,-0.103297,-0.039219,0,57.25,NaN
79.8960,-0.101343,-0.036733,0,57.25,NaN
79.9040,-0.100366,-0.034538,0,57.25,NaN
79.9120,-0.101343,-0.032878,0,57.25,NaN
79.9200,-0.101343,-0.031649,0,57.25,NaN
79.9280,-0.102320,-0.030540,0,57.25,NaN
79.9360,-0.101832,-0.029203,0,57.25,NaN
79.9440,-0.101343,-0.027361,0,57.25,NaN
79.9520,-0.100855,-0.024874,0,57.25,NaN
79.9600,-0.096947,-0.021805,0,57.25,NaN
79.9680,-0.094505,-0.018410,0,57.25,NaN
79.9760,-0.091087,0.078007,0,57.25,NaN
79.9840,-0.086203,0.086152,0,57.25,NaN
79.9920,-0.083272,0.092964,0,57.25,NaN
80.0000,-0.080342,0.097123,0,57.25,NaN
80.0080,-0.083272,0.097474,0,57.25,NaN
80.0160,-0.089133,0.093435,0,57.25,NaN
80.0240,-0.099878,0.085216,0,57.25,NaN
80.0320,-0.109646,0.073858,0,57.25,NaN
80.0400,-0.125763,0.061264,0,57.25,NaN
80.0480,-0.140904,0.050084,0,57.25,NaN
80.0560,-0.156532,0.042973,0,57.25,NaN
80.0640,-0.162393,0.041150,0,57.25,NaN
80.0720,-0.155067,0.043138,0,57.25,NaN
80.0800,-0.132112,-0.949934,0,57.25,NaN
80.0880,-0.091087,-0.942528,0,57.25,NaN
80.0960,-0.035409,-0.914195,0,57.25,NaN
80.1040,0.039316,-0.864828,0,57.25,NaN
80.1120,0.129182,-0.795802,0,57.25,NaN
80.1200,0.234676,-0.710529,0,57.25,NaN
80.1280,0.350916,-0.615013,0,57.25,NaN
80.1360,0.462759,-0.518217,0,57.25,NaN
80.1440,0.577045,-0.432275,0,57.25,NaN
80.1520,0.686935,-0.371746,0,57.25,NaN
80.1600,0.781197,-0.349630,0,57.25,NaN
80.1680,0.812943,-0.369277,0,57.25,NaN
80.1760,0.761172,-0.417239,0,57.25,NaN
80.1840,0.646398,0.881529,0,57.25,NaN
80.1920,0.499389,0.753629,0,57.25,NaN
80.2000,0.347009,0.604232,0,57.25,NaN
80.2080,0.195116,0.452359,0,57.25,NaN
80.2160,0.052503,0.314304,0,57.25,NaN
80.2240,-0.070574,0.202959,0,57.25,NaN
80.2320,-0.158974,0.127040,0,57.25,NaN
80.2400,-0.201954,0.089871,0,57.25,NaN
80.2480,-0.210745,0.088900,0,57.25,NaN
80.2560,-0.188278,0.116847,0,57.25,NaN
80.2640,-0.151648,0.164243,0,57.25,NaN
80.2720,-0.110623,0.222326,0,57.25,NaN
80.2800,-0.076923,0.284914,0,57.25,NaN
80.2880,-0.055433,0.038785,0,57.25,NaN
80.2960,-0.047619,0.058743,0,57.25,NaN
80.3040,-0.049084,0.065146,0,57.25,NaN
80.3120,-0.055922,0.060699,0,57.25,NaN
80.3200,-0.070085,0.049081,0,57.25,NaN
80.3280,-0.087668,0.034330,0,57.25,NaN
80.3360,-0.105250,0.020308,0,57.25,NaN
80.3440,-0.116972,0.009941,0,57.25,NaN
80.3520,-0.119902,0.004616,0,57.25,NaN
80.3600,-0.123321,0.004233,0,57.25,NaN
80.3680,-0.120391,0.007773,0,57.25,NaN
80.3760,-0.116972,0.013869,0,57.25,NaN
80.3840,-0.114530,0.021209,0,57.25,NaN
80.3920,-0.115507,-0.216894,0,57.25,NaN
80.4000,-0.120391,-0.225551,0,57.25,NaN
80.4080,-0.129182,-0.234912,0,57.25,NaN
80.4160,-0.135043,-0.242779,0,57.25,NaN
80.4240,-0.143346,-0.246741,0,57.25,NaN
80.4320,-0.146764,-0.244828,0,57.25,NaN
80.4400,-0.146764,-0.236066,0,57.25,NaN
80.4480,-0.144811,-0.220780,0,57.25,NaN
80.4560,-0.139927,-0.200561,0,57.25,NaN
80.4640,-0.134066,-0.177858,0,57.25,NaN
80.4720,-0.132601,-0.155133,0,57.25,NaN
80.4800,-0.133089,-0.133842,0,57.25,NaN
80.4880,-0.136996,-0.113882,0,57.25,NaN
80.4960,-0.139927,-0.030198,0,57.25,NaN
80.5040,-0.140415,-0.019875,0,57.25,NaN
80.5120,-0.134066,-0.011767,0,57.25,NaN
80.5200,-0.134066,-0.006426,0,57.25,NaN
80.5280,-0.133089,-0.004209,0,57.25,NaN
80.5360,-0.133089,-0.004950,0,57.25,NaN
80.5440,-0.132601,-0.007953,0,57.25,NaN
80.5520,-0.135043,-0.012020,0,57.25,NaN
80.5600,-0.138950,-0.015552,0,57.25,NaN
80.5680,-0.140904,-0.016989,0,57.25,NaN
80.5760,-0.137973,-0.015486,0,57.25,NaN
80.5840,-0.133089,-0.011297,0,57.25,NaN
80.5920,-0.129182,-0.005578,0,57.25,NaN
80.6000,-0.124298,-0.017010,0,57.25,NaN
80.6080,-0.119414,-0.013434,0,57.25,NaN
80.6160,-0.116972,-0.011666,0,57.25,NaN
80.6240,-0.116972,-0.012285,0,57.25,NaN
80.6320,-0.119414,-0.015131,0,57.25,NaN
80.6400,-0.128205,-0.019181,0,57.25,NaN
80.6480,-0.133089,-0.022840,0,57.25,NaN
80.6560,-0.135043,-0.024637,0,57.25,NaN
80.6640,-0.131136,-0.023848,0,57.25,NaN
80.6720,-0.123810,-0.020654,0,57.25,NaN
80.6800,-0.116972,-0.015793,0,57.25,NaN
80.6880,-0.109158,-0.010070,0,57.25,NaN
80.6960,-0.102808,-0.004051,0,57.25,NaN
80.7040,-0.101343,-0.001701,0,57.25,NaN
80.7120,-0.101832,-0.005574,0,57.25,NaN
80.7200,-0.109646,-0.013297,0,57.25,NaN
80.7280,-0.118437,-0.023042,0,57.25,NaN
80.7360,-0.126740,-0.032282,0,57.25,NaN
80.7440,-0.131136,-0.038611,0,57.25,NaN
80.7520,-0.132112,-0.040488,0,57.25,NaN
80.7600,-0.125763,-0.037699,0,57.25,NaN
80.7680,-0.116972,-0.031385,0,57.25,NaN
80.7760,-0.104762,-0.023512,0,57.25,NaN
80.7840,-0.096459,-0.015971,0,57.25,NaN
80.7920,-0.090110,-0.009741,0,57.25,NaN
80.8000,-0.086203,-0.004589,0,57.25,NaN
80.8080,-0.086203,0.005410,0,57.25,NaN
80.8160,-0.087179,0.002369,0,57.25,NaN
80.8240,-0.090598,-0.001974,0,57.25,NaN
80.8320,-0.092552,-0.006196,0,57.25,NaN
80.8400,-0.094017,-0.009082,0,57.25,NaN
80.8480,-0.093529,-0.009932,0,57.25,NaN
80.8560,-0.088645,-0.008733,0,57.25,NaN
80.8640,-0.084737,-0.006078,0,57.25,NaN
80.8720,-0.080342,-0.002883,0,57.25,NaN
80.8800,-0.074969,-0.000128,0,57.25,NaN
80.8880,-0.070085,0.001362,0,57.25,NaN
80.8960,-0.069109,0.001284,0,57.25,NaN
80.9040,-0.070085,0.000112,0,57.25,NaN
80.9120,-0.071062,0.007301,0,57.25,NaN
80.9200,-0.070574,0.005238,0,57.25,NaN
80.9280,-0.070085,0.003244,0,57.25,NaN
80.9360,-0.069597,0.001497,0,57.25,NaN
80.9440,-0.070085,0.000196,0,57.25,NaN
80.9520,-0.069109,-0.000404,0,57.25,NaN
80.9600,-0.067155,-0.000148,0,57.25,NaN
80.9680,-0.063248,0.000851,0,57.25,NaN
80.9760,-0.061294,0.002218,0,57.25,NaN
80.9840,-0.056899,0.003426,0,57.25,NaN
80.9920,-0.054457,0.003976,0,57.25,NaN
81.0000,-0.053480,0.003654,0,57.25,NaN
81.0080,-0.053968,0.002713,0,57.25,NaN
81.0160,-0.053968,0.005955,0,57.25,NaN
81.0240,-0.050061,0.006282,0,57.25,NaN
81.0320,-0.047131,0.006489,0,57.25,NaN
81.0400,-0.044689,0.006060,0,57.25,NaN
81.0480,-0.044200,0.004756,0,57.25,NaN
81.0560,-0.043712,0.002871,0,57.25,NaN
81.0640,-0.046154,0.001149,0,57.25,NaN
81.0720,-0.044200,0.000367,0,57.25,NaN
81.0800,-0.042247,0.000828,0,57.25,NaN
81.0880,-0.037363,0.002140,0,57.25,NaN
81.0960,-0.032479,0.003479,0,57.25,NaN
81.1040,-0.031013,0.004189,0,57.25,NaN
81.1120,-0.031502,0.004281,0,57.25,NaN
81.1200,-0.032967,0.035127,0,57.25,NaN
81.1280,-0.038828,0.031669,0,57.25,NaN
81.1360,-0.041758,0.028729,0,57.25,NaN
81.1440,-0.043712,0.027513,0,57.25,NaN
81.1520,-0.040293,0.028370,0,57.25,NaN
81.1600,-0.037363,0.030644,0,57.25,NaN
81.1680,-0.032967,0.033046,0,57.25,NaN
81.1760,-0.032479,0.034262,0,57.25,NaN
81.1840,-0.032967,0.033443,0,57.25,NaN
81.1920,-0.036386,0.030385,0,57.25,NaN
81.2000,-0.040781,0.025462,0,57.25,NaN
81.2080,-0.048107,0.019376,0,57.25,NaN
81.2160,-0.051526,0.012817,0,57.25,NaN
81.2240,-0.052015,0.027757,0,57.25,NaN
81.2320,-0.049573,0.027618,0,57.25,NaN
81.2400,-0.048107,0.026868,0,57.25,NaN
81.2480,-0.052991,0.024281,0,57.25,NaN
81.2560,-0.056899,0.019550,0,57.25,NaN
81.2640,-0.062759,0.013441,0,57.25,NaN
81.2720,-0.073016,0.007600,0,57.25,NaN
81.2800,-0.080830,0.003897,0,57.25,NaN
81.2880,-0.078388,0.003322,0,57.25,NaN
81.2960,-0.075458,0.005336,0,57.25,NaN
81.3040,-0.070085,0.008357,0,57.25,NaN
81.3120,-0.069109,0.010965,0,57.25,NaN
81.3200,-0.073016,0.012854,0,57.25,NaN
81.3280,-0.085714,0.011632,0,57.25,NaN
81.3360,-0.104762,-0.004490,0,57.25,NaN
81.3440,-0.123321,-0.022505,0,57.25,NaN
81.3520,-0.139438,-0.039105,0,57.25,NaN
81.3600,-0.151648,-0.051614,0,57.25,NaN
81.3680,-0.158486,-0.058509,0,57.25,NaN
81.3760,-0.161905,-0.059541,0,57.25,NaN
81.3840,-0.157021,-0.055604,0,57.25,NaN
81.3920,-0.153602,-0.048303,0,57.25,NaN
81.4000,-0.148230,-0.039343,0,57.25,NaN
81.4080,-0.142857,-0.030069,0,57.25,NaN
81.4160,-0.137485,-0.021222,0,57.25,NaN
81.4240,-0.135531,-0.012833,0,57.25,NaN
81.4320,-0.134066,-0.035011,0,57.25,NaN
81.4400,-0.133089,-0.030384,0,57.25,NaN
81.4480,-0.128205,-0.026596,0,57.25,NaN
81.4560,-0.123810,-0.024433,0,57.25,NaN
81.4640,-0.126252,-0.024564,0,57.25,NaN
81.4720,-0.132112,-0.026795,0,57.25,NaN
81.4800,-0.136020,-0.029978,0,57.25,NaN
81.4880,-0.142857,-0.032505,0,57.25,NaN
81.4960,-0.145788,-0.032956,0,57.25,NaN
81.5040,-0.142857,-0.030709,0,57.25,NaN
81.5120,-0.139438,-0.026103,0,57.25,NaN
81.5200,-0.135043,-0.020009,0,57.25,NaN
81.5280,-0.132601,-0.013282,0,57.25,NaN
81.5360,-0.132601,-0.049516,0,57.25,NaN
81.5440,-0.135531,-0.049426,0,57.25,NaN
81.5520,-0.136996,-0.048522,0,57.25,NaN
81.5600,-0.136996,-0.045527,0,57.25,NaN
81.5680,-0.129670,-0.040226,0,57.25,NaN
81.5760,-0.119414,-0.033777,0,57.25,NaN
81.5840,-0.113553,-0.028035,0,57.25,NaN
81.5920,-0.109158,-0.024415,0,57.25,NaN
81.6000,-0.111111,-0.023155,0,57.25,NaN
81.6080,-0.113553,-0.023383,0,57.25,NaN
81.6160,-0.114530,-0.023857,0,57.25,NaN
81.6240,-0.113065,-0.023789,0,57.25,NaN
81.6320,-0.110623,-0.023191,0,57.25,NaN
81.6400,-0.109646,0.004462,0,57.25,NaN
81.6480,-0.109646,0.002848,0,57.25,NaN
81.6560,-0.112576,-0.000467,0,57.25,NaN
81.6640,-0.116484,-0.004929,0,57.25,NaN
81.6720,-0.119414,-0.009487,0,57.25,NaN
81.6800,-0.122344,-0.013038,0,57.25,NaN
81.6880,-0.121856,-0.014861,0,57.25,NaN
81.6960,-0.117460,-0.014827,0,57.25,NaN
81.7040,-0.116972,-0.013205,0,57.25,NaN
81.7120,-0.113553,-0.010367,0,57.25,NaN
81.7200,-0.108669,-0.006752,0,57.25,NaN
81.7280,-0.102320,-0.002852,0,57.25,NaN
81.7360,-0.100366,0.001027,0,57.25,NaN
81.7440,-0.095482,0.017727,0,57.25,NaN
81.7520,-0.096459,0.016640,0,57.25,NaN
81.7600,-0.099389,0.012877,0,57.25,NaN
81.7680,-0.106716,0.007310,0,57.25,NaN
81.7760,-0.109646,0.001289,0,57.25,NaN
81.7840,-0.114530,-0.003830,0,57.25,NaN
81.7920,-0.116972,-0.007000,0,57.25,NaN
81.8000,-0.115995,-0.007715,0,57.25,NaN
81.8080,-0.113553,-0.006152,0,57.25,NaN
81.8160,-0.108669,-0.003082,0,57.25,NaN
81.8240,-0.102808,0.000494,0,57.25,NaN
81.8320,-0.101343,0.003862,0,57.25,NaN
81.8400,-0.098901,0.006902,0,57.25,NaN
81.8480,-0.094994,-0.000234,0,57.25,NaN
81.8560,-0.090110,0.002726,0,57.25,NaN
81.8640,-0.085714,0.005020,0,57.25,NaN
81.8720,-0.085714,0.006350,0,57.25,NaN
81.8800,-0.083761,0.006638,0,57.25,NaN
81.8880,-0.082784,0.005961,0,57.25,NaN
81.8960,-0.083761,0.004553,0,57.25,NaN
81.9040,-0.085226,0.002855,0,57.25,NaN
81.9120,-0.085714,0.001425,0,57.25,NaN
81.9200,-0.085714,0.000719,0,57.25,NaN
81.9280,-0.084737,0.000907,0,57.25,NaN
81.9360,-0.081319,0.001825,0,57.25,NaN
81.9440,-0.080342,0.003111,0,57.25,NaN
81.9520,-0.078877,0.000748,0,57.25,NaN
81.9600,-0.078877,0.000557,0,57.25,NaN
81.9680,-0.078388,-0.000089,0,57.25,NaN
81.9760,-0.078388,-0.000994,0,57.25,NaN
81.9840,-0.078388,-0.001985,0,57.25,NaN
81.9920,-0.077411,-0.003037,0,57.25,NaN
82.0000,-0.075458,-0.004274,0,57.25,NaN
82.0080,-0.075458,-0.005739,0,57.25,NaN
82.0160,-0.076435,-0.007098,0,57.25,NaN
82.0240,-0.077411,-0.007616,0,57.25,NaN
82.0320,-0.076923,-0.006535,0,57.25,NaN
82.0400,-0.073016,-0.003614,0,57.25,NaN
82.0480,-0.066667,0.000544,0,57.25,NaN
82.0560,-0.062271,0.016021,0,57.25,NaN
82.0640,-0.060806,0.016751,0,57.25,NaN
82.0720,-0.062271,0.014765,0,57.25,NaN
82.0800,-0.067155,0.010650,0,57.25,NaN
82.0880,-0.072527,0.005767,0,57.25,NaN
82.0960,-0.074969,0.001584,0,57.25,NaN
82.1040,-0.075458,-0.000956,0,57.25,NaN
82.1120,-0.073016,-0.001628,0,57.25,NaN
82.1200,-0.073504,-0.000704,0,57.25,NaN
82.1280,-0.070085,0.001287,0,57.25,NaN
82.1360,-0.065690,0.003663,0,57.25,NaN
82.1440,-0.062759,0.005840,0,57.25,NaN
82.1520,-0.062759,0.007685,0,57.25,NaN
82.1600,-0.062759,-0.000213,0,57.25,NaN
82.1680,-0.062759,0.000092,0,57.25,NaN
82.1760,-0.061783,0.000831,0,57.25,NaN
82.1840,-0.058852,0.002054,0,57.25,NaN
82.1920,-0.055433,0.003427,0,57.25,NaN
82.2000,-0.054945,0.004550,0,57.25,NaN
82.2080,-0.054457,0.005242,0,57.25,NaN
82.2160,-0.053480,0.005510,0,57.25,NaN
82.2240,-0.052991,0.005361,0,57.25,NaN
82.2320,-0.051038,0.004736,0,57.25,NaN
82.2400,-0.052991,0.003601,0,57.25,NaN
82.2480,-0.052991,0.002055,0,57.25,NaN
82.2560,-0.053968,0.000288,0,57.25,NaN
82.2640,-0.053968,0.025749,0,57.25,NaN
82.2720,-0.053968,0.026503,0,57.25,NaN
82.2800,-0.053480,0.027820,0,57.25,NaN
82.2880,-0.052015,0.029496,0,57.25,NaN
82.2960,-0.051038,0.031095,0,57.25,NaN
82.3040,-0.049573,0.032050,0,57.25,NaN
82.3120,-0.049573,0.031867,0,57.25,NaN
82.3200,-0.052991,0.030363,0,57.25,NaN
82.3280,-0.054945,0.027712,0,57.25,NaN
82.3360,-0.059341,0.024292,0,57.25,NaN
82.3440,-0.062271,0.020490,0,57.25,NaN
82.3520,-0.066667,0.016580,0,57.25,NaN
82.3600,-0.070085,0.012681,0,57.25,NaN
82.3680,-0.069109,-0.059309,0,57.25,NaN
82.3760,-0.062271,-0.054966,0,57.25,NaN
82.3840,-0.052015,-0.047758,0,57.25,NaN
82.3920,-0.041270,-0.039550,0,57.25,NaN
82.4000,-0.032479,-0.032244,0,57.25,NaN
82.4080,-0.026618,-0.027066,0,57.25,NaN
82.4160,-0.023199,-0.024277,0,57.25,NaN
82.4240,-0.020757,-0.023317,0,57.25,NaN
82.4320,-0.020757,-0.023236,0,57.25,NaN
82.4400,-0.016361,-0.023218,0,57.25,NaN
82.4480,-0.013919,-0.022903,0,57.25,NaN
82.4560,-0.009524,-0.022336,0,57.25,NaN
82.4640,-0.007570,-0.021688,0,57.25,NaN
82.4720,-0.006105,-0.042645,0,57.25,NaN
82.4800,-0.004640,-0.044289,0,57.25,NaN
82.4880,-0.003175,-0.044679,0,57.25,NaN
82.4960,-0.001221,-0.042531,0,57.25,NaN
82.5040,0.008059,-0.036994,0,57.25,NaN
82.5120,0.017338,-0.028194,0,57.25,NaN
82.5200,0.031013,-0.017435,0,57.25,NaN
82.5280,0.045665,-0.007018,0,57.25,NaN
82.5360,0.057875,0.000384,0,57.25,NaN
82.5440,0.063248,0.002694,0,57.25,NaN
82.5520,0.062759,-0.000749,0,57.25,NaN
82.5600,0.057387,-0.009001,0,57.25,NaN
82.5680,0.052015,-0.019951,0,57.25,NaN
82.5760,0.044689,0.105665,0,57.25,NaN
82.5840,0.034432,0.095902,0,57.25,NaN
82.5920,0.023687,0.087167,0,57.25,NaN
82.6000,0.017338,0.081056,0,57.25,NaN
82.6080,0.012943,0.078356,0,57.25,NaN
82.6160,0.014408,0.078682,0,57.25,NaN
82.6240,0.015873,0.080568,0,57.25,NaN
82.6320,0.017338,0.081999,0,57.25,NaN
82.6400,0.014896,0.081066,0,57.25,NaN
82.6480,0.010501,0.076433,0,57.25,NaN
82.6560,0.003663,0.067576,0,57.25,NaN
82.6640,-0.008059,0.054964,0,57.25,NaN
82.6720,-0.023199,0.040139,0,57.25,NaN
82.6800,-0.037851,0.007985,0,57.25,NaN
82.6880,-0.054457,-0.008657,0,57.25,NaN
82.6960,-0.067643,-0.022624,0,57.25,NaN
82.7040,-0.075458,-0.032567,0,57.25,NaN
82.7120,-0.082295,-0.037965,0,57.25,NaN
82.7200,-0.083272,-0.039100,0,57.25,NaN
82.7280,-0.082295,-0.036884,0,57.25,NaN
82.7360,-0.079853,-0.032581,0,57.25,NaN
82.7440,-0.076923,-0.027466,0,57.25,NaN
82.7520,-0.074969,-0.022569,0,57.25,NaN
82.7600,-0.072527,-0.018526,0,57.25,NaN
82.7680,-0.072527,-0.015484,0,57.25,NaN
82.7760,-0.073504,-0.013080,0,57.25,NaN
82.7840,-0.077900,-0.036853,0,57.25,NaN
82.7920,-0.084737,-0.039250,0,57.25,NaN
82.8000,-0.086203,-0.040193,0,57.25,NaN
82.8080,-0.086691,-0.038837,0,57.25,NaN
82.8160,-0.084249,-0.035309,0,57.25,NaN
82.8240,-0.081319,-0.030603,0,57.25,NaN
82.8320,-0.076923,-0.026129,0,57.25,NaN
82.8400,-0.078388,-0.023024,0,57.25,NaN
82.8480,-0.082295,-0.021618,0,57.25,NaN
82.8560,-0.085714,-0.021452,0,57.25,NaN
82.8640,-0.090110,-0.021716,0,57.25,NaN
82.8720,-0.094994,-0.021742,0,57.25,NaN
82.8800,-0.094994,-0.021381,0,57.25,NaN
82.8880,-0.093529,-0.048138,0,57.25,NaN
82.8960,-0.092552,-0.044693,0,57.25,NaN
82.9040,-0.091087,-0.039788,0,57.25,NaN
82.9120,-0.087179,-0.033892,0,57.25,NaN
82.9200,-0.080830,-0.027821,0,57.25,NaN
82.9280,-0.077900,-0.022591,0,57.25,NaN
82.9360,-0.076435,-0.019001,0,57.25,NaN
82.9440,-0.075946,-0.017343,0,57.25,NaN
82.9520,-0.078388,-0.017331,0,57.25,NaN
82.9600,-0.081807,-0.018207,0,57.25,NaN
82.9680,-0.084249,-0.019076,0,57.25,NaN
82.9760,-0.085714,-0.019361,0,57.25,NaN
82.9840,-0.083761,-0.019109,0,57.25,NaN
82.9920,-0.082295,0.057744,0,57.25,NaN
83.0000,-0.079853,0.063107,0,57.25,NaN
83.0080,-0.077900,0.067261,0,57.25,NaN
83.0160,-0.078388,0.068731,0,57.25,NaN
83.0240,-0.080342,0.066247,0,57.25,NaN
83.0320,-0.088156,0.059235,0,57.25,NaN
83.0400,-0.100366,0.048291,0,57.25,NaN
83.0480,-0.114042,0.035344,0,57.25,NaN
83.0560,-0.129670,0.023368,0,57.25,NaN
83.0640,-0.141392,0.015646,0,57.25,NaN
83.0720,-0.148230,0.014646,0,57.25,NaN
83.0800,-0.146764,0.020756,0,57.25,NaN
83.0880,-0.132601,0.031524,0,57.25,NaN
83.0960,-0.110134,-1.000000,0,57.25,NaN
83.1040,-0.071062,-0.998240,0,57.25,NaN
83.1120,-0.021734,-0.979399,0,57.25,NaN
83.1200,0.046642,-0.942056,0,57.25,NaN
83.1280,0.128205,-0.885809,0,57.25,NaN
83.1360,0.226862,-0.812167,0,57.25,NaN
83.1440,0.343101,-0.725369,0,57.25,NaN
83.1520,0.456410,-0.632721,0,57.25,NaN
83.1600,0.570696,-0.544546,0,57.25,NaN
83.1680,0.690842,-0.473774,0,57.25,NaN
83.1760,0.805617,-0.433034,0,57.25,NaN
83.1840,0.869109,-0.427303,0,57.25,NaN
83.1920,0.841270,-0.446268,0,57.25,NaN
83.2000,0.722100,0.911759,0,57.25,NaN
83.2080,0.567766,0.791574,0,57.25,NaN
83.2160,0.404151,0.645901,0,57.25,NaN
83.2240,0.244933,0.495222,0,57.25,NaN
83.2320,0.096947,0.356363,0,57.25,NaN
83.2400,-0.035897,0.241915,0,57.25,NaN
83.2480,-0.133578,0.160376,0,57.25,NaN
83.2560,-0.193651,0.115790,0,57.25,NaN
83.2640,-0.211233,0.107352,0,57.25,NaN
83.2720,-0.198046,0.129924,0,57.25,NaN
83.2800,-0.162882,0.175643,0,57.25,NaN
83.2880,-0.116972,0.236013,0,57.25,NaN
83.2960,-0.073016,0.303448,0,57.25,NaN
83.3040,-0.044689,0.036104,0,57.25,NaN
83.3120,-0.029548,0.062600,0,57.25,NaN
83.3200,-0.028083,0.073180,0,57.25,NaN
83.3280,-0.035409,0.070246,0,57.25,NaN
83.3360,-0.052991,0.058088,0,57.25,NaN
83.3440,-0.070574,0.041717,0,57.25,NaN
83.3520,-0.090598,0.025801,0,57.25,NaN
83.3600,-0.102320,0.013761,0,57.25,NaN
83.3680,-0.107204,0.007252,0,57.25,NaN
83.3760,-0.110134,0.006319,0,57.25,NaN
83.3840,-0.108669,0.009998,0,57.25,NaN
83.3920,-0.104274,0.016857,0,57.25,NaN
83.4000,-0.100855,0.025341,0,57.25,NaN
83.4080,-0.095971,-0.231474,0,57.25,NaN
83.4160,-0.095971,-0.234952,0,57.25,NaN
83.4240,-0.098901,-0.239270,0,57.25,NaN
83.4320,-0.101343,-0.243288,0,57.25,NaN
83.4400,-0.105739,-0.245473,0,57.25,NaN
83.4480,-0.108181,-0.244348,0,57.25,NaN
83.4560,-0.109646,-0.238790,0,57.25,NaN
83.4640,-0.111600,-0.228127,0,57.25,NaN
83.4720,-0.112576,-0.212224,0,57.25,NaN
83.4800,-0.110134,-0.191653,0,57.25,NaN
83.4880,-0.107692,-0.167694,0,57.25,NaN
83.4960,-0.103785,-0.141896,0,57.25,NaN
83.5040,-0.102320,-0.115462,0,57.25,NaN
83.5120,-0.102320,-0.025443,0,57.25,NaN
83.5200,-0.101343,-0.012989,0,57.25,NaN
83.5280,-0.101343,-0.004803,0,57.25,NaN
83.5360,-0.102320,-0.000437,0,57.25,NaN
83.5440,-0.102808,0.000947,0,57.25,NaN
83.5520,-0.101832,0.000356,0,57.25,NaN
83.5600,-0.101343,-0.001234,0,57.25,NaN
83.5680,-0.100366,-0.003018,0,57.25,NaN
83.5760,-0.096459,-0.004460,0,57.25,NaN
83.5840,-0.095971,-0.005231,0,57.25,NaN
83.5920,-0.096947,-0.005080,0,57.25,NaN
83.6000,-0.094994,-0.003945,0,57.25,NaN
83.6080,-0.093529,-0.002169,0,57.25,NaN
83.6160,-0.092063,-0.012383,0,57.25,NaN
83.6240,-0.090598,-0.009622,0,57.25,NaN
83.6320,-0.088645,-0.007013,0,57.25,NaN
83.6400,-0.085714,-0.005088,0,57.25,NaN
83.6480,-0.085714,-0.004260,0,57.25,NaN
83.6560,-0.084737,-0.004635,0,57.25,NaN
83.6640,-0.085714,-0.005929,0,57.25,NaN
83.6720,-0.086691,-0.007537,0,57.25,NaN
83.6800,-0.087179,-0.008707,0,57.25,NaN
83.6880,-0.086203,-0.008813,0,57.25,NaN
83.6960,-0.084249,-0.007578,0,57.25,NaN
83.7040,-0.079853,-0.005166,0,57.25,NaN
83.7120,-0.076435,-0.002099,0,57.25,NaN
83.7200,-0.073016,0.001842,0,57.25,NaN
83.7280,-0.071062,0.001904,0,57.25,NaN
83.7360,-0.072527,0.000508,0,57.25,NaN
83.7440,-0.075946,-0.001735,0,57.25,NaN
83.7520,-0.078388,-0.003838,0,57.25,NaN
83.7600,-0.077411,-0.004979,0,57.25,NaN
83.7680,-0.075458,-0.004888,0,57.25,NaN
83.7760,-0.071062,-0.003841,0,57.25,NaN
83.7840,-0.068620,-0.002367,0,57.25,NaN
83.7920,-0.066667,-0.000932,0,57.25,NaN
83.8000,-0.062759,0.000184,0,57.25,NaN
83.8080,-0.062271,0.000911,0,57.25,NaN
83.8160,-0.060317,0.001373,0,57.25,NaN
83.8240,-0.059829,0.007133,0,57.25,NaN
83.8320,-0.059829,0.005213,0,57.25,NaN
83.8400,-0.060806,0.002402,0,57.25,NaN
83.8480,-0.062759,-0.000769,0,57.25,NaN
83.8560,-0.064713,-0.003455,0,57.25,NaN
83.8640,-0.066667,-0.004747,0,57.25,NaN
83.8720,-0.064713,-0.004134,0,57.25,NaN
83.8800,-0.059341,-0.001890,0,57.25,NaN
83.8880,-0.054457,0.001005,0,57.25,NaN
83.8960,-0.051526,0.003380,0,57.25,NaN
83.9040,-0.048107,0.004392,0,57.25,NaN
83.9120,-0.048107,0.003833,0,57.25,NaN
83.9200,-0.049573,0.002229,0,57.25,NaN
83.9280,-0.047131,0.003292,0,57.25,NaN
83.9360,-0.046642,0.001882,0,57.25,NaN
83.9440,-0.049084,0.000575,0,57.25,NaN
83.9520,-0.047619,-0.000338,0,57.25,NaN
83.9600,-0.046154,-0.000760,0,57.25,NaN
83.9680,-0.045177,-0.000815,0,57.25,NaN
83.9760,-0.043223,-0.000710,0,57.25,NaN
83.9840,-0.042247,-0.000611,0,57.25,NaN
83.9920,-0.040293,-0.000582,0,57.25,NaN
84.0000,-0.039316,-0.000553,0,57.25,NaN
84.0080,-0.038828,-0.000342,0,57.25,NaN
84.0160,-0.037363,0.000209,0,57.25,NaN
84.0240,-0.034432,0.001040,0,57.25,NaN
84.0320,-0.032967,0.002947,0,57.25,NaN
84.0400,-0.033944,0.000936,0,57.25,NaN
84.0480,-0.037363,-0.002247,0,57.25,NaN
84.0560,-0.038828,-0.006122,0,57.25,NaN
84.0640,-0.039805,-0.010096,0,57.25,NaN
84.0720,-0.043223,-0.013573,0,57.25,NaN
84.0800,-0.043712,-0.016008,0,57.25,NaN
84.0880,-0.042735,-0.017043,0,57.25,NaN
84.0960,-0.040293,-0.016551,0,57.25,NaN
84.1040,-0.038828,-0.014498,0,57.25,NaN
84.1120,-0.035409,-0.010897,0,57.25,NaN
84.1200,-0.029548,-0.005963,0,57.25,NaN
84.1280,-0.023199,-0.000245,0,57.25,NaN
84.1360,-0.020757,0.026673,0,57.25,NaN
84.1440,-0.018315,0.028469,0,57.25,NaN
84.1520,-0.020757,0.028600,0,57.25,NaN
84.1600,-0.021245,0.027664,0,57.25,NaN
84.1680,-0.020757,0.026324,0,57.25,NaN
84.1760,-0.022711,0.025091,0,57.25,NaN
84.1840,-0.023199,0.024276,0,57.25,NaN
84.1920,-0.023199,0.023906,0,57.25,NaN
84.2000,-0.023199,0.023647,0,57.25,NaN
84.2080,-0.022222,0.022875,0,57.25,NaN
84.2160,-0.022711,0.020964,0,57.25,NaN
84.2240,-0.026129,0.017695,0,57.25,NaN
84.2320,-0.031013,0.013506,0,57.25,NaN
84.2400,-0.035897,0.063829,0,57.25,NaN
84.2480,-0.039316,0.059207,0,57.25,NaN
84.2560,-0.046642,0.052992,0,57.25,NaN
84.2640,-0.055433,0.045210,0,57.25,NaN
84.2720,-0.065690,0.036293,0,57.25,NaN
84.2800,-0.075458,0.027013,0,57.25,NaN
84.2880,-0.085226,0.018337,0,57.25,NaN
84.2960,-0.093040,0.011316,0,57.25,NaN
84.3040,-0.100855,0.006997,0,57.25,NaN
84.3120,-0.104274,0.006231,0,57.25,NaN
84.3200,-0.105739,0.009341,0,57.25,NaN
84.3280,-0.101343,0.015814,0,57.25,NaN
84.3360,-0.096459,0.024267,0,57.25,NaN
84.3440,-0.092552,0.022096,0,57.25,NaN
84.3520,-0.088645,0.028720,0,57.25,NaN
84.3600,-0.087179,0.032323,0,57.25,NaN
84.3680,-0.091087,0.032061,0,57.25,NaN
84.3760,-0.097924,0.027927,0,57.25,NaN
84.3840,-0.105250,0.020692,0,57.25,NaN
84.3920,-0.116972,0.011768,0,57.25,NaN
84.4000,-0.127717,0.003050,0,57.25,NaN
84.4080,-0.136996,-0.003401,0,57.25,NaN
84.4160,-0.143346,-0.005828,0,57.25,NaN
84.4240,-0.145788,-0.003288,0,57.25,NaN
84.4320,-0.143346,0.003895,0,57.25,NaN
84.4400,-0.135531,0.013933,0,57.25,NaN
84.4480,-0.130159,-0.035782,0,57.25,NaN
84.4560,-0.122344,-0.026860,0,57.25,NaN
84.4640,-0.118437,-0.020135,0,57.25,NaN
84.4720,-0.118437,-0.016584,0,57.25,NaN
84.4800,-0.119902,-0.016280,0,57.25,NaN
84.4880,-0.123810,-0.018514,0,57.25,NaN
84.4960,-0.129670,-0.022001,0,57.25,NaN
84.5040,-0.135043,-0.025153,0,57.25,NaN
84.5120,-0.140415,-0.026501,0,57.25,NaN
84.5200,-0.140415,-0.025217,0,57.25,NaN
84.5280,-0.136996,-0.021423,0,57.25,NaN
84.5360,-0.133089,-0.015959,0,57.25,NaN
84.5440,-0.132112,-0.009776,0,57.25,NaN
84.5520,-0.130159,-0.028117,0,57.25,NaN
84.5600,-0.125763,-0.024917,0,57.25,NaN
84.5680,-0.125763,-0.023192,0,57.25,NaN
84.5760,-0.125275,-0.022951,0,57.25,NaN
84.5840,-0.129182,-0.023639,0,57.25,NaN
84.5920,-0.129182,-0.024373,0,57.25,NaN
84.6000,-0.129182,-0.024355,0,57.25,NaN
84.6080,-0.129182,-0.023159,0,57.25,NaN
84.6160,-0.124786,-0.020856,0,57.25,NaN
84.6240,-0.121368,-0.017951,0,57.25,NaN
84.6320,-0.117949,-0.015065,0,57.25,NaN
84.6400,-0.116972,-0.012549,0,57.25,NaN
84.6480,-0.115507,-0.010359,0,57.25,NaN
84.6560,-0.115507,0.007620,0,57.25,NaN
84.6640,-0.116484,0.006840,0,57.25,NaN
84.6720,-0.116972,0.004260,0,57.25,NaN
84.6800,-0.122344,-0.000053,0,57.25,NaN
84.6880,-0.126252,-0.005523,0,57.25,NaN
84.6960,-0.132601,-0.011051,0,57.25,NaN
84.7040,-0.137973,-0.015278,0,57.25,NaN
84.7120,-0.138950,-0.017111,0,57.25,NaN
84.7200,-0.135043,-0.016214,0,57.25,NaN
84.7280,-0.131624,-0.013017,0,57.25,NaN
84.7360,-0.125763,-0.008310,0,57.25,NaN
84.7440,-0.121856,-0.002822,0,57.25,NaN
84.7520,-0.116972,0.002961,0,57.25,NaN
84.7600,-0.115018,0.003316,0,57.25,NaN
84.7680,-0.112088,0.005926,0,57.25,NaN
84.7760,-0.110134,0.007510,0,57.25,NaN
84.7840,-0.109646,0.008269,0,57.25,NaN
84.7920,-0.111600,0.008535,0,57.25,NaN
84.8000,-0.110134,0.008510,0,57.25,NaN
84.8080,-0.107204,0.008001,0,57.25,NaN
84.8160,-0.105739,0.006647,0,57.25,NaN
84.8240,-0.108669,0.004542,0,57.25,NaN
84.8320,-0.113553,0.002506,0,57.25,NaN
84.8400,-0.113553,0.001583,0,57.25,NaN
84.8480,-0.111600,0.002233,0,57.25,NaN
84.8560,-0.107692,0.003984,0,57.25,NaN
84.8640,-0.106227,0.005771,0,57.25,NaN
84.8720,-0.104274,0.006907,0,57.25,NaN
84.8800,-0.103785,0.007017,0,57.25,NaN
84.8880,-0.103785,0.006120,0,57.25,NaN
84.8960,-0.104274,0.004780,0,57.25,NaN
84.9040,-0.106716,0.004046,0,57.25,NaN
84.9120,-0.109646,0.005054,0,57.25,NaN
84.9200,-0.105739,0.008157,0,57.25,NaN
84.9280,-0.095971,0.012221,0,57.25,NaN
84.9360,-0.090110,0.015018,0,57.25,NaN
84.9440,-0.090110,0.014594,0,57.25,NaN
84.9520,-0.094994,0.010487,0,57.25,NaN
84.9600,-0.102808,0.003982,0,57.25,NaN
84.9680,-0.112088,-0.029396,0,57.25,NaN
84.9760,-0.123321,-0.041240,0,57.25,NaN
84.9840,-0.131624,-0.050759,0,57.25,NaN
84.9920,-0.132601,-0.056582,0,57.25,NaN
85.0000,-0.129670,-0.058584,0,57.25,NaN
85.0080,-0.125275,-0.057471,0,57.25,NaN
85.0160,-0.123321,-0.054013,0,57.25,NaN
85.0240,-0.118437,-0.048744,0,57.25,NaN
85.0320,-0.110623,-0.042268,0,57.25,NaN
85.0400,-0.101343,-0.035614,0,57.25,NaN
85.0480,-0.092063,-0.030037,0,57.25,NaN
85.0560,-0.086203,-0.026314,0,57.25,NaN
85.0640,-0.087179,-0.024049,0,57.25,NaN
85.0720,-0.092063,0.012223,0,57.25,NaN
85.0800,-0.098901,0.002792,0,57.25,NaN
85.0880,-0.109646,-0.009161,0,57.25,NaN
85.0960,-0.121368,-0.021388,0,57.25,NaN
85.1040,-0.132112,-0.031592,0,57.25,NaN
85.1120,-0.135043,-0.038185,0,57.25,NaN
85.1200,-0.134554,-0.040710,0,57.25,NaN
85.1280,-0.133089,-0.039583,0,57.25,NaN
85.1360,-0.130159,-0.035522,0,57.25,NaN
85.1440,-0.124786,-0.029247,0,57.25,NaN
85.1520,-0.116972,-0.021486,0,57.25,NaN
85.1600,-0.109158,-0.012929,0,57.25,NaN
85.1680,-0.102808,-0.004080,0,57.25,NaN
85.1760,-0.101832,0.008832,0,57.25,NaN
85.1840,-0.106227,0.008393,0,57.25,NaN
85.1920,-0.107692,0.006185,0,57.25,NaN
85.2000,-0.109158,0.003366,0,57.25,NaN
85.2080,-0.110134,0.000958,0,57.25,NaN
85.2160,-0.114530,-0.000088,0,57.25,NaN
85.2240,-0.115507,0.000933,0,57.25,NaN
85.2320,-0.111600,0.003910,0,57.25,NaN
85.2400,-0.105739,0.007611,0,57.25,NaN
85.2480,-0.101832,0.010181,0,57.25,NaN
85.2560,-0.102808,0.010159,0,57.25,NaN
85.2640,-0.106227,0.007259,0,57.25,NaN
85.2720,-0.112576,0.002501,0,57.25,NaN
85.2800,-0.118926,-0.013831,0,57.25,NaN
85.2880,-0.126252,-0.022864,0,57.25,NaN
85.2960,-0.132601,-0.030477,0,57.25,NaN
85.3040,-0.138462,-0.035055,0,57.25,NaN
85.3120,-0.136996,-0.035712,0,57.25,NaN
85.3200,-0.132601,-0.032720,0,57.25,NaN
85.3280,-0.125275,-0.027411,0,57.25,NaN
85.3360,-0.118437,-0.021557,0,57.25,NaN
85.3440,-0.116972,-0.016637,0,57.25,NaN
85.3520,-0.113553,-0.013498,0,57.25,NaN
85.3600,-0.112088,-0.012406,0,57.25,NaN
85.3680,-0.114042,-0.013108,0,57.25,NaN
85.3760,-0.115995,-0.014857,0,57.25,NaN
85.3840,-0.117460,0.005062,0,57.25,NaN
85.3920,-0.120391,0.002004,0,57.25,NaN
85.4000,-0.123321,-0.001239,0,57.25,NaN
85.4080,-0.125763,-0.004138,0,57.25,NaN
85.4160,-0.127228,-0.006167,0,57.25,NaN
85.4240,-0.129182,-0.006934,0,57.25,NaN
85.4320,-0.127228,-0.006359,0,57.25,NaN
85.4400,-0.125275,-0.004793,0,57.25,NaN
85.4480,-0.122833,-0.002886,0,57.25,NaN
85.4560,-0.121368,-0.001292,0,57.25,NaN
85.4640,-0.121856,-0.000413,0,57.25,NaN
85.4720,-0.121368,-0.000299,0,57.25,NaN
85.4800,-0.123321,-0.000674,0,57.25,NaN
85.4880,-0.122344,-0.044638,0,57.25,NaN
85.4960,-0.121856,-0.046280,0,57.25,NaN
85.5040,-0.122344,-0.047367,0,57.25,NaN
85.5120,-0.121368,-0.047496,0,57.25,NaN
85.5200,-0.119414,-0.046315,0,57.25,NaN
85.5280,-0.114530,-0.043709,0,57.25,NaN
85.5360,-0.110134,-0.039844,0,57.25,NaN
85.5440,-0.105739,-0.035110,0,57.25,NaN
85.5520,-0.099878,-0.030125,0,57.25,NaN
85.5600,-0.092552,-0.025755,0,57.25,NaN
85.5680,-0.087668,-0.022834,0,57.25,NaN
85.5760,-0.085714,-0.021656,0,57.25,NaN
85.5840,-0.085714,-0.021676,0,57.25,NaN
85.5920,-0.084249,-0.046839,0,57.25,NaN
85.6000,-0.079365,-0.046250,0,57.25,NaN
85.6080,-0.073504,-0.044447,0,57.25,NaN
85.6160,-0.068620,-0.041686,0,57.25,NaN
85.6240,-0.061783,-0.038565,0,57.25,NaN
85.6320,-0.054457,-0.035857,0,57.25,NaN
85.6400,-0.049573,-0.034224,0,57.25,NaN
85.6480,-0.045177,-0.033807,0,57.25,NaN
85.6560,-0.043712,-0.033963,0,57.25,NaN
85.6640,-0.043223,-0.033399,0,57.25,NaN
85.6720,-0.038339,-0.030829,0,57.25,NaN
85.6800,-0.030037,-0.025801,0,57.25,NaN
85.6880,-0.017827,-0.019121,0,57.25,NaN
85.6960,-0.006105,0.074900,0,57.25,NaN
85.7040,0.008059,0.086059,0,57.25,NaN
85.7120,0.014408,0.093899,0,57.25,NaN
85.7200,0.015873,0.097523,0,57.25,NaN
85.7280,0.015873,0.097161,0,57.25,NaN
85.7360,0.012454,0.093691,0,57.25,NaN
85.7440,0.008547,0.088050,0,57.25,NaN
85.7520,0.008059,0.080925,0,57.25,NaN
85.7600,-0.000244,0.072917,0,57.25,NaN
85.7680,-0.007570,0.064836,0,57.25,NaN
85.7760,-0.013431,0.057532,0,57.25,NaN
85.7840,-0.016361,0.051383,0,57.25,NaN
85.7920,-0.018315,0.046056,0,57.25,NaN
85.8000,-0.017827,0.117985,0,57.25,NaN
85.8080,-0.017827,0.117571,0,57.25,NaN
85.8160,-0.021734,0.114138,0,57.25,NaN
85.8240,-0.029548,0.106607,0,57.25,NaN
85.8320,-0.042247,0.095161,0,57.25,NaN
85.8400,-0.058852,0.081287,0,57.25,NaN
85.8480,-0.073504,0.067280,0,57.25,NaN
85.8560,-0.086691,0.055471,0,57.25,NaN
85.8640,-0.096459,0.047552,0,57.25,NaN
85.8720,-0.101343,0.044166,0,57.25,NaN
85.8800,-0.100855,0.044846,0,57.25,NaN
85.8880,-0.101343,0.048387,0,57.25,NaN
85.8960,-0.100855,0.053378,0,57.25,NaN
85.9040,-0.097436,-0.033989,0,57.25,NaN
85.9120,-0.092063,-0.028919,0,57.25,NaN
85.9200,-0.086691,-0.024237,0,57.25,NaN
85.9280,-0.085714,-0.020671,0,57.25,NaN
85.9360,-0.085714,-0.018342,0,57.25,NaN
85.9440,-0.086203,-0.016907,0,57.25,NaN
85.9520,-0.086203,-0.015965,0,57.25,NaN
85.9600,-0.085714,-0.015347,0,57.25,NaN
85.9680,-0.084737,-0.015089,0,57.25,NaN
85.9760,-0.086203,-0.015117,0,57.25,NaN
85.9840,-0.091575,-0.015008,0,57.25,NaN
85.9920,-0.092552,-0.014277,0,57.25,NaN
86.0000,-0.091087,-0.012938,0,57.25,NaN
86.0080,-0.088645,-0.037456,0,57.25,NaN
86.0160,-0.088156,-0.034686,0,57.25,NaN
86.0240,-0.087179,-0.032172,0,57.25,NaN
86.0320,-0.085714,-0.030450,0,57.25,NaN
86.0400,-0.087668,-0.029681,0,57.25,NaN
86.0480,-0.090110,-0.029542,0,57.25,NaN
86.0560,-0.092552,-0.029423,0,57.25,NaN
86.0640,-0.092063,-0.028806,0,57.25,NaN
86.0720,-0.091575,-0.027459,0,57.25,NaN
86.0800,-0.091575,-0.025344,0,57.25,NaN
86.0880,-0.091087,-0.022496,0,57.25,NaN
86.0960,-0.088156,-0.019056,0,57.25,NaN
86.1040,-0.086691,-0.015298,0,57.25,NaN
86.1120,-0.085714,0.040393,0,57.25,NaN
86.1200,-0.085714,0.044849,0,57.25,NaN
86.1280,-0.084737,0.049133,0,57.25,NaN
86.1360,-0.084249,0.053385,0,57.25,NaN
86.1440,-0.084249,0.057619,0,57.25,NaN
86.1520,-0.080830,0.061573,0,57.25,NaN
86.1600,-0.082295,0.064662,0,57.25,NaN
86.1680,-0.081319,0.066016,0,57.25,NaN
86.1760,-0.082784,0.064574,0,57.25,NaN
86.1840,-0.087179,0.059364,0,57.25,NaN
86.1920,-0.096947,0.050002,0,57.25,NaN
86.2000,-0.109646,0.037052,0,57.25,NaN
86.2080,-0.125275,0.022026,0,57.25,NaN
86.2160,-0.141392,-0.823573,0,57.25,NaN
86.2240,-0.152625,-0.869606,0,57.25,NaN
86.2320,-0.155556,-0.906343,0,57.25,NaN
86.2400,-0.145788,-0.929756,0,57.25,NaN
86.2480,-0.120391,-0.936978,0,57.25,NaN
86.2560,-0.078877,-0.926508,0,57.25,NaN
86.2640,-0.022711,-0.897912,0,57.25,NaN
86.2720,0.046154,-0.851341,0,57.25,NaN
86.2800,0.126740,-0.787431,0,57.25,NaN
86.2880,0.227350,-0.707887,0,57.25,NaN
86.2960,0.344567,-0.616053,0,57.25,NaN
86.3040,0.461783,-0.516426,0,57.25,NaN
86.3120,0.578999,-0.413468,0,57.25,NaN
86.3200,0.695726,0.835022,0,57.25,NaN
86.3280,0.819292,0.922297,0,57.25,NaN
86.3360,0.920391,0.981394,0,57.25,NaN
86.3440,0.938950,1.000000,1,57.25,NaN
86.3520,0.845665,0.973830,1,57.25,NaN
86.3600,0.679609,0.909517,0,57.25,NaN
86.3680,0.499878,0.821601,0,57.25,NaN
86.3760,0.331868,0.726536,0,57.25,NaN
86.3840,0.165812,0.638210,0,57.25,NaN
86.3920,0.023199,0.566245,0,57.25,NaN
86.4000,-0.101343,0.515354,0,57.25,NaN
86.4080,-0.179976,0.484389,0,57.25,NaN
86.4160,-0.217094,0.465807,0,57.25,NaN
86.4240,-0.213187,-0.205641,0,57.25,NaN
86.4320,-0.182418,-0.176290,0,57.25,NaN
86.4400,-0.137485,-0.130128,0,57.25,NaN
86.4480,-0.090110,-0.080342,0,57.25,NaN
86.4560,-0.053968,-0.037599,0,57.25,NaN
86.4640,-0.033455,-0.008351,0,57.25,NaN
86.4720,-0.024664,0.005454,0,57.25,NaN
86.4800,-0.030525,0.005468,0,57.25,NaN
86.4880,-0.040293,-0.004477,0,57.25,NaN
86.4960,-0.059341,-0.019844,0,57.25,NaN
86.5040,-0.074481,-0.036716,0,57.25,NaN
86.5120,-0.085714,-0.052842,0,57.25,NaN
86.5200,-0.094017,-0.067916,0,57.25,NaN
86.5280,-0.100855,-0.129899,0,57.25,NaN
86.5360,-0.102320,-0.136198,0,57.25,NaN
86.5440,-0.102808,-0.139860,0,57.25,NaN
86.5520,-0.101343,-0.141715,0,57.25,NaN
86.5600,-0.101343,-0.142296,0,57.25,NaN
86.5680,-0.101343,-0.141676,0,57.25,NaN
86.5760,-0.100366,-0.139532,0,57.25,NaN
86.5840,-0.100855,-0.135323,0,57.25,NaN
86.5920,-0.099878,-0.128471,0,57.25,NaN
86.6000,-0.100366,-0.118514,0,57.25,NaN
86.6080,-0.101832,-0.105270,0,57.25,NaN
86.6160,-0.103785,-0.089087,0,57.25,NaN
86.6240,-0.104274,-0.071086,0,57.25,NaN
86.6320,-0.105250,-0.148433,0,57.25,NaN
86.6400,-0.106227,-0.129686,0,57.25,NaN
86.6480,-0.103297,-0.109688,0,57.25,NaN
86.6560,-0.102808,-0.090340,0,57.25,NaN
86.6640,-0.102320,-0.073365,0,57.25,NaN
86.6720,-0.101343,-0.059825,0,57.25,NaN
86.6800,-0.101832,-0.050034,0,57.25,NaN
86.6880,-0.101343,-0.043769,0,57.25,NaN
86.6960,-0.098901,-0.040653,0,57.25,NaN
86.7040,-0.094505,-0.040406,0,57.25,NaN
86.7120,-0.092063,-0.042737,0,57.25,NaN
86.7200,-0.092552,-0.047073,0,57.25,NaN
86.7280,-0.091087,-0.052525,0,57.25,NaN
86.7360,-0.093040,-0.011909,0,57.25,NaN
86.7440,-0.093040,-0.013850,0,57.25,NaN
86.7520,-0.092063,-0.015045,0,57.25,NaN
86.7600,-0.092063,-0.015821,0,57.25,NaN
86.7680,-0.092063,-0.016674,0,57.25,NaN
86.7760,-0.094017,-0.017840,0,57.25,NaN
86.7840,-0.098413,-0.019030,0,57.25,NaN
86.7920,-0.099878,-0.019578,0,57.25,NaN
86.8000,-0.099878,-0.018903,0,57.25,NaN
86.8080,-0.095971,-0.016866,0,57.25,NaN
86.8160,-0.092552,-0.013753,0,57.25,NaN
86.8240,-0.088645,-0.010009,0,57.25,NaN
86.8320,-0.084737,-0.006009,0,57.25,NaN
86.8400,-0.083272,-0.003525,0,57.25,NaN
86.8480,-0.083272,-0.004026,0,57.25,NaN
86.8560,-0.085714,-0.005184,0,57.25,NaN
86.8640,-0.086203,-0.005966,0,57.25,NaN
86.8720,-0.085226,-0.005537,0,57.25,NaN
86.8800,-0.082295,-0.003664,0,57.25,NaN
86.8880,-0.077411,-0.000806,0,57.25,NaN
86.8960,-0.073016,0.002118,0,57.25,NaN
86.9040,-0.070085,0.004155,0,57.25,NaN
86.9120,-0.069109,0.004704,0,57.25,NaN
86.9200,-0.069597,0.003653,0,57.25,NaN
86.9280,-0.070085,0.001303,0,57.25,NaN
86.9360,-0.072039,-0.001780,0,57.25,NaN
86.9440,-0.073504,0.000149,0,57.25,NaN
86.9520,-0.073016,-0.001140,0,57.25,NaN
86.9600,-0.074481,-0.001843,0,57.25,NaN
86.9680,-0.071062,-0.001933,0,57.25,NaN
86.9760,-0.070574,-0.001498,0,57.25,NaN
86.9840,-0.069597,-0.000670,0,57.25,NaN
86.9920,-0.066178,0.000354,0,57.25,NaN
87.0000,-0.062759,0.001257,0,57.25,NaN
87.0080,-0.060806,0.001725,0,57.25,NaN
87.0160,-0.060806,0.001640,0,57.25,NaN
87.0240,-0.061783,0.001141,0,57.25,NaN
87.0320,-0.061294,0.000462,0,57.25,NaN
87.0400,-0.060317,-0.000249,0,57.25,NaN
87.0480,-0.056410,0.010054,0,57.25,NaN
87.0560,-0.055433,0.010805,0,57.25,NaN
87.0640,-0.054457,0.010988,0,57.25,NaN
87.0720,-0.054457,0.010379,0,57.25,NaN
87.0800,-0.054457,0.008989,0,57.25,NaN
87.0880,-0.055433,0.007045,0,57.25,NaN
87.0960,-0.056899,0.004954,0,57.25,NaN
87.1040,-0.057387,0.003190,0,57.25,NaN
87.1120,-0.057387,0.002125,0,57.25,NaN
87.1200,-0.055433,0.001934,0,57.25,NaN
87.1280,-0.054457,0.002637,0,57.25,NaN
87.1360,-0.053968,0.004149,0,57.25,NaN
87.1440,-0.049573,0.006184,0,57.25,NaN
87.1520,-0.047619,0.002636,0,57.25,NaN
87.1600,-0.045177,0.003074,0,57.25,NaN
87.1680,-0.046154,0.002704,0,57.25,NaN
87.1760,-0.045665,0.001863,0,57.25,NaN
87.1840,-0.046154,0.001121,0,57.25,NaN
87.1920,-0.045665,0.001026,0,57.25,NaN
87.2000,-0.045177,0.001835,0,57.25,NaN
87.2080,-0.039805,0.003325,0,57.25,NaN
87.2160,-0.038828,0.004880,0,57.25,NaN
87.2240,-0.036386,0.005797,0,57.25,NaN
87.2320,-0.033944,0.005576,0,57.25,NaN
87.2400,-0.036386,0.004143,0,57.25,NaN
87.2480,-0.037363,0.001937,0,57.25,NaN
87.2560,-0.039316,0.009296,0,57.25,NaN
87.2640,-0.039316,0.008299,0,57.25,NaN
87.2720,-0.038339,0.008553,0,57.25,NaN
87.2800,-0.036874,0.010160,0,57.25,NaN
87.2880,-0.032479,0.012812,0,57.25,NaN
87.2960,-0.030037,0.015880,0,57.25,NaN
87.3040,-0.026618,0.018560,0,57.25,NaN
87.3120,-0.023199,0.020049,0,57.25,NaN
87.3200,-0.023687,0.019786,0,57.25,NaN
87.3280,-0.026129,0.017669,0,57.25,NaN
87.3360,-0.028571,0.014005,0,57.25,NaN
87.3440,-0.031990,0.009286,0,57.25,NaN
87.3520,-0.035897,0.004039,0,57.25,NaN
87.3600,-0.038828,0.051519,0,57.25,NaN
87.3680,-0.038828,0.051508,0,57.25,NaN
87.3760,-0.038828,0.051704,0,57.25,NaN
87.3840,-0.039316,0.051180,0,57.25,NaN
87.3920,-0.043223,0.049238,0,57.25,NaN
87.4000,-0.048107,0.045756,0,57.25,NaN
87.4080,-0.054457,0.041210,0,57.25,NaN
87.4160,-0.060806,0.036422,0,57.25,NaN
87.4240,-0.066667,0.032209,0,57.25,NaN
87.4320,-0.071062,0.029047,0,57.25,NaN
87.4400,-0.072527,0.026886,0,57.25,NaN
87.4480,-0.074481,0.025308,0,57.25,NaN
87.4560,-0.079365,0.023929,0,57.25,NaN
87.4640,-0.082784,0.003835,0,57.25,NaN
87.4720,-0.085714,0.000893,0,57.25,NaN
87.4800,-0.090110,-0.002792,0,57.25,NaN
87.4880,-0.094994,-0.007214,0,57.25,NaN
87.4960,-0.101343,-0.012030,0,57.25,NaN
87.5040,-0.106716,-0.016571,0,57.25,NaN
87.5120,-0.112088,-0.019975,0,57.25,NaN
87.5200,-0.116484,-0.021421,0,57.25,NaN
87.5280,-0.116972,-0.020447,0,57.25,NaN
87.5360,-0.116484,-0.017223,0,57.25,NaN
87.5440,-0.110623,-0.012544,0,57.25,NaN
87.5520,-0.107204,-0.007397,0,57.25,NaN
87.5600,-0.108181,-0.002304,0,57.25,NaN
87.5680,-0.108181,-0.003435,0,57.25,NaN
87.5760,-0.109646,-0.002529,0,57.25,NaN
87.5840,-0.111600,-0.002393,0,57.25,NaN
87.5920,-0.114530,-0.002535,0,57.25,NaN
87.6000,-0.116972,-0.002611,0,57.25,NaN
87.6080,-0.117460,-0.002575,0,57.25,NaN
87.6160,-0.119414,-0.002624,0,57.25,NaN
87.6240,-0.122833,-0.002926,0,57.25,NaN
87.6320,-0.125763,-0.003426,0,57.25,NaN
87.6400,-0.129182,-0.003869,0,57.25,NaN
87.6480,-0.132601,-0.003935,0,57.25,NaN
87.6560,-0.135043,-0.003436,0,57.25,NaN
87.6640,-0.135531,-0.002504,0,57.25,NaN
87.6720,-0.136020,-0.041316,0,57.25,NaN
87.6800,-0.135043,-0.039056,0,57.25,NaN
87.6880,-0.132601,-0.035890,0,57.25,NaN
87.6960,-0.130159,-0.032398,0,57.25,NaN
87.7040,-0.127717,-0.029242,0,57.25,NaN
87.7120,-0.125763,-0.026955,0,57.25,NaN
87.7200,-0.125763,-0.025727,0,57.25,NaN
87.7280,-0.126252,-0.025296,0,57.25,NaN
87.7360,-0.128205,-0.025039,0,57.25,NaN
87.7440,-0.127717,-0.024284,0,57.25,NaN
87.7520,-0.126252,-0.022631,0,57.25,NaN
87.7600,-0.124298,-0.020093,0,57.25,NaN
87.7680,-0.121368,-0.017028,0,57.25,NaN
87.7760,-0.116972,0.023548,0,57.25,NaN
87.7840,-0.112576,0.028681,0,57.25,NaN
87.7920,-0.108669,0.031716,0,57.25,NaN
87.8000,-0.110623,0.031759,0,57.25,NaN
87.8080,-0.116484,0.028766,0,57.25,NaN
87.8160,-0.121856,0.023476,0,57.25,NaN
87.8240,-0.127717,0.017008,0,57.25,NaN
87.8320,-0.133089,0.010624,0,57.25,NaN
87.8400,-0.140904,0.005696,0,57.25,NaN
87.8480,-0.144811,0.003512,0,57.25,NaN
87.8560,-0.144811,0.004791,0,57.25,NaN
87.8640,-0.141392,0.009262,0,57.25,NaN
87.8720,-0.135531,0.015642,0,57.25,NaN
87.8800,-0.132601,-0.011369,0,57.25,NaN
87.8880,-0.132601,-0.007919,0,57.25,NaN
87.8960,-0.130159,-0.004555,0,57.25,NaN
87.9040,-0.127228,-0.000820,0,57.25,NaN
87.9120,-0.124786,0.003573,0,57.25,NaN
87.9200,-0.118437,0.008479,0,57.25,NaN
87.9280,-0.115507,0.013264,0,57.25,NaN
87.9360,-0.110134,0.016940,0,57.25,NaN
87.9440,-0.107692,0.018437,0,57.25,NaN
87.9520,-0.108181,0.016992,0,57.25,NaN
87.9600,-0.112576,0.012516,0,57.25,NaN
87.9680,-0.119414,0.005655,0,57.25,NaN
87.9760,-0.125275,-0.002481,0,57.25,NaN
87.9840,-0.125275,-0.007481,0,57.25,NaN
87.9920,-0.124298,-0.008688,0,57.25,NaN
88.0000,-0.122344,-0.008363,0,57.25,NaN
88.0080,-0.121856,-0.007224,0,57.25,NaN
88.0160,-0.119414,-0.005903,0,57.25,NaN
88.0240,-0.118437,-0.004823,0,57.25,NaN
88.0320,-0.117460,-0.004162,0,57.25,NaN
88.0400,-0.116972,-0.003865,0,57.25,NaN
88.0480,-0.116972,-0.003734,0,57.25,NaN
88.0560,-0.116484,-0.003587,0,57.25,NaN
88.0640,-0.114530,-0.003400,0,57.25,NaN
88.0720,-0.113553,-0.003272,0,57.25,NaN
88.0800,-0.114042,-0.003245,0,57.25,NaN
88.0880,-0.115507,0.014485,0,57.25,NaN
88.0960,-0.114530,0.015804,0,57.25,NaN
88.1040,-0.111600,0.017559,0,57.25,NaN
88.1120,-0.109646,0.019499,0,57.25,NaN
88.1200,-0.109158,0.021457,0,57.25,NaN
88.1280,-0.109646,0.023500,0,57.25,NaN
88.1360,-0.108181,0.025661,0,57.25,NaN
88.1440,-0.104762,0.027531,0,57.25,NaN
88.1520,-0.101832,0.028197,0,57.25,NaN
88.1600,-0.101832,0.026679,0,57.25,NaN
88.1680,-0.106227,0.022515,0,57.25,NaN
88.1760,-0.112576,0.016048,0,57.25,NaN
88.1840,-0.119414,0.008275,0,57.25,NaN
88.1920,-0.129670,-0.006397,0,57.25,NaN
88.2000,-0.136020,-0.014013,0,57.25,NaN
88.2080,-0.140904,-0.018248,0,57.25,NaN
88.2160,-0.141392,-0.018087,0,57.25,NaN
88.2240,-0.136020,-0.013585,0,57.25,NaN
88.2320,-0.128694,-0.005940,0,57.25,NaN
88.2400,-0.119902,0.002840,0,57.25,NaN
88.2480,-0.113553,0.010493,0,57.25,NaN
88.2560,-0.109158,0.015040,0,57.25,NaN
88.2640,-0.109646,0.015167,0,57.25,NaN
88.2720,-0.112576,0.010473,0,57.25,NaN
88.2800,-0.120391,0.001616,0,57.25,NaN
88.2880,-0.132112,-0.009677,0,57.25,NaN
88.2960,-0.140415,-0.025335,0,57.25,NaN
88.3040,-0.146764,-0.031280,0,57.25,NaN
88.3120,-0.145788,-0.032937,0,57.25,NaN
88.3200,-0.140904,-0.030629,0,57.25,NaN
88.3280,-0.135043,-0.025661,0,57.25,NaN
88.3360,-0.131624,-0.019626,0,57.25,NaN
88.3440,-0.124786,-0.013979,0,57.25,NaN
88.3520,-0.120391,-0.009890,0,57.25,NaN
88.3600,-0.118437,-0.008044,0,57.25,NaN
88.3680,-0.119414,-0.008434,0,57.25,NaN
88.3760,-0.123321,-0.010426,0,57.25,NaN
88.3840,-0.125275,-0.013180,0,57.25,NaN
88.3920,-0.125763,-0.016134,0,57.25,NaN
88.4000,-0.123810,0.002624,0,57.25,NaN
88.4080,-0.119414,0.008673,0,57.25,NaN
88.4160,-0.110623,0.016307,0,57.25,NaN
88.4240,-0.101832,0.023493,0,57.25,NaN
88.4320,-0.096947,0.028116,0,57.25,NaN
88.4400,-0.096947,0.028953,0,57.25,NaN
88.4480,-0.102320,0.026223,0,57.25,NaN
88.4560,-0.110134,0.021402,0,57.25,NaN
88.4640,-0.116972,0.016387,0,57.25,NaN
88.4720,-0.118437,0.012512,0,57.25,NaN
88.4800,-0.118437,0.010102,0,57.25,NaN
88.4880,-0.120391,0.008771,0,57.25,NaN
88.4960,-0.121368,0.007954,0,57.25,NaN
88.5040,-0.124298,-0.018584,0,57.25,NaN
88.5120,-0.126252,-0.021710,0,57.25,NaN
88.5200,-0.128694,-0.023944,0,57.25,NaN
88.5280,-0.128205,-0.024468,0,57.25,NaN
88.5360,-0.126252,-0.022755,0,57.25,NaN
88.5440,-0.122344,-0.018812,0,57.25,NaN
88.5520,-0.116484,-0.013280,0,57.25,NaN
88.5600,-0.110134,-0.007361,0,57.25,NaN
88.5680,-0.104274,-0.002552,0,57.25,NaN
88.5760,-0.101343,-0.000220,0,57.25,NaN
88.5840,-0.101343,-0.001166,0,57.25,NaN
88.5920,-0.101832,-0.005298,0,57.25,NaN
88.6000,-0.109646,-0.011448,0,57.25,NaN
88.6080,-0.115995,-0.029229,0,57.25,NaN
88.6160,-0.119902,-0.035217,0,57.25,NaN
88.6240,-0.117949,-0.039024,0,57.25,NaN
88.6320,-0.116972,-0.040490,0,57.25,NaN
88.6400,-0.116972,-0.039905,0,57.25,NaN
88.6480,-0.112576,-0.037780,0,57.25,NaN
88.6560,-0.106716,-0.034868,0,57.25,NaN
88.6640,-0.101832,-0.031964,0,57.25,NaN
88.6720,-0.099878,-0.029493,0,57.25,NaN
88.6800,-0.095971,-0.027309,0,57.25,NaN
88.6880,-0.094994,-0.024881,0,57.25,NaN
88.6960,-0.091087,-0.021741,0,57.25,NaN
88.7040,-0.083272,-0.017966,0,57.25,NaN
88.7120,-0.070085,-0.057152,0,57.25,NaN
88.7200,-0.060806,-0.051241,0,57.25,NaN
88.7280,-0.053968,-0.046934,0,57.25,NaN
88.7360,-0.048596,-0.044952,0,57.25,NaN
88.7440,-0.045665,-0.045032,0,57.25,NaN
88.7520,-0.045177,-0.045959,0,57.25,NaN
88.7600,-0.045177,-0.045987,0,57.25,NaN
88.7680,-0.039805,-0.043708,0,57.25,NaN
88.7760,-0.028571,-0.038926,0,57.25,NaN
88.7840,-0.014896,-0.032778,0,57.25,NaN
88.7920,-0.005128,-0.026934,0,57.25,NaN
88.8000,0.004640,-0.022483,0,57.25,NaN
88.8080,0.007570,-0.019281,0,57.25,NaN
88.8160,0.008059,0.149132,0,57.25,NaN
88.8240,0.008059,0.150815,0,57.25,NaN
88.8320,0.008059,0.148791,0,57.25,NaN
88.8400,0.003175,0.142685,0,57.25,NaN
88.8480,-0.008059,0.132667,0,57.25,NaN
88.8560,-0.022711,0.119938,0,57.25,NaN
88.8640,-0.038828,0.106538,0,57.25,NaN
88.8720,-0.052015,0.094614,0,57.25,NaN
88.8800,-0.062271,0.085590,0,57.25,NaN
88.8880,-0.067643,0.079680,0,57.25,NaN
88.8960,-0.070085,0.075976,0,57.25,NaN
88.9040,-0.071551,0.073164,0,57.25,NaN
88.9120,-0.080830,0.070447,0,57.25,NaN
88.9200,-0.094017,0.017896,0,57.25,NaN
88.9280,-0.106716,0.005799,0,57.25,NaN
88.9360,-0.119414,-0.005550,0,57.25,NaN
88.9440,-0.127717,-0.014303,0,57.25,NaN
88.9520,-0.132601,-0.019436,0,57.25,NaN
88.9600,-0.132601,-0.020942,0,57.25,NaN
88.9680,-0.132601,-0.019573,0,57.25,NaN
88.9760,-0.132112,-0.016395,0,57.25,NaN
88.9840,-0.129182,-0.012537,0,57.25,NaN
88.9920,-0.126252,-0.009061,0,57.25,NaN
89.0000,-0.125763,-0.006714,0,57.25,NaN
89.0080,-0.127717,-0.005634,0,57.25,NaN
89.0160,-0.130159,-0.005337,0,57.25,NaN
89.0240,-0.132601,-0.048157,0,57.25,NaN
89.0320,-0.132601,-0.048886,0,57.25,NaN
89.0400,-0.133578,-0.048841,0,57.25,NaN
89.0480,-0.134066,-0.048058,0,57.25,NaN
89.0560,-0.132601,-0.046738,0,57.25,NaN
89.0640,-0.132601,-0.045129,0,57.25,NaN
89.0720,-0.132601,-0.043380,0,57.25,NaN
89.0800,-0.132112,-0.041484,0,57.25,NaN
89.0880,-0.132601,-0.039306,0,57.25,NaN
89.0960,-0.132601,-0.036631,0,57.25,NaN
89.1040,-0.132601,-0.033246,0,57.25,NaN
89.1120,-0.133089,-0.029079,0,57.25,NaN
89.1200,-0.130159,-0.024368,0,57.25,NaN
89.1280,-0.127717,-0.033820,0,57.25,NaN
89.1360,-0.123321,-0.027917,0,57.25,NaN
89.1440,-0.117460,-0.022943,0,57.25,NaN
89.1520,-0.116972,-0.019961,0,57.25,NaN
89.1600,-0.118437,-0.019292,0,57.25,NaN
89.1680,-0.121856,-0.020301,0,57.25,NaN
89.1760,-0.125763,-0.021707,0,57.25,NaN
89.1840,-0.129182,-0.022214,0,57.25,NaN
89.1920,-0.124786,-0.021180,0,57.25,NaN
89.2000,-0.123321,-0.018828,0,57.25,NaN
89.2080,-0.119902,-0.015856,0,57.25,NaN
89.2160,-0.117460,-0.012893,0,57.25,NaN
89.2240,-0.116972,-0.010147,0,57.25,NaN
89.2320,-0.116972,0.054878,0,57.25,NaN
89.2400,-0.119414,0.055988,0,57.25,NaN
89.2480,-0.122833,0.056479,0,57.25,NaN
89.2560,-0.124298,0.056699,0,57.25,NaN
89.2640,-0.123810,0.056357,0,57.25,NaN
89.2720,-0.124786,0.054603,0,57.25,NaN
89.2800,-0.129182,0.050645,0,57.25,NaN
89.2880,-0.136996,0.044453,0,57.25,NaN
89.2960,-0.147253,0.037052,0,57.25,NaN
89.3040,-0.157509,0.030228,0,57.25,NaN
89.3120,-0.165324,0.025781,0,57.25,NaN
89.3200,-0.171184,0.024557,0,57.25,NaN
89.3280,-0.165324,0.025698,0,57.25,NaN
89.3360,-0.142857,-1.000000,0,57.25,NaN
89.3440,-0.101343,-0.998692,0,57.25,NaN
89.3520,-0.041270,-0.978623,0,57.25,NaN
89.3600,0.032479,-0.940567,0,57.25,NaN
89.3680,0.120879,-0.886549,0,57.25,NaN
89.3760,0.222466,-0.819771,0,57.25,NaN
89.3840,0.335775,-0.744681,0,57.25,NaN
89.3920,0.447131,-0.666803,0,57.25,NaN
89.4000,0.556532,-0.592464,0,57.25,NaN
89.4080,0.664469,-0.528693,0,57.25,NaN
89.4160,0.778266,-0.482296,0,57.25,NaN
89.4240,0.867643,-0.456267,0,57.25,NaN
89.4320,0.884737,-0.444965,0,57.25,NaN
89.4400,0.805128,0.956987,1,57.25,NaN
89.4480,0.652259,0.864582,0,57.25,NaN
89.4560,0.487179,0.739097,0,57.25,NaN
89.4640,0.322100,0.599682,0,57.25,NaN
89.4720,0.161905,0.463463,0,57.25,NaN
89.4800,0.012943,0.344200,0,57.25,NaN
89.4880,-0.112576,0.252366,0,57.25,NaN
89.4960,-0.193651,0.194666,0,57.25,NaN
89.5040,-0.231258,0.173132,0,57.25,NaN
89.5120,-0.231746,0.184999,0,57.25,NaN
89.5200,-0.203419,0.223794,0,57.25,NaN
89.5280,-0.158486,0.281037,0,57.25,NaN
89.5360,-0.109158,0.347716,0,57.25,NaN
89.5440,-0.069597,0.021958,0,57.25,NaN
89.5520,-0.043223,0.056973,0,57.25,NaN
89.5600,-0.036386,0.075524,0,57.25,NaN
89.5680,-0.041758,0.079115,0,57.25,NaN
89.5760,-0.054457,0.071944,0,57.25,NaN
89.5840,-0.070085,0.059058,0,57.25,NaN
89.5920,-0.085714,0.044996,0,57.25,NaN
89.6000,-0.099878,0.033055,0,57.25,NaN
89.6080,-0.108181,0.025017,0,57.25,NaN
89.6160,-0.112088,0.021207,0,57.25,NaN
89.6240,-0.113553,0.020920,0,57.25,NaN
89.6320,-0.114530,0.023015,0,57.25,NaN
89.6400,-0.114530,0.026318,0,57.25,NaN
89.6480,-0.115507,-0.251589,0,57.25,NaN
89.6560,-0.114530,-0.255164,0,57.25,NaN
89.6640,-0.112088,-0.256393,0,57.25,NaN
89.6720,-0.109158,-0.255001,0,57.25,NaN
89.6800,-0.107204,-0.250917,0,57.25,NaN
89.6880,-0.102808,-0.244229,0,57.25,NaN
89.6960,-0.101343,-0.235040,0,57.25,NaN
89.7040,-0.101343,-0.223273,0,57.25,NaN
89.7120,-0.101832,-0.208661,0,57.25,NaN
89.7200,-0.102808,-0.191013,0,57.25,NaN
89.7280,-0.102808,-0.170524,0,57.25,NaN
89.7360,-0.103297,-0.147870,0,57.25,NaN
89.7440,-0.101832,-0.124086,0,57.25,NaN
89.7520,-0.100366,-0.026792,0,57.25,NaN
89.7600,-0.097924,-0.011035,0,57.25,NaN
89.7680,-0.094505,0.000757,0,57.25,NaN
89.7760,-0.094017,0.007829,0,57.25,NaN
89.7840,-0.094017,0.010180,0,57.25,NaN
89.7920,-0.095482,0.008695,0,57.25,NaN
89.8000,-0.098901,0.004997,0,57.25,NaN
89.8080,-0.100855,0.000953,0,57.25,NaN
89.8160,-0.097924,-0.002018,0,57.25,NaN
89.8240,-0.094017,-0.003329,0,57.25,NaN
89.8320,-0.093040,-0.003021,0,57.25,NaN
89.8400,-0.091575,-0.001427,0,57.25,NaN
89.8480,-0.088645,0.000893,0,57.25,NaN
89.8560,-0.084737,-0.011842,0,57.25,NaN
89.8640,-0.078877,-0.008216,0,57.25,NaN
89.8720,-0.078388,-0.005861,0,57.25,NaN
89.8800,-0.078388,-0.005262,0,57.25,NaN
89.8880,-0.078388,-0.006281,0,57.25,NaN
89.8960,-0.080342,-0.008265,0,57.25,NaN
89.9040,-0.083272,-0.010240,0,57.25,NaN
89.9120,-0.082295,-0.011285,0,57.25,NaN
89.9200,-0.080342,-0.010938,0,57.25,NaN
89.9280,-0.075946,-0.009315,0,57.25,NaN
89.9360,-0.071551,-0.006869,0,57.25,NaN
89.9440,-0.069109,-0.004041,0,57.25,NaN
89.9520,-0.064713,-0.001094,0,57.25,NaN
89.9600,-0.063736,0.007938,0,57.25,NaN
89.9680,-0.061294,0.008469,0,57.25,NaN
89.9760,-0.060806,0.008508,0,57.25,NaN
89.9840,-0.059341,0.008323,0,57.25,NaN
89.9920,-0.061783,0.008240,0,57.25,NaN
90.0000,-0.059341,0.008442,0,57.25,NaN
90.0080,-0.054945,0.008783,0,57.25,NaN
90.0160,-0.054457,0.008916,0,57.25,NaN
90.0240,-0.054457,0.008613,0,57.25,NaN
90.0320,-0.054457,0.007896,0,57.25,NaN
90.0400,-0.054945,0.006921,0,57.25,NaN
90.0480,-0.054457,0.005837,0,57.25,NaN
90.0560,-0.054457,0.004721,0,57.25,NaN
90.0640,-0.053480,0.004609,0,57.25,NaN
90.0720,-0.051526,0.006121,0,57.25,NaN
90.0800,-0.047619,0.008331,0,57.25,NaN
90.0880,-0.043223,0.010518,0,57.25,NaN
90.0960,-0.040293,0.011845,0,57.25,NaN
90.1040,-0.039316,0.011760,0,57.25,NaN
90.1120,-0.039316,0.010253,0,57.25,NaN
90.1200,-0.041270,0.007883,0,57.25,NaN
90.1280,-0.044200,0.005547,0,57.25,NaN
90.1360,-0.043712,0.004028,0,57.25,NaN
90.1440,-0.040781,0.003594,0,57.25,NaN
90.1520,-0.038828,0.004003,0,57.25,NaN
90.1600,-0.037363,0.004820,0,57.25,NaN
90.1680,-0.035409,0.005086,0,57.25,NaN
90.1760,-0.033455,0.005506,0,57.25,NaN
90.1840,-0.032967,0.005411,0,57.25,NaN
90.1920,-0.033455,0.004916,0,57.25,NaN
90.2000,-0.032479,0.004226,0,57.25,NaN
90.2080,-0.031502,0.003464,0,57.25,NaN
90.2160,-0.030525,0.002632,0,57.25,NaN
90.2240,-0.029548,0.001724,0,57.25,NaN
90.2320,-0.029060,0.000872,0,57.25,NaN
90.2400,-0.030037,0.000404,0,57.25,NaN
90.2480,-0.029548,0.000671,0,57.25,NaN
90.2560,-0.025153,0.001739,0,57.25,NaN
90.2640,-0.023199,0.003297,0,57.25,NaN
90.2720,-0.023199,-0.001817,0,57.25,NaN
90.2800,-0.023687,-0.003337,0,57.25,NaN
90.2880,-0.027595,-0.004939,0,57.25,NaN
90.2960,-0.024664,-0.005902,0,57.25,NaN
90.3040,-0.024176,-0.005794,0,57.25,NaN
90.3120,-0.022222,-0.004570,0,57.25,NaN
90.3200,-0.018315,-0.002523,0,57.25,NaN
90.3280,-0.015385,-0.000216,0,57.25,NaN
90.3360,-0.011966,0.001672,0,57.25,NaN
90.3440,-0.009035,0.002537,0,57.25,NaN
90.3520,-0.009035,0.002063,0,57.25,NaN
90.3600,-0.009035,0.000357,0,57.25,NaN
90.3680,-0.010501,-0.002085,0,57.25,NaN
90.3760,-0.010012,0.027182,0,57.25,NaN
90.3840,-0.009035,0.027728,0,57.25,NaN
90.3920,-0.009524,0.029120,0,57.25,NaN
90.4000,-0.007570,0.031217,0,57.25,NaN
90.4080,-0.004640,0.033427,0,57.25,NaN
90.4160,-0.001709,0.034803,0,57.25,NaN
90.4240,-0.001221,0.034483,0,57.25,NaN
90.4320,-0.005128,0.032195,0,57.25,NaN
90.4400,-0.009035,0.028401,0,57.25,NaN
90.4480,-0.014408,0.024013,0,57.25,NaN
90.4560,-0.018315,0.019891,0,57.25,NaN
90.4640,-0.020269,0.016442,0,57.25,NaN
90.4720,-0.022222,0.013515,0,57.25,NaN
90.4800,-0.024664,0.029933,0,57.25,NaN
90.4880,-0.027595,0.027334,0,57.25,NaN
90.4960,-0.031013,0.023913,0,57.25,NaN
90.5040,-0.036874,0.019764,0,57.25,NaN
90.5120,-0.041758,0.015389,0,57.25,NaN
90.5200,-0.048107,0.011501,0,57.25,NaN
90.5280,-0.051038,0.008718,0,57.25,NaN
90.5360,-0.052991,0.007304,0,57.25,NaN
90.5440,-0.054457,0.007124,0,57.25,NaN
90.5520,-0.054457,0.007778,0,57.25,NaN
90.5600,-0.054457,0.008788,0,57.25,NaN
90.5680,-0.055433,0.009802,0,57.25,NaN
90.5760,-0.056899,0.010732,0,57.25,NaN
90.5840,-0.060806,0.019558,0,57.25,NaN
90.5920,-0.064713,0.017711,0,57.25,NaN
90.6000,-0.070085,0.015914,0,57.25,NaN
90.6080,-0.073016,0.014719,0,57.25,NaN
90.6160,-0.074969,0.014214,0,57.25,NaN
90.6240,-0.074969,0.013978,0,57.25,NaN
90.6320,-0.076923,0.013442,0,57.25,NaN
90.6400,-0.084249,0.012367,0,57.25,NaN
90.6480,-0.086691,0.010916,0,57.25,NaN
90.6560,-0.091087,0.009361,0,57.25,NaN
90.6640,-0.094994,0.007903,0,57.25,NaN
90.6720,-0.099878,0.006653,0,57.25,NaN
90.6800,-0.102808,0.005597,0,57.25,NaN
90.6880,-0.103785,-0.056975,0,57.25,NaN
90.6960,-0.103297,-0.057967,0,57.25,NaN
90.7040,-0.104274,-0.058626,0,57.25,NaN
90.7120,-0.107692,-0.059008,0,57.25,NaN
90.7200,-0.108669,-0.058896,0,57.25,NaN
90.7280,-0.108181,-0.058136,0,57.25,NaN
90.7360,-0.106227,-0.056834,0,57.25,NaN
90.7440,-0.104274,-0.055157,0,57.25,NaN
90.7520,-0.104762,-0.052949,0,57.25,NaN
90.7600,-0.103785,-0.049588,0,57.25,NaN
90.7680,-0.101832,-0.044312,0,57.25,NaN
90.7760,-0.096947,-0.036838,0,57.25,NaN
90.7840,-0.086203,-0.027851,0,57.25,NaN
90.7920,-0.080342,0.029086,0,57.25,NaN
90.8000,-0.076435,0.036796,0,57.25,NaN
90.8080,-0.071551,0.041143,0,57.25,NaN
90.8160,-0.073016,0.041435,0,57.25,NaN
90.8240,-0.081807,0.038041,0,57.25,NaN
90.8320,-0.088156,0.032310,0,57.25,NaN
90.8400,-0.097924,0.025959,0,57.25,NaN
90.8480,-0.102320,0.020434,0,57.25,NaN
90.8560,-0.108181,0.016589,0,57.25,NaN
90.8640,-0.109646,0.014727,0,57.25,NaN
90.8720,-0.112576,0.014834,0,57.25,NaN
90.8800,-0.116972,0.016706,0,57.25,NaN
90.8880,-0.112576,0.019724,0,57.25,NaN
90.8960,-0.110623,-0.025733,0,57.25,NaN
90.9040,-0.108669,-0.021503,0,57.25,NaN
90.9120,-0.101832,-0.017327,0,57.25,NaN
90.9200,-0.098901,-0.014332,0,57.25,NaN
90.9280,-0.097924,-0.013351,0,57.25,NaN
90.9360,-0.098413,-0.014513,0,57.25,NaN
90.9440,-0.102320,-0.017119,0,57.25,NaN
90.9520,-0.106227,-0.019846,0,57.25,NaN
90.9600,-0.108181,-0.021298,0,57.25,NaN
90.9680,-0.104762,-0.020619,0,57.25,NaN
90.9760,-0.101832,-0.017727,0,57.25,NaN
90.9840,-0.096459,-0.013123,0,57.25,NaN
90.9920,-0.091087,-0.007617,0,57.25,NaN
91.0000,-0.085714,0.029732,0,57.25,NaN
91.0080,-0.082295,0.031389,0,57.25,NaN
91.0160,-0.085714,0.028723,0,57.25,NaN
91.0240,-0.094017,0.021841,0,57.25,NaN
91.0320,-0.102320,0.011992,0,57.25,NaN
91.0400,-0.115507,0.001130,0,57.25,NaN
91.0480,-0.122833,-0.008659,0,57.25,NaN
91.0560,-0.128205,-0.015637,0,57.25,NaN
91.0640,-0.132601,-0.018549,0,57.25,NaN
91.0720,-0.132112,-0.016630,0,57.25,NaN
91.0800,-0.127228,-0.009782,0,57.25,NaN
91.0880,-0.118926,0.001191,0,57.25,NaN
91.0960,-0.106716,0.014546,0,57.25,NaN
91.1040,-0.093529,0.023825,0,57.25,NaN
91.1120,-0.083761,0.035428,0,57.25,NaN
91.1200,-0.076435,0.041854,0,57.25,NaN
91.1280,-0.077900,0.041881,0,57.25,NaN
91.1360,-0.085714,0.036150,0,57.25,NaN
91.1440,-0.098413,0.027092,0,57.25,NaN
91.1520,-0.109158,0.018022,0,57.25,NaN
91.1600,-0.116972,0.011805,0,57.25,NaN
91.1680,-0.116972,0.009716,0,57.25,NaN
91.1760,-0.110134,0.011126,0,57.25,NaN
91.1840,-0.106227,0.014297,0,57.25,NaN
91.1920,-0.105739,0.017720,0,57.25,NaN
91.2000,-0.105739,0.020876,0,57.25,NaN
91.2080,-0.108181,-0.019186,0,57.25,NaN
91.2160,-0.113553,-0.026145,0,57.25,NaN
91.2240,-0.121368,-0.034716,0,57.25,NaN
91.2320,-0.127228,-0.042949,0,57.25,NaN
91.2400,-0.135043,-0.048436,0,57.25,NaN
91.2480,-0.138950,-0.048977,0,57.25,NaN
91.2560,-0.133089,-0.043652,0,57.25,NaN
91.2640,-0.119414,-0.033710,0,57.25,NaN
91.2720,-0.103785,-0.022354,0,57.25,NaN
91.2800,-0.093529,-0.013366,0,57.25,NaN
91.2880,-0.088645,-0.009434,0,57.25,NaN
91.2960,-0.091087,-0.011024,0,57.25,NaN
91.3040,-0.099878,-0.016178,0,57.25,NaN
91.3120,-0.106716,0.013148,0,57.25,NaN
91.3200,-0.115995,0.007213,0,57.25,NaN
91.3280,-0.116972,0.003872,0,57.25,NaN
91.3360,-0.116484,0.003647,0,57.25,NaN
91.3440,-0.111600,0.005832,0,57.25,NaN
91.3520,-0.109158,0.009152,0,57.25,NaN
91.3600,-0.108181,0.012382,0,57.25,NaN
91.3680,-0.104274,0.014545,0,57.25,NaN
91.3760,-0.102320,0.014917,0,57.25,NaN
91.3840,-0.104274,0.013234,0,57.25,NaN
91.3920,-0.110134,0.009880,0,57.25,NaN
91.4000,-0.114042,0.005610,0,57.25,NaN
91.4080,-0.116972,0.001041,0,57.25,NaN
91.4160,-0.122344,-0.006312,0,57.25,NaN
91.4240,-0.126252,-0.006831,0,57.25,NaN
91.4320,-0.125763,-0.003287,0,57.25,NaN
91.4400,-0.119414,0.004278,0,57.25,NaN
91.4480,-0.107204,0.014280,0,57.25,NaN
91.4560,-0.096459,0.024017,0,57.25,NaN
91.4640,-0.088156,0.030800,0,57.25,NaN
91.4720,-0.090598,0.033098,0,57.25,NaN
91.4800,-0.094505,0.030899,0,57.25,NaN
91.4880,-0.100855,0.025160,0,57.25,NaN
91.4960,-0.106227,0.017024,0,57.25,NaN
91.5040,-0.115507,0.007446,0,57.25,NaN
91.5120,-0.123810,-0.002802,0,57.25,NaN
91.5200,-0.127717,-0.034815,0,57.25,NaN
91.5280,-0.132112,-0.038246,0,57.25,NaN
91.5360,-0.132112,-0.037253,0,57.25,NaN
91.5440,-0.124298,-0.032065,0,57.25,NaN
91.5520,-0.113065,-0.024105,0,57.25,NaN
91.5600,-0.102320,-0.015500,0,57.25,NaN
91.5680,-0.096459,-0.008166,0,57.25,NaN
91.5760,-0.093529,-0.003236,0,57.25,NaN
91.5840,-0.091087,-0.001136,0,57.25,NaN
91.5920,-0.090110,-0.001923,0,57.25,NaN
91.6000,-0.093529,-0.005415,0,57.25,NaN
91.6080,-0.095971,-0.011097,0,57.25,NaN
91.6160,-0.102808,-0.018044,0,57.25,NaN
91.6240,-0.111111,-0.011248,0,57.25,NaN
91.6320,-0.117949,-0.018482,0,57.25,NaN
91.6400,-0.121368,-0.023098,0,57.25,NaN
91.6480,-0.121856,-0.024192,0,57.25,NaN
91.6560,-0.118926,-0.021747,0,57.25,NaN
91.6640,-0.113553,-0.016652,0,57.25,NaN
91.6720,-0.104762,-0.010467,0,57.25,NaN
91.6800,-0.100855,-0.004937,0,57.25,NaN
91.6880,-0.096459,-0.001445,0,57.25,NaN
91.6960,-0.095482,-0.000688,0,57.25,NaN
91.7040,-0.097924,-0.002594,0,57.25,NaN
91.7120,-0.101343,-0.006463,0,57.25,NaN
91.7200,-0.103785,-0.011323,0,57.25,NaN
91.7280,-0.104762,-0.065705,0,57.25,NaN
91.7360,-0.103297,-0.068899,0,57.25,NaN
91.7440,-0.101832,-0.069965,0,57.25,NaN
91.7520,-0.099878,-0.068720,0,57.25,NaN
91.7600,-0.091575,-0.065325,0,57.25,NaN
91.7680,-0.085226,-0.060300,0,57.25,NaN
91.7760,-0.077900,-0.054313,0,57.25,NaN
91.7840,-0.070085,-0.047995,0,57.25,NaN
91.7920,-0.062271,-0.041951,0,57.25,NaN
91.8000,-0.055433,-0.036835,0,57.25,NaN
91.8080,-0.045177,-0.033339,0,57.25,NaN
91.8160,-0.038828,-0.031839,0,57.25,NaN
91.8240,-0.039316,-0.031815,0,57.25,NaN
91.8320,-0.046642,-0.039701,0,57.25,NaN
91.8400,-0.055433,-0.053323,0,57.25,NaN
91.8480,-0.065201,-0.067914,0,57.25,NaN
91.8560,-0.070085,-0.080724,0,57.25,NaN
91.8640,-0.077900,-0.089142,0,57.25,NaN
91.8720,-0.077900,-0.091157,0,57.25,NaN
91.8800,-0.069597,-0.086113,0,57.25,NaN
91.8880,-0.053480,-0.075279,0,57.25,NaN
91.8960,-0.033944,-0.061575,0,57.25,NaN
91.9040,-0.017827,-0.048467,0,57.25,NaN
91.9120,-0.004151,-0.038635,0,57.25,NaN
91.9200,0.006105,-0.032994,0,57.25,NaN
91.9280,0.006593,-0.030278,0,57.25,NaN
91.9360,0.003175,0.135485,0,57.25,NaN
91.9440,-0.002686,0.134000,0,57.25,NaN
91.9520,-0.005128,0.131965,0,57.25,NaN
91.9600,-0.006593,0.130409,0,57.25,NaN
91.9680,-0.007082,0.129216,0,57.25,NaN
91.9760,-0.009035,0.127595,0,57.25,NaN
91.9840,-0.015385,0.124719,0,57.25,NaN
91.9920,-0.022222,0.120025,0,57.25,NaN
92.0000,-0.029548,0.113111,0,57.25,NaN
92.0080,-0.038339,0.103620,0,57.25,NaN
92.0160,-0.051038,0.091400,0,57.25,NaN
92.0240,-0.064713,0.076795,0,57.25,NaN
92.0320,-0.082295,0.060797,0,57.25,NaN
92.0400,-0.095482,-0.004840,0,57.25,NaN
92.0480,-0.106227,-0.017354,0,57.25,NaN
92.0560,-0.115018,-0.026318,0,57.25,NaN
92.0640,-0.118926,-0.031466,0,57.25,NaN
92.0720,-0.121856,-0.033139,0,57.25,NaN
92.0800,-0.119902,-0.032160,0,57.25,NaN
92.0880,-0.119414,-0.029592,0,57.25,NaN
92.0960,-0.116972,-0.026430,0,57.25,NaN
92.1040,-0.116972,-0.023348,0,57.25,NaN
92.1120,-0.116972,-0.020635,0,57.25,NaN
92.1200,-0.116972,-0.018302,0,57.25,NaN
92.1280,-0.116972,-0.016243,0,57.25,NaN
92.1360,-0.117460,-0.014309,0,57.25,NaN
92.1440,-0.116972,-0.044287,0,57.25,NaN
92.1520,-0.116972,-0.044930,0,57.25,NaN
92.1600,-0.117949,-0.046135,0,57.25,NaN
92.1680,-0.121368,-0.047564,0,57.25,NaN
92.1760,-0.121368,-0.048669,0,57.25,NaN
92.1840,-0.121856,-0.048949,0,57.25,NaN
92.1920,-0.121368,-0.048093,0,57.25,NaN
92.2000,-0.121368,-0.045989,0,57.25,NaN
92.2080,-0.117949,-0.042726,0,57.25,NaN
92.2160,-0.116972,-0.038525,0,57.25,NaN
92.2240,-0.115995,-0.033614,0,57.25,NaN
92.2320,-0.111600,-0.028230,0,57.25,NaN
92.2400,-0.110134,-0.022627,0,57.25,NaN
92.2480,-0.111600,-0.038813,0,57.25,NaN
92.2560,-0.115507,-0.039271,0,57.25,NaN
92.2640,-0.116484,-0.039831,0,57.25,NaN
92.2720,-0.117460,-0.039692,0,57.25,NaN
92.2800,-0.116972,-0.038356,0,57.25,NaN
92.2880,-0.116484,-0.035670,0,57.25,NaN
92.2960,-0.113553,-0.031849,0,57.25,NaN
92.3040,-0.109646,-0.027464,0,57.25,NaN
92.3120,-0.106716,-0.023303,0,57.25,NaN
92.3200,-0.103785,-0.020133,0,57.25,NaN
92.3280,-0.101343,-0.018444,0,57.25,NaN
92.3360,-0.102320,-0.018236,0,57.25,NaN
92.3440,-0.102808,-0.018958,0,57.25,NaN
92.3520,-0.102808,0.067352,0,57.25,NaN
92.3600,-0.101832,0.071957,0,57.25,NaN
92.3680,-0.098413,0.077017,0,57.25,NaN
92.3760,-0.094505,0.081325,0,57.25,NaN
92.3840,-0.093529,0.083194,0,57.25,NaN
92.3920,-0.096947,0.081143,0,57.25,NaN
92.4000,-0.102808,0.074564,0,57.25,NaN
92.4080,-0.116484,0.064167,0,57.25,NaN
92.4160,-0.129670,0.052046,0,57.25,NaN
92.4240,-0.145788,0.041200,0,57.25,NaN
92.4320,-0.158486,0.034482,0,57.25,NaN
92.4400,-0.163370,0.033120,0,57.25,NaN
92.4480,-0.154579,0.035590,0,57.25,NaN
92.4560,-0.132601,-0.999624,0,57.25,NaN
92.4640,-0.092552,-1.000000,0,57.25,NaN
92.4720,-0.033944,-0.983636,0,57.25,NaN
92.4800,0.034432,-0.951231,0,57.25,NaN
92.4880,0.115507,-0.903984,0,57.25,NaN
92.4960,0.211233,-0.843763,0,57.25,NaN
92.5040,0.320635,-0.773681,0,57.25,NaN
92.5120,0.432479,-0.698320,0,57.25,NaN
92.5200,0.542369,-0.623546,0,57.25,NaN
92.5280,0.655189,-0.556280,0,57.25,NaN
92.5360,0.774359,-0.503474,0,57.25,NaN
92.5440,0.870085,-0.468576,0,57.25,NaN
92.5520,0.899389,-0.446917,0,57.25,NaN
92.5600,0.828083,0.964324,1,57.25,NaN
92.5680,0.680586,0.877589,0,57.25,NaN
92.5760,0.515995,0.755508,0,57.25,NaN
92.5840,0.348474,0.617336,0,57.25,NaN
92.5920,0.185836,0.480730,0,57.25,NaN
92.6000,0.034921,0.360028,0,57.25,NaN
92.6080,-0.093529,0.266215,0,57.25,NaN
92.6160,-0.181929,0.206522,0,57.25,NaN
92.6240,-0.221490,0.183448,0,57.25,NaN
92.6320,-0.221490,0.194376,0,57.25,NaN
92.6400,-0.194139,0.232618,0,57.25,NaN
92.6480,-0.148230,0.289382,0,57.25,NaN
92.6560,-0.101343,0.355512,0,57.25,NaN
92.6640,-0.063248,0.012206,0,57.25,NaN
92.6720,-0.038339,0.047893,0,57.25,NaN
92.6800,-0.026129,0.068014,0,57.25,NaN
92.6880,-0.030037,0.073618,0,57.25,NaN
92.6960,-0.041270,0.068370,0,57.25,NaN
92.7040,-0.056899,0.057034,0,57.25,NaN
92.7120,-0.071551,0.044081,0,57.25,NaN
92.7200,-0.084737,0.032768,0,57.25,NaN
92.7280,-0.091575,0.024803,0,57.25,NaN
92.7360,-0.096459,0.020521,0,57.25,NaN
92.7440,-0.099878,0.019392,0,57.25,NaN
92.7520,-0.099878,0.020490,0,57.25,NaN
92.7600,-0.100855,0.022754,0,57.25,NaN
92.7680,-0.101343,-0.242530,0,57.25,NaN
92.7760,-0.101832,-0.247414,0,57.25,NaN
92.7840,-0.101832,-0.250499,0,57.25,NaN
92.7920,-0.101343,-0.251333,0,57.25,NaN
92.8000,-0.098901,-0.249608,0,57.25,NaN
92.8080,-0.097924,-0.245126,0,57.25,NaN
92.8160,-0.098413,-0.237631,0,57.25,NaN
92.8240,-0.097924,-0.226767,0,57.25,NaN
92.8320,-0.096459,-0.212216,0,57.25,NaN
92.8400,-0.098901,-0.193843,0,57.25,NaN
92.8480,-0.097924,-0.171911,0,57.25,NaN
92.8560,-0.094505,-0.147272,0,57.25,NaN
92.8640,-0.093040,-0.121242,0,57.25,NaN
92.8720,-0.088156,-0.027517,0,57.25,NaN
92.8800,-0.085714,-0.011359,0,57.25,NaN
92.8880,-0.085714,-0.000131,0,57.25,NaN
92.8960,-0.085714,0.005876,0,57.25,NaN
92.9040,-0.087668,0.007233,0,57.25,NaN
92.9120,-0.090598,0.005210,0,57.25,NaN
92.9200,-0.092552,0.001434,0,57.25,NaN
92.9280,-0.092063,-0.002569,0,57.25,NaN
92.9360,-0.089133,-0.005665,0,57.25,NaN
92.9440,-0.090110,-0.007089,0,57.25,NaN
92.9520,-0.087179,-0.006389,0,57.25,NaN
92.9600,-0.085226,-0.003621,0,57.25,NaN
92.9680,-0.079365,0.000435,0,57.25,NaN
92.9760,-0.075458,-0.006959,0,57.25,NaN
92.9840,-0.073504,-0.004362,0,57.25,NaN
92.9920,-0.073504,-0.002100,0,57.25,NaN
93.0000,-0.071062,-0.000091,0,57.25,NaN
93.0080,-0.067643,0.001736,0,57.25,NaN
93.0160,-0.066667,0.003366,0,57.25,NaN
93.0240,-0.063736,0.004712,0,57.25,NaN
93.0320,-0.061783,0.005617,0,57.25,NaN
93.0400,-0.059341,0.005875,0,57.25,NaN
93.0480,-0.059341,0.005341,0,57.25,NaN
93.0560,-0.060806,0.004016,0,57.25,NaN
93.0640,-0.059829,0.002040,0,57.25,NaN
93.0720,-0.062759,-0.000329,0,57.25,NaN
93.0800,-0.064713,-0.000150,0,57.25,NaN
93.0880,-0.065201,-0.001661,0,57.25,NaN
93.0960,-0.063736,-0.002045,0,57.25,NaN
93.1040,-0.062759,-0.001354,0,57.25,NaN
93.1120,-0.058852,0.000007,0,57.25,NaN
93.1200,-0.054945,0.001432,0,57.25,NaN
93.1280,-0.053968,0.002397,0,57.25,NaN
93.1360,-0.052991,0.002687,0,57.25,NaN
93.1440,-0.051526,0.002377,0,57.25,NaN
93.1520,-0.051526,0.001695,0,57.25,NaN
93.1600,-0.051038,0.000926,0,57.25,NaN
93.1680,-0.051038,0.000288,0,57.25,NaN
93.1760,-0.049084,-0.000197,0,57.25,NaN
93.1840,-0.049573,0.002621,0,57.25,NaN
93.1920,-0.047131,0.003847,0,57.25,NaN
93.2000,-0.044689,0.005800,0,57.25,NaN
93.2080,-0.039316,0.008095,0,57.25,NaN
93.2160,-0.038339,0.010215,0,57.25,NaN
93.2240,-0.034432,0.011705,0,57.25,NaN
93.2320,-0.032479,0.012255,0,57.25,NaN
93.2400,-0.032479,0.011773,0,57.25,NaN
93.2480,-0.031502,0.010421,0,57.25,NaN
93.2560,-0.032967,0.008570,0,57.25,NaN
93.2640,-0.033944,0.006654,0,57.25,NaN
93.2720,-0.033455,0.004959,0,57.25,NaN
93.2800,-0.032967,0.003480,0,57.25,NaN
93.2880,-0.034432,-0.002997,0,57.25,NaN
93.2960,-0.037363,-0.006354,0,57.25,NaN
93.3040,-0.038828,-0.009504,0,57.25,NaN
93.3120,-0.041270,-0.011795,0,57.25,NaN
93.3200,-0.039316,-0.012731,0,57.25,NaN
93.3280,-0.038828,-0.012152,0,57.25,NaN
93.3360,-0.035897,-0.010278,0,57.25,NaN
93.3440,-0.030525,-0.007671,0,57.25,NaN
93.3520,-0.028571,-0.005078,0,57.25,NaN
93.3600,-0.024176,-0.003175,0,57.25,NaN
93.3680,-0.023199,-0.002390,0,57.25,NaN
93.3760,-0.020757,-0.002779,0,57.25,NaN
93.3840,-0.022222,-0.003940,0,57.25,NaN
93.3920,-0.023199,0.003406,0,57.25,NaN
93.4000,-0.023199,0.000581,0,57.25,NaN
93.4080,-0.025641,-0.002363,0,57.25,NaN
93.4160,-0.028083,-0.004825,0,57.25,NaN
93.4240,-0.028571,-0.006299,0,57.25,NaN
93.4320,-0.026618,-0.006654,0,57.25,NaN
93.4400,-0.024176,-0.006163,0,57.25,NaN
93.4480,-0.023199,-0.005252,0,57.25,NaN
93.4560,-0.020757,-0.004240,0,57.25,NaN
93.4640,-0.020269,-0.003264,0,57.25,NaN
93.4720,-0.017827,-0.002344,0,57.25,NaN
93.4800,-0.015873,-0.001481,0,57.25,NaN
93.4880,-0.014408,-0.000664,0,57.25,NaN
93.4960,-0.012454,0.028036,0,57.25,NaN
93.5040,-0.010501,0.029509,0,57.25,NaN
93.5120,-0.010012,0.030128,0,57.25,NaN
93.5200,-0.010501,0.029783,0,57.25,NaN
93.5280,-0.013919,0.028635,0,57.25,NaN
93.5360,-0.013919,0.026989,0,57.25,NaN
93.5440,-0.015873,0.025149,0,57.25,NaN
93.5520,-0.020757,0.023392,0,57.25,NaN
93.5600,-0.020269,0.021843,0,57.25,NaN
93.5680,-0.020269,0.020331,0,57.25,NaN
93.5760,-0.023199,0.018590,0,57.25,NaN
93.5840,-0.026129,0.016547,0,57.25,NaN
93.5920,-0.028083,0.014331,0,57.25,NaN
93.6000,-0.031013,0.035848,0,57.25,NaN
93.6080,-0.037363,0.032887,0,57.25,NaN
93.6160,-0.039316,0.029797,0,57.25,NaN
93.6240,-0.043712,0.026889,0,57.25,NaN
93.6320,-0.047131,0.024446,0,57.25,NaN
93.6400,-0.051038,0.022731,0,57.25,NaN
93.6480,-0.053968,0.021860,0,57.25,NaN
93.6560,-0.054457,0.021614,0,57.25,NaN
93.6640,-0.055922,0.021434,0,57.25,NaN
93.6720,-0.057387,0.020663,0,57.25,NaN
93.6800,-0.061294,0.018900,0,57.25,NaN
93.6880,-0.067155,0.016196,0,57.25,NaN
93.6960,-0.071551,0.012971,0,57.25,NaN
93.7040,-0.080342,0.000245,0,57.25,NaN
93.7120,-0.085714,-0.005330,0,57.25,NaN
93.7200,-0.092552,-0.010424,0,57.25,NaN
93.7280,-0.096459,-0.014676,0,57.25,NaN
93.7360,-0.100855,-0.017856,0,57.25,NaN
93.7440,-0.105739,-0.019735,0,57.25,NaN
93.7520,-0.108669,-0.020110,0,57.25,NaN
93.7600,-0.108669,-0.019013,0,57.25,NaN
93.7680,-0.108669,-0.016812,0,57.25,NaN
93.7760,-0.107692,-0.014072,0,57.25,NaN
93.7840,-0.108181,-0.011296,0,57.25,NaN
93.7920,-0.108181,-0.008746,0,57.25,NaN
93.8000,-0.109646,-0.006391,0,57.25,NaN
93.8080,-0.108181,-0.041294,0,57.25,NaN
93.8160,-0.107692,-0.038943,0,57.25,NaN
93.8240,-0.106227,-0.036425,0,57.25,NaN
93.8320,-0.104274,-0.034315,0,57.25,NaN
93.8400,-0.102808,-0.033223,0,57.25,NaN
93.8480,-0.104274,-0.033407,0,57.25,NaN
93.8560,-0.107692,-0.034444,0,57.25,NaN
93.8640,-0.111600,-0.035312,0,57.25,NaN
93.8720,-0.113553,-0.034910,0,57.25,NaN
93.8800,-0.109646,-0.032641,0,57.25,NaN
93.8880,-0.108669,-0.028607,0,57.25,NaN
93.8960,-0.102320,-0.023370,0,57.25,NaN
93.9040,-0.100366,-0.017587,0,57.25,NaN
93.9120,-0.101343,-0.010176,0,57.25,NaN
93.9200,-0.101832,-0.012358,0,57.25,NaN
93.9280,-0.108181,-0.017006,0,57.25,NaN
93.9360,-0.116972,-0.022726,0,57.25,NaN
93.9440,-0.123810,-0.027647,0,57.25,NaN
93.9520,-0.125275,-0.030262,0,57.25,NaN
93.9600,-0.125275,-0.029999,0,57.25,NaN
93.9680,-0.122344,-0.027220,0,57.25,NaN
93.9760,-0.118437,-0.022858,0,57.25,NaN
93.9840,-0.116484,-0.018014,0,57.25,NaN
93.9920,-0.109646,-0.013650,0,57.25,NaN
94.0000,-0.108669,-0.010288,0,57.25,NaN
94.0080,-0.108669,-0.007732,0,57.25,NaN
94.0160,-0.112088,0.003924,0,57.25,NaN
94.0240,-0.115995,0.004471,0,57.25,NaN
94.0320,-0.113065,0.007051,0,57.25,NaN
94.0400,-0.107204,0.011953,0,57.25,NaN
94.0480,-0.101343,0.018303,0,57.25,NaN
94.0560,-0.094017,0.024540,0,57.25,NaN
94.0640,-0.091087,0.029030,0,57.25,NaN
94.0720,-0.088156,0.030571,0,57.25,NaN
94.0800,-0.091087,0.028731,0,57.25,NaN
94.0880,-0.096947,0.023950,0,57.25,NaN
94.0960,-0.103785,0.017295,0,57.25,NaN
94.1040,-0.112576,0.009911,0,57.25,NaN
94.1120,-0.115507,0.002449,0,57.25,NaN
94.1200,-0.116484,-0.017926,0,57.25,NaN
94.1280,-0.115507,-0.016471,0,57.25,NaN
94.1360,-0.109646,-0.012429,0,57.25,NaN
94.1440,-0.104274,-0.007321,0,57.25,NaN
94.1520,-0.098901,-0.002970,0,57.25,NaN
94.1600,-0.094017,-0.000920,0,57.25,NaN
94.1680,-0.095482,-0.001816,0,57.25,NaN
94.1760,-0.100366,-0.005040,0,57.25,NaN
94.1840,-0.103785,-0.008966,0,57.25,NaN
94.1920,-0.108181,-0.011703,0,57.25,NaN
94.2000,-0.108181,-0.011925,0,57.25,NaN
94.2080,-0.102808,-0.009454,0,57.25,NaN
94.2160,-0.097924,-0.005304,0,57.25,NaN
94.2240,-0.093529,0.021412,0,57.25,NaN
94.2320,-0.090598,0.026528,0,57.25,NaN
94.2400,-0.087179,0.030880,0,57.25,NaN
94.2480,-0.085226,0.034255,0,57.25,NaN
94.2560,-0.082295,0.036530,0,57.25,NaN
94.2640,-0.082295,0.037556,0,57.25,NaN
94.2720,-0.081319,0.037150,0,57.25,NaN
94.2800,-0.082295,0.035176,0,57.25,NaN
94.2880,-0.085714,0.031757,0,57.25,NaN
94.2960,-0.091575,0.027393,0,57.25,NaN
94.3040,-0.095971,0.022800,0,57.25,NaN
94.3120,-0.100855,0.018512,0,57.25,NaN
94.3200,-0.102320,0.014588,0,57.25,NaN
94.3280,-0.103785,-0.031290,0,57.25,NaN
94.3360,-0.104274,-0.034540,0,57.25,NaN
94.3440,-0.105739,-0.037132,0,57.25,NaN
94.3520,-0.107692,-0.038883,0,57.25,NaN
94.3600,-0.107692,-0.039489,0,57.25,NaN
94.3680,-0.102808,-0.038789,0,57.25,NaN
94.3760,-0.102320,-0.036744,0,57.25,NaN
94.3840,-0.101343,-0.033344,0,57.25,NaN
94.3920,-0.094017,-0.028849,0,57.25,NaN
94.4000,-0.087179,-0.024091,0,57.25,NaN
94.4080,-0.079365,-0.020208,0,57.25,NaN
94.4160,-0.075458,-0.017907,0,57.25,NaN
94.4240,-0.076435,-0.016858,0,57.25,NaN
94.4320,-0.080342,0.016508,0,57.25,NaN
94.4400,-0.086691,0.008718,0,57.25,NaN
94.4480,-0.097924,-0.000000,0,57.25,NaN
94.4560,-0.106227,-0.007393,0,57.25,NaN
94.4640,-0.109158,-0.011848,0,57.25,NaN
94.4720,-0.107692,-0.013054,0,57.25,NaN
94.4800,-0.103785,-0.011870,0,57.25,NaN
94.4880,-0.101343,-0.009564,0,57.25,NaN
94.4960,-0.100855,-0.007061,0,57.25,NaN
94.5040,-0.100855,-0.004748,0,57.25,NaN
94.5120,-0.095971,-0.002804,0,57.25,NaN
94.5200,-0.093529,-0.001393,0,57.25,NaN
94.5280,-0.094994,-0.000428,0,57.25,NaN
94.5360,-0.096947,-0.002141,0,57.25,NaN
94.5440,-0.100855,-0.004063,0,57.25,NaN
94.5520,-0.101343,-0.005957,0,57.25,NaN
94.5600,-0.101343,-0.007621,0,57.25,NaN
94.5680,-0.102320,-0.009081,0,57.25,NaN
94.5760,-0.104762,-0.010257,0,57.25,NaN
94.5840,-0.106716,-0.010848,0,57.25,NaN
94.5920,-0.106227,-0.010552,0,57.25,NaN
94.6000,-0.105739,-0.009347,0,57.25,NaN
94.6080,-0.101832,-0.007573,0,57.25,NaN
94.6160,-0.100366,-0.005745,0,57.25,NaN
94.6240,-0.098413,-0.004224,0,57.25,NaN
94.6320,-0.098413,-0.003007,0,57.25,NaN
94.6400,-0.101343,-0.024120,0,57.25,NaN
94.6480,-0.104762,-0.028127,0,57.25,NaN
94.6560,-0.108669,-0.032122,0,57.25,NaN
94.6640,-0.108669,-0.035353,0,57.25,NaN
94.6720,-0.109158,-0.037464,0,57.25,NaN
94.6800,-0.107692,-0.038391,0,57.25,NaN
94.6880,-0.108181,-0.038114,0,57.25,NaN
94.6960,-0.105739,-0.036572,0,57.25,NaN
94.7040,-0.102320,-0.033775,0,57.25,NaN
94.7120,-0.098901,-0.029892,0,57.25,NaN
94.7200,-0.093529,-0.025241,0,57.25,NaN
94.7280,-0.088156,-0.020204,0,57.25,NaN
94.7360,-0.084249,-0.015057,0,57.25,NaN
94.7440,-0.079365,0.016447,0,57.25,NaN
94.7520,-0.077411,0.017872,0,57.25,NaN
94.7600,-0.078388,0.016647,0,57.25,NaN
94.7680,-0.082295,0.013270,0,57.25,NaN
94.7760,-0.087179,0.008865,0,57.25,NaN
94.7840,-0.090598,0.004761,0,57.25,NaN
94.7920,-0.093040,0.002040,0,57.25,NaN
94.8000,-0.094017,0.001233,0,57.25,NaN
94.8080,-0.092063,0.002177,0,57.25,NaN
94.8160,-0.087668,0.004104,0,57.25,NaN
94.8240,-0.085714,0.006071,0,57.25,NaN
94.8320,-0.085714,0.007518,0,57.25,NaN
94.8400,-0.085714,0.008499,0,57.25,NaN
94.8480,-0.086691,-0.050708,0,57.25,NaN
94.8560,-0.092063,-0.056793,0,57.25,NaN
94.8640,-0.094017,-0.062926,0,57.25,NaN
94.8720,-0.096947,-0.067743,0,57.25,NaN
94.8800,-0.096947,-0.069945,0,57.25,NaN
94.8880,-0.093529,-0.068615,0,57.25,NaN
94.8960,-0.088156,-0.063564,0,57.25,NaN
94.9040,-0.075946,-0.055589,0,57.25,NaN
94.9120,-0.063736,-0.046421,0,57.25,NaN
94.9200,-0.051526,-0.038158,0,57.25,NaN
94.9280,-0.043712,-0.032416,0,57.25,NaN
94.9360,-0.038828,-0.029620,0,57.25,NaN
94.9440,-0.038339,-0.028798,0,57.25,NaN
94.9520,-0.039316,-0.036232,0,57.25,NaN
94.9600,-0.043712,-0.043804,0,57.25,NaN
94.9680,-0.045177,-0.051794,0,57.25,NaN
94.9760,-0.050549,-0.058211,0,57.25,NaN
94.9840,-0.050061,-0.061180,0,57.25,NaN
94.9920,-0.045177,-0.059516,0,57.25,NaN
95.0000,-0.035409,-0.053233,0,57.25,NaN
95.0080,-0.022711,-0.043671,0,57.25,NaN
95.0160,-0.007082,-0.033238,0,57.25,NaN
95.0240,0.008059,-0.024720,0,57.25,NaN
95.0320,0.015385,-0.020201,0,57.25,NaN
95.0400,0.018315,-0.020078,0,57.25,NaN
95.0480,0.015873,-0.022813,0,57.25,NaN
95.0560,0.014896,0.117686,0,57.25,NaN
95.0640,0.012943,0.116445,0,57.25,NaN
95.0720,0.010012,0.114327,0,57.25,NaN
95.0800,0.008059,0.111569,0,57.25,NaN
95.0880,0.004640,0.108267,0,57.25,NaN
95.0960,-0.004640,0.104633,0,57.25,NaN
95.1040,-0.007570,0.100810,0,57.25,NaN
95.1120,-0.009035,0.096487,0,57.25,NaN
95.1200,-0.016361,0.091003,0,57.25,NaN
95.1280,-0.023199,0.083846,0,57.25,NaN
95.1360,-0.032967,0.074946,0,57.25,NaN
95.1440,-0.043712,0.064671,0,57.25,NaN
95.1520,-0.054457,0.053678,0,57.25,NaN
95.1600,-0.064713,0.047356,0,57.25,NaN
95.1680,-0.076435,0.039294,0,57.25,NaN
95.1760,-0.084249,0.033560,0,57.25,NaN
95.1840,-0.086203,0.029836,0,57.25,NaN
95.1920,-0.087179,0.026769,0,57.25,NaN
95.2000,-0.090598,0.022719,0,57.25,NaN
95.2080,-0.098901,0.016854,0,57.25,NaN
95.2160,-0.110134,0.009767,0,57.25,NaN
95.2240,-0.120391,0.003273,0,57.25,NaN
95.2320,-0.130159,-0.000418,0,57.25,NaN
95.2400,-0.132601,0.000254,0,57.25,NaN
95.2480,-0.131136,0.005371,0,57.25,NaN
95.2560,-0.124298,0.013317,0,57.25,NaN
95.2640,-0.116972,-0.036828,0,57.25,NaN
95.2720,-0.108669,-0.028184,0,57.25,NaN
95.2800,-0.103297,-0.021899,0,57.25,NaN
95.2880,-0.103297,-0.019014,0,57.25,NaN
95.2960,-0.108181,-0.019287,0,57.25,NaN
95.3040,-0.111111,-0.021568,0,57.25,NaN
95.3120,-0.115995,-0.024429,0,57.25,NaN
95.3200,-0.120391,-0.026606,0,57.25,NaN
95.3280,-0.123321,-0.027202,0,57.25,NaN
95.3360,-0.124786,-0.025778,0,57.25,NaN
95.3440,-0.125275,-0.022337,0,57.25,NaN
95.3520,-0.124298,-0.017259,0,57.25,NaN
95.3600,-0.121856,-0.011256,0,57.25,NaN
95.3680,-0.123810,-0.058461,0,57.25,NaN
95.3760,-0.127717,-0.058404,0,57.25,NaN
95.3840,-0.128205,-0.058123,0,57.25,NaN
95.3920,-0.127717,-0.056966,0,57.25,NaN
95.4000,-0.126740,-0.054532,0,57.25,NaN
95.4080,-0.125275,-0.050678,0,57.25,NaN
95.4160,-0.122344,-0.045572,0,57.25,NaN
95.4240,-0.116972,-0.039820,0,57.25,NaN
95.4320,-0.111600,-0.034402,0,57.25,NaN
95.4400,-0.108181,-0.030297,0,57.25,NaN
95.4480,-0.107692,-0.028022,0,57.25,NaN
95.4560,-0.107692,-0.027436,0,57.25,NaN
95.4640,-0.108669,-0.027854,0,57.25,NaN
95.4720,-0.108669,0.027303,0,57.25,NaN
95.4800,-0.108181,0.030224,0,57.25,NaN
95.4880,-0.106227,0.032872,0,57.25,NaN
95.4960,-0.103785,0.033795,0,57.25,NaN
95.5040,-0.104762,0.031243,0,57.25,NaN
95.5120,-0.112088,0.024076,0,57.25,NaN
95.5200,-0.121368,0.012585,0,57.25,NaN
95.5280,-0.136020,-0.001113,0,57.25,NaN
95.5360,-0.150672,-0.013252,0,57.25,NaN
95.5440,-0.162393,-0.019401,0,57.25,NaN
95.5520,-0.163370,-0.016211,0,57.25,NaN
95.5600,-0.152137,-0.003293,0,57.25,NaN
95.5680,-0.127228,0.015891,0,57.25,NaN
95.5760,-0.084249,-0.840483,0,57.25,NaN
95.5840,-0.026129,-0.811975,0,57.25,NaN
95.5920,0.046642,-0.766320,0,57.25,NaN
95.6000,0.128694,-0.704215,0,57.25,NaN
95.6080,0.226862,-0.626706,0,57.25,NaN
95.6160,0.336264,-0.536050,0,57.25,NaN
95.6240,0.449084,-0.436999,0,57.25,NaN
95.6320,0.566300,-0.338331,0,57.25,NaN
95.6400,0.680586,-0.254224,0,57.25,NaN
95.6480,0.800733,-0.203421,0,57.25,NaN
95.6560,0.882295,-0.203048,0,57.25,NaN
95.6640,0.877900,-0.257171,0,57.25,NaN
95.6720,0.774847,-0.347841,0,57.25,NaN
95.6800,0.611233,0.797778,0,57.25,NaN
95.6880,0.443712,0.638975,0,57.25,NaN
95.6960,0.280586,0.469441,0,57.25,NaN
95.7040,0.122344,0.308115,0,57.25,NaN
95.7120,-0.023687,0.169855,0,57.25,NaN
95.7200,-0.138950,0.065764,0,57.25,NaN
95.7280,-0.210745,0.002462,0,57.25,NaN
95.7360,-0.241514,-0.019153,0,57.25,NaN
95.7440,-0.226374,-0.004266,0,57.25,NaN
95.7520,-0.188278,0.037263,0,57.25,NaN
95.7600,-0.133089,0.094047,0,57.25,NaN
95.7680,-0.086203,0.156921,0,57.25,NaN
95.7760,-0.051526,0.221286,0,57.25,NaN
95.7840,-0.031502,0.053349,0,57.25,NaN
95.7920,-0.029060,0.066304,0,57.25,NaN
95.8000,-0.037851,0.065170,0,57.25,NaN
95.8080,-0.051038,0.054763,0,57.25,NaN
95.8160,-0.068620,0.040210,0,57.25,NaN
95.8240,-0.084249,0.025852,0,57.25,NaN
95.8320,-0.095482,0.014656,0,57.25,NaN
95.8400,-0.103785,0.008053,0,57.25,NaN
95.8480,-0.106227,0.006066,0,57.25,NaN
95.8560,-0.103785,0.007658,0,57.25,NaN
95.8640,-0.101343,0.011347,0,57.25,NaN
95.8720,-0.101832,0.015921,0,57.25,NaN
95.8800,-0.101832,0.020786,0,57.25,NaN
95.8880,-0.101343,-0.267388,0,57.25,NaN
95.8960,-0.098901,-0.271611,0,57.25,NaN
95.9040,-0.098901,-0.275048,0,57.25,NaN
95.9120,-0.100366,-0.277356,0,57.25,NaN
95.9200,-0.102808,-0.277659,0,57.25,NaN
95.9280,-0.107692,-0.274532,0,57.25,NaN
95.9360,-0.110134,-0.266387,0,57.25,NaN
95.9440,-0.110134,-0.252181,0,57.25,NaN
95.9520,-0.106716,-0.232112,0,57.25,NaN
95.9600,-0.098901,-0.207832,0,57.25,NaN
95.9680,-0.090110,-0.181828,0,57.25,NaN
95.9760,-0.086203,-0.156130,0,57.25,NaN
95.9840,-0.082784,-0.131278,0,57.25,NaN
95.9920,-0.082295,-0.005333,0,57.25,NaN
96.0000,-0.085714,0.001813,0,57.25,NaN
96.0080,-0.086691,0.004783,0,57.25,NaN
96.0160,-0.087179,0.004687,0,57.25,NaN
96.0240,-0.087179,0.002619,0,57.25,NaN
96.0320,-0.088156,-0.000343,0,57.25,NaN
96.0400,-0.086691,-0.003167,0,57.25,NaN
96.0480,-0.085714,-0.005039,0,57.25,NaN
96.0560,-0.082295,-0.005549,0,57.25,NaN
96.0640,-0.078388,-0.004728,0,57.25,NaN
96.0720,-0.076923,-0.002874,0,57.25,NaN
96.0800,-0.074969,-0.000339,0,57.25,NaN
96.0880,-0.073016,0.002526,0,57.25,NaN
96.0960,-0.070574,0.000740,0,57.25,NaN
96.1040,-0.069109,0.002639,0,57.25,NaN
96.1120,-0.069597,0.004509,0,57.25,NaN
96.1200,-0.067155,0.006557,0,57.25,NaN
96.1280,-0.063736,0.008799,0,57.25,NaN
96.1360,-0.060806,0.010922,0,57.25,NaN
96.1440,-0.055922,0.012384,0,57.25,NaN
96.1520,-0.054945,0.012663,0,57.25,NaN
96.1600,-0.054457,0.011569,0,57.25,NaN
96.1680,-0.056899,0.009411,0,57.25,NaN
96.1760,-0.061783,0.006886,0,57.25,NaN
96.1840,-0.062759,0.004638,0,57.25,NaN
96.1920,-0.060806,0.002786,0,57.25,NaN
96.2000,-0.058852,-0.008170,0,57.25,NaN
96.2080,-0.054457,-0.007439,0,57.25,NaN
96.2160,-0.054457,-0.007045,0,57.25,NaN
96.2240,-0.051038,-0.007643,0,57.25,NaN
96.2320,-0.052015,-0.009447,0,57.25,NaN
96.2400,-0.052015,-0.012116,0,57.25,NaN
96.2480,-0.054457,-0.014807,0,57.25,NaN
96.2560,-0.054457,-0.016490,0,57.25,NaN
96.2640,-0.052991,-0.016412,0,57.25,NaN
96.2720,-0.047131,-0.014427,0,57.25,NaN
96.2800,-0.042247,-0.010926,0,57.25,NaN
96.2880,-0.037851,-0.006476,0,57.25,NaN
96.2960,-0.031990,-0.001592,0,57.25,NaN
96.3040,-0.031502,0.010129,0,57.25,NaN
96.3120,-0.033455,0.008492,0,57.25,NaN
96.3200,-0.036386,0.005862,0,57.25,NaN
96.3280,-0.037363,0.003362,0,57.25,NaN
96.3360,-0.035409,0.001737,0,57.25,NaN
96.3440,-0.033944,0.001227,0,57.25,NaN
96.3520,-0.033944,0.001776,0,57.25,NaN
96.3600,-0.030525,0.003138,0,57.25,NaN
96.3680,-0.027595,0.004796,0,57.25,NaN
96.3760,-0.023199,0.006032,0,57.25,NaN
96.3840,-0.022711,0.006226,0,57.25,NaN
96.3920,-0.020757,0.005182,0,57.25,NaN
96.4000,-0.023199,0.003286,0,57.25,NaN
96.4080,-0.023687,-0.003058,0,57.25,NaN
96.4160,-0.025153,-0.006027,0,57.25,NaN
96.4240,-0.025641,-0.008350,0,57.25,NaN
96.4320,-0.023687,-0.009351,0,57.25,NaN
96.4400,-0.023687,-0.008373,0,57.25,NaN
96.4480,-0.022222,-0.004905,0,57.25,NaN
96.4560,-0.015873,0.000912,0,57.25,NaN
96.4640,-0.006593,0.007758,0,57.25,NaN
96.4720,0.005617,0.013296,0,57.25,NaN
96.4800,0.008059,0.015224,0,57.25,NaN
96.4880,0.006105,0.012484,0,57.25,NaN
96.4960,-0.001221,0.005687,0,57.25,NaN
96.5040,-0.006593,-0.003378,0,57.25,NaN
96.5120,-0.010012,-0.006916,0,57.25,NaN
96.5200,-0.010989,-0.011393,0,57.25,NaN
96.5280,-0.010501,-0.013606,0,57.25,NaN
96.5360,-0.009035,-0.013685,0,57.25,NaN
96.5440,-0.007082,-0.012071,0,57.25,NaN
96.5520,-0.002198,-0.009447,0,57.25,NaN
96.5600,0.003175,-0.006693,0,57.25,NaN
96.5680,0.007570,-0.004630,0,57.25,NaN
96.5760,0.008547,-0.003637,0,57.25,NaN
96.5840,0.008059,-0.003560,0,57.25,NaN
96.5920,0.010501,-0.004025,0,57.25,NaN
96.6000,0.012454,-0.004779,0,57.25,NaN
96.6080,0.012454,-0.005691,0,57.25,NaN
96.6160,0.014408,0.038478,0,57.25,NaN
96.6240,0.014408,0.038736,0,57.25,NaN
96.6320,0.013431,0.038348,0,57.25,NaN
96.6400,0.012943,0.037392,0,57.25,NaN
96.6480,0.010501,0.036006,0,57.25,NaN
96.6560,0.009035,0.034241,0,57.25,NaN
96.6640,0.009035,0.031946,0,57.25,NaN
96.6720,0.007570,0.028917,0,57.25,NaN
96.6800,0.003663,0.025308,0,57.25,NaN
96.6880,-0.004151,0.021842,0,57.25,NaN
96.6960,-0.005617,0.019388,0,57.25,NaN
96.7040,-0.005617,0.018282,0,57.25,NaN
96.7120,-0.005128,0.018093,0,57.25,NaN
96.7200,-0.008547,0.053822,0,57.25,NaN
96.7280,-0.016850,0.049678,0,57.25,NaN
96.7360,-0.023199,0.044405,0,57.25,NaN
96.7440,-0.031502,0.039020,0,57.25,NaN
96.7520,-0.036386,0.034417,0,57.25,NaN
96.7600,-0.041270,0.031037,0,57.25,NaN
96.7680,-0.045177,0.028809,0,57.25,NaN
96.7760,-0.047619,0.027312,0,57.25,NaN
96.7840,-0.052503,0.026035,0,57.25,NaN
96.7920,-0.055922,0.024629,0,57.25,NaN
96.8000,-0.061783,0.022982,0,57.25,NaN
96.8080,-0.064713,0.021143,0,57.25,NaN
96.8160,-0.069597,0.019225,0,57.25,NaN
96.8240,-0.071551,-0.008244,0,57.25,NaN
96.8320,-0.072527,-0.009216,0,57.25,NaN
96.8400,-0.076435,-0.009863,0,57.25,NaN
96.8480,-0.078877,-0.010260,0,57.25,NaN
96.8560,-0.080342,-0.010436,0,57.25,NaN
96.8640,-0.083761,-0.010472,0,57.25,NaN
96.8720,-0.083761,-0.010497,0,57.25,NaN
96.8800,-0.087668,-0.010567,0,57.25,NaN
96.8880,-0.091087,-0.010553,0,57.25,NaN
96.8960,-0.093040,-0.010216,0,57.25,NaN
96.9040,-0.094994,-0.009385,0,57.25,NaN
96.9120,-0.097924,-0.008033,0,57.25,NaN
96.9200,-0.098413,-0.006317,0,57.25,NaN
96.9280,-0.099878,-0.053826,0,57.25,NaN
96.9360,-0.097924,-0.052396,0,57.25,NaN
96.9440,-0.096947,-0.050918,0,57.25,NaN
96.9520,-0.096947,-0.049921,0,57.25,NaN
96.9600,-0.097924,-0.049585,0,57.25,NaN
96.9680,-0.100366,-0.049636,0,57.25,NaN
96.9760,-0.101343,-0.049489,0,57.25,NaN
96.9840,-0.101343,-0.048508,0,57.25,NaN
96.9920,-0.101343,-0.046182,0,57.25,NaN
97.0000,-0.099878,-0.042279,0,57.25,NaN
97.0080,-0.093040,-0.036978,0,57.25,NaN
97.0160,-0.090598,-0.030772,0,57.25,NaN
97.0240,-0.086203,-0.024171,0,57.25,NaN
97.0320,-0.085714,-0.009892,0,57.25,NaN
97.0400,-0.086691,-0.010537,0,57.25,NaN
97.0480,-0.092063,-0.013504,0,57.25,NaN
97.0560,-0.096459,-0.017851,0,57.25,NaN
97.0640,-0.101343,-0.022399,0,57.25,NaN
97.0720,-0.103785,-0.026058,0,57.25,NaN
97.0800,-0.108181,-0.027968,0,57.25,NaN
97.0880,-0.107692,-0.027646,0,57.25,NaN
97.0960,-0.104762,-0.025154,0,57.25,NaN
97.1040,-0.101343,-0.021053,0,57.25,NaN
97.1120,-0.096947,-0.016118,0,57.25,NaN
97.1200,-0.091575,-0.011008,0,57.25,NaN
97.1280,-0.089621,-0.006005,0,57.25,NaN
97.1360,-0.087179,0.001524,0,57.25,NaN
97.1440,-0.086691,0.002537,0,57.25,NaN
97.1520,-0.088156,0.002456,0,57.25,NaN
97.1600,-0.088645,0.001823,0,57.25,NaN
97.1680,-0.088645,0.001105,0,57.25,NaN
97.1760,-0.090110,0.000551,0,57.25,NaN
97.1840,-0.088156,0.000165,0,57.25,NaN
97.1920,-0.088156,-0.000177,0,57.25,NaN
97.2000,-0.088645,-0.000499,0,57.25,NaN
97.2080,-0.090110,-0.000621,0,57.25,NaN
97.2160,-0.088156,-0.000324,0,57.25,NaN
97.2240,-0.087668,0.000432,0,57.25,NaN
97.2320,-0.085714,0.001476,0,57.25,NaN
97.2400,-0.083272,0.013740,0,57.25,NaN
97.2480,-0.082295,0.015628,0,57.25,NaN
97.2560,-0.079365,0.016655,0,57.25,NaN
97.2640,-0.078877,0.016458,0,57.25,NaN
97.2720,-0.082295,0.015158,0,57.25,NaN
97.2800,-0.084737,0.013364,0,57.25,NaN
97.2880,-0.085714,0.011767,0,57.25,NaN
97.2960,-0.085714,0.010740,0,57.25,NaN
97.3040,-0.085714,0.010248,0,57.25,NaN
97.3120,-0.085226,0.010011,0,57.25,NaN
97.3200,-0.085714,0.009714,0,57.25,NaN
97.3280,-0.086203,0.009183,0,57.25,NaN
97.3360,-0.087668,0.008453,0,57.25,NaN
97.3440,-0.088156,-0.006038,0,57.25,NaN
97.3520,-0.087179,-0.007392,0,57.25,NaN
97.3600,-0.088645,-0.008862,0,57.25,NaN
97.3680,-0.089133,-0.010184,0,57.25,NaN
97.3760,-0.090110,-0.010862,0,57.25,NaN
97.3840,-0.090110,-0.010401,0,57.25,NaN
97.3920,-0.086203,-0.008619,0,57.25,NaN
97.4000,-0.083761,-0.005837,0,57.25,NaN
97.4080,-0.079365,-0.002808,0,57.25,NaN
97.4160,-0.075946,-0.000522,0,57.25,NaN
97.4240,-0.073016,0.000137,0,57.25,NaN
97.4320,-0.073504,-0.001145,0,57.25,NaN
97.4400,-0.077900,-0.003768,0,57.25,NaN
97.4480,-0.085226,0.013199,0,57.25,NaN
97.4560,-0.088156,0.009492,0,57.25,NaN
97.4640,-0.090110,0.007706,0,57.25,NaN
97.4720,-0.089133,0.008400,0,57.25,NaN
97.4800,-0.086203,0.011333,0,57.25,NaN
97.4880,-0.084249,0.015609,0,57.25,NaN
97.4960,-0.076923,0.019860,0,57.25,NaN
97.5040,-0.075458,0.022622,0,57.25,NaN
97.5120,-0.074969,0.022886,0,57.25,NaN
97.5200,-0.079365,0.020448,0,57.25,NaN
97.5280,-0.084737,0.015793,0,57.25,NaN
97.5360,-0.088645,0.009689,0,57.25,NaN
97.5440,-0.094994,0.002892,0,57.25,NaN
97.5520,-0.096459,-0.003733,0,57.25,NaN
97.5600,-0.096459,-0.004306,0,57.25,NaN
97.5680,-0.094505,-0.003754,0,57.25,NaN
97.5760,-0.093529,-0.003263,0,57.25,NaN
97.5840,-0.093040,-0.003884,0,57.25,NaN
97.5920,-0.095482,-0.006028,0,57.25,NaN
97.6000,-0.100855,-0.009235,0,57.25,NaN
97.6080,-0.103785,-0.012403,0,57.25,NaN
97.6160,-0.106716,-0.014307,0,57.25,NaN
97.6240,-0.106716,-0.014097,0,57.25,NaN
97.6320,-0.102808,-0.011557,0,57.25,NaN
97.6400,-0.100855,-0.007080,0,57.25,NaN
97.6480,-0.094994,-0.001502,0,57.25,NaN
97.6560,-0.092063,0.017136,0,57.25,NaN
97.6640,-0.092552,0.017768,0,57.25,NaN
97.6720,-0.094994,0.015633,0,57.25,NaN
97.6800,-0.101343,0.011458,0,57.25,NaN
97.6880,-0.107692,0.006632,0,57.25,NaN
97.6960,-0.111600,0.002621,0,57.25,NaN
97.7040,-0.115018,0.000431,0,57.25,NaN
97.7120,-0.115507,0.000316,0,57.25,NaN
97.7200,-0.113553,0.001771,0,57.25,NaN
97.7280,-0.112088,0.003836,0,57.25,NaN
97.7360,-0.112088,0.005614,0,57.25,NaN
97.7440,-0.112576,0.006681,0,57.25,NaN
97.7520,-0.114530,0.007202,0,57.25,NaN
97.7600,-0.114530,-0.000496,0,57.25,NaN
97.7680,-0.107692,0.005104,0,57.25,NaN
97.7760,-0.101343,0.011890,0,57.25,NaN
97.7840,-0.094994,0.018376,0,57.25,NaN
97.7920,-0.090110,0.023078,0,57.25,NaN
97.8000,-0.091087,0.025196,0,57.25,NaN
97.8080,-0.094505,0.024886,0,57.25,NaN
97.8160,-0.098413,0.022930,0,57.25,NaN
97.8240,-0.100855,0.020097,0,57.25,NaN
97.8320,-0.102320,0.016784,0,57.25,NaN
97.8400,-0.107204,0.013130,0,57.25,NaN
97.8480,-0.112088,0.009278,0,57.25,NaN
97.8560,-0.115018,0.005370,0,57.25,NaN
97.8640,-0.116484,-0.043161,0,57.25,NaN
97.8720,-0.115995,-0.045713,0,57.25,NaN
97.8800,-0.115995,-0.047775,0,57.25,NaN
97.8880,-0.116972,-0.049600,0,57.25,NaN
97.8960,-0.116972,-0.051046,0,57.25,NaN
97.9040,-0.117460,-0.051576,0,57.25,NaN
97.9120,-0.116972,-0.050489,0,57.25,NaN
97.9200,-0.112576,-0.047342,0,57.25,NaN
97.9280,-0.106227,-0.042327,0,57.25,NaN
97.9360,-0.098413,-0.036314,0,57.25,NaN
97.9440,-0.089133,-0.030471,0,57.25,NaN
97.9520,-0.084737,-0.025596,0,57.25,NaN
97.9600,-0.082784,-0.021596,0,57.25,NaN
97.9680,-0.085714,-0.046122,0,57.25,NaN
97.9760,-0.085714,-0.050425,0,57.25,NaN
97.9840,-0.088645,-0.054822,0,57.25,NaN
97.9920,-0.088645,-0.057836,0,57.25,NaN
98.0000,-0.086691,-0.058312,0,57.25,NaN
98.0080,-0.082784,-0.055730,0,57.25,NaN
98.0160,-0.073016,-0.050438,0,57.25,NaN
98.0240,-0.062759,-0.043566,0,57.25,NaN
98.0320,-0.054457,-0.036592,0,57.25,NaN
98.0400,-0.045177,-0.030815,0,57.25,NaN
98.0480,-0.038828,-0.027018,0,57.25,NaN
98.0560,-0.034432,-0.025237,0,57.25,NaN
98.0640,-0.031990,-0.024741,0,57.25,NaN
98.0720,-0.028083,0.039805,0,57.25,NaN
98.0800,-0.024664,0.045983,0,57.25,NaN
98.0880,-0.016361,0.054309,0,57.25,NaN
98.0960,-0.005128,0.063915,0,57.25,NaN
98.1040,0.007082,0.072881,0,57.25,NaN
98.1120,0.012454,0.079139,0,57.25,NaN
98.1200,0.014408,0.081398,0,57.25,NaN
98.1280,0.010501,0.079427,0,57.25,NaN
98.1360,0.008059,0.073659,0,57.25,NaN
98.1440,0.003175,0.064698,0,57.25,NaN
98.1520,-0.006105,0.053219,0,57.25,NaN
98.1600,-0.015873,0.040035,0,57.25,NaN
98.1680,-0.025153,0.026020,0,57.25,NaN
98.1760,-0.032479,0.106777,0,57.25,NaN
98.1840,-0.038339,0.103393,0,57.25,NaN
98.1920,-0.039316,0.102171,0,57.25,NaN
98.2000,-0.040293,0.101860,0,57.25,NaN
98.2080,-0.041270,0.100740,0,57.25,NaN
98.2160,-0.045665,0.097323,0,57.25,NaN
98.2240,-0.053968,0.090958,0,57.25,NaN
98.2320,-0.064225,0.082075,0,57.25,NaN
98.2400,-0.076923,0.072004,0,57.25,NaN
98.2480,-0.089133,0.062489,0,57.25,NaN
98.2560,-0.099878,0.054994,0,57.25,NaN
98.2640,-0.105739,0.050022,0,57.25,NaN
98.2720,-0.108669,0.046811,0,57.25,NaN
98.2800,-0.111111,-0.038445,0,57.25,NaN
98.2880,-0.112088,-0.040870,0,57.25,NaN
98.2960,-0.114530,-0.043206,0,57.25,NaN
98.3040,-0.116972,-0.045731,0,57.25,NaN
98.3120,-0.120391,-0.048121,0,57.25,NaN
98.3200,-0.123321,-0.049649,0,57.25,NaN
98.3280,-0.123810,-0.049572,0,57.25,NaN
98.3360,-0.123810,-0.047496,0,57.25,NaN
98.3440,-0.119414,-0.043570,0,57.25,NaN
98.3520,-0.116484,-0.038399,0,57.25,NaN
98.3600,-0.112576,-0.032728,0,57.25,NaN
98.3680,-0.108669,-0.027112,0,57.25,NaN
98.3760,-0.107692,-0.021696,0,57.25,NaN
98.3840,-0.108669,-0.037607,0,57.25,NaN
98.3920,-0.114042,-0.040528,0,57.25,NaN
98.4000,-0.118437,-0.044761,0,57.25,NaN
98.4080,-0.125275,-0.048979,0,57.25,NaN
98.4160,-0.129670,-0.051832,0,57.25,NaN
98.4240,-0.132601,-0.052317,0,57.25,NaN
98.4320,-0.132601,-0.050079,0,57.25,NaN
98.4400,-0.129670,-0.045528,0,57.25,NaN
98.4480,-0.125275,-0.039684,0,57.25,NaN
98.4560,-0.122344,-0.033772,0,57.25,NaN
98.4640,-0.118437,-0.028747,0,57.25,NaN
98.4720,-0.118437,-0.024943,0,57.25,NaN
98.4800,-0.118437,-0.021987,0,57.25,NaN
98.4880,-0.118437,-0.013645,0,57.25,NaN
98.4960,-0.116972,-0.011980,0,57.25,NaN
98.5040,-0.116972,-0.010126,0,57.25,NaN
98.5120,-0.116972,-0.007740,0,57.25,NaN
98.5200,-0.116972,-0.004579,0,57.25,NaN
98.5280,-0.114042,-0.000753,0,57.25,NaN
98.5360,-0.109158,0.003132,0,57.25,NaN
98.5440,-0.108669,0.006204,0,57.25,NaN
98.5520,-0.106716,0.007714,0,57.25,NaN
98.5600,-0.108669,0.007230,0,57.25,NaN
98.5680,-0.108669,0.004675,0,57.25,NaN
98.5760,-0.114042,0.000373,0,57.25,NaN
98.5840,-0.118437,-0.004939,0,57.25,NaN
98.5920,-0.130159,-0.459686,0,57.25,NaN
98.6000,-0.139927,-0.493864,0,57.25,NaN
98.6080,-0.151160,-0.529004,0,57.25,NaN
98.6160,-0.163370,-0.562033,0,57.25,NaN
98.6240,-0.170208,-0.588785,0,57.25,NaN
98.6320,-0.164835,-0.604648,0,57.25,NaN
98.6400,-0.149206,-0.605430,0,57.25,NaN
98.6480,-0.115507,-0.588112,0,57.25,NaN
98.6560,-0.062759,-0.551323,0,57.25,NaN
98.6640,0.003175,-0.495347,0,57.25,NaN
98.6720,0.077900,-0.421904,0,57.25,NaN
98.6800,0.168742,-0.334517,0,57.25,NaN
98.6880,0.276679,-0.239260,0,57.25,NaN
98.6960,0.392918,0.594224,0,57.25,NaN
98.7040,0.506716,0.705521,0,57.25,NaN
98.7120,0.617094,0.813672,0,57.25,NaN
98.7200,0.731868,0.907883,0,57.25,NaN
98.7280,0.827595,0.974309,1,57.25,NaN
98.7360,0.862271,1.000000,1,57.25,NaN
98.7440,0.807570,0.978773,0,57.25,NaN
98.7520,0.677656,0.914679,0,57.25,NaN
98.7600,0.523810,0.820085,0,57.25,NaN
98.7680,0.361172,0.709989,0,57.25,NaN
98.7760,0.200488,0.596559,0,57.25,NaN
98.7840,0.050549,0.486198,0,57.25,NaN
98.7920,-0.085714,0.379343,0,57.25,NaN
98.8000,-0.180464,-0.212338,0,57.25,NaN
98.8080,-0.226862,-0.272362,0,57.25,NaN
98.8160,-0.229304,-0.285463,0,57.25,NaN
98.8240,-0.201465,-0.261526,0,57.25,NaN
98.8320,-0.153602,-0.215148,0,57.25,NaN
98.8400,-0.101832,-0.162074,0,57.25,NaN
98.8480,-0.062271,-0.115691,0,57.25,NaN
98.8560,-0.036874,-0.084598,0,57.25,NaN
98.8640,-0.027595,-0.071878,0,57.25,NaN
98.8720,-0.033944,-0.075896,0,57.25,NaN
98.8800,-0.050549,-0.092099,0,57.25,NaN
98.8880,-0.064713,-0.115277,0,57.25,NaN
98.8960,-0.077411,-0.141243,0,57.25,NaN
98.9040,-0.088645,-0.062907,0,57.25,NaN
98.9120,-0.097924,-0.073342,0,57.25,NaN
98.9200,-0.100366,-0.079447,0,57.25,NaN
98.9280,-0.098901,-0.082252,0,57.25,NaN
98.9360,-0.097436,-0.083273,0,57.25,NaN
98.9440,-0.097924,-0.083696,0,57.25,NaN
98.9520,-0.097924,-0.083880,0,57.25,NaN
98.9600,-0.099878,-0.083334,0,57.25,NaN
98.9680,-0.101832,-0.081053,0,57.25,NaN
98.9760,-0.101832,-0.076035,0,57.25,NaN
98.9840,-0.101343,-0.067796,0,57.25,NaN
98.9920,-0.101343,-0.056645,0,57.25,NaN
99.0000,-0.101343,-0.043708,0,57.25,NaN
99.0080,-0.099389,-0.209119,0,57.25,NaN
99.0160,-0.097924,-0.198181,0,57.25,NaN
99.0240,-0.101832,-0.184810,0,57.25,NaN
99.0320,-0.104274,-0.169179,0,57.25,NaN
99.0400,-0.105739,-0.151873,0,57.25,NaN
99.0480,-0.101832,-0.134240,0,57.25,NaN
99.0560,-0.101343,-0.118074,0,57.25,NaN
99.0640,-0.101343,-0.104867,0,57.25,NaN
99.0720,-0.101343,-0.095345,0,57.25,NaN
99.0800,-0.100855,-0.089523,0,57.25,NaN
99.0880,-0.097924,-0.086982,0,57.25,NaN
99.0960,-0.093529,-0.087011,0,57.25,NaN
99.1040,-0.090598,-0.088548,0,57.25,NaN
99.1120,-0.088156,-0.008366,0,57.25,NaN
99.1200,-0.085714,-0.008928,0,57.25,NaN
99.1280,-0.082295,-0.009724,0,57.25,NaN
99.1360,-0.079853,-0.010495,0,57.25,NaN
99.1440,-0.080830,-0.011035,0,57.25,NaN
99.1520,-0.082295,-0.011155,0,57.25,NaN
99.1600,-0.078877,-0.010858,0,57.25,NaN
99.1680,-0.078877,-0.010355,0,57.25,NaN
99.1760,-0.080342,-0.009753,0,57.25,NaN
99.1840,-0.080830,-0.008892,0,57.25,NaN
99.1920,-0.078388,-0.007560,0,57.25,NaN
99.2000,-0.076923,-0.005728,0,57.25,NaN
99.2080,-0.073504,-0.003587,0,57.25,NaN
99.2160,-0.074969,-0.004823,0,57.25,NaN
99.2240,-0.073016,-0.004564,0,57.25,NaN
99.2320,-0.072527,-0.004155,0,57.25,NaN
99.2400,-0.070085,-0.003547,0,57.25,NaN
99.2480,-0.067643,-0.002911,0,57.25,NaN
99.2560,-0.063736,-0.002557,0,57.25,NaN
99.2640,-0.063248,-0.002679,0,57.25,NaN
99.2720,-0.064713,-0.003135,0,57.25,NaN
99.2800,-0.064713,-0.003529,0,57.25,NaN
99.2880,-0.062271,-0.003525,0,57.25,NaN
99.2960,-0.059341,-0.003051,0,57.25,NaN
99.3040,-0.056899,-0.002240,0,57.25,NaN
99.3120,-0.054457,-0.001279,0,57.25,NaN
99.3200,-0.054457,0.013695,0,57.25,NaN
99.3280,-0.054457,0.013796,0,57.25,NaN
99.3360,-0.054457,0.013964,0,57.25,NaN
99.3440,-0.052015,0.014429,0,57.25,NaN
99.3520,-0.051038,0.015103,0,57.25,NaN
99.3600,-0.047131,0.015622,0,57.25,NaN
99.3680,-0.047131,0.015555,0,57.25,NaN
99.3760,-0.047619,0.014643,0,57.25,NaN
99.3840,-0.045665,0.012908,0,57.25,NaN
99.3920,-0.049084,0.010717,0,57.25,NaN
99.4000,-0.053480,0.008746,0,57.25,NaN
99.4080,-0.052991,0.007552,0,57.25,NaN
99.4160,-0.050061,0.007050,0,57.25,NaN
99.4240,-0.048107,-0.010015,0,57.25,NaN
99.4320,-0.048107,-0.010225,0,57.25,NaN
99.4400,-0.047619,-0.010203,0,57.25,NaN
99.4480,-0.046154,-0.009747,0,57.25,NaN
99.4560,-0.043712,-0.008651,0,57.25,NaN
99.4640,-0.040293,-0.006843,0,57.25,NaN
99.4720,-0.038339,-0.004402,0,57.25,NaN
99.4800,-0.034432,-0.001616,0,57.25,NaN
99.4880,-0.029548,0.000910,0,57.25,NaN
99.4960,-0.025641,0.002329,0,57.25,NaN
99.5040,-0.023199,0.001922,0,57.25,NaN
99.5120,-0.024664,-0.000435,0,57.25,NaN
99.5200,-0.027595,-0.004060,0,57.25,NaN
99.5280,-0.028571,-0.000978,0,57.25,NaN
99.5360,-0.028571,-0.002514,0,57.25,NaN
99.5440,-0.027595,-0.002820,0,57.25,NaN
99.5520,-0.023199,-0.002181,0,57.25,NaN
99.5600,-0.021734,-0.001236,0,57.25,NaN
99.5680,-0.019292,-0.000589,0,57.25,NaN
99.5760,-0.017827,-0.000532,0,57.25,NaN
99.5840,-0.018315,-0.000959,0,57.25,NaN
99.5920,-0.018315,-0.001491,0,57.25,NaN
99.6000,-0.015873,-0.001780,0,57.25,NaN
99.6080,-0.014408,-0.001696,0,57.25,NaN
99.6160,-0.013431,-0.001275,0,57.25,NaN
99.6240,-0.010989,-0.000652,0,57.25,NaN
99.6320,-0.010012,0.008798,0,57.25,NaN
99.6400,-0.007570,0.009657,0,57.25,NaN
99.6480,-0.006105,0.010269,0,57.25,NaN
99.6560,-0.005128,0.010604,0,57.25,NaN
99.6640,-0.004151,0.010764,0,57.25,NaN
99.6720,-0.004151,0.010936,0,57.25,NaN
99.6800,-0.002686,0.011249,0,57.25,NaN
99.6880,-0.000733,0.011643,0,57.25,NaN
99.6960,-0.000733,0.011846,0,57.25,NaN
99.7040,0.003175,0.011458,0,57.25,NaN
99.7120,0.002686,0.010173,0,57.25,NaN
99.7200,-0.000244,0.008039,0,57.25,NaN
99.7280,-0.000244,0.005432,0,57.25,NaN
99.7360,-0.000733,0.066673,0,57.25,NaN
99.7440,-0.006593,0.064615,0,57.25,NaN
99.7520,-0.008547,0.061730,0,57.25,NaN
99.7600,-0.013919,0.058168,0,57.25,NaN
99.7680,-0.016850,0.054082,0,57.25,NaN
99.7760,-0.023199,0.049749,0,57.25,NaN
99.7840,-0.029548,0.045647,0,57.25,NaN
99.7920,-0.035409,0.042266,0,57.25,NaN
99.8000,-0.038339,0.039721,0,57.25,NaN
99.8080,-0.039805,0.037574,0,57.25,NaN
99.8160,-0.043712,0.035138,0,57.25,NaN
99.8240,-0.048107,0.031992,0,57.25,NaN
99.8320,-0.054945,0.028291,0,57.25,NaN
99.8400,-0.062271,0.018460,0,57.25,NaN
99.8480,-0.064225,0.015610,0,57.25,NaN
99.8560,-0.067643,0.013447,0,57.25,NaN
99.8640,-0.070085,0.011651,0,57.25,NaN
99.8720,-0.075458,0.009911,0,57.25,NaN
99.8800,-0.078388,0.008094,0,57.25,NaN
99.8880,-0.083272,0.006205,0,57.25,NaN
99.8960,-0.085714,0.004330,0,57.25,NaN
99.9040,-0.090598,0.002671,0,57.25,NaN
99.9120,-0.094505,0.001594,0,57.25,NaN
99.9200,-0.098413,0.001519,0,57.25,NaN
99.9280,-0.101343,0.002638,0,57.25,NaN
99.9360,-0.100366,0.004621,0,57.25,NaN
99.9440,-0.101343,-0.032671,0,57.25,NaN
99.9520,-0.101832,-0.031427,0,57.25,NaN
99.9600,-0.103297,-0.030138,0,57.25,NaN
99.9680,-0.103297,-0.028998,0,57.25,NaN
99.9760,-0.102808,-0.028106,0,57.25,NaN
99.9840,-0.106227,-0.027335,0,57.25,NaN
99.9920,-0.108669,-0.026315,0,57.25,NaN
100.0000,-0.108669,-0.024743,0,57.25,NaN
100.0080,-0.107692,-0.022682,0,57.25,NaN
100.0160,-0.108181,-0.020488,0,57.25,NaN
100.0240,-0.108181,-0.018505,0,57.25,NaN
100.0320,-0.110623,-0.016851,0,57.25,NaN
100.0400,-0.111600,-0.015412,0,57.25,NaN
100.0480,-0.110134,-0.028476,0,57.25,NaN
100.0560,-0.110134,-0.026327,0,57.25,NaN
100.0640,-0.108181,-0.024123,0,57.25,NaN
100.0720,-0.108669,-0.022139,0,57.25,NaN
100.0800,-0.108669,-0.020487,0,57.25,NaN
100.0880,-0.108181,-0.019093,0,57.25,NaN
100.0960,-0.109158,-0.017755,0,57.25,NaN
100.1040,-0.110134,-0.016251,0,57.25,NaN
100.1120,-0.108181,-0.014547,0,57.25,NaN
100.1200,-0.107692,-0.012903,0,57.25,NaN
100.1280,-0.107204,-0.011732,0,57.25,NaN
100.1360,-0.105739,-0.011307,0,57.25,NaN
100.1440,-0.109158,-0.011480,0,57.25,NaN
100.1520,-0.111111,-0.007628,0,57.25,NaN
100.1600,-0.114042,-0.009556,0,57.25,NaN
100.1680,-0.115995,-0.011358,0,57.25,NaN
100.1760,-0.116972,-0.012766,0,57.25,NaN
100.1840,-0.117460,-0.013696,0,57.25,NaN
100.1920,-0.119414,-0.014121,0,57.25,NaN
100.2000,-0.119902,-0.014025,0,57.25,NaN
100.2080,-0.117949,-0.013492,0,57.25,NaN
100.2160,-0.117460,-0.012674,0,57.25,NaN
100.2240,-0.116972,-0.011598,0,57.25,NaN
100.2320,-0.116972,-0.010079,0,57.25,NaN
100.2400,-0.116484,-0.007924,0,57.25,NaN
100.2480,-0.112088,-0.005260,0,57.25,NaN
100.2560,-0.108181,-0.015636,0,57.25,NaN
100.2640,-0.102808,-0.010746,0,57.25,NaN
100.2720,-0.099878,-0.005606,0,57.25,NaN
100.2800,-0.093040,-0.000894,0,57.25,NaN
100.2880,-0.089133,0.002632,0,57.25,NaN
100.2960,-0.086691,0.004389,0,57.25,NaN
100.3040,-0.086691,0.004240,0,57.25,NaN
100.3120,-0.086691,0.002565,0,57.25,NaN
100.3200,-0.090110,0.000170,0,57.25,NaN
100.3280,-0.091087,-0.001970,0,57.25,NaN
100.3360,-0.091575,-0.003092,0,57.25,NaN
100.3440,-0.090598,-0.002963,0,57.25,NaN
100.3520,-0.087179,-0.001990,0,57.25,NaN
100.3600,-0.087179,0.025461,0,57.25,NaN
100.3680,-0.087179,0.026638,0,57.25,NaN
100.3760,-0.085714,0.027434,0,57.25,NaN
100.3840,-0.087179,0.027838,0,57.25,NaN
100.3920,-0.086691,0.027845,0,57.25,NaN
100.4000,-0.086203,0.027373,0,57.25,NaN
100.4080,-0.087668,0.026324,0,57.25,NaN
100.4160,-0.089133,0.024726,0,57.25,NaN
100.4240,-0.092063,0.022758,0,57.25,NaN
100.4320,-0.094017,0.020613,0,57.25,NaN
100.4400,-0.094994,0.018340,0,57.25,NaN
100.4480,-0.096459,0.015866,0,57.25,NaN
100.4560,-0.099878,0.013209,0,57.25,NaN
100.4640,-0.104274,-0.016216,0,57.25,NaN
100.4720,-0.112088,-0.021965,0,57.25,NaN
100.4800,-0.114530,-0.026251,0,57.25,NaN
100.4880,-0.114042,-0.028229,0,57.25,NaN
100.4960,-0.113553,-0.027726,0,57.25,NaN
100.5040,-0.109158,-0.025194,0,57.25,NaN
100.5120,-0.103785,-0.021507,0,57.25,NaN
100.5200,-0.100366,-0.017655,0,57.25,NaN
100.5280,-0.096459,-0.014436,0,57.25,NaN
100.5360,-0.093529,-0.012340,0,57.25,NaN
100.5440,-0.092063,-0.011527,0,57.25,NaN
100.5520,-0.091087,-0.011827,0,57.25,NaN
100.5600,-0.091575,-0.012776,0,57.25,NaN
100.5680,-0.091087,0.025811,0,57.25,NaN
100.5760,-0.090598,0.026037,0,57.25,NaN
100.5840,-0.093529,0.025938,0,57.25,NaN
100.5920,-0.094994,0.025368,0,57.25,NaN
100.6000,-0.094505,0.023886,0,57.25,NaN
100.6080,-0.095971,0.020907,0,57.25,NaN
100.6160,-0.101343,0.016277,0,57.25,NaN
100.6240,-0.109158,0.010758,0,57.25,NaN
100.6320,-0.116484,0.005872,0,57.25,NaN
100.6400,-0.120391,0.003196,0,57.25,NaN
100.6480,-0.119902,0.003608,0,57.25,NaN
100.6560,-0.118437,0.006927,0,57.25,NaN
100.6640,-0.113553,0.012003,0,57.25,NaN
100.6720,-0.108669,0.002847,0,57.25,NaN
100.6800,-0.103785,0.006762,0,57.25,NaN
100.6880,-0.103297,0.008135,0,57.25,NaN
100.6960,-0.108669,0.006838,0,57.25,NaN
100.7040,-0.112088,0.003712,0,57.25,NaN
100.7120,-0.116972,-0.000008,0,57.25,NaN
100.7200,-0.118437,-0.003217,0,57.25,NaN
100.7280,-0.123321,-0.005140,0,57.25,NaN
100.7360,-0.122344,-0.005415,0,57.25,NaN
100.7440,-0.121856,-0.004142,0,57.25,NaN
100.7520,-0.119902,-0.001784,0,57.25,NaN
100.7600,-0.116972,0.001103,0,57.25,NaN
100.7680,-0.116484,0.004136,0,57.25,NaN
100.7760,-0.114530,-0.024361,0,57.25,NaN
100.7840,-0.116972,-0.025618,0,57.25,NaN
100.7920,-0.116972,-0.027106,0,57.25,NaN
100.8000,-0.116972,-0.027836,0,57.25,NaN
100.8080,-0.116972,-0.026758,0,57.25,NaN
100.8160,-0.115507,-0.023103,0,57.25,NaN
100.8240,-0.108181,-0.016896,0,57.25,NaN
100.8320,-0.100366,-0.009285,0,57.25,NaN
100.8400,-0.092063,-0.002340,0,57.25,NaN
100.8480,-0.085714,0.001628,0,57.25,NaN
100.8560,-0.085226,0.000974,0,57.25,NaN
100.8640,-0.089133,-0.004440,0,57.25,NaN
100.8720,-0.100366,-0.012904,0,57.25,NaN
100.8800,-0.111600,-0.008026,0,57.25,NaN
100.8880,-0.125275,-0.021074,0,57.25,NaN
100.8960,-0.134066,-0.031323,0,57.25,NaN
100.9040,-0.139927,-0.036848,0,57.25,NaN
100.9120,-0.137973,-0.037133,0,57.25,NaN
100.9200,-0.133089,-0.033162,0,57.25,NaN
100.9280,-0.125275,-0.026972,0,57.25,NaN
100.9360,-0.116972,-0.020814,0,57.25,NaN
100.9440,-0.115995,-0.016275,0,57.25,NaN
100.9520,-0.114042,-0.013875,0,57.25,NaN
100.9600,-0.114042,-0.013344,0,57.25,NaN
100.9680,-0.112576,-0.014112,0,57.25,NaN
100.9760,-0.114042,-0.015544,0,57.25,NaN
100.9840,-0.111600,0.000185,0,57.25,NaN
100.9920,-0.104274,0.006599,0,57.25,NaN
101.0000,-0.094994,0.013870,0,57.25,NaN
101.0080,-0.088645,0.020043,0,57.25,NaN
101.0160,-0.085714,0.023379,0,57.25,NaN
101.0240,-0.086203,0.022988,0,57.25,NaN
101.0320,-0.089133,0.019017,0,57.25,NaN
101.0400,-0.094017,0.012581,0,57.25,NaN
101.0480,-0.101343,0.005592,0,57.25,NaN
101.0560,-0.107692,0.000359,0,57.25,NaN
101.0640,-0.111600,-0.001178,0,57.25,NaN
101.0720,-0.108669,0.001566,0,57.25,NaN
101.0800,-0.098413,0.007200,0,57.25,NaN
101.0880,-0.084249,-0.070901,0,57.25,NaN
101.0960,-0.070574,-0.060944,0,57.25,NaN
101.1040,-0.061783,-0.052442,0,57.25,NaN
101.1120,-0.053968,-0.046890,0,57.25,NaN
101.1200,-0.047619,-0.044791,0,57.25,NaN
101.1280,-0.044200,-0.045710,0,57.25,NaN
101.1360,-0.045665,-0.048256,0,57.25,NaN
101.1440,-0.046642,-0.050352,0,57.25,NaN
101.1520,-0.044689,-0.050029,0,57.25,NaN
101.1600,-0.035897,-0.046332,0,57.25,NaN
101.1680,-0.023687,-0.039634,0,57.25,NaN
101.1760,-0.011477,-0.031113,0,57.25,NaN
101.1840,-0.002198,-0.021909,0,57.25,NaN
101.1920,0.006593,0.127514,0,57.25,NaN
101.2000,0.007082,0.132732,0,57.25,NaN
101.2080,0.005617,0.134391,0,57.25,NaN
101.2160,0.003663,0.133419,0,57.25,NaN
101.2240,0.002686,0.130586,0,57.25,NaN
101.2320,-0.002198,0.126252,0,57.25,NaN
101.2400,-0.007570,0.120521,0,57.25,NaN
101.2480,-0.013919,0.113421,0,57.25,NaN
101.2560,-0.022711,0.105041,0,57.25,NaN
101.2640,-0.031990,0.095571,0,57.25,NaN
101.2720,-0.040781,0.085256,0,57.25,NaN
101.2800,-0.051526,0.074357,0,57.25,NaN
101.2880,-0.061783,0.063172,0,57.25,NaN
101.2960,-0.074481,0.030937,0,57.25,NaN
101.3040,-0.091087,0.015940,0,57.25,NaN
101.3120,-0.105739,0.002094,0,57.25,NaN
101.3200,-0.116972,-0.009234,0,57.25,NaN
101.3280,-0.122344,-0.017354,0,57.25,NaN
101.3360,-0.125763,-0.022267,0,57.25,NaN
101.3440,-0.132601,-0.024196,0,57.25,NaN
101.3520,-0.133089,-0.023375,0,57.25,NaN
101.3600,-0.129670,-0.020306,0,57.25,NaN
101.3680,-0.125275,-0.015852,0,57.25,NaN
101.3760,-0.123321,-0.010882,0,57.25,NaN
101.3840,-0.119902,-0.005908,0,57.25,NaN
101.3920,-0.118437,-0.001023,0,57.25,NaN
101.4000,-0.115995,-0.016888,0,57.25,NaN
101.4080,-0.110623,-0.013410,0,57.25,NaN
101.4160,-0.109158,-0.011908,0,57.25,NaN
101.4240,-0.114042,-0.012733,0,57.25,NaN
101.4320,-0.117949,-0.015314,0,57.25,NaN
101.4400,-0.125275,-0.018398,0,57.25,NaN
101.4480,-0.128205,-0.020640,0,57.25,NaN
101.4560,-0.130159,-0.021136,0,57.25,NaN
101.4640,-0.132112,-0.019665,0,57.25,NaN
101.4720,-0.129670,-0.016684,0,57.25,NaN
101.4800,-0.127717,-0.013097,0,57.25,NaN
101.4880,-0.128205,-0.009703,0,57.25,NaN
101.4960,-0.131624,-0.006688,0,57.25,NaN
101.5040,-0.134066,-0.052724,0,57.25,NaN
101.5120,-0.136996,-0.054349,0,57.25,NaN
101.5200,-0.138950,-0.056105,0,57.25,NaN
101.5280,-0.140415,-0.057546,0,57.25,NaN
101.5360,-0.146764,-0.058069,0,57.25,NaN
101.5440,-0.146276,-0.057101,0,57.25,NaN
101.5520,-0.143346,-0.054495,0,57.25,NaN
101.5600,-0.141880,-0.050593,0,57.25,NaN
101.5680,-0.138950,-0.045923,0,57.25,NaN
101.5760,-0.135043,-0.040966,0,57.25,NaN
101.5840,-0.132601,-0.036045,0,57.25,NaN
101.5920,-0.129182,-0.031279,0,57.25,NaN
101.6000,-0.125763,-0.026635,0,57.25,NaN
101.6080,-0.124298,0.068930,0,57.25,NaN
101.6160,-0.123321,0.074647,0,57.25,NaN
101.6240,-0.121856,0.079851,0,57.25,NaN
101.6320,-0.119414,0.084470,0,57.25,NaN
101.6400,-0.120391,0.088158,0,57.25,NaN
101.6480,-0.119902,0.090318,0,57.25,NaN
101.6560,-0.121856,0.090165,0,57.25,NaN
101.6640,-0.125763,0.086938,0,57.25,NaN
101.6720,-0.133089,0.080312,0,57.25,NaN
101.6800,-0.146764,0.070757,0,57.25,NaN
101.6880,-0.161416,0.059484,0,57.25,NaN
101.6960,-0.176068,0.047790,0,57.25,NaN
101.7040,-0.184860,0.036289,0,57.25,NaN
101.7120,-0.182418,-0.966425,0,57.25,NaN
101.7200,-0.168742,-0.990679,0,57.25,NaN
101.7280,-0.138950,-1.000000,0,57.25,NaN
101.7360,-0.092063,-0.993302,0,57.25,NaN
101.7440,-0.031502,-0.970574,0,57.25,NaN
101.7520,0.041758,-0.932573,0,57.25,NaN
101.7600,0.128694,-0.880806,0,57.25,NaN
101.7680,0.230281,-0.817857,0,57.25,NaN
101.7760,0.345055,-0.747438,0,57.25,NaN
101.7840,0.456899,-0.673589,0,57.25,NaN
101.7920,0.568254,-0.599460,0,57.25,NaN
101.8000,0.681074,-0.526643,0,57.25,NaN
101.8080,0.790476,-0.455290,0,57.25,NaN
101.8160,0.852991,1.000000,1,57.25,NaN
101.8240,0.831013,0.998480,1,57.25,NaN
101.8320,0.714286,0.949604,0,57.25,NaN
101.8400,0.561416,0.863036,0,57.25,NaN
101.8480,0.395360,0.754243,0,57.25,NaN
101.8560,0.228327,0.639444,0,57.25,NaN
101.8640,0.073993,0.532839,0,57.25,NaN
101.8720,-0.068132,0.445941,0,57.25,NaN
101.8800,-0.174603,0.387309,0,57.25,NaN
101.8880,-0.235653,0.361639,0,57.25,NaN
101.8960,-0.259096,0.368592,0,57.25,NaN
101.9040,-0.240537,0.402120,0,57.25,NaN
101.9120,-0.196093,0.450842,0,57.25,NaN
101.9200,-0.145788,-0.061515,0,57.25,NaN
101.9280,-0.098901,-0.005383,0,57.25,NaN
101.9360,-0.062759,0.039666,0,57.25,NaN
101.9440,-0.046154,0.068157,0,57.25,NaN
101.9520,-0.043223,0.079318,0,57.25,NaN
101.9600,-0.052991,0.075997,0,57.25,NaN
101.9680,-0.068620,0.063088,0,57.25,NaN
101.9760,-0.088645,0.046076,0,57.25,NaN
101.9840,-0.106716,0.029846,0,57.25,NaN
101.9920,-0.118437,0.017783,0,57.25,NaN
102.0000,-0.125275,0.011280,0,57.25,NaN
102.0080,-0.125763,0.009762,0,57.25,NaN
102.0160,-0.124298,0.011159,0,57.25,NaN
102.0240,-0.117460,-0.198526,0,57.25,NaN
102.0320,-0.114042,-0.198215,0,57.25,NaN
102.0400,-0.109646,-0.197790,0,57.25,NaN
102.0480,-0.107204,-0.197611,0,57.25,NaN
102.0560,-0.108181,-0.197272,0,57.25,NaN
102.0640,-0.108669,-0.195879,0,57.25,NaN
102.0720,-0.107692,-0.192495,0,57.25,NaN
102.0800,-0.107204,-0.186369,0,57.25,NaN
102.0880,-0.109646,-0.176799,0,57.25,NaN
102.0960,-0.112088,-0.163036,0,57.25,NaN
102.1040,-0.114042,-0.144611,0,57.25,NaN
102.1120,-0.114042,-0.121933,0,57.25,NaN
102.1200,-0.111600,-0.096670,0,57.25,NaN
102.1280,-0.108669,-0.066584,0,57.25,NaN
102.1360,-0.105739,-0.045975,0,57.25,NaN
102.1440,-0.103785,-0.028107,0,57.25,NaN
102.1520,-0.102320,-0.014146,0,57.25,NaN
102.1600,-0.100855,-0.004617,0,57.25,NaN
102.1680,-0.097924,0.000505,0,57.25,NaN
102.1760,-0.098413,0.001814,0,57.25,NaN
102.1840,-0.099878,0.000451,0,57.25,NaN
102.1920,-0.097924,-0.002275,0,57.25,NaN
102.2000,-0.093529,-0.005376,0,57.25,NaN
102.2080,-0.093529,-0.008307,0,57.25,NaN
102.2160,-0.092063,-0.010847,0,57.25,NaN
102.2240,-0.090598,-0.013093,0,57.25,NaN
102.2320,-0.089621,-0.004056,0,57.25,NaN
102.2400,-0.088645,-0.002661,0,57.25,NaN
102.2480,-0.087179,-0.000657,0,57.25,NaN
102.2560,-0.085714,0.001681,0,57.25,NaN
102.2640,-0.085714,0.004001,0,57.25,NaN
102.2720,-0.083272,0.005813,0,57.25,NaN
102.2800,-0.078877,0.006479,0,57.25,NaN
102.2880,-0.079365,0.005591,0,57.25,NaN
102.2960,-0.082784,0.003461,0,57.25,NaN
102.3040,-0.085714,0.001102,0,57.25,NaN
102.3120,-0.085714,-0.000368,0,57.25,NaN
102.3200,-0.085714,-0.000404,0,57.25,NaN
102.3280,-0.080342,0.000628,0,57.25,NaN
102.3360,-0.076923,-0.005197,0,57.25,NaN
102.3440,-0.071062,-0.003158,0,57.25,NaN
102.3520,-0.070085,-0.001332,0,57.25,NaN
102.3600,-0.067643,0.000147,0,57.25,NaN
102.3680,-0.064713,0.001300,0,57.25,NaN
102.3760,-0.062759,0.002113,0,57.25,NaN
102.3840,-0.059341,0.002473,0,57.25,NaN
102.3920,-0.056899,0.002286,0,57.25,NaN
102.4000,-0.059341,0.001654,0,57.25,NaN
102.4080,-0.057387,0.000897,0,57.25,NaN
102.4160,-0.057875,0.000353,0,57.25,NaN
102.4240,-0.055433,0.000176,0,57.25,NaN
102.4320,-0.052991,0.000265,0,57.25,NaN
102.4400,-0.050061,0.002326,0,57.25,NaN
102.4480,-0.052991,-0.000346,0,57.25,NaN
102.4560,-0.054457,-0.004108,0,57.25,NaN
102.4640,-0.060317,-0.007988,0,57.25,NaN
102.4720,-0.062271,-0.010723,0,57.25,NaN
102.4800,-0.061294,-0.011368,0,57.25,NaN
102.4880,-0.056899,-0.009729,0,57.25,NaN
102.4960,-0.052015,-0.006381,0,57.25,NaN
102.5040,-0.046154,-0.002447,0,57.25,NaN
102.5120,-0.038828,0.000732,0,57.25,NaN
102.5200,-0.035409,0.002072,0,57.25,NaN
102.5280,-0.035409,0.001268,0,57.25,NaN
102.5360,-0.038339,-0.000966,0,57.25,NaN
102.5440,-0.041758,0.008343,0,57.25,NaN
102.5520,-0.041758,0.005826,0,57.25,NaN
102.5600,-0.040293,0.004670,0,57.25,NaN
102.5680,-0.040781,0.005198,0,57.25,NaN
102.5760,-0.038828,0.007212,0,57.25,NaN
102.5840,-0.032479,0.009862,0,57.25,NaN
102.5920,-0.026129,0.011807,0,57.25,NaN
102.6000,-0.025641,0.012005,0,57.25,NaN
102.6080,-0.030037,0.010438,0,57.25,NaN
102.6160,-0.031013,0.007968,0,57.25,NaN
102.6240,-0.031502,0.005583,0,57.25,NaN
102.6320,-0.031990,0.003811,0,57.25,NaN
102.6400,-0.030037,0.002562,0,57.25,NaN
102.6480,-0.028083,-0.004671,0,57.25,NaN
102.6560,-0.024176,-0.001803,0,57.25,NaN
102.6640,-0.019780,0.001326,0,57.25,NaN
102.6720,-0.012454,0.003477,0,57.25,NaN
102.6800,-0.011966,0.003691,0,57.25,NaN
102.6880,-0.014896,0.001897,0,57.25,NaN
102.6960,-0.015873,-0.001044,0,57.25,NaN
102.7040,-0.019780,-0.003847,0,57.25,NaN
102.7120,-0.018803,-0.005415,0,57.25,NaN
102.7200,-0.016850,-0.005282,0,57.25,NaN
102.7280,-0.011966,-0.003675,0,57.25,NaN
102.7360,-0.009035,-0.001174,0,57.25,NaN
102.7440,-0.006105,0.001685,0,57.25,NaN
102.7520,-0.002686,0.020923,0,57.25,NaN
102.7600,-0.004151,0.020696,0,57.25,NaN
102.7680,-0.004151,0.019342,0,57.25,NaN
102.7760,-0.007570,0.017737,0,57.25,NaN
102.7840,-0.007570,0.016778,0,57.25,NaN
102.7920,-0.006593,0.016867,0,57.25,NaN
102.8000,-0.002198,0.017675,0,57.25,NaN
102.8080,-0.000733,0.018430,0,57.25,NaN
102.8160,-0.001221,0.018447,0,57.25,NaN
102.8240,-0.002198,0.017424,0,57.25,NaN
102.8320,-0.003175,0.015382,0,57.25,NaN
102.8400,-0.005128,0.012533,0,57.25,NaN
102.8480,-0.007570,0.009234,0,57.25,NaN
102.8560,-0.012454,0.063294,0,57.25,NaN
102.8640,-0.017827,0.059438,0,57.25,NaN
102.8720,-0.023199,0.055267,0,57.25,NaN
102.8800,-0.029060,0.051199,0,57.25,NaN
102.8880,-0.031502,0.047480,0,57.25,NaN
102.8960,-0.038828,0.044235,0,57.25,NaN
102.9040,-0.043712,0.041528,0,57.25,NaN
102.9120,-0.046154,0.039223,0,57.25,NaN
102.9200,-0.049084,0.036939,0,57.25,NaN
102.9280,-0.053968,0.034318,0,57.25,NaN
102.9360,-0.059829,0.031294,0,57.25,NaN
102.9440,-0.065201,0.028047,0,57.25,NaN
102.9520,-0.069597,0.024768,0,57.25,NaN
102.9600,-0.072527,0.000819,0,57.25,NaN
102.9680,-0.072039,0.000884,0,57.25,NaN
102.9760,-0.072527,0.001103,0,57.25,NaN
102.9840,-0.075458,0.000517,0,57.25,NaN
102.9920,-0.078388,-0.001433,0,57.25,NaN
103.0000,-0.083272,-0.004662,0,57.25,NaN
103.0080,-0.092063,-0.008441,0,57.25,NaN
103.0160,-0.094505,-0.011706,0,57.25,NaN
103.0240,-0.100366,-0.013487,0,57.25,NaN
103.0320,-0.101343,-0.013177,0,57.25,NaN
103.0400,-0.101832,-0.010635,0,57.25,NaN
103.0480,-0.101343,-0.006205,0,57.25,NaN
103.0560,-0.098413,-0.000664,0,57.25,NaN
103.0640,-0.097924,-0.030034,0,57.25,NaN
103.0720,-0.094017,-0.027354,0,57.25,NaN
103.0800,-0.095971,-0.025838,0,57.25,NaN
103.0880,-0.099878,-0.025291,0,57.25,NaN
103.0960,-0.100366,-0.025186,0,57.25,NaN
103.1040,-0.101343,-0.025121,0,57.25,NaN
103.1120,-0.101832,-0.024940,0,57.25,NaN
103.1200,-0.104762,-0.024527,0,57.25,NaN
103.1280,-0.105739,-0.023675,0,57.25,NaN
103.1360,-0.106227,-0.022147,0,57.25,NaN
103.1440,-0.107692,-0.019782,0,57.25,NaN
103.1520,-0.106227,-0.016607,0,57.25,NaN
103.1600,-0.104762,-0.012923,0,57.25,NaN
103.1680,-0.108181,-0.034199,0,57.25,NaN
103.1760,-0.110623,-0.033762,0,57.25,NaN
103.1840,-0.109158,-0.032664,0,57.25,NaN
103.1920,-0.106716,-0.030831,0,57.25,NaN
103.2000,-0.105739,-0.028524,0,57.25,NaN
103.2080,-0.104274,-0.026064,0,57.25,NaN
103.2160,-0.102320,-0.023687,0,57.25,NaN
103.2240,-0.101343,-0.021526,0,57.25,NaN
103.2320,-0.100855,-0.019631,0,57.25,NaN
103.2400,-0.098901,-0.018058,0,57.25,NaN
103.2480,-0.096459,-0.016902,0,57.25,NaN
103.2560,-0.098413,-0.016156,0,57.25,NaN
103.2640,-0.096947,-0.015654,0,57.25,NaN
103.2720,-0.094994,0.010745,0,57.25,NaN
103.2800,-0.093040,0.013440,0,57.25,NaN
103.2880,-0.092063,0.016068,0,57.25,NaN
103.2960,-0.091087,0.018233,0,57.25,NaN
103.3040,-0.090110,0.019429,0,57.25,NaN
103.3120,-0.088156,0.019110,0,57.25,NaN
103.3200,-0.090598,0.017026,0,57.25,NaN
103.3280,-0.094994,0.013606,0,57.25,NaN
103.3360,-0.101343,0.009923,0,57.25,NaN
103.3440,-0.102320,0.007157,0,57.25,NaN
103.3520,-0.104274,0.006003,0,57.25,NaN
103.3600,-0.102808,0.006451,0,57.25,NaN
103.3680,-0.101343,0.007873,0,57.25,NaN
103.3760,-0.097924,0.002050,0,57.25,NaN
103.3840,-0.093040,0.006625,0,57.25,NaN
103.3920,-0.088645,0.010766,0,57.25,NaN
103.4000,-0.085714,0.013623,0,57.25,NaN
103.4080,-0.085714,0.014848,0,57.25,NaN
103.4160,-0.086691,0.014674,0,57.25,NaN
103.4240,-0.087179,0.013697,0,57.25,NaN
103.4320,-0.090110,0.012547,0,57.25,NaN
103.4400,-0.089133,0.011550,0,57.25,NaN
103.4480,-0.087179,0.010582,0,57.25,NaN
103.4560,-0.089133,0.009325,0,57.25,NaN
103.4640,-0.090598,0.007646,0,57.25,NaN
103.4720,-0.092063,0.005682,0,57.25,NaN
103.4800,-0.092063,0.018280,0,57.25,NaN
103.4880,-0.092063,0.018315,0,57.25,NaN
103.4960,-0.092063,0.018360,0,57.25,NaN
103.5040,-0.091087,0.018020,0,57.25,NaN
103.5120,-0.092552,0.016996,0,57.25,NaN
103.5200,-0.094994,0.015317,0,57.25,NaN
103.5280,-0.097924,0.013345,0,57.25,NaN
103.5360,-0.099878,0.011552,0,57.25,NaN
103.5440,-0.101343,0.010246,0,57.25,NaN
103.5520,-0.101343,0.009461,0,57.25,NaN
103.5600,-0.101832,0.009044,0,57.25,NaN
103.5680,-0.103785,0.008841,0,57.25,NaN
103.5760,-0.103785,0.008752,0,57.25,NaN
103.5840,-0.101343,0.004871,0,57.25,NaN
103.5920,-0.098901,0.007421,0,57.25,NaN
103.6000,-0.097924,0.010466,0,57.25,NaN
103.6080,-0.095482,0.013865,0,57.25,NaN
103.6160,-0.094994,0.017473,0,57.25,NaN
103.6240,-0.091087,0.020901,0,57.25,NaN
103.6320,-0.087668,0.023425,0,57.25,NaN
103.6400,-0.087179,0.024250,0,57.25,NaN
103.6480,-0.088156,0.022957,0,57.25,NaN
103.6560,-0.093529,0.019731,0,57.25,NaN
103.6640,-0.097924,0.015196,0,57.25,NaN
103.6720,-0.101832,0.010004,0,57.25,NaN
103.6800,-0.106227,0.004582,0,57.25,NaN
103.6880,-0.108669,-0.013399,0,57.25,NaN
103.6960,-0.110623,-0.014070,0,57.25,NaN
103.7040,-0.108181,-0.013232,0,57.25,NaN
103.7120,-0.102320,-0.012010,0,57.25,NaN
103.7200,-0.102808,-0.011478,0,57.25,NaN
103.7280,-0.105739,-0.011832,0,57.25,NaN
103.7360,-0.110134,-0.012319,0,57.25,NaN
103.7440,-0.109158,-0.012031,0,57.25,NaN
103.7520,-0.106227,-0.010734,0,57.25,NaN
103.7600,-0.101832,-0.008972,0,57.25,NaN
103.7680,-0.101832,-0.007469,0,57.25,NaN
103.7760,-0.101832,-0.006560,0,57.25,NaN
103.7840,-0.101832,-0.006080,0,57.25,NaN
103.7920,-0.100855,0.003200,0,57.25,NaN
103.8000,-0.099878,0.003276,0,57.25,NaN
103.8080,-0.100855,0.002170,0,57.25,NaN
103.8160,-0.101343,-0.000400,0,57.25,NaN
103.8240,-0.106716,-0.004240,0,57.25,NaN
103.8320,-0.110134,-0.008554,0,57.25,NaN
103.8400,-0.115507,-0.012131,0,57.25,NaN
103.8480,-0.117949,-0.013806,0,57.25,NaN
103.8560,-0.116972,-0.013003,0,57.25,NaN
103.8640,-0.112576,-0.010071,0,57.25,NaN
103.8720,-0.106227,-0.006082,0,57.25,NaN
103.8800,-0.102320,-0.002116,0,57.25,NaN
103.8880,-0.102808,0.001463,0,57.25,NaN
103.8960,-0.105739,-0.003604,0,57.25,NaN
103.9040,-0.108669,-0.007413,0,57.25,NaN
103.9120,-0.113553,-0.012352,0,57.25,NaN
103.9200,-0.117460,-0.017346,0,57.25,NaN
103.9280,-0.122344,-0.021394,0,57.25,NaN
103.9360,-0.125275,-0.023827,0,57.25,NaN
103.9440,-0.122833,-0.024544,0,57.25,NaN
103.9520,-0.122344,-0.023923,0,57.25,NaN
103.9600,-0.120391,-0.022359,0,57.25,NaN
103.9680,-0.121368,-0.019893,0,57.25,NaN
103.9760,-0.118437,-0.016299,0,57.25,NaN
103.9840,-0.114530,-0.011513,0,57.25,NaN
103.9920,-0.108181,-0.005936,0,57.25,NaN
104.0000,-0.103785,0.011029,0,57.25,NaN
104.0080,-0.107692,0.012575,0,57.25,NaN
104.0160,-0.107692,0.012319,0,57.25,NaN
104.0240,-0.106716,0.010426,0,57.25,NaN
104.0320,-0.109646,0.007191,0,57.25,NaN
104.0400,-0.116484,0.003334,0,57.25,NaN
104.0480,-0.119414,-0.000048,0,57.25,NaN
104.0560,-0.122833,-0.002001,0,57.25,NaN
104.0640,-0.121856,-0.002200,0,57.25,NaN
104.0720,-0.118437,-0.001002,0,57.25,NaN
104.0800,-0.117949,0.000960,0,57.25,NaN
104.0880,-0.119414,0.003274,0,57.25,NaN
104.0960,-0.116484,0.005763,0,57.25,NaN
104.1040,-0.111111,-0.056326,0,57.25,NaN
104.1120,-0.104274,-0.052519,0,57.25,NaN
104.1200,-0.101343,-0.048017,0,57.25,NaN
104.1280,-0.095971,-0.043232,0,57.25,NaN
104.1360,-0.087179,-0.038771,0,57.25,NaN
104.1440,-0.080342,-0.035402,0,57.25,NaN
104.1520,-0.076435,-0.033537,0,57.25,NaN
104.1600,-0.076923,-0.032784,0,57.25,NaN
104.1680,-0.075458,-0.032158,0,57.25,NaN
104.1760,-0.070085,-0.030789,0,57.25,NaN
104.1840,-0.065201,-0.028386,0,57.25,NaN
104.1920,-0.059829,-0.025155,0,57.25,NaN
104.2000,-0.054457,-0.021513,0,57.25,NaN
104.2080,-0.049084,0.029342,0,57.25,NaN
104.2160,-0.040781,0.037815,0,57.25,NaN
104.2240,-0.032479,0.047041,0,57.25,NaN
104.2320,-0.022711,0.056111,0,57.25,NaN
104.2400,-0.012943,0.063720,0,57.25,NaN
104.2480,-0.007570,0.068583,0,57.25,NaN
104.2560,-0.006105,0.069909,0,57.25,NaN
104.2640,-0.007082,0.067579,0,57.25,NaN
104.2720,-0.010012,0.062032,0,57.25,NaN
104.2800,-0.017338,0.054040,0,57.25,NaN
104.2880,-0.023199,0.044447,0,57.25,NaN
104.2960,-0.029548,0.033924,0,57.25,NaN
104.3040,-0.037851,0.022954,0,57.25,NaN
104.3120,-0.042247,0.108770,0,57.25,NaN
104.3200,-0.047131,0.107367,0,57.25,NaN
104.3280,-0.051038,0.108234,0,57.25,NaN
104.3360,-0.049084,0.110632,0,57.25,NaN
104.3440,-0.047131,0.112894,0,57.25,NaN
104.3520,-0.046642,0.112948,0,57.25,NaN
104.3600,-0.052991,0.109257,0,57.25,NaN
104.3680,-0.061783,0.101533,0,57.25,NaN
104.3760,-0.076435,0.090827,0,57.25,NaN
104.3840,-0.091087,0.078993,0,57.25,NaN
104.3920,-0.102320,0.067764,0,57.25,NaN
104.4000,-0.112576,0.057971,0,57.25,NaN
104.4080,-0.119902,0.049318,0,57.25,NaN
104.4160,-0.123321,-0.029760,0,57.25,NaN
104.4240,-0.123321,-0.032387,0,57.25,NaN
104.4320,-0.125275,-0.033829,0,57.25,NaN
104.4400,-0.126252,-0.034990,0,57.25,NaN
104.4480,-0.130647,-0.036158,0,57.25,NaN
104.4560,-0.132601,-0.037096,0,57.25,NaN
104.4640,-0.133089,-0.037392,0,57.25,NaN
104.4720,-0.134066,-0.036704,0,57.25,NaN
104.4800,-0.133578,-0.034817,0,57.25,NaN
104.4880,-0.132601,-0.031677,0,57.25,NaN
104.4960,-0.130159,-0.027446,0,57.25,NaN
104.5040,-0.126252,-0.022482,0,57.25,NaN
104.5120,-0.124786,-0.017180,0,57.25,NaN
104.5200,-0.124786,-0.037428,0,57.25,NaN
104.5280,-0.131136,-0.037908,0,57.25,NaN
104.5360,-0.134066,-0.037867,0,57.25,NaN
104.5440,-0.133089,-0.036214,0,57.25,NaN
104.5520,-0.132112,-0.032680,0,57.25,NaN
104.5600,-0.128205,-0.027855,0,57.25,NaN
104.5680,-0.125275,-0.022838,0,57.25,NaN
104.5760,-0.124298,-0.018750,0,57.25,NaN
104.5840,-0.123321,-0.016337,0,57.25,NaN
104.5920,-0.125763,-0.015743,0,57.25,NaN
104.6000,-0.131136,-0.016516,0,57.25,NaN
104.6080,-0.133578,-0.017963,0,57.25,NaN
104.6160,-0.135531,-0.019598,0,57.25,NaN
104.6240,-0.138462,-0.044213,0,57.25,NaN
104.6320,-0.136996,-0.046123,0,57.25,NaN
104.6400,-0.141392,-0.047585,0,57.25,NaN
104.6480,-0.142857,-0.048301,0,57.25,NaN
104.6560,-0.143346,-0.047862,0,57.25,NaN
104.6640,-0.141880,-0.046021,0,57.25,NaN
104.6720,-0.140415,-0.042826,0,57.25,NaN
104.6800,-0.135043,-0.038626,0,57.25,NaN
104.6880,-0.132601,-0.033981,0,57.25,NaN
104.6960,-0.127228,-0.029546,0,57.25,NaN
104.7040,-0.121856,-0.025950,0,57.25,NaN
104.7120,-0.118437,-0.023527,0,57.25,NaN
104.7200,-0.118437,-0.021985,0,57.25,NaN
104.7280,-0.124786,-0.263810,0,57.25,NaN
104.7360,-0.132112,-0.287319,0,57.25,NaN
104.7440,-0.144811,-0.315993,0,57.25,NaN
104.7520,-0.159463,-0.348000,0,57.25,NaN
104.7600,-0.177534,-0.379888,0,57.25,NaN
104.7680,-0.192186,-0.406742,0,57.25,NaN
104.7760,-0.195116,-0.423039,0,57.25,NaN
104.7840,-0.182418,-0.423753,0,57.25,NaN
104.7920,-0.158974,-0.405101,0,57.25,NaN
104.8000,-0.116484,-0.365137,0,57.25,NaN
104.8080,-0.054457,-0.304595,0,57.25,NaN
104.8160,0.023687,-0.227584,0,57.25,NaN
104.8240,0.112088,-0.141449,0,57.25,NaN
104.8320,0.212210,0.372411,0,57.25,NaN
104.8400,0.325519,0.493825,0,57.25,NaN
104.8480,0.436386,0.622008,0,57.25,NaN
104.8560,0.548718,0.750215,0,57.25,NaN
104.8640,0.660073,0.867148,0,57.25,NaN
104.8720,0.769475,0.956441,0,57.25,NaN
104.8800,0.833944,1.000000,1,57.25,NaN
104.8880,0.814408,0.985161,1,57.25,NaN
104.8960,0.705983,0.910994,0,57.25,NaN
104.9040,0.556532,0.788452,0,57.25,NaN
104.9120,0.390476,0.634353,0,57.25,NaN
104.9200,0.221490,0.464143,0,57.25,NaN
104.9280,0.062759,0.288029,0,57.25,NaN
104.9360,-0.084249,-0.097820,0,57.25,NaN
104.9440,-0.191697,-0.226962,0,57.25,NaN
104.9520,-0.257631,-0.305850,0,57.25,NaN
104.9600,-0.275702,-0.334075,0,57.25,NaN
104.9680,-0.255189,-0.319166,0,57.25,NaN
104.9760,-0.203907,-0.275077,0,57.25,NaN
104.9840,-0.148230,-0.218778,0,57.25,NaN
104.9920,-0.099878,-0.165989,0,57.25,NaN
105.0000,-0.069109,-0.127794,0,57.25,NaN
105.0080,-0.055433,-0.109310,0,57.25,NaN
105.0160,-0.054457,-0.110234,0,57.25,NaN
105.0240,-0.065690,-0.126215,0,57.25,NaN
105.0320,-0.084249,-0.150240,0,57.25,NaN
105.0400,-0.101343,-0.028068,0,57.25,NaN
105.0480,-0.114042,-0.044776,0,57.25,NaN
105.0560,-0.123810,-0.057452,0,57.25,NaN
105.0640,-0.129182,-0.065555,0,57.25,NaN
105.0720,-0.130159,-0.069683,0,57.25,NaN
105.0800,-0.130647,-0.070884,0,57.25,NaN
105.0880,-0.130159,-0.070104,0,57.25,NaN
105.0960,-0.127228,-0.067931,0,57.25,NaN
105.1040,-0.125763,-0.064536,0,57.25,NaN
105.1120,-0.124786,-0.059689,0,57.25,NaN
105.1200,-0.125275,-0.052966,0,57.25,NaN
105.1280,-0.124786,-0.044221,0,57.25,NaN
105.1360,-0.122344,-0.034055,0,57.25,NaN
105.1440,-0.121856,-0.244661,0,57.25,NaN
105.1520,-0.123810,-0.239977,0,57.25,NaN
105.1600,-0.127717,-0.231787,0,57.25,NaN
105.1680,-0.129182,-0.219067,0,57.25,NaN
105.1760,-0.127228,-0.201633,0,57.25,NaN
105.1840,-0.121856,-0.180693,0,57.25,NaN
105.1920,-0.116972,-0.158628,0,57.25,NaN
105.2000,-0.114042,-0.138177,0,57.25,NaN
105.2080,-0.112088,-0.121690,0,57.25,NaN
105.2160,-0.108669,-0.110783,0,57.25,NaN
105.2240,-0.106716,-0.106099,0,57.25,NaN
105.2320,-0.109646,-0.106928,0,57.25,NaN
105.2400,-0.111600,-0.111069,0,57.25,NaN
105.2480,-0.111600,-0.005521,0,57.25,NaN
105.2560,-0.108669,-0.008679,0,57.25,NaN
105.2640,-0.106227,-0.012331,0,57.25,NaN
105.2720,-0.105739,-0.016147,0,57.25,NaN
105.2800,-0.107204,-0.019601,0,57.25,NaN
105.2880,-0.109158,-0.022000,0,57.25,NaN
105.2960,-0.107204,-0.022826,0,57.25,NaN
105.3040,-0.106227,-0.021965,0,57.25,NaN
105.3120,-0.105739,-0.019630,0,57.25,NaN
105.3200,-0.101343,-0.016237,0,57.25,NaN
105.3280,-0.098413,-0.012306,0,57.25,NaN
105.3360,-0.094017,-0.008271,0,57.25,NaN
105.3440,-0.091087,-0.004312,0,57.25,NaN
105.3520,-0.086203,0.004672,0,57.25,NaN
105.3600,-0.083761,0.007784,0,57.25,NaN
105.3680,-0.078877,0.010147,0,57.25,NaN
105.3760,-0.077411,0.011601,0,57.25,NaN
105.3840,-0.073504,0.012110,0,57.25,NaN
105.3920,-0.074969,0.011893,0,57.25,NaN
105.4000,-0.075458,0.011387,0,57.25,NaN
105.4080,-0.073016,0.010940,0,57.25,NaN
105.4160,-0.071551,0.010556,0,57.25,NaN
105.4240,-0.070085,0.009994,0,57.25,NaN
105.4320,-0.069597,0.009034,0,57.25,NaN
105.4400,-0.070085,0.007645,0,57.25,NaN
105.4480,-0.070085,0.005982,0,57.25,NaN
105.4560,-0.068132,0.007001,0,57.25,NaN
105.4640,-0.065690,0.007092,0,57.25,NaN
105.4720,-0.063248,0.007065,0,57.25,NaN
105.4800,-0.063248,0.006826,0,57.25,NaN
105.4880,-0.063248,0.006513,0,57.25,NaN
105.4960,-0.063736,0.006373,0,57.25,NaN
105.5040,-0.061294,0.006505,0,57.25,NaN
105.5120,-0.056899,0.006728,0,57.25,NaN
105.5200,-0.056899,0.006755,0,57.25,NaN
105.5280,-0.057387,0.006443,0,57.25,NaN
105.5360,-0.055433,0.005833,0,57.25,NaN
105.5440,-0.056899,0.005043,0,57.25,NaN
105.5520,-0.055433,0.004179,0,57.25,NaN
105.5600,-0.052991,0.006201,0,57.25,NaN
105.5680,-0.049084,0.006500,0,57.25,NaN
105.5760,-0.049573,0.006943,0,57.25,NaN
105.5840,-0.049573,0.007832,0,57.25,NaN
105.5920,-0.046642,0.009527,0,57.25,NaN
105.6000,-0.041270,0.012022,0,57.25,NaN
105.6080,-0.038828,0.014790,0,57.25,NaN
105.6160,-0.031502,0.016899,0,57.25,NaN
105.6240,-0.027595,0.017363,0,57.25,NaN
105.6320,-0.030037,0.015730,0,57.25,NaN
105.6400,-0.035409,0.012399,0,57.25,NaN
105.6480,-0.039316,0.008236,0,57.25,NaN
105.6560,-0.039316,0.003877,0,57.25,NaN
105.6640,-0.035409,-0.002362,0,57.25,NaN
105.6720,-0.029060,0.000453,0,57.25,NaN
105.6800,-0.023199,0.003340,0,57.25,NaN
105.6880,-0.021734,0.004815,0,57.25,NaN
105.6960,-0.021245,0.004175,0,57.25,NaN
105.7040,-0.023199,0.001624,0,57.25,NaN
105.7120,-0.024664,-0.001974,0,57.25,NaN
105.7200,-0.027595,-0.005433,0,57.25,NaN
105.7280,-0.028083,-0.007613,0,57.25,NaN
105.7360,-0.026618,-0.007749,0,57.25,NaN
105.7440,-0.023199,-0.005656,0,57.25,NaN
105.7520,-0.017827,-0.001721,0,57.25,NaN
105.7600,-0.011966,0.003236,0,57.25,NaN
105.7680,-0.004640,0.035139,0,57.25,NaN
105.7760,0.007082,0.042881,0,57.25,NaN
105.7840,0.011477,0.048139,0,57.25,NaN
105.7920,0.012454,0.050026,0,57.25,NaN
105.8000,0.008547,0.048734,0,57.25,NaN
105.8080,0.008059,0.045161,0,57.25,NaN
105.8160,0.003175,0.040391,0,57.25,NaN
105.8240,-0.000733,0.035415,0,57.25,NaN
105.8320,-0.002686,0.030998,0,57.25,NaN
105.8400,-0.006105,0.027608,0,57.25,NaN
105.8480,-0.007570,0.025423,0,57.25,NaN
105.8560,-0.007082,0.024297,0,57.25,NaN
105.8640,-0.007082,0.023779,0,57.25,NaN
105.8720,-0.005617,0.046233,0,57.25,NaN
105.8800,-0.005128,0.046800,0,57.25,NaN
105.8880,-0.007570,0.046733,0,57.25,NaN
105.8960,-0.009035,0.046286,0,57.25,NaN
105.9040,-0.010989,0.045918,0,57.25,NaN
105.9120,-0.011966,0.045965,0,57.25,NaN
105.9200,-0.013919,0.046379,0,57.25,NaN
105.9280,-0.012454,0.046574,0,57.25,NaN
105.9360,-0.012943,0.045560,0,57.25,NaN
105.9440,-0.016361,0.042453,0,57.25,NaN
105.9520,-0.023199,0.036993,0,57.25,NaN
105.9600,-0.031502,0.029650,0,57.25,NaN
105.9680,-0.038828,0.021327,0,57.25,NaN
105.9760,-0.044689,0.033178,0,57.25,NaN
105.9840,-0.050549,0.029827,0,57.25,NaN
105.9920,-0.053480,0.028529,0,57.25,NaN
106.0000,-0.053968,0.028881,0,57.25,NaN
106.0080,-0.054457,0.030009,0,57.25,NaN
106.0160,-0.055433,0.030974,0,57.25,NaN
106.0240,-0.059341,0.031130,0,57.25,NaN
106.0320,-0.062759,0.030189,0,57.25,NaN
106.0400,-0.065201,0.028041,0,57.25,NaN
106.0480,-0.070085,0.024714,0,57.25,NaN
106.0560,-0.078877,0.020523,0,57.25,NaN
106.0640,-0.085714,0.015979,0,57.25,NaN
106.0720,-0.091087,0.011432,0,57.25,NaN
106.0800,-0.091087,-0.035301,0,57.25,NaN
106.0880,-0.091087,-0.033690,0,57.25,NaN
106.0960,-0.087668,-0.031127,0,57.25,NaN
106.1040,-0.087668,-0.028892,0,57.25,NaN
106.1120,-0.089133,-0.027714,0,57.25,NaN
106.1200,-0.093529,-0.027541,0,57.25,NaN
106.1280,-0.094505,-0.027836,0,57.25,NaN
106.1360,-0.095971,-0.028006,0,57.25,NaN
106.1440,-0.097924,-0.027569,0,57.25,NaN
106.1520,-0.098413,-0.026160,0,57.25,NaN
106.1600,-0.098413,-0.023573,0,57.25,NaN
106.1680,-0.097924,-0.019870,0,57.25,NaN
106.1760,-0.094994,-0.015461,0,57.25,NaN
106.1840,-0.095971,-0.024917,0,57.25,NaN
106.1920,-0.097924,-0.023874,0,57.25,NaN
106.2000,-0.098901,-0.023007,0,57.25,NaN
106.2080,-0.099389,-0.021941,0,57.25,NaN
106.2160,-0.099878,-0.020501,0,57.25,NaN
106.2240,-0.097924,-0.018773,0,57.25,NaN
106.2320,-0.098413,-0.016956,0,57.25,NaN
106.2400,-0.100366,-0.015162,0,57.25,NaN
106.2480,-0.099878,-0.013466,0,57.25,NaN
106.2560,-0.098901,-0.012084,0,57.25,NaN
106.2640,-0.098901,-0.011306,0,57.25,NaN
106.2720,-0.101343,-0.011220,0,57.25,NaN
106.2800,-0.102808,-0.011586,0,57.25,NaN
106.2880,-0.105739,-0.020109,0,57.25,NaN
106.2960,-0.105739,-0.020383,0,57.25,NaN
106.3040,-0.106227,-0.019503,0,57.25,NaN
106.3120,-0.104762,-0.017479,0,57.25,NaN
106.3200,-0.101832,-0.014739,0,57.25,NaN
106.3280,-0.099878,-0.011992,0,57.25,NaN
106.3360,-0.097924,-0.009956,0,57.25,NaN
106.3440,-0.096459,-0.009072,0,57.25,NaN
106.3520,-0.098901,-0.009266,0,57.25,NaN
106.3600,-0.100366,-0.009958,0,57.25,NaN
106.3680,-0.101343,-0.010403,0,57.25,NaN
106.3760,-0.101343,-0.010143,0,57.25,NaN
106.3840,-0.098413,-0.009299,0,57.25,NaN
106.3920,-0.094017,-0.001396,0,57.25,NaN
106.4000,-0.091087,0.003094,0,57.25,NaN
106.4080,-0.085714,0.007195,0,57.25,NaN
106.4160,-0.083761,0.009953,0,57.25,NaN
106.4240,-0.081319,0.010777,0,57.25,NaN
106.4320,-0.084249,0.009717,0,57.25,NaN
106.4400,-0.087179,0.007450,0,57.25,NaN
106.4480,-0.088645,0.004925,0,57.25,NaN
106.4560,-0.090598,0.002920,0,57.25,NaN
106.4640,-0.089133,0.001846,0,57.25,NaN
106.4720,-0.090110,0.001804,0,57.25,NaN
106.4800,-0.090110,0.002697,0,57.25,NaN
106.4880,-0.087179,0.004180,0,57.25,NaN
106.4960,-0.088156,0.010534,0,57.25,NaN
106.5040,-0.090110,0.009950,0,57.25,NaN
106.5120,-0.090110,0.009109,0,57.25,NaN
106.5200,-0.092063,0.008353,0,57.25,NaN
106.5280,-0.091575,0.007897,0,57.25,NaN
106.5360,-0.091087,0.007734,0,57.25,NaN
106.5440,-0.090598,0.007727,0,57.25,NaN
106.5520,-0.091575,0.007784,0,57.25,NaN
106.5600,-0.092552,0.007882,0,57.25,NaN
106.5680,-0.091575,0.007872,0,57.25,NaN
106.5760,-0.089133,0.007396,0,57.25,NaN
106.5840,-0.091087,0.006172,0,57.25,NaN
106.5920,-0.093529,0.004364,0,57.25,NaN
106.6000,-0.097924,-0.006987,0,57.25,NaN
106.6080,-0.100855,-0.011212,0,57.25,NaN
106.6160,-0.103785,-0.014392,0,57.25,NaN
106.6240,-0.106227,-0.015714,0,57.25,NaN
106.6320,-0.102808,-0.014893,0,57.25,NaN
106.6400,-0.101343,-0.012329,0,57.25,NaN
106.6480,-0.095971,-0.008947,0,57.25,NaN
106.6560,-0.092552,-0.005843,0,57.25,NaN
106.6640,-0.091087,-0.003854,0,57.25,NaN
106.6720,-0.090598,-0.003291,0,57.25,NaN
106.6800,-0.091087,-0.003962,0,57.25,NaN
106.6880,-0.093529,-0.005390,0,57.25,NaN
106.6960,-0.093040,-0.007115,0,57.25,NaN
106.7040,-0.094017,0.004795,0,57.25,NaN
106.7120,-0.092063,0.005611,0,57.25,NaN
106.7200,-0.090110,0.006428,0,57.25,NaN
106.7280,-0.090598,0.006633,0,57.25,NaN
106.7360,-0.092063,0.005910,0,57.25,NaN
106.7440,-0.093040,0.004366,0,57.25,NaN
106.7520,-0.096459,0.002465,0,57.25,NaN
106.7600,-0.098901,0.000815,0,57.25,NaN
106.7680,-0.098413,-0.000139,0,57.25,NaN
106.7760,-0.097924,-0.000272,0,57.25,NaN
106.7840,-0.098901,0.000367,0,57.25,NaN
106.7920,-0.098413,0.001669,0,57.25,NaN
106.8000,-0.096459,0.003387,0,57.25,NaN
106.8080,-0.094994,-0.003338,0,57.25,NaN
106.8160,-0.099878,-0.006152,0,57.25,NaN
106.8240,-0.103785,-0.010330,0,57.25,NaN
106.8320,-0.107692,-0.015029,0,57.25,NaN
106.8400,-0.111600,-0.019247,0,57.25,NaN
106.8480,-0.114042,-0.022075,0,57.25,NaN
106.8560,-0.115018,-0.022879,0,57.25,NaN
106.8640,-0.114530,-0.021469,0,57.25,NaN
106.8720,-0.110623,-0.018230,0,57.25,NaN
106.8800,-0.105739,-0.014082,0,57.25,NaN
106.8880,-0.101343,-0.010121,0,57.25,NaN
106.8960,-0.097924,-0.007057,0,57.25,NaN
106.9040,-0.098901,-0.004789,0,57.25,NaN
106.9120,-0.101343,0.009927,0,57.25,NaN
106.9200,-0.106227,0.006730,0,57.25,NaN
106.9280,-0.109646,0.003571,0,57.25,NaN
106.9360,-0.111111,0.001611,0,57.25,NaN
106.9440,-0.111111,0.001477,0,57.25,NaN
106.9520,-0.110623,0.003197,0,57.25,NaN
106.9600,-0.109646,0.006220,0,57.25,NaN
106.9680,-0.103785,0.009434,0,57.25,NaN
106.9760,-0.101343,0.011485,0,57.25,NaN
106.9840,-0.103785,0.011447,0,57.25,NaN
106.9920,-0.107692,0.009242,0,57.25,NaN
107.0000,-0.111600,0.005450,0,57.25,NaN
107.0080,-0.115507,0.000873,0,57.25,NaN
107.0160,-0.115507,-0.018236,0,57.25,NaN
107.0240,-0.115507,-0.018397,0,57.25,NaN
107.0320,-0.116484,-0.016591,0,57.25,NaN
107.0400,-0.111111,-0.013252,0,57.25,NaN
107.0480,-0.106227,-0.009314,0,57.25,NaN
107.0560,-0.103785,-0.005852,0,57.25,NaN
107.0640,-0.101343,-0.003606,0,57.25,NaN
107.0720,-0.101832,-0.002790,0,57.25,NaN
107.0800,-0.102320,-0.003175,0,57.25,NaN
107.0880,-0.102320,-0.004314,0,57.25,NaN
107.0960,-0.104274,-0.005711,0,57.25,NaN
107.1040,-0.106716,-0.006956,0,57.25,NaN
107.1120,-0.105250,-0.007950,0,57.25,NaN
107.1200,-0.102808,-0.030941,0,57.25,NaN
107.1280,-0.102808,-0.032823,0,57.25,NaN
107.1360,-0.103785,-0.035667,0,57.25,NaN
107.1440,-0.105739,-0.039146,0,57.25,NaN
107.1520,-0.110134,-0.042304,0,57.25,NaN
107.1600,-0.109646,-0.044026,0,57.25,NaN
107.1680,-0.107692,-0.043644,0,57.25,NaN
107.1760,-0.101832,-0.041230,0,57.25,NaN
107.1840,-0.095971,-0.037356,0,57.25,NaN
107.1920,-0.092552,-0.032599,0,57.25,NaN
107.2000,-0.087179,-0.027277,0,57.25,NaN
107.2080,-0.080830,-0.021556,0,57.25,NaN
107.2160,-0.074481,-0.015624,0,57.25,NaN
107.2240,-0.069597,-0.057325,0,57.25,NaN
107.2320,-0.068620,-0.057631,0,57.25,NaN
107.2400,-0.066667,-0.059005,0,57.25,NaN
107.2480,-0.062759,-0.060827,0,57.25,NaN
107.2560,-0.062271,-0.062381,0,57.25,NaN
107.2640,-0.058852,-0.062892,0,57.25,NaN
107.2720,-0.054457,-0.061659,0,57.25,NaN
107.2800,-0.049573,-0.058278,0,57.25,NaN
107.2880,-0.039805,-0.052850,0,57.25,NaN
107.2960,-0.029548,-0.046048,0,57.25,NaN
107.3040,-0.017338,-0.038858,0,57.25,NaN
107.3120,-0.007570,-0.032058,0,57.25,NaN
107.3200,-0.000244,-0.025778,0,57.25,NaN
107.3280,0.005128,0.088815,0,57.25,NaN
107.3360,-0.000244,0.088567,0,57.25,NaN
107.3440,-0.002686,0.085392,0,57.25,NaN
107.3520,-0.006593,0.080406,0,57.25,NaN
107.3600,-0.010012,0.074284,0,57.25,NaN
107.3680,-0.012943,0.067289,0,57.25,NaN
107.3760,-0.019780,0.059749,0,57.25,NaN
107.3840,-0.028571,0.052453,0,57.25,NaN
107.3920,-0.033944,0.046482,0,57.25,NaN
107.4000,-0.036874,0.042600,0,57.25,NaN
107.4080,-0.036386,0.040809,0,57.25,NaN
107.4160,-0.033455,0.040455,0,57.25,NaN
107.4240,-0.035409,0.040735,0,57.25,NaN
107.4320,-0.039316,0.085870,0,57.25,NaN
107.4400,-0.050061,0.077208,0,57.25,NaN
107.4480,-0.062759,0.064822,0,57.25,NaN
107.4560,-0.076435,0.050325,0,57.25,NaN
107.4640,-0.092063,0.035912,0,57.25,NaN
107.4720,-0.105250,0.023811,0,57.25,NaN
107.4800,-0.114042,0.015632,0,57.25,NaN
107.4880,-0.116972,0.011850,0,57.25,NaN
107.4960,-0.116972,0.011840,0,57.25,NaN
107.5040,-0.116972,0.014445,0,57.25,NaN
107.5120,-0.116972,0.018619,0,57.25,NaN
107.5200,-0.116484,0.023685,0,57.25,NaN
107.5280,-0.114530,0.029211,0,57.25,NaN
107.5360,-0.114530,-0.035410,0,57.25,NaN
107.5440,-0.116484,-0.035204,0,57.25,NaN
107.5520,-0.117949,-0.034876,0,57.25,NaN
107.5600,-0.118437,-0.033727,0,57.25,NaN
107.5680,-0.116972,-0.031387,0,57.25,NaN
107.5760,-0.113553,-0.027996,0,57.25,NaN
107.5840,-0.111600,-0.024058,0,57.25,NaN
107.5920,-0.110623,-0.020170,0,57.25,NaN
107.6000,-0.109646,-0.016909,0,57.25,NaN
107.6080,-0.108669,-0.014866,0,57.25,NaN
107.6160,-0.109646,-0.014531,0,57.25,NaN
107.6240,-0.113553,-0.015969,0,57.25,NaN
107.6320,-0.120391,-0.018556,0,57.25,NaN
107.6400,-0.124298,-0.049476,0,57.25,NaN
107.6480,-0.125763,-0.050179,0,57.25,NaN
107.6560,-0.125275,-0.048406,0,57.25,NaN
107.6640,-0.123321,-0.044345,0,57.25,NaN
107.6720,-0.117949,-0.038823,0,57.25,NaN
107.6800,-0.114530,-0.033058,0,57.25,NaN
107.6880,-0.109646,-0.028274,0,57.25,NaN
107.6960,-0.108181,-0.025260,0,57.25,NaN
107.7040,-0.109646,-0.024069,0,57.25,NaN
107.7120,-0.111600,-0.024048,0,57.25,NaN
107.7200,-0.114530,-0.024265,0,57.25,NaN
107.7280,-0.114530,-0.024073,0,57.25,NaN
107.7360,-0.113553,-0.023438,0,57.25,NaN
107.7440,-0.113553,0.072265,0,57.25,NaN
107.7520,-0.114530,0.077448,0,57.25,NaN
107.7600,-0.113553,0.082881,0,57.25,NaN
107.7680,-0.111600,0.088118,0,57.25,NaN
107.7760,-0.111111,0.092430,0,57.25,NaN
107.7840,-0.111600,0.094958,0,57.25,NaN
107.7920,-0.115507,0.094858,0,57.25,NaN
107.8000,-0.117460,0.091438,0,57.25,NaN
107.8080,-0.127717,0.084450,0,57.25,NaN
107.8160,-0.140415,0.074413,0,57.25,NaN
107.8240,-0.155556,0.062520,0,57.25,NaN
107.8320,-0.170208,0.050015,0,57.25,NaN
107.8400,-0.180464,0.037556,0,57.25,NaN
107.8480,-0.181929,-0.950484,0,57.25,NaN
107.8560,-0.175092,-0.981023,0,57.25,NaN
107.8640,-0.151648,-0.998300,0,57.25,NaN
107.8720,-0.111600,-1.000000,0,57.25,NaN
107.8800,-0.054457,-0.984879,0,57.25,NaN
107.8880,0.022222,-0.952862,0,57.25,NaN
107.8960,0.112088,-0.905038,0,57.25,NaN
107.9040,0.219536,-0.843682,0,57.25,NaN
107.9120,0.343101,-0.772168,0,57.25,NaN
107.9200,0.466667,-0.694442,0,57.25,NaN
107.9280,0.597558,-0.614180,0,57.25,NaN
107.9360,0.732357,-0.534029,0,57.25,NaN
107.9440,0.852991,-0.455017,0,57.25,NaN
107.9520,0.914042,1.000000,1,57.25,NaN
107.9600,0.870085,0.991780,1,57.25,NaN
107.9680,0.742613,0.934142,0,57.25,NaN
107.9760,0.576557,0.839398,0,57.25,NaN
107.9840,0.404151,0.724804,0,57.25,NaN
107.9920,0.232234,0.607436,0,57.25,NaN
108.0000,0.073016,0.501674,0,57.25,NaN
108.0080,-0.064225,0.418600,0,57.25,NaN
108.0160,-0.161905,0.365638,0,57.25,NaN
108.0240,-0.214164,0.345860,0,57.25,NaN
108.0320,-0.226374,0.357384,0,57.25,NaN
108.0400,-0.204396,0.393424,0,57.25,NaN
108.0480,-0.161905,0.443125,0,57.25,NaN
108.0560,-0.115507,-0.033475,0,57.25,NaN
108.0640,-0.074481,0.013132,0,57.25,NaN
108.0720,-0.051526,0.047576,0,57.25,NaN
108.0800,-0.040293,0.066424,0,57.25,NaN
108.0880,-0.044200,0.070356,0,57.25,NaN
108.0960,-0.057387,0.062927,0,57.25,NaN
108.1040,-0.075458,0.049134,0,57.25,NaN
108.1120,-0.094994,0.034034,0,57.25,NaN
108.1200,-0.108669,0.021571,0,57.25,NaN
108.1280,-0.116484,0.013842,0,57.25,NaN
108.1360,-0.117460,0.011027,0,57.25,NaN
108.1440,-0.118437,0.011966,0,57.25,NaN
108.1520,-0.116972,0.014898,0,57.25,NaN
108.1600,-0.114042,-0.198521,0,57.25,NaN
108.1680,-0.110134,-0.202603,0,57.25,NaN
108.1760,-0.110134,-0.207948,0,57.25,NaN
108.1840,-0.115507,-0.214036,0,57.25,NaN
108.1920,-0.119414,-0.219283,0,57.25,NaN
108.2000,-0.122344,-0.221686,0,57.25,NaN
108.2080,-0.123321,-0.219531,0,57.25,NaN
108.2160,-0.120391,-0.211815,0,57.25,NaN
108.2240,-0.116972,-0.198311,0,57.25,NaN
108.2320,-0.113553,-0.179404,0,57.25,NaN
108.2400,-0.109158,-0.155974,0,57.25,NaN
108.2480,-0.103785,-0.129353,0,57.25,NaN
108.2560,-0.103297,-0.101135,0,57.25,NaN
108.2640,-0.105739,-0.060268,0,57.25,NaN
108.2720,-0.109646,-0.044950,0,57.25,NaN
108.2800,-0.113553,-0.032336,0,57.25,NaN
108.2880,-0.114042,-0.022138,0,57.25,NaN
108.2960,-0.111600,-0.014257,0,57.25,NaN
108.3040,-0.110623,-0.008781,0,57.25,NaN
108.3120,-0.108181,-0.005744,0,57.25,NaN
108.3200,-0.104762,-0.004962,0,57.25,NaN
108.3280,-0.103785,-0.005993,0,57.25,NaN
108.3360,-0.101832,-0.008182,0,57.25,NaN
108.3440,-0.101832,-0.010839,0,57.25,NaN
108.3520,-0.101832,-0.013478,0,57.25,NaN
108.3600,-0.101343,-0.015982,0,57.25,NaN
108.3680,-0.101343,-0.015457,0,57.25,NaN
108.3760,-0.101832,-0.015655,0,57.25,NaN
108.3840,-0.103785,-0.015150,0,57.25,NaN
108.3920,-0.102808,-0.013937,0,57.25,NaN
108.4000,-0.100366,-0.012257,0,57.25,NaN
108.4080,-0.098901,-0.010576,0,57.25,NaN
108.4160,-0.095971,-0.009347,0,57.25,NaN
108.4240,-0.095482,-0.008762,0,57.25,NaN
108.4320,-0.095482,-0.008643,0,57.25,NaN
108.4400,-0.094505,-0.008584,0,57.25,NaN
108.4480,-0.092552,-0.008217,0,57.25,NaN
108.4560,-0.091575,-0.007393,0,57.25,NaN
108.4640,-0.088156,-0.006242,0,57.25,NaN
108.4720,-0.086691,-0.003806,0,57.25,NaN
108.4800,-0.083272,-0.001794,0,57.25,NaN
108.4880,-0.078877,-0.000282,0,57.25,NaN
108.4960,-0.076923,0.000173,0,57.25,NaN
108.5040,-0.076435,-0.000622,0,57.25,NaN
108.5120,-0.078877,-0.002323,0,57.25,NaN
108.5200,-0.079365,-0.004242,0,57.25,NaN
108.5280,-0.078388,-0.005717,0,57.25,NaN
108.5360,-0.077411,-0.006311,0,57.25,NaN
108.5440,-0.077411,-0.005795,0,57.25,NaN
108.5520,-0.072527,-0.004170,0,57.25,NaN
108.5600,-0.070085,-0.001683,0,57.25,NaN
108.5680,-0.065690,0.001252,0,57.25,NaN
108.5760,-0.063736,0.012115,0,57.25,NaN
108.5840,-0.064713,0.011379,0,57.25,NaN
108.5920,-0.068132,0.010054,0,57.25,NaN
108.6000,-0.067643,0.009053,0,57.25,NaN
108.6080,-0.065201,0.008922,0,57.25,NaN
108.6160,-0.062759,0.009661,0,57.25,NaN
108.6240,-0.061783,0.010946,0,57.25,NaN
108.6320,-0.059829,0.012311,0,57.25,NaN
108.6400,-0.055922,0.013161,0,57.25,NaN
108.6480,-0.054945,0.012911,0,57.25,NaN
108.6560,-0.055922,0.011307,0,57.25,NaN
108.6640,-0.058852,0.008576,0,57.25,NaN
108.6720,-0.059829,0.005244,0,57.25,NaN
108.6800,-0.057875,-0.001253,0,57.25,NaN
108.6880,-0.055922,-0.001214,0,57.25,NaN
108.6960,-0.053968,-0.000296,0,57.25,NaN
108.7040,-0.051526,0.001305,0,57.25,NaN
108.7120,-0.049573,0.003346,0,57.25,NaN
108.7200,-0.044689,0.005434,0,57.25,NaN
108.7280,-0.041270,0.007031,0,57.25,NaN
108.7360,-0.039316,0.007698,0,57.25,NaN
108.7440,-0.039316,0.007327,0,57.25,NaN
108.7520,-0.039316,0.006138,0,57.25,NaN
108.7600,-0.039316,0.004471,0,57.25,NaN
108.7680,-0.039316,0.002594,0,57.25,NaN
108.7760,-0.039316,0.000650,0,57.25,NaN
108.7840,-0.038828,0.003029,0,57.25,NaN
108.7920,-0.035897,0.004059,0,57.25,NaN
108.8000,-0.031502,0.005009,0,57.25,NaN
108.8080,-0.029548,0.004986,0,57.25,NaN
108.8160,-0.030037,0.003517,0,57.25,NaN
108.8240,-0.033944,0.000867,0,57.25,NaN
108.8320,-0.034432,-0.002148,0,57.25,NaN
108.8400,-0.036386,-0.004600,0,57.25,NaN
108.8480,-0.035897,-0.005778,0,57.25,NaN
108.8560,-0.033455,-0.005348,0,57.25,NaN
108.8640,-0.031502,-0.003373,0,57.25,NaN
108.8720,-0.025641,-0.000241,0,57.25,NaN
108.8800,-0.022222,0.003481,0,57.25,NaN
108.8880,-0.018315,0.022008,0,57.25,NaN
108.8960,-0.016361,0.023529,0,57.25,NaN
108.9040,-0.017827,0.023959,0,57.25,NaN
108.9120,-0.019292,0.023894,0,57.25,NaN
108.9200,-0.016850,0.023856,0,57.25,NaN
108.9280,-0.015873,0.023950,0,57.25,NaN
108.9360,-0.015385,0.023953,0,57.25,NaN
108.9440,-0.014896,0.023567,0,57.25,NaN
108.9520,-0.016361,0.022563,0,57.25,NaN
108.9600,-0.016850,0.020805,0,57.25,NaN
108.9680,-0.017827,0.018250,0,57.25,NaN
108.9760,-0.021245,0.015004,0,57.25,NaN
108.9840,-0.023687,0.011361,0,57.25,NaN
108.9920,-0.028571,0.056123,0,57.25,NaN
109.0000,-0.031013,0.053591,0,57.25,NaN
109.0080,-0.036386,0.051404,0,57.25,NaN
109.0160,-0.038828,0.049822,0,57.25,NaN
109.0240,-0.041758,0.048828,0,57.25,NaN
109.0320,-0.044200,0.048043,0,57.25,NaN
109.0400,-0.044689,0.046809,0,57.25,NaN
109.0480,-0.049084,0.044500,0,57.25,NaN
109.0560,-0.054945,0.040906,0,57.25,NaN
109.0640,-0.061783,0.036368,0,57.25,NaN
109.0720,-0.069597,0.031555,0,57.25,NaN
109.0800,-0.076435,0.027053,0,57.25,NaN
109.0880,-0.079853,0.022972,0,57.25,NaN
109.0960,-0.083272,-0.000147,0,57.25,NaN
109.1040,-0.085714,-0.000292,0,57.25,NaN
109.1120,-0.085226,0.000437,0,57.25,NaN
109.1200,-0.085714,0.001033,0,57.25,NaN
109.1280,-0.085714,0.000581,0,57.25,NaN
109.1360,-0.091575,-0.001230,0,57.25,NaN
109.1440,-0.096459,-0.003897,0,57.25,NaN
109.1520,-0.102808,-0.006382,0,57.25,NaN
109.1600,-0.105739,-0.007712,0,57.25,NaN
109.1680,-0.106716,-0.007476,0,57.25,NaN
109.1760,-0.105739,-0.005925,0,57.25,NaN
109.1840,-0.105739,-0.003642,0,57.25,NaN
109.1920,-0.107692,-0.001100,0,57.25,NaN
109.2000,-0.109646,-0.037570,0,57.25,NaN
109.2080,-0.112088,-0.038151,0,57.25,NaN
109.2160,-0.111600,-0.038811,0,57.25,NaN
109.2240,-0.114530,-0.039307,0,57.25,NaN
109.2320,-0.116484,-0.039281,0,57.25,NaN
109.2400,-0.116972,-0.038354,0,57.25,NaN
109.2480,-0.116972,-0.036334,0,57.25,NaN
109.2560,-0.114530,-0.033330,0,57.25,NaN
109.2640,-0.114530,-0.029723,0,57.25,NaN
109.2720,-0.110623,-0.026085,0,57.25,NaN
109.2800,-0.108181,-0.023008,0,57.25,NaN
109.2880,-0.109646,-0.020767,0,57.25,NaN
109.2960,-0.110134,-0.019121,0,57.25,NaN
109.3040,-0.115507,-0.028667,0,57.25,NaN
109.3120,-0.116972,-0.030506,0,57.25,NaN
109.3200,-0.117949,-0.031481,0,57.25,NaN
109.3280,-0.119414,-0.030887,0,57.25,NaN
109.3360,-0.118437,-0.028331,0,57.25,NaN
109.3440,-0.115995,-0.023958,0,57.25,NaN
109.3520,-0.108669,-0.018633,0,57.25,NaN
109.3600,-0.103785,-0.013716,0,57.25,NaN
109.3680,-0.101343,-0.010440,0,57.25,NaN
109.3760,-0.101343,-0.009363,0,57.25,NaN
109.3840,-0.104274,-0.010260,0,57.25,NaN
109.3920,-0.106716,-0.012435,0,57.25,NaN
109.4000,-0.107692,-0.015170,0,57.25,NaN
109.4080,-0.106227,-0.003279,0,57.25,NaN
109.4160,-0.104274,-0.001341,0,57.25,NaN
109.4240,-0.102320,0.001539,0,57.25,NaN
109.4320,-0.100366,0.004682,0,57.25,NaN
109.4400,-0.094994,0.007192,0,57.25,NaN
109.4480,-0.093529,0.008247,0,57.25,NaN
109.4560,-0.095482,0.007590,0,57.25,NaN
109.4640,-0.098901,0.005732,0,57.25,NaN
109.4720,-0.101343,0.003594,0,57.25,NaN
109.4800,-0.101343,0.001941,0,57.25,NaN
109.4880,-0.101343,0.001084,0,57.25,NaN
109.4960,-0.101343,0.000943,0,57.25,NaN
109.5040,-0.100366,0.001210,0,57.25,NaN
109.5120,-0.097436,-0.000839,0,57.25,NaN
109.5200,-0.092063,0.000827,0,57.25,NaN
109.5280,-0.091087,0.001358,0,57.25,NaN
109.5360,-0.093040,0.000526,0,57.25,NaN
109.5440,-0.094505,-0.001157,0,57.25,NaN
109.5520,-0.096947,-0.002802,0,57.25,NaN
109.5600,-0.096459,-0.003664,0,57.25,NaN
109.5680,-0.094017,-0.003486,0,57.25,NaN
109.5760,-0.093040,-0.002489,0,57.25,NaN
109.5840,-0.090110,-0.001137,0,57.25,NaN
109.5920,-0.087668,0.000112,0,57.25,NaN
109.6000,-0.087668,0.001027,0,57.25,NaN
109.6080,-0.086203,0.001681,0,57.25,NaN
109.6160,-0.087668,0.012497,0,57.25,NaN
109.6240,-0.092063,0.010238,0,57.25,NaN
109.6320,-0.093040,0.008061,0,57.25,NaN
109.6400,-0.093040,0.006512,0,57.25,NaN
109.6480,-0.093040,0.005792,0,57.25,NaN
109.6560,-0.093529,0.005865,0,57.25,NaN
109.6640,-0.092063,0.006540,0,57.25,NaN
109.6720,-0.091575,0.007484,0,57.25,NaN
109.6800,-0.090598,0.008248,0,57.25,NaN
109.6880,-0.088645,0.008363,0,57.25,NaN
109.6960,-0.089621,0.007536,0,57.25,NaN
109.7040,-0.092552,0.005843,0,57.25,NaN
109.7120,-0.093529,0.003672,0,57.25,NaN
109.7200,-0.094017,-0.004103,0,57.25,NaN
109.7280,-0.093529,-0.003863,0,57.25,NaN
109.7360,-0.093040,-0.002488,0,57.25,NaN
109.7440,-0.088645,-0.000432,0,57.25,NaN
109.7520,-0.085714,0.001506,0,57.25,NaN
109.7600,-0.084737,0.002577,0,57.25,NaN
109.7680,-0.084737,0.002466,0,57.25,NaN
109.7760,-0.085714,0.001406,0,57.25,NaN
109.7840,-0.088645,0.000021,0,57.25,NaN
109.7920,-0.089133,-0.001041,0,57.25,NaN
109.8000,-0.087179,-0.001486,0,57.25,NaN
109.8080,-0.086203,-0.001433,0,57.25,NaN
109.8160,-0.086203,-0.001151,0,57.25,NaN
109.8240,-0.088156,0.000272,0,57.25,NaN
109.8320,-0.087668,-0.000342,0,57.25,NaN
109.8400,-0.088645,-0.001126,0,57.25,NaN
109.8480,-0.087668,-0.002132,0,57.25,NaN
109.8560,-0.088156,-0.003338,0,57.25,NaN
109.8640,-0.092063,-0.004492,0,57.25,NaN
109.8720,-0.091087,-0.005223,0,57.25,NaN
109.8800,-0.090598,-0.005332,0,57.25,NaN
109.8880,-0.089133,-0.004853,0,57.25,NaN
109.8960,-0.090598,-0.003916,0,57.25,NaN
109.9040,-0.087179,-0.002712,0,57.25,NaN
109.9120,-0.085226,-0.001491,0,57.25,NaN
109.9200,-0.085714,-0.000378,0,57.25,NaN
109.9280,-0.086203,-0.004291,0,57.25,NaN
109.9360,-0.090598,-0.007823,0,57.25,NaN
109.9440,-0.095971,-0.011519,0,57.25,NaN
109.9520,-0.097924,-0.014167,0,57.25,NaN
109.9600,-0.098413,-0.014968,0,57.25,NaN
109.9680,-0.095482,-0.013866,0,57.25,NaN
109.9760,-0.092552,-0.011460,0,57.25,NaN
109.9840,-0.089133,-0.008666,0,57.25,NaN
109.9920,-0.086203,-0.006340,0,57.25,NaN
110.0000,-0.085714,-0.004976,0,57.25,NaN
110.0080,-0.085714,-0.004623,0,57.25,NaN
110.0160,-0.085714,-0.005012,0,57.25,NaN
110.0240,-0.085714,-0.005773,0,57.25,NaN
110.0320,-0.086203,0.010468,0,57.25,NaN
110.0400,-0.085714,0.010648,0,57.25,NaN
110.0480,-0.085714,0.010647,0,57.25,NaN
110.0560,-0.086203,0.010111,0,57.25,NaN
110.0640,-0.087179,0.008680,0,57.25,NaN
110.0720,-0.090110,0.006157,0,57.25,NaN
110.0800,-0.092063,0.002652,0,57.25,NaN
110.0880,-0.095971,-0.001270,0,57.25,NaN
110.0960,-0.101832,-0.004523,0,57.25,NaN
110.1040,-0.106227,-0.005817,0,57.25,NaN
110.1120,-0.102808,-0.004366,0,57.25,NaN
110.1200,-0.098901,-0.000376,0,57.25,NaN
110.1280,-0.094017,0.005089,0,57.25,NaN
110.1360,-0.090110,-0.049192,0,57.25,NaN
110.1440,-0.087179,-0.046178,0,57.25,NaN
110.1520,-0.083272,-0.043598,0,57.25,NaN
110.1600,-0.077900,-0.041755,0,57.25,NaN
110.1680,-0.075458,-0.040844,0,57.25,NaN
110.1760,-0.075458,-0.040781,0,57.25,NaN
110.1840,-0.071551,-0.041206,0,57.25,NaN
110.1920,-0.070085,-0.041579,0,57.25,NaN
110.2000,-0.068620,-0.041135,0,57.25,NaN
110.2080,-0.067155,-0.038966,0,57.25,NaN
110.2160,-0.061294,-0.034448,0,57.25,NaN
110.2240,-0.051038,-0.027710,0,57.25,NaN
110.2320,-0.041758,-0.019672,0,57.25,NaN
110.2400,-0.034432,-0.017497,0,57.25,NaN
110.2480,-0.031013,-0.016036,0,57.25,NaN
110.2560,-0.032479,-0.016537,0,57.25,NaN
110.2640,-0.032479,-0.017464,0,57.25,NaN
110.2720,-0.031013,-0.017123,0,57.25,NaN
110.2800,-0.024664,-0.014530,0,57.25,NaN
110.2880,-0.016850,-0.009806,0,57.25,NaN
110.2960,-0.009035,-0.004031,0,57.25,NaN
110.3040,-0.000733,0.001154,0,57.25,NaN
110.3120,0.008059,0.004037,0,57.25,NaN
110.3200,0.009035,0.003494,0,57.25,NaN
110.3280,0.008059,-0.000433,0,57.25,NaN
110.3360,0.003663,-0.006461,0,57.25,NaN
110.3440,-0.006593,0.117519,0,57.25,NaN
110.3520,-0.010012,0.112801,0,57.25,NaN
110.3600,-0.015385,0.109021,0,57.25,NaN
110.3680,-0.021734,0.106977,0,57.25,NaN
110.3760,-0.023687,0.106800,0,57.25,NaN
110.3840,-0.023199,0.107722,0,57.25,NaN
110.3920,-0.023199,0.108126,0,57.25,NaN
110.4000,-0.023687,0.106133,0,57.25,NaN
110.4080,-0.031013,0.100437,0,57.25,NaN
110.4160,-0.044200,0.090930,0,57.25,NaN
110.4240,-0.059829,0.078572,0,57.25,NaN
110.4320,-0.071551,0.064641,0,57.25,NaN
110.4400,-0.085714,0.050123,0,57.25,NaN
110.4480,-0.098413,-0.009593,0,57.25,NaN
110.4560,-0.107692,-0.017913,0,57.25,NaN
110.4640,-0.111111,-0.022350,0,57.25,NaN
110.4720,-0.110623,-0.023777,0,57.25,NaN
110.4800,-0.109646,-0.023734,0,57.25,NaN
110.4880,-0.111111,-0.023608,0,57.25,NaN
110.4960,-0.114042,-0.024013,0,57.25,NaN
110.5040,-0.116972,-0.024715,0,57.25,NaN
110.5120,-0.119414,-0.024982,0,57.25,NaN
110.5200,-0.120391,-0.024052,0,57.25,NaN
110.5280,-0.119902,-0.021507,0,57.25,NaN
110.5360,-0.117460,-0.017458,0,57.25,NaN
110.5440,-0.115018,-0.012497,0,57.25,NaN
110.5520,-0.110623,-0.015593,0,57.25,NaN
110.5600,-0.109646,-0.014265,0,57.25,NaN
110.5680,-0.113553,-0.015769,0,57.25,NaN
110.5760,-0.122344,-0.019456,0,57.25,NaN
110.5840,-0.130159,-0.023770,0,57.25,NaN
110.5920,-0.134066,-0.027087,0,57.25,NaN
110.6000,-0.137485,-0.028351,0,57.25,NaN
110.6080,-0.139927,-0.027211,0,57.25,NaN
110.6160,-0.139927,-0.023945,0,57.25,NaN
110.6240,-0.139438,-0.019404,0,57.25,NaN
110.6320,-0.134066,-0.014809,0,57.25,NaN
110.6400,-0.134066,-0.011143,0,57.25,NaN
110.6480,-0.139438,-0.008422,0,57.25,NaN
110.6560,-0.147741,-0.043739,0,57.25,NaN
110.6640,-0.148718,-0.044068,0,57.25,NaN
110.6720,-0.148230,-0.041816,0,57.25,NaN
110.6800,-0.143834,-0.036721,0,57.25,NaN
110.6880,-0.138950,-0.029472,0,57.25,NaN
110.6960,-0.132601,-0.021388,0,57.25,NaN
110.7040,-0.127228,-0.014031,0,57.25,NaN
110.7120,-0.123810,-0.008813,0,57.25,NaN
110.7200,-0.122833,-0.006623,0,57.25,NaN
110.7280,-0.125275,-0.007561,0,57.25,NaN
110.7360,-0.132601,-0.010935,0,57.25,NaN
110.7440,-0.136996,-0.015680,0,57.25,NaN
110.7520,-0.139927,-0.020935,0,57.25,NaN
110.7600,-0.137973,-0.014263,0,57.25,NaN
110.7680,-0.134554,-0.010317,0,57.25,NaN
110.7760,-0.131136,-0.005345,0,57.25,NaN
110.7840,-0.123810,-0.001966,0,57.25,NaN
110.7920,-0.120391,-0.003221,0,57.25,NaN
110.8000,-0.125275,-0.011261,0,57.25,NaN
110.8080,-0.136996,-0.025866,0,57.25,NaN
110.8160,-0.158486,-0.043654,0,57.25,NaN
110.8240,-0.177534,-0.058651,0,57.25,NaN
110.8320,-0.187302,-0.064245,0,57.25,NaN
110.8400,-0.185836,-0.055822,0,57.25,NaN
110.8480,-0.164347,-0.033152,0,57.25,NaN
110.8560,-0.124298,-0.001421,0,57.25,NaN
110.8640,-0.057387,-0.526174,0,57.25,NaN
110.8720,0.024664,-0.458318,0,57.25,NaN
110.8800,0.118926,-0.372020,0,57.25,NaN
110.8880,0.226374,-0.270327,0,57.25,NaN
110.8960,0.341636,-0.156893,0,57.25,NaN
110.9040,0.457875,-0.037288,0,57.25,NaN
110.9120,0.576557,0.078809,0,57.25,NaN
110.9200,0.695726,0.175576,1,57.25,NaN
110.9280,0.802198,0.231804,1,57.25,NaN
110.9360,0.849084,0.226860,0,57.25,NaN
110.9440,0.812943,0.150379,0,57.25,NaN
110.9520,0.697192,0.009951,0,57.25,NaN
110.9600,0.547253,-0.168383,0,57.25,NaN
110.9680,0.380220,0.530511,0,57.25,NaN
110.9760,0.211233,0.336518,0,57.25,NaN
110.9840,0.046154,0.154417,0,57.25,NaN
110.9920,-0.100855,0.002676,0,57.25,NaN
111.0000,-0.202930,-0.104858,0,57.25,NaN
111.0080,-0.258120,-0.161574,0,57.25,NaN
111.0160,-0.263492,-0.169901,0,57.25,NaN
111.0240,-0.226862,-0.140834,0,57.25,NaN
111.0320,-0.178022,-0.090715,0,57.25,NaN
111.0400,-0.125275,-0.036189,0,57.25,NaN
111.0480,-0.087668,0.010745,0,57.25,NaN
111.0560,-0.068620,0.045858,0,57.25,NaN
111.0640,-0.062759,0.072866,0,57.25,NaN
111.0720,-0.068620,0.048145,0,57.25,NaN
111.0800,-0.080830,0.039097,0,57.25,NaN
111.0880,-0.098413,0.025966,0,57.25,NaN
111.0960,-0.115995,0.013746,0,57.25,NaN
111.1040,-0.122833,0.005504,0,57.25,NaN
111.1120,-0.125275,0.001800,0,57.25,NaN
111.1200,-0.124298,0.001247,0,57.25,NaN
111.1280,-0.123810,0.001876,0,57.25,NaN
111.1360,-0.129670,0.002373,0,57.25,NaN
111.1440,-0.132601,0.002435,0,57.25,NaN
111.1520,-0.132601,0.002276,0,57.25,NaN
111.1600,-0.136996,0.002128,0,57.25,NaN
111.1680,-0.140415,0.002110,0,57.25,NaN
111.1760,-0.143834,-0.281465,0,57.25,NaN
111.1840,-0.143346,-0.284696,0,57.25,NaN
111.1920,-0.138462,-0.286027,0,57.25,NaN
111.2000,-0.135043,-0.286825,0,57.25,NaN
111.2080,-0.144811,-0.287340,0,57.25,NaN
111.2160,-0.160440,-0.285760,0,57.25,NaN
111.2240,-0.169231,-0.279154,0,57.25,NaN
111.2320,-0.168742,-0.265520,0,57.25,NaN
111.2400,-0.163370,-0.245020,0,57.25,NaN
111.2480,-0.154090,-0.219607,0,57.25,NaN
111.2560,-0.145299,-0.191773,0,57.25,NaN
111.2640,-0.129670,-0.163432,0,57.25,NaN
111.2720,-0.117949,-0.135364,0,57.25,NaN
111.2800,-0.116972,-0.009268,0,57.25,NaN
111.2880,-0.132601,-0.015148,0,57.25,NaN
111.2960,-0.152625,-0.026664,0,57.25,NaN
111.3040,-0.162393,-0.037093,0,57.25,NaN
111.3120,-0.160440,-0.040827,0,57.25,NaN
111.3200,-0.149206,-0.035201,0,57.25,NaN
111.3280,-0.136020,-0.020818,0,57.25,NaN
111.3360,-0.116484,-0.001283,0,57.25,NaN
111.3440,-0.089133,0.017300,0,57.25,NaN
111.3520,-0.070574,0.027900,0,57.25,NaN
111.3600,-0.071551,0.025534,0,57.25,NaN
111.3680,-0.093529,0.009976,0,57.25,NaN
111.3760,-0.121368,-0.013798,0,57.25,NaN
111.3840,-0.138950,-0.009383,0,57.25,NaN
111.3920,-0.148230,-0.020551,0,57.25,NaN
111.4000,-0.147253,-0.021308,0,57.25,NaN
111.4080,-0.136020,-0.011708,0,57.25,NaN
111.4160,-0.121856,0.005325,0,57.25,NaN
111.4240,-0.098413,0.024774,0,57.25,NaN
111.4320,-0.079853,0.040745,0,57.25,NaN
111.4400,-0.067155,0.048318,0,57.25,NaN
111.4480,-0.073016,0.045560,0,57.25,NaN
111.4560,-0.093040,0.034364,0,57.25,NaN
111.4640,-0.112576,0.019069,0,57.25,NaN
111.4720,-0.123321,0.003557,0,57.25,NaN
111.4800,-0.125763,-0.010896,0,57.25,NaN
111.4880,-0.123321,-0.033345,0,57.25,NaN
111.4960,-0.118437,-0.031463,0,57.25,NaN
111.5040,-0.108669,-0.028457,0,57.25,NaN
111.5120,-0.102320,-0.027206,0,57.25,NaN
111.5200,-0.102808,-0.028898,0,57.25,NaN
111.5280,-0.113553,-0.032273,0,57.25,NaN
111.5360,-0.116972,-0.034566,0,57.25,NaN
111.5440,-0.112088,-0.033640,0,57.25,NaN
111.5520,-0.098901,-0.029469,0,57.25,NaN
111.5600,-0.086203,-0.023773,0,57.25,NaN
111.5680,-0.082784,-0.018395,0,57.25,NaN
111.5760,-0.080342,-0.014086,0,57.25,NaN
111.5840,-0.074969,-0.010539,0,57.25,NaN
111.5920,-0.075458,-0.009964,0,57.25,NaN
111.6000,-0.085714,-0.021618,0,57.25,NaN
111.6080,-0.106227,-0.035913,0,57.25,NaN
111.6160,-0.125763,-0.048875,0,57.25,NaN
111.6240,-0.132601,-0.056517,0,57.25,NaN
111.6320,-0.125275,-0.056594,0,57.25,NaN
111.6400,-0.114042,-0.049263,0,57.25,NaN
111.6480,-0.099878,-0.036712,0,57.25,NaN
111.6560,-0.078388,-0.022576,0,57.25,NaN
111.6640,-0.057387,-0.011193,0,57.25,NaN
111.6720,-0.043712,-0.006203,0,57.25,NaN
111.6800,-0.046642,-0.008720,0,57.25,NaN
111.6880,-0.063248,-0.016310,0,57.25,NaN
111.6960,-0.082784,0.033644,0,57.25,NaN
111.7040,-0.086691,0.026495,0,57.25,NaN
111.7120,-0.085714,0.026893,0,57.25,NaN
111.7200,-0.071551,0.034830,0,57.25,NaN
111.7280,-0.059829,0.047255,0,57.25,NaN
111.7360,-0.048107,0.059517,0,57.25,NaN
111.7440,-0.035409,0.066907,0,57.25,NaN
111.7520,-0.035409,0.066266,0,57.25,NaN
111.7600,-0.048107,0.057484,0,57.25,NaN
111.7680,-0.069109,0.043741,0,57.25,NaN
111.7760,-0.088645,0.029758,0,57.25,NaN
111.7840,-0.096459,0.018887,0,57.25,NaN
111.7920,-0.091575,0.011040,0,57.25,NaN
111.8000,-0.079365,-0.022569,0,57.25,NaN
111.8080,-0.065201,-0.009187,0,57.25,NaN
111.8160,-0.051038,0.005263,0,57.25,NaN
111.8240,-0.034432,0.016148,0,57.25,NaN
111.8320,-0.026129,0.019917,0,57.25,NaN
111.8400,-0.030525,0.015558,0,57.25,NaN
111.8480,-0.045665,0.005329,0,57.25,NaN
111.8560,-0.060806,-0.006235,0,57.25,NaN
111.8640,-0.065690,-0.014606,0,57.25,NaN
111.8720,-0.062759,-0.017203,0,57.25,NaN
111.8800,-0.056410,-0.013803,0,57.25,NaN
111.8880,-0.049084,-0.005789,0,57.25,NaN
111.8960,-0.038339,0.004670,0,57.25,NaN
111.9040,-0.023687,0.039694,0,57.25,NaN
111.9120,-0.015873,0.042207,0,57.25,NaN
111.9200,-0.020757,0.037121,0,57.25,NaN
111.9280,-0.038339,0.026329,0,57.25,NaN
111.9360,-0.054457,0.014232,0,57.25,NaN
111.9440,-0.060806,0.005313,0,57.25,NaN
111.9520,-0.057387,0.002002,0,57.25,NaN
111.9600,-0.054457,0.004221,0,57.25,NaN
111.9680,-0.051038,0.010128,0,57.25,NaN
111.9760,-0.042247,0.016879,0,57.25,NaN
111.9840,-0.030525,0.021400,0,57.25,NaN
111.9920,-0.030037,0.021841,0,57.25,NaN
112.0000,-0.041758,0.019048,0,57.25,NaN
112.0080,-0.063736,0.043673,0,57.25,NaN
112.0160,-0.084249,0.031773,0,57.25,NaN
112.0240,-0.090110,0.025764,0,57.25,NaN
112.0320,-0.083272,0.027461,0,57.25,NaN
112.0400,-0.073016,0.035371,0,57.25,NaN
112.0480,-0.069597,0.046175,0,57.25,NaN
112.0560,-0.062759,0.056178,0,57.25,NaN
112.0640,-0.054945,0.061961,0,57.25,NaN
112.0720,-0.054945,0.061078,0,57.25,NaN
112.0800,-0.067643,0.053091,0,57.25,NaN
112.0880,-0.088156,0.039861,0,57.25,NaN
112.0960,-0.106716,0.024250,0,57.25,NaN
112.1040,-0.113553,0.008201,0,57.25,NaN
112.1120,-0.114530,-0.025642,0,57.25,NaN
112.1200,-0.112088,-0.022165,0,57.25,NaN
112.1280,-0.108669,-0.013761,0,57.25,NaN
112.1360,-0.098901,-0.003632,0,57.25,NaN
112.1440,-0.085226,0.004141,0,57.25,NaN
112.1520,-0.083272,0.005993,0,57.25,NaN
112.1600,-0.090110,0.000789,0,57.25,NaN
112.1680,-0.109158,-0.009254,0,57.25,NaN
112.1760,-0.124786,-0.019561,0,57.25,NaN
112.1840,-0.132601,-0.025574,0,57.25,NaN
112.1920,-0.130159,-0.024886,0,57.25,NaN
112.2000,-0.121856,-0.017957,0,57.25,NaN
112.2080,-0.114530,-0.007404,0,57.25,NaN
112.2160,-0.099878,-0.052373,0,57.25,NaN
112.2240,-0.084249,-0.042659,0,57.25,NaN
112.2320,-0.076923,-0.039458,0,57.25,NaN
112.2400,-0.085226,-0.043676,0,57.25,NaN
112.2480,-0.101343,-0.052765,0,57.25,NaN
112.2560,-0.113553,-0.062130,0,57.25,NaN
112.2640,-0.115507,-0.067666,0,57.25,NaN
112.2720,-0.110134,-0.067482,0,57.25,NaN
112.2800,-0.101343,-0.061890,0,57.25,NaN
112.2880,-0.096459,-0.052340,0,57.25,NaN
112.2960,-0.084249,-0.040581,0,57.25,NaN
112.3040,-0.066667,-0.028211,0,57.25,NaN
112.3120,-0.062759,-0.016061,0,57.25,NaN
112.3200,-0.072039,0.018219,0,57.25,NaN
112.3280,-0.090598,0.009595,0,57.25,NaN
112.3360,-0.100366,0.001828,0,57.25,NaN
112.3440,-0.101343,-0.001096,0,57.25,NaN
112.3520,-0.095482,0.002273,0,57.25,NaN
112.3600,-0.085714,0.010873,0,57.25,NaN
112.3680,-0.079365,0.022066,0,57.25,NaN
112.3760,-0.068620,0.032466,0,57.25,NaN
112.3840,-0.058852,0.038590,0,57.25,NaN
112.3920,-0.058852,0.037841,0,57.25,NaN
112.4000,-0.069597,0.029637,0,57.25,NaN
112.4080,-0.087179,0.015602,0,57.25,NaN
112.4160,-0.097924,-0.001437,0,57.25,NaN
112.4240,-0.097924,-0.023387,0,57.25,NaN
112.4320,-0.088156,-0.019195,0,57.25,NaN
112.4400,-0.078388,-0.008907,0,57.25,NaN
112.4480,-0.066667,0.004517,0,57.25,NaN
112.4560,-0.051038,0.017181,0,57.25,NaN
112.4640,-0.038339,0.025080,0,57.25,NaN
112.4720,-0.033455,0.025484,0,57.25,NaN
112.4800,-0.041270,0.018488,0,57.25,NaN
112.4880,-0.061294,0.007422,0,57.25,NaN
112.4960,-0.070574,-0.002759,0,57.25,NaN
112.5040,-0.072527,-0.008154,0,57.25,NaN
112.5120,-0.068132,-0.007737,0,57.25,NaN
112.5200,-0.057875,-0.003491,0,57.25,NaN
112.5280,-0.051526,0.002313,0,57.25,NaN
112.5360,-0.036874,0.012217,0,57.25,NaN
112.5440,-0.024664,0.017808,0,57.25,NaN
112.5520,-0.023199,0.016266,0,57.25,NaN
112.5600,-0.032967,0.007591,0,57.25,NaN
112.5680,-0.053480,-0.005087,0,57.25,NaN
112.5760,-0.063248,-0.017138,0,57.25,NaN
112.5840,-0.066667,-0.024848,0,57.25,NaN
112.5920,-0.059829,-0.026701,0,57.25,NaN
112.6000,-0.055922,-0.022937,0,57.25,NaN
112.6080,-0.051038,-0.014482,0,57.25,NaN
112.6160,-0.038828,-0.002521,0,57.25,NaN
112.6240,-0.025153,0.011360,0,57.25,NaN
112.6320,-0.023199,0.035531,0,57.25,NaN
112.6400,-0.035897,0.029289,0,57.25,NaN
112.6480,-0.051038,0.019959,0,57.25,NaN
112.6560,-0.059829,0.011787,0,57.25,NaN
112.6640,-0.059341,0.007951,0,57.25,NaN
112.6720,-0.054945,0.009497,0,57.25,NaN
112.6800,-0.052015,0.015618,0,57.25,NaN
112.6880,-0.045177,0.024223,0,57.25,NaN
112.6960,-0.034921,0.032199,0,57.25,NaN
112.7040,-0.025641,0.035964,0,57.25,NaN
112.7120,-0.026129,0.032848,0,57.25,NaN
112.7200,-0.038828,0.022620,0,57.25,NaN
112.7280,-0.054945,0.007923,0,57.25,NaN
112.7360,-0.062271,0.007297,0,57.25,NaN
112.7440,-0.063736,0.003501,0,57.25,NaN
112.7520,-0.059341,0.005508,0,57.25,NaN
112.7600,-0.056410,0.012692,0,57.25,NaN
112.7680,-0.050061,0.023036,0,57.25,NaN
112.7760,-0.035409,0.033204,0,57.25,NaN
112.7840,-0.023199,0.039204,0,57.25,NaN
112.7920,-0.023199,0.038263,0,57.25,NaN
112.8000,-0.038828,0.030719,0,57.25,NaN
112.8080,-0.057387,0.020014,0,57.25,NaN
112.8160,-0.069109,0.010450,0,57.25,NaN
112.8240,-0.070574,0.004448,0,57.25,NaN
112.8320,-0.067643,0.001338,0,57.25,NaN
112.8400,-0.061294,-0.024568,0,57.25,NaN
112.8480,-0.053480,-0.014873,0,57.25,NaN
112.8560,-0.038828,-0.006002,0,57.25,NaN
112.8640,-0.031013,-0.001781,0,57.25,NaN
112.8720,-0.032967,-0.004293,0,57.25,NaN
112.8800,-0.046642,-0.012615,0,57.25,NaN
112.8880,-0.061294,-0.023181,0,57.25,NaN
112.8960,-0.069109,-0.031674,0,57.25,NaN
112.9040,-0.069597,-0.035031,0,57.25,NaN
112.9120,-0.063736,-0.032368,0,57.25,NaN
112.9200,-0.053480,-0.024640,0,57.25,NaN
112.9280,-0.045177,-0.013641,0,57.25,NaN
112.9360,-0.035897,-0.001143,0,57.25,NaN
112.9440,-0.031502,-0.047817,0,57.25,NaN
112.9520,-0.035409,-0.054164,0,57.25,NaN
112.9600,-0.049084,-0.064088,0,57.25,NaN
112.9680,-0.060806,-0.073535,0,57.25,NaN
112.9760,-0.062271,-0.078514,0,57.25,NaN
112.9840,-0.054457,-0.076923,0,57.25,NaN
112.9920,-0.044200,-0.069019,0,57.25,NaN
113.0000,-0.030525,-0.056815,0,57.25,NaN
113.0080,-0.017827,-0.043310,0,57.25,NaN
113.0160,-0.001221,-0.031918,0,57.25,NaN
113.0240,0.012943,-0.025627,0,57.25,NaN
113.0320,0.014896,-0.025561,0,57.25,NaN
113.0400,0.005617,-0.029833,0,57.25,NaN
113.0480,-0.012454,-0.034498,0,57.25,NaN
113.0560,-0.019780,-0.045566,0,57.25,NaN
113.0640,-0.018803,-0.050743,0,57.25,NaN
113.0720,-0.012943,-0.047843,0,57.25,NaN
113.0800,-0.004151,-0.036926,0,57.25,NaN
113.0880,0.015385,-0.020243,0,57.25,NaN
113.0960,0.039316,-0.002041,0,57.25,NaN
113.1040,0.059829,0.012526,0,57.25,NaN
113.1120,0.070574,0.019338,0,57.25,NaN
113.1200,0.066178,0.016985,0,57.25,NaN
113.1280,0.054945,0.006961,0,57.25,NaN
113.1360,0.044689,-0.007745,0,57.25,NaN
113.1440,0.039316,-0.024399,0,57.25,NaN
113.1520,0.039316,0.107698,0,57.25,NaN
113.1600,0.038828,0.109381,0,57.25,NaN
113.1680,0.039316,0.112893,0,57.25,NaN
113.1760,0.046154,0.115467,0,57.25,NaN
113.1840,0.047131,0.114129,0,57.25,NaN
113.1920,0.039316,0.107214,0,57.25,NaN
113.2000,0.023199,0.095548,0,57.25,NaN
113.2080,-0.000244,0.082150,0,57.25,NaN
113.2160,-0.008547,0.070397,0,57.25,NaN
113.2240,-0.013919,0.062137,0,57.25,NaN
113.2320,-0.015873,0.057302,0,57.25,NaN
113.2400,-0.022222,0.054821,0,57.25,NaN
113.2480,-0.025641,0.053493,0,57.25,NaN
113.2560,-0.026129,0.024552,0,57.25,NaN
113.2640,-0.033455,0.013784,0,57.25,NaN
113.2720,-0.051038,-0.001320,0,57.25,NaN
113.2800,-0.073993,-0.017948,0,57.25,NaN
113.2880,-0.092552,-0.031886,0,57.25,NaN
113.2960,-0.099389,-0.039737,0,57.25,NaN
113.3040,-0.094994,-0.040531,0,57.25,NaN
113.3120,-0.090598,-0.035619,0,57.25,NaN
113.3200,-0.087179,-0.027425,0,57.25,NaN
113.3280,-0.082784,-0.018413,0,57.25,NaN
113.3360,-0.073504,-0.010662,0,57.25,NaN
113.3440,-0.070574,-0.005328,0,57.25,NaN
113.3520,-0.076435,-0.001914,0,57.25,NaN
113.3600,-0.093040,-0.035820,0,57.25,NaN
113.3680,-0.106716,-0.043606,0,57.25,NaN
113.3760,-0.109158,-0.047102,0,57.25,NaN
113.3840,-0.106716,-0.044252,0,57.25,NaN
113.3920,-0.098901,-0.035288,0,57.25,NaN
113.4000,-0.090598,-0.022259,0,57.25,NaN
113.4080,-0.080342,-0.008392,0,57.25,NaN
113.4160,-0.069109,0.002586,0,57.25,NaN
113.4240,-0.065201,0.007528,0,57.25,NaN
113.4320,-0.073016,0.005241,0,57.25,NaN
113.4400,-0.093529,-0.002908,0,57.25,NaN
113.4480,-0.110134,-0.014119,0,57.25,NaN
113.4560,-0.115507,-0.026187,0,57.25,NaN
113.4640,-0.111600,-0.044822,0,57.25,NaN
113.4720,-0.104274,-0.036349,0,57.25,NaN
113.4800,-0.097924,-0.023520,0,57.25,NaN
113.4880,-0.086203,-0.009801,0,57.25,NaN
113.4960,-0.073504,0.000738,0,57.25,NaN
113.5040,-0.067643,0.004569,0,57.25,NaN
113.5120,-0.073016,0.000469,0,57.25,NaN
113.5200,-0.094017,-0.009352,0,57.25,NaN
113.5280,-0.111600,-0.020077,0,57.25,NaN
113.5360,-0.118437,-0.026821,0,57.25,NaN
113.5440,-0.116972,-0.026958,0,57.25,NaN
113.5520,-0.110134,-0.020809,0,57.25,NaN
113.5600,-0.101343,-0.010964,0,57.25,NaN
113.5680,-0.091087,0.057160,0,57.25,NaN
113.5760,-0.073993,0.071811,0,57.25,NaN
113.5840,-0.064713,0.079905,0,57.25,NaN
113.5920,-0.069597,0.078742,0,57.25,NaN
113.6000,-0.085714,0.068598,0,57.25,NaN
113.6080,-0.107692,0.052448,0,57.25,NaN
113.6160,-0.123810,0.034393,0,57.25,NaN
113.6240,-0.136996,0.018212,0,57.25,NaN
113.6320,-0.149695,0.006978,0,57.25,NaN
113.6400,-0.161905,0.003189,0,57.25,NaN
113.6480,-0.163370,0.008242,0,57.25,NaN
113.6560,-0.149206,0.021368,0,57.25,NaN
113.6640,-0.134066,0.039309,0,57.25,NaN
113.6720,-0.115507,-0.925851,0,57.25,NaN
113.6800,-0.087179,-0.926468,0,57.25,NaN
113.6880,-0.044200,-0.907595,0,57.25,NaN
113.6960,0.029548,-0.864050,0,57.25,NaN
113.7040,0.125275,-0.793572,0,57.25,NaN
113.7120,0.242491,-0.698103,0,57.25,NaN
113.7200,0.369963,-0.584498,0,57.25,NaN
113.7280,0.508181,-0.465408,0,57.25,NaN
113.7360,0.648840,-0.359887,0,57.25,NaN
113.7440,0.789988,-0.291274,1,57.25,NaN
113.7520,0.883272,-0.279358,1,57.25,NaN
113.7600,0.876435,-0.327980,0,57.25,NaN
113.7680,0.778266,-0.416652,0,57.25,NaN
113.7760,0.621978,0.811450,0,57.25,NaN
113.7840,0.454457,0.655684,0,57.25,NaN
113.7920,0.287912,0.490177,0,57.25,NaN
113.8000,0.129670,0.334787,0,57.25,NaN
113.8080,-0.008059,0.203906,0,57.25,NaN
113.8160,-0.109158,0.106375,0,57.25,NaN
113.8240,-0.177045,0.045856,0,57.25,NaN
113.8320,-0.209768,0.021556,0,57.25,NaN
113.8400,-0.211722,0.029121,0,57.25,NaN
113.8480,-0.186813,0.061585,0,57.25,NaN
113.8560,-0.141880,0.110677,0,57.25,NaN
113.8640,-0.095482,0.168751,0,57.25,NaN
113.8720,-0.059829,0.230501,0,57.25,NaN
113.8800,-0.039316,0.051889,0,57.25,NaN
113.8880,-0.031502,0.069712,0,57.25,NaN
113.8960,-0.030525,0.071458,0,57.25,NaN
113.9040,-0.043712,0.059262,0,57.25,NaN
113.9120,-0.070085,0.037603,0,57.25,NaN
113.9200,-0.103297,0.012885,0,57.25,NaN
113.9280,-0.127717,-0.008262,0,57.25,NaN
113.9360,-0.136996,-0.021215,0,57.25,NaN
113.9440,-0.136996,-0.024491,0,57.25,NaN
113.9520,-0.131624,-0.019157,0,57.25,NaN
113.9600,-0.124786,-0.007441,0,57.25,NaN
113.9680,-0.112088,0.008291,0,57.25,NaN
113.9760,-0.101343,0.025952,0,57.25,NaN
113.9840,-0.098901,-0.222069,0,57.25,NaN
113.9920,-0.108669,-0.233929,0,57.25,NaN
114.0000,-0.127717,-0.248160,0,57.25,NaN
114.0080,-0.139927,-0.259390,0,57.25,NaN
114.0160,-0.143346,-0.262881,0,57.25,NaN
114.0240,-0.137973,-0.256228,0,57.25,NaN
114.0320,-0.132601,-0.239579,0,57.25,NaN
114.0400,-0.125763,-0.215180,0,57.25,NaN
114.0480,-0.111600,-0.187076,0,57.25,NaN
114.0560,-0.099389,-0.160513,0,57.25,NaN
114.0640,-0.096459,-0.140152,0,57.25,NaN
114.0720,-0.106716,-0.127714,0,57.25,NaN
114.0800,-0.125275,-0.120775,0,57.25,NaN
114.0880,-0.138462,-0.036965,0,57.25,NaN
114.0960,-0.144811,-0.034885,0,57.25,NaN
114.1040,-0.140904,-0.029216,0,57.25,NaN
114.1120,-0.134066,-0.019609,0,57.25,NaN
114.1200,-0.124298,-0.007471,0,57.25,NaN
114.1280,-0.109646,0.004448,0,57.25,NaN
114.1360,-0.090598,0.012666,0,57.25,NaN
114.1440,-0.084249,0.014442,0,57.25,NaN
114.1520,-0.091087,0.009600,0,57.25,NaN
114.1600,-0.108669,0.001004,0,57.25,NaN
114.1680,-0.118437,-0.007218,0,57.25,NaN
114.1760,-0.121856,-0.012405,0,57.25,NaN
114.1840,-0.116972,-0.014921,0,57.25,NaN
114.1920,-0.112088,-0.012464,0,57.25,NaN
114.2000,-0.108181,-0.005043,0,57.25,NaN
114.2080,-0.100855,0.001037,0,57.25,NaN
114.2160,-0.093040,0.002539,0,57.25,NaN
114.2240,-0.094994,-0.002457,0,57.25,NaN
114.2320,-0.109158,-0.013081,0,57.25,NaN
114.2400,-0.129670,-0.025527,0,57.25,NaN
114.2480,-0.138950,-0.034955,0,57.25,NaN
114.2560,-0.135043,-0.038072,0,57.25,NaN
114.2640,-0.126252,-0.034263,0,57.25,NaN
114.2720,-0.116484,-0.024846,0,57.25,NaN
114.2800,-0.106716,-0.011765,0,57.25,NaN
114.2880,-0.093529,0.003081,0,57.25,NaN
114.2960,-0.083272,0.012735,0,57.25,NaN
114.3040,-0.080342,0.012486,0,57.25,NaN
114.3120,-0.091087,0.006410,0,57.25,NaN
114.3200,-0.104762,-0.002324,0,57.25,NaN
114.3280,-0.111600,-0.009704,0,57.25,NaN
114.3360,-0.110134,-0.012954,0,57.25,NaN
114.3440,-0.103297,-0.011463,0,57.25,NaN
114.3520,-0.100366,-0.006313,0,57.25,NaN
114.3600,-0.094017,0.000509,0,57.25,NaN
114.3680,-0.084249,0.006559,0,57.25,NaN
114.3760,-0.076923,0.009508,0,57.25,NaN
114.3840,-0.076435,0.008293,0,57.25,NaN
114.3920,-0.085714,0.004070,0,57.25,NaN
114.4000,-0.101343,-0.015224,0,57.25,NaN
114.4080,-0.111111,-0.025492,0,57.25,NaN
114.4160,-0.112088,-0.031071,0,57.25,NaN
114.4240,-0.107692,-0.030362,0,57.25,NaN
114.4320,-0.101343,-0.023639,0,57.25,NaN
114.4400,-0.092552,-0.012680,0,57.25,NaN
114.4480,-0.075458,-0.000510,0,57.25,NaN
114.4560,-0.062271,0.009224,0,57.25,NaN
114.4640,-0.055433,0.013600,0,57.25,NaN
114.4720,-0.061294,0.011735,0,57.25,NaN
114.4800,-0.070574,0.004896,0,57.25,NaN
114.4880,-0.076923,-0.004729,0,57.25,NaN
114.4960,-0.080830,-0.015383,0,57.25,NaN
114.5040,-0.080830,-0.012067,0,57.25,NaN
114.5120,-0.082295,-0.014049,0,57.25,NaN
114.5200,-0.083272,-0.014161,0,57.25,NaN
114.5280,-0.077411,-0.013869,0,57.25,NaN
114.5360,-0.071062,-0.015051,0,57.25,NaN
114.5440,-0.073016,-0.018861,0,57.25,NaN
114.5520,-0.081319,-0.024585,0,57.25,NaN
114.5600,-0.090110,-0.029809,0,57.25,NaN
114.5680,-0.089133,-0.031941,0,57.25,NaN
114.5760,-0.081319,-0.029749,0,57.25,NaN
114.5840,-0.072039,-0.023667,0,57.25,NaN
114.5920,-0.062271,-0.015043,0,57.25,NaN
114.6000,-0.054457,-0.005276,0,57.25,NaN
114.6080,-0.044200,0.022333,0,57.25,NaN
114.6160,-0.038828,0.022555,0,57.25,NaN
114.6240,-0.043712,0.015858,0,57.25,NaN
114.6320,-0.057875,0.003797,0,57.25,NaN
114.6400,-0.078388,-0.009820,0,57.25,NaN
114.6480,-0.085714,-0.020732,0,57.25,NaN
114.6560,-0.085714,-0.026237,0,57.25,NaN
114.6640,-0.082295,-0.025874,0,57.25,NaN
114.6720,-0.076435,-0.020797,0,57.25,NaN
114.6800,-0.070085,-0.012942,0,57.25,NaN
114.6880,-0.056410,-0.004438,0,57.25,NaN
114.6960,-0.047131,0.003105,0,57.25,NaN
114.7040,-0.047131,0.009472,0,57.25,NaN
114.7120,-0.056410,0.035060,0,57.25,NaN
114.7200,-0.067155,0.032817,0,57.25,NaN
114.7280,-0.067155,0.034174,0,57.25,NaN
114.7360,-0.054945,0.040721,0,57.25,NaN
114.7440,-0.041758,0.051580,0,57.25,NaN
114.7520,-0.030525,0.064276,0,57.25,NaN
114.7600,-0.023199,0.075828,0,57.25,NaN
114.7680,-0.013919,0.083222,0,57.25,NaN
114.7760,-0.010012,0.083771,0,57.25,NaN
114.7840,-0.019780,0.075920,0,57.25,NaN
114.7920,-0.038828,0.060023,0,57.25,NaN
114.8000,-0.065201,0.038223,0,57.25,NaN
114.8080,-0.085714,0.013474,0,57.25,NaN
114.8160,-0.100855,0.002334,0,57.25,NaN
114.8240,-0.107692,-0.008209,0,57.25,NaN
114.8320,-0.112088,-0.012268,0,57.25,NaN
114.8400,-0.114530,-0.011316,0,57.25,NaN
114.8480,-0.105739,-0.008004,0,57.25,NaN
114.8560,-0.100855,-0.005424,0,57.25,NaN
114.8640,-0.101343,-0.005698,0,57.25,NaN
114.8720,-0.111600,-0.008781,0,57.25,NaN
114.8800,-0.121368,-0.012681,0,57.25,NaN
114.8880,-0.123810,-0.015011,0,57.25,NaN
114.8960,-0.122344,-0.014501,0,57.25,NaN
114.9040,-0.118437,-0.011373,0,57.25,NaN
114.9120,-0.117460,-0.006774,0,57.25,NaN
114.9200,-0.117460,0.000050,0,57.25,NaN
114.9280,-0.108669,0.003886,0,57.25,NaN
114.9360,-0.106227,0.003827,0,57.25,NaN
114.9440,-0.113553,-0.000996,0,57.25,NaN
114.9520,-0.128205,-0.009205,0,57.25,NaN
114.9600,-0.142369,-0.017715,0,57.25,NaN
114.9680,-0.147741,-0.023508,0,57.25,NaN
114.9760,-0.145788,-0.025129,0,57.25,NaN
114.9840,-0.144811,-0.022874,0,57.25,NaN
114.9920,-0.140415,-0.017961,0,57.25,NaN
115.0000,-0.138950,-0.011665,0,57.25,NaN
115.0080,-0.135043,-0.004858,0,57.25,NaN
115.0160,-0.132601,0.002062,0,57.25,NaN
115.0240,-0.137973,-0.013401,0,57.25,NaN
115.0320,-0.148230,-0.015813,0,57.25,NaN
115.0400,-0.152137,-0.016202,0,57.25,NaN
115.0480,-0.150672,-0.012561,0,57.25,NaN
115.0560,-0.143834,-0.004608,0,57.25,NaN
115.0640,-0.133089,0.006226,0,57.25,NaN
115.0720,-0.129670,0.017552,0,57.25,NaN
115.0800,-0.123321,0.026721,0,57.25,NaN
115.0880,-0.118437,0.031219,0,57.25,NaN
115.0960,-0.122344,0.029250,0,57.25,NaN
115.1040,-0.134066,0.020533,0,57.25,NaN
115.1120,-0.152625,0.006517,0,57.25,NaN
115.1200,-0.166300,-0.010282,0,57.25,NaN
115.1280,-0.163858,-0.027322,0,57.25,NaN
115.1360,-0.157509,-0.022725,0,57.25,NaN
115.1440,-0.147741,-0.011927,0,57.25,NaN
115.1520,-0.138950,0.002753,0,57.25,NaN
115.1600,-0.124298,0.018083,0,57.25,NaN
115.1680,-0.107692,0.030163,0,57.25,NaN
115.1760,-0.100366,0.035441,0,57.25,NaN
115.1840,-0.101832,0.032452,0,57.25,NaN
115.1920,-0.121368,0.022971,0,57.25,NaN
115.2000,-0.138950,0.011297,0,57.25,NaN
115.2080,-0.147741,0.001780,0,57.25,NaN
115.2160,-0.149695,-0.003583,0,57.25,NaN
115.2240,-0.146276,-0.005859,0,57.25,NaN
115.2320,-0.141392,-0.004112,0,57.25,NaN
115.2400,-0.127717,0.008191,0,57.25,NaN
115.2480,-0.112576,0.019376,0,57.25,NaN
115.2560,-0.101832,0.025080,0,57.25,NaN
115.2640,-0.105739,0.022920,0,57.25,NaN
115.2720,-0.121368,0.013795,0,57.25,NaN
115.2800,-0.136020,0.001323,0,57.25,NaN
115.2880,-0.146764,-0.010121,0,57.25,NaN
115.2960,-0.148718,-0.017199,0,57.25,NaN
115.3040,-0.149206,-0.018227,0,57.25,NaN
115.3120,-0.146764,-0.012945,0,57.25,NaN
115.3200,-0.136996,-0.002339,0,57.25,NaN
115.3280,-0.122344,0.011362,0,57.25,NaN
115.3360,-0.115995,-0.006222,0,57.25,NaN
115.3440,-0.119414,-0.009679,0,57.25,NaN
115.3520,-0.134554,-0.016997,0,57.25,NaN
115.3600,-0.146764,-0.024029,0,57.25,NaN
115.3680,-0.146276,-0.026785,0,57.25,NaN
115.3760,-0.138950,-0.023466,0,57.25,NaN
115.3840,-0.129670,-0.014822,0,57.25,NaN
115.3920,-0.119414,-0.003371,0,57.25,NaN
115.4000,-0.108669,0.007410,0,57.25,NaN
115.4080,-0.095482,0.013812,0,57.25,NaN
115.4160,-0.092552,0.013048,0,57.25,NaN
115.4240,-0.100366,0.004734,0,57.25,NaN
115.4320,-0.116484,-0.008440,0,57.25,NaN
115.4400,-0.130647,0.008833,0,57.25,NaN
115.4480,-0.132601,0.002621,0,57.25,NaN
115.4560,-0.131136,0.002528,0,57.25,NaN
115.4640,-0.124298,0.008184,0,57.25,NaN
115.4720,-0.116972,0.017499,0,57.25,NaN
115.4800,-0.108181,0.027337,0,57.25,NaN
115.4880,-0.095971,0.034206,0,57.25,NaN
115.4960,-0.093040,0.035420,0,57.25,NaN
115.5040,-0.101343,0.030508,0,57.25,NaN
115.5120,-0.115995,0.021667,0,57.25,NaN
115.5200,-0.131136,0.012429,0,57.25,NaN
115.5280,-0.132112,0.005308,0,57.25,NaN
115.5360,-0.130159,0.000272,0,57.25,NaN
115.5440,-0.122344,-0.011413,0,57.25,NaN
115.5520,-0.116972,-0.002386,0,57.25,NaN
115.5600,-0.105250,0.006911,0,57.25,NaN
115.5680,-0.094994,0.012757,0,57.25,NaN
115.5760,-0.090598,0.012209,0,57.25,NaN
115.5840,-0.100366,0.004739,0,57.25,NaN
115.5920,-0.117949,-0.007044,0,57.25,NaN
115.6000,-0.132601,-0.018557,0,57.25,NaN
115.6080,-0.135043,-0.025582,0,57.25,NaN
115.6160,-0.131136,-0.026000,0,57.25,NaN
115.6240,-0.121856,-0.019933,0,57.25,NaN
115.6320,-0.115507,-0.008913,0,57.25,NaN
115.6400,-0.100855,0.004784,0,57.25,NaN
115.6480,-0.088645,0.013863,0,57.25,NaN
115.6560,-0.085714,0.013941,0,57.25,NaN
115.6640,-0.094505,0.006926,0,57.25,NaN
115.6720,-0.113065,-0.004289,0,57.25,NaN
115.6800,-0.124298,-0.015055,0,57.25,NaN
115.6880,-0.129182,-0.021328,0,57.25,NaN
115.6960,-0.124786,-0.021329,0,57.25,NaN
115.7040,-0.117460,-0.015734,0,57.25,NaN
115.7120,-0.112576,-0.006943,0,57.25,NaN
115.7200,-0.098901,0.001743,0,57.25,NaN
115.7280,-0.088645,0.007087,0,57.25,NaN
115.7360,-0.088156,0.007470,0,57.25,NaN
115.7440,-0.099389,0.004174,0,57.25,NaN
115.7520,-0.112088,-0.021787,0,57.25,NaN
115.7600,-0.121368,-0.029886,0,57.25,NaN
115.7680,-0.119902,-0.033161,0,57.25,NaN
115.7760,-0.114530,-0.030506,0,57.25,NaN
115.7840,-0.104762,-0.022835,0,57.25,NaN
115.7920,-0.096459,-0.012363,0,57.25,NaN
115.8000,-0.084737,-0.001971,0,57.25,NaN
115.8080,-0.072039,0.005367,0,57.25,NaN
115.8160,-0.068620,0.007545,0,57.25,NaN
115.8240,-0.072527,0.004396,0,57.25,NaN
115.8320,-0.086203,-0.002195,0,57.25,NaN
115.8400,-0.093040,-0.009701,0,57.25,NaN
115.8480,-0.089133,-0.016851,0,57.25,NaN
115.8560,-0.083272,-0.074521,0,57.25,NaN
115.8640,-0.071062,-0.066019,0,57.25,NaN
115.8720,-0.058852,-0.054166,0,57.25,NaN
115.8800,-0.039805,-0.042683,0,57.25,NaN
115.8880,-0.023687,-0.035709,0,57.25,NaN
115.8960,-0.017827,-0.036053,0,57.25,NaN
115.9040,-0.024664,-0.043420,0,57.25,NaN
115.9120,-0.039316,-0.054075,0,57.25,NaN
115.9200,-0.044689,-0.062562,0,57.25,NaN
115.9280,-0.040781,-0.064281,0,57.25,NaN
115.9360,-0.028083,-0.057228,0,57.25,NaN
115.9440,-0.010012,-0.042322,0,57.25,NaN
115.9520,0.014408,-0.022855,0,57.25,NaN
115.9600,0.038339,0.096438,0,57.25,NaN
115.9680,0.055922,0.109550,0,57.25,NaN
115.9760,0.057875,0.111369,0,57.25,NaN
115.9840,0.042735,0.102415,0,57.25,NaN
115.9920,0.023199,0.086709,0,57.25,NaN
116.0000,0.008059,0.069623,0,57.25,NaN
116.0080,-0.000244,0.055532,0,57.25,NaN
116.0160,-0.005128,0.046717,0,57.25,NaN
116.0240,-0.007082,0.043496,0,57.25,NaN
116.0320,-0.006105,0.044741,0,57.25,NaN
116.0400,0.005128,0.048380,0,57.25,NaN
116.0480,0.010989,0.052338,0,57.25,NaN
116.0560,0.008059,0.055754,0,57.25,NaN
116.0640,-0.007570,0.118778,0,57.25,NaN
116.0720,-0.028571,0.105477,0,57.25,NaN
116.0800,-0.043223,0.091459,0,57.25,NaN
116.0880,-0.052991,0.079679,0,57.25,NaN
116.0960,-0.059829,0.071648,0,57.25,NaN
116.1040,-0.069597,0.067693,0,57.25,NaN
116.1120,-0.075458,0.067196,0,57.25,NaN
116.1200,-0.071062,0.068400,0,57.25,NaN
116.1280,-0.070085,0.068680,0,57.25,NaN
116.1360,-0.075458,0.065814,0,57.25,NaN
116.1440,-0.088645,0.059219,0,57.25,NaN
116.1520,-0.105739,0.049956,0,57.25,NaN
116.1600,-0.112576,0.039586,0,57.25,NaN
116.1680,-0.112088,-0.051883,0,57.25,NaN
116.1760,-0.106716,-0.048130,0,57.25,NaN
116.1840,-0.101832,-0.039842,0,57.25,NaN
116.1920,-0.094994,-0.029319,0,57.25,NaN
116.2000,-0.083761,-0.019656,0,57.25,NaN
116.2080,-0.073016,-0.014151,0,57.25,NaN
116.2160,-0.073504,-0.014824,0,57.25,NaN
116.2240,-0.087179,-0.020886,0,57.25,NaN
116.2320,-0.103785,-0.028781,0,57.25,NaN
116.2400,-0.110623,-0.034166,0,57.25,NaN
116.2480,-0.110623,-0.034295,0,57.25,NaN
116.2560,-0.103785,-0.029089,0,57.25,NaN
116.2640,-0.098901,-0.020675,0,57.25,NaN
116.2720,-0.093529,-0.041885,0,57.25,NaN
116.2800,-0.085714,-0.033718,0,57.25,NaN
116.2880,-0.082295,-0.028254,0,57.25,NaN
116.2960,-0.083272,-0.026338,0,57.25,NaN
116.3040,-0.086691,-0.027464,0,57.25,NaN
116.3120,-0.094017,-0.030038,0,57.25,NaN
116.3200,-0.098901,-0.032182,0,57.25,NaN
116.3280,-0.095971,-0.032655,0,57.25,NaN
116.3360,-0.095971,-0.031181,0,57.25,NaN
116.3440,-0.094017,-0.028067,0,57.25,NaN
116.3520,-0.093529,-0.023724,0,57.25,NaN
116.3600,-0.090598,-0.018532,0,57.25,NaN
116.3680,-0.087179,-0.012899,0,57.25,NaN
116.3760,-0.088645,0.041082,0,57.25,NaN
116.3840,-0.092552,0.042580,0,57.25,NaN
116.3920,-0.094505,0.043286,0,57.25,NaN
116.4000,-0.094994,0.043895,0,57.25,NaN
116.4080,-0.094994,0.044916,0,57.25,NaN
116.4160,-0.099389,0.046776,0,57.25,NaN
116.4240,-0.100366,0.049685,0,57.25,NaN
116.4320,-0.099878,0.053075,0,57.25,NaN
116.4400,-0.094505,0.055228,0,57.25,NaN
116.4480,-0.095971,0.053782,0,57.25,NaN
116.4560,-0.100366,0.046965,0,57.25,NaN
116.4640,-0.116484,0.034757,0,57.25,NaN
116.4720,-0.134066,0.019203,0,57.25,NaN
116.4800,-0.150672,-0.795570,0,57.25,NaN
116.4880,-0.161905,-0.840060,0,57.25,NaN
116.4960,-0.162882,-0.874673,0,57.25,NaN
116.5040,-0.150672,-0.895579,0,57.25,NaN
116.5120,-0.125275,-0.900237,0,57.25,NaN
116.5200,-0.082295,-0.887480,0,57.25,NaN
116.5280,-0.021734,-0.857341,0,57.25,NaN
116.5360,0.049084,-0.810595,0,57.25,NaN
116.5440,0.132112,-0.748417,0,57.25,NaN
116.5520,0.230281,-0.672703,0,57.25,NaN
116.5600,0.347497,-0.586608,0,57.25,NaN
116.5680,0.462271,-0.494170,0,57.25,NaN
116.5760,0.575580,-0.399195,0,57.25,NaN
116.5840,0.684005,0.874397,0,57.25,NaN
116.5920,0.792918,0.954621,0,57.25,NaN
116.6000,0.867643,1.000000,1,57.25,NaN
116.6080,0.847619,0.999786,1,57.25,NaN
116.6160,0.724542,0.953005,0,57.25,NaN
116.6240,0.557509,0.869879,0,57.25,NaN
116.6320,0.376313,0.767699,0,57.25,NaN
116.6400,0.205861,0.664852,0,57.25,NaN
116.6480,0.058852,0.576565,0,57.25,NaN
116.6560,-0.065201,0.512989,0,57.25,NaN
116.6640,-0.153114,0.478273,0,57.25,NaN
116.6720,-0.195116,0.469527,0,57.25,NaN
116.6800,-0.192186,0.476474,0,57.25,NaN
116.6880,-0.163858,-0.134060,0,57.25,NaN
116.6960,-0.128205,-0.096989,0,57.25,NaN
116.7040,-0.101832,-0.057965,0,57.25,NaN
116.7120,-0.080830,-0.025033,0,57.25,NaN
116.7200,-0.065201,-0.001749,0,57.25,NaN
116.7280,-0.056899,0.011631,0,57.25,NaN
116.7360,-0.057875,0.016909,0,57.25,NaN
116.7440,-0.064713,0.016765,0,57.25,NaN
116.7520,-0.070085,0.013352,0,57.25,NaN
116.7600,-0.069597,0.007192,0,57.25,NaN
116.7680,-0.072527,-0.002581,0,57.25,NaN
116.7760,-0.085714,-0.016551,0,57.25,NaN
116.7840,-0.106716,-0.033445,0,57.25,NaN
116.7920,-0.122344,-0.121480,0,57.25,NaN
116.8000,-0.126252,-0.129896,0,57.25,NaN
116.8080,-0.119414,-0.131725,0,57.25,NaN
116.8160,-0.114530,-0.127950,0,57.25,NaN
116.8240,-0.108181,-0.120615,0,57.25,NaN
116.8320,-0.101343,-0.112097,0,57.25,NaN
116.8400,-0.092552,-0.104803,0,57.25,NaN
116.8480,-0.086691,-0.100508,0,57.25,NaN
116.8560,-0.095482,-0.099112,0,57.25,NaN
116.8640,-0.115507,-0.097977,0,57.25,NaN
116.8720,-0.131136,-0.093289,0,57.25,NaN
116.8800,-0.135043,-0.082894,0,57.25,NaN
116.8880,-0.132601,-0.068200,0,57.25,NaN
116.8960,-0.126252,-0.144292,0,57.25,NaN
116.9040,-0.119414,-0.116175,0,57.25,NaN
116.9120,-0.108669,-0.086721,0,57.25,NaN
116.9200,-0.094994,-0.061110,0,57.25,NaN
116.9280,-0.086691,-0.043830,0,57.25,NaN
116.9360,-0.093529,-0.036771,0,57.25,NaN
116.9440,-0.109158,-0.038250,0,57.25,NaN
116.9520,-0.119902,-0.044084,0,57.25,NaN
116.9600,-0.123321,-0.049902,0,57.25,NaN
116.9680,-0.118437,-0.052843,0,57.25,NaN
116.9760,-0.115507,-0.051847,0,57.25,NaN
116.9840,-0.106716,-0.047274,0,57.25,NaN
116.9920,-0.094994,-0.040600,0,57.25,NaN
117.0000,-0.080830,-0.008723,0,57.25,NaN
117.0080,-0.076923,-0.008658,0,57.25,NaN
117.0160,-0.084737,-0.015024,0,57.25,NaN
117.0240,-0.101343,-0.025543,0,57.25,NaN
117.0320,-0.116972,-0.035857,0,57.25,NaN
117.0400,-0.119902,-0.041832,0,57.25,NaN
117.0480,-0.116972,-0.041422,0,57.25,NaN
117.0560,-0.109158,-0.035087,0,57.25,NaN
117.0640,-0.099878,-0.025140,0,57.25,NaN
117.0720,-0.086691,-0.014860,0,57.25,NaN
117.0800,-0.074481,-0.007413,0,57.25,NaN
117.0880,-0.069597,-0.004416,0,57.25,NaN
117.0960,-0.077411,-0.004787,0,57.25,NaN
117.1040,-0.094017,-0.000681,0,57.25,NaN
117.1120,-0.109158,-0.012212,0,57.25,NaN
117.1200,-0.112576,-0.019526,0,57.25,NaN
117.1280,-0.109158,-0.020302,0,57.25,NaN
117.1360,-0.101832,-0.014619,0,57.25,NaN
117.1440,-0.094994,-0.004326,0,57.25,NaN
117.1520,-0.082295,0.007516,0,57.25,NaN
117.1600,-0.065201,0.017125,0,57.25,NaN
117.1680,-0.058852,0.021215,0,57.25,NaN
117.1760,-0.064225,0.018631,0,57.25,NaN
117.1840,-0.078877,0.010844,0,57.25,NaN
117.1920,-0.087179,0.000531,0,57.25,NaN
117.2000,-0.088156,-0.010399,0,57.25,NaN
117.2080,-0.087179,-0.006691,0,57.25,NaN
117.2160,-0.084249,-0.003582,0,57.25,NaN
117.2240,-0.079365,0.002836,0,57.25,NaN
117.2320,-0.069109,0.010025,0,57.25,NaN
117.2400,-0.056410,0.014673,0,57.25,NaN
117.2480,-0.054457,0.014134,0,57.25,NaN
117.2560,-0.063248,0.008133,0,57.25,NaN
117.2640,-0.076923,-0.000800,0,57.25,NaN
117.2720,-0.086203,-0.008743,0,57.25,NaN
117.2800,-0.085714,-0.012535,0,57.25,NaN
117.2880,-0.080342,-0.011115,0,57.25,NaN
117.2960,-0.071062,-0.005429,0,57.25,NaN
117.3040,-0.065201,0.002511,0,57.25,NaN
117.3120,-0.053968,-0.002627,0,57.25,NaN
117.3200,-0.042247,0.001277,0,57.25,NaN
117.3280,-0.039316,-0.001678,0,57.25,NaN
117.3360,-0.051038,-0.011336,0,57.25,NaN
117.3440,-0.069597,-0.024270,0,57.25,NaN
117.3520,-0.082784,-0.035376,0,57.25,NaN
117.3600,-0.082295,-0.040633,0,57.25,NaN
117.3680,-0.073016,-0.038896,0,57.25,NaN
117.3760,-0.062271,-0.031691,0,57.25,NaN
117.3840,-0.053968,-0.021803,0,57.25,NaN
117.3920,-0.038828,-0.011979,0,57.25,NaN
117.4000,-0.029548,-0.003942,0,57.25,NaN
117.4080,-0.029060,0.002389,0,57.25,NaN
117.4160,-0.044200,0.016992,0,57.25,NaN
117.4240,-0.064713,0.002842,0,57.25,NaN
117.4320,-0.075458,-0.009535,0,57.25,NaN
117.4400,-0.077411,-0.016202,0,57.25,NaN
117.4480,-0.073016,-0.015696,0,57.25,NaN
117.4560,-0.066667,-0.008824,0,57.25,NaN
117.4640,-0.057387,0.002003,0,57.25,NaN
117.4720,-0.043223,0.013291,0,57.25,NaN
117.4800,-0.030525,0.021200,0,57.25,NaN
117.4880,-0.029548,0.022868,0,57.25,NaN
117.4960,-0.035897,0.017611,0,57.25,NaN
117.5040,-0.051038,0.006966,0,57.25,NaN
117.5120,-0.057387,-0.006412,0,57.25,NaN
117.5200,-0.060317,-0.000351,0,57.25,NaN
117.5280,-0.055433,0.001157,0,57.25,NaN
117.5360,-0.051526,0.008245,0,57.25,NaN
117.5440,-0.041758,0.019256,0,57.25,NaN
117.5520,-0.027595,0.031093,0,57.25,NaN
117.5600,-0.012943,0.039867,0,57.25,NaN
117.5680,-0.008059,0.042458,0,57.25,NaN
117.5760,-0.015873,0.038248,0,57.25,NaN
117.5840,-0.032479,0.029505,0,57.25,NaN
117.5920,-0.040293,0.019850,0,57.25,NaN
117.6000,-0.045177,0.012063,0,57.25,NaN
117.6080,-0.045177,0.006945,0,57.25,NaN
117.6160,-0.047131,0.003586,0,57.25,NaN
117.6240,-0.046154,0.032245,0,57.25,NaN
117.6320,-0.040293,0.034225,0,57.25,NaN
117.6400,-0.037851,0.033005,0,57.25,NaN
117.6480,-0.043223,0.027069,0,57.25,NaN
117.6560,-0.059341,0.017175,0,57.25,NaN
117.6640,-0.077411,0.006188,0,57.25,NaN
117.6720,-0.085714,-0.002539,0,57.25,NaN
117.6800,-0.087179,-0.006931,0,57.25,NaN
117.6880,-0.085714,-0.006747,0,57.25,NaN
117.6960,-0.082784,-0.003001,0,57.25,NaN
117.7040,-0.078877,0.002892,0,57.25,NaN
117.7120,-0.073504,0.009727,0,57.25,NaN
117.7200,-0.071062,0.016815,0,57.25,NaN
117.7280,-0.082784,0.003054,0,57.25,NaN
117.7360,-0.101832,-0.007791,0,57.25,NaN
117.7440,-0.124298,-0.018887,0,57.25,NaN
117.7520,-0.134066,-0.026562,0,57.25,NaN
117.7600,-0.134554,-0.028449,0,57.25,NaN
117.7680,-0.130159,-0.024190,0,57.25,NaN
117.7760,-0.118437,-0.015235,0,57.25,NaN
117.7840,-0.109158,-0.004293,0,57.25,NaN
117.7920,-0.094017,0.005258,0,57.25,NaN
117.8000,-0.085714,0.010172,0,57.25,NaN
117.8080,-0.089133,0.008487,0,57.25,NaN
117.8160,-0.104762,0.000477,0,57.25,NaN
117.8240,-0.123321,-0.011342,0,57.25,NaN
117.8320,-0.135043,-0.005737,0,57.25,NaN
117.8400,-0.139927,-0.010552,0,57.25,NaN
117.8480,-0.139927,-0.007863,0,57.25,NaN
117.8560,-0.134066,0.001688,0,57.25,NaN
117.8640,-0.126252,0.015220,0,57.25,NaN
117.8720,-0.110623,0.028101,0,57.25,NaN
117.8800,-0.099878,0.035305,0,57.25,NaN
117.8880,-0.104762,0.033781,0,57.25,NaN
117.8960,-0.124298,0.024400,0,57.25,NaN
117.9040,-0.147741,0.011638,0,57.25,NaN
117.9120,-0.163858,0.000890,0,57.25,NaN
117.9200,-0.170208,-0.004777,0,57.25,NaN
117.9280,-0.163858,-0.006338,0,57.25,NaN
117.9360,-0.154579,-0.043405,0,57.25,NaN
117.9440,-0.139438,-0.026235,0,57.25,NaN
117.9520,-0.121856,-0.009649,0,57.25,NaN
117.9600,-0.106716,0.001066,0,57.25,NaN
117.9680,-0.107692,0.002794,0,57.25,NaN
117.9760,-0.119902,-0.003832,0,57.25,NaN
117.9840,-0.140415,-0.014752,0,57.25,NaN
117.9920,-0.149695,-0.024813,0,57.25,NaN
118.0000,-0.149206,-0.030331,0,57.25,NaN
118.0080,-0.148230,-0.030015,0,57.25,NaN
118.0160,-0.144811,-0.024316,0,57.25,NaN
118.0240,-0.137973,-0.014585,0,57.25,NaN
118.0320,-0.128205,-0.002702,0,57.25,NaN
118.0400,-0.118926,-0.026168,0,57.25,NaN
118.0480,-0.120391,-0.029085,0,57.25,NaN
118.0560,-0.132601,-0.036964,0,57.25,NaN
118.0640,-0.145788,-0.046462,0,57.25,NaN
118.0720,-0.148718,-0.053539,0,57.25,NaN
118.0800,-0.148230,-0.055280,0,57.25,NaN
118.0880,-0.144811,-0.050669,0,57.25,NaN
118.0960,-0.134066,-0.040619,0,57.25,NaN
118.1040,-0.123810,-0.027818,0,57.25,NaN
118.1120,-0.105739,-0.016259,0,57.25,NaN
118.1200,-0.093529,-0.009942,0,57.25,NaN
118.1280,-0.091575,-0.010734,0,57.25,NaN
118.1360,-0.107204,-0.016680,0,57.25,NaN
118.1440,-0.126252,-0.010775,0,57.25,NaN
118.1520,-0.136996,-0.026725,0,57.25,NaN
118.1600,-0.148230,-0.038311,0,57.25,NaN
118.1680,-0.148718,-0.042677,0,57.25,NaN
118.1760,-0.145788,-0.039157,0,57.25,NaN
118.1840,-0.137973,-0.029311,0,57.25,NaN
118.1920,-0.119414,-0.016635,0,57.25,NaN
118.2000,-0.104274,-0.005562,0,57.25,NaN
118.2080,-0.097924,0.000403,0,57.25,NaN
118.2160,-0.101832,0.000265,0,57.25,NaN
118.2240,-0.110623,-0.004496,0,57.25,NaN
118.2320,-0.113553,-0.011500,0,57.25,NaN
118.2400,-0.113553,-0.019108,0,57.25,NaN
118.2480,-0.110623,0.053841,0,57.25,NaN
118.2560,-0.108669,0.060771,0,57.25,NaN
118.2640,-0.101343,0.069236,0,57.25,NaN
118.2720,-0.091575,0.076052,0,57.25,NaN
118.2800,-0.086691,0.077759,0,57.25,NaN
118.2880,-0.093040,0.072417,0,57.25,NaN
118.2960,-0.109158,0.060960,0,57.25,NaN
118.3040,-0.130159,0.046904,0,57.25,NaN
118.3120,-0.139927,0.034502,0,57.25,NaN
118.3200,-0.146764,0.026769,0,57.25,NaN
118.3280,-0.146764,0.024676,0,57.25,NaN
118.3360,-0.147741,0.027419,0,57.25,NaN
118.3440,-0.142369,0.032945,0,57.25,NaN
118.3520,-0.129182,-0.044900,0,57.25,NaN
118.3600,-0.121856,-0.043999,0,57.25,NaN
118.3680,-0.126740,-0.048126,0,57.25,NaN
118.3760,-0.139438,-0.055849,0,57.25,NaN
118.3840,-0.149206,-0.063498,0,57.25,NaN
118.3920,-0.149206,-0.067379,0,57.25,NaN
118.4000,-0.143834,-0.065584,0,57.25,NaN
118.4080,-0.134066,-0.058404,0,57.25,NaN
118.4160,-0.124786,-0.047770,0,57.25,NaN
118.4240,-0.112088,-0.036527,0,57.25,NaN
118.4320,-0.096459,-0.027616,0,57.25,NaN
118.4400,-0.090598,-0.022733,0,57.25,NaN
118.4480,-0.096459,-0.021012,0,57.25,NaN
118.4560,-0.115507,0.029177,0,57.25,NaN
118.4640,-0.131136,0.016487,0,57.25,NaN
118.4720,-0.138950,0.007621,0,57.25,NaN
118.4800,-0.141392,0.005916,0,57.25,NaN
118.4880,-0.132112,0.011798,0,57.25,NaN
118.4960,-0.122344,0.022927,0,57.25,NaN
118.5040,-0.109646,0.035166,0,57.25,NaN
118.5120,-0.098901,0.043962,0,57.25,NaN
118.5200,-0.096459,0.045945,0,57.25,NaN
118.5280,-0.106716,0.040321,0,57.25,NaN
118.5360,-0.127228,0.029041,0,57.25,NaN
118.5440,-0.140904,0.015179,0,57.25,NaN
118.5520,-0.146276,0.000803,0,57.25,NaN
118.5600,-0.145299,-0.024978,0,57.25,NaN
118.5680,-0.140904,-0.019929,0,57.25,NaN
118.5760,-0.133578,-0.010256,0,57.25,NaN
118.5840,-0.123321,0.000700,0,57.25,NaN
118.5920,-0.109646,0.008905,0,57.25,NaN
118.6000,-0.104274,0.011012,0,57.25,NaN
118.6080,-0.111600,0.006188,0,57.25,NaN
118.6160,-0.129182,-0.003087,0,57.25,NaN
118.6240,-0.140415,-0.012346,0,57.25,NaN
118.6320,-0.141392,-0.017674,0,57.25,NaN
118.6400,-0.137485,-0.017431,0,57.25,NaN
118.6480,-0.130647,-0.012304,0,57.25,NaN
118.6560,-0.123321,-0.004439,0,57.25,NaN
118.6640,-0.111600,-0.052427,0,57.25,NaN
118.6720,-0.095482,-0.043690,0,57.25,NaN
118.6800,-0.085714,-0.039663,0,57.25,NaN
118.6880,-0.085714,-0.041767,0,57.25,NaN
118.6960,-0.096459,-0.048662,0,57.25,NaN
118.7040,-0.103785,-0.056915,0,57.25,NaN
118.7120,-0.105739,-0.062862,0,57.25,NaN
118.7200,-0.101343,-0.064177,0,57.25,NaN
118.7280,-0.094505,-0.060271,0,57.25,NaN
118.7360,-0.085714,-0.051892,0,57.25,NaN
118.7440,-0.071551,-0.040584,0,57.25,NaN
118.7520,-0.054457,-0.028071,0,57.25,NaN
118.7600,-0.047131,-0.015435,0,57.25,NaN
118.7680,-0.048107,0.033130,0,57.25,NaN
118.7760,-0.055922,0.031529,0,57.25,NaN
118.7840,-0.059829,0.031766,0,57.25,NaN
118.7920,-0.053968,0.037584,0,57.25,NaN
118.8000,-0.038828,0.050145,0,57.25,NaN
118.8080,-0.020757,0.067538,0,57.25,NaN
118.8160,-0.004640,0.085534,0,57.25,NaN
118.8240,0.013431,0.098833,0,57.25,NaN
118.8320,0.020757,0.102584,0,57.25,NaN
118.8400,0.014408,0.094111,0,57.25,NaN
118.8480,-0.007570,0.074007,0,57.25,NaN
118.8560,-0.035409,0.045599,0,57.25,NaN
118.8640,-0.054457,0.013171,0,57.25,NaN
118.8720,-0.061783,0.081696,0,57.25,NaN
118.8800,-0.061783,0.080607,0,57.25,NaN
118.8880,-0.054945,0.088232,0,57.25,NaN
118.8960,-0.047619,0.101293,0,57.25,NaN
118.9040,-0.032479,0.115048,0,57.25,NaN
118.9120,-0.021245,0.124342,0,57.25,NaN
118.9200,-0.021245,0.125273,0,57.25,NaN
118.9280,-0.031502,0.116839,0,57.25,NaN
118.9360,-0.054945,0.101355,0,57.25,NaN
118.9440,-0.075458,0.083124,0,57.25,NaN
118.9520,-0.090598,0.066102,0,57.25,NaN
118.9600,-0.101343,0.052101,0,57.25,NaN
118.9680,-0.108669,0.040440,0,57.25,NaN
118.9760,-0.115507,-0.032944,0,57.25,NaN
118.9840,-0.111600,-0.034274,0,57.25,NaN
118.9920,-0.106716,-0.035646,0,57.25,NaN
119.0000,-0.107692,-0.039798,0,57.25,NaN
119.0080,-0.118437,-0.047276,0,57.25,NaN
119.0160,-0.135043,-0.055928,0,57.25,NaN
119.0240,-0.141392,-0.062343,0,57.25,NaN
119.0320,-0.139927,-0.063998,0,57.25,NaN
119.0400,-0.134066,-0.060320,0,57.25,NaN
119.0480,-0.126252,-0.052294,0,57.25,NaN
119.0560,-0.117949,-0.041470,0,57.25,NaN
119.0640,-0.109646,-0.029210,0,57.25,NaN
119.0720,-0.101343,-0.016396,0,57.25,NaN
119.0800,-0.103297,-0.032017,0,57.25,NaN
119.0880,-0.117460,-0.041160,0,57.25,NaN
119.0960,-0.135043,-0.051801,0,57.25,NaN
119.1040,-0.145788,-0.058972,0,57.25,NaN
119.1120,-0.142857,-0.059238,0,57.25,NaN
119.1200,-0.134554,-0.051987,0,57.25,NaN
119.1280,-0.126740,-0.039032,0,57.25,NaN
119.1360,-0.117460,-0.023653,0,57.25,NaN
119.1440,-0.103297,-0.009956,0,57.25,NaN
119.1520,-0.094505,-0.002112,0,57.25,NaN
119.1600,-0.094505,-0.002924,0,57.25,NaN
119.1680,-0.106716,-0.012363,0,57.25,NaN
119.1760,-0.125275,-0.027173,0,57.25,NaN
119.1840,-0.135043,-0.037778,0,57.25,NaN
119.1920,-0.135043,-0.041728,0,57.25,NaN
119.2000,-0.132112,-0.039027,0,57.25,NaN
119.2080,-0.125275,-0.030560,0,57.25,NaN
119.2160,-0.117949,-0.018753,0,57.25,NaN
119.2240,-0.104274,-0.007061,0,57.25,NaN
119.2320,-0.093040,0.000869,0,57.25,NaN
119.2400,-0.093040,0.002713,0,57.25,NaN
119.2480,-0.101343,-0.001196,0,57.25,NaN
119.2560,-0.115507,-0.008015,0,57.25,NaN
119.2640,-0.122344,-0.014201,0,57.25,NaN
119.2720,-0.121368,-0.017720,0,57.25,NaN
119.2800,-0.116972,-0.019029,0,57.25,NaN
119.2880,-0.108669,-0.057147,0,57.25,NaN
119.2960,-0.101343,-0.051423,0,57.25,NaN
119.3040,-0.091575,-0.050337,0,57.25,NaN
119.3120,-0.089133,-0.058441,0,57.25,NaN
119.3200,-0.101343,-0.077928,0,57.25,NaN
119.3280,-0.127228,-0.106763,0,57.25,NaN
119.3360,-0.160440,-0.138542,0,57.25,NaN
119.3440,-0.179976,-0.164442,0,57.25,NaN
119.3520,-0.187790,-0.175963,0,57.25,NaN
119.3600,-0.179487,-0.167000,0,57.25,NaN
119.3680,-0.156044,-0.135187,0,57.25,NaN
119.3760,-0.109646,-0.083126,0,57.25,NaN
119.3840,-0.040781,-0.018988,0,57.25,NaN
119.3920,0.039805,-0.387665,0,57.25,NaN
119.4000,0.122833,-0.306310,0,57.25,NaN
119.4080,0.212698,-0.212034,0,57.25,NaN
119.4160,0.319658,-0.103592,0,57.25,NaN
119.4240,0.431502,0.019561,0,57.25,NaN
119.4320,0.550672,0.154180,0,57.25,NaN
119.4400,0.677167,0.289507,0,57.25,NaN
119.4480,0.812454,0.404359,1,57.25,NaN
119.4560,0.929670,0.468757,1,57.25,NaN
119.4640,0.979487,0.453163,0,57.25,NaN
119.4720,0.902320,0.342797,0,57.25,NaN
119.4800,0.726984,0.148139,0,57.25,NaN
119.4880,0.525763,-0.095882,0,57.25,NaN
119.4960,0.329915,0.409261,0,57.25,NaN
119.5040,0.155067,0.213426,0,57.25,NaN
119.5120,-0.001221,0.046952,0,57.25,NaN
119.5200,-0.123321,-0.077152,0,57.25,NaN
119.5280,-0.198046,-0.153039,0,57.25,NaN
119.5360,-0.226374,-0.182232,0,57.25,NaN
119.5440,-0.210745,-0.173277,0,57.25,NaN
119.5520,-0.171184,-0.139711,0,57.25,NaN
119.5600,-0.125275,-0.096319,0,57.25,NaN
119.5680,-0.091575,-0.054980,0,57.25,NaN
119.5760,-0.070085,-0.022016,0,57.25,NaN
119.5840,-0.052991,0.002022,0,57.25,NaN
119.5920,-0.043223,0.020813,0,57.25,NaN
119.6000,-0.041270,0.023758,0,57.25,NaN
119.6080,-0.047619,0.023827,0,57.25,NaN
119.6160,-0.054945,0.019776,0,57.25,NaN
119.6240,-0.057875,0.012363,0,57.25,NaN
119.6320,-0.064225,0.001564,0,57.25,NaN
119.6400,-0.078388,-0.012099,0,57.25,NaN
119.6480,-0.101343,-0.026377,0,57.25,NaN
119.6560,-0.117460,-0.037676,0,57.25,NaN
119.6640,-0.120391,-0.042781,0,57.25,NaN
119.6720,-0.115995,-0.040300,0,57.25,NaN
119.6800,-0.106716,-0.030805,0,57.25,NaN
119.6880,-0.096947,-0.016126,0,57.25,NaN
119.6960,-0.085714,0.001319,0,57.25,NaN
119.7040,-0.075458,-0.255119,0,57.25,NaN
119.7120,-0.071551,-0.255752,0,57.25,NaN
119.7200,-0.078877,-0.260510,0,57.25,NaN
119.7280,-0.093529,-0.266965,0,57.25,NaN
119.7360,-0.110623,-0.270966,0,57.25,NaN
119.7440,-0.116972,-0.268514,0,57.25,NaN
119.7520,-0.116972,-0.257523,0,57.25,NaN
119.7600,-0.115018,-0.238418,0,57.25,NaN
119.7680,-0.108181,-0.213682,0,57.25,NaN
119.7760,-0.098901,-0.186995,0,57.25,NaN
119.7840,-0.083272,-0.162072,0,57.25,NaN
119.7920,-0.072039,-0.141099,0,57.25,NaN
119.8000,-0.072527,-0.123399,0,57.25,NaN
119.8080,-0.085714,0.017543,0,57.25,NaN
119.8160,-0.098901,0.012634,0,57.25,NaN
119.8240,-0.103785,0.007027,0,57.25,NaN
119.8320,-0.101343,0.004126,0,57.25,NaN
119.8400,-0.095971,0.005354,0,57.25,NaN
119.8480,-0.090110,0.010412,0,57.25,NaN
119.8560,-0.081319,0.017695,0,57.25,NaN
119.8640,-0.069597,0.024607,0,57.25,NaN
119.8720,-0.061294,0.028291,0,57.25,NaN
119.8800,-0.064225,0.026962,0,57.25,NaN
119.8880,-0.078877,0.020871,0,57.25,NaN
119.8960,-0.092063,0.011820,0,57.25,NaN
119.9040,-0.096459,0.001648,0,57.25,NaN
119.9120,-0.093529,-0.023271,0,57.25,NaN
119.9200,-0.086691,-0.019528,0,57.25,NaN
119.9280,-0.083272,-0.012956,0,57.25,NaN
119.9360,-0.074969,-0.005755,0,57.25,NaN
119.9440,-0.065690,-0.000393,0,57.25,NaN
119.9520,-0.058852,0.001079,0,57.25,NaN
119.9600,-0.063736,-0.001894,0,57.25,NaN
119.9680,-0.072527,-0.007797,0,57.25,NaN
119.9760,-0.079853,-0.013753,0,57.25,NaN
119.9840,-0.080342,-0.017031,0,57.25,NaN
119.9920,-0.077900,-0.016222,0,57.25,NaN
120.0000,-0.070574,-0.011568,0,57.25,NaN
120.0080,-0.062271,-0.004648,0,57.25,NaN
