time_s,raw_normalised,filtered,r_peak,bpm,hrv_ms
0.0000,-0.135043,-0.381655,1,NaN,NaN
0.0080,-0.136996,-0.637734,1,NaN,NaN
0.0160,-0.139927,-0.850786,0,NaN,NaN
0.0240,-0.141880,-0.979778,0,NaN,NaN
0.0320,-0.141392,-1.000000,0,NaN,NaN
0.0400,-0.139927,-0.917519,0,NaN,NaN
0.0480,-0.136996,-0.769956,0,NaN,NaN
0.0560,-0.133578,-0.611377,0,NaN,NaN
0.0640,-0.132112,-0.486949,0,NaN,NaN
0.0720,-0.132601,-0.413630,0,NaN,NaN
0.0800,-0.131624,-0.383769,0,NaN,NaN
0.0880,-0.130647,-0.382350,0,NaN,NaN
0.0960,-0.130647,-0.395349,0,NaN,NaN
0.1040,-0.128205,-0.400319,0,NaN,NaN
0.1120,-0.125763,-0.349182,0,NaN,NaN
0.1200,-0.125275,-0.318079,0,NaN,NaN
0.1280,-0.125763,-0.312572,0,NaN,NaN
0.1360,-0.125275,-0.328074,0,NaN,NaN
0.1440,-0.123810,-0.359591,0,NaN,NaN
0.1520,-0.124298,-0.401710,0,NaN,NaN
0.1600,-0.124298,-0.441255,0,NaN,NaN
0.1680,-0.124786,-0.457036,0,NaN,NaN
0.1760,-0.123810,-0.429601,0,NaN,NaN
0.1840,-0.122344,-0.353339,0,NaN,NaN
0.1920,-0.117949,-0.240561,0,NaN,NaN
0.2000,-0.116972,-0.111507,0,NaN,NaN
0.2080,-0.116484,-0.523494,0,NaN,NaN
0.2160,-0.117949,-0.531996,0,NaN,NaN
0.2240,-0.116972,-0.508168,0,NaN,NaN
0.2320,-0.115018,-0.426438,0,NaN,NaN
0.2400,-0.111111,-0.291586,0,NaN,NaN
0.2480,-0.106716,-0.136709,0,NaN,NaN
0.2560,-0.103785,-0.005444,0,NaN,NaN
0.2640,-0.101343,0.069137,0,NaN,NaN
0.2720,-0.101343,0.077123,0,NaN,NaN
0.2800,-0.101343,0.031046,0,NaN,NaN
0.2880,-0.102320,-0.046068,0,NaN,NaN
0.2960,-0.101343,-0.135238,0,NaN,NaN
0.3040,-0.101343,-0.227693,0,NaN,NaN
0.3120,-0.100855,0.814277,0,NaN,NaN
0.3200,-0.099878,0.790495,0,NaN,NaN
0.3280,-0.098901,0.736563,0,NaN,NaN
0.3360,-0.099878,0.642187,0,NaN,NaN
0.3440,-0.101343,0.515427,0,NaN,NaN
0.3520,-0.103785,0.383355,0,NaN,NaN
0.3600,-0.105739,0.280184,0,NaN,NaN
0.3680,-0.105739,0.228277,0,NaN,NaN
0.3760,-0.102808,0.225467,0,NaN,NaN
0.3840,-0.101343,0.252166,0,NaN,NaN
0.3920,-0.101343,0.290993,0,NaN,NaN
0.4000,-0.100366,0.335841,0,NaN,NaN
0.4080,-0.098413,0.384922,0,NaN,NaN
0.4160,-0.096459,0.875013,0,NaN,NaN
0.4240,-0.095971,0.943003,0,NaN,NaN
0.4320,-0.094505,0.990644,0,NaN,NaN
0.4400,-0.094017,1.000000,1,NaN,NaN
0.4480,-0.093040,0.951669,0,NaN,NaN
0.4560,-0.094505,0.837335,0,NaN,NaN
0.4640,-0.100855,0.673744,0,NaN,NaN
0.4720,-0.103785,0.501601,0,NaN,NaN
0.4800,-0.108669,0.366993,0,NaN,NaN
0.4880,-0.107692,0.300715,0,NaN,NaN
0.4960,-0.108669,0.308288,0,NaN,NaN
0.5040,-0.104762,0.372872,0,NaN,NaN
0.5120,-0.104274,0.466711,0,NaN,NaN
0.5200,-0.101343,0.706768,0,NaN,NaN
0.5280,-0.099878,0.839486,0,NaN,NaN
0.5360,-0.096459,0.927288,0,NaN,NaN
0.5440,-0.096947,0.938226,1,NaN,NaN
0.5520,-0.098901,0.852284,0,NaN,NaN
0.5600,-0.101343,0.671612,0,NaN,NaN
0.5680,-0.108669,0.427924,0,NaN,NaN
0.5760,-0.116484,0.180756,0,NaN,NaN
0.5840,-0.120391,-0.001854,0,NaN,NaN
0.5920,-0.122344,-0.068766,0,NaN,NaN
0.6000,-0.123321,-0.001164,0,NaN,NaN
0.6080,-0.116972,0.182170,0,NaN,NaN
0.6160,-0.113553,0.431132,0,NaN,NaN
0.6240,-0.109646,-0.728972,0,NaN,NaN
0.6320,-0.108669,-0.655977,0,NaN,NaN
0.6400,-0.107692,-0.614581,0,NaN,NaN
0.6480,-0.106227,-0.597342,0,NaN,NaN
0.6560,-0.106227,-0.591284,0,NaN,NaN
0.6640,-0.105739,-0.582606,0,NaN,NaN
0.6720,-0.103785,-0.561069,0,NaN,NaN
0.6800,-0.102808,-0.522960,0,NaN,NaN
0.6880,-0.099878,-0.471225,0,NaN,NaN
0.6960,-0.098413,-0.414019,0,NaN,NaN
0.7040,-0.094505,-0.361767,0,NaN,NaN
0.7120,-0.093529,-0.321589,0,NaN,NaN
0.7200,-0.093040,-0.291748,0,NaN,NaN
0.7280,-0.094017,0.256115,0,NaN,NaN
0.7360,-0.095971,0.261210,0,NaN,NaN
0.7440,-0.094017,0.278487,0,NaN,NaN
0.7520,-0.092552,0.306197,0,NaN,NaN
0.7600,-0.092063,0.332446,0,NaN,NaN
0.7680,-0.092063,0.347192,0,NaN,NaN
0.7760,-0.092552,0.347324,0,NaN,NaN
0.7840,-0.092063,0.334344,0,NaN,NaN
0.7920,-0.093040,0.311000,0,NaN,NaN
0.8000,-0.093529,0.279002,0,NaN,NaN
0.8080,-0.093040,0.237550,0,NaN,NaN
0.8160,-0.094505,0.185515,0,NaN,NaN
0.8240,-0.095971,0.125937,0,NaN,NaN
0.8320,-0.096947,0.835411,0,NaN,NaN
0.8400,-0.096947,0.794455,0,NaN,NaN
0.8480,-0.099389,0.725310,0,NaN,NaN
0.8560,-0.101832,0.625459,0,NaN,NaN
0.8640,-0.106716,0.504706,0,NaN,NaN
0.8720,-0.109158,0.380032,0,NaN,NaN
0.8800,-0.112088,0.266656,0,NaN,NaN
0.8880,-0.112576,0.174488,0,NaN,NaN
0.8960,-0.115018,0.112485,0,NaN,NaN
0.9040,-0.116484,0.093022,0,NaN,NaN
0.9120,-0.116484,0.127521,0,NaN,NaN
0.9200,-0.115507,0.215796,0,NaN,NaN
0.9280,-0.112088,0.338827,0,NaN,NaN
0.9360,-0.106716,-0.396866,0,NaN,NaN
0.9440,-0.102808,-0.240619,0,NaN,NaN
0.9520,-0.100855,-0.140022,0,NaN,NaN
0.9600,-0.101343,-0.112219,1,NaN,NaN
0.9680,-0.101343,-0.151175,0,NaN,NaN
0.9760,-0.103785,-0.233836,0,NaN,NaN
0.9840,-0.106227,-0.327889,0,NaN,NaN
0.9920,-0.106716,-0.400955,0,NaN,NaN
1.0000,-0.108669,-0.428512,0,NaN,NaN
1.0080,-0.107204,-0.398722,0,NaN,NaN
1.0160,-0.106227,-0.315202,0,NaN,NaN
1.0240,-0.101832,-0.194677,0,NaN,NaN
1.0320,-0.100855,-0.057563,0,NaN,NaN
1.0400,-0.099389,-0.606993,0,NaN,NaN
1.0480,-0.096459,-0.502002,0,NaN,NaN
1.0560,-0.092063,-0.401808,0,NaN,NaN
1.0640,-0.090110,-0.320449,0,NaN,NaN
1.0720,-0.088156,-0.266446,0,NaN,NaN
1.0800,-0.088156,-0.237067,0,NaN,NaN
1.0880,-0.087668,-0.220991,0,NaN,NaN
1.0960,-0.087179,-0.206461,0,NaN,NaN
1.1040,-0.085714,-0.188942,0,NaN,NaN
1.1120,-0.083761,-0.172555,0,NaN,NaN
1.1200,-0.083272,-0.164169,0,NaN,NaN
1.1280,-0.083272,-0.166222,0,NaN,NaN
1.1360,-0.082784,-0.175273,0,NaN,NaN
1.1440,-0.082784,0.266514,0,NaN,NaN
1.1520,-0.084737,0.191624,0,NaN,NaN
1.1600,-0.086203,0.090306,0,NaN,NaN
1.1680,-0.087179,-0.024281,0,NaN,NaN
1.1760,-0.089133,-0.130559,0,NaN,NaN
1.1840,-0.092552,-0.198668,0,NaN,NaN
1.1920,-0.092063,-0.202281,0,NaN,NaN
1.2000,-0.089133,-0.137322,0,NaN,NaN
1.2080,-0.085714,-0.029948,0,NaN,NaN
1.2160,-0.079853,0.073377,0,NaN,NaN
1.2240,-0.078388,0.128514,0,NaN,NaN
1.2320,-0.077411,0.117604,0,NaN,NaN
1.2400,-0.080342,0.060072,0,NaN,NaN
1.2480,-0.084249,0.375701,0,NaN,NaN
1.2560,-0.085714,0.231867,0,NaN,NaN
1.2640,-0.087668,0.097175,0,NaN,NaN
1.2720,-0.090110,-0.008867,0,NaN,NaN
1.2800,-0.091575,-0.072158,0,NaN,NaN
1.2880,-0.091575,-0.086836,0,NaN,NaN
1.2960,-0.091087,-0.060743,0,NaN,NaN
1.3040,-0.087179,-0.015923,0,NaN,NaN
1.3120,-0.086203,0.021780,0,NaN,NaN
1.3200,-0.086691,0.038747,0,NaN,NaN
1.3280,-0.086691,0.039588,0,NaN,NaN
1.3360,-0.088645,0.037898,0,NaN,NaN
1.3440,-0.086203,0.041012,0,NaN,NaN
1.3520,-0.085714,0.494747,0,NaN,NaN
1.3600,-0.085714,0.431271,0,NaN,NaN
1.3680,-0.090110,0.301442,0,NaN,NaN
1.3760,-0.094994,0.119332,0,NaN,NaN
1.3840,-0.101343,-0.077426,0,NaN,NaN
1.3920,-0.105739,-0.242022,0,NaN,NaN
1.4000,-0.109646,-0.336298,0,NaN,NaN
1.4080,-0.108669,-0.345200,0,NaN,NaN
1.4160,-0.107692,-0.281123,0,NaN,NaN
1.4240,-0.103785,-0.174952,0,NaN,NaN
1.4320,-0.102808,-0.058790,0,NaN,NaN
1.4400,-0.101343,0.048830,0,NaN,NaN
1.4480,-0.100855,0.146868,0,NaN,NaN
1.4560,-0.095482,-0.102099,0,NaN,NaN
1.4640,-0.090598,0.052716,0,NaN,NaN
1.4720,-0.087668,0.129867,0,NaN,NaN
1.4800,-0.088645,0.101448,0,NaN,NaN
1.4880,-0.093040,-0.019030,0,NaN,NaN
1.4960,-0.098413,-0.181394,0,NaN,NaN
1.5040,-0.101343,-0.325159,0,NaN,NaN
1.5120,-0.102320,-0.407000,0,NaN,NaN
1.5200,-0.101832,-0.411269,0,NaN,NaN
1.5280,-0.101343,-0.344263,0,NaN,NaN
1.5360,-0.098901,-0.224582,0,NaN,NaN
1.5440,-0.095482,-0.075039,0,NaN,NaN
1.5520,-0.094017,0.085646,0,NaN,NaN
1.5600,-0.093529,0.264499,0,NaN,NaN
1.5680,-0.094017,0.288997,0,NaN,NaN
1.5760,-0.094994,0.285659,0,NaN,NaN
1.5840,-0.095971,0.269837,0,NaN,NaN
1.5920,-0.095971,0.250578,0,NaN,NaN
1.6000,-0.096459,0.227517,0,NaN,NaN
1.6080,-0.096947,0.194923,0,NaN,NaN
1.6160,-0.097924,0.149408,0,NaN,NaN
1.6240,-0.099878,0.096980,0,NaN,NaN
1.6320,-0.102320,0.054561,0,NaN,NaN
1.6400,-0.103785,0.042161,0,NaN,NaN
1.6480,-0.103785,0.068999,0,NaN,NaN
1.6560,-0.101832,0.123803,0,NaN,NaN
1.6640,-0.101343,0.043639,0,NaN,NaN
1.6720,-0.101343,0.114735,0,NaN,NaN
1.6800,-0.098901,0.166540,0,NaN,NaN
1.6880,-0.098901,0.177377,0,NaN,NaN
1.6960,-0.099878,0.132537,0,NaN,NaN
1.7040,-0.101343,0.031187,0,NaN,NaN
1.7120,-0.102808,-0.109434,0,NaN,NaN
1.7200,-0.109158,-0.251625,0,NaN,NaN
1.7280,-0.111600,-0.346908,0,NaN,NaN
1.7360,-0.110623,-0.358896,0,NaN,NaN
1.7440,-0.108669,-0.278128,0,NaN,NaN
1.7520,-0.106716,-0.119600,0,NaN,NaN
1.7600,-0.101832,0.083687,0,NaN,NaN
1.7680,-0.099389,0.408346,0,NaN,NaN
1.7760,-0.100855,0.508215,0,NaN,NaN
1.7840,-0.100366,0.579628,0,NaN,NaN
1.7920,-0.098901,0.628186,0,NaN,NaN
1.8000,-0.098901,0.653468,0,NaN,NaN
1.8080,-0.098901,0.651798,0,NaN,NaN
1.8160,-0.100855,0.621541,0,NaN,NaN
1.8240,-0.101343,0.564818,0,NaN,NaN
1.8320,-0.102808,0.489229,0,NaN,NaN
1.8400,-0.108669,0.409892,0,NaN,NaN
1.8480,-0.108669,0.342816,0,NaN,NaN
1.8560,-0.110134,0.293401,0,NaN,NaN
1.8640,-0.111600,0.255292,0,NaN,NaN
1.8720,-0.109646,-0.639630,0,NaN,NaN
1.8800,-0.108669,-0.606696,0,NaN,NaN
1.8880,-0.110623,-0.543798,0,NaN,NaN
1.8960,-0.108181,-0.453369,0,NaN,NaN
1.9040,-0.103785,-0.351059,0,NaN,NaN
1.9120,-0.101832,-0.263462,0,NaN,NaN
1.9200,-0.101343,-0.210410,0,NaN,NaN
1.9280,-0.101343,-0.194077,0,NaN,NaN
1.9360,-0.101832,-0.202587,0,NaN,NaN
1.9440,-0.102320,-0.220229,0,NaN,NaN
1.9520,-0.101343,-0.236583,0,NaN,NaN
1.9600,-0.101343,-0.249167,0,NaN,NaN
1.9680,-0.101343,-0.259756,0,NaN,NaN
1.9760,-0.099878,-0.976933,0,NaN,NaN
1.9840,-0.094994,-0.921521,0,NaN,NaN
1.9920,-0.091087,-0.845783,0,NaN,NaN
2.0000,-0.085714,-0.770194,0,NaN,NaN
2.0080,-0.080342,-0.716180,0,NaN,NaN
2.0160,-0.078877,-0.696132,0,NaN,NaN
2.0240,-0.078388,-0.706173,0,NaN,NaN
2.0320,-0.077411,-0.727830,0,NaN,NaN
2.0400,-0.076923,-0.736462,0,NaN,NaN
2.0480,-0.073016,-0.710276,0,NaN,NaN
2.0560,-0.070085,-0.636960,1,NaN,NaN
2.0640,-0.063248,-0.518192,1,NaN,NaN
2.0720,-0.054945,-0.371516,0,NaN,NaN
2.0800,-0.047619,-0.869797,0,NaN,NaN
2.0880,-0.042247,-0.835211,0,NaN,NaN
2.0960,-0.039316,-0.799166,0,NaN,NaN
2.1040,-0.033455,-0.745231,0,NaN,NaN
2.1120,-0.024176,-0.658245,0,NaN,NaN
2.1200,-0.014896,-0.533280,0,NaN,NaN
2.1280,-0.000244,-0.381148,0,NaN,NaN
2.1360,0.016361,-0.229075,0,NaN,NaN
2.1440,0.029060,-0.113056,0,NaN,NaN
2.1520,0.037851,-0.064045,1,NaN,NaN
2.1600,0.039805,-0.096047,0,NaN,NaN
2.1680,0.039316,-0.200867,0,NaN,NaN
2.1760,0.032967,-0.349351,0,NaN,NaN
2.1840,0.023687,0.928493,0,NaN,NaN
2.1920,0.013431,0.875098,0,NaN,NaN
2.2000,-0.000244,0.828729,0,NaN,NaN
2.2080,-0.007570,0.800769,0,NaN,NaN
2.2160,-0.008059,0.794199,0,NaN,NaN
2.2240,-0.007082,0.801761,0,NaN,NaN
2.2320,-0.006105,0.809368,0,NaN,NaN
2.2400,-0.009035,0.802028,0,NaN,NaN
2.2480,-0.016850,0.768899,0,NaN,NaN
2.2560,-0.029548,0.705771,0,NaN,NaN
2.2640,-0.046154,0.614881,0,NaN,NaN
2.2720,-0.064713,0.503220,0,NaN,NaN
2.2800,-0.085714,0.380746,0,NaN,NaN
2.2880,-0.101343,-0.083827,0,NaN,NaN
2.2960,-0.110623,-0.160500,0,NaN,NaN
2.3040,-0.113553,-0.196149,0,NaN,NaN
2.3120,-0.113553,-0.199677,0,NaN,NaN
2.3200,-0.110134,-0.186053,0,NaN,NaN
2.3280,-0.109646,-0.169925,0,NaN,NaN
2.3360,-0.110134,-0.160324,0,NaN,NaN
2.3440,-0.112576,-0.158668,0,NaN,NaN
2.3520,-0.115995,-0.160422,0,NaN,NaN
2.3600,-0.117460,-0.159046,0,NaN,NaN
2.3680,-0.116972,-0.149953,0,NaN,NaN
2.3760,-0.116972,-0.132384,0,NaN,NaN
2.3840,-0.115018,-0.109213,0,NaN,NaN
2.3920,-0.115018,-0.432670,0,NaN,NaN
2.4000,-0.115018,-0.430861,0,NaN,NaN
2.4080,-0.116972,-0.431335,0,NaN,NaN
2.4160,-0.117460,-0.431945,0,NaN,NaN
2.4240,-0.117460,-0.429761,0,NaN,NaN
2.4320,-0.119414,-0.421631,0,NaN,NaN
2.4400,-0.119902,-0.404849,0,NaN,NaN
2.4480,-0.117949,-0.378693,0,NaN,NaN
2.4560,-0.116484,-0.345284,0,NaN,NaN
2.4640,-0.114530,-0.308691,0,NaN,NaN
2.4720,-0.112088,-0.273182,0,NaN,NaN
2.4800,-0.111600,-0.241295,0,NaN,NaN
2.4880,-0.112088,-0.212498,0,NaN,NaN
2.4960,-0.114042,-0.202009,0,NaN,NaN
2.5040,-0.115507,-0.217680,0,NaN,NaN
2.5120,-0.119414,-0.261760,0,NaN,NaN
2.5200,-0.130647,-0.339521,0,NaN,NaN
2.5280,-0.142857,-0.450114,0,NaN,NaN
2.5360,-0.158486,-0.584454,0,NaN,NaN
2.5440,-0.176068,-0.723986,0,NaN,NaN
2.5520,-0.190720,-0.840550,0,NaN,NaN
2.5600,-0.201954,-0.898943,0,NaN,NaN
2.5680,-0.204884,-0.863752,0,NaN,NaN
2.5760,-0.194628,-0.711730,0,NaN,NaN
2.5840,-0.166789,-0.447451,0,NaN,NaN
2.5920,-0.116972,-0.112929,1,NaN,NaN
2.6000,-0.047619,-0.902283,0,NaN,NaN
2.6080,0.041270,-0.804230,0,NaN,NaN
2.6160,0.154579,-0.669675,0,NaN,NaN
2.6240,0.291819,-0.500203,0,NaN,NaN
2.6320,0.442735,-0.303126,0,NaN,NaN
2.6400,0.604884,-0.094463,0,NaN,NaN
2.6480,0.786569,0.098925,0,NaN,NaN
2.6560,0.984371,0.243067,0,NaN,NaN
2.6640,1.000000,0.308859,1,NaN,NaN
2.6720,1.000000,0.281559,0,NaN,NaN
2.6800,1.000000,0.159270,0,NaN,NaN
2.6880,0.950672,-0.047602,0,NaN,NaN
2.6960,0.726984,-0.307707,0,NaN,NaN
2.7040,0.511600,0.557983,0,NaN,NaN
2.7120,0.304518,0.367407,0,NaN,NaN
2.7200,0.106227,0.186210,0,NaN,NaN
2.7280,-0.070085,0.031991,0,NaN,NaN
2.7360,-0.202442,-0.082823,0,NaN,NaN
2.7440,-0.283028,-0.151897,0,NaN,NaN
2.7520,-0.310867,-0.175681,0,NaN,NaN
2.7600,-0.293284,-0.161038,0,NaN,NaN
2.7680,-0.250305,-0.119563,0,NaN,NaN
2.7760,-0.180952,-0.064842,0,NaN,NaN
2.7840,-0.118437,-0.008852,0,NaN,NaN
2.7920,-0.076923,0.041769,0,NaN,NaN
2.8000,-0.054945,0.087470,0,NaN,NaN
2.8080,-0.054457,0.051084,0,NaN,NaN
2.8160,-0.067155,0.048421,0,NaN,NaN
2.8240,-0.085714,0.036977,0,NaN,NaN
2.8320,-0.104274,0.022060,0,NaN,NaN
2.8400,-0.123810,0.007832,0,NaN,NaN
2.8480,-0.135043,-0.003113,0,NaN,NaN
2.8560,-0.144811,-0.009672,0,NaN,NaN
2.8640,-0.148230,-0.011905,0,NaN,NaN
2.8720,-0.147741,-0.010641,0,NaN,NaN
2.8800,-0.145299,-0.007096,0,NaN,NaN
2.8880,-0.141880,-0.002466,0,NaN,NaN
2.8960,-0.140904,0.002430,0,NaN,NaN
2.9040,-0.142857,0.007325,0,NaN,NaN
2.9120,-0.141880,-0.271328,0,NaN,NaN
2.9200,-0.143346,-0.274466,0,NaN,NaN
2.9280,-0.145299,-0.274810,0,NaN,NaN
2.9360,-0.144811,-0.271471,0,NaN,NaN
2.9440,-0.143834,-0.263979,0,NaN,NaN
2.9520,-0.143834,-0.252387,0,NaN,NaN
2.9600,-0.143834,-0.237236,0,NaN,NaN
2.9680,-0.143346,-0.219467,0,NaN,NaN
2.9760,-0.142857,-0.200273,0,NaN,NaN
2.9840,-0.141880,-0.180978,0,NaN,NaN
2.9920,-0.138950,-0.162835,0,NaN,NaN
3.0000,-0.136996,-0.146540,0,NaN,NaN
3.0080,-0.136996,-0.131700,0,NaN,NaN
3.0160,-0.136020,0.006023,0,NaN,NaN
3.0240,-0.133578,0.012379,0,NaN,NaN
3.0320,-0.132601,0.015509,0,NaN,NaN
3.0400,-0.132112,0.016028,0,NaN,NaN
3.0480,-0.129182,0.014615,0,NaN,NaN
3.0560,-0.127717,0.011880,0,NaN,NaN
3.0640,-0.126740,0.008405,0,NaN,NaN
3.0720,-0.127717,0.004905,0,NaN,NaN
3.0800,-0.132601,0.002261,0,NaN,NaN
3.0880,-0.132601,0.001245,0,NaN,NaN
3.0960,-0.132601,0.002132,0,NaN,NaN
3.1040,-0.130159,0.004587,0,NaN,NaN
3.1120,-0.129182,0.007878,0,NaN,NaN
3.1200,-0.127228,-0.016072,0,NaN,NaN
3.1280,-0.129670,-0.015999,0,NaN,NaN
3.1360,-0.129182,-0.016412,0,NaN,NaN
3.1440,-0.129182,-0.016805,0,NaN,NaN
3.1520,-0.130159,-0.016603,0,NaN,NaN
3.1600,-0.126252,-0.015439,0,NaN,NaN
3.1680,-0.121368,-0.013356,0,NaN,NaN
3.1760,-0.117460,-0.010740,0,NaN,NaN
3.1840,-0.114530,-0.008120,0,NaN,NaN
3.1920,-0.108181,-0.006081,0,NaN,NaN
3.2000,-0.105739,-0.005151,0,NaN,NaN
3.2080,-0.103785,-0.005509,0,NaN,NaN
3.2160,-0.105739,-0.006757,0,NaN,NaN
3.2240,-0.106716,0.017752,0,NaN,NaN
3.2320,-0.106227,0.017287,0,NaN,NaN
3.2400,-0.104762,0.017154,0,NaN,NaN
3.2480,-0.103297,0.017307,0,NaN,NaN
3.2560,-0.103785,0.017587,0,NaN,NaN
3.2640,-0.101832,0.017822,0,NaN,NaN
3.2720,-0.101343,0.017837,0,NaN,NaN
3.2800,-0.101343,0.017482,0,NaN,NaN
3.2880,-0.101343,0.016652,0,NaN,NaN
3.2960,-0.101343,0.015298,0,NaN,NaN
3.3040,-0.103785,0.013454,0,NaN,NaN
3.3120,-0.104762,0.011246,0,NaN,NaN
3.3200,-0.106716,0.008849,0,NaN,NaN
3.3280,-0.105739,0.001312,0,NaN,NaN
3.3360,-0.101832,0.001347,0,NaN,NaN
3.3440,-0.100855,0.001197,0,NaN,NaN
3.3520,-0.101343,0.000464,0,NaN,NaN
3.3600,-0.101832,-0.000800,0,NaN,NaN
3.3680,-0.104762,-0.002138,0,NaN,NaN
3.3760,-0.104762,-0.002977,0,NaN,NaN
3.3840,-0.102808,-0.002974,0,NaN,NaN
3.3920,-0.100855,-0.002172,0,NaN,NaN
3.4000,-0.097924,-0.000923,0,NaN,NaN
3.4080,-0.094017,0.000298,0,NaN,NaN
3.4160,-0.092063,0.001144,0,NaN,NaN
3.4240,-0.092063,0.001632,0,NaN,NaN
3.4320,-0.093529,0.018679,0,NaN,NaN
3.4400,-0.096459,0.016261,0,NaN,NaN
3.4480,-0.100855,0.013408,0,NaN,NaN
3.4560,-0.101832,0.010670,0,NaN,NaN
3.4640,-0.103785,0.008348,0,NaN,NaN
3.4720,-0.104762,0.006520,0,NaN,NaN
3.4800,-0.106227,0.005203,0,NaN,NaN
3.4880,-0.108181,0.004439,0,NaN,NaN
3.4960,-0.107692,0.004250,0,NaN,NaN
3.5040,-0.107692,0.004542,0,NaN,NaN
3.5120,-0.106716,0.005111,0,NaN,NaN
3.5200,-0.105739,0.005747,0,NaN,NaN
3.5280,-0.106227,0.006354,0,NaN,NaN
3.5360,-0.106716,0.001403,0,NaN,NaN
3.5440,-0.106716,0.000987,0,NaN,NaN
3.5520,-0.105739,0.000243,0,NaN,NaN
3.5600,-0.108181,-0.000696,0,NaN,NaN
3.5680,-0.109646,-0.001461,0,NaN,NaN
3.5760,-0.111600,-0.001598,0,NaN,NaN
3.5840,-0.110134,-0.000898,0,NaN,NaN
3.5920,-0.107204,0.000382,0,NaN,NaN
3.6000,-0.104762,0.001651,0,NaN,NaN
3.6080,-0.104762,0.002357,0,NaN,NaN
3.6160,-0.105739,0.002262,0,NaN,NaN
3.6240,-0.105739,0.001447,0,NaN,NaN
3.6320,-0.107692,0.000210,0,NaN,NaN
3.6400,-0.107204,-0.012166,0,NaN,NaN
3.6480,-0.105739,-0.011528,0,NaN,NaN
3.6560,-0.101832,-0.010102,0,NaN,NaN
3.6640,-0.100855,-0.008109,0,NaN,NaN
3.6720,-0.097924,-0.005780,0,NaN,NaN
3.6800,-0.094017,-0.003373,0,NaN,NaN
3.6880,-0.091087,-0.001191,0,NaN,NaN
3.6960,-0.090598,0.000469,0,NaN,NaN
3.7040,-0.086203,0.001320,0,NaN,NaN
3.7120,-0.086691,0.001147,0,NaN,NaN
3.7200,-0.089133,-0.000058,0,NaN,NaN
3.7280,-0.089133,-0.002066,0,NaN,NaN
3.7360,-0.092063,-0.004518,0,NaN,NaN
3.7440,-0.090598,0.013449,0,NaN,NaN
3.7520,-0.091087,0.012871,0,NaN,NaN
3.7600,-0.093040,0.012063,0,NaN,NaN
3.7680,-0.093529,0.010824,0,NaN,NaN
3.7760,-0.094017,0.009030,0,NaN,NaN
3.7840,-0.097924,0.006756,0,NaN,NaN
3.7920,-0.100366,0.004364,0,NaN,NaN
3.8000,-0.103785,0.002386,0,NaN,NaN
3.8080,-0.104274,0.001276,0,NaN,NaN
3.8160,-0.103785,0.001232,0,NaN,NaN
3.8240,-0.102808,0.002182,0,NaN,NaN
3.8320,-0.101343,0.003888,0,NaN,NaN
3.8400,-0.098901,0.006008,0,NaN,NaN
3.8480,-0.099878,-0.004249,0,NaN,NaN
3.8560,-0.099878,-0.005771,0,NaN,NaN
3.8640,-0.101343,-0.008751,0,NaN,NaN
3.8720,-0.106227,-0.012873,0,NaN,NaN
3.8800,-0.112576,-0.017319,0,NaN,NaN
3.8880,-0.115507,-0.021044,0,NaN,NaN
3.8960,-0.116972,-0.023195,0,NaN,NaN
3.9040,-0.116484,-0.023317,0,NaN,NaN
3.9120,-0.115507,-0.021399,0,NaN,NaN
3.9200,-0.108181,-0.017861,0,NaN,NaN
3.9280,-0.102320,-0.013397,0,NaN,NaN
3.9360,-0.098901,-0.008602,0,NaN,NaN
3.9440,-0.093529,-0.003748,0,NaN,NaN
3.9520,-0.089133,0.000165,0,NaN,NaN
3.9600,-0.086691,0.002222,0,NaN,NaN
3.9680,-0.086203,0.003074,0,NaN,NaN
3.9760,-0.085714,0.002973,0,NaN,NaN
3.9840,-0.086691,0.002322,0,NaN,NaN
3.9920,-0.087179,0.001554,0,NaN,NaN
4.0000,-0.088156,0.001029,0,NaN,NaN
4.0080,-0.088156,0.000923,0,NaN,NaN
4.0160,-0.086203,0.001164,0,NaN,NaN
4.0240,-0.086203,0.001513,0,NaN,NaN
4.0320,-0.085226,0.001746,0,NaN,NaN
4.0400,-0.085714,0.001772,0,NaN,NaN
4.0480,-0.085714,0.001646,0,NaN,NaN
4.0560,-0.085714,0.006874,0,NaN,NaN
4.0640,-0.085226,0.007367,0,NaN,NaN
4.0720,-0.085714,0.008359,0,NaN,NaN
4.0800,-0.084249,0.009810,0,NaN,NaN
4.0880,-0.081319,0.011297,0,NaN,NaN
4.0960,-0.077411,0.012077,0,NaN,NaN
4.1040,-0.077900,0.011522,0,NaN,NaN
4.1120,-0.080830,0.009593,0,NaN,NaN
4.1200,-0.085714,0.006950,0,NaN,NaN
4.1280,-0.088156,0.004574,0,NaN,NaN
4.1360,-0.090110,0.003239,0,NaN,NaN
4.1440,-0.088645,0.003152,0,NaN,NaN
4.1520,-0.086691,0.003886,0,NaN,NaN
4.1600,-0.085714,0.002044,0,NaN,NaN
4.1680,-0.085714,0.002377,0,NaN,NaN
4.1760,-0.085714,0.002421,0,NaN,NaN
4.1840,-0.085714,0.002335,0,NaN,NaN
4.1920,-0.085714,0.002381,0,NaN,NaN
4.2000,-0.085226,0.002742,0,NaN,NaN
4.2080,-0.082295,0.003379,0,NaN,NaN
4.2160,-0.080830,0.004051,0,NaN,NaN
4.2240,-0.080342,0.004477,0,NaN,NaN
4.2320,-0.080342,0.004456,0,NaN,NaN
4.2400,-0.079365,0.003864,0,NaN,NaN
4.2480,-0.080342,0.002686,0,NaN,NaN
4.2560,-0.082784,0.001117,0,NaN,NaN
4.2640,-0.082295,0.019665,0,NaN,NaN
4.2720,-0.085226,0.019517,0,NaN,NaN
4.2800,-0.084737,0.019815,0,NaN,NaN
4.2880,-0.084737,0.020639,0,NaN,NaN
4.2960,-0.084737,0.021931,0,NaN,NaN
4.3040,-0.084249,0.023498,0,NaN,NaN
4.3120,-0.083272,0.024977,0,NaN,NaN
4.3200,-0.082784,0.025828,0,NaN,NaN
4.3280,-0.083272,0.025447,0,NaN,NaN
4.3360,-0.085714,0.023390,0,NaN,NaN
4.3440,-0.091087,0.019605,0,NaN,NaN
4.3520,-0.099878,0.014502,0,NaN,NaN
4.3600,-0.105250,0.008743,0,NaN,NaN
4.3680,-0.106227,-0.021531,0,NaN,NaN
4.3760,-0.105739,-0.021581,0,NaN,NaN
4.3840,-0.101832,-0.019746,0,NaN,NaN
4.3920,-0.099389,-0.016875,0,NaN,NaN
4.4000,-0.094994,-0.013928,0,NaN,NaN
4.4080,-0.092063,-0.011704,0,NaN,NaN
4.4160,-0.092063,-0.010602,0,NaN,NaN
4.4240,-0.092063,-0.010537,0,NaN,NaN
4.4320,-0.092552,-0.011052,0,NaN,NaN
4.4400,-0.094017,-0.011540,0,NaN,NaN
4.4480,-0.093529,-0.011483,0,NaN,NaN
4.4560,-0.092552,-0.010683,0,NaN,NaN
4.4640,-0.089621,-0.009363,0,NaN,NaN
4.4720,-0.086203,0.009505,0,NaN,NaN
4.4800,-0.084737,0.011000,0,NaN,NaN
4.4880,-0.084737,0.011382,0,NaN,NaN
4.4960,-0.088156,0.010753,0,NaN,NaN
4.5040,-0.091087,0.009565,0,NaN,NaN
4.5120,-0.091087,0.008247,0,NaN,NaN
4.5200,-0.092552,0.007009,0,NaN,NaN
4.5280,-0.094994,0.005935,0,NaN,NaN
4.5360,-0.095971,0.005123,0,NaN,NaN
4.5440,-0.098413,0.004690,0,NaN,NaN
4.5520,-0.098901,0.004677,0,NaN,NaN
4.5600,-0.097436,0.004978,0,NaN,NaN
4.5680,-0.098901,0.005419,0,NaN,NaN
4.5760,-0.096459,-0.004636,0,NaN,NaN
4.5840,-0.096459,-0.004979,0,NaN,NaN
4.5920,-0.099389,-0.005677,0,NaN,NaN
4.6000,-0.100855,-0.006271,0,NaN,NaN
4.6080,-0.101343,-0.006193,0,NaN,NaN
4.6160,-0.101343,-0.005103,0,NaN,NaN
4.6240,-0.098901,-0.003131,0,NaN,NaN
4.6320,-0.094017,-0.000907,0,NaN,NaN
4.6400,-0.092063,0.000735,0,NaN,NaN
4.6480,-0.092552,0.001231,0,NaN,NaN
4.6560,-0.094017,0.000550,0,NaN,NaN
4.6640,-0.096947,-0.000937,0,NaN,NaN
4.6720,-0.096947,-0.002779,0,NaN,NaN
4.6800,-0.097924,-0.006243,0,NaN,NaN
4.6880,-0.099389,-0.007415,0,NaN,NaN
4.6960,-0.098901,-0.008208,0,NaN,NaN
4.7040,-0.097924,-0.008622,0,NaN,NaN
4.7120,-0.100855,-0.008585,0,NaN,NaN
4.7200,-0.099389,-0.007974,0,NaN,NaN
4.7280,-0.097924,-0.006828,0,NaN,NaN
4.7360,-0.094994,-0.005446,0,NaN,NaN
4.7440,-0.093529,-0.004234,0,NaN,NaN
4.7520,-0.093040,-0.003476,0,NaN,NaN
4.7600,-0.093040,-0.003235,0,NaN,NaN
4.7680,-0.093040,-0.003403,0,NaN,NaN
4.7760,-0.093529,-0.003792,0,NaN,NaN
4.7840,-0.091087,0.005382,0,NaN,NaN
4.7920,-0.089621,0.006915,0,NaN,NaN
4.8000,-0.086203,0.007812,0,NaN,NaN
4.8080,-0.087179,0.007499,0,NaN,NaN
4.8160,-0.088645,0.005879,0,NaN,NaN
4.8240,-0.094017,0.003484,0,NaN,NaN
4.8320,-0.098413,0.001230,0,NaN,NaN
4.8400,-0.098413,-0.000116,0,NaN,NaN
4.8480,-0.097436,-0.000316,0,NaN,NaN
4.8560,-0.096459,0.000389,0,NaN,NaN
4.8640,-0.094505,0.001570,0,NaN,NaN
4.8720,-0.093529,0.002871,0,NaN,NaN
4.8800,-0.093040,0.004145,0,NaN,NaN
4.8880,-0.092063,-0.001706,0,NaN,NaN
4.8960,-0.090598,-0.000855,0,NaN,NaN
4.9040,-0.088645,-0.000209,0,NaN,NaN
4.9120,-0.088645,0.000187,0,NaN,NaN
4.9200,-0.090110,0.000376,0,NaN,NaN
4.9280,-0.087179,0.000362,0,NaN,NaN
4.9360,-0.087179,0.000050,0,NaN,NaN
4.9440,-0.088156,-0.000598,0,NaN,NaN
4.9520,-0.088645,-0.001399,0,NaN,NaN
4.9600,-0.090598,-0.001975,0,NaN,NaN
4.9680,-0.091087,-0.001947,0,NaN,NaN
4.9760,-0.088645,-0.001189,0,NaN,NaN
4.9840,-0.086691,0.000050,0,NaN,NaN
4.9920,-0.086203,0.003606,0,111.52,NaN
5.0000,-0.086203,0.004126,0,111.52,NaN
5.0080,-0.085714,0.004483,0,111.52,NaN
5.0160,-0.085714,0.004817,0,111.52,NaN
5.0240,-0.085714,0.005216,0,111.52,NaN
5.0320,-0.084249,0.005601,0,111.52,NaN
5.0400,-0.082295,0.005722,0,111.52,NaN
5.0480,-0.083272,0.005366,0,111.52,NaN
5.0560,-0.085226,0.004570,0,111.52,NaN
5.0640,-0.085714,0.003610,0,111.52,NaN
5.0720,-0.088156,0.002805,0,111.52,NaN
5.0800,-0.087179,0.002324,0,111.52,NaN
5.0880,-0.087179,0.002091,0,111.52,NaN
5.0960,-0.087179,-0.044235,0,111.52,NaN
5.1040,-0.085714,-0.046084,0,111.52,NaN
5.1120,-0.086203,-0.047947,0,111.52,NaN
5.1200,-0.086203,-0.049619,0,111.52,NaN
5.1280,-0.085714,-0.050687,0,111.52,NaN
5.1360,-0.084737,-0.050717,0,111.52,NaN
5.1440,-0.078877,-0.049493,0,111.52,NaN
5.1520,-0.073504,-0.047085,0,111.52,NaN
5.1600,-0.067155,-0.043667,0,111.52,NaN
5.1680,-0.062271,-0.039316,0,111.52,NaN
5.1760,-0.053968,-0.034053,0,111.52,NaN
5.1840,-0.044689,-0.028027,0,111.52,NaN
5.1920,-0.035409,-0.021583,0,111.52,NaN
5.2000,-0.026618,-0.051127,0,111.52,NaN
5.2080,-0.023199,-0.050183,0,111.52,NaN
5.2160,-0.019780,-0.050983,0,111.52,NaN
5.2240,-0.015873,-0.052927,0,111.52,NaN
5.2320,-0.015385,-0.054932,0,111.52,NaN
5.2400,-0.013919,-0.055579,0,111.52,NaN
5.2480,-0.008547,-0.053569,0,111.52,NaN
5.2560,-0.000244,-0.048403,0,111.52,NaN
5.2640,0.016850,-0.040884,0,111.52,NaN
5.2720,0.034921,-0.032961,0,111.52,NaN
5.2800,0.048596,-0.026739,0,111.52,NaN
5.2880,0.055433,-0.023219,0,111.52,NaN
5.2960,0.057875,-0.021701,0,111.52,NaN
5.3040,0.054457,0.106756,0,111.52,NaN
5.3120,0.045665,0.099965,0,111.52,NaN
5.3200,0.034432,0.090655,0,111.52,NaN
5.3280,0.023687,0.080960,0,111.52,NaN
5.3360,0.012454,0.072818,0,111.52,NaN
5.3440,0.007082,0.067464,0,111.52,NaN
5.3520,0.006105,0.065077,0,111.52,NaN
5.3600,0.004640,0.064791,0,111.52,NaN
5.3680,0.006593,0.065002,0,111.52,NaN
5.3760,0.007570,0.063817,0,111.52,NaN
5.3840,0.005617,0.059711,0,111.52,NaN
5.3920,-0.004151,0.052309,0,111.52,NaN
5.4000,-0.017827,0.042747,0,111.52,NaN
5.4080,-0.032967,0.042350,0,111.52,NaN
5.4160,-0.053480,0.026361,0,111.52,NaN
5.4240,-0.070574,0.010954,0,111.52,NaN
5.4320,-0.086203,-0.001984,0,111.52,NaN
5.4400,-0.095971,-0.011253,0,111.52,NaN
5.4480,-0.100855,-0.016554,0,111.52,NaN
5.4560,-0.103785,-0.018352,0,111.52,NaN
5.4640,-0.103785,-0.017507,0,111.52,NaN
5.4720,-0.102320,-0.014920,0,111.52,NaN
5.4800,-0.101343,-0.011273,0,111.52,NaN
5.4880,-0.100366,-0.006938,0,111.52,NaN
5.4960,-0.097924,-0.002089,0,111.52,NaN
5.5040,-0.094994,0.003096,0,111.52,NaN
5.5120,-0.092063,-0.029365,0,111.52,NaN
5.5200,-0.092063,-0.027623,0,111.52,NaN
5.5280,-0.093040,-0.027096,0,111.52,NaN
5.5360,-0.094017,-0.027686,0,111.52,NaN
5.5440,-0.097924,-0.028970,0,111.52,NaN
5.5520,-0.101343,-0.030231,0,111.52,NaN
5.5600,-0.105739,-0.030660,0,111.52,NaN
5.5680,-0.106227,-0.029710,0,111.52,NaN
5.5760,-0.105739,-0.027377,0,111.52,NaN
5.5840,-0.103785,-0.024153,0,111.52,NaN
5.5920,-0.103297,-0.020672,0,111.52,NaN
5.6000,-0.105739,-0.017318,0,111.52,NaN
5.6080,-0.106227,-0.014122,0,111.52,NaN
5.6160,-0.106227,0.053796,0,111.52,NaN
5.6240,-0.106227,0.060735,0,111.52,NaN
5.6320,-0.102808,0.067222,0,111.52,NaN
5.6400,-0.101832,0.071827,0,111.52,NaN
5.6480,-0.104274,0.073021,0,111.52,NaN
5.6560,-0.113065,0.069886,0,111.52,NaN
5.6640,-0.128205,0.062627,0,111.52,NaN
5.6720,-0.145788,0.052620,0,111.52,NaN
5.6800,-0.163858,0.042022,0,111.52,NaN
5.6880,-0.180464,0.033212,0,111.52,NaN
5.6960,-0.197558,0.028152,0,111.52,NaN
5.7040,-0.205372,0.027527,0,111.52,NaN
5.7120,-0.200977,0.029988,0,111.52,NaN
5.7200,-0.180464,-0.994013,0,111.52,NaN
5.7280,-0.141392,-1.000000,0,111.52,NaN
5.7360,-0.083272,-0.988854,0,111.52,NaN
5.7440,-0.007570,-0.958745,0,111.52,NaN
5.7520,0.090598,-0.908146,0,111.52,NaN
5.7600,0.206838,-0.836608,0,111.52,NaN
5.7680,0.345543,-0.746324,0,111.52,NaN
5.7760,0.495971,-0.644260,0,111.52,NaN
5.7840,0.664957,-0.544028,0,111.52,NaN
5.7920,0.873016,-0.464783,0,111.52,NaN
5.8000,1.000000,-0.423555,1,111.52,NaN
5.8080,1.000000,-0.423929,0,111.52,NaN
5.8160,1.000000,-0.451389,0,111.52,NaN
5.8240,1.000000,0.986645,0,111.52,NaN
5.8320,0.978999,0.928597,0,111.52,NaN
5.8400,0.749939,0.827194,0,111.52,NaN
5.8480,0.515995,0.694391,0,111.52,NaN
5.8560,0.289377,0.549974,0,111.52,NaN
5.8640,0.073504,0.414780,0,111.52,NaN
5.8720,-0.106716,0.306066,0,111.52,NaN
5.8800,-0.225885,0.235145,0,111.52,NaN
5.8880,-0.285958,0.206242,0,111.52,NaN
5.8960,-0.286447,0.216814,0,111.52,NaN
5.9040,-0.250305,0.259233,0,111.52,NaN
5.9120,-0.179487,0.323181,0,111.52,NaN
5.9200,-0.116972,0.397885,0,111.52,NaN
5.9280,-0.071551,0.012676,0,111.52,NaN
5.9360,-0.048107,0.044920,0,111.52,NaN
5.9440,-0.045665,0.058573,0,111.52,NaN
5.9520,-0.058852,0.056796,0,111.52,NaN
5.9600,-0.078388,0.045187,0,111.52,NaN
5.9680,-0.101343,0.029718,0,111.52,NaN
5.9760,-0.119902,0.015282,0,111.52,NaN
5.9840,-0.132601,0.004960,0,111.52,NaN
5.9920,-0.139438,-0.000050,0,111.52,NaN
6.0000,-0.139438,-0.000040,0,111.52,NaN
6.0080,-0.136020,0.003844,0,111.52,NaN
6.0160,-0.133089,0.010228,0,111.52,NaN
6.0240,-0.127228,0.017851,0,111.52,NaN
6.0320,-0.125763,-0.225686,0,111.52,NaN
6.0400,-0.127228,-0.230785,0,111.52,NaN
6.0480,-0.129670,-0.236148,0,111.52,NaN
6.0560,-0.132601,-0.240477,0,111.52,NaN
6.0640,-0.135043,-0.242321,0,111.52,NaN
6.0720,-0.137485,-0.240366,0,111.52,NaN
6.0800,-0.137485,-0.233685,0,111.52,NaN
6.0880,-0.137973,-0.221940,0,111.52,NaN
6.0960,-0.135043,-0.205517,0,111.52,NaN
6.1040,-0.135043,-0.185415,0,111.52,NaN
6.1120,-0.132112,-0.162895,0,111.52,NaN
6.1200,-0.132112,-0.139080,0,111.52,NaN
6.1280,-0.132112,-0.114766,0,111.52,NaN
6.1360,-0.132601,-0.039449,0,111.52,NaN
6.1440,-0.132601,-0.023585,0,111.52,NaN
6.1520,-0.133089,-0.011015,0,111.52,NaN
6.1600,-0.132601,-0.002073,0,111.52,NaN
6.1680,-0.131624,0.003248,0,111.52,NaN
6.1760,-0.127228,0.005201,0,111.52,NaN
6.1840,-0.126740,0.004341,0,111.52,NaN
6.1920,-0.126252,0.001642,0,111.52,NaN
6.2000,-0.127228,-0.001632,0,111.52,NaN
6.2080,-0.126252,-0.004311,0,111.52,NaN
6.2160,-0.125275,-0.005716,0,111.52,NaN
6.2240,-0.124298,-0.005812,0,111.52,NaN
6.2320,-0.123321,-0.005127,0,111.52,NaN
6.2400,-0.117460,-0.007737,0,111.52,NaN
6.2480,-0.116972,-0.006768,0,111.52,NaN
6.2560,-0.119902,-0.007035,0,111.52,NaN
6.2640,-0.123810,-0.008073,0,111.52,NaN
6.2720,-0.125275,-0.008933,0,111.52,NaN
6.2800,-0.124786,-0.008778,0,111.52,NaN
6.2880,-0.121856,-0.007299,0,111.52,NaN
6.2960,-0.117460,-0.004810,0,111.52,NaN
6.3040,-0.112088,-0.002098,0,111.52,NaN
6.3120,-0.108669,-0.000081,0,111.52,NaN
6.3200,-0.105739,0.000571,0,111.52,NaN
6.3280,-0.107204,-0.000256,0,111.52,NaN
6.3360,-0.109158,-0.002039,0,111.52,NaN
6.3440,-0.113553,0.005624,0,111.52,NaN
6.3520,-0.112576,0.005189,0,111.52,NaN
6.3600,-0.108669,0.005903,0,111.52,NaN
6.3680,-0.105739,0.007384,0,111.52,NaN
6.3760,-0.102808,0.009052,0,111.52,NaN
6.3840,-0.101343,0.010509,0,111.52,NaN
6.3920,-0.101343,0.011624,0,111.52,NaN
6.4000,-0.098901,0.012340,0,111.52,NaN
6.4080,-0.096947,0.012459,0,111.52,NaN
6.4160,-0.096459,0.011669,0,111.52,NaN
6.4240,-0.096459,0.009783,0,111.52,NaN
6.4320,-0.101343,0.006938,0,111.52,NaN
6.4400,-0.102808,0.003557,0,111.52,NaN
6.4480,-0.106227,-0.004365,0,111.52,NaN
6.4560,-0.105739,-0.004400,0,111.52,NaN
6.4640,-0.100855,-0.002499,0,111.52,NaN
6.4720,-0.095482,0.000649,0,111.52,NaN
6.4800,-0.088156,0.003887,0,111.52,NaN
6.4880,-0.085714,0.006157,0,111.52,NaN
6.4960,-0.085226,0.006950,0,111.52,NaN
6.5040,-0.084249,0.006363,0,111.52,NaN
6.5120,-0.085714,0.004879,0,111.52,NaN
6.5200,-0.087179,0.003118,0,111.52,NaN
6.5280,-0.087179,0.001566,0,111.52,NaN
6.5360,-0.085714,0.000381,0,111.52,NaN
6.5440,-0.085714,-0.000564,0,111.52,NaN
6.5520,-0.083272,0.022099,0,111.52,NaN
6.5600,-0.083761,0.022442,0,111.52,NaN
6.5680,-0.083272,0.022196,0,111.52,NaN
6.5760,-0.084249,0.021200,0,111.52,NaN
6.5840,-0.085714,0.019424,0,111.52,NaN
6.5920,-0.086203,0.016992,0,111.52,NaN
6.6000,-0.091087,0.014251,0,111.52,NaN
6.6080,-0.093529,0.011764,0,111.52,NaN
6.6160,-0.096947,0.010081,0,111.52,NaN
6.6240,-0.095971,0.009434,0,111.52,NaN
6.6320,-0.094017,0.009624,0,111.52,NaN
6.6400,-0.093529,0.010244,0,111.52,NaN
6.6480,-0.093529,0.010991,0,111.52,NaN
6.6560,-0.094017,-0.001244,0,111.52,NaN
6.6640,-0.095482,-0.004138,0,111.52,NaN
6.6720,-0.100366,-0.008165,0,111.52,NaN
6.6800,-0.105739,-0.012693,0,111.52,NaN
6.6880,-0.109158,-0.016851,0,111.52,NaN
6.6960,-0.111600,-0.019786,0,111.52,NaN
6.7040,-0.114530,-0.020838,0,111.52,NaN
6.7120,-0.112576,-0.019737,0,111.52,NaN
6.7200,-0.108181,-0.016816,0,111.52,NaN
6.7280,-0.101343,-0.012966,0,111.52,NaN
6.7360,-0.095971,-0.009198,0,111.52,NaN
6.7440,-0.094017,-0.006090,0,111.52,NaN
6.7520,-0.092063,-0.003543,0,111.52,NaN
6.7600,-0.094017,-0.004472,0,111.52,NaN
6.7680,-0.093040,-0.003244,0,111.52,NaN
6.7760,-0.088645,-0.001123,0,111.52,NaN
6.7840,-0.085714,0.001813,0,111.52,NaN
6.7920,-0.080342,0.004962,0,111.52,NaN
6.8000,-0.076435,0.007519,0,111.52,NaN
6.8080,-0.074969,0.008861,0,111.52,NaN
6.8160,-0.076435,0.008835,0,111.52,NaN
6.8240,-0.077411,0.007732,0,111.52,NaN
6.8320,-0.080830,0.006011,0,111.52,NaN
6.8400,-0.080342,0.003987,0,111.52,NaN
6.8480,-0.080830,0.001730,0,111.52,NaN
6.8560,-0.084737,-0.000718,0,111.52,NaN
6.8640,-0.086691,0.005519,0,111.52,NaN
6.8720,-0.093040,0.002281,0,111.52,NaN
6.8800,-0.094994,-0.000513,0,111.52,NaN
6.8880,-0.097436,-0.002351,0,111.52,NaN
6.8960,-0.098901,-0.002954,0,111.52,NaN
6.9040,-0.097924,-0.002374,0,111.52,NaN
6.9120,-0.094505,-0.001027,0,111.52,NaN
6.9200,-0.093040,0.000484,0,111.52,NaN
6.9280,-0.092552,0.001646,0,111.52,NaN
6.9360,-0.092063,0.002163,0,111.52,NaN
6.9440,-0.091087,0.001921,0,111.52,NaN
6.9520,-0.093040,0.000986,0,111.52,NaN
6.9600,-0.094505,-0.000364,0,111.52,NaN
6.9680,-0.097924,0.006384,0,111.52,NaN
6.9760,-0.100855,0.003469,0,111.52,NaN
6.9840,-0.102808,0.000336,0,111.52,NaN
6.9920,-0.107692,-0.002631,0,111.52,NaN
7.0000,-0.109158,-0.004956,0,111.52,NaN
7.0080,-0.112088,-0.006186,0,111.52,NaN
7.0160,-0.111600,-0.006087,0,111.52,NaN
7.0240,-0.109646,-0.004821,0,111.52,NaN
7.0320,-0.106716,-0.002943,0,111.52,NaN
7.0400,-0.104274,-0.001176,0,111.52,NaN
7.0480,-0.103785,-0.000073,0,111.52,NaN
7.0560,-0.104274,0.000216,0,111.52,NaN
7.0640,-0.105739,-0.000029,0,111.52,NaN
7.0720,-0.104762,-0.024381,0,111.52,NaN
7.0800,-0.106227,-0.026201,0,111.52,NaN
7.0880,-0.108181,-0.028013,0,111.52,NaN
7.0960,-0.109158,-0.029455,0,111.52,NaN
7.1040,-0.109646,-0.030196,0,111.52,NaN
7.1120,-0.109646,-0.030045,0,111.52,NaN
7.1200,-0.106716,-0.029030,0,111.52,NaN
7.1280,-0.104274,-0.027343,0,111.52,NaN
7.1360,-0.101832,-0.025175,0,111.52,NaN
7.1440,-0.099878,-0.022610,0,111.52,NaN
7.1520,-0.095482,-0.019673,0,111.52,NaN
7.1600,-0.092063,-0.016435,0,111.52,NaN
7.1680,-0.087668,-0.013034,0,111.52,NaN
7.1760,-0.083272,-0.000317,0,111.52,NaN
7.1840,-0.082295,0.001331,0,111.52,NaN
7.1920,-0.080830,0.001702,0,111.52,NaN
7.2000,-0.080342,0.000801,0,111.52,NaN
7.2080,-0.082784,-0.001110,0,111.52,NaN
7.2160,-0.085226,-0.003522,0,111.52,NaN
7.2240,-0.087179,-0.005823,0,111.52,NaN
7.2320,-0.087668,-0.007476,0,111.52,NaN
7.2400,-0.088156,-0.008096,0,111.52,NaN
7.2480,-0.087179,-0.007443,0,111.52,NaN
7.2560,-0.085226,-0.005457,0,111.52,NaN
7.2640,-0.080830,-0.002340,0,111.52,NaN
7.2720,-0.075946,0.001426,0,111.52,NaN
7.2800,-0.073504,0.023058,0,111.52,NaN
7.2880,-0.071062,0.024285,0,111.52,NaN
7.2960,-0.071551,0.023514,0,111.52,NaN
7.3040,-0.074481,0.021004,0,111.52,NaN
7.3120,-0.080342,0.017667,0,111.52,NaN
7.3200,-0.085714,0.014738,0,111.52,NaN
7.3280,-0.085714,0.013164,0,111.52,NaN
7.3360,-0.084737,0.013148,0,111.52,NaN
7.3440,-0.083761,0.014150,0,111.52,NaN
7.3520,-0.080342,0.015187,0,111.52,NaN
7.3600,-0.078388,0.015261,0,111.52,NaN
7.3680,-0.080830,0.013900,0,111.52,NaN
7.3760,-0.085714,0.011494,0,111.52,NaN
7.3840,-0.091087,-0.005792,0,111.52,NaN
7.3920,-0.091087,-0.006925,0,111.52,NaN
7.4000,-0.087179,-0.006338,0,111.52,NaN
7.4080,-0.083272,-0.004454,0,111.52,NaN
7.4160,-0.080342,-0.002047,0,111.52,NaN
7.4240,-0.076923,0.000191,0,111.52,NaN
7.4320,-0.075458,0.001849,0,111.52,NaN
7.4400,-0.074969,0.002780,0,111.52,NaN
7.4480,-0.073016,0.002966,0,111.52,NaN
7.4560,-0.073504,0.002397,0,111.52,NaN
7.4640,-0.073504,0.001081,0,111.52,NaN
7.4720,-0.075458,-0.000873,0,111.52,NaN
7.4800,-0.077900,-0.003202,0,111.52,NaN
7.4880,-0.078877,0.013938,0,111.52,NaN
7.4960,-0.080342,0.013671,0,111.52,NaN
7.5040,-0.080342,0.013974,0,111.52,NaN
7.5120,-0.078877,0.014654,0,111.52,NaN
7.5200,-0.079365,0.015384,0,111.52,NaN
7.5280,-0.079365,0.015845,0,111.52,NaN
7.5360,-0.078877,0.015799,0,111.52,NaN
7.5440,-0.080830,0.015148,0,111.52,NaN
7.5520,-0.083272,0.013963,0,111.52,NaN
7.5600,-0.085714,0.012402,0,111.52,NaN
7.5680,-0.086691,0.010562,0,111.52,NaN
7.5760,-0.090110,0.008482,0,111.52,NaN
7.5840,-0.093529,0.006247,0,111.52,NaN
7.5920,-0.094505,-0.007583,0,111.52,NaN
7.6000,-0.096459,-0.008806,0,111.52,NaN
7.6080,-0.097436,-0.009453,0,111.52,NaN
7.6160,-0.098413,-0.009530,0,111.52,NaN
7.6240,-0.097924,-0.009163,0,111.52,NaN
7.6320,-0.095971,-0.008636,0,111.52,NaN
7.6400,-0.094994,-0.008263,0,111.52,NaN
7.6480,-0.096459,-0.008147,0,111.52,NaN
7.6560,-0.097924,-0.008099,0,111.52,NaN
7.6640,-0.096947,-0.007834,0,111.52,NaN
7.6720,-0.096459,-0.007176,0,111.52,NaN
7.6800,-0.096459,-0.006105,0,111.52,NaN
7.6880,-0.094017,-0.004757,0,111.52,NaN
7.6960,-0.091575,-0.001611,0,111.52,NaN
7.7040,-0.089133,-0.000053,0,111.52,NaN
7.7120,-0.088645,0.000609,0,111.52,NaN
7.7200,-0.088645,0.000125,0,111.52,NaN
7.7280,-0.093040,-0.001374,0,111.52,NaN
7.7360,-0.094505,-0.003458,0,111.52,NaN
7.7440,-0.096947,-0.005587,0,111.52,NaN
7.7520,-0.100366,-0.007228,0,111.52,NaN
7.7600,-0.100855,-0.007927,0,111.52,NaN
7.7680,-0.101343,-0.007416,0,111.52,NaN
7.7760,-0.099389,-0.005671,0,111.52,NaN
7.7840,-0.097924,-0.002906,0,111.52,NaN
7.7920,-0.094017,0.000447,0,111.52,NaN
7.8000,-0.089133,0.001589,0,111.52,NaN
7.8080,-0.088645,0.003816,0,111.52,NaN
7.8160,-0.089133,0.004988,0,111.52,NaN
7.8240,-0.087179,0.005089,0,111.52,NaN
7.8320,-0.089133,0.004289,0,111.52,NaN
7.8400,-0.092063,0.002981,0,111.52,NaN
7.8480,-0.094017,0.001692,0,111.52,NaN
7.8560,-0.095482,0.000848,0,111.52,NaN
7.8640,-0.094994,0.000584,0,111.52,NaN
7.8720,-0.093529,0.000760,0,111.52,NaN
7.8800,-0.094505,0.001179,0,111.52,NaN
7.8880,-0.094994,0.001750,0,111.52,NaN
7.8960,-0.093529,0.002422,0,111.52,NaN
7.9040,-0.093040,-0.003721,0,111.52,NaN
7.9120,-0.092552,-0.003124,0,111.52,NaN
7.9200,-0.091087,-0.002449,0,111.52,NaN
7.9280,-0.090110,-0.001742,0,111.52,NaN
7.9360,-0.088645,-0.001024,0,111.52,NaN
7.9440,-0.089133,-0.000249,0,111.52,NaN
7.9520,-0.087668,0.000639,0,111.52,NaN
7.9600,-0.086203,0.001583,0,111.52,NaN
7.9680,-0.085226,0.002349,0,111.52,NaN
7.9760,-0.082784,0.002592,0,111.52,NaN
7.9840,-0.083272,0.002041,0,111.52,NaN
7.9920,-0.085714,0.000713,0,111.52,NaN
8.0000,-0.087179,-0.001080,0,111.52,NaN
8.0080,-0.086691,0.001584,0,111.52,NaN
8.0160,-0.088645,-0.000005,0,111.52,NaN
8.0240,-0.092063,-0.001538,0,111.52,NaN
8.0320,-0.092063,-0.002836,0,111.52,NaN
8.0400,-0.091575,-0.003806,0,111.52,NaN
8.0480,-0.093529,-0.004388,0,111.52,NaN
8.0560,-0.093040,-0.004449,0,111.52,NaN
8.0640,-0.093529,-0.003861,0,111.52,NaN
8.0720,-0.092063,-0.002698,0,111.52,NaN
8.0800,-0.087668,-0.001364,0,111.52,NaN
8.0880,-0.085714,-0.000434,0,111.52,NaN
8.0960,-0.085714,-0.000251,0,111.52,NaN
8.1040,-0.087668,-0.000643,0,111.52,NaN
8.1120,-0.093529,-0.005087,0,111.52,NaN
8.1200,-0.094505,-0.007479,0,111.52,NaN
8.1280,-0.097924,-0.008798,0,111.52,NaN
8.1360,-0.096459,-0.008611,0,111.52,NaN
8.1440,-0.093529,-0.007069,0,111.52,NaN
8.1520,-0.090110,-0.004804,0,111.52,NaN
8.1600,-0.086691,-0.002607,0,111.52,NaN
8.1680,-0.085714,-0.001095,0,111.52,NaN
8.1760,-0.084737,-0.000541,0,111.52,NaN
8.1840,-0.085714,-0.000884,0,111.52,NaN
8.1920,-0.086203,-0.001859,0,111.52,NaN
8.2000,-0.088156,-0.003151,0,111.52,NaN
8.2080,-0.088156,-0.004538,0,111.52,NaN
8.2160,-0.090110,-0.007127,0,111.52,NaN
8.2240,-0.090598,-0.008041,0,111.52,NaN
8.2320,-0.090598,-0.008836,0,111.52,NaN
8.2400,-0.089133,-0.009844,0,111.52,NaN
8.2480,-0.091087,-0.011339,0,111.52,NaN
8.2560,-0.092063,-0.013257,0,111.52,NaN
8.2640,-0.096459,-0.015105,0,111.52,NaN
8.2720,-0.097924,-0.016182,0,111.52,NaN
8.2800,-0.095971,-0.015965,0,111.52,NaN
8.2880,-0.094505,-0.014324,0,111.52,NaN
8.2960,-0.090598,-0.011480,0,111.52,NaN
8.3040,-0.085714,-0.007844,0,111.52,NaN
8.3120,-0.082295,-0.003848,0,111.52,NaN
8.3200,-0.076435,0.007223,0,111.52,NaN
8.3280,-0.076435,0.008417,0,111.52,NaN
8.3360,-0.077411,0.007691,0,111.52,NaN
8.3440,-0.078877,0.005363,0,111.52,NaN
8.3520,-0.084249,0.002171,0,111.52,NaN
8.3600,-0.087179,-0.000926,0,111.52,NaN
8.3680,-0.090598,-0.003070,0,111.52,NaN
8.3760,-0.089133,-0.003806,0,111.52,NaN
8.3840,-0.089133,-0.003174,0,111.52,NaN
8.3920,-0.086203,-0.001590,0,111.52,NaN
8.4000,-0.083272,0.000375,0,111.52,NaN
8.4080,-0.081319,0.002270,0,111.52,NaN
8.4160,-0.080830,0.003979,0,111.52,NaN
8.4240,-0.082784,-0.009200,0,111.52,NaN
8.4320,-0.085714,-0.010858,0,111.52,NaN
8.4400,-0.085714,-0.012125,0,111.52,NaN
8.4480,-0.085714,-0.012490,0,111.52,NaN
8.4560,-0.084249,-0.011880,0,111.52,NaN
8.4640,-0.080342,-0.010648,0,111.52,NaN
8.4720,-0.078388,-0.009380,0,111.52,NaN
8.4800,-0.076923,-0.008581,0,111.52,NaN
8.4880,-0.074481,-0.008418,0,111.52,NaN
8.4960,-0.077411,-0.008590,0,111.52,NaN
8.5040,-0.077900,-0.008451,0,111.52,NaN
8.5120,-0.077411,-0.007491,0,111.52,NaN
8.5200,-0.071551,-0.005824,0,111.52,NaN
8.5280,-0.070085,-0.037184,0,111.52,NaN
8.5360,-0.065201,-0.034922,0,111.52,NaN
8.5440,-0.059341,-0.032070,0,111.52,NaN
8.5520,-0.054457,-0.029020,0,111.52,NaN
8.5600,-0.048107,-0.026186,0,111.52,NaN
8.5680,-0.043223,-0.023891,0,111.52,NaN
8.5760,-0.038828,-0.022250,0,111.52,NaN
8.5840,-0.036386,-0.021122,0,111.52,NaN
8.5920,-0.031990,-0.020191,0,111.52,NaN
8.6000,-0.029548,-0.019141,0,111.52,NaN
8.6080,-0.023687,-0.017772,0,111.52,NaN
8.6160,-0.021245,-0.016049,0,111.52,NaN
8.6240,-0.015385,-0.014102,0,111.52,NaN
8.6320,-0.006105,0.015737,0,111.52,NaN
8.6400,0.011477,0.027834,0,111.52,NaN
8.6480,0.028083,0.040666,0,111.52,NaN
8.6560,0.042735,0.051848,0,111.52,NaN
8.6640,0.054945,0.059250,0,111.52,NaN
8.6720,0.057387,0.061760,0,111.52,NaN
8.6800,0.054945,0.059655,0,111.52,NaN
8.6880,0.048107,0.054296,0,111.52,NaN
8.6960,0.044200,0.047344,0,111.52,NaN
8.7040,0.040293,0.040066,0,111.52,NaN
8.7120,0.034921,0.033137,0,111.52,NaN
8.7200,0.031013,0.026750,0,111.52,NaN
8.7280,0.028083,0.020733,0,111.52,NaN
8.7360,0.023687,0.130863,0,111.52,NaN
8.7440,0.022711,0.130055,0,111.52,NaN
8.7520,0.017338,0.127773,0,111.52,NaN
8.7600,0.009524,0.123377,0,111.52,NaN
8.7680,-0.000733,0.116723,0,111.52,NaN
8.7760,-0.013919,0.108173,0,111.52,NaN
8.7840,-0.027595,0.098441,0,111.52,NaN
8.7920,-0.039805,0.088386,0,111.52,NaN
8.8000,-0.054457,0.078921,0,111.52,NaN
8.8080,-0.067155,0.070944,0,111.52,NaN
8.8160,-0.077411,0.065117,0,111.52,NaN
8.8240,-0.085714,0.061511,0,111.52,NaN
8.8320,-0.088645,0.059380,0,111.52,NaN
8.8400,-0.093040,-0.025849,0,111.52,NaN
8.8480,-0.094505,-0.026215,0,111.52,NaN
8.8560,-0.095482,-0.024857,0,111.52,NaN
8.8640,-0.093529,-0.022233,0,111.52,NaN
8.8720,-0.090110,-0.019074,0,111.52,NaN
8.8800,-0.086691,-0.016226,0,111.52,NaN
8.8880,-0.088156,-0.014263,0,111.52,NaN
8.8960,-0.089621,-0.013253,0,111.52,NaN
8.9040,-0.092063,-0.012904,0,111.52,NaN
8.9120,-0.093529,-0.012905,0,111.52,NaN
8.9200,-0.093529,-0.013118,0,111.52,NaN
8.9280,-0.097924,-0.013507,0,111.52,NaN
8.9360,-0.100366,-0.013994,0,111.52,NaN
8.9440,-0.096947,-0.045470,0,111.52,NaN
8.9520,-0.094017,-0.042999,0,111.52,NaN
8.9600,-0.093529,-0.040138,0,111.52,NaN
8.9680,-0.093529,-0.037246,0,111.52,NaN
8.9760,-0.093529,-0.034398,0,111.52,NaN
8.9840,-0.093040,-0.031546,0,111.52,NaN
8.9920,-0.092552,-0.028694,0,111.52,NaN
9.0000,-0.091087,-0.025968,0,111.52,NaN
9.0080,-0.091087,-0.023571,0,111.52,NaN
9.0160,-0.092063,-0.021680,0,111.52,NaN
9.0240,-0.092063,-0.020406,0,111.52,NaN
9.0320,-0.093040,-0.019756,0,111.52,NaN
9.0400,-0.096459,-0.019530,0,111.52,NaN
9.0480,-0.105739,-0.343404,0,111.52,NaN
9.0560,-0.123321,-0.373380,0,111.52,NaN
9.0640,-0.146764,-0.408185,0,111.52,NaN
9.0720,-0.171673,-0.444616,0,111.52,NaN
9.0800,-0.194139,-0.477986,0,111.52,NaN
9.0880,-0.206349,-0.502911,0,111.52,NaN
9.0960,-0.202442,-0.514225,0,111.52,NaN
9.1040,-0.180952,-0.507726,0,111.52,NaN
9.1120,-0.137973,-0.480673,0,111.52,NaN
9.1200,-0.072039,-0.432150,0,111.52,NaN
9.1280,0.009524,-0.363442,0,111.52,NaN
9.1360,0.113065,-0.278556,0,111.52,NaN
9.1440,0.235165,-0.184582,0,111.52,NaN
9.1520,0.381197,0.471556,0,111.52,NaN
9.1600,0.538950,0.603329,0,111.52,NaN
9.1680,0.719170,0.734123,0,111.52,NaN
9.1760,0.942369,0.848897,0,111.52,NaN
9.1840,1.000000,0.934520,0,111.52,NaN
9.1920,1.000000,0.985149,0,111.52,NaN
9.2000,1.000000,1.000000,1,111.52,NaN
9.2080,1.000000,0.976958,1,111.52,NaN
9.2160,0.965812,0.911967,0,111.52,NaN
9.2240,0.729915,0.805547,0,111.52,NaN
9.2320,0.494017,0.666869,0,111.52,NaN
9.2400,0.271795,0.509351,0,111.52,NaN
9.2480,0.055433,0.344151,0,111.52,NaN
9.2560,-0.119414,-0.126332,0,111.52,NaN
9.2640,-0.234188,-0.240105,0,111.52,NaN
9.2720,-0.283516,-0.295305,0,111.52,NaN
9.2800,-0.274725,-0.297841,0,111.52,NaN
9.2880,-0.223443,-0.262136,0,111.52,NaN
9.2960,-0.156044,-0.206974,0,111.52,NaN
9.3040,-0.094505,-0.150593,0,111.52,NaN
9.3120,-0.052015,-0.106680,0,111.52,NaN
9.3200,-0.031013,-0.082447,0,111.52,NaN
9.3280,-0.031502,-0.078844,0,111.52,NaN
9.3360,-0.051038,-0.092233,0,111.52,NaN
9.3440,-0.073504,-0.116751,0,111.52,NaN
9.3520,-0.094994,-0.146370,0,111.52,NaN
9.3600,-0.110623,-0.045028,0,111.52,NaN
9.3680,-0.117460,-0.054845,0,111.52,NaN
9.3760,-0.121368,-0.059846,0,111.52,NaN
9.3840,-0.122344,-0.061450,0,111.52,NaN
9.3920,-0.119414,-0.061454,0,111.52,NaN
9.4000,-0.118437,-0.061300,0,111.52,NaN
9.4080,-0.121368,-0.061551,0,111.52,NaN
9.4160,-0.123321,-0.061804,0,111.52,NaN
9.4240,-0.125763,-0.061069,0,111.52,NaN
9.4320,-0.128205,-0.058294,0,111.52,NaN
9.4400,-0.129182,-0.052833,0,111.52,NaN
9.4480,-0.130159,-0.044787,0,111.52,NaN
9.4560,-0.131624,-0.035097,0,111.52,NaN
9.4640,-0.132601,-0.251275,0,111.52,NaN
9.4720,-0.131624,-0.240892,0,111.52,NaN
9.4800,-0.127717,-0.226255,0,111.52,NaN
9.4880,-0.125275,-0.208359,0,111.52,NaN
9.4960,-0.122344,-0.188476,0,111.52,NaN
9.5040,-0.121368,-0.167916,0,111.52,NaN
9.5120,-0.117460,-0.148109,0,111.52,NaN
9.5200,-0.116972,-0.130661,0,111.52,NaN
9.5280,-0.116972,-0.117082,0,111.52,NaN
9.5360,-0.116972,-0.108359,0,111.52,NaN
9.5440,-0.116972,-0.104664,0,111.52,NaN
9.5520,-0.116972,-0.105206,0,111.52,NaN
9.5600,-0.116972,-0.108244,0,111.52,NaN
9.5680,-0.116972,-0.006590,0,111.52,NaN
9.5760,-0.117949,-0.010634,0,111.52,NaN
9.5840,-0.118437,-0.014745,0,111.52,NaN
9.5920,-0.119414,-0.017957,0,111.52,NaN
9.6000,-0.118437,-0.019714,0,111.52,NaN
9.6080,-0.116972,-0.019943,0,111.52,NaN
9.6160,-0.116972,-0.018899,0,111.52,NaN
9.6240,-0.115995,-0.016967,0,111.52,NaN
9.6320,-0.114530,-0.014567,0,111.52,NaN
9.6400,-0.111600,-0.012104,0,111.52,NaN
9.6480,-0.110134,-0.009858,0,111.52,NaN
9.6560,-0.108669,-0.007889,0,111.52,NaN
9.6640,-0.105739,-0.006092,0,111.52,NaN
9.6720,-0.101832,-0.003952,0,111.52,NaN
9.6800,-0.099389,-0.003203,0,111.52,NaN
9.6880,-0.098901,-0.003627,0,111.52,NaN
9.6960,-0.099389,-0.005194,0,111.52,NaN
9.7040,-0.101343,-0.007471,0,111.52,NaN
9.7120,-0.103297,-0.009702,0,111.52,NaN
9.7200,-0.105739,-0.011054,0,111.52,NaN
9.7280,-0.102808,-0.010975,0,111.52,NaN
9.7360,-0.099878,-0.009471,0,111.52,NaN
9.7440,-0.094017,-0.007060,0,111.52,NaN
9.7520,-0.088645,-0.004461,0,111.52,NaN
9.7600,-0.085714,-0.002174,0,111.52,NaN
9.7680,-0.083272,-0.000234,0,111.52,NaN
9.7760,-0.082295,0.014885,0,111.52,NaN
9.7840,-0.081807,0.014220,0,111.52,NaN
9.7920,-0.082784,0.012786,0,111.52,NaN
9.8000,-0.084249,0.011061,0,111.52,NaN
9.8080,-0.085226,0.009541,0,111.52,NaN
9.8160,-0.085714,0.008591,0,111.52,NaN
9.8240,-0.084737,0.008324,0,111.52,NaN
9.8320,-0.083272,0.008569,0,111.52,NaN
9.8400,-0.081319,0.008963,0,111.52,NaN
9.8480,-0.080342,0.009124,0,111.52,NaN
9.8560,-0.079365,0.008808,0,111.52,NaN
9.8640,-0.080342,0.008005,0,111.52,NaN
9.8720,-0.080342,0.006905,0,111.52,NaN
9.8800,-0.083272,0.009626,0,111.52,NaN
9.8880,-0.084249,0.007922,0,111.52,NaN
9.8960,-0.085226,0.007083,0,111.52,NaN
9.9040,-0.084249,0.007520,0,111.52,NaN
9.9120,-0.082295,0.009249,0,111.52,NaN
9.9200,-0.076923,0.011787,0,111.52,NaN
9.9280,-0.072527,0.014268,0,111.52,NaN
9.9360,-0.070085,0.015805,0,111.52,NaN
9.9440,-0.070085,0.015830,0,111.52,NaN
9.9520,-0.070085,0.014237,0,111.52,NaN
9.9600,-0.075458,0.011328,0,111.52,NaN
9.9680,-0.076923,0.007601,0,111.52,NaN
9.9760,-0.080342,0.003515,0,111.52,NaN
9.9840,-0.080830,0.008831,0,111.52,NaN
9.9920,-0.081319,0.007807,0,111.52,NaN
10.0000,-0.080830,0.007165,0,111.52,NaN
10.0080,-0.080342,0.006527,0,111.52,NaN
10.0160,-0.082295,0.005673,0,111.52,NaN
10.0240,-0.083272,0.004619,0,111.52,NaN
10.0320,-0.083272,0.003510,0,111.52,NaN
10.0400,-0.084737,0.002510,0,111.52,NaN
10.0480,-0.084249,0.001781,0,111.52,NaN
10.0560,-0.085714,0.001489,0,111.52,NaN
10.0640,-0.085226,0.001760,0,111.52,NaN
10.0720,-0.084737,0.002597,0,111.52,NaN
10.0800,-0.082784,0.003797,0,111.52,NaN
10.0880,-0.084737,0.002668,0,111.52,NaN
10.0960,-0.084249,0.002327,0,111.52,NaN
10.1040,-0.085226,0.001658,0,111.52,NaN
10.1120,-0.085714,0.000775,0,111.52,NaN
10.1200,-0.086691,-0.000102,0,111.52,NaN
10.1280,-0.089133,-0.000675,0,111.52,NaN
10.1360,-0.088645,-0.000715,0,111.52,NaN
10.1440,-0.087179,-0.000251,0,111.52,NaN
10.1520,-0.086203,0.000439,0,111.52,NaN
10.1600,-0.085714,0.001023,0,111.52,NaN
10.1680,-0.085714,0.001279,0,111.52,NaN
10.1760,-0.085714,0.001162,0,111.52,NaN
10.1840,-0.086691,0.000801,0,111.52,NaN
10.1920,-0.086691,0.000480,0,111.52,NaN
10.2000,-0.085226,0.001136,0,111.52,NaN
10.2080,-0.084737,0.002053,0,111.52,NaN
10.2160,-0.083272,0.002945,0,111.52,NaN
10.2240,-0.082295,0.003415,0,111.52,NaN
10.2320,-0.081319,0.003125,0,111.52,NaN
10.2400,-0.084737,0.002016,0,111.52,NaN
10.2480,-0.087179,0.000395,0,111.52,NaN
10.2560,-0.088156,-0.001216,0,111.52,NaN
10.2640,-0.090598,-0.002252,0,111.52,NaN
10.2720,-0.092552,-0.002239,0,111.52,NaN
10.2800,-0.090598,-0.001029,0,111.52,NaN
10.2880,-0.087179,0.000989,0,111.52,NaN
10.2960,-0.085714,0.022806,0,111.52,NaN
10.3040,-0.084249,0.025718,0,111.52,NaN
10.3120,-0.080342,0.027779,0,111.52,NaN
10.3200,-0.082784,0.028583,0,111.52,NaN
10.3280,-0.085226,0.028054,0,111.52,NaN
10.3360,-0.087179,0.026360,0,111.52,NaN
10.3440,-0.090598,0.023746,0,111.52,NaN
10.3520,-0.094017,0.020563,0,111.52,NaN
10.3600,-0.101343,0.017349,0,111.52,NaN
10.3680,-0.104274,0.014732,0,111.52,NaN
10.3760,-0.107692,0.013159,0,111.52,NaN
10.3840,-0.109646,0.012688,0,111.52,NaN
10.3920,-0.109158,0.012938,0,111.52,NaN
10.4000,-0.107692,-0.018009,0,111.52,NaN
10.4080,-0.103785,-0.016415,0,111.52,NaN
10.4160,-0.101832,-0.015412,0,111.52,NaN
10.4240,-0.101343,-0.015637,0,111.52,NaN
10.4320,-0.103785,-0.017093,0,111.52,NaN
10.4400,-0.106227,-0.019093,0,111.52,NaN
10.4480,-0.111111,-0.020529,0,111.52,NaN
10.4560,-0.110623,-0.020429,0,111.52,NaN
10.4640,-0.107204,-0.018518,0,111.52,NaN
10.4720,-0.101343,-0.015370,0,111.52,NaN
10.4800,-0.094994,-0.011996,0,111.52,NaN
10.4880,-0.093529,-0.009145,0,111.52,NaN
10.4960,-0.093040,-0.006852,0,111.52,NaN
10.5040,-0.095482,-0.011266,0,111.52,NaN
10.5120,-0.098413,-0.012990,0,111.52,NaN
10.5200,-0.098901,-0.014505,0,111.52,NaN
10.5280,-0.097924,-0.015200,0,111.52,NaN
10.5360,-0.098413,-0.014753,0,111.52,NaN
10.5440,-0.096947,-0.013070,0,111.52,NaN
10.5520,-0.093529,-0.010385,0,111.52,NaN
10.5600,-0.088156,-0.007334,0,111.52,NaN
10.5680,-0.084249,-0.004805,0,111.52,NaN
10.5760,-0.080830,-0.003536,0,111.52,NaN
10.5840,-0.083272,-0.003745,0,111.52,NaN
10.5920,-0.085714,-0.005082,0,111.52,NaN
10.6000,-0.085714,-0.006963,0,111.52,NaN
10.6080,-0.084249,-0.001180,0,111.52,NaN
10.6160,-0.080830,0.000432,0,111.52,NaN
10.6240,-0.079365,0.002618,0,111.52,NaN
10.6320,-0.075458,0.004794,0,111.52,NaN
10.6400,-0.073016,0.006344,0,111.52,NaN
10.6480,-0.072039,0.006836,0,111.52,NaN
10.6560,-0.073016,0.006193,0,111.52,NaN
10.6640,-0.073504,0.004712,0,111.52,NaN
10.6720,-0.075946,0.002952,0,111.52,NaN
10.6800,-0.076923,0.001531,0,111.52,NaN
10.6880,-0.076435,0.000878,0,111.52,NaN
10.6960,-0.074969,0.001058,0,111.52,NaN
10.7040,-0.072527,0.001762,0,111.52,NaN
10.7120,-0.070085,0.020727,0,111.52,NaN
10.7200,-0.070085,0.021562,0,111.52,NaN
10.7280,-0.070085,0.021558,0,111.52,NaN
10.7360,-0.070574,0.020726,0,111.52,NaN
10.7440,-0.073504,0.019316,0,111.52,NaN
10.7520,-0.075458,0.017695,0,111.52,NaN
10.7600,-0.075458,0.016151,0,111.52,NaN
10.7680,-0.077411,0.014798,0,111.52,NaN
10.7760,-0.077900,0.013627,0,111.52,NaN
10.7840,-0.078877,0.012602,0,111.52,NaN
10.7920,-0.081319,0.011713,0,111.52,NaN
10.8000,-0.081319,0.010960,0,111.52,NaN
10.8080,-0.082295,0.010302,0,111.52,NaN
10.8160,-0.080342,0.000169,0,111.52,NaN
10.8240,-0.078877,0.001416,0,111.52,NaN
10.8320,-0.075458,0.002646,0,111.52,NaN
10.8400,-0.073504,0.003398,0,111.52,NaN
10.8480,-0.075458,0.003526,0,111.52,NaN
10.8560,-0.075458,0.003260,0,111.52,NaN
10.8640,-0.075946,0.002989,0,111.52,NaN
10.8720,-0.076923,0.002992,0,111.52,NaN
10.8800,-0.075458,0.003260,0,111.52,NaN
10.8880,-0.073016,0.003472,0,111.52,NaN
10.8960,-0.073504,0.003250,0,111.52,NaN
10.9040,-0.075458,0.002475,0,111.52,NaN
10.9120,-0.076435,0.001344,0,111.52,NaN
10.9200,-0.076923,0.008591,0,111.52,NaN
10.9280,-0.073504,0.008846,0,111.52,NaN
10.9360,-0.074481,0.008988,0,111.52,NaN
10.9440,-0.076923,0.008972,0,111.52,NaN
10.9520,-0.077411,0.008966,0,111.52,NaN
10.9600,-0.078388,0.009090,0,111.52,NaN
10.9680,-0.076923,0.009227,0,111.52,NaN
10.9760,-0.076923,0.009075,0,111.52,NaN
10.9840,-0.077900,0.008412,0,111.52,NaN
10.9920,-0.080830,0.007307,0,111.52,NaN
11.0000,-0.084249,0.006080,0,111.52,NaN
11.0080,-0.084737,0.005022,0,111.52,NaN
11.0160,-0.085714,0.004163,0,111.52,NaN
11.0240,-0.086691,-0.003183,0,111.52,NaN
11.0320,-0.086203,-0.002882,0,111.52,NaN
11.0400,-0.085714,-0.002559,0,111.52,NaN
11.0480,-0.085714,-0.002671,0,111.52,NaN
11.0560,-0.085714,-0.003572,0,111.52,NaN
11.0640,-0.088156,-0.005286,0,111.52,NaN
11.0720,-0.092063,-0.007387,0,111.52,NaN
11.0800,-0.094994,-0.009123,0,111.52,NaN
11.0880,-0.096947,-0.009774,0,111.52,NaN
11.0960,-0.094505,-0.009018,0,111.52,NaN
11.1040,-0.092063,-0.007031,0,111.52,NaN
11.1120,-0.088156,-0.004283,0,111.52,NaN
11.1200,-0.086691,-0.001223,0,111.52,NaN
11.1280,-0.086203,-0.003125,0,111.52,NaN
11.1360,-0.085714,-0.001022,0,111.52,NaN
11.1440,-0.082295,0.001041,0,111.52,NaN
11.1520,-0.079365,0.002778,0,111.52,NaN
11.1600,-0.078388,0.003793,0,111.52,NaN
11.1680,-0.078877,0.003878,0,111.52,NaN
11.1760,-0.080342,0.003139,0,111.52,NaN
11.1840,-0.082295,0.001922,0,111.52,NaN
11.1920,-0.083272,0.000657,0,111.52,NaN
11.2000,-0.085714,-0.000267,0,111.52,NaN
11.2080,-0.085714,-0.000608,0,111.52,NaN
11.2160,-0.085714,-0.000350,0,111.52,NaN
11.2240,-0.084737,0.000279,0,111.52,NaN
11.2320,-0.082784,-0.003094,0,111.52,NaN
11.2400,-0.081319,-0.001646,0,111.52,NaN
11.2480,-0.078388,-0.000885,0,111.52,NaN
11.2560,-0.077900,-0.001234,0,111.52,NaN
11.2640,-0.082295,-0.002606,0,111.52,NaN
11.2720,-0.085226,-0.004405,0,111.52,NaN
11.2800,-0.086203,-0.005915,0,111.52,NaN
11.2880,-0.086203,-0.006668,0,111.52,NaN
11.2960,-0.086203,-0.006503,0,111.52,NaN
11.3040,-0.085226,-0.005487,0,111.52,NaN
11.3120,-0.082295,-0.003860,0,111.52,NaN
11.3200,-0.079365,-0.001943,0,111.52,NaN
11.3280,-0.078388,0.000035,0,111.52,NaN
11.3360,-0.077411,0.007599,0,111.52,NaN
11.3440,-0.080830,0.007332,0,111.52,NaN
11.3520,-0.081319,0.006819,0,111.52,NaN
11.3600,-0.081319,0.006392,0,111.52,NaN
11.3680,-0.081319,0.006103,0,111.52,NaN
11.3760,-0.081319,0.005781,0,111.52,NaN
11.3840,-0.081319,0.005186,0,111.52,NaN
11.3920,-0.080830,0.004176,0,111.52,NaN
11.4000,-0.084249,0.002898,0,111.52,NaN
11.4080,-0.085714,0.001805,0,111.52,NaN
11.4160,-0.088156,0.001402,0,111.52,NaN
11.4240,-0.085714,0.001878,0,111.52,NaN
11.4320,-0.084249,0.002956,0,111.52,NaN
11.4400,-0.081319,-0.008143,0,111.52,NaN
11.4480,-0.082295,-0.008211,0,111.52,NaN
11.4560,-0.083272,-0.008919,0,111.52,NaN
11.4640,-0.085226,-0.010014,0,111.52,NaN
11.4720,-0.085714,-0.011112,0,111.52,NaN
11.4800,-0.085714,-0.011892,0,111.52,NaN
11.4880,-0.085714,-0.012131,0,111.52,NaN
11.4960,-0.085714,-0.011679,0,111.52,NaN
11.5040,-0.084737,-0.010511,0,111.52,NaN
11.5120,-0.080342,-0.008841,0,111.52,NaN
11.5200,-0.077411,-0.007055,0,111.52,NaN
11.5280,-0.076435,-0.005443,0,111.52,NaN
11.5360,-0.074969,-0.004019,0,111.52,NaN
11.5440,-0.076435,0.008812,0,111.52,NaN
11.5520,-0.077900,0.007870,0,111.52,NaN
11.5600,-0.079365,0.006134,0,111.52,NaN
11.5680,-0.081319,0.003681,0,111.52,NaN
11.5760,-0.083272,0.000655,0,111.52,NaN
11.5840,-0.087668,-0.002527,0,111.52,NaN
11.5920,-0.093529,-0.005135,0,111.52,NaN
11.6000,-0.094017,-0.006430,0,111.52,NaN
11.6080,-0.094017,-0.006105,0,111.52,NaN
11.6160,-0.090110,-0.004435,0,111.52,NaN
11.6240,-0.086691,-0.002050,0,111.52,NaN
11.6320,-0.085714,0.000497,0,111.52,NaN
11.6400,-0.084249,0.002990,0,111.52,NaN
11.6480,-0.080342,0.008460,0,111.52,NaN
11.6560,-0.077411,0.011431,0,111.52,NaN
11.6640,-0.074969,0.014206,0,111.52,NaN
11.6720,-0.074481,0.016761,0,111.52,NaN
11.6800,-0.071062,0.019075,0,111.52,NaN
11.6880,-0.070085,0.021013,0,111.52,NaN
11.6960,-0.068620,0.022335,0,111.52,NaN
11.7040,-0.068620,0.022755,0,111.52,NaN
11.7120,-0.069597,0.021999,0,111.52,NaN
11.7200,-0.071062,0.019869,0,111.52,NaN
11.7280,-0.074969,0.016353,0,111.52,NaN
11.7360,-0.081319,0.011719,0,111.52,NaN
11.7440,-0.086691,0.006476,0,111.52,NaN
11.7520,-0.088156,-0.055354,0,111.52,NaN
11.7600,-0.085714,-0.055437,0,111.52,NaN
11.7680,-0.078877,-0.052675,0,111.52,NaN
11.7760,-0.070085,-0.047962,0,111.52,NaN
11.7840,-0.061783,-0.042514,0,111.52,NaN
11.7920,-0.053968,-0.037420,0,111.52,NaN
11.8000,-0.047619,-0.033367,0,111.52,NaN
11.8080,-0.042247,-0.030566,0,111.52,NaN
11.8160,-0.038828,-0.028810,0,111.52,NaN
11.8240,-0.035897,-0.027638,0,111.52,NaN
11.8320,-0.031990,-0.026582,0,111.52,NaN
11.8400,-0.028083,-0.025376,0,111.52,NaN
11.8480,-0.023199,-0.024024,0,111.52,NaN
11.8560,-0.017827,-0.026614,0,111.52,NaN
11.8640,-0.012943,-0.024573,0,111.52,NaN
11.8720,-0.008059,-0.021247,0,111.52,NaN
11.8800,-0.003175,-0.015846,0,111.52,NaN
11.8880,0.009524,-0.008004,0,111.52,NaN
11.8960,0.023687,0.001675,0,111.52,NaN
11.9040,0.039316,0.011552,0,111.52,NaN
11.9120,0.054457,0.019394,0,111.52,NaN
11.9200,0.062759,0.023124,0,111.52,NaN
11.9280,0.063736,0.021576,0,111.52,NaN
11.9360,0.059829,0.014827,0,111.52,NaN
11.9440,0.052015,0.004035,0,111.52,NaN
11.9520,0.042735,-0.008954,0,111.52,NaN
11.9600,0.038339,0.132819,0,111.52,NaN
11.9680,0.031502,0.129534,0,111.52,NaN
11.9760,0.026129,0.127803,0,111.52,NaN
11.9840,0.023687,0.127435,0,111.52,NaN
11.9920,0.022222,0.127671,0,111.52,NaN
12.0000,0.018315,0.127357,0,111.52,NaN
12.0080,0.015385,0.125248,0,111.52,NaN
12.0160,0.008547,0.120381,0,111.52,NaN
12.0240,-0.007082,0.112425,0,111.52,NaN
12.0320,-0.020757,0.101685,0,111.52,NaN
12.0400,-0.034432,0.088752,0,111.52,NaN
12.0480,-0.054457,0.074314,0,111.52,NaN
12.0560,-0.071551,0.059149,0,111.52,NaN
12.0640,-0.085714,-0.026923,0,111.52,NaN
12.0720,-0.093529,-0.034231,0,111.52,NaN
12.0800,-0.094505,-0.036668,0,111.52,NaN
12.0880,-0.092063,-0.035237,0,111.52,NaN
12.0960,-0.086691,-0.031721,0,111.52,NaN
12.1040,-0.082784,-0.027986,0,111.52,NaN
12.1120,-0.082295,-0.025329,0,111.52,NaN
12.1200,-0.082295,-0.024147,0,111.52,NaN
12.1280,-0.085714,-0.024015,0,111.52,NaN
12.1360,-0.087179,-0.024053,0,111.52,NaN
12.1440,-0.090110,-0.023421,0,111.52,NaN
12.1520,-0.087179,-0.021764,0,111.52,NaN
12.1600,-0.085714,-0.019365,0,111.52,NaN
12.1680,-0.085714,-0.033659,0,111.52,NaN
12.1760,-0.087668,-0.034101,0,111.52,NaN
12.1840,-0.090598,-0.035171,0,111.52,NaN
12.1920,-0.094994,-0.036298,0,111.52,NaN
12.2000,-0.096947,-0.036770,0,111.52,NaN
12.2080,-0.099878,-0.036074,0,111.52,NaN
12.2160,-0.098413,-0.034125,0,111.52,NaN
12.2240,-0.097924,-0.031253,0,111.52,NaN
12.2320,-0.098413,-0.027983,0,111.52,NaN
12.2400,-0.097436,-0.024809,0,111.52,NaN
12.2480,-0.096947,-0.022056,0,111.52,NaN
12.2560,-0.100366,-0.019769,0,111.52,NaN
12.2640,-0.100366,-0.017753,0,111.52,NaN
12.2720,-0.098413,-0.030624,0,111.52,NaN
12.2800,-0.095971,-0.029057,0,111.52,NaN
12.2880,-0.095971,-0.030546,0,111.52,NaN
12.2960,-0.101343,-0.037005,0,111.52,NaN
12.3040,-0.115995,-0.049373,0,111.52,NaN
12.3120,-0.133578,-0.066873,0,111.52,NaN
12.3200,-0.159463,-0.086665,0,111.52,NaN
12.3280,-0.181929,-0.104071,0,111.52,NaN
12.3360,-0.197070,-0.113504,0,111.52,NaN
12.3440,-0.198046,-0.109915,0,111.52,NaN
12.3520,-0.183883,-0.090466,0,111.52,NaN
12.3600,-0.148230,-0.056167,0,111.52,NaN
12.3680,-0.087179,-0.012725,0,111.52,NaN
12.3760,-0.011966,-0.560555,0,111.52,NaN
12.3840,0.083761,-0.490797,0,111.52,NaN
12.3920,0.201954,-0.398380,0,111.52,NaN
12.4000,0.343101,-0.284938,0,111.52,NaN
12.4080,0.498901,-0.156734,0,111.52,NaN
12.4160,0.671306,-0.026699,0,111.52,NaN
12.4240,0.880342,0.086017,0,111.52,NaN
12.4320,1.000000,0.161847,1,111.52,NaN
12.4400,1.000000,0.188811,1,111.52,NaN
12.4480,1.000000,0.164026,0,111.52,NaN
12.4560,1.000000,0.088701,0,111.52,NaN
12.4640,0.982418,-0.032322,0,111.52,NaN
12.4720,0.761661,-0.183003,0,111.52,NaN
12.4800,0.528694,0.389508,0,111.52,NaN
12.4880,0.312332,0.246512,0,111.52,NaN
12.4960,0.101832,0.109481,0,111.52,NaN
12.5040,-0.084737,-0.006318,0,111.52,NaN
12.5120,-0.218559,-0.089942,0,111.52,NaN
12.5200,-0.291331,-0.136172,0,111.52,NaN
12.5280,-0.304029,-0.146260,0,111.52,NaN
12.5360,-0.272283,-0.127343,0,111.52,NaN
12.5440,-0.206838,-0.090470,0,111.52,NaN
12.5520,-0.136996,-0.047571,0,111.52,NaN
12.5600,-0.078388,-0.008044,0,111.52,NaN
12.5680,-0.040781,0.023966,0,111.52,NaN
12.5760,-0.030525,0.050365,0,111.52,NaN
12.5840,-0.038828,0.045755,0,111.52,NaN
12.5920,-0.057387,0.035388,0,111.52,NaN
12.6000,-0.083761,0.018375,0,111.52,NaN
12.6080,-0.106227,0.000666,0,111.52,NaN
12.6160,-0.125763,-0.013308,0,111.52,NaN
12.6240,-0.135531,-0.021182,0,111.52,NaN
12.6320,-0.136996,-0.022711,0,111.52,NaN
12.6400,-0.132601,-0.019374,0,111.52,NaN
12.6480,-0.125275,-0.013626,0,111.52,NaN
12.6560,-0.117460,-0.007963,0,111.52,NaN
12.6640,-0.117949,-0.004020,0,111.52,NaN
12.6720,-0.122344,-0.002097,0,111.52,NaN
12.6800,-0.127717,-0.001374,0,111.52,NaN
12.6880,-0.131624,-0.274793,0,111.52,NaN
12.6960,-0.132601,-0.279376,0,111.52,NaN
12.7040,-0.135043,-0.279615,0,111.52,NaN
12.7120,-0.135531,-0.274720,0,111.52,NaN
12.7200,-0.132601,-0.264600,0,111.52,NaN
12.7280,-0.129670,-0.249999,0,111.52,NaN
12.7360,-0.125763,-0.232312,0,111.52,NaN
12.7440,-0.126252,-0.213140,0,111.52,NaN
12.7520,-0.124298,-0.193942,0,111.52,NaN
12.7600,-0.125275,-0.175945,0,111.52,NaN
12.7680,-0.125275,-0.160024,0,111.52,NaN
12.7760,-0.130647,-0.146349,0,111.52,NaN
12.7840,-0.130159,-0.134166,0,111.52,NaN
12.7920,-0.129182,0.001180,0,111.52,NaN
12.8000,-0.123810,0.008642,0,111.52,NaN
12.8080,-0.117460,0.012964,0,111.52,NaN
12.8160,-0.116484,0.013974,0,111.52,NaN
12.8240,-0.116484,0.012152,0,111.52,NaN
12.8320,-0.115995,0.008479,0,111.52,NaN
12.8400,-0.116484,0.004052,0,111.52,NaN
12.8480,-0.116972,-0.000100,0,111.52,NaN
12.8560,-0.122344,-0.003000,0,111.52,NaN
12.8640,-0.123321,-0.003811,0,111.52,NaN
12.8720,-0.123810,-0.002112,0,111.52,NaN
12.8800,-0.121856,0.001862,0,111.52,NaN
12.8880,-0.116484,0.007192,0,111.52,NaN
12.8960,-0.110623,0.003309,0,111.52,NaN
12.9040,-0.107692,0.008009,0,111.52,NaN
12.9120,-0.104274,0.011485,0,111.52,NaN
12.9200,-0.101832,0.013405,0,111.52,NaN
12.9280,-0.101343,0.013716,0,111.52,NaN
12.9360,-0.101343,0.012590,0,111.52,NaN
12.9440,-0.102808,0.010395,0,111.52,NaN
12.9520,-0.105739,0.007686,0,111.52,NaN
12.9600,-0.108181,0.005145,0,111.52,NaN
12.9680,-0.109646,0.003452,0,111.52,NaN
12.9760,-0.110623,0.003122,0,111.52,NaN
12.9840,-0.110623,0.004296,0,111.52,NaN
12.9920,-0.104274,0.006491,0,111.52,NaN
13.0000,-0.097924,0.014424,0,111.52,NaN
13.0080,-0.086691,0.020872,0,111.52,NaN
13.0160,-0.081319,0.026419,0,111.52,NaN
13.0240,-0.077411,0.030092,0,111.52,NaN
13.0320,-0.076435,0.031574,0,111.52,NaN
13.0400,-0.076923,0.031099,0,111.52,NaN
13.0480,-0.078877,0.029200,0,111.52,NaN
13.0560,-0.080342,0.026487,0,111.52,NaN
13.0640,-0.084249,0.023514,0,111.52,NaN
13.0720,-0.085714,0.020688,0,111.52,NaN
13.0800,-0.088156,0.018180,0,111.52,NaN
13.0880,-0.087179,0.015916,0,111.52,NaN
13.0960,-0.090110,0.013740,0,111.52,NaN
13.1040,-0.086691,0.008449,0,111.52,NaN
13.1120,-0.085226,0.009693,0,111.52,NaN
13.1200,-0.082295,0.010716,0,111.52,NaN
13.1280,-0.078877,0.010641,0,111.52,NaN
13.1360,-0.080342,0.008964,0,111.52,NaN
13.1440,-0.085226,0.005950,0,111.52,NaN
13.1520,-0.090110,0.002566,0,111.52,NaN
13.1600,-0.092063,-0.000079,0,111.52,NaN
13.1680,-0.090598,-0.001296,0,111.52,NaN
13.1760,-0.088645,-0.000962,0,111.52,NaN
13.1840,-0.086203,0.000661,0,111.52,NaN
13.1920,-0.082295,0.003164,0,111.52,NaN
13.2000,-0.078877,0.006100,0,111.52,NaN
13.2080,-0.074969,0.019230,0,111.52,NaN
13.2160,-0.076435,0.020343,0,111.52,NaN
13.2240,-0.073504,0.020057,0,111.52,NaN
13.2320,-0.077411,0.018459,0,111.52,NaN
13.2400,-0.080342,0.015930,0,111.52,NaN
13.2480,-0.083272,0.012996,0,111.52,NaN
13.2560,-0.085226,0.010131,0,111.52,NaN
13.2640,-0.086691,0.007713,0,111.52,NaN
13.2720,-0.090110,0.006112,0,111.52,NaN
13.2800,-0.090598,0.005637,0,111.52,NaN
13.2880,-0.088645,0.006330,0,111.52,NaN
13.2960,-0.084737,0.007880,0,111.52,NaN
13.3040,-0.084249,0.009830,0,111.52,NaN
13.3120,-0.085226,-0.000679,0,111.52,NaN
13.3200,-0.085714,-0.000504,0,111.52,NaN
13.3280,-0.085714,-0.000231,0,111.52,NaN
13.3360,-0.085226,0.000234,0,111.52,NaN
13.3440,-0.083272,0.000714,0,111.52,NaN
13.3520,-0.082295,0.000882,0,111.52,NaN
13.3600,-0.083272,0.000521,0,111.52,NaN
13.3680,-0.084249,-0.000303,0,111.52,NaN
13.3760,-0.085714,-0.001271,0,111.52,NaN
13.3840,-0.086203,-0.001965,0,111.52,NaN
13.3920,-0.086691,-0.002038,0,111.52,NaN
13.4000,-0.086203,-0.001373,0,111.52,NaN
13.4080,-0.083272,-0.000197,0,111.52,NaN
13.4160,-0.079853,0.010716,0,111.52,NaN
13.4240,-0.077900,0.012892,0,111.52,NaN
13.4320,-0.077411,0.014589,0,111.52,NaN
13.4400,-0.077411,0.015723,0,111.52,NaN
13.4480,-0.076435,0.016327,0,111.52,NaN
13.4560,-0.076923,0.016419,0,111.52,NaN
13.4640,-0.076923,0.015969,0,111.52,NaN
13.4720,-0.077411,0.014943,0,111.52,NaN
13.4800,-0.079365,0.013407,0,111.52,NaN
13.4880,-0.082784,0.011602,0,111.52,NaN
13.4960,-0.085714,0.009843,0,111.52,NaN
13.5040,-0.085714,0.008293,0,111.52,NaN
13.5120,-0.088156,0.006903,0,111.52,NaN
13.5200,-0.085714,0.021351,0,111.52,NaN
13.5280,-0.084249,0.023624,0,111.52,NaN
13.5360,-0.082784,0.025978,0,111.52,NaN
13.5440,-0.083272,0.027900,0,111.52,NaN
13.5520,-0.081319,0.028944,0,111.52,NaN
13.5600,-0.083272,0.028767,0,111.52,NaN
13.5680,-0.085714,0.027230,0,111.52,NaN
13.5760,-0.088645,0.024478,0,111.52,NaN
13.5840,-0.094017,0.020980,0,111.52,NaN
13.5920,-0.100855,0.017470,0,111.52,NaN
13.6000,-0.104762,0.014677,0,111.52,NaN
13.6080,-0.108181,0.012932,0,111.52,NaN
13.6160,-0.108181,0.011950,0,111.52,NaN
13.6240,-0.106716,-0.015132,0,111.52,NaN
13.6320,-0.103297,-0.013881,0,111.52,NaN
13.6400,-0.102320,-0.012659,0,111.52,NaN
13.6480,-0.102320,-0.011756,0,111.52,NaN
13.6560,-0.103297,-0.010980,0,111.52,NaN
13.6640,-0.102808,-0.009911,0,111.52,NaN
13.6720,-0.101343,-0.008262,0,111.52,NaN
13.6800,-0.098901,-0.006135,0,111.52,NaN
13.6880,-0.094994,-0.004052,0,111.52,NaN
13.6960,-0.092552,-0.002720,0,111.52,NaN
13.7040,-0.093040,-0.002655,0,111.52,NaN
13.7120,-0.094505,-0.003886,0,111.52,NaN
13.7200,-0.097924,-0.005930,0,111.52,NaN
13.7280,-0.101343,-0.019250,0,111.52,NaN
13.7360,-0.102320,-0.021208,0,111.52,NaN
13.7440,-0.101343,-0.022308,0,111.52,NaN
13.7520,-0.101832,-0.022518,0,111.52,NaN
13.7600,-0.101343,-0.021895,0,111.52,NaN
13.7680,-0.099878,-0.020547,0,111.52,NaN
13.7760,-0.095971,-0.018697,0,111.52,NaN
13.7840,-0.094994,-0.016648,0,111.52,NaN
13.7920,-0.091087,-0.014681,0,111.52,NaN
13.8000,-0.090110,-0.013007,0,111.52,NaN
13.8080,-0.087179,-0.011747,0,111.52,NaN
13.8160,-0.085714,-0.010913,0,111.52,NaN
13.8240,-0.085226,-0.010365,0,111.52,NaN
13.8320,-0.083272,-0.002138,0,111.52,NaN
13.8400,-0.084249,-0.002584,0,111.52,NaN
13.8480,-0.085226,-0.003455,0,111.52,NaN
13.8560,-0.085714,-0.004499,0,111.52,NaN
13.8640,-0.086691,-0.005441,0,111.52,NaN
13.8720,-0.088156,-0.006071,0,111.52,NaN
13.8800,-0.085714,-0.006326,0,111.52,NaN
13.8880,-0.085714,-0.006291,0,111.52,NaN
13.8960,-0.083761,-0.006033,0,111.52,NaN
13.9040,-0.084737,-0.005475,0,111.52,NaN
13.9120,-0.082295,-0.004473,0,111.52,NaN
13.9200,-0.079365,-0.003005,0,111.52,NaN
13.9280,-0.076435,-0.001247,0,111.52,NaN
13.9360,-0.076923,0.011551,0,111.52,NaN
13.9440,-0.076435,0.011376,0,111.52,NaN
13.9520,-0.078877,0.010621,0,111.52,NaN
13.9600,-0.078388,0.009515,0,111.52,NaN
13.9680,-0.078877,0.008227,0,111.52,NaN
13.9760,-0.080342,0.006913,0,111.52,NaN
13.9840,-0.082295,0.005795,0,111.52,NaN
13.9920,-0.082784,0.005087,0,111.52,NaN
14.0000,-0.082295,0.004854,0,111.52,NaN
14.0080,-0.082784,0.004973,0,111.52,NaN
14.0160,-0.080830,0.005187,0,111.52,NaN
14.0240,-0.079853,0.005241,0,111.52,NaN
14.0320,-0.081319,0.005093,0,111.52,NaN
14.0400,-0.082295,0.004352,0,111.52,NaN
14.0480,-0.085714,0.001258,0,111.52,NaN
14.0560,-0.090598,-0.002159,0,111.52,NaN
14.0640,-0.094017,-0.005085,0,111.52,NaN
14.0720,-0.094505,-0.006825,0,111.52,NaN
14.0800,-0.095971,-0.007025,0,111.52,NaN
14.0880,-0.094017,-0.005770,0,111.52,NaN
14.0960,-0.090110,-0.003594,0,111.52,NaN
14.1040,-0.087179,-0.001316,0,111.52,NaN
14.1120,-0.085714,0.000289,0,111.52,NaN
14.1200,-0.085226,0.000769,0,111.52,NaN
14.1280,-0.085714,0.000103,0,111.52,NaN
14.1360,-0.088645,-0.001286,0,111.52,NaN
14.1440,-0.092063,0.001453,0,111.52,NaN
14.1520,-0.096459,-0.000001,0,111.52,NaN
14.1600,-0.094994,-0.000225,0,111.52,NaN
14.1680,-0.093529,0.000831,0,111.52,NaN
14.1760,-0.092063,0.002697,0,111.52,NaN
14.1840,-0.088645,0.004635,0,111.52,NaN
14.1920,-0.087179,0.005918,0,111.52,NaN
14.2000,-0.088645,0.006119,0,111.52,NaN
14.2080,-0.089133,0.005249,0,111.52,NaN
14.2160,-0.093040,0.003684,0,111.52,NaN
14.2240,-0.095971,0.001961,0,111.52,NaN
14.2320,-0.097924,0.000477,0,111.52,NaN
14.2400,-0.098413,-0.000732,0,111.52,NaN
14.2480,-0.095971,-0.001172,0,111.52,NaN
14.2560,-0.090598,0.002120,0,111.52,NaN
14.2640,-0.088156,0.005657,0,111.52,NaN
14.2720,-0.085714,0.008614,0,111.52,NaN
14.2800,-0.084249,0.010364,0,111.52,NaN
14.2880,-0.083272,0.010531,0,111.52,NaN
14.2960,-0.085714,0.009100,0,111.52,NaN
14.3040,-0.088645,0.006526,0,111.52,NaN
14.3120,-0.094505,0.003681,0,111.52,NaN
14.3200,-0.097924,0.001552,0,111.52,NaN
14.3280,-0.098901,0.000780,0,111.52,NaN
14.3360,-0.096947,0.001372,0,111.52,NaN
14.3440,-0.095971,0.002778,0,111.52,NaN
14.3520,-0.093529,-0.001779,0,111.52,NaN
14.3600,-0.094994,-0.002205,0,111.52,NaN
14.3680,-0.098901,-0.003284,0,111.52,NaN
14.3760,-0.101343,-0.004454,0,111.52,NaN
14.3840,-0.099878,-0.005203,0,111.52,NaN
14.3920,-0.100855,-0.005342,0,111.52,NaN
14.4000,-0.098901,-0.004936,0,111.52,NaN
14.4080,-0.100366,-0.004138,0,111.52,NaN
14.4160,-0.098901,-0.003157,0,111.52,NaN
14.4240,-0.096459,-0.002275,0,111.52,NaN
14.4320,-0.096947,-0.001747,0,111.52,NaN
14.4400,-0.097924,-0.001621,0,111.52,NaN
14.4480,-0.097924,-0.001736,0,111.52,NaN
14.4560,-0.095971,0.003262,0,111.52,NaN
14.4640,-0.094505,0.004907,0,111.52,NaN
14.4720,-0.093529,0.007215,0,111.52,NaN
14.4800,-0.093040,0.010131,0,111.52,NaN
14.4880,-0.086203,0.013245,0,111.52,NaN
14.4960,-0.084249,0.015785,0,111.52,NaN
14.5040,-0.082784,0.016969,0,111.52,NaN
14.5120,-0.083272,0.016398,0,111.52,NaN
14.5200,-0.087179,0.014237,0,111.52,NaN
14.5280,-0.092552,0.011159,0,111.52,NaN
14.5360,-0.095971,0.007996,0,111.52,NaN
14.5440,-0.099878,0.005298,0,111.52,NaN
14.5520,-0.099878,0.003061,0,111.52,NaN
14.5600,-0.099389,-0.003303,0,111.52,NaN
14.5680,-0.095971,-0.001209,0,111.52,NaN
14.5760,-0.094994,0.001711,0,111.52,NaN
14.5840,-0.091087,0.004721,0,111.52,NaN
14.5920,-0.088156,0.007000,0,111.52,NaN
14.6000,-0.087179,0.007812,0,111.52,NaN
14.6080,-0.087179,0.006794,0,111.52,NaN
14.6160,-0.091087,0.004216,0,111.52,NaN
14.6240,-0.096459,0.001021,0,111.52,NaN
14.6320,-0.101343,-0.001511,0,111.52,NaN
14.6400,-0.101343,-0.002381,0,111.52,NaN
14.6480,-0.100366,-0.001368,0,111.52,NaN
14.6560,-0.095971,0.000872,0,111.52,NaN
14.6640,-0.092552,0.002393,0,111.52,NaN
14.6720,-0.091087,0.004305,0,111.52,NaN
14.6800,-0.090110,0.005255,0,111.52,NaN
14.6880,-0.091575,0.005328,0,111.52,NaN
14.6960,-0.093529,0.004949,0,111.52,NaN
14.7040,-0.093040,0.004529,0,111.52,NaN
14.7120,-0.092552,0.004208,0,111.52,NaN
14.7200,-0.092063,0.003879,0,111.52,NaN
14.7280,-0.092552,0.003419,0,111.52,NaN
14.7360,-0.094017,0.002874,0,111.52,NaN
14.7440,-0.095482,0.002463,0,111.52,NaN
14.7520,-0.095971,0.002378,0,111.52,NaN
14.7600,-0.094505,0.002577,0,111.52,NaN
14.7680,-0.093529,-0.006768,0,111.52,NaN
14.7760,-0.093529,-0.005755,0,111.52,NaN
14.7840,-0.091087,-0.004384,0,111.52,NaN
14.7920,-0.090110,-0.002873,0,111.52,NaN
14.8000,-0.087179,-0.001563,0,111.52,NaN
14.8080,-0.085714,-0.000797,0,111.52,NaN
14.8160,-0.086203,-0.000703,0,111.52,NaN
14.8240,-0.088645,-0.001085,0,111.52,NaN
14.8320,-0.087668,-0.001593,0,111.52,NaN
14.8400,-0.088156,-0.001970,0,111.52,NaN
14.8480,-0.087179,-0.002130,0,111.52,NaN
14.8560,-0.086691,-0.002116,0,111.52,NaN
14.8640,-0.086203,-0.002017,0,111.52,NaN
14.8720,-0.086203,-0.000530,0,111.52,NaN
14.8800,-0.085714,-0.000660,0,111.52,NaN
14.8880,-0.086203,-0.000886,0,111.52,NaN
14.8960,-0.086203,-0.001161,0,111.52,NaN
14.9040,-0.086691,-0.001437,0,111.52,NaN
14.9120,-0.086691,-0.001712,0,111.52,NaN
14.9200,-0.085714,-0.002036,0,111.52,NaN
14.9280,-0.086203,-0.002426,0,111.52,NaN
14.9360,-0.086691,-0.002778,0,111.52,NaN
14.9440,-0.086203,-0.002879,0,111.52,NaN
14.9520,-0.085714,-0.002514,0,111.52,NaN
14.9600,-0.085714,-0.001588,0,111.52,NaN
14.9680,-0.082295,-0.000257,0,111.52,NaN
14.9760,-0.075458,-0.044110,0,111.52,NaN
14.9840,-0.068620,-0.039780,0,111.52,NaN
14.9920,-0.060806,-0.034722,0,111.52,NaN
15.0000,-0.053968,-0.029647,0,111.52,NaN
15.0080,-0.044200,-0.025242,0,111.52,NaN
15.0160,-0.038828,-0.021995,0,111.52,NaN
15.0240,-0.035409,-0.019953,0,111.52,NaN
15.0320,-0.033455,-0.018745,0,111.52,NaN
15.0400,-0.028571,-0.017908,0,111.52,NaN
15.0480,-0.023687,-0.017183,0,111.52,NaN
15.0560,-0.020757,-0.016500,0,111.52,NaN
15.0640,-0.016850,-0.015843,0,111.52,NaN
15.0720,-0.012943,-0.015210,0,111.52,NaN
15.0800,-0.004151,0.025559,0,111.52,NaN
15.0880,0.010501,0.035393,0,111.52,NaN
15.0960,0.023687,0.045860,0,111.52,NaN
15.1040,0.036386,0.055171,0,111.52,NaN
15.1120,0.044689,0.061768,0,111.52,NaN
15.1200,0.048596,0.064806,0,111.52,NaN
15.1280,0.047619,0.064286,0,111.52,NaN
15.1360,0.045665,0.060818,0,111.52,NaN
15.1440,0.040781,0.055223,0,111.52,NaN
15.1520,0.036874,0.048211,0,111.52,NaN
15.1600,0.031013,0.040274,0,111.52,NaN
15.1680,0.023687,0.031766,0,111.52,NaN
15.1760,0.017338,0.022982,0,111.52,NaN
15.1840,0.011477,0.134868,0,111.52,NaN
15.1920,0.008059,0.133519,0,111.52,NaN
15.2000,0.003663,0.131729,0,111.52,NaN
15.2080,-0.003175,0.128492,0,111.52,NaN
15.2160,-0.010501,0.122946,0,111.52,NaN
15.2240,-0.022711,0.114718,0,111.52,NaN
15.2320,-0.038339,0.104203,0,111.52,NaN
15.2400,-0.054945,0.092555,0,111.52,NaN
15.2480,-0.071551,0.081373,0,111.52,NaN
15.2560,-0.086691,0.072194,0,111.52,NaN
15.2640,-0.096459,0.065934,0,111.52,NaN
15.2720,-0.102808,0.062511,0,111.52,NaN
15.2800,-0.107204,0.060853,0,111.52,NaN
15.2880,-0.110134,-0.050214,0,111.52,NaN
15.2960,-0.108181,-0.049018,0,111.52,NaN
15.3040,-0.104274,-0.046334,0,111.52,NaN
15.3120,-0.101343,-0.043171,0,111.52,NaN
15.3200,-0.099878,-0.040275,0,111.52,NaN
15.3280,-0.098901,-0.037939,0,111.52,NaN
15.3360,-0.098901,-0.036072,0,111.52,NaN
15.3440,-0.098413,-0.034414,0,111.52,NaN
15.3520,-0.096459,-0.032720,0,111.52,NaN
15.3600,-0.097924,-0.030820,0,111.52,NaN
15.3680,-0.095482,-0.028627,0,111.52,NaN
15.3760,-0.094994,-0.026168,0,111.52,NaN
15.3840,-0.094017,-0.023554,0,111.52,NaN
15.3920,-0.096459,-0.027497,0,111.52,NaN
15.4000,-0.100855,-0.028186,0,111.52,NaN
15.4080,-0.102808,-0.028840,0,111.52,NaN
15.4160,-0.106716,-0.028774,0,111.52,NaN
15.4240,-0.108181,-0.027408,0,111.52,NaN
15.4320,-0.108181,-0.024443,0,111.52,NaN
15.4400,-0.107692,-0.020036,0,111.52,NaN
15.4480,-0.103785,-0.014901,0,111.52,NaN
15.4560,-0.100366,-0.010241,0,111.52,NaN
15.4640,-0.099389,-0.007396,0,111.52,NaN
15.4720,-0.101343,-0.007319,0,111.52,NaN
15.4800,-0.105739,-0.010111,0,111.52,NaN
15.4880,-0.117460,-0.014765,0,111.52,NaN
15.4960,-0.133089,-0.444778,0,111.52,NaN
15.5040,-0.153602,-0.478717,0,111.52,NaN
15.5120,-0.171184,-0.513486,0,111.52,NaN
15.5200,-0.186813,-0.546285,0,111.52,NaN
15.5280,-0.196581,-0.573840,0,111.52,NaN
15.5360,-0.196581,-0.592426,0,111.52,NaN
15.5440,-0.183883,-0.598033,0,111.52,NaN
15.5520,-0.150672,-0.586788,0,111.52,NaN
15.5600,-0.095971,-0.555527,0,111.52,NaN
15.5680,-0.021734,-0.502436,0,111.52,NaN
15.5760,0.077900,-0.427904,0,111.52,NaN
15.5840,0.198046,-0.335613,0,111.52,NaN
15.5920,0.344567,-0.233163,0,111.52,NaN
15.6000,0.508181,0.603622,0,111.52,NaN
15.6080,0.688889,0.725809,0,111.52,NaN
15.6160,0.912088,0.835481,0,111.52,NaN
15.6240,1.000000,0.920673,0,111.52,NaN
15.6320,1.000000,0.975698,0,111.52,NaN
15.6400,1.000000,1.000000,1,111.52,NaN
15.6480,1.000000,0.992393,1,111.52,NaN
15.6560,1.000000,0.949368,0,111.52,NaN
15.6640,0.782662,0.870674,0,111.52,NaN
15.6720,0.544811,0.764275,0,111.52,NaN
15.6800,0.320147,0.643209,0,111.52,NaN
15.6880,0.101832,0.518233,0,111.52,NaN
15.6960,-0.085714,0.393819,0,111.52,NaN
15.7040,-0.218559,-0.199527,0,111.52,NaN
15.7120,-0.287424,-0.265814,0,111.52,NaN
15.7200,-0.298657,-0.282674,0,111.52,NaN
15.7280,-0.262027,-0.260040,0,111.52,NaN
15.7360,-0.195116,-0.212988,0,111.52,NaN
15.7440,-0.125275,-0.158019,0,111.52,NaN
15.7520,-0.069597,-0.109299,0,111.52,NaN
15.7600,-0.032967,-0.076099,0,111.52,NaN
15.7680,-0.022222,-0.062037,0,111.52,NaN
15.7760,-0.030525,-0.065909,0,111.52,NaN
15.7840,-0.051526,-0.083495,0,111.52,NaN
15.7920,-0.077900,-0.109600,0,111.52,NaN
15.8000,-0.101343,-0.139480,0,111.52,NaN
15.8080,-0.118926,-0.066796,0,111.52,NaN
15.8160,-0.132601,-0.080683,0,111.52,NaN
15.8240,-0.139438,-0.088979,0,111.52,NaN
15.8320,-0.140904,-0.092318,0,111.52,NaN
15.8400,-0.138950,-0.091917,0,111.52,NaN
15.8480,-0.135043,-0.089100,0,111.52,NaN
15.8560,-0.131624,-0.084991,0,111.52,NaN
15.8640,-0.125275,-0.080375,0,111.52,NaN
15.8720,-0.123321,-0.075581,0,111.52,NaN
15.8800,-0.126252,-0.070394,0,111.52,NaN
15.8880,-0.128205,-0.064292,0,111.52,NaN
15.8960,-0.132601,-0.056975,0,111.52,NaN
15.9040,-0.137973,-0.048740,0,111.52,NaN
15.9120,-0.137973,-0.223826,0,111.52,NaN
15.9200,-0.137485,-0.210570,0,111.52,NaN
15.9280,-0.132601,-0.193025,0,111.52,NaN
15.9360,-0.129182,-0.172796,0,111.52,NaN
15.9440,-0.126252,-0.151641,0,111.52,NaN
15.9520,-0.124786,-0.131190,0,111.52,NaN
15.9600,-0.123810,-0.112943,0,111.52,NaN
15.9680,-0.125763,-0.098207,0,111.52,NaN
15.9760,-0.125763,-0.087956,0,111.52,NaN
15.9840,-0.125275,-0.082710,0,111.52,NaN
15.9920,-0.126252,-0.082403,0,111.52,NaN
16.0000,-0.126252,-0.086190,0,111.52,NaN
16.0080,-0.128205,-0.092377,0,111.52,NaN
16.0160,-0.129182,-0.020208,0,111.52,NaN
16.0240,-0.128205,-0.023865,0,111.52,NaN
16.0320,-0.125763,-0.026517,0,111.52,NaN
16.0400,-0.123321,-0.027851,0,111.52,NaN
16.0480,-0.121856,-0.027832,0,111.52,NaN
16.0560,-0.121368,-0.026485,0,111.52,NaN
16.0640,-0.120391,-0.023883,0,111.52,NaN
16.0720,-0.116972,-0.020308,0,111.52,NaN
16.0800,-0.113553,-0.016379,0,111.52,NaN
16.0880,-0.109158,-0.012971,0,111.52,NaN
16.0960,-0.104274,-0.010926,0,111.52,NaN
16.1040,-0.103785,-0.010587,0,111.52,NaN
16.1120,-0.106227,-0.011453,0,111.52,NaN
16.1200,-0.106716,0.002057,0,111.52,NaN
16.1280,-0.106716,0.000994,0,111.52,NaN
16.1360,-0.106227,0.000434,0,111.52,NaN
16.1440,-0.103785,0.000517,0,111.52,NaN
16.1520,-0.101832,0.001113,0,111.52,NaN
16.1600,-0.100855,0.001990,0,111.52,NaN
16.1680,-0.098901,0.002885,0,111.52,NaN
16.1760,-0.095482,0.003500,0,111.52,NaN
16.1840,-0.094994,0.003602,0,111.52,NaN
16.1920,-0.094994,0.003198,0,111.52,NaN
16.2000,-0.095971,0.002523,0,111.52,NaN
16.2080,-0.094017,0.001817,0,111.52,NaN
16.2160,-0.093040,0.001157,0,111.52,NaN
16.2240,-0.093529,0.007795,0,111.52,NaN
16.2320,-0.093529,0.006868,0,111.52,NaN
16.2400,-0.094017,0.005861,0,111.52,NaN
16.2480,-0.093529,0.004833,0,111.52,NaN
16.2560,-0.093529,0.003829,0,111.52,NaN
16.2640,-0.093529,0.002946,0,111.52,NaN
16.2720,-0.094017,0.002378,0,111.52,NaN
16.2800,-0.094017,0.002348,0,111.52,NaN
16.2880,-0.093040,0.002888,0,111.52,NaN
16.2960,-0.087668,0.003681,0,111.52,NaN
16.3040,-0.085714,0.004207,0,111.52,NaN
16.3120,-0.085714,0.004158,0,111.52,NaN
16.3200,-0.085714,0.003663,0,111.52,NaN
16.3280,-0.085226,0.011855,0,111.52,NaN
16.3360,-0.082784,0.011837,0,111.52,NaN
16.3440,-0.082784,0.011799,0,111.52,NaN
16.3520,-0.082295,0.011775,0,111.52,NaN
16.3600,-0.082295,0.011805,0,111.52,NaN
16.3680,-0.080342,0.011850,0,111.52,NaN
16.3760,-0.079365,0.011763,0,111.52,NaN
16.3840,-0.078877,0.011416,0,111.52,NaN
16.3920,-0.080830,0.010808,0,111.52,NaN
16.4000,-0.080342,0.010000,0,111.52,NaN
16.4080,-0.080342,0.008978,0,111.52,NaN
16.4160,-0.079853,0.007668,0,111.52,NaN
16.4240,-0.082295,0.006121,0,111.52,NaN
16.4320,-0.085714,0.002642,0,111.52,NaN
16.4400,-0.090110,-0.000234,0,111.52,NaN
16.4480,-0.091087,-0.002212,0,111.52,NaN
16.4560,-0.092552,-0.002848,0,111.52,NaN
16.4640,-0.088645,-0.002203,0,111.52,NaN
16.4720,-0.085714,-0.000745,0,111.52,NaN
16.4800,-0.085226,0.000983,0,111.52,NaN
16.4880,-0.082784,0.002599,0,111.52,NaN
16.4960,-0.083272,0.003831,0,111.52,NaN
16.5040,-0.079853,0.004337,0,111.52,NaN
16.5120,-0.078388,0.003699,0,111.52,NaN
16.5200,-0.079853,0.001738,0,111.52,NaN
16.5280,-0.084737,-0.001141,0,111.52,NaN
16.5360,-0.088645,-0.003517,0,111.52,NaN
16.5440,-0.093529,-0.007501,0,111.52,NaN
16.5520,-0.094994,-0.010708,0,111.52,NaN
16.5600,-0.096947,-0.012698,0,111.52,NaN
16.5680,-0.098901,-0.013336,0,111.52,NaN
16.5760,-0.094017,-0.012822,0,111.52,NaN
16.5840,-0.093040,-0.011592,0,111.52,NaN
16.5920,-0.092063,-0.010033,0,111.52,NaN
16.6000,-0.091087,-0.008379,0,111.52,NaN
16.6080,-0.087179,-0.006862,0,111.52,NaN
16.6160,-0.085714,-0.005760,0,111.52,NaN
16.6240,-0.084249,-0.005228,0,111.52,NaN
16.6320,-0.085226,-0.005110,0,111.52,NaN
16.6400,-0.084737,0.015702,0,111.52,NaN
16.6480,-0.082784,0.017759,0,111.52,NaN
16.6560,-0.080342,0.020389,0,111.52,NaN
16.6640,-0.079365,0.023347,0,111.52,NaN
16.6720,-0.075946,0.026085,0,111.52,NaN
16.6800,-0.072527,0.027814,0,111.52,NaN
16.6880,-0.073016,0.027821,0,111.52,NaN
16.6960,-0.076435,0.025905,0,111.52,NaN
16.7040,-0.082784,0.022534,0,111.52,NaN
16.7120,-0.088156,0.018589,0,111.52,NaN
16.7200,-0.093529,0.014895,0,111.52,NaN
16.7280,-0.095971,0.011839,0,111.52,NaN
16.7360,-0.098413,0.009276,0,111.52,NaN
16.7440,-0.096459,0.009417,0,111.52,NaN
16.7520,-0.093529,0.011090,0,111.52,NaN
16.7600,-0.092063,0.012491,0,111.52,NaN
16.7680,-0.093040,0.012885,0,111.52,NaN
16.7760,-0.094505,0.012046,0,111.52,NaN
16.7840,-0.098901,0.010245,0,111.52,NaN
16.7920,-0.102320,0.008049,0,111.52,NaN
16.8000,-0.104274,0.006035,0,111.52,NaN
16.8080,-0.107692,0.004621,0,111.52,NaN
16.8160,-0.108669,0.004013,0,111.52,NaN
16.8240,-0.109646,0.004194,0,111.52,NaN
16.8320,-0.108669,0.004952,0,111.52,NaN
16.8400,-0.109158,0.005998,0,111.52,NaN
16.8480,-0.109158,-0.018876,0,111.52,NaN
16.8560,-0.107692,-0.018517,0,111.52,NaN
16.8640,-0.106227,-0.018013,0,111.52,NaN
16.8720,-0.106227,-0.017293,0,111.52,NaN
16.8800,-0.106227,-0.016224,0,111.52,NaN
16.8880,-0.101343,-0.014773,0,111.52,NaN
16.8960,-0.101343,-0.013080,0,111.52,NaN
16.9040,-0.098413,-0.011372,0,111.52,NaN
16.9120,-0.095971,-0.009904,0,111.52,NaN
16.9200,-0.094994,-0.008892,0,111.52,NaN
16.9280,-0.094505,-0.008412,0,111.52,NaN
16.9360,-0.094505,-0.008375,0,111.52,NaN
16.9440,-0.094505,-0.008585,0,111.52,NaN
16.9520,-0.094017,-0.013836,0,111.52,NaN
16.9600,-0.095971,-0.014345,0,111.52,NaN
16.9680,-0.094017,-0.014596,0,111.52,NaN
16.9760,-0.094505,-0.014540,0,111.52,NaN
16.9840,-0.093529,-0.014221,0,111.52,NaN
16.9920,-0.092063,-0.013718,0,111.52,NaN
17.0000,-0.092063,-0.013091,0,111.52,NaN
17.0080,-0.090598,-0.012349,0,111.52,NaN
17.0160,-0.089133,-0.011487,0,111.52,NaN
17.0240,-0.086691,-0.010506,0,111.52,NaN
17.0320,-0.085714,-0.009379,0,111.52,NaN
17.0400,-0.084249,-0.008057,0,111.52,NaN
17.0480,-0.080830,-0.006575,0,111.52,NaN
17.0560,-0.079365,0.009431,0,111.52,NaN
17.0640,-0.080342,0.009585,0,111.52,NaN
17.0720,-0.081319,0.009269,0,111.52,NaN
17.0800,-0.082295,0.008784,0,111.52,NaN
17.0880,-0.082295,0.008298,0,111.52,NaN
17.0960,-0.080830,0.007716,0,111.52,NaN
17.1040,-0.080342,0.006832,0,111.52,NaN
17.1120,-0.083272,0.005603,0,111.52,NaN
17.1200,-0.083272,0.004280,0,111.52,NaN
17.1280,-0.085226,0.003279,0,111.52,NaN
17.1360,-0.085226,0.002971,0,111.52,NaN
17.1440,-0.084249,0.003474,0,111.52,NaN
17.1520,-0.081319,0.004527,0,111.52,NaN
17.1600,-0.079365,0.006035,0,111.52,NaN
17.1680,-0.078388,0.005975,0,111.52,NaN
17.1760,-0.080342,0.004535,0,111.52,NaN
17.1840,-0.081807,0.001642,0,111.52,NaN
17.1920,-0.085714,-0.002345,0,111.52,NaN
17.2000,-0.090598,-0.006628,0,111.52,NaN
17.2080,-0.095971,-0.010101,0,111.52,NaN
17.2160,-0.098901,-0.011748,0,111.52,NaN
17.2240,-0.095971,-0.011146,0,111.52,NaN
17.2320,-0.091087,-0.008662,0,111.52,NaN
17.2400,-0.085714,-0.005127,0,111.52,NaN
17.2480,-0.083272,-0.001266,0,111.52,NaN
17.2560,-0.079853,0.002602,0,111.52,NaN
17.2640,-0.077900,0.010002,0,111.52,NaN
17.2720,-0.076923,0.010380,0,111.52,NaN
17.2800,-0.078388,0.009300,0,111.52,NaN
17.2880,-0.081319,0.007148,0,111.52,NaN
17.2960,-0.085226,0.004529,0,111.52,NaN
17.3040,-0.086203,0.002049,0,111.52,NaN
17.3120,-0.088645,0.000175,0,111.52,NaN
17.3200,-0.090598,-0.000765,0,111.52,NaN
17.3280,-0.091087,-0.000640,0,111.52,NaN
17.3360,-0.088645,0.000357,0,111.52,NaN
17.3440,-0.085714,0.001763,0,111.52,NaN
17.3520,-0.085714,0.003148,0,111.52,NaN
17.3600,-0.085714,0.004389,0,111.52,NaN
17.3680,-0.085714,0.003130,0,111.52,NaN
17.3760,-0.088645,0.002320,0,111.52,NaN
17.3840,-0.090598,0.001521,0,111.52,NaN
17.3920,-0.091087,0.001100,0,111.52,NaN
17.4000,-0.091087,0.001074,0,111.52,NaN
17.4080,-0.089133,0.001102,0,111.52,NaN
17.4160,-0.090110,0.000736,0,111.52,NaN
17.4240,-0.090598,-0.000240,0,111.52,NaN
17.4320,-0.093529,-0.001596,0,111.52,NaN
17.4400,-0.096459,-0.002693,0,111.52,NaN
17.4480,-0.099389,-0.002822,0,111.52,NaN
17.4560,-0.095971,-0.001695,0,111.52,NaN
17.4640,-0.093529,0.000297,0,111.52,NaN
17.4720,-0.090110,0.004148,0,111.52,NaN
17.4800,-0.090598,0.005373,0,111.52,NaN
17.4880,-0.092552,0.005850,0,111.52,NaN
17.4960,-0.092063,0.005821,0,111.52,NaN
17.5040,-0.094017,0.005644,0,111.52,NaN
17.5120,-0.094017,0.005574,0,111.52,NaN
17.5200,-0.093529,0.005646,0,111.52,NaN
17.5280,-0.092552,0.005677,0,111.52,NaN
17.5360,-0.093529,0.005439,0,111.52,NaN
17.5440,-0.094017,0.004853,0,111.52,NaN
17.5520,-0.097924,0.004051,0,111.52,NaN
17.5600,-0.098413,0.003244,0,111.52,NaN
17.5680,-0.099389,0.002515,0,111.52,NaN
17.5760,-0.098413,0.002640,0,111.52,NaN
17.5840,-0.098413,0.002961,0,111.52,NaN
17.5920,-0.101343,0.003752,0,111.52,NaN
17.6000,-0.101343,0.005218,0,111.52,NaN
17.6080,-0.098413,0.007239,0,111.52,NaN
17.6160,-0.094017,0.009187,0,111.52,NaN
17.6240,-0.093529,0.010261,0,111.52,NaN
17.6320,-0.094505,0.010001,0,111.52,NaN
17.6400,-0.098413,0.008526,0,111.52,NaN
17.6480,-0.101343,0.006397,0,111.52,NaN
17.6560,-0.105739,0.004277,0,111.52,NaN
17.6640,-0.107692,0.002588,0,111.52,NaN
17.6720,-0.108181,0.001298,0,111.52,NaN
17.6800,-0.105739,-0.008165,0,111.52,NaN
17.6880,-0.101343,-0.006312,0,111.52,NaN
17.6960,-0.100366,-0.004485,0,111.52,NaN
17.7040,-0.100366,-0.003040,0,111.52,NaN
17.7120,-0.099878,-0.001953,0,111.52,NaN
17.7200,-0.100366,-0.001069,0,111.52,NaN
17.7280,-0.097924,-0.000375,0,111.52,NaN
17.7360,-0.095971,-0.000033,0,111.52,NaN
17.7440,-0.097924,-0.000151,0,111.52,NaN
17.7520,-0.098901,-0.000601,0,111.52,NaN
17.7600,-0.099389,-0.001131,0,111.52,NaN
17.7680,-0.099878,-0.001567,0,111.52,NaN
17.7760,-0.099878,-0.001902,0,111.52,NaN
17.7840,-0.095971,0.001326,0,111.52,NaN
17.7920,-0.092063,0.003987,0,111.52,NaN
17.8000,-0.091087,0.006420,0,111.52,NaN
17.8080,-0.088156,0.008033,0,111.52,NaN
17.8160,-0.087179,0.008455,0,111.52,NaN
17.8240,-0.090110,0.007658,0,111.52,NaN
17.8320,-0.091087,0.005976,0,111.52,NaN
17.8400,-0.093529,0.003979,0,111.52,NaN
17.8480,-0.097924,0.002301,0,111.52,NaN
17.8560,-0.096459,0.001425,0,111.52,NaN
17.8640,-0.097924,0.001480,0,111.52,NaN
17.8720,-0.094017,0.002247,0,111.52,NaN
17.8800,-0.094505,0.003357,0,111.52,NaN
17.8880,-0.095971,-0.007775,0,111.52,NaN
17.8960,-0.098901,-0.009203,0,111.52,NaN
17.9040,-0.100855,-0.010078,0,111.52,NaN
17.9120,-0.099878,-0.009792,0,111.52,NaN
17.9200,-0.096459,-0.008217,0,111.52,NaN
17.9280,-0.093529,-0.005716,0,111.52,NaN
17.9360,-0.090110,-0.002927,0,111.52,NaN
17.9440,-0.086203,-0.000535,0,111.52,NaN
17.9520,-0.085226,0.000910,0,111.52,NaN
17.9600,-0.084249,0.001107,0,111.52,NaN
17.9680,-0.084249,0.000007,0,111.52,NaN
17.9760,-0.085714,-0.002196,0,111.52,NaN
17.9840,-0.088645,-0.005047,0,111.52,NaN
17.9920,-0.092063,-0.006082,0,111.52,NaN
18.0000,-0.095971,-0.008930,0,111.52,NaN
18.0080,-0.098413,-0.010564,0,111.52,NaN
18.0160,-0.096459,-0.010818,0,111.52,NaN
18.0240,-0.094017,-0.010158,0,111.52,NaN
18.0320,-0.090110,-0.009413,0,111.52,NaN
18.0400,-0.090110,-0.009235,0,111.52,NaN
18.0480,-0.092063,-0.009669,0,111.52,NaN
18.0560,-0.093529,-0.010190,0,111.52,NaN
18.0640,-0.093529,-0.010129,0,111.52,NaN
18.0720,-0.091087,-0.009134,0,111.52,NaN
18.0800,-0.086203,-0.007328,0,111.52,NaN
18.0880,-0.084737,-0.005104,0,111.52,NaN
18.0960,-0.082295,0.001923,0,111.52,NaN
18.1040,-0.082295,0.002710,0,111.52,NaN
18.1120,-0.080830,0.002575,0,111.52,NaN
18.1200,-0.082784,0.001650,0,111.52,NaN
18.1280,-0.085226,0.000294,0,111.52,NaN
18.1360,-0.085714,-0.001064,0,111.52,NaN
18.1440,-0.086203,-0.002112,0,111.52,NaN
18.1520,-0.086691,-0.002700,0,111.52,NaN
18.1600,-0.085714,-0.002790,0,111.52,NaN
18.1680,-0.085226,-0.002392,0,111.52,NaN
18.1760,-0.083761,-0.001516,0,111.52,NaN
18.1840,-0.084249,-0.000176,0,111.52,NaN
18.1920,-0.080342,0.001486,0,111.52,NaN
18.2000,-0.078388,-0.041681,0,111.52,NaN
18.2080,-0.073016,-0.040476,0,111.52,NaN
18.2160,-0.070085,-0.038582,0,111.52,NaN
18.2240,-0.065690,-0.035860,0,111.52,NaN
18.2320,-0.058852,-0.032210,0,111.52,NaN
18.2400,-0.052991,-0.027738,0,111.52,NaN
18.2480,-0.045177,-0.022839,0,111.52,NaN
18.2560,-0.036386,-0.018204,0,111.52,NaN
18.2640,-0.030525,-0.014649,0,111.52,NaN
18.2720,-0.024664,-0.012823,0,111.52,NaN
18.2800,-0.023687,-0.012940,0,111.52,NaN
18.2880,-0.023199,-0.014687,0,111.52,NaN
18.2960,-0.023199,-0.017359,0,111.52,NaN
18.3040,-0.023687,-0.005576,0,111.52,NaN
18.3120,-0.023199,-0.001639,0,111.52,NaN
18.3200,-0.009035,0.006920,0,111.52,NaN
18.3280,0.009035,0.019223,0,111.52,NaN
18.3360,0.028083,0.032848,0,111.52,NaN
18.3440,0.043712,0.044789,0,111.52,NaN
18.3520,0.055922,0.052477,0,111.52,NaN
18.3600,0.058364,0.054505,0,111.52,NaN
18.3680,0.054945,0.050848,0,111.52,NaN
18.3760,0.048596,0.042525,0,111.52,NaN
18.3840,0.038828,0.030981,0,111.52,NaN
18.3920,0.028571,0.017579,0,111.52,NaN
18.4000,0.018315,0.003367,0,111.52,NaN
18.4080,0.011477,0.124901,0,111.52,NaN
18.4160,0.008059,0.124241,0,111.52,NaN
18.4240,0.008059,0.125336,0,111.52,NaN
18.4320,0.008059,0.126492,0,111.52,NaN
18.4400,0.006593,0.125793,0,111.52,NaN
18.4480,-0.002198,0.121850,0,111.52,NaN
18.4560,-0.012943,0.114290,0,111.52,NaN
18.4640,-0.028571,0.103815,0,111.52,NaN
18.4720,-0.045177,0.091930,0,111.52,NaN
18.4800,-0.062759,0.080454,0,111.52,NaN
18.4880,-0.077411,0.070858,0,111.52,NaN
18.4960,-0.086203,0.063628,0,111.52,NaN
18.5040,-0.093040,0.058038,0,111.52,NaN
18.5120,-0.097924,-0.027150,0,111.52,NaN
18.5200,-0.097924,-0.028018,0,111.52,NaN
18.5280,-0.096947,-0.027725,0,111.52,NaN
18.5360,-0.096459,-0.027479,0,111.52,NaN
18.5440,-0.098901,-0.028011,0,111.52,NaN
18.5520,-0.101832,-0.029291,0,111.52,NaN
18.5600,-0.107692,-0.030594,0,111.52,NaN
18.5680,-0.111111,-0.030928,0,111.52,NaN
18.5760,-0.110623,-0.029635,0,111.52,NaN
18.5840,-0.107692,-0.026761,0,111.52,NaN
18.5920,-0.103785,-0.022908,0,111.52,NaN
18.6000,-0.101832,-0.018745,0,111.52,NaN
18.6080,-0.101343,-0.014587,0,111.52,NaN
18.6160,-0.101343,-0.037542,0,111.52,NaN
18.6240,-0.099878,-0.035857,0,111.52,NaN
18.6320,-0.098901,-0.034379,0,111.52,NaN
18.6400,-0.100366,-0.032992,0,111.52,NaN
18.6480,-0.101832,-0.031502,0,111.52,NaN
18.6560,-0.103785,-0.029751,0,111.52,NaN
18.6640,-0.102320,-0.027794,0,111.52,NaN
18.6720,-0.102808,-0.025890,0,111.52,NaN
18.6800,-0.104274,-0.024242,0,111.52,NaN
18.6880,-0.106716,-0.022782,0,111.52,NaN
18.6960,-0.109158,-0.021231,0,111.52,NaN
18.7040,-0.109158,-0.019366,0,111.52,NaN
18.7120,-0.108669,-0.017233,0,111.52,NaN
18.7200,-0.112576,-0.223546,0,111.52,NaN
18.7280,-0.121368,-0.240943,0,111.52,NaN
18.7360,-0.136996,-0.263352,0,111.52,NaN
18.7440,-0.156044,-0.289598,0,111.52,NaN
18.7520,-0.177534,-0.316978,0,111.52,NaN
18.7600,-0.195116,-0.341557,0,111.52,NaN
18.7680,-0.203419,-0.358663,0,111.52,NaN
18.7760,-0.201465,-0.363447,0,111.52,NaN
18.7840,-0.182418,-0.351509,0,111.52,NaN
18.7920,-0.142857,-0.319786,0,111.52,NaN
18.8000,-0.084249,-0.267663,0,111.52,NaN
18.8080,-0.004640,-0.198134,0,111.52,NaN
18.8160,0.100366,-0.118429,0,111.52,NaN
18.8240,0.226862,0.218135,0,111.52,NaN
18.8320,0.376801,0.365681,0,111.52,NaN
18.8400,0.542857,0.525916,0,111.52,NaN
18.8480,0.728449,0.683259,0,111.52,NaN
18.8560,0.958974,0.817611,0,111.52,NaN
18.8640,1.000000,0.912558,1,111.52,NaN
18.8720,1.000000,0.961917,1,111.52,NaN
18.8800,1.000000,0.965616,0,111.52,NaN
18.8880,1.000000,0.920747,0,111.52,NaN
18.8960,0.965812,0.821013,0,111.52,NaN
18.9040,0.731868,0.665892,0,111.52,NaN
18.9120,0.494994,0.467243,0,111.52,NaN
18.9200,0.273748,0.245663,0,111.52,NaN
18.9280,0.059829,0.043578,0,111.52,NaN
18.9360,-0.116972,-0.113131,0,111.52,NaN
18.9440,-0.232723,-0.220876,0,111.52,NaN
18.9520,-0.288889,-0.274702,0,111.52,NaN
18.9600,-0.283028,-0.279308,0,111.52,NaN
18.9680,-0.234676,-0.247425,0,111.52,NaN
18.9760,-0.167277,-0.196331,0,111.52,NaN
18.9840,-0.102808,-0.143397,0,111.52,NaN
18.9920,-0.058852,-0.102068,0,111.52,NaN
19.0000,-0.038828,-0.079576,0,111.52,NaN
19.0080,-0.040293,-0.076766,0,111.52,NaN
19.0160,-0.054457,-0.089482,0,111.52,NaN
19.0240,-0.077411,-0.110456,0,111.52,NaN
19.0320,-0.098901,-0.020886,0,111.52,NaN
19.0400,-0.115995,-0.036127,0,111.52,NaN
19.0480,-0.129182,-0.047191,0,111.52,NaN
19.0560,-0.135043,-0.053318,0,111.52,NaN
19.0640,-0.136020,-0.055048,0,111.52,NaN
19.0720,-0.133578,-0.053674,0,111.52,NaN
19.0800,-0.129182,-0.050683,0,111.52,NaN
19.0880,-0.125763,-0.047288,0,111.52,NaN
19.0960,-0.123321,-0.044124,0,111.52,NaN
19.1040,-0.124786,-0.041172,0,111.52,NaN
19.1120,-0.127228,-0.037999,0,111.52,NaN
19.1200,-0.129182,-0.034222,0,111.52,NaN
19.1280,-0.132601,-0.029877,0,111.52,NaN
19.1360,-0.135043,-0.273351,0,111.52,NaN
19.1440,-0.135043,-0.268940,0,111.52,NaN
19.1520,-0.132601,-0.260118,0,111.52,NaN
19.1600,-0.132601,-0.247545,0,111.52,NaN
19.1680,-0.132601,-0.232149,0,111.52,NaN
19.1760,-0.132601,-0.214772,0,111.52,NaN
19.1840,-0.132601,-0.196148,0,111.52,NaN
19.1920,-0.132601,-0.177187,0,111.52,NaN
19.2000,-0.129670,-0.159306,0,111.52,NaN
19.2080,-0.123321,-0.144306,0,111.52,NaN
19.2160,-0.120879,-0.133624,0,111.52,NaN
19.2240,-0.118437,-0.127391,0,111.52,NaN
19.2320,-0.118437,-0.124045,0,111.52,NaN
19.2400,-0.118437,0.005313,0,111.52,NaN
19.2480,-0.121856,0.001783,0,111.52,NaN
19.2560,-0.124298,-0.002943,0,111.52,NaN
19.2640,-0.125275,-0.007114,0,111.52,NaN
19.2720,-0.124298,-0.009593,0,111.52,NaN
19.2800,-0.121368,-0.010084,0,111.52,NaN
19.2880,-0.119902,-0.008996,0,111.52,NaN
19.2960,-0.117460,-0.007095,0,111.52,NaN
19.3040,-0.116484,-0.005138,0,111.52,NaN
19.3120,-0.116972,-0.003586,0,111.52,NaN
19.3200,-0.118437,-0.002496,0,111.52,NaN
19.3280,-0.118437,-0.001680,0,111.52,NaN
19.3360,-0.116972,-0.000957,0,111.52,NaN
19.3440,-0.116972,0.000681,0,111.52,NaN
19.3520,-0.113553,0.002234,0,111.52,NaN
19.3600,-0.110134,0.004327,0,111.52,NaN
19.3680,-0.109158,0.006998,0,111.52,NaN
19.3760,-0.105739,0.010214,0,111.52,NaN
19.3840,-0.100855,0.013622,0,111.52,NaN
19.3920,-0.094505,0.016436,0,111.52,NaN
19.4000,-0.092063,0.017763,0,111.52,NaN
19.4080,-0.093040,0.017108,0,111.52,NaN
19.4160,-0.096459,0.014645,0,111.52,NaN
19.4240,-0.100855,0.011025,0,111.52,NaN
19.4320,-0.104274,0.006946,0,111.52,NaN
19.4400,-0.105739,0.002793,0,111.52,NaN
19.4480,-0.103785,0.008118,0,111.52,NaN
19.4560,-0.098413,0.010987,0,111.52,NaN
19.4640,-0.093040,0.014789,0,111.52,NaN
19.4720,-0.087179,0.018324,0,111.52,NaN
19.4800,-0.085226,0.020618,0,111.52,NaN
19.4880,-0.084737,0.021203,0,111.52,NaN
19.4960,-0.085226,0.020096,0,111.52,NaN
19.5040,-0.085714,0.017654,0,111.52,NaN
19.5120,-0.090110,0.014508,0,111.52,NaN
19.5200,-0.093529,0.011481,0,111.52,NaN
19.5280,-0.095971,0.009309,0,111.52,NaN
19.5360,-0.096459,0.008284,0,111.52,NaN
19.5440,-0.094017,0.008065,0,111.52,NaN
19.5520,-0.088156,0.013424,0,111.52,NaN
19.5600,-0.085226,0.017669,0,111.52,NaN
19.5680,-0.078388,0.021760,0,111.52,NaN
19.5760,-0.074969,0.024670,0,111.52,NaN
19.5840,-0.072527,0.025610,0,111.52,NaN
19.5920,-0.073016,0.024310,0,111.52,NaN
19.6000,-0.077411,0.021209,0,111.52,NaN
19.6080,-0.084249,0.017339,0,111.52,NaN
19.6160,-0.086203,0.013835,0,111.52,NaN
19.6240,-0.086691,0.011425,0,111.52,NaN
19.6320,-0.087668,0.010317,0,111.52,NaN
19.6400,-0.087668,0.010343,0,111.52,NaN
19.6480,-0.085226,0.011041,0,111.52,NaN
19.6560,-0.080342,0.014740,0,111.52,NaN
19.6640,-0.078877,0.015977,0,111.52,NaN
19.6720,-0.078877,0.016064,0,111.52,NaN
19.6800,-0.082784,0.014997,0,111.52,NaN
19.6880,-0.083272,0.013094,0,111.52,NaN
19.6960,-0.085226,0.010710,0,111.52,NaN
19.7040,-0.088156,0.008175,0,111.52,NaN
19.7120,-0.090598,0.005885,0,111.52,NaN
19.7200,-0.093529,0.004297,0,111.52,NaN
19.7280,-0.094017,0.003786,0,111.52,NaN
19.7360,-0.093529,0.004447,0,111.52,NaN
19.7440,-0.088645,0.006013,0,111.52,NaN
19.7520,-0.088156,0.008024,0,111.52,NaN
19.7600,-0.090110,0.006053,0,111.52,NaN
19.7680,-0.093040,0.005215,0,111.52,NaN
19.7760,-0.094994,0.004770,0,111.52,NaN
19.7840,-0.094505,0.005301,0,111.52,NaN
19.7920,-0.093040,0.006867,0,111.52,NaN
19.8000,-0.089133,0.008945,0,111.52,NaN
19.8080,-0.086691,0.010686,0,111.52,NaN
19.8160,-0.086203,0.011348,0,111.52,NaN
19.8240,-0.087179,0.010659,0,111.52,NaN
19.8320,-0.092552,0.008885,0,111.52,NaN
19.8400,-0.093529,0.006553,0,111.52,NaN
19.8480,-0.096459,0.004082,0,111.52,NaN
19.8560,-0.098413,0.001632,0,111.52,NaN
19.8640,-0.096947,-0.007520,0,111.52,NaN
19.8720,-0.091087,-0.002141,0,111.52,NaN
19.8800,-0.082295,0.005093,0,111.52,NaN
19.8880,-0.071062,0.012378,0,111.52,NaN
19.8960,-0.064713,0.017765,0,111.52,NaN
19.9040,-0.062271,0.020033,0,111.52,NaN
19.9120,-0.066667,0.019219,0,111.52,NaN
19.9200,-0.073016,0.016426,0,111.52,NaN
19.9280,-0.075946,0.013029,0,111.52,NaN
19.9360,-0.076435,0.009895,0,111.52,NaN
19.9440,-0.078388,0.007217,0,111.52,NaN
19.9520,-0.080342,0.004835,0,111.52,NaN
19.9600,-0.083272,0.002560,0,111.52,NaN
19.9680,-0.087179,0.011853,0,111.52,NaN
19.9760,-0.092552,0.008421,0,111.52,NaN
19.9840,-0.096947,0.005208,0,111.52,NaN
19.9920,-0.100855,0.002699,0,111.52,NaN
20.0000,-0.101832,0.001117,0,111.52,NaN
20.0080,-0.102808,0.000344,0,111.52,NaN
20.0160,-0.101832,0.000058,0,111.52,NaN
20.0240,-0.103297,0.000004,0,111.52,NaN
20.0320,-0.106227,0.000133,0,111.52,NaN
20.0400,-0.103297,0.000472,0,111.52,NaN
20.0480,-0.104274,0.000960,0,111.52,NaN
20.0560,-0.104274,0.001510,0,111.52,NaN
20.0640,-0.104274,0.002084,0,111.52,NaN
20.0720,-0.104274,-0.009419,0,111.52,NaN
20.0800,-0.102808,-0.008680,0,111.52,NaN
20.0880,-0.102808,-0.007337,0,111.52,NaN
20.0960,-0.101343,-0.005315,0,111.52,NaN
20.1040,-0.097924,-0.002825,0,111.52,NaN
20.1120,-0.093040,-0.000408,0,111.52,NaN
20.1200,-0.092063,0.001330,0,111.52,NaN
20.1280,-0.092063,0.002067,0,111.52,NaN
20.1360,-0.093040,0.001864,0,111.52,NaN
20.1440,-0.094505,0.000980,0,111.52,NaN
20.1520,-0.094994,-0.000350,0,111.52,NaN
20.1600,-0.094994,-0.002008,0,111.52,NaN
20.1680,-0.097924,-0.003879,0,111.52,NaN
20.1760,-0.100855,-0.020042,0,111.52,NaN
20.1840,-0.100366,-0.021396,0,111.52,NaN
20.1920,-0.101343,-0.021599,0,111.52,NaN
20.2000,-0.100855,-0.020509,0,111.52,NaN
20.2080,-0.098413,-0.018322,0,111.52,NaN
20.2160,-0.092063,-0.015624,0,111.52,NaN
20.2240,-0.090110,-0.013141,0,111.52,NaN
20.2320,-0.088645,-0.011345,0,111.52,NaN
20.2400,-0.088156,-0.010307,0,111.52,NaN
20.2480,-0.087179,-0.009861,0,111.52,NaN
20.2560,-0.086691,-0.009792,0,111.52,NaN
20.2640,-0.086203,-0.009931,0,111.52,NaN
20.2720,-0.085714,-0.010163,0,111.52,NaN
20.2800,-0.085714,0.011796,0,111.52,NaN
20.2880,-0.083761,0.013226,0,111.52,NaN
20.2960,-0.081319,0.014499,0,111.52,NaN
20.3040,-0.080342,0.015075,0,111.52,NaN
20.3120,-0.079853,0.014496,0,111.52,NaN
20.3200,-0.082784,0.012639,0,111.52,NaN
20.3280,-0.085714,0.009815,0,111.52,NaN
20.3360,-0.089621,0.006674,0,111.52,NaN
20.3440,-0.092063,0.004004,0,111.52,NaN
20.3520,-0.094505,0.002525,0,111.52,NaN
20.3600,-0.094994,0.002678,0,111.52,NaN
20.3680,-0.092063,0.004418,0,111.52,NaN
20.3760,-0.088156,0.007137,0,111.52,NaN
20.3840,-0.081319,0.018397,0,111.52,NaN
20.3920,-0.076923,0.021492,0,111.52,NaN
20.4000,-0.076435,0.022719,0,111.52,NaN
20.4080,-0.080342,0.022145,0,111.52,NaN
20.4160,-0.085226,0.020548,0,111.52,NaN
20.4240,-0.085714,0.018802,0,111.52,NaN
20.4320,-0.088156,0.017368,0,111.52,NaN
20.4400,-0.087179,0.016229,0,111.52,NaN
20.4480,-0.089133,0.015162,0,111.52,NaN
20.4560,-0.092063,0.014047,0,111.52,NaN
20.4640,-0.094505,0.012939,0,111.52,NaN
20.4720,-0.094505,0.011902,0,111.52,NaN
20.4800,-0.096459,0.010921,0,111.52,NaN
20.4880,-0.094994,0.012161,0,111.52,NaN
20.4960,-0.095971,0.014119,0,111.52,NaN
20.5040,-0.093529,0.016649,0,111.52,NaN
20.5120,-0.088156,0.018928,0,111.52,NaN
20.5200,-0.085714,0.019942,0,111.52,NaN
20.5280,-0.090110,0.019141,0,111.52,NaN
20.5360,-0.095482,0.016792,0,111.52,NaN
20.5440,-0.100366,0.013685,0,111.52,NaN
20.5520,-0.101832,0.010604,0,111.52,NaN
20.5600,-0.106227,0.008143,0,111.52,NaN
20.5680,-0.110623,0.006753,0,111.52,NaN
20.5760,-0.112576,0.006621,0,111.52,NaN
20.5840,-0.110134,0.007385,0,111.52,NaN
20.5920,-0.104274,-0.018778,0,111.52,NaN
20.6000,-0.102320,-0.015366,0,111.52,NaN
20.6080,-0.098413,-0.011719,0,111.52,NaN
20.6160,-0.094994,-0.008193,0,111.52,NaN
20.6240,-0.093529,-0.004983,0,111.52,NaN
20.6320,-0.088645,-0.002262,0,111.52,NaN
20.6400,-0.085714,-0.000250,0,111.52,NaN
20.6480,-0.085714,0.000913,0,111.52,NaN
20.6560,-0.085714,0.001247,0,111.52,NaN
20.6640,-0.085226,0.000788,0,111.52,NaN
20.6720,-0.084737,-0.000529,0,111.52,NaN
20.6800,-0.085714,-0.002738,0,111.52,NaN
20.6880,-0.090598,-0.005567,0,111.52,NaN
20.6960,-0.094017,-0.006324,0,111.52,NaN
20.7040,-0.099878,-0.010886,0,111.52,NaN
20.7120,-0.103785,-0.015055,0,111.52,NaN
20.7200,-0.108181,-0.018099,0,111.52,NaN
20.7280,-0.109158,-0.019477,0,111.52,NaN
20.7360,-0.108181,-0.019024,0,111.52,NaN
20.7440,-0.105739,-0.016996,0,111.52,NaN
20.7520,-0.102320,-0.013992,0,111.52,NaN
20.7600,-0.098413,-0.010819,0,111.52,NaN
20.7680,-0.093040,-0.008299,0,111.52,NaN
20.7760,-0.092552,-0.006945,0,111.52,NaN
20.7840,-0.094017,-0.006723,0,111.52,NaN
20.7920,-0.093529,-0.007150,0,111.52,NaN
20.8000,-0.094017,0.020340,0,111.52,NaN
20.8080,-0.093040,0.022748,0,111.52,NaN
20.8160,-0.090110,0.026063,0,111.52,NaN
20.8240,-0.085714,0.029675,0,111.52,NaN
20.8320,-0.082784,0.032571,0,111.52,NaN
20.8400,-0.082295,0.033756,0,111.52,NaN
20.8480,-0.083272,0.032638,0,111.52,NaN
20.8560,-0.088156,0.029280,0,111.52,NaN
20.8640,-0.095971,0.024449,0,111.52,NaN
20.8720,-0.101343,0.019375,0,111.52,NaN
20.8800,-0.109646,0.015298,0,111.52,NaN
20.8880,-0.113553,0.012901,0,111.52,NaN
20.8960,-0.110623,0.011815,0,111.52,NaN
20.9040,-0.101832,-0.003798,0,111.52,NaN
20.9120,-0.094505,0.001999,0,111.52,NaN
20.9200,-0.089621,0.007129,0,111.52,NaN
20.9280,-0.087179,0.010263,0,111.52,NaN
20.9360,-0.086203,0.010859,0,111.52,NaN
20.9440,-0.090110,0.009178,0,111.52,NaN
20.9520,-0.093529,0.006159,0,111.52,NaN
20.9600,-0.101343,0.003092,0,111.52,NaN
20.9680,-0.102320,0.001068,0,111.52,NaN
20.9760,-0.101343,0.000509,0,111.52,NaN
20.9840,-0.100855,0.001154,0,111.52,NaN
20.9920,-0.097924,0.002447,0,111.52,NaN
21.0000,-0.098901,0.003944,0,111.52,NaN
21.0080,-0.101832,-0.034929,0,111.52,NaN
21.0160,-0.107204,-0.040615,0,111.52,NaN
21.0240,-0.114530,-0.046024,0,111.52,NaN
21.0320,-0.116972,-0.049239,0,111.52,NaN
21.0400,-0.115507,-0.048684,0,111.52,NaN
21.0480,-0.108669,-0.043722,0,111.52,NaN
21.0560,-0.098901,-0.034953,0,111.52,NaN
21.0640,-0.083761,-0.024254,0,111.52,NaN
21.0720,-0.068620,-0.014444,0,111.52,NaN
21.0800,-0.057875,-0.008436,0,111.52,NaN
21.0880,-0.055433,-0.008079,0,111.52,NaN
21.0960,-0.061783,-0.013276,0,111.52,NaN
21.1040,-0.072527,-0.021898,0,111.52,NaN
21.1120,-0.085226,-0.001796,0,111.52,NaN
21.1200,-0.094994,-0.012960,0,111.52,NaN
21.1280,-0.104274,-0.022119,0,111.52,NaN
21.1360,-0.110623,-0.027989,0,111.52,NaN
21.1440,-0.112088,-0.030149,0,111.52,NaN
21.1520,-0.108181,-0.029095,0,111.52,NaN
21.1600,-0.102808,-0.025988,0,111.52,NaN
21.1680,-0.098901,-0.022116,0,111.52,NaN
21.1760,-0.094994,-0.018451,0,111.52,NaN
21.1840,-0.090110,-0.015506,0,111.52,NaN
21.1920,-0.088156,-0.013370,0,111.52,NaN
21.2000,-0.086691,-0.011813,0,111.52,NaN
21.2080,-0.083272,-0.010507,0,111.52,NaN
21.2160,-0.082295,0.020233,0,111.52,NaN
21.2240,-0.078877,0.023244,0,111.52,NaN
21.2320,-0.075458,0.025764,0,111.52,NaN
21.2400,-0.073504,0.027076,0,111.52,NaN
21.2480,-0.074969,0.026642,0,111.52,NaN
21.2560,-0.077900,0.024404,0,111.52,NaN
21.2640,-0.083272,0.020837,0,111.52,NaN
21.2720,-0.087179,0.016781,0,111.52,NaN
21.2800,-0.093040,0.013197,0,111.52,NaN
21.2880,-0.096459,0.010876,0,111.52,NaN
21.2960,-0.095482,0.010155,0,111.52,NaN
21.3040,-0.095971,0.010831,0,111.52,NaN
21.3120,-0.094017,0.012305,0,111.52,NaN
21.3200,-0.093040,-0.046067,0,111.52,NaN
21.3280,-0.089133,-0.046880,0,111.52,NaN
21.3360,-0.089133,-0.047646,0,111.52,NaN
21.3440,-0.089133,-0.047847,0,111.52,NaN
21.3520,-0.086203,-0.046777,0,111.52,NaN
21.3600,-0.080830,-0.044034,0,111.52,NaN
21.3680,-0.073504,-0.039817,0,111.52,NaN
21.3760,-0.064713,-0.034851,0,111.52,NaN
21.3840,-0.058852,-0.030038,0,111.52,NaN
21.3920,-0.054457,-0.026106,0,111.52,NaN
21.4000,-0.048107,-0.023473,0,111.52,NaN
21.4080,-0.045177,-0.022177,0,111.52,NaN
21.4160,-0.044200,-0.021766,0,111.52,NaN
21.4240,-0.045665,-0.059081,0,111.52,NaN
21.4320,-0.049084,-0.063889,0,111.52,NaN
21.4400,-0.048596,-0.066814,0,111.52,NaN
21.4480,-0.042247,-0.066181,0,111.52,NaN
21.4560,-0.035897,-0.061016,0,111.52,NaN
21.4640,-0.020757,-0.051427,0,111.52,NaN
21.4720,-0.001709,-0.038908,0,111.52,NaN
21.4800,0.021245,-0.026176,0,111.52,NaN
21.4880,0.036874,-0.016340,0,111.52,NaN
21.4960,0.046642,-0.011790,0,111.52,NaN
21.5040,0.049573,-0.013415,0,111.52,NaN
21.5120,0.045177,-0.020397,0,111.52,NaN
21.5200,0.038339,-0.030485,0,111.52,NaN
21.5280,0.027595,0.113304,0,111.52,NaN
21.5360,0.016361,0.106411,0,111.52,NaN
21.5440,0.008547,0.102081,0,111.52,NaN
21.5520,0.007570,0.101389,0,111.52,NaN
21.5600,0.009035,0.104001,0,111.52,NaN
21.5680,0.013431,0.108327,0,111.52,NaN
21.5760,0.016850,0.112004,0,111.52,NaN
21.5840,0.018803,0.112565,0,111.52,NaN
21.5920,0.012454,0.108199,0,111.52,NaN
21.6000,-0.000244,0.098343,0,111.52,NaN
21.6080,-0.020757,0.083765,0,111.52,NaN
21.6160,-0.039805,0.066037,0,111.52,NaN
21.6240,-0.059341,0.046853,0,111.52,NaN
21.6320,-0.079365,-0.015060,0,111.52,NaN
21.6400,-0.093040,-0.029203,0,111.52,NaN
21.6480,-0.101343,-0.038970,0,111.52,NaN
21.6560,-0.108181,-0.044284,0,111.52,NaN
21.6640,-0.106716,-0.045735,0,111.52,NaN
21.6720,-0.105739,-0.044315,0,111.52,NaN
21.6800,-0.102320,-0.041054,0,111.52,NaN
21.6880,-0.101343,-0.036772,0,111.52,NaN
21.6960,-0.095971,-0.032116,0,111.52,NaN
21.7040,-0.092063,-0.027720,0,111.52,NaN
21.7120,-0.087179,-0.024165,0,111.52,NaN
21.7200,-0.086203,-0.021692,0,111.52,NaN
21.7280,-0.087179,-0.019966,0,111.52,NaN
21.7360,-0.089133,-0.036333,0,111.52,NaN
21.7440,-0.093529,-0.039779,0,111.52,NaN
21.7520,-0.097924,-0.043651,0,111.52,NaN
21.7600,-0.101343,-0.047056,0,111.52,NaN
21.7680,-0.105739,-0.049180,0,111.52,NaN
21.7760,-0.106227,-0.049476,0,111.52,NaN
21.7840,-0.105739,-0.047796,0,111.52,NaN
21.7920,-0.104274,-0.044388,0,111.52,NaN
21.8000,-0.101832,-0.039770,0,111.52,NaN
21.8080,-0.099389,-0.034626,0,111.52,NaN
21.8160,-0.094017,-0.029674,0,111.52,NaN
21.8240,-0.092552,-0.025388,0,111.52,NaN
21.8320,-0.093529,-0.021687,0,111.52,NaN
21.8400,-0.095482,0.022197,0,111.52,NaN
21.8480,-0.098901,0.024779,0,111.52,NaN
21.8560,-0.098413,0.027103,0,111.52,NaN
21.8640,-0.098413,0.028629,0,111.52,NaN
21.8720,-0.101343,0.028311,0,111.52,NaN
21.8800,-0.105739,0.025164,0,111.52,NaN
21.8880,-0.116972,0.018918,0,111.52,NaN
21.8960,-0.129182,0.010492,0,111.52,NaN
21.9040,-0.145788,0.002064,0,111.52,NaN
21.9120,-0.160440,-0.003463,0,111.52,NaN
21.9200,-0.166300,-0.003654,0,111.52,NaN
21.9280,-0.163858,0.002085,0,111.52,NaN
21.9360,-0.148230,0.011764,0,111.52,NaN
21.9440,-0.106716,-0.947007,0,111.52,NaN
21.9520,-0.046642,-0.927646,0,111.52,NaN
21.9600,0.036874,-0.883249,0,111.52,NaN
21.9680,0.141392,-0.811978,0,111.52,NaN
21.9760,0.279121,-0.715010,0,111.52,NaN
21.9840,0.437363,-0.598769,0,111.52,NaN
21.9920,0.608303,-0.476561,0,111.52,NaN
22.0000,0.796337,-0.368218,0,111.52,NaN
22.0080,0.992674,-0.294978,1,111.52,NaN
22.0160,1.000000,-0.269322,1,111.52,NaN
22.0240,1.000000,-0.288467,0,111.52,NaN
22.0320,1.000000,-0.338783,0,111.52,NaN
22.0400,1.000000,-0.404407,0,111.52,NaN
22.0480,0.847619,0.844875,0,111.52,NaN
22.0560,0.621978,0.708673,0,111.52,NaN
22.0640,0.414408,0.551648,0,111.52,NaN
22.0720,0.216117,0.393317,0,111.52,NaN
22.0800,0.031502,0.250717,0,111.52,NaN
22.0880,-0.126252,0.137043,0,111.52,NaN
22.0960,-0.235653,0.061080,0,111.52,NaN
22.1040,-0.291819,0.026244,0,111.52,NaN
22.1120,-0.296215,0.030058,0,111.52,NaN
22.1200,-0.258120,0.065004,0,111.52,NaN
22.1280,-0.198535,0.120928,0,111.52,NaN
22.1360,-0.133089,0.188232,0,111.52,NaN
22.1440,-0.081807,0.260193,0,111.52,NaN
22.1520,-0.046642,0.030297,0,111.52,NaN
22.1600,-0.033455,0.052475,0,111.52,NaN
22.1680,-0.037851,0.058523,0,111.52,NaN
22.1760,-0.052991,0.052757,0,111.52,NaN
22.1840,-0.070085,0.040524,0,111.52,NaN
22.1920,-0.090598,0.026682,0,111.52,NaN
22.2000,-0.104762,0.014766,0,111.52,NaN
22.2080,-0.115995,0.006725,0,111.52,NaN
22.2160,-0.121368,0.003079,0,111.52,NaN
22.2240,-0.121856,0.003330,0,111.52,NaN
22.2320,-0.121368,0.006477,0,111.52,NaN
22.2400,-0.119414,0.011459,0,111.52,NaN
22.2480,-0.117460,0.017356,0,111.52,NaN
22.2560,-0.116484,-0.174846,0,111.52,NaN
22.2640,-0.116972,-0.177122,0,111.52,NaN
22.2720,-0.116484,-0.178281,0,111.52,NaN
22.2800,-0.116484,-0.177861,0,111.52,NaN
22.2880,-0.116484,-0.175541,0,111.52,NaN
22.2960,-0.116972,-0.171169,0,111.52,NaN
22.3040,-0.121368,-0.164697,0,111.52,NaN
22.3120,-0.125275,-0.156133,0,111.52,NaN
22.3200,-0.128205,-0.145514,0,111.52,NaN
22.3280,-0.132601,-0.132885,0,111.52,NaN
22.3360,-0.132112,-0.118403,0,111.52,NaN
22.3440,-0.127228,-0.102516,0,111.52,NaN
22.3520,-0.123810,-0.085920,0,111.52,NaN
22.3600,-0.120391,-0.031475,0,111.52,NaN
22.3680,-0.119414,-0.022456,0,111.52,NaN
22.3760,-0.122344,-0.018513,0,111.52,NaN
22.3840,-0.125275,-0.018869,0,111.52,NaN
22.3920,-0.131136,-0.021858,0,111.52,NaN
22.4000,-0.132601,-0.025491,0,111.52,NaN
22.4080,-0.129670,-0.028137,0,111.52,NaN
22.4160,-0.122344,-0.028928,0,111.52,NaN
22.4240,-0.116972,-0.027663,0,111.52,NaN
22.4320,-0.110134,-0.024507,0,111.52,NaN
22.4400,-0.101832,-0.019816,0,111.52,NaN
22.4480,-0.095971,-0.014063,0,111.52,NaN
22.4560,-0.088645,-0.007789,0,111.52,NaN
22.4640,-0.086203,0.008462,0,111.52,NaN
22.4720,-0.088156,0.009197,0,111.52,NaN
22.4800,-0.092063,0.008229,0,111.52,NaN
22.4880,-0.093529,0.006515,0,111.52,NaN
22.4960,-0.095482,0.004953,0,111.52,NaN
22.5040,-0.095971,0.004110,0,111.52,NaN
22.5120,-0.094017,0.004134,0,111.52,NaN
22.5200,-0.092063,0.004810,0,111.52,NaN
22.5280,-0.090598,0.005737,0,111.52,NaN
22.5360,-0.088645,0.006472,0,111.52,NaN
22.5440,-0.086203,0.006625,0,111.52,NaN
22.5520,-0.085714,0.006011,0,111.52,NaN
22.5600,-0.087668,0.004832,0,111.52,NaN
22.5680,-0.092063,-0.002342,0,111.52,NaN
22.5760,-0.095971,-0.006993,0,111.52,NaN
22.5840,-0.101343,-0.011000,0,111.52,NaN
22.5920,-0.101343,-0.013371,0,111.52,NaN
22.6000,-0.101832,-0.013561,0,111.52,NaN
22.6080,-0.097924,-0.011662,0,111.52,NaN
22.6160,-0.091575,-0.008422,0,111.52,NaN
22.6240,-0.084737,-0.005027,0,111.52,NaN
22.6320,-0.079365,-0.002597,0,111.52,NaN
22.6400,-0.078877,-0.001666,0,111.52,NaN
22.6480,-0.080342,-0.002040,0,111.52,NaN
22.6560,-0.078877,-0.003166,0,111.52,NaN
22.6640,-0.077900,-0.004576,0,111.52,NaN
22.6720,-0.073504,0.007895,0,111.52,NaN
22.6800,-0.071551,0.007563,0,111.52,NaN
22.6880,-0.070085,0.005977,0,111.52,NaN
22.6960,-0.074481,0.003175,0,111.52,NaN
22.7040,-0.079365,-0.000142,0,111.52,NaN
22.7120,-0.079365,-0.003073,0,111.52,NaN
22.7200,-0.078877,-0.005023,0,111.52,NaN
22.7280,-0.078388,-0.005789,0,111.52,NaN
22.7360,-0.076923,-0.005374,0,111.52,NaN
22.7440,-0.074969,-0.003894,0,111.52,NaN
22.7520,-0.070574,-0.001591,0,111.52,NaN
22.7600,-0.066667,0.001199,0,111.52,NaN
22.7680,-0.063736,0.004180,0,111.52,NaN
22.7760,-0.062759,0.033110,0,111.52,NaN
22.7840,-0.065201,0.032145,0,111.52,NaN
22.7920,-0.068620,0.029398,0,111.52,NaN
22.8000,-0.072527,0.025420,0,111.52,NaN
22.8080,-0.078388,0.021004,0,111.52,NaN
22.8160,-0.083272,0.017056,0,111.52,NaN
22.8240,-0.088156,0.014358,0,111.52,NaN
22.8320,-0.088645,0.013253,0,111.52,NaN
22.8400,-0.087668,0.013464,0,111.52,NaN
22.8480,-0.085714,0.014245,0,111.52,NaN
22.8560,-0.085714,0.014803,0,111.52,NaN
22.8640,-0.086203,0.014713,0,111.52,NaN
22.8720,-0.089133,0.014100,0,111.52,NaN
22.8800,-0.091575,0.002760,0,111.52,NaN
22.8880,-0.094017,0.001077,0,111.52,NaN
22.8960,-0.095482,0.000123,0,111.52,NaN
22.9040,-0.094017,0.000104,0,111.52,NaN
22.9120,-0.092552,0.000854,0,111.52,NaN
22.9200,-0.092063,0.001984,0,111.52,NaN
22.9280,-0.090110,0.003075,0,111.52,NaN
22.9360,-0.090110,0.003790,0,111.52,NaN
22.9440,-0.091087,0.003956,0,111.52,NaN
22.9520,-0.091575,0.003545,0,111.52,NaN
22.9600,-0.092552,0.002598,0,111.52,NaN
22.9680,-0.094505,0.001214,0,111.52,NaN
22.9760,-0.096947,-0.000419,0,111.52,NaN
22.9840,-0.097924,-0.013423,0,111.52,NaN
22.9920,-0.094505,-0.011459,0,111.52,NaN
23.0000,-0.090598,-0.008135,0,111.52,NaN
23.0080,-0.085226,-0.004162,0,111.52,NaN
23.0160,-0.082295,-0.000441,0,111.52,NaN
23.0240,-0.077411,0.002171,0,111.52,NaN
23.0320,-0.075458,0.003076,0,111.52,NaN
23.0400,-0.077411,0.002216,0,111.52,NaN
23.0480,-0.080830,0.000199,0,111.52,NaN
23.0560,-0.085714,-0.001974,0,111.52,NaN
23.0640,-0.086203,-0.003450,0,111.52,NaN
23.0720,-0.085714,-0.003957,0,111.52,NaN
23.0800,-0.085226,-0.003823,0,111.52,NaN
23.0880,-0.083761,0.001605,0,111.52,NaN
23.0960,-0.083761,0.002936,0,111.52,NaN
23.1040,-0.083272,0.004400,0,111.52,NaN
23.1120,-0.080342,0.005840,0,111.52,NaN
23.1200,-0.079365,0.007084,0,111.52,NaN
23.1280,-0.078388,0.008023,0,111.52,NaN
23.1360,-0.078388,0.008679,0,111.52,NaN
23.1440,-0.078388,0.009112,0,111.52,NaN
23.1520,-0.077900,0.009259,0,111.52,NaN
23.1600,-0.076923,0.008853,0,111.52,NaN
23.1680,-0.076923,0.007544,0,111.52,NaN
23.1760,-0.079365,0.005205,0,111.52,NaN
23.1840,-0.083761,0.002165,0,111.52,NaN
23.1920,-0.086203,0.010974,0,111.52,NaN
23.2000,-0.094505,0.004530,0,111.52,NaN
23.2080,-0.101832,-0.002771,0,111.52,NaN
23.2160,-0.111600,-0.009880,0,111.52,NaN
23.2240,-0.117949,-0.015621,0,111.52,NaN
23.2320,-0.121856,-0.019087,0,111.52,NaN
23.2400,-0.124298,-0.019931,0,111.52,NaN
23.2480,-0.118926,-0.018474,0,111.52,NaN
23.2560,-0.116972,-0.015494,0,111.52,NaN
23.2640,-0.114530,-0.011817,0,111.52,NaN
23.2720,-0.109646,-0.008070,0,111.52,NaN
23.2800,-0.106227,-0.004604,0,111.52,NaN
23.2880,-0.104762,-0.001421,0,111.52,NaN
23.2960,-0.103785,-0.022665,0,111.52,NaN
23.3040,-0.104762,-0.022573,0,111.52,NaN
23.3120,-0.102320,-0.022575,0,111.52,NaN
23.3200,-0.101832,-0.022374,0,111.52,NaN
23.3280,-0.101343,-0.021723,0,111.52,NaN
23.3360,-0.100855,-0.020419,0,111.52,NaN
23.3440,-0.096947,-0.018438,0,111.52,NaN
23.3520,-0.094017,-0.016008,0,111.52,NaN
23.3600,-0.092063,-0.013546,0,111.52,NaN
23.3680,-0.086203,-0.011548,0,111.52,NaN
23.3760,-0.085714,-0.010424,0,111.52,NaN
23.3840,-0.084737,-0.010256,0,111.52,NaN
23.3920,-0.085714,-0.010712,0,111.52,NaN
23.4000,-0.088156,-0.005016,0,111.52,NaN
23.4080,-0.090110,-0.005409,0,111.52,NaN
23.4160,-0.088156,-0.004650,0,111.52,NaN
23.4240,-0.084737,-0.002866,0,111.52,NaN
23.4320,-0.080342,-0.000743,0,111.52,NaN
23.4400,-0.078388,0.000898,0,111.52,NaN
23.4480,-0.077411,0.001552,0,111.52,NaN
23.4560,-0.079365,0.001235,0,111.52,NaN
23.4640,-0.080830,0.000373,0,111.52,NaN
23.4720,-0.082295,-0.000537,0,111.52,NaN
23.4800,-0.080830,-0.001231,0,111.52,NaN
23.4880,-0.080830,-0.001725,0,111.52,NaN
23.4960,-0.081319,-0.002137,0,111.52,NaN
23.5040,-0.083272,0.001445,0,111.52,NaN
23.5120,-0.083272,-0.000798,0,111.52,NaN
23.5200,-0.086691,-0.003336,0,111.52,NaN
23.5280,-0.090110,-0.005582,0,111.52,NaN
23.5360,-0.090598,-0.006957,0,111.52,NaN
23.5440,-0.088156,-0.007257,0,111.52,NaN
23.5520,-0.085714,-0.006729,0,111.52,NaN
23.5600,-0.084249,-0.005833,0,111.52,NaN
23.5680,-0.080342,-0.004955,0,111.52,NaN
23.5760,-0.081319,-0.004216,0,111.52,NaN
23.5840,-0.080342,-0.003460,0,111.52,NaN
23.5920,-0.078388,-0.002490,0,111.52,NaN
23.6000,-0.075458,-0.001311,0,111.52,NaN
23.6080,-0.076923,0.012147,0,111.52,NaN
23.6160,-0.076923,0.011210,0,111.52,NaN
23.6240,-0.078388,0.009555,0,111.52,NaN
23.6320,-0.082295,0.007543,0,111.52,NaN
23.6400,-0.083272,0.005634,0,111.52,NaN
23.6480,-0.085226,0.004187,0,111.52,NaN
23.6560,-0.085226,0.003355,0,111.52,NaN
23.6640,-0.085714,0.003099,0,111.52,NaN
23.6720,-0.085714,0.003269,0,111.52,NaN
23.6800,-0.085226,0.003657,0,111.52,NaN
23.6880,-0.084737,0.004054,0,111.52,NaN
23.6960,-0.084737,0.004331,0,111.52,NaN
23.7040,-0.085226,0.004495,0,111.52,NaN
23.7120,-0.085226,0.000297,0,111.52,NaN
23.7200,-0.084737,0.001569,0,111.52,NaN
23.7280,-0.082784,0.003427,0,111.52,NaN
23.7360,-0.080342,0.005388,0,111.52,NaN
23.7440,-0.076435,0.006612,0,111.52,NaN
23.7520,-0.076435,0.006286,0,111.52,NaN
23.7600,-0.078877,0.004151,0,111.52,NaN
23.7680,-0.084737,0.000786,0,111.52,NaN
23.7760,-0.090598,-0.002573,0,111.52,NaN
23.7840,-0.093040,-0.004601,0,111.52,NaN
23.7920,-0.093040,-0.004478,0,111.52,NaN
23.8000,-0.090598,-0.002206,0,111.52,NaN
23.8080,-0.085226,0.001400,0,111.52,NaN
23.8160,-0.082295,0.000670,0,111.52,NaN
23.8240,-0.079365,0.003179,0,111.52,NaN
23.8320,-0.078388,0.004560,0,111.52,NaN
23.8400,-0.078877,0.004819,0,111.52,NaN
23.8480,-0.079365,0.004325,0,111.52,NaN
23.8560,-0.080830,0.003621,0,111.52,NaN
23.8640,-0.082295,0.003218,0,111.52,NaN
23.8720,-0.082295,0.003360,0,111.52,NaN
23.8800,-0.079853,0.003857,0,111.52,NaN
23.8880,-0.077900,0.004209,0,111.52,NaN
23.8960,-0.078877,0.004010,0,111.52,NaN
23.9040,-0.083272,0.003259,0,111.52,NaN
23.9120,-0.082784,0.002224,0,111.52,NaN
23.9200,-0.085714,0.000897,0,111.52,NaN
23.9280,-0.086203,0.000436,0,111.52,NaN
23.9360,-0.085714,0.000980,0,111.52,NaN
23.9440,-0.085226,0.002619,0,111.52,NaN
23.9520,-0.083272,0.005104,0,111.52,NaN
23.9600,-0.077900,0.007752,0,111.52,NaN
23.9680,-0.074969,0.009613,0,111.52,NaN
23.9760,-0.073993,0.009933,0,111.52,NaN
23.9840,-0.076923,0.008599,0,111.52,NaN
23.9920,-0.082295,0.006212,0,111.52,NaN
24.0000,-0.085714,0.003682,0,111.52,NaN
24.0080,-0.087668,0.001642,0,111.52,NaN
24.0160,-0.087179,0.000097,0,111.52,NaN
24.0240,-0.086203,-0.015092,0,111.52,NaN
24.0320,-0.085714,-0.015130,0,111.52,NaN
24.0400,-0.084249,-0.015439,0,111.52,NaN
24.0480,-0.084737,-0.016418,0,111.52,NaN
24.0560,-0.086203,-0.018037,0,111.52,NaN
24.0640,-0.090110,-0.019790,0,111.52,NaN
24.0720,-0.092063,-0.020957,0,111.52,NaN
24.0800,-0.088645,-0.021063,0,111.52,NaN
24.0880,-0.085714,-0.020041,0,111.52,NaN
24.0960,-0.084249,-0.017995,0,111.52,NaN
24.1040,-0.080830,-0.014992,0,111.52,NaN
24.1120,-0.076923,-0.011134,0,111.52,NaN
24.1200,-0.070574,-0.006743,0,111.52,NaN
24.1280,-0.068132,0.012024,0,111.52,NaN
24.1360,-0.066667,0.013918,0,111.52,NaN
24.1440,-0.065201,0.014297,0,111.52,NaN
24.1520,-0.068620,0.013287,0,111.52,NaN
24.1600,-0.070085,0.011283,0,111.52,NaN
24.1680,-0.073504,0.008781,0,111.52,NaN
24.1760,-0.074969,0.006229,0,111.52,NaN
24.1840,-0.077411,0.004011,0,111.52,NaN
24.1920,-0.080342,0.002498,0,111.52,NaN
24.2000,-0.080342,0.002022,0,111.52,NaN
24.2080,-0.081319,0.002747,0,111.52,NaN
24.2160,-0.077900,0.004545,0,111.52,NaN
24.2240,-0.075458,0.006973,0,111.52,NaN
24.2320,-0.073993,-0.049033,0,111.52,NaN
24.2400,-0.073504,-0.048149,0,111.52,NaN
24.2480,-0.070085,-0.045730,0,111.52,NaN
24.2560,-0.061783,-0.041635,0,111.52,NaN
24.2640,-0.052015,-0.036396,0,111.52,NaN
24.2720,-0.043712,-0.030970,0,111.52,NaN
24.2800,-0.037851,-0.026296,0,111.52,NaN
24.2880,-0.029548,-0.023025,0,111.52,NaN
24.2960,-0.025641,-0.021367,0,111.52,NaN
24.3040,-0.025641,-0.020973,0,111.52,NaN
24.3120,-0.023199,-0.021132,0,111.52,NaN
24.3200,-0.020269,-0.021246,0,111.52,NaN
24.3280,-0.015385,-0.021172,0,111.52,NaN
24.3360,-0.010989,-0.016769,0,111.52,NaN
24.3440,-0.010012,-0.017046,0,111.52,NaN
24.3520,-0.009035,-0.016467,0,111.52,NaN
24.3600,-0.005128,-0.013995,0,111.52,NaN
24.3680,0.003175,-0.008942,0,111.52,NaN
24.3760,0.013431,-0.001492,0,111.52,NaN
24.3840,0.028571,0.007136,0,111.52,NaN
24.3920,0.040781,0.014937,0,111.52,NaN
24.4000,0.051526,0.019727,0,111.52,NaN
24.4080,0.054945,0.019866,0,111.52,NaN
24.4160,0.052503,0.014810,0,111.52,NaN
24.4240,0.046154,0.005295,0,111.52,NaN
24.4320,0.034921,-0.006810,0,111.52,NaN
24.4400,0.023687,0.104590,0,111.52,NaN
24.4480,0.015873,0.099140,0,111.52,NaN
24.4560,0.010989,0.096543,0,111.52,NaN
24.4640,0.009524,0.096879,0,111.52,NaN
24.4720,0.013919,0.099110,0,111.52,NaN
24.4800,0.015385,0.101539,0,111.52,NaN
24.4880,0.011477,0.102498,0,111.52,NaN
24.4960,0.009524,0.100739,0,111.52,NaN
24.5040,0.003175,0.095496,0,111.52,NaN
24.5120,-0.009524,0.086566,0,111.52,NaN
24.5200,-0.023687,0.074378,0,111.52,NaN
24.5280,-0.041270,0.059848,0,111.52,NaN
24.5360,-0.058852,0.044143,0,111.52,NaN
24.5440,-0.072039,-0.002236,0,111.52,NaN
24.5520,-0.083272,-0.010893,0,111.52,NaN
24.5600,-0.087179,-0.015752,0,111.52,NaN
24.5680,-0.086691,-0.017471,0,111.52,NaN
24.5760,-0.088156,-0.017144,0,111.52,NaN
24.5840,-0.090110,-0.015664,0,111.52,NaN
24.5920,-0.091087,-0.013516,0,111.52,NaN
24.6000,-0.091087,-0.011021,0,111.52,NaN
24.6080,-0.090110,-0.008650,0,111.52,NaN
24.6160,-0.087179,-0.007060,0,111.52,NaN
24.6240,-0.090110,-0.006768,0,111.52,NaN
24.6320,-0.095971,-0.007751,0,111.52,NaN
24.6400,-0.099878,-0.009459,0,111.52,NaN
24.6480,-0.106716,-0.052152,0,111.52,NaN
24.6560,-0.113553,-0.056155,0,111.52,NaN
24.6640,-0.116484,-0.058614,0,111.52,NaN
24.6720,-0.116972,-0.059190,0,111.52,NaN
24.6800,-0.116972,-0.058097,0,111.52,NaN
24.6880,-0.115507,-0.055889,0,111.52,NaN
24.6960,-0.114530,-0.053189,0,111.52,NaN
24.7040,-0.113065,-0.050416,0,111.52,NaN
24.7120,-0.115507,-0.047585,0,111.52,NaN
24.7200,-0.114530,-0.044336,0,111.52,NaN
24.7280,-0.115507,-0.040218,0,111.52,NaN
24.7360,-0.111600,-0.035056,0,111.52,NaN
24.7440,-0.106716,-0.029173,0,111.52,NaN
24.7520,-0.102808,0.022494,0,111.52,NaN
24.7600,-0.104274,0.027203,0,111.52,NaN
24.7680,-0.105739,0.029745,0,111.52,NaN
24.7760,-0.108181,0.029506,0,111.52,NaN
24.7840,-0.115507,0.025962,0,111.52,NaN
24.7920,-0.124786,0.018948,0,111.52,NaN
24.8000,-0.138950,0.009063,0,111.52,NaN
24.8080,-0.155067,-0.002033,0,111.52,NaN
24.8160,-0.170696,-0.011607,0,111.52,NaN
24.8240,-0.186325,-0.016346,0,111.52,NaN
24.8320,-0.192186,-0.013537,0,111.52,NaN
24.8400,-0.183883,-0.002701,0,111.52,NaN
24.8480,-0.160440,0.013395,0,111.52,NaN
24.8560,-0.116484,-0.966983,0,111.52,NaN
24.8640,-0.057875,-0.954138,0,111.52,NaN
24.8720,0.010989,-0.924090,0,111.52,NaN
24.8800,0.094505,-0.874303,0,111.52,NaN
24.8880,0.204396,-0.802725,0,111.52,NaN
24.8960,0.342613,-0.710272,0,111.52,NaN
24.9040,0.489133,-0.603052,0,111.52,NaN
24.9120,0.648840,-0.493740,0,111.52,NaN
24.9200,0.831990,-0.401173,0,111.52,NaN
24.9280,1.000000,-0.344989,1,111.52,NaN
24.9360,1.000000,-0.335357,1,111.52,NaN
24.9440,1.000000,-0.366639,0,111.52,NaN
24.9520,1.000000,-0.421110,0,111.52,NaN
24.9600,0.862271,0.872685,0,111.52,NaN
24.9680,0.637607,0.743775,0,111.52,NaN
24.9760,0.430525,0.593560,0,111.52,NaN
24.9840,0.235653,0.441760,0,111.52,NaN
24.9920,0.054945,0.304621,0,111.52,NaN
25.0000,-0.101343,0.193994,0,111.52,NaN
25.0080,-0.215629,0.117545,0,111.52,NaN
25.0160,-0.280586,0.078464,0,111.52,NaN
25.0240,-0.296215,0.075158,0,111.52,NaN
25.0320,-0.273748,0.101830,0,111.52,NaN
25.0400,-0.224908,0.150174,0,111.52,NaN
25.0480,-0.166300,0.211638,0,111.52,NaN
25.0560,-0.114530,0.279169,0,111.52,NaN
25.0640,-0.070574,0.028621,0,111.52,NaN
25.0720,-0.048107,0.058979,0,111.52,NaN
25.0800,-0.040781,0.073889,0,111.52,NaN
25.0880,-0.048107,0.075646,0,111.52,NaN
25.0960,-0.062759,0.068384,0,111.52,NaN
25.1040,-0.081807,0.056653,0,111.52,NaN
25.1120,-0.097924,0.044244,0,111.52,NaN
25.1200,-0.109158,0.033542,0,111.52,NaN
25.1280,-0.116972,0.025631,0,111.52,NaN
25.1360,-0.127717,0.020937,0,111.52,NaN
25.1440,-0.135043,0.019658,0,111.52,NaN
25.1520,-0.135531,0.021518,0,111.52,NaN
25.1600,-0.132601,0.025364,0,111.52,NaN
25.1680,-0.131136,-0.262096,0,111.52,NaN
25.1760,-0.127717,-0.264362,0,111.52,NaN
25.1840,-0.125275,-0.265146,0,111.52,NaN
25.1920,-0.123810,-0.264283,0,111.52,NaN
25.2000,-0.123321,-0.261213,0,111.52,NaN
25.2080,-0.123321,-0.255156,0,111.52,NaN
25.2160,-0.123810,-0.245402,0,111.52,NaN
25.2240,-0.123810,-0.231632,0,111.52,NaN
25.2320,-0.123810,-0.214146,0,111.52,NaN
25.2400,-0.121856,-0.193843,0,111.52,NaN
25.2480,-0.119414,-0.171935,0,111.52,NaN
25.2560,-0.116972,-0.149510,0,111.52,NaN
25.2640,-0.117460,-0.127135,0,111.52,NaN
25.2720,-0.119902,-0.014013,0,111.52,NaN
25.2800,-0.121368,-0.003231,0,111.52,NaN
25.2880,-0.117949,0.005550,0,111.52,NaN
25.2960,-0.115507,0.012632,0,111.52,NaN
25.3040,-0.106716,0.017862,0,111.52,NaN
25.3120,-0.099878,0.020733,0,111.52,NaN
25.3200,-0.093529,0.020845,0,111.52,NaN
25.3280,-0.094994,0.018436,0,111.52,NaN
25.3360,-0.097924,0.014500,0,111.52,NaN
25.3440,-0.099389,0.010323,0,111.52,NaN
25.3520,-0.101343,0.006842,0,111.52,NaN
25.3600,-0.101832,0.004326,0,111.52,NaN
25.3680,-0.103785,0.002434,0,111.52,NaN
25.3760,-0.106716,-0.011559,0,111.52,NaN
25.3840,-0.107692,-0.011282,0,111.52,NaN
25.3920,-0.105739,-0.009910,0,111.52,NaN
25.4000,-0.101343,-0.007763,0,111.52,NaN
25.4080,-0.100855,-0.005260,0,111.52,NaN
25.4160,-0.096459,-0.002758,0,111.52,NaN
25.4240,-0.093529,-0.000577,0,111.52,NaN
25.4320,-0.090110,0.000975,0,111.52,NaN
25.4400,-0.088156,0.001646,0,111.52,NaN
25.4480,-0.086203,0.001329,0,111.52,NaN
25.4560,-0.087179,0.000120,0,111.52,NaN
25.4640,-0.088156,-0.001706,0,111.52,NaN
25.4720,-0.088156,-0.003827,0,111.52,NaN
25.4800,-0.090598,-0.004230,0,111.52,NaN
25.4880,-0.092063,-0.005544,0,111.52,NaN
25.4960,-0.089133,-0.005861,0,111.52,NaN
25.5040,-0.086691,-0.005365,0,111.52,NaN
25.5120,-0.084737,-0.004512,0,111.52,NaN
25.5200,-0.080830,-0.003780,0,111.52,NaN
25.5280,-0.081319,-0.003487,0,111.52,NaN
25.5360,-0.077411,-0.003700,0,111.52,NaN
25.5440,-0.077900,-0.004201,0,111.52,NaN
25.5520,-0.079365,-0.004518,0,111.52,NaN
25.5600,-0.077411,-0.004210,0,111.52,NaN
25.5680,-0.071062,-0.003224,0,111.52,NaN
25.5760,-0.069597,-0.001866,0,111.52,NaN
25.5840,-0.068620,0.032229,0,111.52,NaN
25.5920,-0.069597,0.031804,0,111.52,NaN
25.6000,-0.071062,0.030325,0,111.52,NaN
25.6080,-0.074969,0.028240,0,111.52,NaN
25.6160,-0.077900,0.026045,0,111.52,NaN
25.6240,-0.079365,0.024014,0,111.52,NaN
25.6320,-0.080342,0.022100,0,111.52,NaN
25.6400,-0.082784,0.020118,0,111.52,NaN
25.6480,-0.084737,0.018002,0,111.52,NaN
25.6560,-0.087179,0.015979,0,111.52,NaN
25.6640,-0.092063,0.014549,0,111.52,NaN
25.6720,-0.094994,0.014152,0,111.52,NaN
25.6800,-0.090110,0.014622,0,111.52,NaN
25.6880,-0.085714,-0.004111,0,111.52,NaN
25.6960,-0.079365,-0.000677,0,111.52,NaN
25.7040,-0.073504,0.001858,0,111.52,NaN
25.7120,-0.073504,0.002726,0,111.52,NaN
25.7200,-0.076435,0.002096,0,111.52,NaN
25.7280,-0.079365,0.000849,0,111.52,NaN
25.7360,-0.079365,-0.000095,0,111.52,NaN
25.7440,-0.077411,-0.000322,0,111.52,NaN
25.7520,-0.075458,0.000037,0,111.52,NaN
25.7600,-0.074481,0.000623,0,111.52,NaN
25.7680,-0.074481,0.001160,0,111.52,NaN
25.7760,-0.072527,0.001535,0,111.52,NaN
25.7840,-0.072527,0.001777,0,111.52,NaN
25.7920,-0.073016,0.009185,0,111.52,NaN
25.8000,-0.074481,0.008471,0,111.52,NaN
25.8080,-0.074481,0.007524,0,111.52,NaN
25.8160,-0.075458,0.006406,0,111.52,NaN
25.8240,-0.076923,0.005121,0,111.52,NaN
25.8320,-0.078388,0.003672,0,111.52,NaN
25.8400,-0.078388,0.002092,0,111.52,NaN
25.8480,-0.080830,0.000554,0,111.52,NaN
25.8560,-0.084249,-0.000553,0,111.52,NaN
25.8640,-0.084249,-0.000796,0,111.52,NaN
25.8720,-0.082784,-0.000011,0,111.52,NaN
25.8800,-0.080830,0.001615,0,111.52,NaN
25.8880,-0.079365,0.003687,0,111.52,NaN
25.8960,-0.075458,-0.000634,0,111.52,NaN
25.9040,-0.070574,0.003044,0,111.52,NaN
25.9120,-0.067643,0.006089,0,111.52,NaN
25.9200,-0.062759,0.007720,0,111.52,NaN
25.9280,-0.062759,0.007526,0,111.52,NaN
25.9360,-0.067643,0.005796,0,111.52,NaN
25.9440,-0.070574,0.003425,0,111.52,NaN
25.9520,-0.073016,0.001379,0,111.52,NaN
25.9600,-0.071062,0.000216,0,111.52,NaN
25.9680,-0.070574,0.000021,0,111.52,NaN
25.9760,-0.070085,0.000642,0,111.52,NaN
25.9840,-0.067643,0.001852,0,111.52,NaN
25.9920,-0.065690,0.003373,0,111.52,NaN
26.0000,-0.063736,0.026331,0,111.52,NaN
26.0080,-0.066667,0.025872,0,111.52,NaN
26.0160,-0.070085,0.024148,0,111.52,NaN
26.0240,-0.072527,0.021529,0,111.52,NaN
26.0320,-0.077900,0.018516,0,111.52,NaN
26.0400,-0.080830,0.015606,0,111.52,NaN
26.0480,-0.084249,0.013173,0,111.52,NaN
26.0560,-0.086691,0.011419,0,111.52,NaN
26.0640,-0.088156,0.010397,0,111.52,NaN
26.0720,-0.090598,0.010051,0,111.52,NaN
26.0800,-0.090110,0.010217,0,111.52,NaN
26.0880,-0.090110,0.010662,0,111.52,NaN
26.0960,-0.091575,0.011198,0,111.52,NaN
26.1040,-0.093040,0.003570,0,111.52,NaN
26.1120,-0.093040,0.003983,0,111.52,NaN
26.1200,-0.093529,0.004845,0,111.52,NaN
26.1280,-0.092552,0.006154,0,111.52,NaN
26.1360,-0.091575,0.007706,0,111.52,NaN
26.1440,-0.090598,0.009110,0,111.52,NaN
26.1520,-0.088645,0.009903,0,111.52,NaN
26.1600,-0.090110,0.009762,0,111.52,NaN
26.1680,-0.092552,0.008695,0,111.52,NaN
26.1760,-0.095971,0.007016,0,111.52,NaN
26.1840,-0.097924,0.005127,0,111.52,NaN
26.1920,-0.101343,0.003300,0,111.52,NaN
26.2000,-0.102808,0.001597,0,111.52,NaN
26.2080,-0.102808,-0.024066,0,111.52,NaN
26.2160,-0.100366,-0.021174,0,111.52,NaN
26.2240,-0.094505,-0.016798,0,111.52,NaN
26.2320,-0.086203,-0.012186,0,111.52,NaN
26.2400,-0.082784,-0.008735,0,111.52,NaN
26.2480,-0.081319,-0.007351,0,111.52,NaN
26.2560,-0.082784,-0.008099,0,111.52,NaN
26.2640,-0.086203,-0.010263,0,111.52,NaN
26.2720,-0.088645,-0.012652,0,111.52,NaN
26.2800,-0.093040,-0.014030,0,111.52,NaN
26.2880,-0.090598,-0.013590,0,111.52,NaN
26.2960,-0.088156,-0.011294,0,111.52,NaN
26.3040,-0.083272,-0.007855,0,111.52,NaN
26.3120,-0.080342,-0.017568,0,111.52,NaN
26.3200,-0.078388,-0.017382,0,111.52,NaN
26.3280,-0.078877,-0.019142,0,111.52,NaN
26.3360,-0.082784,-0.022408,0,111.52,NaN
26.3440,-0.088156,-0.025911,0,111.52,NaN
26.3520,-0.091087,-0.028030,0,111.52,NaN
26.3600,-0.090110,-0.027550,0,111.52,NaN
26.3680,-0.084737,-0.024277,0,111.52,NaN
26.3760,-0.074481,-0.019192,0,111.52,NaN
26.3840,-0.065690,-0.013991,0,111.52,NaN
26.3920,-0.059829,-0.010203,0,111.52,NaN
26.4000,-0.057875,-0.008419,0,111.52,NaN
26.4080,-0.058852,-0.008050,0,111.52,NaN
26.4160,-0.060806,0.024336,0,111.52,NaN
26.4240,-0.064713,0.020736,0,111.52,NaN
26.4320,-0.069597,0.016571,0,111.52,NaN
26.4400,-0.073016,0.012829,0,111.52,NaN
26.4480,-0.078388,0.010307,0,111.52,NaN
26.4560,-0.077900,0.009333,0,111.52,NaN
26.4640,-0.076435,0.009580,0,111.52,NaN
26.4720,-0.073016,0.010218,0,111.52,NaN
26.4800,-0.073016,0.010441,0,111.52,NaN
26.4880,-0.074481,0.009962,0,111.52,NaN
26.4960,-0.078388,0.009086,0,111.52,NaN
26.5040,-0.078877,0.008300,0,111.52,NaN
26.5120,-0.076923,0.007768,0,111.52,NaN
26.5200,-0.073504,-0.008325,0,111.52,NaN
26.5280,-0.071062,-0.009682,0,111.52,NaN
26.5360,-0.072039,-0.012880,0,111.52,NaN
26.5440,-0.081319,-0.017538,0,111.52,NaN
26.5520,-0.087668,-0.022206,0,111.52,NaN
26.5600,-0.092552,-0.025170,0,111.52,NaN
26.5680,-0.088645,-0.025407,0,111.52,NaN
26.5760,-0.085226,-0.022988,0,111.52,NaN
26.5840,-0.077900,-0.018847,0,111.52,NaN
26.5920,-0.071062,-0.014254,0,111.52,NaN
26.6000,-0.066667,-0.010265,0,111.52,NaN
26.6080,-0.062271,-0.007333,0,111.52,NaN
26.6160,-0.061783,-0.005189,0,111.52,NaN
26.6240,-0.062271,0.018274,0,111.52,NaN
26.6320,-0.064713,0.016073,0,111.52,NaN
26.6400,-0.068620,0.012054,0,111.52,NaN
26.6480,-0.072527,0.006561,0,111.52,NaN
26.6560,-0.080830,0.000210,0,111.52,NaN
26.6640,-0.087179,-0.006067,0,111.52,NaN
26.6720,-0.092552,-0.011176,0,111.52,NaN
26.6800,-0.097924,-0.014105,0,111.52,NaN
26.6880,-0.098901,-0.014222,0,111.52,NaN
26.6960,-0.094505,-0.011558,0,111.52,NaN
26.7040,-0.088645,-0.006766,0,111.52,NaN
26.7120,-0.084737,-0.000712,0,111.52,NaN
26.7200,-0.079365,0.005890,0,111.52,NaN
26.7280,-0.075458,0.010841,0,111.52,NaN
26.7360,-0.073016,0.015243,0,111.52,NaN
26.7440,-0.069109,0.019084,0,111.52,NaN
26.7520,-0.066667,0.022500,0,111.52,NaN
26.7600,-0.064713,0.025558,0,111.52,NaN
26.7680,-0.062271,0.028151,0,111.52,NaN
26.7760,-0.060806,0.029930,0,111.52,NaN
26.7840,-0.059341,0.030364,0,111.52,NaN
26.7920,-0.061294,0.028977,0,111.52,NaN
26.8000,-0.065201,0.025635,0,111.52,NaN
26.8080,-0.072527,0.020674,0,111.52,NaN
26.8160,-0.080830,0.014740,0,111.52,NaN
26.8240,-0.085714,0.008431,0,111.52,NaN
26.8320,-0.087179,0.018364,0,111.52,NaN
26.8400,-0.082295,0.023321,0,111.52,NaN
26.8480,-0.071062,0.029928,0,111.52,NaN
26.8560,-0.063736,0.035472,0,111.52,NaN
26.8640,-0.061294,0.037453,0,111.52,NaN
26.8720,-0.065201,0.034700,0,111.52,NaN
26.8800,-0.077900,0.027840,0,111.52,NaN
26.8880,-0.089133,0.018976,0,111.52,NaN
26.8960,-0.101343,0.010808,0,111.52,NaN
26.9040,-0.108181,0.005685,0,111.52,NaN
26.9120,-0.111600,0.004899,0,111.52,NaN
26.9200,-0.108669,0.008291,0,111.52,NaN
26.9280,-0.101343,0.014248,0,111.52,NaN
26.9360,-0.090598,-0.006352,0,111.52,NaN
26.9440,-0.077411,0.003542,0,111.52,NaN
26.9520,-0.069597,0.010858,0,111.52,NaN
26.9600,-0.065690,0.013831,0,111.52,NaN
26.9680,-0.069597,0.012117,0,111.52,NaN
26.9760,-0.076923,0.006873,0,111.52,NaN
26.9840,-0.085714,0.000294,0,111.52,NaN
26.9920,-0.094017,-0.005221,0,111.52,NaN
27.0000,-0.094505,-0.007953,0,111.52,NaN
27.0080,-0.093040,-0.007397,0,111.52,NaN
27.0160,-0.086203,-0.004164,0,111.52,NaN
27.0240,-0.080830,0.000618,0,111.52,NaN
27.0320,-0.078388,0.005983,0,111.52,NaN
27.0400,-0.076435,-0.010154,0,111.52,NaN
27.0480,-0.078877,-0.012008,0,111.52,NaN
27.0560,-0.085714,-0.015067,0,111.52,NaN
27.0640,-0.090110,-0.017850,0,111.52,NaN
27.0720,-0.092552,-0.019152,0,111.52,NaN
27.0800,-0.086691,-0.018693,0,111.52,NaN
27.0880,-0.084249,-0.017075,0,111.52,NaN
27.0960,-0.082295,-0.015139,0,111.52,NaN
27.1040,-0.080830,-0.013409,0,111.52,NaN
27.1120,-0.080342,-0.011953,0,111.52,NaN
27.1200,-0.079365,-0.010554,0,111.52,NaN
27.1280,-0.076435,-0.009009,0,111.52,NaN
27.1360,-0.073504,-0.007309,0,111.52,NaN
27.1440,-0.071551,-0.010901,0,111.52,NaN
27.1520,-0.071551,-0.011406,0,111.52,NaN
27.1600,-0.073504,-0.012488,0,111.52,NaN
27.1680,-0.074969,-0.013632,0,111.52,NaN
27.1760,-0.075458,-0.014271,0,111.52,NaN
27.1840,-0.074969,-0.014072,0,111.52,NaN
27.1920,-0.070574,-0.013080,0,111.52,NaN
27.2000,-0.068620,-0.011645,0,111.52,NaN
27.2080,-0.063736,-0.010179,0,111.52,NaN
27.2160,-0.061783,-0.008915,0,111.52,NaN
27.2240,-0.060806,-0.007806,0,111.52,NaN
27.2320,-0.057875,-0.006668,0,111.52,NaN
27.2400,-0.054457,-0.005436,0,111.52,NaN
27.2480,-0.052991,-0.080091,0,111.52,NaN
27.2560,-0.049084,-0.081418,0,111.52,NaN
27.2640,-0.045665,-0.082367,0,111.52,NaN
27.2720,-0.041270,-0.082821,0,111.52,NaN
27.2800,-0.036386,-0.082492,0,111.52,NaN
27.2880,-0.031013,-0.080882,0,111.52,NaN
27.2960,-0.023199,-0.077407,0,111.52,NaN
27.3040,-0.013919,-0.071715,0,111.52,NaN
27.3120,-0.000244,-0.064077,0,111.52,NaN
27.3200,0.018315,-0.055578,0,111.52,NaN
27.3280,0.034432,-0.047717,0,111.52,NaN
27.3360,0.046642,-0.041486,0,111.52,NaN
27.3440,0.052015,-0.036642,0,111.52,NaN
27.3520,0.052503,0.109357,0,111.52,NaN
27.3600,0.047619,0.107720,0,111.52,NaN
27.3680,0.043712,0.103386,0,111.52,NaN
27.3760,0.036874,0.097742,0,111.52,NaN
27.3840,0.030037,0.091989,0,111.52,NaN
27.3920,0.023687,0.086948,0,111.52,NaN
27.4000,0.020269,0.082897,0,111.52,NaN
27.4080,0.016850,0.079547,0,111.52,NaN
27.4160,0.011477,0.076203,0,111.52,NaN
27.4240,0.009524,0.071954,0,111.52,NaN
27.4320,0.005617,0.065975,0,111.52,NaN
27.4400,-0.006593,0.058045,0,111.52,NaN
27.4480,-0.017827,0.048852,0,111.52,NaN
27.4560,-0.033455,0.049839,0,111.52,NaN
27.4640,-0.052015,0.035429,0,111.52,NaN
27.4720,-0.067155,0.021602,0,111.52,NaN
27.4800,-0.082784,0.010091,0,111.52,NaN
27.4880,-0.093040,0.002194,0,111.52,NaN
27.4960,-0.097924,-0.001614,0,111.52,NaN
27.5040,-0.098413,-0.001861,0,111.52,NaN
27.5120,-0.096459,0.000169,0,111.52,NaN
27.5200,-0.094994,0.002975,0,111.52,NaN
27.5280,-0.094994,0.005413,0,111.52,NaN
27.5360,-0.097924,0.006989,0,111.52,NaN
27.5440,-0.098901,0.007784,0,111.52,NaN
27.5520,-0.101343,0.008178,0,111.52,NaN
27.5600,-0.101832,-0.043023,0,111.52,NaN
27.5680,-0.104274,-0.044824,0,111.52,NaN
27.5760,-0.106227,-0.046904,0,111.52,NaN
27.5840,-0.107692,-0.049219,0,111.52,NaN
27.5920,-0.112088,-0.051458,0,111.52,NaN
27.6000,-0.115995,-0.052988,0,111.52,NaN
27.6080,-0.116972,-0.053067,0,111.52,NaN
27.6160,-0.117460,-0.051169,0,111.52,NaN
27.6240,-0.115507,-0.047235,0,111.52,NaN
27.6320,-0.109646,-0.041745,0,111.52,NaN
27.6400,-0.105739,-0.035527,0,111.52,NaN
27.6480,-0.101343,-0.029302,0,111.52,NaN
27.6560,-0.101343,-0.023305,0,111.52,NaN
27.6640,-0.101343,0.038195,0,111.52,NaN
27.6720,-0.104762,0.040380,0,111.52,NaN
27.6800,-0.110623,0.041552,0,111.52,NaN
27.6880,-0.116484,0.042808,0,111.52,NaN
27.6960,-0.119414,0.045037,0,111.52,NaN
27.7040,-0.121856,0.048408,0,111.52,NaN
27.7120,-0.120391,0.052144,0,111.52,NaN
27.7200,-0.121856,0.054740,0,111.52,NaN
27.7280,-0.125763,0.054528,0,111.52,NaN
27.7360,-0.135043,0.050365,0,111.52,NaN
27.7440,-0.150672,0.042109,0,111.52,NaN
27.7520,-0.170208,0.030660,0,111.52,NaN
27.7600,-0.187302,0.017548,0,111.52,NaN
27.7680,-0.197558,-0.928634,0,111.52,NaN
27.7760,-0.195604,-0.964945,0,111.52,NaN
27.7840,-0.179487,-0.989714,0,111.52,NaN
27.7920,-0.139927,-1.000000,0,111.52,NaN
27.8000,-0.082784,-0.993437,0,111.52,NaN
27.8080,-0.007082,-0.968103,0,111.52,NaN
27.8160,0.091575,-0.922859,0,111.52,NaN
27.8240,0.219536,-0.858447,0,111.52,NaN
27.8320,0.373382,-0.778644,0,111.52,NaN
27.8400,0.539438,-0.690446,0,111.52,NaN
27.8480,0.717705,-0.602761,0,111.52,NaN
27.8560,0.925275,-0.522865,0,111.52,NaN
27.8640,1.000000,-0.451106,0,111.52,NaN
27.8720,1.000000,0.983468,1,111.52,NaN
27.8800,1.000000,1.000000,1,111.52,NaN
27.8880,1.000000,0.981176,0,111.52,NaN
27.8960,0.875946,0.927073,0,111.52,NaN
27.9040,0.657143,0.843504,0,111.52,NaN
27.9120,0.448107,0.742599,0,111.52,NaN
27.9200,0.244933,0.638998,0,111.52,NaN
27.9280,0.054945,0.546219,0,111.52,NaN
27.9360,-0.107692,0.475072,0,111.52,NaN
27.9440,-0.223932,0.432620,0,111.52,NaN
27.9520,-0.287424,0.420776,0,111.52,NaN
27.9600,-0.297680,0.435064,0,111.52,NaN
27.9680,-0.268376,0.464684,0,111.52,NaN
27.9760,-0.210745,-0.132880,0,111.52,NaN
27.9840,-0.147741,-0.075324,0,111.52,NaN
27.9920,-0.092063,-0.022326,0,111.52,NaN
28.0000,-0.055433,0.016910,0,111.52,NaN
28.0080,-0.042247,0.038474,0,111.52,NaN
28.0160,-0.045665,0.043401,0,111.52,NaN
28.0240,-0.061294,0.036094,0,111.52,NaN
28.0320,-0.080342,0.022293,0,111.52,NaN
28.0400,-0.098901,0.007336,0,111.52,NaN
28.0480,-0.114042,-0.004960,0,111.52,NaN
28.0560,-0.121368,-0.012784,0,111.52,NaN
28.0640,-0.124298,-0.016313,0,111.52,NaN
28.0720,-0.122833,-0.017259,0,111.52,NaN
28.0800,-0.123321,-0.170208,0,111.52,NaN
28.0880,-0.121856,-0.173865,0,111.52,NaN
28.0960,-0.121856,-0.177738,0,111.52,NaN
28.1040,-0.123321,-0.181869,0,111.52,NaN
28.1120,-0.125763,-0.185678,0,111.52,NaN
28.1200,-0.129670,-0.188075,0,111.52,NaN
28.1280,-0.132601,-0.187674,0,111.52,NaN
28.1360,-0.136996,-0.183087,0,111.52,NaN
28.1440,-0.137973,-0.173284,0,111.52,NaN
28.1520,-0.138462,-0.157957,0,111.52,NaN
28.1600,-0.136996,-0.137669,0,111.52,NaN
28.1680,-0.138950,-0.113699,0,111.52,NaN
28.1760,-0.137485,-0.087775,0,111.52,NaN
28.1840,-0.135043,-0.090896,0,111.52,NaN
28.1920,-0.133089,-0.070380,0,111.52,NaN
28.2000,-0.132601,-0.051742,0,111.52,NaN
28.2080,-0.131624,-0.036099,0,111.52,NaN
28.2160,-0.131136,-0.024105,0,111.52,NaN
28.2240,-0.128205,-0.015954,0,111.52,NaN
28.2320,-0.129182,-0.011438,0,111.52,NaN
28.2400,-0.124786,-0.010036,0,111.52,NaN
28.2480,-0.123810,-0.011042,0,111.52,NaN
28.2560,-0.121368,-0.013658,0,111.52,NaN
28.2640,-0.119414,-0.017128,0,111.52,NaN
28.2720,-0.118437,-0.020903,0,111.52,NaN
28.2800,-0.116972,-0.024749,0,111.52,NaN
28.2880,-0.116484,-0.003291,0,111.52,NaN
28.2960,-0.116972,-0.003639,0,111.52,NaN
28.3040,-0.117460,-0.003961,0,111.52,NaN
28.3120,-0.117460,-0.004551,0,111.52,NaN
28.3200,-0.121856,-0.005469,0,111.52,NaN
28.3280,-0.125275,-0.006465,0,111.52,NaN
28.3360,-0.125275,-0.007206,0,111.52,NaN
28.3440,-0.124298,-0.007508,0,111.52,NaN
28.3520,-0.125275,-0.007268,0,111.52,NaN
28.3600,-0.125275,-0.006371,0,111.52,NaN
28.3680,-0.121856,-0.004819,0,111.52,NaN
28.3760,-0.117460,-0.002840,0,111.52,NaN
28.3840,-0.116484,-0.000712,0,111.52,NaN
28.3920,-0.113553,0.002640,0,111.52,NaN
28.4000,-0.110134,0.005638,0,111.52,NaN
28.4080,-0.106716,0.008592,0,111.52,NaN
28.4160,-0.101343,0.011133,0,111.52,NaN
28.4240,-0.098901,0.012950,0,111.52,NaN
28.4320,-0.099389,0.014054,0,111.52,NaN
28.4400,-0.099878,0.014734,0,111.52,NaN
28.4480,-0.096947,0.015150,0,111.52,NaN
28.4560,-0.093529,0.015066,0,111.52,NaN
28.4640,-0.094505,0.014052,0,111.52,NaN
28.4720,-0.094994,0.011873,0,111.52,NaN
28.4800,-0.098901,0.008671,0,111.52,NaN
28.4880,-0.101343,0.004883,0,111.52,NaN
28.4960,-0.101343,-0.009602,0,111.52,NaN
28.5040,-0.101832,-0.010126,0,111.52,NaN
28.5120,-0.097924,-0.009955,0,111.52,NaN
28.5200,-0.094505,-0.010075,0,111.52,NaN
28.5280,-0.090598,-0.011566,0,111.52,NaN
28.5360,-0.093529,-0.014841,0,111.52,NaN
28.5440,-0.101343,-0.019124,0,111.52,NaN
28.5520,-0.106716,-0.022710,0,111.52,NaN
28.5600,-0.106716,-0.023921,0,111.52,NaN
28.5680,-0.101343,-0.021986,0,111.52,NaN
28.5760,-0.090598,-0.017254,0,111.52,NaN
28.5840,-0.082295,-0.010724,0,111.52,NaN
28.5920,-0.074481,-0.003414,0,111.52,NaN
28.6000,-0.070574,0.014438,0,111.52,NaN
28.6080,-0.073504,0.014634,0,111.52,NaN
28.6160,-0.076923,0.013305,0,111.52,NaN
28.6240,-0.077411,0.011502,0,111.52,NaN
28.6320,-0.077411,0.009835,0,111.52,NaN
28.6400,-0.074969,0.008293,0,111.52,NaN
28.6480,-0.074481,0.006582,0,111.52,NaN
28.6560,-0.077411,0.004619,0,111.52,NaN
28.6640,-0.077900,0.002785,0,111.52,NaN
28.6720,-0.081319,0.001759,0,111.52,NaN
28.6800,-0.079365,0.002110,0,111.52,NaN
28.6880,-0.074481,0.003882,0,111.52,NaN
28.6960,-0.070085,0.006526,0,111.52,NaN
28.7040,-0.070085,0.011552,0,111.52,NaN
28.7120,-0.070574,0.010319,0,111.52,NaN
28.7200,-0.075458,0.007573,0,111.52,NaN
28.7280,-0.080342,0.003689,0,111.52,NaN
28.7360,-0.085714,-0.000707,0,111.52,NaN
28.7440,-0.090598,-0.004881,0,111.52,NaN
28.7520,-0.095971,-0.008093,0,111.52,NaN
28.7600,-0.098413,-0.009726,0,111.52,NaN
28.7680,-0.096459,-0.009484,0,111.52,NaN
28.7760,-0.094505,-0.007484,0,111.52,NaN
28.7840,-0.086203,-0.004193,0,111.52,NaN
28.7920,-0.081319,-0.000202,0,111.52,NaN
28.8000,-0.076435,0.004042,0,111.52,NaN
28.8080,-0.075458,0.001651,0,111.52,NaN
28.8160,-0.076435,0.003550,0,111.52,NaN
28.8240,-0.073016,0.005468,0,111.52,NaN
28.8320,-0.070085,0.007530,0,111.52,NaN
28.8400,-0.064713,0.009300,0,111.52,NaN
28.8480,-0.062759,0.010136,0,111.52,NaN
28.8560,-0.062759,0.009694,0,111.52,NaN
28.8640,-0.065201,0.008187,0,111.52,NaN
28.8720,-0.067155,0.006241,0,111.52,NaN
28.8800,-0.068620,0.004506,0,111.52,NaN
28.8880,-0.068620,0.003328,0,111.52,NaN
28.8960,-0.067643,0.002676,0,111.52,NaN
28.9040,-0.068620,0.002301,0,111.52,NaN
28.9120,-0.071551,0.028811,0,111.52,NaN
28.9200,-0.073504,0.028477,0,111.52,NaN
28.9280,-0.074969,0.027725,0,111.52,NaN
28.9360,-0.076435,0.026088,0,111.52,NaN
28.9440,-0.078877,0.022911,0,111.52,NaN
28.9520,-0.084249,0.017743,0,111.52,NaN
28.9600,-0.091575,0.010804,0,111.52,NaN
28.9680,-0.101832,0.003301,0,111.52,NaN
28.9760,-0.114530,-0.002708,0,111.52,NaN
28.9840,-0.119414,-0.005098,0,111.52,NaN
28.9920,-0.116972,-0.002757,0,111.52,NaN
29.0000,-0.108181,0.003832,0,111.52,NaN
29.0080,-0.100366,0.012867,0,111.52,NaN
29.0160,-0.093529,-0.003539,0,111.52,NaN
29.0240,-0.093040,-0.002689,0,111.52,NaN
29.0320,-0.097924,-0.006538,0,111.52,NaN
29.0400,-0.107692,-0.014355,0,111.52,NaN
29.0480,-0.119902,-0.024077,0,111.52,NaN
29.0560,-0.132112,-0.032988,0,111.52,NaN
29.0640,-0.138950,-0.038649,0,111.52,NaN
29.0720,-0.137485,-0.039759,0,111.52,NaN
29.0800,-0.131624,-0.036431,0,111.52,NaN
29.0880,-0.124298,-0.029787,0,111.52,NaN
29.0960,-0.115507,-0.021260,0,111.52,NaN
29.1040,-0.105739,-0.012026,0,111.52,NaN
29.1120,-0.099878,-0.002689,0,111.52,NaN
29.1200,-0.092552,0.008532,0,111.52,NaN
29.1280,-0.089133,0.013328,0,111.52,NaN
29.1360,-0.087668,0.015866,0,111.52,NaN
29.1440,-0.086203,0.016238,0,111.52,NaN
29.1520,-0.090110,0.014859,0,111.52,NaN
29.1600,-0.094994,0.012493,0,111.52,NaN
29.1680,-0.098901,0.010047,0,111.52,NaN
29.1760,-0.101343,0.008209,0,111.52,NaN
29.1840,-0.102808,0.007246,0,111.52,NaN
29.1920,-0.103785,0.007029,0,111.52,NaN
29.2000,-0.103785,0.007190,0,111.52,NaN
29.2080,-0.103785,0.007357,0,111.52,NaN
29.2160,-0.106716,0.007390,0,111.52,NaN
29.2240,-0.109646,-0.020756,0,111.52,NaN
29.2320,-0.113553,-0.022309,0,111.52,NaN
29.2400,-0.114530,-0.022145,0,111.52,NaN
29.2480,-0.111111,-0.019820,0,111.52,NaN
29.2560,-0.104274,-0.015708,0,111.52,NaN
29.2640,-0.097924,-0.010814,0,111.52,NaN
29.2720,-0.092552,-0.006283,0,111.52,NaN
29.2800,-0.088645,-0.002982,0,111.52,NaN
29.2880,-0.086691,-0.001368,0,111.52,NaN
29.2960,-0.085714,-0.001557,0,111.52,NaN
29.3040,-0.085714,-0.003447,0,111.52,NaN
29.3120,-0.088156,-0.006730,0,111.52,NaN
29.3200,-0.092552,-0.010825,0,111.52,NaN
29.3280,-0.096947,0.001661,0,111.52,NaN
29.3360,-0.099389,-0.001168,0,111.52,NaN
29.3440,-0.101343,-0.002695,0,111.52,NaN
29.3520,-0.100366,-0.002723,0,111.52,NaN
29.3600,-0.096947,-0.001465,0,111.52,NaN
29.3680,-0.094505,0.000551,0,111.52,NaN
29.3760,-0.091087,0.002660,0,111.52,NaN
29.3840,-0.086691,0.004192,0,111.52,NaN
29.3920,-0.086203,0.004661,0,111.52,NaN
29.4000,-0.086203,0.003973,0,111.52,NaN
29.4080,-0.089133,0.002447,0,111.52,NaN
29.4160,-0.092063,0.000582,0,111.52,NaN
29.4240,-0.091575,-0.001306,0,111.52,NaN
29.4320,-0.093040,0.001593,0,111.52,NaN
29.4400,-0.092063,0.001275,0,111.52,NaN
29.4480,-0.093529,0.001434,0,111.52,NaN
29.4560,-0.092063,0.001995,0,111.52,NaN
29.4640,-0.092063,0.002863,0,111.52,NaN
29.4720,-0.090110,0.003901,0,111.52,NaN
29.4800,-0.090110,0.004917,0,111.52,NaN
29.4880,-0.088156,0.005638,0,111.52,NaN
29.4960,-0.086203,0.005749,0,111.52,NaN
29.5040,-0.087179,0.005079,0,111.52,NaN
29.5120,-0.090110,0.003791,0,111.52,NaN
29.5200,-0.092552,0.002263,0,111.52,NaN
29.5280,-0.091575,0.000747,0,111.52,NaN
29.5360,-0.091575,-0.000681,0,111.52,NaN
29.5440,-0.092063,-0.002797,0,111.52,NaN
29.5520,-0.094017,-0.005753,0,111.52,NaN
29.5600,-0.098901,-0.009269,0,111.52,NaN
29.5680,-0.102808,-0.012558,0,111.52,NaN
29.5760,-0.106716,-0.014634,0,111.52,NaN
29.5840,-0.107204,-0.014786,0,111.52,NaN
29.5920,-0.103785,-0.012973,0,111.52,NaN
29.6000,-0.099389,-0.009880,0,111.52,NaN
29.6080,-0.094994,-0.006595,0,111.52,NaN
29.6160,-0.091087,-0.004099,0,111.52,NaN
29.6240,-0.091087,-0.002801,0,111.52,NaN
29.6320,-0.092063,-0.002364,0,111.52,NaN
29.6400,-0.092552,-0.000508,0,111.52,NaN
29.6480,-0.094505,-0.002028,0,111.52,NaN
29.6560,-0.096459,-0.003059,0,111.52,NaN
29.6640,-0.096459,-0.002909,0,111.52,NaN
29.6720,-0.094505,-0.001260,0,111.52,NaN
29.6800,-0.092552,0.001651,0,111.52,NaN
29.6880,-0.085714,0.005021,0,111.52,NaN
29.6960,-0.082784,0.007724,0,111.52,NaN
29.7040,-0.080830,0.008803,0,111.52,NaN
29.7120,-0.083272,0.007909,0,111.52,NaN
29.7200,-0.087668,0.005379,0,111.52,NaN
29.7280,-0.092552,0.001917,0,111.52,NaN
29.7360,-0.094017,-0.001873,0,111.52,NaN
29.7440,-0.093529,-0.004138,0,111.52,NaN
29.7520,-0.093529,-0.005831,0,111.52,NaN
29.7600,-0.094994,-0.007343,0,111.52,NaN
29.7680,-0.099389,-0.008412,0,111.52,NaN
29.7760,-0.099878,-0.008506,0,111.52,NaN
29.7840,-0.097924,-0.007308,0,111.52,NaN
29.7920,-0.094017,-0.005001,0,111.52,NaN
29.8000,-0.092063,-0.002179,0,111.52,NaN
29.8080,-0.088645,0.000380,0,111.52,NaN
29.8160,-0.086203,0.001889,0,111.52,NaN
29.8240,-0.085714,0.001754,0,111.52,NaN
29.8320,-0.085714,-0.000150,0,111.52,NaN
29.8400,-0.092063,-0.003237,0,111.52,NaN
29.8480,-0.097924,0.012042,0,111.52,NaN
29.8560,-0.104274,0.008152,0,111.52,NaN
29.8640,-0.106716,0.005621,0,111.52,NaN
29.8720,-0.107692,0.004949,0,111.52,NaN
29.8800,-0.105250,0.005996,0,111.52,NaN
29.8880,-0.103785,0.008167,0,111.52,NaN
29.8960,-0.101343,0.010691,0,111.52,NaN
29.9040,-0.100855,0.012785,0,111.52,NaN
29.9120,-0.097924,0.013737,0,111.52,NaN
29.9200,-0.100855,0.013033,0,111.52,NaN
29.9280,-0.103297,0.010541,0,111.52,NaN
29.9360,-0.109646,0.006584,0,111.52,NaN
29.9440,-0.115018,0.001825,0,111.52,NaN
29.9520,-0.116972,-0.031752,0,111.52,34.88
29.9600,-0.120391,-0.035751,0,111.52,34.88
29.9680,-0.124298,-0.038730,0,111.52,34.88
29.9760,-0.124298,-0.040547,0,111.52,34.88
29.9840,-0.124786,-0.041280,0,111.52,34.88
29.9920,-0.122344,-0.041213,0,111.52,34.88
30.0000,-0.119902,-0.040613,0,111.52,34.88
30.0080,-0.121856,-0.039451,0,111.52,34.88
30.0160,-0.119414,-0.037370,0,111.52,34.88
30.0240,-0.115995,-0.034036,0,111.52,34.88
30.0320,-0.109646,-0.029457,0,111.52,34.88
30.0400,-0.101343,-0.024009,0,111.52,34.88
30.0480,-0.096459,-0.018176,0,111.52,34.88
30.0560,-0.092552,-0.051889,0,111.52,34.88
30.0640,-0.086691,-0.050059,0,111.52,34.88
30.0720,-0.085226,-0.049105,0,111.52,34.88
30.0800,-0.079365,-0.048908,0,111.52,34.88
30.0880,-0.078877,-0.049193,0,111.52,34.88
30.0960,-0.078388,-0.049542,0,111.52,34.88
30.1040,-0.072527,-0.049564,0,111.52,34.88
30.1120,-0.068132,-0.048983,0,111.52,34.88
30.1200,-0.065201,-0.047392,0,111.52,34.88
30.1280,-0.062759,-0.044113,0,111.52,34.88
30.1360,-0.054457,-0.038566,0,111.52,34.88
30.1440,-0.041758,-0.030821,0,111.52,34.88
30.1520,-0.028571,-0.021764,0,111.52,34.88
30.1600,-0.010012,0.049107,0,111.52,34.88
30.1680,0.005128,0.060202,0,111.52,34.88
30.1760,0.011477,0.067481,0,111.52,34.88
30.1840,0.013919,0.070503,0,111.52,34.88
30.1920,0.010989,0.070021,0,111.52,34.88
30.2000,0.008059,0.067356,0,111.52,34.88
30.2080,0.006593,0.063653,0,111.52,34.88
30.2160,0.005128,0.059516,0,111.52,34.88
30.2240,-0.000244,0.055111,0,111.52,34.88
30.2320,-0.001709,0.050383,0,111.52,34.88
30.2400,-0.006105,0.045216,0,111.52,34.88
30.2480,-0.010501,0.039583,0,111.52,34.88
30.2560,-0.015385,0.033642,0,111.52,34.88
30.2640,-0.015873,0.112316,0,111.52,34.88
30.2720,-0.019780,0.110378,0,111.52,34.88
30.2800,-0.025641,0.106812,0,111.52,34.88
30.2880,-0.033944,0.101121,0,111.52,34.88
30.2960,-0.044200,0.093173,0,111.52,34.88
30.3040,-0.054945,0.083257,0,111.52,34.88
30.3120,-0.069597,0.072189,0,111.52,34.88
30.3200,-0.085226,0.061358,0,111.52,34.88
30.3280,-0.098901,0.052416,0,111.52,34.88
30.3360,-0.105739,0.046705,0,111.52,34.88
30.3440,-0.113065,0.044783,0,111.52,34.88
30.3520,-0.112576,0.046233,0,111.52,34.88
30.3600,-0.111111,0.049706,0,111.52,34.88
30.3680,-0.107692,-0.038313,0,111.52,40.11
30.3760,-0.101832,-0.035224,0,111.52,40.11
30.3840,-0.099389,-0.033281,0,111.52,40.11
30.3920,-0.100855,-0.033167,0,111.52,40.11
30.4000,-0.102320,-0.034719,0,111.52,40.11
30.4080,-0.106716,-0.037089,0,111.52,40.11
30.4160,-0.109646,-0.039111,0,111.52,40.11
30.4240,-0.110134,-0.039715,0,111.52,40.11
30.4320,-0.110134,-0.038257,0,111.52,40.11
30.4400,-0.104274,-0.034667,0,111.52,40.11
30.4480,-0.100855,-0.029385,0,111.52,40.11
30.4560,-0.092552,-0.023099,0,111.52,40.11
30.4640,-0.090110,-0.016417,0,111.52,40.11
30.4720,-0.091087,-0.010182,0,111.52,40.11
30.4800,-0.096947,-0.011519,0,111.52,40.11
30.4880,-0.101343,-0.014639,0,111.52,40.11
30.4960,-0.108669,-0.018376,0,111.52,40.11
30.5040,-0.115995,-0.021470,0,111.52,40.11
30.5120,-0.117460,-0.022927,0,111.52,40.11
30.5200,-0.119902,-0.022259,0,111.52,40.11
30.5280,-0.121368,-0.019534,0,111.52,40.11
30.5360,-0.116972,-0.015419,0,111.52,40.11
30.5440,-0.114042,-0.011152,0,111.52,40.11
30.5520,-0.109646,-0.008123,0,111.52,40.11
30.5600,-0.109646,-0.007129,0,111.52,40.11
30.5680,-0.118437,-0.007708,0,111.52,40.11
30.5760,-0.134554,-0.476031,0,111.52,40.11
30.5840,-0.153602,-0.511764,0,111.52,40.11
30.5920,-0.171184,-0.547765,0,111.52,40.11
30.6000,-0.185836,-0.579925,0,111.52,40.11
30.6080,-0.190720,-0.604125,0,111.52,40.11
30.6160,-0.179976,-0.616839,0,111.52,40.11
30.6240,-0.156044,-0.615412,0,111.52,40.11
30.6320,-0.115018,-0.597933,0,111.52,40.11
30.6400,-0.055433,-0.562961,0,111.52,40.11
30.6480,0.016850,-0.509394,0,111.52,40.11
30.6560,0.101832,-0.437006,0,111.52,40.11
30.6640,0.212698,-0.348125,0,111.52,40.11
30.6720,0.353358,-0.249360,0,111.52,40.11
30.6800,0.508181,0.609613,0,111.52,40.11
30.6880,0.671306,0.730313,0,111.52,40.11
30.6960,0.856899,0.841525,0,111.52,40.11
30.7040,1.000000,0.929525,0,111.52,40.11
30.7120,1.000000,0.984034,1,111.52,40.11
30.7200,1.000000,1.000000,1,111.52,40.11
30.7280,1.000000,0.975765,0,111.52,40.11
30.7360,0.874969,0.913329,0,111.52,40.11
30.7440,0.652259,0.821203,0,111.52,40.11
30.7520,0.445665,0.713299,0,111.52,40.11
30.7600,0.249817,0.602844,0,111.52,40.11
30.7680,0.075946,0.497027,0,111.52,40.11
30.7760,-0.081319,0.395887,0,111.52,40.11
30.7840,-0.201465,-0.219403,0,111.52,40.11
30.7920,-0.273260,-0.292056,0,111.52,40.11
30.8000,-0.299634,-0.321593,0,111.52,40.11
30.8080,-0.285470,-0.314228,0,111.52,40.11
30.8160,-0.241514,-0.280531,0,111.52,40.11
30.8240,-0.189744,-0.233267,0,111.52,40.11
30.8320,-0.135531,-0.184906,0,111.52,40.11
30.8400,-0.090598,-0.145509,0,111.52,40.11
30.8480,-0.065201,-0.121231,0,111.52,40.11
30.8560,-0.061783,-0.113671,0,111.52,40.11
30.8640,-0.070085,-0.120520,0,111.52,40.11
30.8720,-0.084249,-0.137236,0,111.52,40.11
30.8800,-0.097924,-0.158693,0,111.52,40.11
30.8880,-0.109646,-0.085168,0,111.52,40.11
30.8960,-0.119414,-0.098514,0,111.52,40.11
30.9040,-0.125275,-0.110003,0,111.52,40.11
30.9120,-0.133089,-0.119336,0,111.52,40.11
30.9200,-0.141392,-0.125781,0,111.52,40.11
30.9280,-0.145299,-0.128197,0,111.52,40.11
30.9360,-0.141880,-0.125750,0,111.52,40.11
30.9440,-0.132112,-0.118587,0,111.52,40.11
30.9520,-0.120879,-0.107886,0,111.52,40.11
30.9600,-0.111111,-0.095298,0,111.52,40.11
30.9680,-0.104274,-0.082278,0,111.52,40.11
30.9760,-0.101832,-0.069638,0,111.52,40.11
30.9840,-0.106716,-0.057413,0,111.52,40.11
30.9920,-0.115995,-0.226061,0,111.52,40.11
31.0000,-0.125275,-0.224260,0,111.52,40.11
31.0080,-0.138462,-0.219680,0,111.52,40.11
31.0160,-0.147741,-0.210989,0,111.52,40.11
31.0240,-0.151160,-0.197743,0,111.52,40.11
31.0320,-0.148230,-0.180733,0,111.52,40.11
31.0400,-0.142857,-0.161775,0,111.52,40.11
31.0480,-0.137973,-0.143040,0,111.52,40.11
31.0560,-0.128205,-0.126542,0,111.52,40.11
31.0640,-0.116972,-0.113978,0,111.52,40.11
31.0720,-0.103785,-0.106478,0,111.52,40.11
31.0800,-0.098413,-0.103963,0,111.52,40.11
31.0880,-0.095971,-0.104650,0,111.52,40.11
31.0960,-0.095482,0.022754,0,111.52,40.11
31.1040,-0.097924,0.018279,0,111.52,40.11
31.1120,-0.101343,0.013077,0,111.52,40.11
31.1200,-0.101343,0.008396,0,111.52,40.11
31.1280,-0.101343,0.004654,0,111.52,40.11
31.1360,-0.102320,0.001604,0,111.52,40.11
31.1440,-0.103785,-0.001174,0,111.52,40.11
31.1520,-0.107204,-0.003783,0,111.52,40.11
31.1600,-0.112088,-0.005721,0,111.52,40.11
31.1680,-0.115995,-0.006029,0,111.52,40.11
31.1760,-0.115507,-0.003878,0,111.52,40.11
31.1840,-0.107692,0.000760,0,111.52,40.11
31.1920,-0.100366,0.006935,0,111.52,40.11
31.2000,-0.094017,0.002141,0,111.52,40.11
31.2080,-0.092063,0.002896,0,111.52,40.11
31.2160,-0.094994,0.000644,0,111.52,40.11
31.2240,-0.100855,-0.003849,0,111.52,40.11
31.2320,-0.105739,-0.009112,0,111.52,40.11
31.2400,-0.109158,-0.013635,0,111.52,40.11
31.2480,-0.109646,-0.016370,0,111.52,40.11
31.2560,-0.108669,-0.016879,0,111.52,40.11
31.2640,-0.106716,-0.015247,0,111.52,40.11
31.2720,-0.101343,-0.011943,0,111.52,40.11
31.2800,-0.095482,-0.007648,0,111.52,40.11
31.2880,-0.090110,-0.002984,0,111.52,40.11
31.2960,-0.085714,0.001717,0,111.52,40.11
31.3040,-0.078877,0.033042,0,111.52,40.11
31.3120,-0.074481,0.037298,0,111.52,40.11
31.3200,-0.070574,0.039941,0,111.52,40.11
31.3280,-0.069597,0.040713,0,111.52,40.11
31.3360,-0.070085,0.039646,0,111.52,40.11
31.3440,-0.072527,0.037056,0,111.52,40.11
31.3520,-0.075458,0.033471,0,111.52,40.11
31.3600,-0.079853,0.029540,0,111.52,40.11
31.3680,-0.083761,0.025920,0,111.52,40.11
31.3760,-0.087668,0.023114,0,111.52,40.11
31.3840,-0.089133,0.021288,0,111.52,40.11
31.3920,-0.088645,0.020238,0,111.52,40.11
31.4000,-0.091087,0.019567,0,111.52,40.11
31.4080,-0.091575,-0.012309,0,111.52,40.11
31.4160,-0.093040,-0.013563,0,111.52,40.11
31.4240,-0.093040,-0.014055,0,111.52,40.11
31.4320,-0.092063,-0.013537,0,111.52,40.11
31.4400,-0.087668,-0.011972,0,111.52,40.11
31.4480,-0.085714,-0.009547,0,111.52,40.11
31.4560,-0.082295,-0.006622,0,111.52,40.11
31.4640,-0.075946,-0.003778,0,111.52,40.11
31.4720,-0.071062,-0.001740,0,111.52,40.11
31.4800,-0.070085,-0.001057,0,111.52,40.11
31.4880,-0.070085,-0.001828,0,111.52,40.11
31.4960,-0.071062,-0.003746,0,111.52,40.11
31.5040,-0.072527,-0.006283,0,111.52,40.11
31.5120,-0.073016,0.003075,0,111.52,40.11
31.5200,-0.074481,0.001054,0,111.52,40.11
31.5280,-0.075458,-0.000972,0,111.52,40.11
31.5360,-0.076923,-0.002980,0,111.52,40.11
31.5440,-0.077900,-0.004984,0,111.52,40.11
31.5520,-0.077411,-0.007029,0,111.52,40.11
31.5600,-0.077900,-0.009083,0,111.52,40.11
31.5680,-0.079365,-0.010833,0,111.52,40.11
31.5760,-0.082295,-0.011661,0,111.52,40.11
31.5840,-0.079365,-0.010951,0,111.52,40.11
31.5920,-0.076435,-0.008484,0,111.52,40.11
31.6000,-0.070085,-0.004557,0,111.52,40.11
31.6080,-0.065201,0.000169,0,111.52,40.11
31.6160,-0.065201,-0.007753,0,111.52,40.11
31.6240,-0.064225,-0.006415,0,111.52,40.11
31.6320,-0.060317,-0.005922,0,111.52,40.11
31.6400,-0.059829,-0.006369,0,111.52,40.11
31.6480,-0.061294,-0.007694,0,111.52,40.11
31.6560,-0.061783,-0.009542,0,111.52,40.11
31.6640,-0.063736,-0.011328,0,111.52,40.11
31.6720,-0.064713,-0.012418,0,111.52,40.11
31.6800,-0.062271,-0.012372,0,111.52,40.11
31.6880,-0.059341,-0.011093,0,111.52,40.11
31.6960,-0.054457,-0.008760,0,111.52,40.11
31.7040,-0.052015,-0.005662,0,111.52,40.11
31.7120,-0.045665,-0.002151,0,111.52,40.11
31.7200,-0.040293,0.043058,0,111.52,40.11
31.7280,-0.036386,0.046528,0,111.52,40.11
31.7360,-0.033455,0.047793,0,111.52,40.11
31.7440,-0.037851,0.046513,0,111.52,40.11
31.7520,-0.041270,0.042963,0,111.52,40.11
31.7600,-0.049573,0.037927,0,111.52,40.11
31.7680,-0.054945,0.032426,0,111.52,40.11
31.7760,-0.062759,0.027464,0,111.52,40.11
31.7840,-0.067643,0.023805,0,111.52,40.11
31.7920,-0.070085,0.021792,0,111.52,40.11
31.8000,-0.070574,0.021295,0,111.52,40.11
31.8080,-0.070574,0.021860,0,111.52,40.11
31.8160,-0.071062,0.022945,0,111.52,40.11
31.8240,-0.073016,0.011690,0,111.52,40.11
31.8320,-0.075458,0.010917,0,111.52,40.11
31.8400,-0.076923,0.009764,0,111.52,40.11
31.8480,-0.082295,0.008456,0,111.52,40.11
31.8560,-0.084737,0.007256,0,111.52,40.11
31.8640,-0.085714,0.006303,0,111.52,40.11
31.8720,-0.087179,0.005567,0,111.52,40.11
31.8800,-0.089133,0.004952,0,111.52,40.11
31.8880,-0.090110,0.004414,0,111.52,40.11
31.8960,-0.093040,0.004000,0,111.52,40.11
31.9040,-0.094994,0.003809,0,111.52,40.11
31.9120,-0.094994,0.003878,0,111.52,40.11
31.9200,-0.095971,0.004121,0,111.52,40.11
31.9280,-0.094017,-0.020823,0,111.52,40.11
31.9360,-0.092552,-0.019190,0,111.52,40.11
31.9440,-0.088645,-0.017291,0,111.52,40.11
31.9520,-0.087179,-0.015572,0,111.52,40.11
31.9600,-0.085714,-0.014351,0,111.52,40.11
31.9680,-0.085714,-0.013747,0,111.52,40.11
31.9760,-0.084249,-0.013697,0,111.52,40.11
31.9840,-0.085714,-0.013971,0,111.52,40.11
31.9920,-0.086203,-0.014192,0,111.52,40.11
32.0000,-0.086691,-0.013924,0,111.52,40.11
32.0080,-0.085714,-0.012840,0,111.52,40.11
32.0160,-0.085226,-0.010865,0,111.52,40.11
32.0240,-0.080830,-0.008294,0,111.52,40.11
32.0320,-0.077411,0.006543,0,111.52,40.11
32.0400,-0.073993,0.011518,0,111.52,40.11
32.0480,-0.070085,0.016524,0,111.52,40.11
32.0560,-0.066667,0.021099,0,111.52,40.11
32.0640,-0.064713,0.024727,0,111.52,40.11
32.0720,-0.062271,0.026813,0,111.52,40.11
32.0800,-0.060317,0.026786,0,111.52,40.11
32.0880,-0.063736,0.024449,0,111.52,40.11
32.0960,-0.070574,0.020344,0,111.52,40.11
32.1040,-0.078388,0.015683,0,111.52,40.11
32.1120,-0.085226,0.011754,0,111.52,40.11
32.1200,-0.085714,0.009186,0,111.52,40.11
32.1280,-0.086203,0.007632,0,111.52,40.11
32.1360,-0.085714,-0.011990,0,111.52,40.11
32.1440,-0.085714,-0.011213,0,111.52,40.11
32.1520,-0.083761,-0.010091,0,111.52,40.11
32.1600,-0.080342,-0.009177,0,111.52,40.11
32.1680,-0.079853,-0.008825,0,111.52,40.11
32.1760,-0.082784,-0.008984,0,111.52,40.11
32.1840,-0.081319,-0.009312,0,111.52,40.11
32.1920,-0.080342,-0.009489,0,111.52,40.11
32.2000,-0.079853,-0.009332,0,111.52,40.11
32.2080,-0.078388,-0.008731,0,111.52,40.11
32.2160,-0.077411,-0.007643,0,111.52,40.11
32.2240,-0.073504,-0.006147,0,111.52,40.11
32.2320,-0.071551,-0.004433,0,111.52,40.11
32.2400,-0.072527,0.012917,0,111.52,40.11
32.2480,-0.071062,0.013198,0,111.52,40.11
32.2560,-0.071551,0.012659,0,111.52,40.11
32.2640,-0.072527,0.011354,0,111.52,40.11
32.2720,-0.076435,0.009549,0,111.52,40.11
32.2800,-0.078388,0.007657,0,111.52,40.11
32.2880,-0.079365,0.006034,0,111.52,40.11
32.2960,-0.080830,0.004894,0,111.52,40.11
32.3040,-0.082784,0.004330,0,111.52,40.11
32.3120,-0.080830,0.004298,0,111.52,40.11
32.3200,-0.080830,0.004651,0,111.52,40.11
32.3280,-0.082295,0.005258,0,111.52,40.11
32.3360,-0.080830,0.006017,0,111.52,40.11
32.3440,-0.080830,0.002092,0,111.52,40.11
32.3520,-0.079365,0.003451,0,111.52,40.11
32.3600,-0.078388,0.004920,0,111.52,40.11
32.3680,-0.076923,0.006229,0,111.52,40.11
32.3760,-0.077900,0.007086,0,111.52,40.11
32.3840,-0.075946,0.007222,0,111.52,40.11
32.3920,-0.078388,0.006491,0,111.52,40.11
32.4000,-0.079365,0.005015,0,111.52,40.11
32.4080,-0.083761,0.003248,0,111.52,40.11
32.4160,-0.085714,0.001808,0,111.52,40.11
32.4240,-0.086203,0.001162,0,111.52,40.11
32.4320,-0.085714,0.001393,0,111.52,40.11
32.4400,-0.084249,0.002183,0,111.52,40.11
32.4480,-0.078388,-0.002765,0,111.52,40.11
32.4560,-0.071551,0.002325,0,111.52,40.11
32.4640,-0.067155,0.007455,0,111.52,40.11
32.4720,-0.061783,0.011781,0,111.52,40.11
32.4800,-0.059341,0.014693,0,111.52,40.11
32.4880,-0.058852,0.015854,0,111.52,40.11
32.4960,-0.056410,0.015182,0,111.52,40.11
32.5040,-0.059829,0.012938,0,111.52,40.11
32.5120,-0.064713,0.009849,0,111.52,40.11
32.5200,-0.069597,0.006917,0,111.52,40.11
32.5280,-0.070574,0.004913,0,111.52,40.11
32.5360,-0.070085,0.003999,0,111.52,40.11
32.5440,-0.070085,0.003766,0,111.52,40.11
32.5520,-0.070574,0.007594,0,111.52,40.11
32.5600,-0.071551,0.007750,0,111.52,40.11
32.5680,-0.072527,0.007829,0,111.52,40.11
32.5760,-0.071062,0.007645,0,111.52,40.11
32.5840,-0.072527,0.006965,0,111.52,40.11
32.5920,-0.072527,0.005658,0,111.52,40.11
32.6000,-0.075458,0.003871,0,111.52,40.11
32.6080,-0.079365,0.002063,0,111.52,40.11
32.6160,-0.080830,0.000786,0,111.52,40.11
32.6240,-0.079365,0.000364,0,111.52,40.11
32.6320,-0.079853,0.000828,0,111.52,40.11
32.6400,-0.079365,0.002026,0,111.52,40.11
32.6480,-0.076923,0.003665,0,111.52,40.11
32.6560,-0.075946,-0.015020,0,111.52,40.11
32.6640,-0.076435,-0.015141,0,111.52,40.11
32.6720,-0.075458,-0.015754,0,111.52,40.11
32.6800,-0.076435,-0.016794,0,111.52,40.11
32.6880,-0.076435,-0.018038,0,111.52,40.11
32.6960,-0.077900,-0.019109,0,111.52,40.11
32.7040,-0.078388,-0.019558,0,111.52,40.11
32.7120,-0.076923,-0.019055,0,111.52,40.11
32.7200,-0.073504,-0.017564,0,111.52,40.11
32.7280,-0.070085,-0.015325,0,111.52,40.11
32.7360,-0.065690,-0.012691,0,111.52,40.11
32.7440,-0.062759,-0.009939,0,111.52,40.11
32.7520,-0.059341,-0.007189,0,111.52,40.11
32.7600,-0.057387,-0.039964,0,111.52,40.11
32.7680,-0.056899,-0.039692,0,111.52,40.11
32.7760,-0.054945,-0.038777,0,111.52,40.11
32.7840,-0.049573,-0.036915,0,111.52,40.11
32.7920,-0.043223,-0.034203,0,111.52,40.11
32.8000,-0.038828,-0.030966,0,111.52,40.11
32.8080,-0.033455,-0.027509,0,111.52,40.11
32.8160,-0.027595,-0.024075,0,111.52,40.11
32.8240,-0.023199,-0.020919,0,111.52,40.11
32.8320,-0.016850,-0.018409,0,111.52,40.11
32.8400,-0.010012,-0.016983,0,111.52,40.11
32.8480,-0.008059,-0.016845,0,111.52,40.11
32.8560,-0.008059,-0.017622,0,111.52,40.11
32.8640,-0.008547,-0.012105,0,111.52,40.11
32.8720,-0.007570,-0.011663,0,111.52,40.11
32.8800,-0.002198,-0.008742,0,111.52,40.11
32.8880,0.009035,-0.003099,0,111.52,40.11
32.8960,0.018315,0.004675,0,111.52,40.11
32.9040,0.030037,0.013413,0,111.52,40.11
32.9120,0.042735,0.021581,0,111.52,40.11
32.9200,0.052015,0.027483,0,111.52,40.11
32.9280,0.059341,0.029616,0,111.52,40.11
32.9360,0.059829,0.027092,0,111.52,40.11
32.9440,0.054457,0.019964,0,111.52,40.11
32.9520,0.046642,0.009219,0,111.52,40.11
32.9600,0.036874,-0.003501,0,111.52,40.11
32.9680,0.028571,0.122079,0,111.52,40.11
32.9760,0.023687,0.118027,0,111.52,40.11
32.9840,0.018315,0.114971,0,111.52,40.11
32.9920,0.014408,0.112188,0,111.52,40.11
33.0000,0.009035,0.108648,0,111.52,40.11
33.0080,0.002686,0.103454,0,111.52,40.11
33.0160,-0.008059,0.096253,0,111.52,40.11
33.0240,-0.020757,0.087473,0,111.52,40.11
33.0320,-0.035409,0.078188,0,111.52,40.11
33.0400,-0.048107,0.069649,0,111.52,40.11
33.0480,-0.057387,0.062705,0,111.52,40.11
33.0560,-0.065201,0.057460,0,111.52,40.11
33.0640,-0.071551,0.053313,0,111.52,40.11
33.0720,-0.078388,-0.018221,0,111.52,40.11
33.0800,-0.084249,-0.022131,0,111.52,40.11
33.0880,-0.089621,-0.024175,0,111.52,40.11
33.0960,-0.090110,-0.024148,0,111.52,40.11
33.1040,-0.088156,-0.022303,0,111.52,40.11
33.1120,-0.086203,-0.019338,0,111.52,40.11
33.1200,-0.084249,-0.016128,0,111.52,40.11
33.1280,-0.082784,-0.013439,0,111.52,40.11
33.1360,-0.083272,-0.011745,0,111.52,40.11
33.1440,-0.086203,-0.011156,0,111.52,40.11
33.1520,-0.087668,-0.011502,0,111.52,40.11
33.1600,-0.092063,-0.012478,0,111.52,40.11
33.1680,-0.094994,-0.013745,0,111.52,40.11
33.1760,-0.101343,-0.035125,0,111.52,40.11
33.1840,-0.105739,-0.038541,0,111.52,40.11
33.1920,-0.110623,-0.041227,0,111.52,40.11
33.2000,-0.115507,-0.042656,0,111.52,40.11
33.2080,-0.116972,-0.042560,0,111.52,40.11
33.2160,-0.117460,-0.041082,0,111.52,40.11
33.2240,-0.116972,-0.038720,0,111.52,40.11
33.2320,-0.116972,-0.036065,0,111.52,40.11
33.2400,-0.116972,-0.033477,0,111.52,40.11
33.2480,-0.121856,-0.030887,0,111.52,40.11
33.2560,-0.122344,-0.027975,0,111.52,40.11
33.2640,-0.119902,-0.024582,0,111.52,40.11
33.2720,-0.119902,-0.020864,0,111.52,40.11
33.2800,-0.119414,-0.050606,0,111.52,40.11
33.2880,-0.119414,-0.049696,0,111.52,40.11
33.2960,-0.119902,-0.050669,0,111.52,40.11
33.3040,-0.122344,-0.054497,0,111.52,40.11
33.3120,-0.130159,-0.061680,0,111.52,40.11
33.3200,-0.141880,-0.071768,0,111.52,40.11
33.3280,-0.152625,-0.083166,0,111.52,40.11
33.3360,-0.163858,-0.093197,0,111.52,40.11
33.3440,-0.171673,-0.098345,0,111.52,40.11
33.3520,-0.174603,-0.094914,0,111.52,40.11
33.3600,-0.164347,-0.080366,0,111.52,40.11
33.3680,-0.137485,-0.054993,0,111.52,40.11
33.3760,-0.093529,-0.022841,0,111.52,40.11
33.3840,-0.038828,-0.675406,0,111.52,40.11
33.3920,0.028083,-0.634151,0,111.52,40.11
33.4000,0.112088,-0.572585,0,111.52,40.11
33.4080,0.226374,-0.488879,0,111.52,40.11
33.4160,0.363126,-0.384337,0,111.52,40.11
33.4240,0.508669,-0.264901,0,111.52,40.11
33.4320,0.658120,-0.142278,0,111.52,40.11
33.4400,0.822222,-0.034680,0,111.52,40.11
33.4480,0.984860,0.035550,0,111.52,40.11
33.4560,1.000000,0.049226,1,111.52,40.11
33.4640,1.000000,-0.002358,1,111.52,40.11
33.4720,0.985348,-0.113695,0,111.52,40.11
33.4800,0.790476,-0.262331,0,111.52,40.11
33.4880,0.579976,0.665695,0,111.52,40.11
33.4960,0.383150,0.490981,0,111.52,40.11
33.5040,0.196581,0.319618,0,111.52,40.11
33.5120,0.024176,0.167633,0,111.52,40.11
33.5200,-0.122344,0.046553,0,111.52,40.11
33.5280,-0.226862,-0.036207,0,111.52,40.11
33.5360,-0.284493,-0.078021,0,111.52,40.11
33.5440,-0.289377,-0.081830,0,111.52,40.11
33.5520,-0.262515,-0.055690,0,111.52,40.11
33.5600,-0.210745,-0.010607,0,111.52,40.11
33.5680,-0.156044,0.042738,0,111.52,40.11
33.5760,-0.108181,0.097171,0,111.52,40.11
33.5840,-0.077411,0.150575,0,111.52,40.11
33.5920,-0.064225,0.025139,0,111.52,40.11
33.6000,-0.069109,0.030019,0,111.52,40.11
33.6080,-0.080830,0.023718,0,111.52,40.11
33.6160,-0.101343,0.011360,0,111.52,40.11
33.6240,-0.117460,-0.002102,0,111.52,40.11
33.6320,-0.132601,-0.012941,0,111.52,40.11
33.6400,-0.138950,-0.019194,0,111.52,40.11
33.6480,-0.140904,-0.020644,0,111.52,40.11
33.6560,-0.138462,-0.018360,0,111.52,40.11
33.6640,-0.133578,-0.013957,0,111.52,40.11
33.6720,-0.132601,-0.008836,0,111.52,40.11
33.6800,-0.132112,-0.003733,0,111.52,40.11
33.6880,-0.132601,0.001261,0,111.52,40.11
33.6960,-0.132112,-0.272522,0,111.52,40.11
33.7040,-0.124786,-0.270507,0,111.52,40.11
33.7120,-0.115995,-0.265121,0,111.52,40.11
33.7200,-0.105739,-0.257306,0,111.52,40.11
33.7280,-0.101343,-0.248146,0,111.52,40.11
33.7360,-0.101343,-0.238132,0,111.52,40.11
33.7440,-0.105739,-0.226949,0,111.52,40.11
33.7520,-0.110623,-0.213891,0,111.52,40.11
33.7600,-0.114530,-0.198525,0,111.52,40.11
33.7680,-0.114530,-0.181153,0,111.52,40.11
33.7760,-0.111111,-0.162775,0,111.52,40.11
33.7840,-0.110134,-0.144442,0,111.52,40.11
33.7920,-0.107204,-0.126539,0,111.52,40.11
33.8000,-0.106716,0.010008,0,111.52,40.11
33.8080,-0.102808,0.019611,0,111.52,40.11
33.8160,-0.098413,0.025606,0,111.52,40.11
33.8240,-0.095971,0.027784,0,111.52,40.11
33.8320,-0.093040,0.026226,0,111.52,40.11
33.8400,-0.094994,0.021582,0,111.52,40.11
33.8480,-0.098901,0.015213,0,111.52,40.11
33.8560,-0.103785,0.008956,0,111.52,40.11
33.8640,-0.106716,0.004543,0,111.52,40.11
33.8720,-0.104274,0.002999,0,111.52,40.11
33.8800,-0.103297,0.004419,0,111.52,40.11
33.8880,-0.097924,0.008143,0,111.52,40.11
33.8960,-0.094505,0.013079,0,111.52,40.11
33.9040,-0.091087,0.004999,0,111.52,40.11
33.9120,-0.087179,0.007889,0,111.52,40.11
33.9200,-0.088156,0.009670,0,111.52,40.11
33.9280,-0.085714,0.010417,0,111.52,40.11
33.9360,-0.085226,0.010309,0,111.52,40.11
33.9440,-0.083761,0.009486,0,111.52,40.11
33.9520,-0.083272,0.008107,0,111.52,40.11
33.9600,-0.085226,0.006463,0,111.52,40.11
33.9680,-0.085714,0.004974,0,111.52,40.11
33.9760,-0.084249,0.004017,0,111.52,40.11
33.9840,-0.084249,0.003822,0,111.52,40.11
33.9920,-0.083272,0.004423,0,111.52,40.11
34.0000,-0.078877,0.005555,0,111.52,40.11
34.0080,-0.076923,0.016412,0,111.52,40.11
34.0160,-0.078877,0.014765,0,111.52,40.11
34.0240,-0.084249,0.011933,0,111.52,40.11
34.0320,-0.087179,0.008655,0,111.52,40.11
34.0400,-0.092063,0.005740,0,111.52,40.11
34.0480,-0.092552,0.003625,0,111.52,40.11
34.0560,-0.090110,0.002228,0,111.52,40.11
34.0640,-0.090598,0.001238,0,111.52,40.11
34.0720,-0.093040,0.000592,0,111.52,40.11
34.0800,-0.093040,0.000596,0,111.52,40.11
34.0880,-0.093040,0.001591,0,111.52,40.11
34.0960,-0.088156,0.003599,0,111.52,40.11
34.1040,-0.085226,0.006227,0,111.52,40.11
34.1120,-0.083272,0.021586,0,111.52,40.11
34.1200,-0.085714,0.022837,0,111.52,40.11
34.1280,-0.084737,0.023642,0,111.52,40.11
34.1360,-0.083272,0.024179,0,111.52,40.11
34.1440,-0.084737,0.024560,0,111.52,40.11
34.1520,-0.085226,0.024878,0,111.52,40.11
34.1600,-0.085714,0.025137,0,111.52,40.11
34.1680,-0.084249,0.025126,0,111.52,40.11
34.1760,-0.085714,0.024466,0,111.52,40.11
34.1840,-0.087179,0.022783,0,111.52,40.11
34.1920,-0.090598,0.019870,0,111.52,40.11
34.2000,-0.094017,0.015789,0,111.52,40.11
34.2080,-0.101343,0.010972,0,111.52,40.11
34.2160,-0.104274,-0.015184,0,111.52,40.11
34.2240,-0.107692,-0.017377,0,111.52,40.11
34.2320,-0.107204,-0.017424,0,111.52,40.11
34.2400,-0.103785,-0.015458,0,111.52,40.11
34.2480,-0.100855,-0.012170,0,111.52,40.11
34.2560,-0.094505,-0.008615,0,111.52,40.11
34.2640,-0.090598,-0.005863,0,111.52,40.11
34.2720,-0.090110,-0.004574,0,111.52,40.11
34.2800,-0.091087,-0.004746,0,111.52,40.11
34.2880,-0.092552,-0.005826,0,111.52,40.11
34.2960,-0.095971,-0.007066,0,111.52,40.11
34.3040,-0.095482,-0.007939,0,111.52,40.11
34.3120,-0.094505,-0.008424,0,111.52,40.11
34.3200,-0.094994,-0.020000,0,111.52,40.11
34.3280,-0.094017,-0.019499,0,111.52,40.11
34.3360,-0.091087,-0.018657,0,111.52,40.11
34.3440,-0.088645,-0.017858,0,111.52,40.11
34.3520,-0.088645,-0.017433,0,111.52,40.11
34.3600,-0.085714,-0.017534,0,111.52,40.11
34.3680,-0.086691,-0.018088,0,111.52,40.11
34.3760,-0.086203,-0.018762,0,111.52,40.11
34.3840,-0.085226,-0.019025,0,111.52,40.11
34.3920,-0.085714,-0.018289,0,111.52,40.11
34.4000,-0.081319,-0.016143,0,111.52,40.11
34.4080,-0.077900,-0.012593,0,111.52,40.11
34.4160,-0.070574,-0.008162,0,111.52,40.11
34.4240,-0.065201,0.014543,0,111.52,40.11
34.4320,-0.063248,0.016424,0,111.52,40.11
34.4400,-0.064713,0.016170,0,111.52,40.11
34.4480,-0.066667,0.014094,0,111.52,40.11
34.4560,-0.070085,0.011006,0,111.52,40.11
34.4640,-0.074481,0.007958,0,111.52,40.11
34.4720,-0.077411,0.005921,0,111.52,40.11
34.4800,-0.077411,0.005400,0,111.52,40.11
34.4880,-0.074481,0.006193,0,111.52,40.11
34.4960,-0.071062,0.007525,0,111.52,40.11
34.5040,-0.068620,0.008525,0,111.52,40.11
34.5120,-0.069109,0.008735,0,111.52,40.11
34.5200,-0.070085,0.008330,0,111.52,40.11
34.5280,-0.077411,0.028222,0,111.52,40.11
34.5360,-0.085226,0.024220,0,111.52,40.11
34.5440,-0.088645,0.021615,0,111.52,40.11
34.5520,-0.089621,0.021401,0,111.52,40.11
34.5600,-0.086203,0.023543,0,111.52,40.11
34.5680,-0.083272,0.027037,0,111.52,40.11
34.5760,-0.077411,0.030303,0,111.52,40.11
34.5840,-0.076435,0.031796,0,111.52,40.11
34.5920,-0.078877,0.030629,0,111.52,40.11
34.6000,-0.085714,0.026885,0,111.52,40.11
34.6080,-0.094017,0.021409,0,111.52,40.11
34.6160,-0.102320,0.015224,0,111.52,40.11
34.6240,-0.106227,0.008945,0,111.52,40.11
34.6320,-0.110134,-0.030306,0,111.52,40.11
34.6400,-0.111600,-0.034390,0,111.52,40.11
34.6480,-0.116484,-0.037227,0,111.52,40.11
34.6560,-0.116972,-0.038587,0,111.52,40.11
34.6640,-0.116972,-0.038201,0,111.52,40.11
34.6720,-0.114042,-0.035983,0,111.52,40.11
34.6800,-0.109646,-0.032197,0,111.52,40.11
34.6880,-0.103297,-0.027510,0,111.52,40.11
34.6960,-0.095971,-0.022887,0,111.52,40.11
34.7040,-0.092063,-0.019287,0,111.52,40.11
34.7120,-0.088156,-0.017314,0,111.52,40.11
34.7200,-0.089133,-0.016971,0,111.52,40.11
34.7280,-0.090598,-0.017640,0,111.52,40.11
34.7360,-0.092552,-0.014617,0,111.52,40.11
34.7440,-0.096459,-0.016837,0,111.52,40.11
34.7520,-0.099878,-0.018842,0,111.52,40.11
34.7600,-0.100366,-0.020259,0,111.52,40.11
34.7680,-0.098901,-0.020930,0,111.52,40.11
34.7760,-0.099878,-0.020819,0,111.52,40.11
34.7840,-0.098413,-0.019925,0,111.52,40.11
34.7920,-0.094017,-0.018336,0,111.52,40.11
34.8000,-0.091087,-0.016280,0,111.52,40.11
34.8080,-0.086203,-0.014070,0,111.52,40.11
34.8160,-0.082784,-0.012004,0,111.52,40.11
34.8240,-0.078388,-0.010256,0,111.52,40.11
34.8320,-0.077411,-0.008774,0,111.52,40.11
34.8400,-0.078388,-0.006462,0,111.52,40.11
34.8480,-0.082295,-0.009640,0,111.52,40.11
34.8560,-0.087179,-0.013451,0,111.52,40.11
34.8640,-0.091087,-0.016821,0,111.52,40.11
34.8720,-0.092552,-0.018831,0,111.52,40.11
34.8800,-0.092063,-0.018991,0,111.52,40.11
34.8880,-0.089133,-0.017341,0,111.52,40.11
34.8960,-0.084737,-0.014413,0,111.52,40.11
34.9040,-0.078388,-0.011076,0,111.52,40.11
34.9120,-0.073016,-0.008249,0,111.52,40.11
34.9200,-0.070085,-0.006529,0,111.52,40.11
34.9280,-0.070085,-0.005954,0,111.52,40.11
34.9360,-0.068620,-0.006072,0,111.52,40.11
34.9440,-0.064713,0.020060,0,111.52,40.11
34.9520,-0.062271,0.021099,0,111.52,40.11
34.9600,-0.060806,0.021405,0,111.52,40.11
34.9680,-0.061783,0.020916,0,111.52,40.11
34.9760,-0.063248,0.019822,0,111.52,40.11
34.9840,-0.064713,0.018395,0,111.52,40.11
34.9920,-0.062759,0.016791,0,111.52,40.11
35.0000,-0.066667,0.015089,0,111.52,40.11
35.0080,-0.067155,0.013451,0,111.52,40.11
35.0160,-0.070085,0.012107,0,111.52,40.11
35.0240,-0.070085,0.011219,0,111.52,40.11
35.0320,-0.070085,0.010768,0,111.52,40.11
35.0400,-0.070085,0.010573,0,111.52,40.11
35.0480,-0.070085,0.019392,0,111.52,40.11
35.0560,-0.070574,0.019181,0,111.52,40.11
35.0640,-0.071062,0.018531,0,111.52,40.11
35.0720,-0.071551,0.017455,0,111.52,40.11
35.0800,-0.074969,0.016172,0,111.52,40.11
35.0880,-0.076923,0.015035,0,111.52,40.11
35.0960,-0.077900,0.014273,0,111.52,40.11
35.1040,-0.076923,0.013790,0,111.52,40.11
35.1120,-0.077411,0.013247,0,111.52,40.11
35.1200,-0.078388,0.012360,0,111.52,40.11
35.1280,-0.082295,0.011141,0,111.52,40.11
35.1360,-0.085714,0.009827,0,111.52,40.11
35.1440,-0.085714,0.008584,0,111.52,40.11
35.1520,-0.085226,-0.011002,0,111.52,40.11
35.1600,-0.080342,-0.007698,0,111.52,40.11
35.1680,-0.073504,-0.003061,0,111.52,40.11
35.1760,-0.068620,0.002016,0,111.52,40.11
35.1840,-0.062759,0.006614,0,111.52,40.11
35.1920,-0.059341,0.009988,0,111.52,40.11
35.2000,-0.056899,0.011659,0,111.52,40.11
35.2080,-0.055922,0.011491,0,111.52,40.11
35.2160,-0.059829,0.009755,0,111.52,40.11
35.2240,-0.062759,0.007048,0,111.52,40.11
35.2320,-0.065690,0.004023,0,111.52,40.11
35.2400,-0.069597,0.001118,0,111.52,40.11
35.2480,-0.070574,-0.001581,0,111.52,40.11
35.2560,-0.074481,0.004233,0,111.52,40.11
35.2640,-0.071551,0.004147,0,111.52,40.11
35.2720,-0.071551,0.003835,0,111.52,40.11
35.2800,-0.073016,0.002404,0,111.52,40.11
35.2880,-0.076435,-0.000678,0,111.52,40.11
35.2960,-0.081319,-0.005333,0,111.52,40.11
35.3040,-0.088156,-0.010809,0,111.52,40.11
35.3120,-0.094505,-0.015774,0,111.52,40.11
35.3200,-0.100855,-0.018649,0,111.52,40.11
35.3280,-0.100855,-0.018174,0,111.52,40.11
35.3360,-0.095482,-0.013975,0,111.52,40.11
35.3440,-0.086691,-0.006714,0,111.52,40.11
35.3520,-0.078388,0.002225,0,111.52,40.11
35.3600,-0.070085,0.040896,0,111.52,40.11
35.3680,-0.068620,0.046704,0,111.52,40.11
35.3760,-0.065690,0.049258,0,111.52,40.11
35.3840,-0.070085,0.048494,0,111.52,40.11
35.3920,-0.075458,0.045058,0,111.52,40.11
35.4000,-0.084737,0.040114,0,111.52,40.11
35.4080,-0.092063,0.034937,0,111.52,40.11
35.4160,-0.098413,0.030466,0,111.52,40.11
35.4240,-0.101343,0.027063,0,111.52,40.11
35.4320,-0.104762,0.024677,0,111.52,40.11
35.4400,-0.109646,0.023210,0,111.52,40.11
35.4480,-0.115995,0.022649,0,111.52,40.11
35.4560,-0.114042,0.022755,0,111.52,40.11
35.4640,-0.106227,-0.040691,0,111.52,40.11
35.4720,-0.094994,-0.033545,0,111.52,40.11
35.4800,-0.085714,-0.025942,0,111.52,40.11
35.4880,-0.079365,-0.019583,0,111.52,40.11
35.4960,-0.074481,-0.015526,0,111.52,40.11
35.5040,-0.073016,-0.014006,0,111.52,40.11
35.5120,-0.075458,-0.014484,0,111.52,40.11
35.5200,-0.076435,-0.015924,0,111.52,40.11
35.5280,-0.078388,-0.017210,0,111.52,40.11
35.5360,-0.077411,-0.017516,0,111.52,40.11
35.5440,-0.075946,-0.016503,0,111.52,40.11
35.5520,-0.071551,-0.014331,0,111.52,40.11
35.5600,-0.068132,-0.011519,0,111.52,40.11
35.5680,-0.059829,-0.036282,0,111.52,40.11
35.5760,-0.052503,-0.031331,0,111.52,40.11
35.5840,-0.045665,-0.026554,0,111.52,40.11
35.5920,-0.039316,-0.022619,0,111.52,40.11
35.6000,-0.033455,-0.019991,0,111.52,40.11
35.6080,-0.030525,-0.018857,0,111.52,40.11
35.6160,-0.027595,-0.019077,0,111.52,40.11
35.6240,-0.024664,-0.020191,0,111.52,40.11
35.6320,-0.023687,-0.021415,0,111.52,40.11
35.6400,-0.023199,-0.021700,0,111.52,40.11
35.6480,-0.020757,-0.020082,0,111.52,40.11
35.6560,-0.012943,-0.016270,0,111.52,40.11
35.6640,-0.002198,-0.011001,0,111.52,40.11
35.6720,0.014896,0.061135,0,111.52,40.11
35.6800,0.030525,0.075766,0,111.52,40.11
35.6880,0.043712,0.088573,0,111.52,40.11
35.6960,0.054945,0.097354,0,111.52,40.11
35.7040,0.057875,0.100660,0,111.52,40.11
35.7120,0.055922,0.098185,0,111.52,40.11
35.7200,0.048107,0.090897,0,111.52,40.11
35.7280,0.033944,0.080768,0,111.52,40.11
35.7360,0.024176,0.070090,0,111.52,40.11
35.7440,0.016361,0.060639,0,111.52,40.11
35.7520,0.010989,0.053214,0,111.52,40.11
35.7600,0.008059,0.047669,0,111.52,40.11
35.7680,0.005128,0.043213,0,111.52,40.11
35.7760,0.003663,0.106046,0,111.52,40.11
35.7840,-0.003175,0.103228,0,111.52,40.11
35.7920,-0.009035,0.098233,0,111.52,40.11
35.8000,-0.022711,0.091050,0,111.52,40.11
35.8080,-0.033944,0.082298,0,111.52,40.11
35.8160,-0.047131,0.072944,0,111.52,40.11
35.8240,-0.058852,0.064033,0,111.52,40.11
35.8320,-0.071062,0.056517,0,111.52,40.11
35.8400,-0.080342,0.051054,0,111.52,40.11
35.8480,-0.085714,0.047760,0,111.52,40.11
35.8560,-0.088156,0.046159,0,111.52,40.11
35.8640,-0.092063,0.045503,0,111.52,40.11
35.8720,-0.097924,0.045220,0,111.52,40.11
35.8800,-0.101343,-0.027746,0,111.52,40.11
35.8880,-0.105739,-0.030988,0,111.52,40.11
35.8960,-0.112576,-0.033727,0,111.52,40.11
35.9040,-0.115995,-0.035427,0,111.52,40.11
35.9120,-0.116972,-0.035786,0,111.52,40.11
35.9200,-0.116972,-0.034903,0,111.52,40.11
35.9280,-0.116972,-0.033134,0,111.52,40.11
35.9360,-0.116972,-0.030880,0,111.52,40.11
35.9440,-0.115507,-0.028460,0,111.52,40.11
35.9520,-0.115507,-0.026040,0,111.52,40.11
35.9600,-0.116972,-0.023584,0,111.52,40.11
35.9680,-0.116972,-0.020963,0,111.52,40.11
35.9760,-0.116484,-0.018164,0,111.52,40.11
35.9840,-0.116972,-0.046457,0,111.52,40.11
35.9920,-0.116972,-0.044526,0,111.52,40.11
36.0000,-0.116972,-0.042228,0,111.52,40.11
36.0080,-0.116972,-0.039585,0,111.52,40.11
36.0160,-0.116972,-0.036625,0,111.52,40.11
36.0240,-0.115995,-0.033404,0,111.52,40.11
36.0320,-0.115507,-0.030036,0,111.52,40.11
36.0400,-0.114530,-0.026727,0,111.52,40.11
36.0480,-0.113553,-0.023806,0,111.52,40.11
36.0560,-0.110623,-0.021678,0,111.52,40.11
36.0640,-0.114042,-0.020586,0,111.52,40.11
36.0720,-0.116484,-0.020407,0,111.52,40.11
36.0800,-0.118926,-0.020735,0,111.52,40.11
36.0880,-0.125275,-0.199511,0,111.52,40.11
36.0960,-0.134066,-0.217522,0,111.52,40.11
36.1040,-0.148230,-0.240452,0,111.52,40.11
36.1120,-0.169231,-0.267288,0,111.52,40.11
36.1200,-0.191697,-0.295257,0,111.52,40.11
36.1280,-0.210745,-0.320083,0,111.52,40.11
36.1360,-0.221001,-0.336748,0,111.52,40.11
36.1440,-0.218071,-0.340447,0,111.52,40.11
36.1520,-0.195116,-0.327491,0,111.52,40.11
36.1600,-0.156532,-0.295967,0,111.52,40.11
36.1680,-0.099878,-0.246202,0,111.52,40.11
36.1760,-0.029548,-0.181323,0,111.52,40.11
36.1840,0.065690,-0.107719,0,111.52,40.11
36.1920,0.182418,0.143643,0,111.52,40.11
36.2000,0.324054,0.285730,0,111.52,40.11
36.2080,0.476923,0.444557,0,111.52,40.11
36.2160,0.641514,0.608574,0,111.52,40.11
36.2240,0.831013,0.759797,0,111.52,40.11
36.2320,1.000000,0.877574,0,111.52,40.11
36.2400,1.000000,0.946306,1,111.52,40.11
36.2480,1.000000,0.958840,1,111.52,40.11
36.2560,1.000000,0.911987,0,111.52,40.11
36.2640,0.935531,0.804048,0,111.52,40.11
36.2720,0.720635,0.639809,0,111.52,40.11
36.2800,0.507692,0.433878,0,111.52,40.11
36.2880,0.298168,0.206600,0,111.52,40.11
36.2960,0.096459,0.076202,0,111.52,40.11
36.3040,-0.085714,-0.097345,0,111.52,40.11
36.3120,-0.218559,-0.226639,0,111.52,40.11
36.3200,-0.295726,-0.303698,0,111.52,40.11
36.3280,-0.315263,-0.328962,0,111.52,40.11
36.3360,-0.288889,-0.311124,0,111.52,40.11
36.3440,-0.226374,-0.265079,0,111.52,40.11
36.3520,-0.162393,-0.208222,0,111.52,40.11
36.3600,-0.104762,-0.156188,0,111.52,40.11
36.3680,-0.069597,-0.119551,0,111.52,40.11
36.3760,-0.052991,-0.102330,0,111.52,40.11
36.3840,-0.054457,-0.102175,0,111.52,40.11
36.3920,-0.069109,-0.111727,0,111.52,40.11
36.4000,-0.087179,0.000473,0,111.52,40.11
36.4080,-0.106716,-0.015071,0,111.52,40.11
36.4160,-0.121856,-0.028702,0,111.52,40.11
36.4240,-0.131136,-0.038437,0,111.52,40.11
36.4320,-0.133578,-0.044007,0,111.52,40.11
36.4400,-0.135043,-0.046189,0,111.52,40.11
36.4480,-0.136996,-0.046017,0,111.52,40.11
36.4560,-0.133578,-0.044325,0,111.52,40.11
36.4640,-0.132601,-0.041619,0,111.52,40.11
36.4720,-0.133089,-0.038040,0,111.52,40.11
36.4800,-0.133089,-0.033502,0,111.52,40.11
36.4880,-0.132601,-0.028008,0,111.52,40.11
36.4960,-0.135043,-0.021852,0,111.52,40.11
36.5040,-0.132601,-0.252009,0,111.52,40.11
36.5120,-0.129182,-0.245342,0,111.52,40.11
36.5200,-0.125763,-0.234557,0,111.52,40.11
36.5280,-0.124298,-0.220247,0,111.52,40.11
36.5360,-0.120391,-0.203471,0,111.52,40.11
36.5440,-0.120391,-0.185595,0,111.52,40.11
36.5520,-0.119414,-0.168007,0,111.52,40.11
36.5600,-0.123810,-0.151919,0,111.52,40.11
36.5680,-0.125275,-0.138298,0,111.52,40.11
36.5760,-0.129670,-0.127758,0,111.52,40.11
36.5840,-0.132601,-0.120356,0,111.52,40.11
36.5920,-0.132601,-0.115525,0,111.52,40.11
36.6000,-0.130647,-0.112189,0,111.52,40.11
36.6080,-0.127228,0.015731,0,111.52,40.11
36.6160,-0.121856,0.017981,0,111.52,40.11
36.6240,-0.118926,0.018037,0,111.52,40.11
36.6320,-0.116972,0.016041,0,111.52,40.11
36.6400,-0.117460,0.012499,0,111.52,40.11
36.6480,-0.121856,0.008215,0,111.52,40.11
36.6560,-0.123321,0.004083,0,111.52,40.11
36.6640,-0.127717,0.000877,0,111.52,40.11
36.6720,-0.131624,-0.000809,0,111.52,40.11
36.6800,-0.132601,-0.000628,0,111.52,40.11
36.6880,-0.132112,0.001431,0,111.52,40.11
36.6960,-0.131136,0.005039,0,111.52,40.11
36.7040,-0.126252,0.009536,0,111.52,40.11
36.7120,-0.119414,0.003358,0,111.52,40.11
36.7200,-0.111600,0.009971,0,111.52,40.11
36.7280,-0.105739,0.015837,0,111.52,40.11
36.7360,-0.100366,0.020032,0,111.52,40.11
36.7440,-0.097924,0.021919,0,111.52,40.11
36.7520,-0.096947,0.021308,0,111.52,40.11
36.7600,-0.101343,0.018583,0,111.52,40.11
36.7680,-0.105250,0.014661,0,111.52,40.11
36.7760,-0.110134,0.010700,0,111.52,40.11
36.7840,-0.111600,0.007739,0,111.52,40.11
36.7920,-0.114042,0.006433,0,111.52,40.11
36.8000,-0.113553,0.006875,0,111.52,40.11
36.8080,-0.108669,0.008458,0,111.52,40.11
36.8160,-0.106227,-0.013807,0,111.52,40.11
36.8240,-0.105739,-0.013760,0,111.52,40.11
36.8320,-0.106716,-0.013859,0,111.52,40.11
36.8400,-0.105739,-0.013586,0,111.52,40.11
36.8480,-0.104274,-0.012431,0,111.52,40.11
36.8560,-0.100366,-0.010281,0,111.52,40.11
36.8640,-0.094505,-0.007564,0,111.52,40.11
36.8720,-0.088645,-0.005094,0,111.52,40.11
36.8800,-0.084737,-0.003618,0,111.52,40.11
36.8880,-0.084737,-0.003366,0,111.52,40.11
36.8960,-0.085714,-0.003970,0,111.52,40.11
36.9040,-0.085714,-0.004843,0,111.52,40.11
36.9120,-0.082295,-0.005674,0,111.52,40.11
36.9200,-0.076435,0.012362,0,111.52,40.11
36.9280,-0.071062,0.015330,0,111.52,40.11
36.9360,-0.067155,0.017482,0,111.52,40.11
36.9440,-0.066667,0.018104,0,111.52,40.11
36.9520,-0.064713,0.017028,0,111.52,40.11
36.9600,-0.070085,0.014684,0,111.52,40.11
36.9680,-0.071062,0.011917,0,111.52,40.11
36.9760,-0.073016,0.009576,0,111.52,40.11
36.9840,-0.072039,0.008163,0,111.52,40.11
36.9920,-0.069597,0.007736,0,111.52,40.11
37.0000,-0.068620,0.008060,0,111.52,40.11
37.0080,-0.064713,0.008800,0,111.52,40.11
37.0160,-0.063736,0.009688,0,111.52,40.11
37.0240,-0.064225,0.024719,0,111.52,40.11
37.0320,-0.065690,0.024468,0,111.52,40.11
37.0400,-0.064225,0.023479,0,111.52,40.11
37.0480,-0.063248,0.021581,0,111.52,40.11
37.0560,-0.068620,0.018863,0,111.52,40.11
37.0640,-0.073504,0.015910,0,111.52,40.11
37.0720,-0.076435,0.013513,0,111.52,40.11
37.0800,-0.076435,0.012128,0,111.52,40.11
37.0880,-0.073504,0.011657,0,111.52,40.11
37.0960,-0.074481,0.011672,0,111.52,40.11
37.1040,-0.073016,0.011771,0,111.52,40.11
37.1120,-0.072527,0.011735,0,111.52,40.11
37.1200,-0.073016,0.011555,0,111.52,40.11
37.1280,-0.070085,0.017400,0,111.52,40.11
37.1360,-0.068620,0.019050,0,111.52,40.11
37.1440,-0.065201,0.020242,0,111.52,40.11
37.1520,-0.065690,0.020412,0,111.52,40.11
37.1600,-0.065690,0.019204,0,111.52,40.11
37.1680,-0.070085,0.016623,0,111.52,40.11
37.1760,-0.072527,0.013041,0,111.52,40.11
37.1840,-0.077411,0.009130,0,111.52,40.11
37.1920,-0.082295,0.005784,0,111.52,40.11
37.2000,-0.085714,0.003918,0,111.52,40.11
37.2080,-0.085714,0.004109,0,111.52,40.11
37.2160,-0.083272,0.006285,0,111.52,40.11
37.2240,-0.078877,0.009682,0,111.52,40.11
37.2320,-0.076923,0.017571,0,111.52,40.11
37.2400,-0.072527,0.022890,0,111.52,40.11
37.2480,-0.067155,0.027699,0,111.52,40.11
37.2560,-0.063736,0.030981,0,111.52,40.11
37.2640,-0.063248,0.031934,0,111.52,40.11
37.2720,-0.067643,0.030318,0,111.52,40.11
37.2800,-0.071551,0.026542,0,111.52,40.11
37.2880,-0.079365,0.021523,0,111.52,40.11
37.2960,-0.085714,0.016452,0,111.52,40.11
37.3040,-0.091087,0.012518,0,111.52,40.11
37.3120,-0.096947,0.010608,0,111.52,40.11
37.3200,-0.097924,0.010945,0,111.52,40.11
37.3280,-0.094017,0.012796,0,111.52,40.11
37.3360,-0.093040,0.012358,0,111.52,40.11
37.3440,-0.093529,0.013376,0,111.52,40.11
37.3520,-0.094505,0.012947,0,111.52,40.11
37.3600,-0.099878,0.011069,0,111.52,40.11
37.3680,-0.104274,0.008333,0,111.52,40.11
37.3760,-0.110134,0.005622,0,111.52,40.11
37.3840,-0.114530,0.003668,0,111.52,40.11
37.3920,-0.112576,0.002681,0,111.52,40.11
37.4000,-0.113553,0.002419,0,111.52,40.11
37.4080,-0.116972,0.002629,0,111.52,40.11
37.4160,-0.119414,0.003283,0,111.52,40.11
37.4240,-0.117460,0.004373,0,111.52,40.11
37.4320,-0.118437,0.005736,0,111.52,40.11
37.4400,-0.119902,0.008813,0,111.52,40.11
37.4480,-0.119902,0.009207,0,111.52,40.11
37.4560,-0.121368,0.009053,0,111.52,40.11
37.4640,-0.126252,0.008548,0,111.52,40.11
37.4720,-0.130647,0.008090,0,111.52,40.11
37.4800,-0.131136,0.007883,0,111.52,40.11
37.4880,-0.130159,0.007670,0,111.52,40.11
37.4960,-0.132601,0.006997,0,111.52,40.11
37.5040,-0.136020,0.005709,0,111.52,40.11
37.5120,-0.141392,0.004182,0,111.52,40.11
37.5200,-0.146764,0.003095,0,111.52,40.11
37.5280,-0.148230,0.002899,0,111.52,40.11
37.5360,-0.147741,0.003426,0,111.52,40.11
37.5440,-0.145299,-0.044805,0,111.52,40.11
37.5520,-0.144811,-0.043635,0,111.52,40.11
37.5600,-0.142857,-0.042347,0,111.52,40.11
37.5680,-0.141392,-0.041322,0,111.52,40.11
37.5760,-0.141880,-0.040710,0,111.52,40.11
37.5840,-0.140415,-0.040403,0,111.52,40.11
37.5920,-0.139927,-0.040051,0,111.52,40.11
37.6000,-0.141392,-0.039114,0,111.52,40.11
37.6080,-0.138950,-0.037077,0,111.52,40.11
37.6160,-0.132601,-0.033788,0,111.52,40.11
37.6240,-0.126252,-0.029522,0,111.52,40.11
37.6320,-0.121856,-0.024702,0,111.52,40.11
37.6400,-0.115995,-0.019666,0,111.52,40.11
37.6480,-0.113553,0.000702,0,111.52,40.11
37.6560,-0.112088,0.002404,0,111.52,40.11
37.6640,-0.112576,0.003591,0,111.52,40.11
37.6720,-0.110623,0.004555,0,111.52,40.11
37.6800,-0.108669,0.005391,0,111.52,40.11
37.6880,-0.106227,0.005968,0,111.52,40.11
37.6960,-0.106227,0.006094,0,111.52,40.11
37.7040,-0.106227,0.005695,0,111.52,40.11
37.7120,-0.108181,0.004890,0,111.52,40.11
37.7200,-0.109646,0.003931,0,111.52,40.11
37.7280,-0.110134,0.003057,0,111.52,40.11
37.7360,-0.111111,0.002382,0,111.52,40.11
37.7440,-0.110623,0.001859,0,111.52,40.11
37.7520,-0.110623,-0.008511,0,111.52,40.11
37.7600,-0.109646,-0.010023,0,111.52,40.11
37.7680,-0.111600,-0.011473,0,111.52,40.11
37.7760,-0.114530,-0.012205,0,111.52,40.11
37.7840,-0.114042,-0.011518,0,111.52,40.11
37.7920,-0.108181,-0.009266,0,111.52,40.11
37.8000,-0.101343,-0.006101,0,111.52,40.11
37.8080,-0.096459,-0.003118,0,111.52,40.11
37.8160,-0.091087,-0.001256,0,111.52,40.11
37.8240,-0.092552,-0.000862,0,111.52,40.11
37.8320,-0.092552,-0.001662,0,111.52,40.11
37.8400,-0.092063,-0.003125,0,111.52,40.11
37.8480,-0.091087,-0.004838,0,111.52,40.11
37.8560,-0.091087,0.000797,0,111.52,40.11
37.8640,-0.094017,-0.000982,0,111.52,40.11
37.8720,-0.094505,-0.002386,0,111.52,40.11
37.8800,-0.092552,-0.003382,0,111.52,40.11
37.8880,-0.089621,-0.004260,0,111.52,40.11
37.8960,-0.090598,-0.005332,0,111.52,40.11
37.9040,-0.090598,-0.006596,0,111.52,40.11
37.9120,-0.091087,-0.007713,0,111.52,40.11
37.9200,-0.090598,-0.008203,0,111.52,40.11
37.9280,-0.089133,-0.007690,0,111.52,40.11
37.9360,-0.085714,-0.006079,0,111.52,40.11
37.9440,-0.080830,-0.003600,0,111.52,40.11
37.9520,-0.077411,-0.000671,0,111.52,40.11
37.9600,-0.073504,0.023078,0,111.52,40.11
37.9680,-0.071551,0.023955,0,111.52,40.11
37.9760,-0.073504,0.022733,0,111.52,40.11
37.9840,-0.077411,0.019574,0,111.52,40.11
37.9920,-0.084737,0.015066,0,111.52,40.11
38.0000,-0.085714,0.009913,0,111.52,40.11
38.0080,-0.091087,0.004813,0,111.52,40.11
38.0160,-0.098413,0.000625,0,111.52,40.11
38.0240,-0.101343,-0.001685,0,111.52,40.11
38.0320,-0.100855,-0.001485,0,111.52,40.11
38.0400,-0.095971,0.001189,0,111.52,40.11
38.0480,-0.091087,0.005720,0,111.52,40.11
38.0560,-0.085714,0.011207,0,111.52,40.11
38.0640,-0.078877,-0.007122,0,111.52,40.11
38.0720,-0.073504,-0.004160,0,111.52,40.11
38.0800,-0.070085,-0.003414,0,111.52,40.11
38.0880,-0.072039,-0.004822,0,111.52,40.11
38.0960,-0.075946,-0.007392,0,111.52,40.11
38.1040,-0.080342,-0.009606,0,111.52,40.11
38.1120,-0.078877,-0.010184,0,111.52,40.11
38.1200,-0.076435,-0.008707,0,111.52,40.11
38.1280,-0.070574,-0.005758,0,111.52,40.11
38.1360,-0.063736,-0.002605,0,111.52,40.11
38.1440,-0.058852,-0.000532,0,111.52,40.11
38.1520,-0.059829,-0.000113,0,111.52,40.11
38.1600,-0.061783,-0.000890,0,111.52,40.11
38.1680,-0.064713,0.008803,0,111.52,40.11
38.1760,-0.072039,0.002099,0,111.52,40.11
38.1840,-0.079853,-0.005545,0,111.52,40.11
38.1920,-0.087668,-0.012696,0,111.52,40.11
38.2000,-0.093529,-0.017907,0,111.52,40.11
38.2080,-0.096947,-0.020106,0,111.52,40.11
38.2160,-0.094017,-0.018990,0,111.52,40.11
38.2240,-0.088645,-0.015211,0,111.52,40.11
38.2320,-0.081319,-0.010178,0,111.52,40.11
38.2400,-0.074969,-0.005553,0,111.52,40.11
38.2480,-0.070574,-0.002647,0,111.52,40.11
38.2560,-0.070085,-0.001889,0,111.52,40.11
38.2640,-0.073993,-0.002601,0,111.52,40.11
38.2720,-0.080830,-0.026369,0,111.52,40.11
38.2800,-0.088645,-0.035284,0,111.52,40.11
38.2880,-0.096459,-0.045443,0,111.52,40.11
38.2960,-0.104762,-0.055738,0,111.52,40.11
38.3040,-0.112576,-0.064762,0,111.52,40.11
38.3120,-0.121368,-0.070792,0,111.52,40.11
38.3200,-0.123321,-0.072226,0,111.52,40.11
38.3280,-0.116972,-0.068399,0,111.52,40.11
38.3360,-0.102808,-0.060141,0,111.52,40.11
38.3440,-0.086203,-0.049505,0,111.52,40.11
38.3520,-0.071551,-0.038749,0,111.52,40.11
38.3600,-0.062271,-0.029214,0,111.52,40.11
38.3680,-0.055922,-0.020807,0,111.52,40.11
38.3760,-0.052991,-0.040861,0,111.52,40.11
38.3840,-0.047619,-0.039580,0,111.52,40.11
38.3920,-0.043712,-0.040271,0,111.52,40.11
38.4000,-0.042247,-0.043076,0,111.52,40.11
38.4080,-0.043712,-0.047929,0,111.52,40.11
38.4160,-0.046642,-0.054152,0,111.52,40.11
38.4240,-0.052503,-0.060315,0,111.52,40.11
38.4320,-0.054457,-0.064472,0,111.52,40.11
38.4400,-0.053480,-0.064702,0,111.52,40.11
38.4480,-0.046154,-0.059710,0,111.52,40.11
38.4560,-0.031990,-0.049289,0,111.52,40.11
38.4640,-0.011966,-0.034456,0,111.52,40.11
38.4720,0.009035,-0.017202,0,111.52,40.11
38.4800,0.024176,0.087574,0,111.52,40.11
38.4880,0.036874,0.100670,0,111.52,40.11
38.4960,0.041758,0.109089,0,111.52,40.11
38.5040,0.044689,0.112591,0,111.52,40.11
38.5120,0.044200,0.111311,0,111.52,40.11
38.5200,0.039316,0.105578,0,111.52,40.11
38.5280,0.030037,0.096089,0,111.52,40.11
38.5360,0.017338,0.084191,0,111.52,40.11
38.5440,-0.000244,0.071948,0,111.52,40.11
38.5520,-0.013919,0.061687,0,111.52,40.11
38.5600,-0.022711,0.055082,0,111.52,40.11
38.5680,-0.023687,0.052347,0,111.52,40.11
38.5760,-0.021734,0.052066,0,111.52,40.11
38.5840,-0.013431,0.080808,0,111.52,40.11
38.5920,-0.010989,0.085411,0,111.52,40.11
38.6000,-0.010501,0.087387,0,111.52,40.11
38.6080,-0.014896,0.085763,0,111.52,40.11
38.6160,-0.024176,0.080644,0,111.52,40.11
38.6240,-0.031990,0.072895,0,111.52,40.11
38.6320,-0.044200,0.063760,0,111.52,40.11
38.6400,-0.054945,0.054610,0,111.52,40.11
38.6480,-0.065690,0.046759,0,111.52,40.11
38.6560,-0.074969,0.041269,0,111.52,40.11
38.6640,-0.081319,0.038707,0,111.52,40.11
38.6720,-0.083272,0.038871,0,111.52,40.11
38.6800,-0.082784,0.040712,0,111.52,40.11
38.6880,-0.078388,-0.008273,0,111.52,40.11
38.6960,-0.074481,-0.003342,0,111.52,40.11
38.7040,-0.071062,0.001590,0,111.52,40.11
38.7120,-0.069597,0.005691,0,111.52,40.11
38.7200,-0.068132,0.008381,0,111.52,40.11
38.7280,-0.065690,0.009272,0,111.52,40.11
38.7360,-0.069597,0.008302,0,111.52,40.11
38.7440,-0.073504,0.005935,0,111.52,40.11
38.7520,-0.080342,0.003077,0,111.52,40.11
38.7600,-0.085226,0.000689,0,111.52,40.11
38.7680,-0.087179,-0.000668,0,111.52,40.11
38.7760,-0.090110,-0.001002,0,111.52,40.11
38.7840,-0.093040,-0.000729,0,111.52,40.11
38.7920,-0.094505,-0.046469,0,111.52,40.11
38.8000,-0.098413,-0.047082,0,111.52,40.11
38.8080,-0.101343,-0.046675,0,111.52,40.11
38.8160,-0.100855,-0.044988,0,111.52,40.11
38.8240,-0.097924,-0.042083,0,111.52,40.11
38.8320,-0.095971,-0.038317,0,111.52,40.11
38.8400,-0.093529,-0.034128,0,111.52,40.11
38.8480,-0.091087,-0.029944,0,111.52,40.11
38.8560,-0.086691,-0.026229,0,111.52,40.11
38.8640,-0.084737,-0.023477,0,111.52,40.11
38.8720,-0.082295,-0.022063,0,111.52,40.11
38.8800,-0.083272,-0.022013,0,111.52,40.11
38.8880,-0.086691,-0.022850,0,111.52,40.11
38.8960,-0.096947,-0.209277,0,111.52,40.11
38.9040,-0.114530,-0.233708,0,111.52,40.11
38.9120,-0.137485,-0.262861,0,111.52,40.11
38.9200,-0.161416,-0.294386,0,111.52,40.11
38.9280,-0.182418,-0.324886,0,111.52,40.11
38.9360,-0.202442,-0.350154,0,111.52,40.11
38.9440,-0.210745,-0.365553,0,111.52,40.11
38.9520,-0.202442,-0.366733,0,111.52,40.11
38.9600,-0.178999,-0.350444,0,111.52,40.11
38.9680,-0.133089,-0.315231,0,111.52,40.11
38.9760,-0.070574,-0.261998,0,111.52,40.11
38.9840,0.008059,-0.194382,0,111.52,40.11
38.9920,0.101832,-0.118732,0,111.52,40.11
39.0000,0.223443,0.232158,0,111.52,40.11
39.0080,0.367521,0.377215,0,111.52,40.11
39.0160,0.525275,0.536699,0,111.52,40.11
39.0240,0.698168,0.696925,0,111.52,40.11
39.0320,0.906227,0.838576,0,111.52,40.11
39.0400,1.000000,0.942806,0,111.52,40.11
39.0480,1.000000,0.998133,1,111.52,40.11
39.0560,1.000000,1.000000,1,111.52,40.11
39.0640,1.000000,0.945364,0,111.52,40.11
39.0720,0.894017,0.832860,0,111.52,40.11
39.0800,0.668864,0.668692,0,111.52,40.11
39.0880,0.452015,0.467986,0,111.52,40.11
39.0960,0.242491,0.249334,0,111.52,40.11
39.1040,0.039316,0.004937,0,111.52,40.11
39.1120,-0.135043,-0.161541,0,111.52,40.11
39.1200,-0.259096,-0.279987,0,111.52,40.11
39.1280,-0.320147,-0.343813,0,111.52,40.11
39.1360,-0.324054,-0.355377,0,111.52,40.11
39.1440,-0.284005,-0.325402,0,111.52,40.11
39.1520,-0.214164,-0.270417,0,111.52,40.11
39.1600,-0.141880,-0.208819,0,111.52,40.11
39.1680,-0.084737,-0.156517,0,111.52,40.11
39.1760,-0.053480,-0.123552,0,111.52,40.11
39.1840,-0.046642,-0.112728,0,111.52,40.11
39.1920,-0.056899,-0.120312,0,111.52,40.11
39.2000,-0.075946,-0.138007,0,111.52,40.11
39.2080,-0.097924,-0.027022,0,111.52,40.11
39.2160,-0.116972,-0.045592,0,111.52,40.11
39.2240,-0.132601,-0.060609,0,111.52,40.11
39.2320,-0.142857,-0.070172,0,111.52,40.11
39.2400,-0.145299,-0.074043,0,111.52,40.11
39.2480,-0.140904,-0.073343,0,111.52,40.11
39.2560,-0.133089,-0.069934,0,111.52,40.11
39.2640,-0.129670,-0.065510,0,111.52,40.11
39.2720,-0.127717,-0.060905,0,111.52,40.11
39.2800,-0.126252,-0.056057,0,111.52,40.11
39.2880,-0.125763,-0.050496,0,111.52,40.11
39.2960,-0.125275,-0.043912,0,111.52,40.11
39.3040,-0.124786,-0.036515,0,111.52,40.11
39.3120,-0.126252,-0.262739,0,111.52,40.11
39.3200,-0.127717,-0.259544,0,111.52,40.11
39.3280,-0.131136,-0.252512,0,111.52,40.11
39.3360,-0.132601,-0.241240,0,111.52,40.11
39.3440,-0.131624,-0.225996,0,111.52,40.11
39.3520,-0.129182,-0.207768,0,111.52,40.11
39.3600,-0.127228,-0.188070,0,111.52,40.11
39.3680,-0.124298,-0.168707,0,111.52,40.11
39.3760,-0.121856,-0.151515,0,111.52,40.11
39.3840,-0.121368,-0.137955,0,111.52,40.11
39.3920,-0.117460,-0.128702,0,111.52,40.11
39.4000,-0.116484,-0.123366,0,111.52,40.11
39.4080,-0.114042,-0.120436,0,111.52,40.11
39.4160,-0.110623,0.005975,0,111.52,40.11
39.4240,-0.112576,0.002369,0,111.52,40.11
39.4320,-0.113553,-0.004414,0,111.52,40.11
39.4400,-0.116972,-0.013079,0,111.52,40.11
39.4480,-0.123810,-0.021837,0,111.52,40.11
39.4560,-0.130159,-0.028670,0,111.52,40.11
39.4640,-0.131624,-0.031908,0,111.52,40.11
39.4720,-0.131136,-0.030822,0,111.52,40.11
39.4800,-0.125275,-0.025929,0,111.52,40.11
39.4880,-0.114042,-0.018848,0,111.52,40.11
39.4960,-0.103785,-0.011593,0,111.52,40.11
39.5040,-0.100366,-0.005479,0,111.52,40.11
39.5120,-0.098413,-0.000465,0,111.52,40.11
39.5200,-0.095971,-0.001806,0,111.52,40.11
39.5280,-0.093040,-0.000025,0,111.52,40.11
39.5360,-0.088156,0.001490,0,111.52,40.11
39.5440,-0.085226,0.002899,0,111.52,40.11
39.5520,-0.082784,0.004174,0,111.52,40.11
39.5600,-0.078388,0.005182,0,111.52,40.11
39.5680,-0.076923,0.005774,0,111.52,40.11
39.5760,-0.075458,0.005888,0,111.52,40.11
39.5840,-0.074481,0.005576,0,111.52,40.11
39.5920,-0.073016,0.004925,0,111.52,40.11
39.6000,-0.072039,0.004019,0,111.52,40.11
39.6080,-0.072527,0.002958,0,111.52,40.11
39.6160,-0.071062,0.001827,0,111.52,40.11
39.6240,-0.070574,0.013988,0,111.52,40.11
39.6320,-0.071551,0.012532,0,111.52,40.11
39.6400,-0.071551,0.011127,0,111.52,40.11
39.6480,-0.072527,0.010233,0,111.52,40.11
39.6560,-0.071062,0.010273,0,111.52,40.11
39.6640,-0.070085,0.011399,0,111.52,40.11
39.6720,-0.063736,0.013306,0,111.52,40.11
39.6800,-0.061783,0.015280,0,111.52,40.11
39.6880,-0.056899,0.016440,0,111.52,40.11
39.6960,-0.055433,0.016074,0,111.52,40.11
39.7040,-0.057387,0.013953,0,111.52,40.11
39.7120,-0.062271,0.010435,0,111.52,40.11
39.7200,-0.063736,0.006202,0,111.52,40.11
39.7280,-0.064713,0.015649,0,111.52,40.11
39.7360,-0.064713,0.017042,0,111.52,40.11
39.7440,-0.057387,0.019748,0,111.52,40.11
39.7520,-0.049573,0.022223,0,111.52,40.11
39.7600,-0.045665,0.022747,0,111.52,40.11
39.7680,-0.048596,0.020493,0,111.52,40.11
39.7760,-0.054945,0.016057,0,111.52,40.11
39.7840,-0.062759,0.011078,0,111.52,40.11
39.7920,-0.065201,0.007261,0,111.52,40.11
39.8000,-0.063248,0.005518,0,111.52,40.11
39.8080,-0.060317,0.005809,0,111.52,40.11
39.8160,-0.059341,0.007563,0,111.52,40.11
39.8240,-0.055433,0.010066,0,111.52,40.11
39.8320,-0.051526,0.024007,0,111.52,40.11
39.8400,-0.049573,0.027036,0,111.52,40.11
39.8480,-0.047131,0.029776,0,111.52,40.11
39.8560,-0.046154,0.032241,0,111.52,40.11
39.8640,-0.043223,0.034387,0,111.52,40.11
39.8720,-0.041758,0.035983,0,111.52,40.11
39.8800,-0.041270,0.036657,0,111.52,40.11
39.8880,-0.041270,0.036018,0,111.52,40.11
39.8960,-0.043712,0.033825,0,111.52,40.11
39.9040,-0.049084,0.030127,0,111.52,40.11
39.9120,-0.054457,0.025262,0,111.52,40.11
39.9200,-0.061294,0.019696,0,111.52,40.11
39.9280,-0.066667,0.013835,0,111.52,40.11
39.9360,-0.070085,-0.015768,0,111.52,40.11
39.9440,-0.072527,-0.019030,0,111.52,40.11
39.9520,-0.074969,-0.020478,0,111.52,40.11
39.9600,-0.073016,-0.020026,0,111.52,40.11
39.9680,-0.070574,-0.017905,0,111.52,40.11
39.9760,-0.065690,-0.014688,0,111.52,40.11
39.9840,-0.061294,-0.011165,0,111.52,40.11
39.9920,-0.056899,-0.008118,0,111.52,40.11
40.0000,-0.055922,-0.006105,0,111.52,40.11
40.0080,-0.054457,-0.005373,0,111.52,40.11
40.0160,-0.054457,-0.005924,0,111.52,40.11
40.0240,-0.054457,-0.007555,0,111.52,40.11
40.0320,-0.057387,-0.009830,0,111.52,40.11
40.0400,-0.060806,0.013720,0,111.52,40.11
40.0480,-0.060806,0.013336,0,111.52,40.11
40.0560,-0.059829,0.013543,0,111.52,40.11
40.0640,-0.058852,0.014016,0,111.52,40.11
40.0720,-0.060317,0.014419,0,111.52,40.11
40.0800,-0.061783,0.014638,0,111.52,40.11
40.0880,-0.062271,0.014717,0,111.52,40.11
40.0960,-0.063248,0.014665,0,111.52,40.11
40.1040,-0.062759,0.014329,0,111.52,40.11
40.1120,-0.064713,0.013442,0,111.52,40.11
40.1200,-0.066178,0.011759,0,111.52,40.11
40.1280,-0.068620,0.009222,0,111.52,40.11
40.1360,-0.074481,0.006110,0,111.52,40.11
40.1440,-0.079853,0.018227,0,111.52,40.11
40.1520,-0.085714,0.014086,0,111.52,40.11
40.1600,-0.090110,0.009820,0,111.52,40.11
40.1680,-0.097924,0.005805,0,111.52,40.11
40.1760,-0.104274,0.002447,0,111.52,40.11
40.1840,-0.106716,0.000008,0,111.52,40.11
40.1920,-0.109646,-0.001495,0,111.52,40.11
40.2000,-0.113553,-0.002141,0,111.52,40.11
40.2080,-0.115507,-0.001982,0,111.52,40.11
40.2160,-0.115995,-0.001107,0,111.52,40.11
40.2240,-0.115995,0.000301,0,111.52,40.11
40.2320,-0.115995,0.002026,0,111.52,40.11
40.2400,-0.115995,0.003899,0,111.52,40.11
40.2480,-0.115507,-0.033011,0,111.52,40.11
40.2560,-0.116484,-0.033870,0,111.52,40.11
40.2640,-0.116972,-0.035507,0,111.52,40.11
40.2720,-0.119414,-0.037887,0,111.52,40.11
40.2800,-0.122344,-0.040664,0,111.52,40.11
40.2880,-0.125275,-0.043163,0,111.52,40.11
40.2960,-0.129182,-0.044502,0,111.52,40.11
40.3040,-0.129182,-0.043902,0,111.52,40.11
40.3120,-0.125275,-0.041064,0,111.52,40.11
40.3200,-0.119414,-0.036289,0,111.52,40.11
40.3280,-0.113553,-0.030244,0,111.52,40.11
40.3360,-0.106227,-0.023600,0,111.52,40.11
40.3440,-0.101343,-0.016788,0,111.52,40.11
40.3520,-0.101343,-0.028590,0,111.52,40.11
40.3600,-0.102320,-0.029575,0,111.52,40.11
40.3680,-0.105739,-0.031436,0,111.52,40.11
40.3760,-0.108181,-0.032973,0,111.52,40.11
40.3840,-0.108669,-0.033239,0,111.52,40.11
40.3920,-0.103785,-0.031949,0,111.52,40.11
40.4000,-0.099389,-0.029480,0,111.52,40.11
40.4080,-0.095482,-0.026487,0,111.52,40.11
40.4160,-0.092552,-0.023509,0,111.52,40.11
40.4240,-0.089133,-0.020823,0,111.52,40.11
40.4320,-0.085714,-0.018503,0,111.52,40.11
40.4400,-0.083761,-0.016482,0,111.52,40.11
40.4480,-0.080342,-0.014629,0,111.52,40.11
40.4560,-0.078388,0.009864,0,111.52,40.11
40.4640,-0.076923,0.011158,0,111.52,40.11
40.4720,-0.074969,0.011782,0,111.52,40.11
40.4800,-0.074481,0.011638,0,111.52,40.11
40.4880,-0.074969,0.010740,0,111.52,40.11
40.4960,-0.075458,0.009279,0,111.52,40.11
40.5040,-0.078388,0.007623,0,111.52,40.11
40.5120,-0.078388,0.006194,0,111.52,40.11
40.5200,-0.078877,0.005301,0,111.52,40.11
40.5280,-0.077900,0.005033,0,111.52,40.11
40.5360,-0.075946,0.005262,0,111.52,40.11
40.5440,-0.073504,0.005749,0,111.52,40.11
40.5520,-0.073016,0.006299,0,111.52,40.11
40.5600,-0.070574,0.019652,0,111.52,40.11
40.5680,-0.069597,0.021438,0,111.52,40.11
40.5760,-0.066667,0.023219,0,111.52,40.11
40.5840,-0.062759,0.024696,0,111.52,40.11
40.5920,-0.062271,0.025538,0,111.52,40.11
40.6000,-0.061783,0.025578,0,111.52,40.11
40.6080,-0.062271,0.024822,0,111.52,40.11
40.6160,-0.061783,0.023342,0,111.52,40.11
40.6240,-0.063736,0.021243,0,111.52,40.11
40.6320,-0.065690,0.018726,0,111.52,40.11
40.6400,-0.069109,0.016076,0,111.52,40.11
40.6480,-0.071551,0.013539,0,111.52,40.11
40.6560,-0.072527,0.011159,0,111.52,40.11
40.6640,-0.075946,0.023597,0,111.52,40.11
40.6720,-0.077900,0.022630,0,111.52,40.11
40.6800,-0.077900,0.021965,0,111.52,40.11
40.6880,-0.077900,0.021224,0,111.52,40.11
40.6960,-0.078388,0.019976,0,111.52,40.11
40.7040,-0.082295,0.018052,0,111.52,40.11
40.7120,-0.085714,0.015687,0,111.52,40.11
40.7200,-0.089621,0.013399,0,111.52,40.11
40.7280,-0.094017,0.011684,0,111.52,40.11
40.7360,-0.092552,0.010716,0,111.52,40.11
40.7440,-0.093529,0.010294,0,111.52,40.11
40.7520,-0.095482,0.010113,0,111.52,40.11
40.7600,-0.096947,0.010002,0,111.52,40.11
40.7680,-0.099878,-0.023111,0,111.52,40.11
40.7760,-0.096947,-0.022267,0,111.52,40.11
40.7840,-0.094017,-0.020540,0,111.52,40.11
40.7920,-0.091575,-0.018513,0,111.52,40.11
40.8000,-0.087179,-0.016827,0,111.52,40.11
40.8080,-0.086691,-0.015822,0,111.52,40.11
40.8160,-0.089133,-0.015318,0,111.52,40.11
40.8240,-0.088156,-0.014813,0,111.52,40.11
40.8320,-0.086203,-0.013935,0,111.52,40.11
40.8400,-0.084737,-0.012697,0,111.52,40.11
40.8480,-0.080830,-0.011422,0,111.52,40.11
40.8560,-0.078877,-0.010463,0,111.52,40.11
40.8640,-0.080342,-0.009853,0,111.52,40.11
40.8720,-0.084249,-0.016628,0,111.52,40.11
40.8800,-0.091087,-0.022286,0,111.52,40.11
40.8880,-0.096947,-0.028838,0,111.52,40.11
40.8960,-0.103297,-0.035222,0,111.52,40.11
40.9040,-0.109158,-0.040342,0,111.52,40.11
40.9120,-0.112088,-0.043243,0,111.52,40.11
40.9200,-0.112088,-0.043321,0,111.52,40.11
40.9280,-0.109646,-0.040525,0,111.52,40.11
40.9360,-0.102808,-0.035444,0,111.52,40.11
40.9440,-0.093529,-0.029216,0,111.52,40.11
40.9520,-0.085714,-0.023098,0,111.52,40.11
40.9600,-0.079853,-0.017858,0,111.52,40.11
40.9680,-0.077900,-0.013403,0,111.52,40.11
40.9760,-0.076923,0.031973,0,111.52,40.11
40.9840,-0.078388,0.032856,0,111.52,40.11
40.9920,-0.079365,0.032014,0,111.52,40.11
41.0000,-0.082295,0.029377,0,111.52,40.11
41.0080,-0.086203,0.024807,0,111.52,40.11
41.0160,-0.093529,0.018452,0,111.52,40.11
41.0240,-0.102808,0.011081,0,111.52,40.11
41.0320,-0.113553,0.004115,0,111.52,40.11
41.0400,-0.120391,-0.000759,0,111.52,40.11
41.0480,-0.122833,-0.002182,0,111.52,40.11
41.0560,-0.121368,0.000418,0,111.52,40.11
41.0640,-0.116972,0.006621,0,111.52,40.11
41.0720,-0.106227,0.014990,0,111.52,40.11
41.0800,-0.094994,-0.046379,0,111.52,40.11
41.0880,-0.083272,-0.037822,0,111.52,40.11
41.0960,-0.071551,-0.030673,0,111.52,40.11
41.1040,-0.066667,-0.025671,0,111.52,40.11
41.1120,-0.065201,-0.022579,0,111.52,40.11
41.1200,-0.062271,-0.020548,0,111.52,40.11
41.1280,-0.057387,-0.018818,0,111.52,40.11
41.1360,-0.052503,-0.017137,0,111.52,40.11
41.1440,-0.047131,-0.015666,0,111.52,40.11
41.1520,-0.045177,-0.014607,0,111.52,40.11
41.1600,-0.044200,-0.013951,0,111.52,40.11
41.1680,-0.040781,-0.013541,0,111.52,40.11
41.1760,-0.038339,-0.013248,0,111.52,40.11
41.1840,-0.038828,-0.021709,0,111.52,40.11
41.1920,-0.038339,-0.022824,0,111.52,40.11
41.2000,-0.037851,-0.021598,0,111.52,40.11
41.2080,-0.031502,-0.016714,0,111.52,40.11
41.2160,-0.019780,-0.007902,0,111.52,40.11
41.2240,-0.001221,0.003517,0,111.52,40.11
41.2320,0.018803,0.014859,0,111.52,40.11
41.2400,0.031502,0.023095,0,111.52,40.11
41.2480,0.036874,0.026076,0,111.52,40.11
41.2560,0.033944,0.023188,0,111.52,40.11
41.2640,0.027595,0.015188,0,111.52,40.11
41.2720,0.018803,0.003610,0,111.52,40.11
41.2800,0.009035,-0.009778,0,111.52,40.11
41.2880,-0.001221,0.119176,0,111.52,40.11
41.2960,-0.009524,0.113936,0,111.52,40.11
41.3040,-0.016361,0.110548,0,111.52,40.11
41.3120,-0.019780,0.108830,0,111.52,40.11
41.3200,-0.021245,0.108005,0,111.52,40.11
41.3280,-0.026129,0.107057,0,111.52,40.11
41.3360,-0.031502,0.105071,0,111.52,40.11
41.3440,-0.036386,0.101314,0,111.52,40.11
41.3520,-0.044200,0.095243,0,111.52,40.11
41.3600,-0.054945,0.086665,0,111.52,40.11
41.3680,-0.070085,0.075903,0,111.52,40.11
41.3760,-0.086691,0.063703,0,111.52,40.11
41.3840,-0.100855,0.050894,0,111.52,40.11
41.3920,-0.110623,-0.027593,0,111.52,40.11
41.4000,-0.116972,-0.033176,0,111.52,40.11
41.4080,-0.117949,-0.035049,0,111.52,40.11
41.4160,-0.116972,-0.034026,0,111.52,40.11
41.4240,-0.114530,-0.031244,0,111.52,40.11
41.4320,-0.113553,-0.027801,0,111.52,40.11
41.4400,-0.110134,-0.024576,0,111.52,40.11
41.4480,-0.109158,-0.022165,0,111.52,40.11
41.4560,-0.109158,-0.020777,0,111.52,40.11
41.4640,-0.111600,-0.020175,0,111.52,40.11
41.4720,-0.114042,-0.019822,0,111.52,40.11
41.4800,-0.115995,-0.019236,0,111.52,40.11
41.4880,-0.114530,-0.018319,0,111.52,40.11
41.4960,-0.116484,-0.059892,0,111.52,40.11
41.5040,-0.116972,-0.062204,0,111.52,40.11
41.5120,-0.121856,-0.064048,0,111.52,40.11
41.5200,-0.125275,-0.064311,0,111.52,40.11
41.5280,-0.124298,-0.061990,0,111.52,40.11
41.5360,-0.119414,-0.056896,0,111.52,40.11
41.5440,-0.110623,-0.049939,0,111.52,40.11
41.5520,-0.101832,-0.042733,0,111.52,40.11
41.5600,-0.098901,-0.036787,0,111.52,40.11
41.5680,-0.098901,-0.032869,0,111.52,40.11
41.5760,-0.097924,-0.030965,0,111.52,40.11
41.5840,-0.099878,-0.030587,0,111.52,40.11
41.5920,-0.101343,-0.031025,0,111.52,40.11
41.6000,-0.104274,0.054241,0,111.52,40.11
41.6080,-0.103785,0.058083,0,111.52,40.11
41.6160,-0.104762,0.062144,0,111.52,40.11
41.6240,-0.104762,0.065286,0,111.52,40.11
41.6320,-0.103785,0.065790,0,111.52,40.11
41.6400,-0.109646,0.062037,0,111.52,40.11
41.6480,-0.123321,0.053494,0,111.52,40.11
41.6560,-0.140904,0.041412,0,111.52,40.11
41.6640,-0.163858,0.028753,0,111.52,40.11
41.6720,-0.180952,0.019280,0,111.52,40.11
41.6800,-0.192674,0.016054,0,111.52,40.11
41.6880,-0.191697,0.019855,0,111.52,40.11
41.6960,-0.176557,0.028355,0,111.52,40.11
41.7040,-0.148230,-1.000000,0,111.52,40.11
41.7120,-0.097924,-0.995970,0,111.52,40.11
41.7200,-0.030525,-0.972724,0,111.52,40.11
41.7280,0.054945,-0.928006,0,111.52,40.11
41.7360,0.161905,-0.860130,0,111.52,40.11
41.7440,0.292308,-0.769606,0,111.52,40.11
41.7520,0.442735,-0.661504,0,111.52,40.11
41.7600,0.605861,-0.547703,0,111.52,40.11
41.7680,0.791453,-0.447381,0,111.52,40.11
41.7760,0.992674,-0.382159,1,111.52,40.11
41.7840,1.000000,-0.364992,1,111.52,40.11
41.7920,1.000000,-0.391776,0,111.52,40.11
41.8000,1.000000,-0.444017,0,111.52,40.11
41.8080,0.977045,0.934114,0,111.52,40.11
41.8160,0.769475,0.835402,0,111.52,40.11
41.8240,0.553602,0.705813,0,111.52,40.11
41.8320,0.349451,0.562964,0,111.52,40.11
41.8400,0.152137,0.424260,0,111.52,40.11
41.8480,-0.025641,0.303949,0,111.52,40.11
41.8560,-0.172161,0.212660,0,111.52,40.11
41.8640,-0.270330,0.157011,0,111.52,40.11
41.8720,-0.311355,0.138878,0,111.52,40.11
41.8800,-0.305006,0.155236,0,111.52,40.11
41.8880,-0.265934,0.199229,0,111.52,40.11
41.8960,-0.204396,0.261998,0,111.52,40.11
41.9040,-0.140415,0.334305,0,111.52,40.11
41.9120,-0.087179,0.015860,0,111.52,40.11
41.9200,-0.058852,0.053218,0,111.52,40.11
41.9280,-0.048107,0.073416,0,111.52,40.11
41.9360,-0.053480,0.078240,0,111.52,40.11
41.9440,-0.068620,0.071917,0,111.52,40.11
41.9520,-0.087179,0.059421,0,111.52,40.11
41.9600,-0.108669,0.045265,0,111.52,40.11
41.9680,-0.124786,0.032802,0,111.52,40.11
41.9760,-0.136020,0.023955,0,111.52,40.11
41.9840,-0.143834,0.019346,0,111.52,40.11
41.9920,-0.147253,0.018657,0,111.52,40.11
42.0000,-0.148230,0.020950,0,111.52,40.11
42.0080,-0.147253,0.024887,0,111.52,40.11
42.0160,-0.144811,-0.247426,0,111.52,40.11
42.0240,-0.142857,-0.250899,0,111.52,40.11
42.0320,-0.144811,-0.253060,0,111.52,40.11
42.0400,-0.145299,-0.253075,0,111.52,40.11
42.0480,-0.144811,-0.250030,0,111.52,40.11
42.0560,-0.142369,-0.243451,0,111.52,40.11
42.0640,-0.138950,-0.233498,0,111.52,40.11
42.0720,-0.137973,-0.220714,0,111.52,40.11
42.0800,-0.143834,-0.205528,0,111.52,40.11
42.0880,-0.148230,-0.187997,0,111.52,40.11
42.0960,-0.150672,-0.168032,0,111.52,40.11
42.1040,-0.151160,-0.145869,0,111.52,40.11
42.1120,-0.148230,-0.122380,0,111.52,40.11
42.1200,-0.143346,-0.050229,0,111.52,40.11
42.1280,-0.141392,-0.036142,0,111.52,40.11
42.1360,-0.140904,-0.026260,0,111.52,40.11
42.1440,-0.141880,-0.020454,0,111.52,40.11
42.1520,-0.140904,-0.017776,0,111.52,40.11
42.1600,-0.137973,-0.016915,0,111.52,40.11
42.1680,-0.135531,-0.016590,0,111.52,40.11
42.1760,-0.129182,-0.015885,0,111.52,40.11
42.1840,-0.120391,-0.014527,0,111.52,40.11
42.1920,-0.113553,-0.012876,0,111.52,40.11
42.2000,-0.106716,-0.011599,0,111.52,40.11
42.2080,-0.102808,-0.011197,0,111.52,40.11
42.2160,-0.106227,-0.011568,0,111.52,40.11
42.2240,-0.109646,-0.008742,0,111.52,40.11
42.2320,-0.117949,-0.014681,0,111.52,40.11
42.2400,-0.126252,-0.021892,0,111.52,40.11
42.2480,-0.132601,-0.029693,0,111.52,40.11
42.2560,-0.135531,-0.037449,0,111.52,40.11
42.2640,-0.142857,-0.044144,0,111.52,40.11
42.2720,-0.155556,-0.048065,0,111.52,40.11
42.2800,-0.155067,-0.047532,0,111.52,40.11
42.2880,-0.141880,-0.042269,0,111.52,40.11
42.2960,-0.125275,-0.033845,0,111.52,40.11
42.3040,-0.112576,-0.024608,0,111.52,40.11
42.3120,-0.102808,-0.016181,0,111.52,40.11
42.3200,-0.097924,-0.008728,0,111.52,40.11
42.3280,-0.093529,0.011103,0,111.52,40.11
42.3360,-0.090110,0.013496,0,111.52,40.11
42.3440,-0.088645,0.014438,0,111.52,40.11
42.3520,-0.085714,0.014055,0,111.52,40.11
42.3600,-0.084249,0.012191,0,111.52,40.11
42.3680,-0.085226,0.008772,0,111.52,40.11
42.3760,-0.090110,0.004267,0,111.52,40.11
42.3840,-0.095971,-0.000188,0,111.52,40.11
42.3920,-0.098413,-0.003207,0,111.52,40.11
42.4000,-0.095971,-0.003789,0,111.52,40.11
42.4080,-0.092063,-0.001698,0,111.52,40.11
42.4160,-0.083761,0.002554,0,111.52,40.11
42.4240,-0.076923,0.007968,0,111.52,40.11
42.4320,-0.075458,0.024166,0,111.52,40.11
42.4400,-0.078388,0.023048,0,111.52,40.11
42.4480,-0.082295,0.020624,0,111.52,40.11
42.4560,-0.085226,0.018224,0,111.52,40.11
42.4640,-0.085714,0.016894,0,111.52,40.11
42.4720,-0.082784,0.016919,0,111.52,40.11
42.4800,-0.079853,0.017821,0,111.52,40.11
42.4880,-0.077411,0.018732,0,111.52,40.11
42.4960,-0.076435,0.018863,0,111.52,40.11
42.5040,-0.077900,0.017836,0,111.52,40.11
42.5120,-0.081319,0.015762,0,111.52,40.11
42.5200,-0.084249,0.013038,0,111.52,40.11
42.5280,-0.085714,0.010055,0,111.52,40.11
42.5360,-0.084249,-0.006278,0,111.52,40.11
42.5440,-0.082295,-0.005092,0,111.52,40.11
42.5520,-0.077411,-0.002263,0,111.52,40.11
42.5600,-0.070574,0.001708,0,111.52,40.11
42.5680,-0.064713,0.006065,0,111.52,40.11
42.5760,-0.055922,0.010000,0,111.52,40.11
42.5840,-0.053480,0.012889,0,111.52,40.11
42.5920,-0.049573,0.014384,0,111.52,40.11
42.6000,-0.047131,0.014303,0,111.52,40.11
42.6080,-0.046642,0.012552,0,111.52,40.11
42.6160,-0.049084,0.009217,0,111.52,40.11
42.6240,-0.052991,0.004653,0,111.52,40.11
42.6320,-0.056899,-0.000577,0,111.52,40.11
42.6400,-0.063248,0.006389,0,111.52,40.11
42.6480,-0.068132,0.002229,0,111.52,40.11
42.6560,-0.070085,0.000161,0,111.52,40.11
42.6640,-0.070085,0.000624,0,111.52,40.11
42.6720,-0.064713,0.003282,0,111.52,40.11
42.6800,-0.058852,0.007074,0,111.52,40.11
42.6880,-0.053480,0.010601,0,111.52,40.11
42.6960,-0.049573,0.012655,0,111.52,40.11
42.7040,-0.049573,0.012639,0,111.52,40.11
42.7120,-0.053480,0.010703,0,111.52,40.11
42.7200,-0.055433,0.007501,0,111.52,40.11
42.7280,-0.060806,0.003749,0,111.52,40.11
42.7360,-0.061783,-0.000119,0,111.52,40.11
42.7440,-0.062271,-0.006549,0,111.52,40.11
42.7520,-0.059829,-0.006368,0,111.52,40.11
42.7600,-0.056899,-0.005557,0,111.52,40.11
42.7680,-0.055433,-0.004857,0,111.52,40.11
42.7760,-0.054457,-0.004846,0,111.52,40.11
42.7840,-0.054457,-0.005788,0,111.52,40.11
42.7920,-0.054457,-0.007580,0,111.52,40.11
42.8000,-0.056899,-0.009700,0,111.52,40.11
42.8080,-0.060317,-0.011270,0,111.52,40.11
42.8160,-0.059341,-0.011416,0,111.52,40.11
42.8240,-0.054945,-0.009716,0,111.52,40.11
42.8320,-0.051038,-0.006364,0,111.52,40.11
42.8400,-0.044200,-0.002047,0,111.52,40.11
42.8480,-0.041758,0.035246,0,111.52,40.11
42.8560,-0.043223,0.035137,0,111.52,40.11
42.8640,-0.047131,0.032591,0,111.52,40.11
42.8720,-0.054457,0.028411,0,111.52,40.11
42.8800,-0.062759,0.023786,0,111.52,40.11
42.8880,-0.066667,0.019697,0,111.52,40.11
42.8960,-0.069109,0.016515,0,111.52,40.11
42.9040,-0.071551,0.014120,0,111.52,40.11
42.9120,-0.075458,0.012359,0,111.52,40.11
42.9200,-0.079365,0.011369,0,111.52,40.11
42.9280,-0.082784,0.011489,0,111.52,40.11
42.9360,-0.082295,0.012862,0,111.52,40.11
42.9440,-0.079365,0.015101,0,111.52,40.11
42.9520,-0.079853,0.001048,0,111.52,40.11
42.9600,-0.083272,0.000948,0,111.52,40.11
42.9680,-0.084249,0.000937,0,111.52,40.11
42.9760,-0.084737,0.001478,0,111.52,40.11
42.9840,-0.085226,0.002791,0,111.52,40.11
42.9920,-0.082295,0.004665,0,111.52,40.11
43.0000,-0.080342,0.006518,0,111.52,40.11
43.0080,-0.080342,0.007703,0,111.52,40.11
43.0160,-0.082295,0.007829,0,111.52,40.11
43.0240,-0.084737,0.006843,0,111.52,40.11
43.0320,-0.086691,0.004910,0,111.52,40.11
43.0400,-0.092063,0.002325,0,111.52,40.11
43.0480,-0.094994,-0.000569,0,111.52,40.11
43.0560,-0.093529,-0.025592,0,111.52,40.11
43.0640,-0.091087,-0.024395,0,111.52,40.11
43.0720,-0.088156,-0.022660,0,111.52,40.11
43.0800,-0.085714,-0.021315,0,111.52,40.11
43.0880,-0.085714,-0.021026,0,111.52,40.11
43.0960,-0.086203,-0.021927,0,111.52,40.11
43.1040,-0.089133,-0.023532,0,111.52,40.11
43.1120,-0.093040,-0.024895,0,111.52,40.11
43.1200,-0.092552,-0.025042,0,111.52,40.11
43.1280,-0.090598,-0.023428,0,111.52,40.11
43.1360,-0.085714,-0.020106,0,111.52,40.11
43.1440,-0.081319,-0.015551,0,111.52,40.11
43.1520,-0.076923,-0.010388,0,111.52,40.11
43.1600,-0.074969,0.000368,0,111.52,40.11
43.1680,-0.073016,0.004404,0,111.52,40.11
43.1760,-0.068620,0.008232,0,111.52,40.11
43.1840,-0.062759,0.011516,0,111.52,40.11
43.1920,-0.061294,0.013791,0,111.52,40.11
43.2000,-0.060806,0.014778,0,111.52,40.11
43.2080,-0.061783,0.014487,0,111.52,40.11
43.2160,-0.062271,0.013118,0,111.52,40.11
43.2240,-0.063736,0.011003,0,111.52,40.11
43.2320,-0.068620,0.008624,0,111.52,40.11
43.2400,-0.070085,0.006509,0,111.52,40.11
43.2480,-0.072527,0.004961,0,111.52,40.11
43.2560,-0.071551,0.003864,0,111.52,40.11
43.2640,-0.074481,0.010465,0,111.52,40.11
43.2720,-0.072527,0.010310,0,111.52,40.11
43.2800,-0.073016,0.009971,0,111.52,40.11
43.2880,-0.075946,0.009330,0,111.52,40.11
43.2960,-0.077900,0.008442,0,111.52,40.11
43.3040,-0.078877,0.007445,0,111.52,40.11
43.3120,-0.080342,0.006489,0,111.52,40.11
43.3200,-0.084737,0.005748,0,111.52,40.11
43.3280,-0.084737,0.005334,0,111.52,40.11
43.3360,-0.082295,0.005170,0,111.52,40.11
43.3440,-0.084249,0.005074,0,111.52,40.11
43.3520,-0.085226,0.004948,0,111.52,40.11
43.3600,-0.085226,0.004799,0,111.52,40.11
43.3680,-0.081319,0.013197,0,111.52,40.11
43.3760,-0.079853,0.014248,0,111.52,40.11
43.3840,-0.078388,0.014533,0,111.52,40.11
43.3920,-0.084249,0.014113,0,111.52,40.11
43.4000,-0.086203,0.013486,0,111.52,40.11
43.4080,-0.087179,0.013125,0,111.52,40.11
43.4160,-0.086203,0.013095,0,111.52,40.11
43.4240,-0.085714,0.013058,0,111.52,40.11
43.4320,-0.085714,0.012576,0,111.52,40.11
43.4400,-0.088645,0.011453,0,111.52,40.11
43.4480,-0.093529,0.009881,0,111.52,40.11
43.4560,-0.097436,0.008235,0,111.52,40.11
43.4640,-0.097924,0.006705,0,111.52,40.11
43.4720,-0.098413,-0.003044,0,111.52,40.11
43.4800,-0.093040,-0.000297,0,111.52,40.11
43.4880,-0.089133,0.003161,0,111.52,40.11
43.4960,-0.088156,0.006563,0,111.52,40.11
43.5040,-0.085714,0.009459,0,111.52,40.11
43.5120,-0.085714,0.011723,0,111.52,40.11
43.5200,-0.085714,0.013377,0,111.52,40.11
43.5280,-0.085714,0.014363,0,111.52,40.11
43.5360,-0.084249,0.014385,0,111.52,40.11
43.5440,-0.085714,0.013049,0,111.52,40.11
43.5520,-0.090598,0.010200,0,111.52,40.11
43.5600,-0.096459,0.006107,0,111.52,40.11
43.5680,-0.101832,0.001341,0,111.52,40.11
43.5760,-0.108181,-0.011902,0,111.52,40.11
43.5840,-0.109646,-0.012294,0,111.52,40.11
43.5920,-0.104762,-0.009872,0,111.52,40.11
43.6000,-0.100366,-0.005305,0,111.52,40.11
43.6080,-0.094017,0.000119,0,111.52,40.11
43.6160,-0.088156,0.004934,0,111.52,40.11
43.6240,-0.084249,0.007943,0,111.52,40.11
43.6320,-0.085714,0.008603,0,111.52,40.11
43.6400,-0.088156,0.007143,0,111.52,40.11
43.6480,-0.093040,0.004322,0,111.52,40.11
43.6560,-0.095971,0.001000,0,111.52,40.11
43.6640,-0.100855,-0.002220,0,111.52,40.11
43.6720,-0.101832,-0.005199,0,111.52,40.11
43.6800,-0.106227,-0.007532,0,111.52,40.11
43.6880,-0.107692,-0.006529,0,111.52,40.11
43.6960,-0.102808,-0.003500,0,111.52,40.11
43.7040,-0.096947,0.000642,0,111.52,40.11
43.7120,-0.090598,0.004471,0,111.52,40.11
43.7200,-0.090110,0.006714,0,111.52,40.11
43.7280,-0.089133,0.006787,0,111.52,40.11
43.7360,-0.094017,0.004943,0,111.52,40.11
43.7440,-0.097924,0.002090,0,111.52,40.11
43.7520,-0.101343,-0.000634,0,111.52,40.11
43.7600,-0.104274,-0.002315,0,111.52,40.11
43.7680,-0.104274,-0.002623,0,111.52,40.11
43.7760,-0.101343,-0.001969,0,111.52,40.11
43.7840,-0.095971,-0.008488,0,111.52,40.11
43.7920,-0.090110,-0.004404,0,111.52,40.11
43.8000,-0.085714,-0.000815,0,111.52,40.11
43.8080,-0.085226,0.001641,0,111.52,40.11
43.8160,-0.083761,0.002820,0,111.52,40.11
43.8240,-0.082784,0.002920,0,111.52,40.11
43.8320,-0.085226,0.002336,0,111.52,40.11
43.8400,-0.085714,0.001532,0,111.52,40.11
43.8480,-0.085714,0.000853,0,111.52,40.11
43.8560,-0.085714,0.000433,0,111.52,40.11
43.8640,-0.085714,0.000248,0,111.52,40.11
43.8720,-0.084249,0.000195,0,111.52,40.11
43.8800,-0.084249,0.000179,0,111.52,40.11
43.8880,-0.082295,-0.020391,0,111.52,40.11
43.8960,-0.082295,-0.019863,0,111.52,40.11
43.9040,-0.079853,-0.018101,0,111.52,40.11
43.9120,-0.075458,-0.014988,0,111.52,40.11
43.9200,-0.069597,-0.010955,0,111.52,40.11
43.9280,-0.059829,-0.006929,0,111.52,40.11
43.9360,-0.056899,-0.003874,0,111.52,40.11
43.9440,-0.055922,-0.002270,0,111.52,40.11
43.9520,-0.054457,-0.002027,0,111.52,40.11
43.9600,-0.053968,-0.002796,0,111.52,40.11
43.9680,-0.053968,-0.004240,0,111.52,40.11
43.9760,-0.052015,-0.006136,0,111.52,40.11
43.9840,-0.053480,-0.008297,0,111.52,40.11
43.9920,-0.051038,-0.057953,0,111.52,40.11
44.0000,-0.043712,-0.056758,0,111.52,40.11
44.0080,-0.035409,-0.052999,0,111.52,40.11
44.0160,-0.027595,-0.046527,0,111.52,40.11
44.0240,-0.014896,-0.037404,0,111.52,40.11
44.0320,-0.001221,-0.026249,0,111.52,40.11
44.0400,0.018803,-0.014565,0,111.52,40.11
44.0480,0.036386,-0.004585,0,111.52,40.11
44.0560,0.047131,0.001448,0,111.52,40.11
44.0640,0.053968,0.002114,0,111.52,40.11
44.0720,0.051526,-0.002730,0,111.52,40.11
44.0800,0.046154,-0.011962,0,111.52,40.11
44.0880,0.039316,-0.023604,0,111.52,40.11
44.0960,0.032967,0.108135,0,111.52,40.11
44.1040,0.027106,0.101563,0,111.52,40.11
44.1120,0.018803,0.095176,0,111.52,40.11
44.1200,0.010501,0.089475,0,111.52,40.11
44.1280,0.005617,0.084931,0,111.52,40.11
44.1360,-0.002198,0.081837,0,111.52,40.11
44.1440,-0.005128,0.080048,0,111.52,40.11
44.1520,-0.004640,0.078732,0,111.52,40.11
44.1600,-0.006105,0.076513,0,111.52,40.11
44.1680,-0.010989,0.072118,0,111.52,40.11
44.1760,-0.022711,0.065018,0,111.52,40.11
44.1840,-0.032479,0.055584,0,111.52,40.11
44.1920,-0.046154,0.044849,0,111.52,40.11
44.2000,-0.059829,0.024526,0,111.52,40.11
44.2080,-0.076435,0.011112,0,111.52,40.11
44.2160,-0.091087,-0.000984,0,111.52,40.11
44.2240,-0.103785,-0.010343,0,111.52,40.11
44.2320,-0.111111,-0.016041,0,111.52,40.11
44.2400,-0.114530,-0.017976,0,111.52,40.11
44.2480,-0.113553,-0.016900,0,111.52,40.11
44.2560,-0.110623,-0.014092,0,111.52,40.11
44.2640,-0.110134,-0.010818,0,111.52,40.11
44.2720,-0.111111,-0.007894,0,111.52,40.11
44.2800,-0.110134,-0.005630,0,111.52,40.11
44.2880,-0.111111,-0.003991,0,111.52,40.11
44.2960,-0.112576,-0.002704,0,111.52,40.11
44.3040,-0.114042,-0.058932,0,111.52,40.11
44.3120,-0.116972,-0.061652,0,111.52,40.11
44.3200,-0.117460,-0.064947,0,111.52,40.11
44.3280,-0.123810,-0.068398,0,111.52,40.11
44.3360,-0.129182,-0.071122,0,111.52,40.11
44.3440,-0.132601,-0.072038,0,111.52,40.11
44.3520,-0.132601,-0.070373,0,111.52,40.11
44.3600,-0.129670,-0.066037,0,111.52,40.11
44.3680,-0.124298,-0.059647,0,111.52,40.11
44.3760,-0.116972,-0.052253,0,111.52,40.11
44.3840,-0.112576,-0.044849,0,111.52,40.11
44.3920,-0.108669,-0.037949,0,111.52,40.11
44.4000,-0.105739,-0.031487,0,111.52,40.11
44.4080,-0.106227,0.068689,0,111.52,40.11
44.4160,-0.107692,0.073838,0,111.52,40.11
44.4240,-0.109158,0.078467,0,111.52,40.11
44.4320,-0.111600,0.083204,0,111.52,40.11
44.4400,-0.114042,0.088298,0,111.52,40.11
44.4480,-0.112576,0.093290,0,111.52,40.11
44.4560,-0.114042,0.096929,0,111.52,40.11
44.4640,-0.116972,0.097540,0,111.52,40.11
44.4720,-0.127228,0.093670,0,111.52,40.11
44.4800,-0.143346,0.084677,0,111.52,40.11
44.4880,-0.165324,0.070945,0,111.52,40.11
44.4960,-0.188767,0.053693,0,111.52,40.11
44.5040,-0.214164,0.034613,0,111.52,40.11
44.5120,-0.229792,-0.931053,0,111.52,40.11
44.5200,-0.229304,-0.968018,0,111.52,40.11
44.5280,-0.210745,-0.991689,0,111.52,40.11
44.5360,-0.168254,-1.000000,0,111.52,40.11
44.5440,-0.106227,-0.992101,0,111.52,40.11
44.5520,-0.025153,-0.967861,0,111.52,40.11
44.5600,0.073504,-0.927473,0,111.52,40.11
44.5680,0.193651,-0.871548,0,111.52,40.11
44.5760,0.335775,-0.801605,0,111.52,40.11
44.5840,0.490110,-0.720478,0,111.52,40.11
44.5920,0.658120,-0.632382,0,111.52,40.11
44.6000,0.865201,-0.542045,0,111.52,40.11
44.6080,1.000000,-0.452372,0,111.52,40.11
44.6160,1.000000,0.969005,1,111.52,40.11
44.6240,1.000000,1.000000,1,111.52,40.11
44.6320,1.000000,0.998423,0,111.52,40.11
44.6400,0.984860,0.961027,0,111.52,40.11
44.6480,0.771917,0.888175,0,111.52,40.11
44.6560,0.538950,0.788633,0,111.52,40.11
44.6640,0.312821,0.678032,0,111.52,40.11
44.6720,0.094017,0.573728,0,111.52,40.11
44.6800,-0.095971,0.490877,0,111.52,40.11
44.6880,-0.226374,0.439861,0,111.52,40.11
44.6960,-0.295726,0.424122,0,111.52,40.11
44.7040,-0.303541,0.438861,0,111.52,40.11
44.7120,-0.264469,0.471498,0,111.52,40.11
44.7200,-0.200000,-0.093159,0,111.52,40.11
44.7280,-0.140904,-0.036762,0,111.52,40.11
44.7360,-0.093529,0.011738,0,111.52,40.11
44.7440,-0.070085,0.044687,0,111.52,40.11
44.7520,-0.064225,0.060292,0,111.52,40.11
44.7600,-0.074969,0.061146,0,111.52,40.11
44.7680,-0.091087,0.052098,0,111.52,40.11
44.7760,-0.111600,0.038350,0,111.52,40.11
44.7840,-0.131136,0.024229,0,111.52,40.11
44.7920,-0.145788,0.012613,0,111.52,40.11
44.8000,-0.157509,0.004798,0,111.52,40.11
44.8080,-0.163370,0.000608,0,111.52,40.11
44.8160,-0.163858,-0.001361,0,111.52,40.11
44.8240,-0.164835,-0.216526,0,111.52,40.11
44.8320,-0.163370,-0.221650,0,111.52,40.11
44.8400,-0.162882,-0.225625,0,111.52,40.11
44.8480,-0.161416,-0.228261,0,111.52,40.11
44.8560,-0.159463,-0.228982,0,111.52,40.11
44.8640,-0.157998,-0.227037,0,111.52,40.11
44.8720,-0.152137,-0.221746,0,111.52,40.11
44.8800,-0.148230,-0.212631,0,111.52,40.11
44.8880,-0.143346,-0.199420,0,111.52,40.11
44.8960,-0.139438,-0.182055,0,111.52,40.11
44.9040,-0.136996,-0.160828,0,111.52,40.11
44.9120,-0.134554,-0.136540,0,111.52,40.11
44.9200,-0.131136,-0.110549,0,111.52,40.11
44.9280,-0.131624,-0.078573,0,111.52,40.11
44.9360,-0.132112,-0.058660,0,111.52,40.11
44.9440,-0.132601,-0.040772,0,111.52,40.11
44.9520,-0.133089,-0.026367,0,111.52,40.11
44.9600,-0.136020,-0.016714,0,111.52,40.11
44.9680,-0.139438,-0.012388,0,111.52,40.11
44.9760,-0.143346,-0.012928,0,111.52,40.11
44.9840,-0.151648,-0.016736,0,111.52,40.11
44.9920,-0.156044,-0.021423,0,111.52,40.11
45.0000,-0.156532,-0.024684,0,111.52,40.11
45.0080,-0.148718,-0.025217,0,111.52,40.11
45.0160,-0.140415,-0.023083,0,111.52,40.11
45.0240,-0.132601,-0.019406,0,111.52,40.11
45.0320,-0.124298,-0.004108,0,111.52,40.11
45.0400,-0.116972,0.002904,0,111.52,40.11
45.0480,-0.109646,0.008321,0,111.52,40.11
45.0560,-0.107204,0.011087,0,111.52,40.11
45.0640,-0.108669,0.010856,0,111.52,40.11
45.0720,-0.113553,0.008183,0,111.52,40.11
45.0800,-0.117949,0.004321,0,111.52,40.11
45.0880,-0.123321,0.000771,0,111.52,40.11
45.0960,-0.125275,-0.001269,0,111.52,40.11
45.1040,-0.120391,-0.001347,0,111.52,40.11
45.1120,-0.116972,0.000216,0,111.52,40.11
45.1200,-0.111600,0.002741,0,111.52,40.11
45.1280,-0.108669,0.005629,0,111.52,40.11
45.1360,-0.105739,-0.000059,0,111.52,40.11
45.1440,-0.103785,0.000551,0,111.52,40.11
45.1520,-0.101343,-0.000183,0,111.52,40.11
45.1600,-0.101343,-0.002396,0,111.52,40.11
45.1680,-0.103785,-0.005898,0,111.52,40.11
45.1760,-0.107692,-0.010079,0,111.52,40.11
45.1840,-0.109646,-0.014053,0,111.52,40.11
45.1920,-0.111111,-0.016882,0,111.52,40.11
45.2000,-0.111111,-0.017735,0,111.52,40.11
45.2080,-0.110134,-0.016054,0,111.52,40.11
45.2160,-0.101343,-0.011827,0,111.52,40.11
45.2240,-0.092063,-0.005666,0,111.52,40.11
45.2320,-0.084249,0.001468,0,111.52,40.11
45.2400,-0.079365,0.014973,0,111.52,40.11
45.2480,-0.079365,0.015109,0,111.52,40.11
45.2560,-0.083272,0.012755,0,111.52,40.11
45.2640,-0.087179,0.008930,0,111.52,40.11
45.2720,-0.089621,0.004776,0,111.52,40.11
45.2800,-0.090598,0.001162,0,111.52,40.11
45.2880,-0.092552,-0.001370,0,111.52,40.11
45.2960,-0.091575,-0.002534,0,111.52,40.11
45.3040,-0.089133,-0.002293,0,111.52,40.11
45.3120,-0.085714,-0.000850,0,111.52,40.11
45.3200,-0.081319,0.001430,0,111.52,40.11
45.3280,-0.075946,0.004137,0,111.52,40.11
45.3360,-0.073016,0.006973,0,111.52,40.11
45.3440,-0.071551,0.034665,0,111.52,40.11
45.3520,-0.073016,0.033937,0,111.52,40.11
45.3600,-0.076435,0.031864,0,111.52,40.11
45.3680,-0.080342,0.029243,0,111.52,40.11
45.3760,-0.084249,0.026945,0,111.52,40.11
45.3840,-0.085714,0.025519,0,111.52,40.11
45.3920,-0.084737,0.024921,0,111.52,40.11
45.4000,-0.082784,0.024553,0,111.52,40.11
45.4080,-0.082295,0.023685,0,111.52,40.11
45.4160,-0.085714,0.021983,0,111.52,40.11
45.4240,-0.091575,0.019709,0,111.52,40.11
45.4320,-0.094017,0.017363,0,111.52,40.11
45.4400,-0.094505,0.015177,0,111.52,40.11
45.4480,-0.092552,-0.008262,0,111.52,40.11
45.4560,-0.091575,-0.007583,0,111.52,40.11
45.4640,-0.089133,-0.006417,0,111.52,40.11
45.4720,-0.086691,-0.005257,0,111.52,40.11
45.4800,-0.084249,-0.004416,0,111.52,40.11
45.4880,-0.084737,-0.003871,0,111.52,40.11
45.4960,-0.085226,-0.003308,0,111.52,40.11
45.5040,-0.083272,-0.002477,0,111.52,40.11
45.5120,-0.078388,-0.001528,0,111.52,40.11
45.5200,-0.075458,-0.000919,0,111.52,40.11
45.5280,-0.077411,-0.000977,0,111.52,40.11
45.5360,-0.077900,-0.001655,0,111.52,40.11
45.5440,-0.078388,-0.002668,0,111.52,40.11
45.5520,-0.082295,-0.001251,0,111.52,40.11
45.5600,-0.085714,-0.004234,0,111.52,40.11
45.5680,-0.089133,-0.006678,0,111.52,40.11
45.5760,-0.090598,-0.008043,0,111.52,40.11
45.5840,-0.089621,-0.008231,0,111.52,40.11
45.5920,-0.085714,-0.007648,0,111.52,40.11
45.6000,-0.085226,-0.006921,0,111.52,40.11
45.6080,-0.083272,-0.006480,0,111.52,40.11
45.6160,-0.085226,-0.006332,0,111.52,40.11
45.6240,-0.085714,-0.006147,0,111.52,40.11
45.6320,-0.084737,-0.005589,0,111.52,40.11
45.6400,-0.082295,-0.004578,0,111.52,40.11
45.6480,-0.081319,-0.003291,0,111.52,40.11
45.6560,-0.079365,0.015509,0,111.52,40.11
45.6640,-0.078877,0.015972,0,111.52,40.11
45.6720,-0.082295,0.015308,0,111.52,40.11
45.6800,-0.082784,0.013608,0,111.52,40.11
45.6880,-0.086203,0.011198,0,111.52,40.11
45.6960,-0.090598,0.008599,0,111.52,40.11
45.7040,-0.094017,0.006423,0,111.52,40.11
45.7120,-0.095971,0.005118,0,111.52,40.11
45.7200,-0.095971,0.004768,0,111.52,40.11
45.7280,-0.094505,0.005110,0,111.52,40.11
45.7360,-0.094505,0.005771,0,111.52,40.11
45.7440,-0.094994,0.006504,0,111.52,40.11
45.7520,-0.094505,0.007238,0,111.52,40.11
45.7600,-0.097924,-0.001639,0,111.52,40.11
45.7680,-0.099878,-0.003661,0,111.52,40.11
45.7760,-0.101343,-0.006573,0,111.52,40.11
45.7840,-0.103785,-0.010418,0,111.52,40.11
45.7920,-0.110623,-0.014885,0,111.52,40.11
45.8000,-0.116972,-0.019156,0,111.52,40.11
45.8080,-0.120391,-0.022165,0,111.52,40.11
45.8160,-0.123321,-0.023045,0,111.52,40.11
45.8240,-0.121368,-0.021486,0,111.52,40.11
45.8320,-0.116484,-0.017881,0,111.52,40.11
45.8400,-0.109158,-0.013118,0,111.52,40.11
45.8480,-0.105739,-0.008048,0,111.52,40.11
45.8560,-0.102808,-0.003044,0,111.52,40.11
45.8640,-0.102320,-0.005623,0,111.52,40.11
45.8720,-0.102320,-0.006334,0,111.52,40.11
45.8800,-0.106227,-0.008325,0,111.52,40.11
45.8880,-0.109646,-0.010818,0,111.52,40.11
45.8960,-0.112088,-0.012997,0,111.52,40.11
45.9040,-0.113553,-0.014285,0,111.52,40.11
45.9120,-0.114530,-0.014479,0,111.52,40.11
45.9200,-0.110623,-0.013757,0,111.52,40.11
45.9280,-0.110134,-0.012479,0,111.52,40.11
45.9360,-0.109158,-0.010889,0,111.52,40.11
45.9440,-0.108181,-0.008987,0,111.52,40.11
45.9520,-0.107692,-0.006690,0,111.52,40.11
45.9600,-0.103297,-0.004080,0,111.52,40.11
45.9680,-0.101343,0.004968,0,111.52,40.11
45.9760,-0.100855,0.006496,0,111.52,40.11
45.9840,-0.100855,0.007295,0,111.52,40.11
45.9920,-0.100855,0.007384,0,111.52,40.11
46.0000,-0.101832,0.006909,0,111.52,40.11
46.0080,-0.102808,0.006153,0,111.52,40.11
46.0160,-0.106227,0.005505,0,111.52,40.11
46.0240,-0.106716,0.005283,0,111.52,40.11
46.0320,-0.106227,0.005472,0,111.52,40.11
46.0400,-0.102808,0.005683,0,111.52,40.11
46.0480,-0.105739,0.005468,0,111.52,40.11
46.0560,-0.106716,0.004674,0,111.52,40.11
46.0640,-0.109158,0.003492,0,111.52,40.11
46.0720,-0.105739,-0.006157,0,111.52,40.11
46.0800,-0.101343,-0.004306,0,111.52,40.11
46.0880,-0.097924,-0.001976,0,111.52,40.11
46.0960,-0.093529,0.000467,0,111.52,40.11
46.1040,-0.092063,0.002782,0,111.52,40.11
46.1120,-0.087179,0.004831,0,111.52,40.11
46.1200,-0.085226,0.006475,0,111.52,40.11
46.1280,-0.082295,0.007526,0,111.52,40.11
46.1360,-0.080342,0.007760,0,111.52,40.11
46.1440,-0.081319,0.007000,0,111.52,40.11
46.1520,-0.082784,0.005208,0,111.52,40.11
46.1600,-0.085226,0.002530,0,111.52,40.11
46.1680,-0.090110,-0.000676,0,111.52,40.11
46.1760,-0.093529,0.005282,0,111.52,40.11
46.1840,-0.094505,0.003077,0,111.52,40.11
46.1920,-0.095971,0.002067,0,111.52,40.11
46.2000,-0.095971,0.002376,0,111.52,40.11
46.2080,-0.093529,0.003832,0,111.52,40.11
46.2160,-0.090598,0.005929,0,111.52,40.11
46.2240,-0.086203,0.007938,0,111.52,40.11
46.2320,-0.085714,0.009189,0,111.52,40.11
46.2400,-0.085714,0.009303,0,111.52,40.11
46.2480,-0.085714,0.008240,0,111.52,40.11
46.2560,-0.088645,0.006230,0,111.52,40.11
46.2640,-0.092552,0.003672,0,111.52,40.11
46.2720,-0.093529,0.000922,0,111.52,40.11
46.2800,-0.094017,0.000188,0,111.52,40.11
46.2880,-0.099878,-0.002929,0,111.52,40.11
46.2960,-0.102808,-0.006048,0,111.52,40.11
46.3040,-0.106716,-0.008925,0,111.52,40.11
46.3120,-0.107204,-0.011487,0,111.52,40.11
46.3200,-0.108181,-0.013814,0,111.52,40.11
46.3280,-0.110134,-0.015871,0,111.52,40.11
46.3360,-0.114042,-0.017272,0,111.52,40.11
46.3440,-0.114530,-0.017414,0,111.52,40.11
46.3520,-0.112088,-0.015860,0,111.52,40.11
46.3600,-0.108181,-0.012614,0,111.52,40.11
46.3680,-0.101832,-0.008084,0,111.52,40.11
46.3760,-0.096947,-0.002889,0,111.52,40.11
46.3840,-0.092552,-0.014208,0,111.52,40.11
46.3920,-0.088156,-0.012014,0,111.52,40.11
46.4000,-0.086203,-0.011871,0,111.52,40.11
46.4080,-0.088156,-0.013878,0,111.52,40.11
46.4160,-0.092552,-0.017446,0,111.52,40.11
46.4240,-0.096947,-0.021424,0,111.52,40.11
46.4320,-0.101343,-0.024474,0,111.52,40.11
46.4400,-0.101343,-0.025534,0,111.52,40.11
46.4480,-0.099878,-0.024160,0,111.52,40.11
46.4560,-0.093529,-0.020636,0,111.52,40.11
46.4640,-0.085714,-0.015757,0,111.52,40.11
46.4720,-0.080342,-0.010350,0,111.52,40.11
46.4800,-0.075458,-0.004870,0,111.52,40.11
46.4880,-0.071551,0.037411,0,111.52,40.11
46.4960,-0.071551,0.039207,0,111.52,40.11
46.5040,-0.074481,0.039225,0,111.52,40.11
46.5120,-0.076923,0.037943,0,111.52,40.11
46.5200,-0.078877,0.035744,0,111.52,40.11
46.5280,-0.082784,0.032804,0,111.52,40.11
46.5360,-0.086203,0.029252,0,111.52,40.11
46.5440,-0.093529,0.025396,0,111.52,40.11
46.5520,-0.098413,0.021765,0,111.52,40.11
46.5600,-0.102320,0.018961,0,111.52,40.11
46.5680,-0.107692,0.017459,0,111.52,40.11
46.5760,-0.108181,0.017367,0,111.52,40.11
46.5840,-0.106716,0.018222,0,111.52,40.11
46.5920,-0.105739,-0.006584,0,111.52,40.11
46.6000,-0.102320,-0.003725,0,111.52,40.11
46.6080,-0.098901,-0.000593,0,111.52,40.11
46.6160,-0.095971,0.002050,0,111.52,40.11
46.6240,-0.093529,0.003444,0,111.52,40.11
46.6320,-0.091087,0.003040,0,111.52,40.11
46.6400,-0.094505,0.000840,0,111.52,40.11
46.6480,-0.101343,-0.002403,0,111.52,40.11
46.6560,-0.102320,-0.005461,0,111.52,40.11
46.6640,-0.105739,-0.007157,0,111.52,40.11
46.6720,-0.106716,-0.006746,0,111.52,40.11
46.6800,-0.101832,-0.004212,0,111.52,40.11
46.6880,-0.096947,-0.000357,0,111.52,40.11
46.6960,-0.087179,-0.038240,0,111.52,40.11
46.7040,-0.078877,-0.033496,0,111.52,40.11
46.7120,-0.073016,-0.030089,0,111.52,40.11
46.7200,-0.071551,-0.028322,0,111.52,40.11
46.7280,-0.071062,-0.027598,0,111.52,40.11
46.7360,-0.070085,-0.026885,0,111.52,40.11
46.7440,-0.064713,-0.025375,0,111.52,40.11
46.7520,-0.059341,-0.022870,0,111.52,40.11
46.7600,-0.053968,-0.019751,0,111.52,40.11
46.7680,-0.046154,-0.016733,0,111.52,40.11
46.7760,-0.042247,-0.014501,0,111.52,40.11
46.7840,-0.039316,-0.013332,0,111.52,40.11
46.7920,-0.038828,-0.012923,0,111.52,40.11
46.8000,-0.038339,0.006571,0,111.52,40.11
46.8080,-0.030525,0.014133,0,111.52,40.11
46.8160,-0.019780,0.025908,0,111.52,40.11
46.8240,0.003663,0.040681,0,111.52,40.11
46.8320,0.023199,0.055713,0,111.52,40.11
46.8400,0.037363,0.067809,0,111.52,40.11
46.8480,0.046154,0.074466,0,111.52,40.11
46.8560,0.048107,0.074483,0,111.52,40.11
46.8640,0.040781,0.068124,0,111.52,40.11
46.8720,0.028571,0.056869,0,111.52,40.11
46.8800,0.015873,0.042738,0,111.52,40.11
46.8880,-0.000244,0.027497,0,111.52,40.11
46.8960,-0.008547,0.012080,0,111.52,40.11
46.9040,-0.016361,0.097847,0,111.52,40.11
46.9120,-0.017338,0.096323,0,111.52,40.11
46.9200,-0.019780,0.097151,0,111.52,40.11
46.9280,-0.020757,0.099001,0,111.52,40.11
46.9360,-0.020757,0.100307,0,111.52,40.11
46.9440,-0.022222,0.099494,0,111.52,40.11
46.9520,-0.027595,0.095409,0,111.52,40.11
46.9600,-0.038828,0.087852,0,111.52,40.11
46.9680,-0.054457,0.077810,0,111.52,40.11
46.9760,-0.070574,0.067126,0,111.52,40.11
46.9840,-0.085714,0.057680,0,111.52,40.11
46.9920,-0.094994,0.050432,0,111.52,40.11
47.0000,-0.098901,0.044886,0,111.52,40.11
47.0080,-0.103785,-0.033804,0,111.52,40.11
47.0160,-0.108181,-0.037930,0,111.52,40.11
47.0240,-0.113065,-0.041023,0,111.52,40.11
47.0320,-0.116972,-0.042938,0,111.52,40.11
47.0400,-0.117949,-0.043321,0,111.52,40.11
47.0480,-0.117460,-0.041945,0,111.52,40.11
47.0560,-0.115507,-0.038949,0,111.52,40.11
47.0640,-0.109646,-0.034905,0,111.52,40.11
47.0720,-0.106227,-0.030670,0,111.52,40.11
47.0800,-0.101832,-0.027018,0,111.52,40.11
47.0880,-0.102808,-0.024300,0,111.52,40.11
47.0960,-0.102808,-0.022372,0,111.52,40.11
47.1040,-0.101832,-0.020840,0,111.52,40.11
47.1120,-0.102808,-0.060516,0,111.52,40.11
47.1200,-0.108669,-0.063866,0,111.52,40.11
47.1280,-0.115018,-0.066704,0,111.52,40.11
47.1360,-0.115995,-0.068061,0,111.52,40.11
47.1440,-0.115995,-0.067589,0,111.52,40.11
47.1520,-0.112088,-0.065660,0,111.52,40.11
47.1600,-0.109646,-0.062957,0,111.52,40.11
47.1680,-0.109646,-0.059900,0,111.52,40.11
47.1760,-0.108669,-0.056382,0,111.52,40.11
47.1840,-0.105739,-0.051978,0,111.52,40.11
47.1920,-0.101343,-0.046360,0,111.52,40.11
47.2000,-0.093040,-0.039588,0,111.52,40.11
47.2080,-0.085714,-0.032135,0,111.52,40.11
47.2160,-0.080342,0.118354,0,111.52,40.11
47.2240,-0.078388,0.126989,0,111.52,40.11
47.2320,-0.082295,0.132359,0,111.52,40.11
47.2400,-0.085714,0.133603,0,111.52,40.11
47.2480,-0.094017,0.129817,0,111.52,40.11
47.2560,-0.109646,0.120354,0,111.52,40.11
47.2640,-0.129182,0.105432,0,111.52,40.11
47.2720,-0.155556,0.086721,0,111.52,40.11
47.2800,-0.184371,0.067612,0,111.52,40.11
47.2880,-0.215140,0.052750,0,111.52,40.11
47.2960,-0.236630,0.046445,0,111.52,40.11
47.3040,-0.241026,0.050207,0,111.52,40.11
47.3120,-0.218559,0.060916,0,111.52,40.11
47.3200,-0.170696,-0.997657,0,111.52,40.11
47.3280,-0.096459,-0.972500,0,111.52,40.11
47.3360,-0.005128,-0.924892,0,111.52,40.11
47.3440,0.103297,-0.855418,0,111.52,40.11
47.3520,0.234188,-0.765342,0,111.52,40.11
47.3600,0.383150,-0.658390,0,111.52,40.11
47.3680,0.540904,-0.543070,0,111.52,40.11
47.3760,0.714774,-0.434423,0,111.52,40.11
47.3840,0.929182,-0.352210,1,111.52,40.11
47.3920,1.000000,-0.312641,1,111.52,40.11
47.4000,1.000000,-0.319061,0,111.52,40.11
47.4080,1.000000,-0.361278,0,111.52,40.11
47.4160,1.000000,-0.422418,0,111.52,40.11
47.4240,0.959463,0.907906,0,111.52,40.11
47.4320,0.741636,0.796417,0,111.52,40.11
47.4400,0.523321,0.653670,0,111.52,40.11
47.4480,0.313797,0.498260,0,111.52,40.11
47.4560,0.110134,0.349357,0,111.52,40.11
47.4640,-0.071062,0.223338,0,111.52,40.11
47.4720,-0.208303,0.132380,0,111.52,40.11
47.4800,-0.288889,0.083102,0,111.52,40.11
47.4880,-0.305983,0.075650,0,111.52,40.11
47.4960,-0.281074,0.104282,0,111.52,40.11
47.5040,-0.221490,0.159592,0,111.52,40.11
47.5120,-0.151648,0.231413,0,111.52,40.11
47.5200,-0.085714,0.310971,0,111.52,40.11
47.5280,-0.038828,0.063079,0,111.52,40.11
47.5360,-0.016850,0.093867,0,111.52,40.11
47.5440,-0.021245,0.104653,0,111.52,40.11
47.5520,-0.037851,0.098950,0,111.52,40.11
47.5600,-0.062271,0.082268,0,111.52,40.11
47.5680,-0.092552,0.060325,0,111.52,40.11
47.5760,-0.118926,0.038061,0,111.52,40.11
47.5840,-0.141392,0.019321,0,111.52,40.11
47.5920,-0.159463,0.006974,0,111.52,40.11
47.6000,-0.169231,0.003007,0,111.52,40.11
47.6080,-0.169231,0.008187,0,111.52,40.11
47.6160,-0.156044,0.021424,0,111.52,40.11
47.6240,-0.135043,0.039489,0,111.52,40.11
47.6320,-0.112576,-0.241344,0,111.52,40.11
47.6400,-0.094017,-0.231179,0,111.52,40.11
47.6480,-0.085714,-0.225092,0,111.52,40.11
47.6560,-0.090110,-0.223287,0,111.52,40.11
47.6640,-0.096459,-0.223887,0,111.52,40.11
47.6720,-0.105739,-0.224023,0,111.52,40.11
47.6800,-0.114530,-0.220989,0,111.52,40.11
47.6880,-0.122344,-0.213007,0,111.52,40.11
47.6960,-0.127228,-0.199497,0,111.52,40.11
47.7040,-0.127228,-0.180951,0,111.52,40.11
47.7120,-0.125275,-0.158557,0,111.52,40.11
47.7200,-0.122344,-0.133749,0,111.52,40.11
47.7280,-0.120391,-0.107870,0,111.52,40.11
47.7360,-0.123321,-0.024410,0,111.52,40.11
47.7440,-0.127717,-0.014134,0,111.52,40.11
47.7520,-0.131624,-0.007262,0,111.52,40.11
47.7600,-0.132601,-0.002618,0,111.52,40.11
47.7680,-0.131624,0.000703,0,111.52,40.11
47.7760,-0.122344,0.002839,0,111.52,40.11
47.7840,-0.114042,0.003298,0,111.52,40.11
47.7920,-0.111600,0.001752,0,111.52,40.11
47.8000,-0.114042,-0.001228,0,111.52,40.11
47.8080,-0.116972,-0.004247,0,111.52,40.11
47.8160,-0.118437,-0.005880,0,111.52,40.11
47.8240,-0.116972,-0.005539,0,111.52,40.11
47.8320,-0.113553,-0.003819,0,111.52,40.11
47.8400,-0.104762,0.002871,0,111.52,40.11
47.8480,-0.102320,0.005362,0,111.52,40.11
47.8560,-0.106716,0.005943,0,111.52,40.11
47.8640,-0.112576,0.005288,0,111.52,40.11
47.8720,-0.114530,0.004852,0,111.52,40.11
47.8800,-0.114530,0.005856,0,111.52,40.11
47.8880,-0.108669,0.008572,0,111.52,40.11
47.8960,-0.102320,0.012186,0,111.52,40.11
47.9040,-0.094505,0.015191,0,111.52,40.11
47.9120,-0.091575,0.016124,0,111.52,40.11
47.9200,-0.093040,0.014247,0,111.52,40.11
47.9280,-0.098901,0.009832,0,111.52,40.11
47.9360,-0.104762,0.003950,0,111.52,40.11
47.9440,-0.109646,-0.028486,0,111.52,40.11
47.9520,-0.111111,-0.031581,0,111.52,40.11
47.9600,-0.110623,-0.031952,0,111.52,40.11
47.9680,-0.106227,-0.029632,0,111.52,40.11
47.9760,-0.098901,-0.025283,0,111.52,40.11
47.9840,-0.090598,-0.019956,0,111.52,40.11
47.9920,-0.084249,-0.014742,0,111.52,40.11
48.0000,-0.077411,-0.010545,0,111.52,40.11
48.0080,-0.071551,-0.007986,0,111.52,40.11
48.0160,-0.069597,-0.007335,0,111.52,40.11
48.0240,-0.069109,-0.008471,0,111.52,40.11
48.0320,-0.068620,-0.010964,0,111.52,40.11
48.0400,-0.070085,-0.014201,0,111.52,40.11
48.0480,-0.070574,0.030529,0,111.52,40.11
48.0560,-0.073016,0.028070,0,111.52,40.11
48.0640,-0.075458,0.025636,0,111.52,40.11
48.0720,-0.078388,0.023675,0,111.52,40.11
48.0800,-0.078388,0.022458,0,111.52,40.11
48.0880,-0.076923,0.021927,0,111.52,40.11
48.0960,-0.077411,0.021815,0,111.52,40.11
48.1040,-0.078388,0.021850,0,111.52,40.11
48.1120,-0.078388,0.021759,0,111.52,40.11
48.1200,-0.076923,0.021125,0,111.52,40.11
48.1280,-0.076435,0.019450,0,111.52,40.11
48.1360,-0.078877,0.016501,0,111.52,40.11
48.1440,-0.085226,0.012654,0,111.52,40.11
48.1520,-0.090598,0.005151,0,111.52,40.11
48.1600,-0.094017,0.000552,0,111.52,40.11
48.1680,-0.098413,-0.003200,0,111.52,40.11
48.1760,-0.100855,-0.005649,0,111.52,40.11
48.1840,-0.100366,-0.006655,0,111.52,40.11
48.1920,-0.099389,-0.006426,0,111.52,40.11
48.2000,-0.097924,-0.005408,0,111.52,40.11
48.2080,-0.095482,-0.004104,0,111.52,40.11
48.2160,-0.094994,-0.002916,0,111.52,40.11
48.2240,-0.094505,-0.002052,0,111.52,40.11
48.2320,-0.093529,-0.001570,0,111.52,40.11
48.2400,-0.092063,-0.001446,0,111.52,40.11
48.2480,-0.092552,-0.001553,0,111.52,40.11
48.2560,-0.092063,-0.023830,0,111.52,40.11
48.2640,-0.092552,-0.024374,0,111.52,40.11
48.2720,-0.093040,-0.023245,0,111.52,40.11
48.2800,-0.086691,-0.019876,0,111.52,40.11
48.2880,-0.080342,-0.014426,0,111.52,40.11
48.2960,-0.070085,-0.007851,0,111.52,40.11
48.3040,-0.061783,-0.001603,0,111.52,40.11
48.3120,-0.054945,0.002876,0,111.52,40.11
48.3200,-0.053480,0.004660,0,111.52,40.11
48.3280,-0.055433,0.003577,0,111.52,40.11
48.3360,-0.058852,0.000067,0,111.52,40.11
48.3440,-0.062271,-0.005141,0,111.52,40.11
48.3520,-0.068132,-0.011230,0,111.52,40.11
48.3600,-0.073504,0.018749,0,111.52,40.11
48.3680,-0.077411,0.016971,0,111.52,40.11
48.3760,-0.075946,0.017111,0,111.52,40.11
48.3840,-0.073016,0.018658,0,111.52,40.11
48.3920,-0.070574,0.020584,0,111.52,40.11
48.4000,-0.070085,0.021821,0,111.52,40.11
48.4080,-0.070574,0.021633,0,111.52,40.11
48.4160,-0.071551,0.019786,0,111.52,40.11
48.4240,-0.077900,0.016656,0,111.52,40.11
48.4320,-0.083272,0.013143,0,111.52,40.11
48.4400,-0.088645,0.010275,0,111.52,40.11
48.4480,-0.091087,0.008631,0,111.52,40.11
48.4560,-0.088645,0.007952,0,111.52,40.11
48.4640,-0.085714,0.020183,0,111.52,40.11
48.4720,-0.083272,0.022057,0,111.52,40.11
48.4800,-0.084249,0.022781,0,111.52,40.11
48.4880,-0.085714,0.021770,0,111.52,40.11
48.4960,-0.088645,0.018964,0,111.52,40.11
48.5040,-0.095971,0.014806,0,111.52,40.11
48.5120,-0.101343,0.010108,0,111.52,40.11
48.5200,-0.106716,0.005781,0,111.52,40.11
48.5280,-0.109646,0.002649,0,111.52,40.11
48.5360,-0.113553,0.001407,0,111.52,40.11
48.5440,-0.115507,0.002522,0,111.52,40.11
48.5520,-0.111600,0.005921,0,111.52,40.11
48.5600,-0.105739,0.010759,0,111.52,40.11
48.5680,-0.101343,-0.017260,0,111.52,40.11
48.5760,-0.096947,-0.013892,0,111.52,40.11
48.5840,-0.094994,-0.011935,0,111.52,40.11
48.5920,-0.093529,-0.011733,0,111.52,40.11
48.6000,-0.096947,-0.013080,0,111.52,40.11
48.6080,-0.100366,-0.015288,0,111.52,40.11
48.6160,-0.102320,-0.017440,0,111.52,40.11
48.6240,-0.106227,-0.018682,0,111.52,40.11
48.6320,-0.105739,-0.018457,0,111.52,40.11
48.6400,-0.102808,-0.016662,0,111.52,40.11
48.6480,-0.100366,-0.013592,0,111.52,40.11
48.6560,-0.095971,-0.009709,0,111.52,40.11
48.6640,-0.092552,-0.005460,0,111.52,40.11
48.6720,-0.090110,0.004970,0,111.52,40.11
48.6800,-0.086203,0.007348,0,111.52,40.11
48.6880,-0.085714,0.008501,0,111.52,40.11
48.6960,-0.087179,0.008458,0,111.52,40.11
48.7040,-0.088645,0.007567,0,111.52,40.11
48.7120,-0.092063,0.006353,0,111.52,40.11
48.7200,-0.093529,0.005286,0,111.52,40.11
48.7280,-0.094017,0.004587,0,111.52,40.11
48.7360,-0.093529,0.004203,0,111.52,40.11
48.7440,-0.094017,0.003991,0,111.52,40.11
48.7520,-0.095971,0.003905,0,111.52,40.11
48.7600,-0.095971,0.003984,0,111.52,40.11
48.7680,-0.095482,0.004202,0,111.52,40.11
48.7760,-0.097924,-0.012667,0,111.52,40.11
48.7840,-0.097924,-0.011626,0,111.52,40.11
48.7920,-0.094017,-0.009138,0,111.52,40.11
48.8000,-0.088156,-0.005525,0,111.52,40.11
48.8080,-0.083272,-0.001574,0,111.52,40.11
48.8160,-0.077900,0.001776,0,111.52,40.11
48.8240,-0.074969,0.003743,0,111.52,40.11
48.8320,-0.072527,0.003942,0,111.52,40.11
48.8400,-0.074481,0.002569,0,111.52,40.11
48.8480,-0.078388,0.000362,0,111.52,40.11
48.8560,-0.080342,-0.001778,0,111.52,40.11
48.8640,-0.079365,-0.003331,0,111.52,40.11
48.8720,-0.078388,-0.004387,0,111.52,40.11
48.8800,-0.078388,0.008190,0,111.52,40.11
48.8880,-0.079365,0.006029,0,111.52,40.11
48.8960,-0.085226,0.002893,0,111.52,40.11
48.9040,-0.091575,-0.000563,0,111.52,40.11
48.9120,-0.097924,-0.003328,0,111.52,40.11
48.9200,-0.098413,-0.004592,0,111.52,40.11
48.9280,-0.096459,-0.004191,0,111.52,40.11
48.9360,-0.092063,-0.002654,0,111.52,40.11
48.9440,-0.087179,-0.000858,0,111.52,40.11
48.9520,-0.085714,0.000483,0,111.52,40.11
48.9600,-0.088156,0.001175,0,111.52,40.11
48.9680,-0.088645,0.001458,0,111.52,40.11
48.9760,-0.086691,0.001617,0,111.52,40.11
48.9840,-0.086203,0.006110,0,111.52,40.11
48.9920,-0.085714,0.005873,0,111.52,40.11
49.0000,-0.086203,0.004511,0,111.52,40.11
49.0080,-0.087668,0.001818,0,111.52,40.11
49.0160,-0.094017,-0.001823,0,111.52,40.11
49.0240,-0.100366,-0.005426,0,111.52,40.11
49.0320,-0.103785,-0.007860,0,111.52,40.11
49.0400,-0.102808,-0.008466,0,111.52,40.11
49.0480,-0.101343,-0.007312,0,111.52,40.11
49.0560,-0.096459,-0.005028,0,111.52,40.11
49.0640,-0.094017,-0.002377,0,111.52,40.11
49.0720,-0.092063,0.000145,0,111.52,40.11
49.0800,-0.090598,0.002463,0,111.52,40.11
49.0880,-0.089133,0.019247,0,111.52,40.11
49.0960,-0.085714,0.023691,0,111.52,40.11
49.1040,-0.081319,0.028633,0,111.52,40.11
49.1120,-0.075458,0.033227,0,111.52,40.11
49.1200,-0.071551,0.036237,0,111.52,40.11
49.1280,-0.071062,0.036590,0,111.52,40.11
49.1360,-0.076923,0.033961,0,111.52,40.11
49.1440,-0.084737,0.028994,0,111.52,40.11
49.1520,-0.093040,0.023053,0,111.52,40.11
49.1600,-0.101832,0.017712,0,111.52,40.11
49.1680,-0.107692,0.014187,0,111.52,40.11
49.1760,-0.109646,0.012832,0,111.52,40.11
49.1840,-0.108181,0.012938,0,111.52,40.11
49.1920,-0.104274,0.003598,0,111.52,40.11
49.2000,-0.101832,0.007602,0,111.52,40.11
49.2080,-0.099878,0.011713,0,111.52,40.11
49.2160,-0.094017,0.015136,0,111.52,40.11
49.2240,-0.093040,0.017257,0,111.52,40.11
49.2320,-0.094017,0.017839,0,111.52,40.11
49.2400,-0.095971,0.017094,0,111.52,40.11
49.2480,-0.100366,0.015497,0,111.52,40.11
49.2560,-0.101832,0.013492,0,111.52,40.11
49.2640,-0.104274,0.011321,0,111.52,40.11
49.2720,-0.106716,0.009122,0,111.52,40.11
49.2800,-0.114530,0.007063,0,111.52,40.11
49.2880,-0.114042,0.005206,0,111.52,40.11
49.2960,-0.109646,-0.016498,0,111.52,40.11
49.3040,-0.101343,-0.012120,0,111.52,40.11
49.3120,-0.096459,-0.007066,0,111.52,40.11
49.3200,-0.092063,-0.002223,0,111.52,40.11
49.3280,-0.090110,0.001952,0,111.52,40.11
49.3360,-0.085226,0.005214,0,111.52,40.11
49.3440,-0.080830,0.007258,0,111.52,40.11
49.3520,-0.079365,0.007800,0,111.52,40.11
49.3600,-0.081319,0.006877,0,111.52,40.11
49.3680,-0.085714,0.004913,0,111.52,40.11
49.3760,-0.086203,0.002428,0,111.52,40.11
49.3840,-0.088156,-0.000264,0,111.52,40.11
49.3920,-0.091087,-0.003041,0,111.52,40.11
49.4000,-0.093529,-0.015704,0,111.52,40.11
49.4080,-0.096459,-0.019260,0,111.52,40.11
49.4160,-0.100855,-0.022511,0,111.52,40.11
49.4240,-0.103785,-0.025025,0,111.52,40.11
49.4320,-0.104274,-0.026470,0,111.52,40.11
49.4400,-0.103785,-0.026762,0,111.52,40.11
49.4480,-0.101832,-0.026010,0,111.52,40.11
49.4560,-0.100366,-0.024379,0,111.52,40.11
49.4640,-0.096947,-0.022038,0,111.52,40.11
49.4720,-0.093040,-0.019204,0,111.52,40.11
49.4800,-0.086691,-0.016167,0,111.52,40.11
49.4880,-0.083761,-0.013169,0,111.52,40.11
49.4960,-0.079853,-0.010271,0,111.52,40.11
49.5040,-0.077411,-0.024828,0,111.52,40.11
49.5120,-0.074481,-0.022868,0,111.52,40.11
49.5200,-0.070085,-0.020320,0,111.52,40.11
49.5280,-0.066667,-0.017201,0,111.52,40.11
49.5360,-0.058852,-0.014009,0,111.52,40.11
49.5440,-0.053480,-0.011644,0,111.52,40.11
49.5520,-0.048107,-0.010989,0,111.52,40.11
49.5600,-0.047619,-0.012298,0,111.52,40.11
49.5680,-0.051038,-0.014793,0,111.52,40.11
49.5760,-0.054457,-0.016841,0,111.52,40.11
49.5840,-0.053968,-0.016769,0,111.52,40.11
49.5920,-0.048107,-0.013878,0,111.52,40.11
49.6000,-0.035409,-0.009006,0,111.52,40.11
49.6080,-0.014896,0.049099,0,111.52,40.11
49.6160,0.008059,0.065802,0,111.52,40.11
49.6240,0.024176,0.080247,0,111.52,40.11
49.6320,0.032479,0.090287,0,111.52,40.11
49.6400,0.033944,0.095383,0,111.52,40.11
49.6480,0.031502,0.096223,0,111.52,40.11
49.6560,0.031013,0.093841,0,111.52,40.11
49.6640,0.025153,0.088961,0,111.52,40.11
49.6720,0.022222,0.081900,0,111.52,40.11
49.6800,0.010989,0.072893,0,111.52,40.11
49.6880,-0.001221,0.062405,0,111.52,40.11
49.6960,-0.012943,0.051076,0,111.52,40.11
49.7040,-0.023199,0.039423,0,111.52,40.11
49.7120,-0.030037,0.080110,0,111.52,40.11
49.7200,-0.031502,0.080887,0,111.52,40.11
49.7280,-0.025641,0.084002,0,111.52,40.11
49.7360,-0.022222,0.087187,0,111.52,40.11
49.7440,-0.020757,0.088014,0,111.52,40.11
49.7520,-0.025641,0.084954,0,111.52,40.11
49.7600,-0.038828,0.078047,0,111.52,40.11
49.7680,-0.054457,0.068809,0,111.52,40.11
49.7760,-0.068620,0.059349,0,111.52,40.11
49.7840,-0.075946,0.051324,0,111.52,40.11
49.7920,-0.085226,0.045423,0,111.52,40.11
49.8000,-0.091087,0.041465,0,111.52,40.11
49.8080,-0.095971,0.038677,0,111.52,40.11
49.8160,-0.101343,-0.029345,0,111.52,40.11
49.8240,-0.103785,-0.032226,0,111.52,40.11
49.8320,-0.105739,-0.034494,0,111.52,40.11
49.8400,-0.110134,-0.036216,0,111.52,40.11
49.8480,-0.112576,-0.037263,0,111.52,40.11
49.8560,-0.112576,-0.037492,0,111.52,40.11
49.8640,-0.111600,-0.036840,0,111.52,40.11
49.8720,-0.114530,-0.035248,0,111.52,40.11
49.8800,-0.110623,-0.032677,0,111.52,40.11
49.8880,-0.108669,-0.029281,0,111.52,40.11
49.8960,-0.103785,-0.025431,0,111.52,40.11
49.9040,-0.100855,-0.021512,0,111.52,40.11
49.9120,-0.100366,-0.017676,0,111.52,40.11
49.9200,-0.102320,-0.040017,0,111.52,40.11
49.9280,-0.102808,-0.039867,0,111.52,40.11
49.9360,-0.105739,-0.039970,0,111.52,40.11
49.9440,-0.105250,-0.040068,0,111.52,40.11
49.9520,-0.107692,-0.039923,0,111.52,40.11
49.9600,-0.110623,-0.039238,0,111.52,40.11
49.9680,-0.109646,-0.037725,0,111.52,40.11
49.9760,-0.109646,-0.035288,0,111.52,40.11
49.9840,-0.107692,-0.032085,0,111.52,40.11
49.9920,-0.104762,-0.028502,0,111.52,40.11
50.0000,-0.101343,-0.025026,0,111.52,40.11
50.0080,-0.098413,-0.022011,0,111.52,40.11
50.0160,-0.098901,-0.019420,0,111.52,40.11
50.0240,-0.101343,-0.020647,0,111.52,40.11
50.0320,-0.102808,-0.023425,0,111.52,40.11
50.0400,-0.109158,-0.029375,0,111.52,40.11
50.0480,-0.117460,-0.039250,0,111.52,40.11
50.0560,-0.131136,-0.053276,0,111.52,40.11
50.0640,-0.148718,-0.070588,0,111.52,40.11
50.0720,-0.168254,-0.088828,0,111.52,40.11
50.0800,-0.186813,-0.104157,0,111.52,40.11
50.0880,-0.197558,-0.111824,0,111.52,40.11
50.0960,-0.198535,-0.107292,0,111.52,40.11
50.1040,-0.183883,-0.087852,0,111.52,40.11
50.1120,-0.147741,-0.054385,0,111.52,40.11
50.1200,-0.090598,-0.012275,0,111.52,40.11
50.1280,-0.020269,-0.586673,0,111.52,40.11
50.1360,0.075946,-0.515137,0,111.52,40.11
50.1440,0.196581,-0.418354,0,111.52,40.11
50.1520,0.344078,-0.298675,0,111.52,40.11
50.1600,0.506716,-0.163927,0,111.52,40.11
50.1680,0.679609,-0.028885,0,111.52,40.11
50.1760,0.898413,0.085936,0,111.52,40.11
50.1840,1.000000,0.160885,1,111.52,40.11
50.1920,1.000000,0.185261,1,111.52,40.11
50.2000,1.000000,0.157797,0,111.52,40.11
50.2080,1.000000,0.080640,0,111.52,40.11
50.2160,0.986813,-0.041257,0,111.52,40.11
50.2240,0.773382,-0.192254,0,111.52,40.11
50.2320,0.539927,0.554217,0,111.52,40.11
50.2400,0.314286,0.350166,0,111.52,40.11
50.2480,0.092552,0.154536,0,111.52,40.11
50.2560,-0.098901,-0.008614,0,111.52,40.11
50.2640,-0.227350,-0.122285,0,111.52,40.11
50.2720,-0.289866,-0.179514,0,111.52,40.11
50.2800,-0.288889,-0.184371,0,111.52,40.11
50.2880,-0.241026,-0.150181,0,111.52,40.11
50.2960,-0.174115,-0.095291,0,111.52,40.11
50.3040,-0.110623,-0.037591,0,111.52,40.11
50.3120,-0.063248,0.010446,0,111.52,40.11
50.3200,-0.040293,0.044757,0,111.52,40.11
50.3280,-0.038828,0.069797,0,111.52,40.11
50.3360,-0.053480,0.044405,0,111.52,40.11
50.3440,-0.072527,0.033274,0,111.52,40.11
50.3520,-0.092552,0.019348,0,111.52,40.11
50.3600,-0.107204,0.007122,0,111.52,40.11
50.3680,-0.116972,-0.001137,0,111.52,40.11
50.3760,-0.121856,-0.005157,0,111.52,40.11
50.3840,-0.123810,-0.005982,0,111.52,40.11
50.3920,-0.121856,-0.005187,0,111.52,40.11
50.4000,-0.123810,-0.004132,0,111.52,40.11
50.4080,-0.126252,-0.003451,0,111.52,40.11
50.4160,-0.131624,-0.003031,0,111.52,40.11
50.4240,-0.135531,-0.002459,0,111.52,40.11
50.4320,-0.137973,-0.001547,0,111.52,40.11
50.4400,-0.134066,-0.275585,0,111.52,40.11
50.4480,-0.131624,-0.275018,0,111.52,40.11
50.4560,-0.127228,-0.270803,0,111.52,40.11
50.4640,-0.124786,-0.263192,0,111.52,40.11
50.4720,-0.123321,-0.252447,0,111.52,40.11
50.4800,-0.123321,-0.238885,0,111.52,40.11
50.4880,-0.123810,-0.223020,0,111.52,40.11
50.4960,-0.123810,-0.205602,0,111.52,40.11
50.5040,-0.125275,-0.187604,0,111.52,40.11
50.5120,-0.125275,-0.170200,0,111.52,40.11
50.5200,-0.124786,-0.154571,0,111.52,40.11
50.5280,-0.129182,-0.141290,0,111.52,40.11
50.5360,-0.132601,-0.129734,0,111.52,40.11
50.5440,-0.132601,-0.015779,0,111.52,40.11
50.5520,-0.132601,-0.009427,0,111.52,40.11
50.5600,-0.125275,-0.004160,0,111.52,40.11
50.5680,-0.116484,0.000117,0,111.52,40.11
50.5760,-0.108669,0.003231,0,111.52,40.11
50.5840,-0.101832,0.005116,0,111.52,40.11
50.5920,-0.101343,0.006006,0,111.52,40.11
50.6000,-0.097924,0.006257,0,111.52,40.11
50.6080,-0.095971,0.006017,0,111.52,40.11
50.6160,-0.096947,0.005171,0,111.52,40.11
50.6240,-0.100366,0.003576,0,111.52,40.11
50.6320,-0.102320,0.001241,0,111.52,40.11
50.6400,-0.107692,-0.001588,0,111.52,40.11
50.6480,-0.110134,-0.016360,0,111.52,40.11
50.6560,-0.114042,-0.019300,0,111.52,40.11
50.6640,-0.116484,-0.020988,0,111.52,40.11
50.6720,-0.113553,-0.021115,0,111.52,40.11
50.6800,-0.111111,-0.019860,0,111.52,40.11
50.6880,-0.106716,-0.017805,0,111.52,40.11
50.6960,-0.102320,-0.015702,0,111.52,40.11
50.7040,-0.097436,-0.014178,0,111.52,40.11
50.7120,-0.096459,-0.013392,0,111.52,40.11
50.7200,-0.098413,-0.012917,0,111.52,40.11
50.7280,-0.095482,-0.012124,0,111.52,40.11
50.7360,-0.088645,-0.010743,0,111.52,40.11
50.7440,-0.085714,-0.008979,0,111.52,40.11
50.7520,-0.088645,-0.004238,0,111.52,40.11
50.7600,-0.094017,-0.007879,0,111.52,40.11
50.7680,-0.098413,-0.011363,0,111.52,40.11
50.7760,-0.098901,-0.013533,0,111.52,40.11
50.7840,-0.096947,-0.013919,0,111.52,40.11
50.7920,-0.092063,-0.012864,0,111.52,40.11
50.8000,-0.086691,-0.011177,0,111.52,40.11
50.8080,-0.085714,-0.009595,0,111.52,40.11
50.8160,-0.082295,-0.008449,0,111.52,40.11
50.8240,-0.080342,-0.007678,0,111.52,40.11
50.8320,-0.078388,-0.006984,0,111.52,40.11
50.8400,-0.077900,-0.006046,0,111.52,40.11
50.8480,-0.071551,-0.004817,0,111.52,40.11
50.8560,-0.068620,0.014205,0,111.52,40.11
50.8640,-0.062759,0.016553,0,111.52,40.11
50.8720,-0.059341,0.017855,0,111.52,40.11
50.8800,-0.058852,0.017753,0,111.52,40.11
50.8880,-0.060806,0.016507,0,111.52,40.11
50.8960,-0.065201,0.014898,0,111.52,40.11
50.9040,-0.064713,0.013733,0,111.52,40.11
50.9120,-0.063736,0.013332,0,111.52,40.11
50.9200,-0.060806,0.013423,0,111.52,40.11
50.9280,-0.060317,0.013429,0,111.52,40.11
50.9360,-0.059341,0.012855,0,111.52,40.11
50.9440,-0.059829,0.011526,0,111.52,40.11
50.9520,-0.061783,0.009668,0,111.52,40.11
50.9600,-0.063736,0.023934,0,111.52,40.11
50.9680,-0.063736,0.022533,0,111.52,40.11
50.9760,-0.065690,0.021367,0,111.52,40.11
50.9840,-0.065690,0.020421,0,111.52,40.11
50.9920,-0.063736,0.019486,0,111.52,40.11
51.0000,-0.066667,0.018352,0,111.52,40.11
51.0080,-0.067643,0.017013,0,111.52,40.11
51.0160,-0.070085,0.015642,0,111.52,40.11
51.0240,-0.071062,0.014412,0,111.52,40.11
51.0320,-0.070574,0.013350,0,111.52,40.11
51.0400,-0.072527,0.012362,0,111.52,40.11
51.0480,-0.072527,0.011344,0,111.52,40.11
51.0560,-0.074481,0.010274,0,111.52,40.11
51.0640,-0.075458,-0.007530,0,111.52,40.11
51.0720,-0.075946,-0.007468,0,111.52,40.11
51.0800,-0.072527,-0.006334,0,111.52,40.11
51.0880,-0.069109,-0.004436,0,111.52,40.11
51.0960,-0.064713,-0.002369,0,111.52,40.11
51.1040,-0.062759,-0.000708,0,111.52,40.11
51.1120,-0.061294,0.000238,0,111.52,40.11
51.1200,-0.061294,0.000486,0,111.52,40.11
51.1280,-0.061783,0.000233,0,111.52,40.11
51.1360,-0.059829,-0.000333,0,111.52,40.11
51.1440,-0.061294,-0.001111,0,111.52,40.11
51.1520,-0.060806,-0.002039,0,111.52,40.11
51.1600,-0.061783,-0.003050,0,111.52,40.11
51.1680,-0.062271,0.009240,0,111.52,40.11
51.1760,-0.062271,0.009401,0,111.52,40.11
51.1840,-0.062271,0.009397,0,111.52,40.11
51.1920,-0.061294,0.008819,0,111.52,40.11
51.2000,-0.062759,0.007359,0,111.52,40.11
51.2080,-0.067155,0.005078,0,111.52,40.11
51.2160,-0.069597,0.002457,0,111.52,40.11
51.2240,-0.073504,0.000211,0,111.52,40.11
51.2320,-0.076435,-0.000974,0,111.52,40.11
51.2400,-0.076923,-0.000762,0,111.52,40.11
51.2480,-0.071551,0.000611,0,111.52,40.11
51.2560,-0.069597,0.002547,0,111.52,40.11
51.2640,-0.070085,0.004597,0,111.52,40.11
51.2720,-0.073504,0.020128,0,111.52,40.11
51.2800,-0.079365,0.017575,0,111.52,40.11
51.2880,-0.085714,0.014888,0,111.52,40.11
51.2960,-0.086691,0.013058,0,111.52,40.11
51.3040,-0.088645,0.012617,0,111.52,40.11
51.3120,-0.090110,0.013561,0,111.52,40.11
51.3200,-0.086203,0.015390,0,111.52,40.11
51.3280,-0.086203,0.017242,0,111.52,40.11
51.3360,-0.085714,0.018190,0,111.52,40.11
51.3440,-0.086203,0.017536,0,111.52,40.11
51.3520,-0.091575,0.015019,0,111.52,40.11
51.3600,-0.096947,0.010914,0,111.52,40.11
51.3680,-0.103785,0.005921,0,111.52,40.11
51.3760,-0.108181,-0.027377,0,111.52,40.11
51.3840,-0.107692,-0.028040,0,111.52,40.11
51.3920,-0.104762,-0.026135,0,111.52,40.11
51.4000,-0.100855,-0.022313,0,111.52,40.11
51.4080,-0.093529,-0.017726,0,111.52,40.11
51.4160,-0.088645,-0.013622,0,111.52,40.11
51.4240,-0.087668,-0.010888,0,111.52,40.11
51.4320,-0.086203,-0.009815,0,111.52,40.11
51.4400,-0.086691,-0.010140,0,111.52,40.11
51.4480,-0.090598,-0.011199,0,111.52,40.11
51.4560,-0.092552,-0.012214,0,111.52,40.11
51.4640,-0.092063,-0.012715,0,111.52,40.11
51.4720,-0.091087,-0.012769,0,111.52,40.11
51.4800,-0.094017,-0.021023,0,111.52,40.11
51.4880,-0.094017,-0.020825,0,111.52,40.11
51.4960,-0.092063,-0.020023,0,111.52,40.11
51.5040,-0.089133,-0.018981,0,111.52,40.11
51.5120,-0.087668,-0.018220,0,111.52,40.11
51.5200,-0.087179,-0.018115,0,111.52,40.11
51.5280,-0.087179,-0.018706,0,111.52,40.11
51.5360,-0.087179,-0.019636,0,111.52,40.11
51.5440,-0.090110,-0.020197,0,111.52,40.11
51.5520,-0.090110,-0.019587,0,111.52,40.11
51.5600,-0.085714,-0.017362,0,111.52,40.11
51.5680,-0.080342,-0.013679,0,111.52,40.11
51.5760,-0.074969,-0.009174,0,111.52,40.11
51.5840,-0.071062,0.008758,0,111.52,40.11
51.5920,-0.069597,0.011618,0,111.52,40.11
51.6000,-0.067643,0.014377,0,111.52,40.11
51.6080,-0.062759,0.016848,0,111.52,40.11
51.6160,-0.055433,0.018428,0,111.52,40.11
51.6240,-0.054457,0.018375,0,111.52,40.11
51.6320,-0.058364,0.016374,0,111.52,40.11
51.6400,-0.066178,0.012857,0,111.52,40.11
51.6480,-0.073016,0.008885,0,111.52,40.11
51.6560,-0.080830,0.005717,0,111.52,40.11
51.6640,-0.083272,0.004310,0,111.52,40.11
51.6720,-0.080830,0.004871,0,111.52,40.11
51.6800,-0.074481,0.006716,0,111.52,40.11
51.6880,-0.066667,0.011889,0,111.52,40.11
51.6960,-0.059341,0.016200,0,111.52,40.11
51.7040,-0.057387,0.018423,0,111.52,40.11
51.7120,-0.057387,0.017733,0,111.52,40.11
51.7200,-0.060806,0.014197,0,111.52,40.11
51.7280,-0.070085,0.008815,0,111.52,40.11
51.7360,-0.079853,0.003280,0,111.52,40.11
51.7440,-0.085714,-0.000685,0,111.52,40.11
51.7520,-0.085714,-0.002092,0,111.52,40.11
51.7600,-0.080342,-0.000997,0,111.52,40.11
51.7680,-0.076435,0.001828,0,111.52,40.11
51.7760,-0.072527,0.005517,0,111.52,40.11
51.7840,-0.069109,0.009503,0,111.52,40.11
51.7920,-0.063248,0.016342,0,111.52,40.11
51.8000,-0.058852,0.020220,0,111.52,40.11
51.8080,-0.054945,0.022445,0,111.52,40.11
51.8160,-0.054945,0.022609,0,111.52,40.11
51.8240,-0.057875,0.020858,0,111.52,40.11
51.8320,-0.062759,0.017904,0,111.52,40.11
51.8400,-0.066667,0.014725,0,111.52,40.11
51.8480,-0.069597,0.012143,0,111.52,40.11
51.8560,-0.070085,0.010548,0,111.52,40.11
51.8640,-0.069597,0.009883,0,111.52,40.11
51.8720,-0.070085,0.009866,0,111.52,40.11
51.8800,-0.071062,0.010234,0,111.52,40.11
51.8880,-0.070574,0.010790,0,111.52,40.11
51.8960,-0.070085,-0.005811,0,111.52,40.11
51.9040,-0.070574,-0.005430,0,111.52,40.11
51.9120,-0.070085,-0.004871,0,111.52,40.11
51.9200,-0.068620,-0.004303,0,111.52,40.11
51.9280,-0.067643,-0.004010,0,111.52,40.11
51.9360,-0.067155,-0.004196,0,111.52,40.11
51.9440,-0.070085,-0.004776,0,111.52,40.11
51.9520,-0.070574,-0.005402,0,111.52,40.11
51.9600,-0.070085,-0.005716,0,111.52,40.11
51.9680,-0.069109,-0.005539,0,111.52,40.11
51.9760,-0.067155,-0.004858,0,111.52,40.11
51.9840,-0.067643,-0.003746,0,111.52,40.11
51.9920,-0.064713,-0.002362,0,111.52,40.11
52.0000,-0.065201,0.004020,0,111.52,40.11
52.0080,-0.068132,0.003847,0,111.52,40.11
52.0160,-0.070085,0.003625,0,111.52,40.11
52.0240,-0.070085,0.003406,0,111.52,40.11
52.0320,-0.067155,0.002761,0,111.52,40.11
52.0400,-0.066667,0.001069,0,111.52,40.11
52.0480,-0.071062,-0.001814,0,111.52,40.11
52.0560,-0.077411,-0.005162,0,111.52,40.11
52.0640,-0.082784,-0.007704,0,111.52,40.11
52.0720,-0.080342,-0.008375,0,111.52,40.11
52.0800,-0.078877,-0.006799,0,111.52,40.11
52.0880,-0.076435,-0.003264,0,111.52,40.11
52.0960,-0.070085,0.001426,0,111.52,40.11
52.1040,-0.065201,-0.003071,0,111.52,40.11
52.1120,-0.063248,-0.000063,0,111.52,40.11
52.1200,-0.063736,0.002197,0,111.52,40.11
52.1280,-0.062759,0.003952,0,111.52,40.11
52.1360,-0.059341,0.005354,0,111.52,40.11
52.1440,-0.056899,0.006313,0,111.52,40.11
52.1520,-0.057875,0.006718,0,111.52,40.11
52.1600,-0.058852,0.006613,0,111.52,40.11
52.1680,-0.057875,0.006103,0,111.52,40.11
52.1760,-0.058852,0.005231,0,111.52,40.11
52.1840,-0.059341,0.004013,0,111.52,40.11
52.1920,-0.061783,0.002523,0,111.52,40.11
52.2000,-0.062759,0.000891,0,111.52,40.11
52.2080,-0.065690,-0.047907,0,111.52,40.11
52.2160,-0.069597,-0.052233,0,111.52,40.11
52.2240,-0.070085,-0.056208,0,111.52,40.11
52.2320,-0.071062,-0.059713,0,111.52,40.11
52.2400,-0.070085,-0.062733,0,111.52,40.11
52.2480,-0.070085,-0.065098,0,111.52,40.11
52.2560,-0.070085,-0.066251,0,111.52,40.11
52.2640,-0.070085,-0.065327,0,111.52,40.11
52.2720,-0.062759,-0.061618,0,111.52,40.11
52.2800,-0.051526,-0.055058,0,111.52,40.11
52.2880,-0.038828,-0.046261,0,111.52,40.11
52.2960,-0.024664,-0.036137,0,111.52,40.11
52.3040,-0.012943,-0.025480,0,111.52,40.11
52.3120,-0.007570,-0.030519,0,111.52,40.11
52.3200,-0.006593,-0.031906,0,111.52,40.11
52.3280,-0.010012,-0.035395,0,111.52,40.11
52.3360,-0.013431,-0.038514,0,111.52,40.11
52.3440,-0.012943,-0.038841,0,111.52,40.11
52.3520,-0.005128,-0.035129,0,111.52,40.11
52.3600,0.011477,-0.027942,0,111.52,40.11
52.3680,0.027106,-0.019365,0,111.52,40.11
52.3760,0.040293,-0.011957,0,111.52,40.11
52.3840,0.048107,-0.007673,0,111.52,40.11
52.3920,0.051526,-0.007297,0,111.52,40.11
52.4000,0.052991,-0.010397,0,111.52,40.11
52.4080,0.049573,-0.015557,0,111.52,40.11
52.4160,0.040781,0.100403,0,111.52,40.11
52.4240,0.031990,0.092733,0,111.52,40.11
52.4320,0.021245,0.084503,0,111.52,40.11
52.4400,0.010989,0.077117,0,111.52,40.11
52.4480,0.006105,0.071671,0,111.52,40.11
52.4560,-0.002198,0.068786,0,111.52,40.11
52.4640,-0.004151,0.068418,0,111.52,40.11
52.4720,-0.003175,0.069585,0,111.52,40.11
52.4800,-0.000244,0.070361,0,111.52,40.11
52.4880,-0.000244,0.068491,0,111.52,40.11
52.4960,-0.007570,0.062428,0,111.52,40.11
52.5040,-0.023199,0.052179,0,111.52,40.11
52.5120,-0.039805,0.039385,0,111.52,40.11
52.5200,-0.062759,-0.008139,0,111.52,40.11
52.5280,-0.085714,-0.025759,0,111.52,40.11
52.5360,-0.102808,-0.038110,0,111.52,40.11
52.5440,-0.108669,-0.042855,0,111.52,40.11
52.5520,-0.101343,-0.040058,0,111.52,40.11
52.5600,-0.086691,-0.032182,0,111.52,40.11
52.5680,-0.074969,-0.022862,0,111.52,40.11
52.5760,-0.068620,-0.015267,0,111.52,40.11
52.5840,-0.067643,-0.011076,0,111.52,40.11
52.5920,-0.070085,-0.010447,0,111.52,40.11
52.6000,-0.074481,-0.012603,0,111.52,40.11
52.6080,-0.079365,-0.016487,0,111.52,40.11
52.6160,-0.085226,-0.021139,0,111.52,40.11
52.6240,-0.087179,-0.026840,0,111.52,40.11
52.6320,-0.090110,-0.028362,0,111.52,40.11
52.6400,-0.088645,-0.028777,0,111.52,40.11
52.6480,-0.092063,-0.028055,0,111.52,40.11
52.6560,-0.093529,-0.025989,0,111.52,40.11
52.6640,-0.092063,-0.022501,0,111.52,40.11
52.6720,-0.087179,-0.018045,0,111.52,40.11
52.6800,-0.084249,-0.013606,0,111.52,40.11
52.6880,-0.083272,-0.010274,0,111.52,40.11
52.6960,-0.085714,-0.008787,0,111.52,40.11
52.7040,-0.089133,-0.009331,0,111.52,40.11
52.7120,-0.096459,-0.011549,0,111.52,40.11
52.7200,-0.102808,-0.014690,0,111.52,40.11
52.7280,-0.108669,0.014389,0,111.52,40.11
52.7360,-0.109646,0.015926,0,111.52,40.11
52.7440,-0.110623,0.020277,0,111.52,40.11
52.7520,-0.106716,0.027477,0,111.52,40.11
52.7600,-0.101343,0.036815,0,111.52,40.11
52.7680,-0.092552,0.046801,0,111.52,40.11
52.7760,-0.086691,0.055384,0,111.52,40.11
52.7840,-0.085226,0.060419,0,111.52,40.11
52.7920,-0.086203,0.060206,0,111.52,40.11
52.8000,-0.100366,0.053981,0,111.52,40.11
52.8080,-0.116972,0.042142,0,111.52,40.11
52.8160,-0.136020,0.026033,0,111.52,40.11
52.8240,-0.159463,0.007627,0,111.52,40.11
52.8320,-0.180952,-0.883544,0,111.52,40.11
52.8400,-0.198046,-0.931045,0,111.52,40.11
52.8480,-0.200000,-0.968325,0,111.52,40.11
52.8560,-0.182418,-0.991917,0,111.52,40.11
52.8640,-0.141880,-1.000000,0,111.52,40.11
52.8720,-0.082295,-0.992000,0,111.52,40.11
52.8800,-0.013919,-0.967455,0,111.52,40.11
52.8880,0.074969,-0.925233,0,111.52,40.11
52.8960,0.188278,-0.863891,0,111.52,40.11
52.9040,0.328938,-0.782700,0,111.52,40.11
52.9120,0.483761,-0.682508,0,111.52,40.11
52.9200,0.654701,-0.566595,0,111.52,40.11
52.9280,0.864225,-0.441675,0,111.52,40.11
52.9360,1.000000,0.910355,0,111.52,40.11
52.9440,1.000000,0.970418,1,111.52,40.11
52.9520,1.000000,1.000000,1,111.52,40.11
52.9600,1.000000,0.997515,0,111.52,40.11
52.9680,0.967766,0.961198,0,111.52,40.11
52.9760,0.749939,0.893213,0,111.52,40.11
52.9840,0.529182,0.803111,0,111.52,40.11
52.9920,0.319658,0.705451,0,111.52,40.11
53.0000,0.117460,0.614949,0,111.52,40.11
53.0080,-0.063736,0.543299,0,111.52,40.11
53.0160,-0.198535,0.497017,0,111.52,40.11
53.0240,-0.274725,0.475231,0,111.52,40.11
53.0320,-0.290354,0.468772,0,111.52,40.11
53.0400,-0.261050,-0.178343,0,111.52,40.11
53.0480,-0.200488,-0.131295,0,111.52,40.11
53.0560,-0.136020,-0.075144,0,111.52,40.11
53.0640,-0.086203,-0.023815,0,111.52,40.11
53.0720,-0.057875,0.014014,0,111.52,40.11
53.0800,-0.045177,0.035278,0,111.52,40.11
53.0880,-0.045177,0.041052,0,111.52,40.11
53.0960,-0.054945,0.034673,0,111.52,40.11
53.1040,-0.073504,0.020452,0,111.52,40.11
53.1120,-0.099878,0.002888,0,111.52,40.11
53.1200,-0.122344,-0.014204,0,111.52,40.11
53.1280,-0.137973,-0.028783,0,111.52,40.11
53.1360,-0.143346,-0.041190,0,111.52,40.11
53.1440,-0.139438,-0.163279,0,111.52,40.11
53.1520,-0.132601,-0.162655,0,111.52,40.11
53.1600,-0.125275,-0.159610,0,111.52,40.11
53.1680,-0.118437,-0.156001,0,111.52,40.11
53.1760,-0.115507,-0.152955,0,111.52,40.11
53.1840,-0.110134,-0.150898,0,111.52,40.11
53.1920,-0.109158,-0.149620,0,111.52,40.11
53.2000,-0.111600,-0.148155,0,111.52,40.11
53.2080,-0.117949,-0.144696,0,111.52,40.11
53.2160,-0.125275,-0.136981,0,111.52,40.11
53.2240,-0.131136,-0.123246,0,111.52,40.11
53.2320,-0.130159,-0.103411,0,111.52,40.11
53.2400,-0.126252,-0.079686,0,111.52,40.11
53.2480,-0.127717,-0.156908,0,111.52,40.11
53.2560,-0.131624,-0.138763,0,111.52,40.11
53.2640,-0.131136,-0.119983,0,111.52,40.11
53.2720,-0.127228,-0.101626,0,111.52,40.11
53.2800,-0.124786,-0.085042,0,111.52,40.11
53.2880,-0.121856,-0.071436,0,111.52,40.11
53.2960,-0.117949,-0.061487,0,111.52,40.11
53.3040,-0.114042,-0.055255,0,111.52,40.11
53.3120,-0.110134,-0.052259,0,111.52,40.11
53.3200,-0.105250,-0.051680,0,111.52,40.11
53.3280,-0.098901,-0.052682,0,111.52,40.11
53.3360,-0.090110,-0.054657,0,111.52,40.11
53.3440,-0.086203,-0.057173,0,111.52,40.11
53.3520,-0.088156,-0.004948,0,111.52,40.11
53.3600,-0.093529,-0.010511,0,111.52,40.11
53.3680,-0.101343,-0.016231,0,111.52,40.11
53.3760,-0.106716,-0.020485,0,111.52,40.11
53.3840,-0.108669,-0.022134,0,111.52,40.11
53.3920,-0.105739,-0.020962,0,111.52,40.11
53.4000,-0.101343,-0.017680,0,111.52,40.11
53.4080,-0.094505,-0.013539,0,111.52,40.11
53.4160,-0.090110,-0.009792,0,111.52,40.11
53.4240,-0.085714,-0.007250,0,111.52,40.11
53.4320,-0.084249,-0.006115,0,111.52,40.11
53.4400,-0.082295,-0.006097,0,111.52,40.11
53.4480,-0.080342,-0.006670,0,111.52,40.11
53.4560,-0.076923,0.030617,0,111.52,40.11
53.4640,-0.073504,0.032316,0,111.52,40.11
53.4720,-0.071062,0.033385,0,111.52,40.11
53.4800,-0.071551,0.033702,0,111.52,40.11
53.4880,-0.074481,0.033539,0,111.52,40.11
53.4960,-0.074481,0.033358,0,111.52,40.11
53.5040,-0.074481,0.033407,0,111.52,40.11
53.5120,-0.074481,0.033494,0,111.52,40.11
53.5200,-0.071551,0.032996,0,111.52,40.11
53.5280,-0.071551,0.031168,0,111.52,40.11
53.5360,-0.076923,0.027626,0,111.52,40.11
53.5440,-0.082295,0.022596,0,111.52,40.11
53.5520,-0.087668,0.016743,0,111.52,40.11
53.5600,-0.090598,-0.010585,0,111.52,40.11
53.5680,-0.090110,-0.010955,0,111.52,40.11
53.5760,-0.084249,-0.008727,0,111.52,40.11
53.5840,-0.074969,-0.004867,0,111.52,40.11
53.5920,-0.070085,-0.000694,0,111.52,40.11
53.6000,-0.065201,0.002755,0,111.52,40.11
53.6080,-0.063248,0.005001,0,111.52,40.11
53.6160,-0.060806,0.005987,0,111.52,40.11
53.6240,-0.059829,0.005828,0,111.52,40.11
53.6320,-0.059341,0.004641,0,111.52,40.11
53.6400,-0.059829,0.002537,0,111.52,40.11
53.6480,-0.062271,-0.000300,0,111.52,40.11
53.6560,-0.064713,-0.003559,0,111.52,40.11
53.6640,-0.067643,0.020725,0,111.52,40.11
53.6720,-0.070574,0.018792,0,111.52,40.11
53.6800,-0.071062,0.017533,0,111.52,40.11
53.6880,-0.070574,0.016959,0,111.52,40.11
53.6960,-0.070085,0.016856,0,111.52,40.11
53.7040,-0.070574,0.016931,0,111.52,40.11
53.7120,-0.070085,0.016910,0,111.52,40.11
53.7200,-0.070085,0.016556,0,111.52,40.11
53.7280,-0.071551,0.015720,0,111.52,40.11
53.7360,-0.073504,0.014382,0,111.52,40.11
53.7440,-0.074969,0.012616,0,111.52,40.11
53.7520,-0.077900,0.010546,0,111.52,40.11
53.7600,-0.080342,0.008323,0,111.52,40.11
53.7680,-0.081319,-0.024181,0,111.52,40.11
53.7760,-0.080830,-0.025839,0,111.52,40.11
53.7840,-0.082784,-0.026656,0,111.52,40.11
53.7920,-0.081319,-0.026516,0,111.52,40.11
53.8000,-0.080342,-0.025475,0,111.52,40.11
53.8080,-0.075458,-0.023907,0,111.52,40.11
53.8160,-0.070085,-0.022397,0,111.52,40.11
53.8240,-0.070085,-0.021328,0,111.52,40.11
53.8320,-0.069109,-0.020554,0,111.52,40.11
53.8400,-0.069597,-0.019531,0,111.52,40.11
53.8480,-0.064713,-0.017785,0,111.52,40.11
53.8560,-0.059829,-0.015248,0,111.52,40.11
53.8640,-0.054945,-0.012236,0,111.52,40.11
53.8720,-0.050061,0.026105,0,111.52,40.11
53.8800,-0.047131,0.029054,0,111.52,40.11
53.8880,-0.046642,0.030530,0,111.52,40.11
53.8960,-0.047131,0.030354,0,111.52,40.11
53.9040,-0.048107,0.028574,0,111.52,40.11
53.9120,-0.052991,0.025507,0,111.52,40.11
53.9200,-0.057387,0.021780,0,111.52,40.11
53.9280,-0.063248,0.018238,0,111.52,40.11
53.9360,-0.068620,0.015657,0,111.52,40.11
53.9440,-0.068132,0.014368,0,111.52,40.11
53.9520,-0.067155,0.014113,0,111.52,40.11
53.9600,-0.067155,0.014350,0,111.52,40.11
53.9680,-0.069109,0.014700,0,111.52,40.11
53.9760,-0.067643,0.015481,0,111.52,40.11
53.9840,-0.070085,0.014155,0,111.52,40.11
53.9920,-0.072527,0.011571,0,111.52,40.11
54.0000,-0.076923,0.008008,0,111.52,40.11
54.0080,-0.083761,0.004202,0,111.52,40.11
54.0160,-0.088645,0.001111,0,111.52,40.11
54.0240,-0.091087,-0.000534,0,111.52,40.11
54.0320,-0.090110,-0.000588,0,111.52,40.11
54.0400,-0.088645,0.000509,0,111.52,40.11
54.0480,-0.086203,0.002051,0,111.52,40.11
54.0560,-0.086691,0.003472,0,111.52,40.11
54.0640,-0.086203,0.004559,0,111.52,40.11
54.0720,-0.086203,0.005408,0,111.52,40.11
54.0800,-0.087179,-0.022475,0,111.52,40.11
54.0880,-0.090110,-0.028273,0,111.52,40.11
54.0960,-0.100366,-0.035674,0,111.52,40.11
54.1040,-0.108181,-0.043136,0,111.52,40.11
54.1120,-0.116484,-0.048668,0,111.52,40.11
54.1200,-0.116972,-0.050603,0,111.52,40.11
54.1280,-0.114530,-0.048232,0,111.52,40.11
54.1360,-0.107692,-0.042078,0,111.52,40.11
54.1440,-0.094017,-0.033816,0,111.52,40.11
54.1520,-0.084737,-0.025754,0,111.52,40.11
54.1600,-0.074481,-0.019944,0,111.52,40.11
54.1680,-0.072527,-0.017227,0,111.52,40.11
54.1760,-0.077411,-0.016721,0,111.52,40.11
54.1840,-0.084249,-0.008411,0,111.52,40.11
54.1920,-0.093529,-0.015542,0,111.52,40.11
54.2000,-0.102808,-0.021931,0,111.52,40.11
54.2080,-0.106227,-0.025821,0,111.52,40.11
54.2160,-0.106716,-0.026471,0,111.52,40.11
54.2240,-0.101343,-0.024261,0,111.52,40.11
54.2320,-0.097924,-0.020344,0,111.52,40.11
54.2400,-0.092552,-0.016139,0,111.52,40.11
54.2480,-0.086203,-0.012871,0,111.52,40.11
54.2560,-0.086691,-0.011147,0,111.52,40.11
54.2640,-0.089133,-0.010720,0,111.52,40.11
54.2720,-0.092063,-0.010851,0,111.52,40.11
54.2800,-0.088156,-0.011015,0,111.52,40.11
54.2880,-0.085714,-0.003731,0,111.52,40.11
54.2960,-0.080342,-0.002544,0,111.52,40.11
54.3040,-0.080342,-0.002145,0,111.52,40.11
54.3120,-0.082784,-0.002541,0,111.52,40.11
54.3200,-0.085226,-0.003115,0,111.52,40.11
54.3280,-0.085714,-0.003107,0,111.52,40.11
54.3360,-0.082295,-0.002158,0,111.52,40.11
54.3440,-0.078877,-0.000497,0,111.52,40.11
54.3520,-0.076923,0.001259,0,111.52,40.11
54.3600,-0.073504,0.002425,0,111.52,40.11
54.3680,-0.073016,0.002517,0,111.52,40.11
54.3760,-0.074481,0.001469,0,111.52,40.11
54.3840,-0.076923,-0.000305,0,111.52,40.11
54.3920,-0.078388,0.001229,0,111.52,40.11
54.4000,-0.080830,-0.000984,0,111.52,40.11
54.4080,-0.084249,-0.002719,0,111.52,40.11
54.4160,-0.086203,-0.003409,0,111.52,40.11
54.4240,-0.084249,-0.002805,0,111.52,40.11
54.4320,-0.078388,-0.001242,0,111.52,40.11
54.4400,-0.072527,0.000464,0,111.52,40.11
54.4480,-0.070574,0.001474,0,111.52,40.11
54.4560,-0.070574,0.001409,0,111.52,40.11
54.4640,-0.074481,0.000526,0,111.52,40.11
54.4720,-0.078877,-0.000509,0,111.52,40.11
54.4800,-0.078877,-0.001136,0,111.52,40.11
54.4880,-0.075946,-0.001318,0,111.52,40.11
54.4960,-0.074969,-0.002618,0,111.52,40.11
54.5040,-0.074969,-0.003821,0,111.52,40.11
54.5120,-0.073016,-0.006339,0,111.52,40.11
54.5200,-0.079365,-0.009880,0,111.52,40.11
54.5280,-0.084737,-0.013259,0,111.52,40.11
54.5360,-0.088645,-0.014932,0,111.52,40.11
54.5440,-0.086203,-0.013931,0,111.52,40.11
54.5520,-0.079365,-0.010504,0,111.52,40.11
54.5600,-0.070574,-0.006005,0,111.52,40.11
54.5680,-0.066667,-0.002151,0,111.52,40.11
54.5760,-0.062271,-0.000211,0,111.52,40.11
54.5840,-0.062759,-0.000506,0,111.52,40.11
54.5920,-0.066667,-0.002291,0,111.52,40.11
54.6000,-0.071551,0.007998,0,111.52,40.11
54.6080,-0.074481,0.003534,0,111.52,40.11
54.6160,-0.077900,-0.000604,0,111.52,40.11
54.6240,-0.084249,-0.003442,0,111.52,40.11
54.6320,-0.085226,-0.004195,0,111.52,40.11
54.6400,-0.082784,-0.002689,0,111.52,40.11
54.6480,-0.077900,0.000405,0,111.52,40.11
54.6560,-0.072527,0.003815,0,111.52,40.11
54.6640,-0.070085,0.006213,0,111.52,40.11
54.6720,-0.069109,0.006760,0,111.52,40.11
54.6800,-0.072527,0.005391,0,111.52,40.11
54.6880,-0.079365,0.002704,0,111.52,40.11
54.6960,-0.079365,-0.000537,0,111.52,40.11
54.7040,-0.076923,0.009566,0,111.52,40.11
54.7120,-0.074481,0.010895,0,111.52,40.11
54.7200,-0.074481,0.012553,0,111.52,40.11
54.7280,-0.072039,0.013957,0,111.52,40.11
54.7360,-0.073016,0.014636,0,111.52,40.11
54.7440,-0.072039,0.014291,0,111.52,40.11
54.7520,-0.074969,0.012882,0,111.52,40.11
54.7600,-0.078388,0.010714,0,111.52,40.11
54.7680,-0.082295,0.008375,0,111.52,40.11
54.7760,-0.085226,0.006500,0,111.52,40.11
54.7840,-0.086203,0.005502,0,111.52,40.11
54.7920,-0.087179,0.005424,0,111.52,40.11
54.8000,-0.086203,0.005934,0,111.52,40.11
54.8080,-0.083272,-0.006958,0,111.52,40.11
54.8160,-0.081319,-0.005975,0,111.52,40.11
54.8240,-0.080342,-0.005793,0,111.52,40.11
54.8320,-0.083272,-0.006463,0,111.52,40.11
54.8400,-0.085226,-0.007551,0,111.52,40.11
54.8480,-0.085714,-0.008490,0,111.52,40.11
54.8560,-0.085226,-0.008920,0,111.52,40.11
54.8640,-0.084249,-0.008752,0,111.52,40.11
54.8720,-0.085226,-0.008026,0,111.52,40.11
54.8800,-0.083761,-0.006843,0,111.52,40.11
54.8880,-0.082295,-0.005391,0,111.52,40.11
54.8960,-0.079365,-0.003911,0,111.52,40.11
54.9040,-0.079853,-0.002518,0,111.52,40.11
54.9120,-0.083272,-0.029598,0,111.52,40.11
54.9200,-0.085226,-0.032000,0,111.52,40.11
54.9280,-0.085226,-0.034125,0,111.52,40.11
54.9360,-0.084249,-0.035566,0,111.52,40.11
54.9440,-0.084737,-0.036074,0,111.52,40.11
54.9520,-0.081319,-0.035473,0,111.52,40.11
54.9600,-0.080342,-0.033658,0,111.52,40.11
54.9680,-0.076435,-0.030687,0,111.52,40.11
54.9760,-0.070085,-0.026930,0,111.52,40.11
54.9840,-0.063248,-0.023079,0,111.52,40.11
54.9920,-0.057875,-0.019831,0,111.52,40.11
55.0000,-0.054945,-0.017492,0,111.52,40.11
55.0080,-0.052991,-0.015809,0,111.52,40.11
55.0160,-0.049084,-0.047387,0,111.52,40.11
55.0240,-0.045177,-0.047209,0,111.52,40.11
55.0320,-0.040781,-0.047637,0,111.52,40.11
55.0400,-0.038828,-0.048958,0,111.52,40.11
55.0480,-0.038339,-0.051168,0,111.52,40.11
55.0560,-0.037363,-0.053822,0,111.52,40.11
55.0640,-0.037851,-0.056081,0,111.52,40.11
55.0720,-0.033944,-0.056881,0,111.52,40.11
55.0800,-0.031502,-0.055180,0,111.52,40.11
55.0880,-0.023199,-0.050297,0,111.52,40.11
55.0960,-0.008059,-0.042280,0,111.52,40.11
55.1040,0.007570,-0.031938,0,111.52,40.11
55.1120,0.022222,-0.020448,0,111.52,40.11
55.1200,0.032479,0.081075,0,111.52,40.11
55.1280,0.042735,0.089804,0,111.52,40.11
55.1360,0.050061,0.093922,0,111.52,40.11
55.1440,0.047619,0.092961,0,111.52,40.11
55.1520,0.039805,0.087545,0,111.52,40.11
55.1600,0.031013,0.079251,0,111.52,40.11
55.1680,0.020269,0.070075,0,111.52,40.11
55.1760,0.009035,0.061826,0,111.52,40.11
55.1840,0.007082,0.055564,0,111.52,40.11
55.1920,0.003663,0.051411,0,111.52,40.11
55.2000,-0.000244,0.048835,0,111.52,40.11
55.2080,0.003175,0.047091,0,111.52,40.11
55.2160,-0.002198,0.045601,0,111.52,40.11
55.2240,-0.010501,0.095299,0,111.52,40.11
55.2320,-0.022222,0.087766,0,111.52,40.11
55.2400,-0.035409,0.078003,0,111.52,40.11
55.2480,-0.048107,0.067051,0,111.52,40.11
55.2560,-0.064713,0.056092,0,111.52,40.11
55.2640,-0.075458,0.046265,0,111.52,40.11
55.2720,-0.088645,0.038469,0,111.52,40.11
55.2800,-0.095971,0.033218,0,111.52,40.11
55.2880,-0.102320,0.030546,0,111.52,40.11
55.2960,-0.104762,0.030038,0,111.52,40.11
55.3040,-0.107692,0.031031,0,111.52,40.11
55.3120,-0.109158,0.032872,0,111.52,40.11
55.3200,-0.112088,0.035096,0,111.52,40.11
55.3280,-0.115018,-0.049009,0,111.52,40.11
55.3360,-0.113553,-0.047823,0,111.52,40.11
55.3440,-0.111600,-0.045447,0,111.52,40.11
55.3520,-0.108669,-0.042323,0,111.52,40.11
55.3600,-0.104274,-0.039125,0,111.52,40.11
55.3680,-0.102320,-0.036452,0,111.52,40.11
55.3760,-0.102808,-0.034541,0,111.52,40.11
55.3840,-0.102808,-0.033218,0,111.52,40.11
55.3920,-0.102808,-0.032111,0,111.52,40.11
55.4000,-0.101832,-0.030832,0,111.52,40.11
55.4080,-0.104274,-0.029014,0,111.52,40.11
55.4160,-0.105739,-0.026416,0,111.52,40.11
55.4240,-0.102320,-0.023202,0,111.52,40.11
55.4320,-0.101832,-0.037860,0,111.52,40.11
55.4400,-0.106716,-0.037928,0,111.52,40.11
55.4480,-0.109158,-0.038555,0,111.52,40.11
55.4560,-0.110623,-0.039192,0,111.52,40.11
55.4640,-0.115995,-0.039097,0,111.52,40.11
55.4720,-0.116484,-0.037588,0,111.52,40.11
55.4800,-0.113553,-0.034448,0,111.52,40.11
55.4880,-0.110134,-0.030123,0,111.52,40.11
55.4960,-0.106227,-0.025565,0,111.52,40.11
55.5040,-0.100855,-0.021830,0,111.52,40.11
55.5120,-0.101343,-0.019566,0,111.52,40.11
55.5200,-0.107204,-0.018673,0,111.52,40.11
55.5280,-0.106227,-0.018517,0,111.52,40.11
55.5360,-0.106716,-0.190753,0,111.52,40.11
55.5440,-0.109158,-0.204353,0,111.52,40.11
55.5520,-0.118437,-0.223381,0,111.52,40.11
55.5600,-0.135043,-0.248008,0,111.52,40.11
55.5680,-0.156044,-0.276383,0,111.52,40.11
55.5760,-0.178510,-0.304526,0,111.52,40.11
55.5840,-0.194139,-0.326877,0,111.52,40.11
55.5920,-0.196581,-0.337304,0,111.52,40.11
55.6000,-0.181929,-0.330217,0,111.52,40.11
55.6080,-0.147741,-0.301692,0,111.52,40.11
55.6160,-0.090110,-0.250709,0,111.52,40.11
55.6240,-0.009524,-0.180454,0,111.52,40.11
55.6320,0.097436,-0.098921,0,111.52,40.11
55.6400,0.228327,0.263405,0,111.52,40.11
55.6480,0.381685,0.410179,0,111.52,40.11
55.6560,0.540415,0.568492,0,111.52,40.11
55.6640,0.717705,0.724254,0,111.52,40.11
55.6720,0.927228,0.858673,0,111.52,40.11
55.6800,1.000000,0.954078,0,111.52,40.11
55.6880,1.000000,1.000000,1,111.52,40.11
55.6960,1.000000,0.992211,1,111.52,40.11
55.7040,1.000000,0.928674,0,111.52,40.11
55.7120,0.828571,0.811497,0,111.52,40.11
55.7200,0.610745,0.651159,0,111.52,40.11
55.7280,0.408059,0.463817,0,111.52,40.11
55.7360,0.211233,0.264551,0,111.52,40.11
55.7440,0.027106,0.032769,0,111.52,40.11
55.7520,-0.124298,-0.105825,0,111.52,40.11
55.7600,-0.218071,-0.196524,0,111.52,40.11
55.7680,-0.256654,-0.237655,0,111.52,40.11
55.7760,-0.240537,-0.236152,0,111.52,40.11
55.7840,-0.199512,-0.205443,0,111.52,40.11
55.7920,-0.148230,-0.161472,0,111.52,40.11
55.8000,-0.104274,-0.118600,0,111.52,40.11
55.8080,-0.074481,-0.086818,0,111.52,40.11
55.8160,-0.063248,-0.070754,0,111.52,40.11
55.8240,-0.065690,-0.070197,0,111.52,40.11
55.8320,-0.077900,-0.081459,0,111.52,40.11
55.8400,-0.095482,-0.098852,0,111.52,40.11
55.8480,-0.116972,-0.039879,0,111.52,40.11
55.8560,-0.127228,-0.049411,0,111.52,40.11
55.8640,-0.129182,-0.053740,0,111.52,40.11
55.8720,-0.127717,-0.053358,0,111.52,40.11
55.8800,-0.121368,-0.050120,0,111.52,40.11
55.8880,-0.116972,-0.046145,0,111.52,40.11
55.8960,-0.114530,-0.042939,0,111.52,40.11
55.9040,-0.113553,-0.041006,0,111.52,40.11
55.9120,-0.116484,-0.039992,0,111.52,40.11
55.9200,-0.116484,-0.039159,0,111.52,40.11
55.9280,-0.119414,-0.037886,0,111.52,40.11
55.9360,-0.123321,-0.035927,0,111.52,40.11
55.9440,-0.129670,-0.033428,0,111.52,40.11
55.9520,-0.131624,-0.261554,0,111.52,40.11
55.9600,-0.131136,-0.256900,0,111.52,40.11
55.9680,-0.132601,-0.246797,0,111.52,40.11
55.9760,-0.131624,-0.231840,0,111.52,40.11
55.9840,-0.122344,-0.213640,0,111.52,40.11
55.9920,-0.118926,-0.194396,0,111.52,40.11
56.0000,-0.121368,-0.175996,0,111.52,40.11
56.0080,-0.124786,-0.159553,0,111.52,40.11
56.0160,-0.125275,-0.145645,0,111.52,40.11
56.0240,-0.125763,-0.134637,0,111.52,40.11
56.0320,-0.122344,-0.126687,0,111.52,40.11
56.0400,-0.118926,-0.121500,0,111.52,40.11
56.0480,-0.116484,-0.118064,0,111.52,40.11
56.0560,-0.113553,-0.001857,0,111.52,40.11
56.0640,-0.114042,-0.003570,0,111.52,40.11
56.0720,-0.115507,-0.007292,0,111.52,40.11
56.0800,-0.116484,-0.011765,0,111.52,40.11
56.0880,-0.116972,-0.015722,0,111.52,40.11
56.0960,-0.121368,-0.018055,0,111.52,40.11
56.1040,-0.119902,-0.018052,0,111.52,40.11
56.1120,-0.117460,-0.015719,0,111.52,40.11
56.1200,-0.112088,-0.011887,0,111.52,40.11
56.1280,-0.104274,-0.007876,0,111.52,40.11
56.1360,-0.103785,-0.004835,0,111.52,40.11
56.1440,-0.101343,-0.003174,0,111.52,40.11
56.1520,-0.101832,-0.002471,0,111.52,40.11
56.1600,-0.102320,-0.003484,0,111.52,40.11
56.1680,-0.104762,-0.005488,0,111.52,40.11
56.1760,-0.107204,-0.006763,0,111.52,40.11
56.1840,-0.105739,-0.006563,0,111.52,40.11
56.1920,-0.101343,-0.004851,0,111.52,40.11
56.2000,-0.096459,-0.002309,0,111.52,40.11
56.2080,-0.092063,0.000049,0,111.52,40.11
56.2160,-0.089133,0.001383,0,111.52,40.11
56.2240,-0.089621,0.001404,0,111.52,40.11
56.2320,-0.090598,0.000434,0,111.52,40.11
56.2400,-0.092063,-0.000860,0,111.52,40.11
56.2480,-0.092552,-0.001917,0,111.52,40.11
56.2560,-0.089133,-0.002639,0,111.52,40.11
56.2640,-0.086203,0.000863,0,111.52,40.11
56.2720,-0.085226,0.000714,0,111.52,40.11
56.2800,-0.085226,0.000069,0,111.52,40.11
56.2880,-0.085714,-0.001016,0,111.52,40.11
56.2960,-0.085714,-0.002308,0,111.52,40.11
56.3040,-0.085714,-0.003538,0,111.52,40.11
56.3120,-0.084249,-0.004460,0,111.52,40.11
56.3200,-0.084737,-0.004820,0,111.52,40.11
56.3280,-0.084249,-0.004419,0,111.52,40.11
56.3360,-0.078388,-0.003286,0,111.52,40.11
56.3440,-0.076923,-0.001741,0,111.52,40.11
56.3520,-0.070574,-0.000173,0,111.52,40.11
56.3600,-0.070574,0.001252,0,111.52,40.11
56.3680,-0.071062,0.020446,0,111.52,40.11
56.3760,-0.070085,0.020544,0,111.52,40.11
56.3840,-0.070085,0.019836,0,111.52,40.11
56.3920,-0.068132,0.018037,0,111.52,40.11
56.4000,-0.070085,0.014947,0,111.52,40.11
56.4080,-0.074969,0.010885,0,111.52,40.11
56.4160,-0.081319,0.006792,0,111.52,40.11
56.4240,-0.085226,0.003800,0,111.52,40.11
56.4320,-0.083272,0.002585,0,111.52,40.11
56.4400,-0.080830,0.003108,0,111.52,40.11
56.4480,-0.078877,0.004878,0,111.52,40.11
56.4560,-0.075458,0.007346,0,111.52,40.11
56.4640,-0.073016,0.010098,0,111.52,40.11
56.4720,-0.079365,-0.000308,0,111.52,40.11
56.4800,-0.081319,-0.001573,0,111.52,40.11
56.4880,-0.079365,-0.002013,0,111.52,40.11
56.4960,-0.076923,-0.001300,0,111.52,40.11
56.5040,-0.075458,0.000343,0,111.52,40.11
56.5120,-0.071062,0.002333,0,111.52,40.11
56.5200,-0.068132,0.003936,0,111.52,40.11
56.5280,-0.066178,0.004558,0,111.52,40.11
56.5360,-0.067155,0.004046,0,111.52,40.11
56.5440,-0.069597,0.002754,0,111.52,40.11
56.5520,-0.072039,0.001263,0,111.52,40.11
56.5600,-0.069597,-0.000046,0,111.52,40.11
56.5680,-0.070574,-0.001164,0,111.52,40.11
56.5760,-0.071062,-0.012858,0,111.52,40.11
56.5840,-0.071551,-0.015420,0,111.52,40.11
56.5920,-0.074969,-0.018962,0,111.52,40.11
56.6000,-0.078388,-0.023532,0,111.52,40.11
56.6080,-0.079365,-0.028899,0,111.52,40.11
56.6160,-0.085714,-0.034375,0,111.52,40.11
56.6240,-0.092552,-0.038703,0,111.52,40.11
56.6320,-0.093529,-0.040437,0,111.52,40.11
56.6400,-0.091575,-0.038649,0,111.52,40.11
56.6480,-0.082295,-0.033430,0,111.52,40.11
56.6560,-0.070085,-0.025795,0,111.52,40.11
56.6640,-0.059829,-0.017038,0,111.52,40.11
56.6720,-0.052991,-0.008006,0,111.52,40.11
56.6800,-0.050061,0.029813,0,111.52,40.11
56.6880,-0.052503,0.027843,0,111.52,40.11
56.6960,-0.060317,0.022212,0,111.52,40.11
56.7040,-0.071551,0.014935,0,111.52,40.11
56.7120,-0.080342,0.008519,0,111.52,40.11
56.7200,-0.084737,0.005064,0,111.52,40.11
56.7280,-0.085714,0.005483,0,111.52,40.11
56.7360,-0.078388,0.009128,0,111.52,40.11
56.7440,-0.070085,0.013996,0,111.52,40.11
56.7520,-0.064713,0.017616,0,111.52,40.11
56.7600,-0.063736,0.018190,0,111.52,40.11
56.7680,-0.070085,0.015385,0,111.52,40.11
56.7760,-0.077900,0.010418,0,111.52,40.11
56.7840,-0.083761,0.011354,0,111.52,40.11
56.7920,-0.082784,0.011464,0,111.52,40.11
56.8000,-0.077411,0.013617,0,111.52,40.11
56.8080,-0.071062,0.016373,0,111.52,40.11
56.8160,-0.070085,0.017986,0,111.52,40.11
56.8240,-0.072527,0.017382,0,111.52,40.11
56.8320,-0.076435,0.014579,0,111.52,40.11
56.8400,-0.084737,0.010554,0,111.52,40.11
56.8480,-0.091087,0.006738,0,111.52,40.11
56.8560,-0.094017,0.004317,0,111.52,40.11
56.8640,-0.093529,0.003708,0,111.52,40.11
56.8720,-0.091575,0.004566,0,111.52,40.11
56.8800,-0.092063,0.006181,0,111.52,40.11
56.8880,-0.093040,-0.014234,0,111.52,40.11
56.8960,-0.093040,-0.014783,0,111.52,40.11
56.9040,-0.094017,-0.016162,0,111.52,40.11
56.9120,-0.094505,-0.018431,0,111.52,40.11
56.9200,-0.099878,-0.021326,0,111.52,40.11
56.9280,-0.101832,-0.024265,0,111.52,40.11
56.9360,-0.103297,-0.026538,0,111.52,40.11
56.9440,-0.104274,-0.027480,0,111.52,40.11
56.9520,-0.104762,-0.026572,0,111.52,40.11
56.9600,-0.101343,-0.023638,0,111.52,40.11
56.9680,-0.094505,-0.019027,0,111.52,40.11
56.9760,-0.087668,-0.013446,0,111.52,40.11
56.9840,-0.084737,-0.007523,0,111.52,40.11
56.9920,-0.083761,-0.010944,0,111.52,40.11
57.0000,-0.088156,-0.013275,0,111.52,40.11
57.0080,-0.093529,-0.016618,0,111.52,40.11
57.0160,-0.099389,-0.019092,0,111.52,40.11
57.0240,-0.099878,-0.019134,0,111.52,40.11
57.0320,-0.092063,-0.016305,0,111.52,40.11
57.0400,-0.085714,-0.011417,0,111.52,40.11
57.0480,-0.079853,-0.006004,0,111.52,40.11
57.0560,-0.073016,-0.001693,0,111.52,40.11
57.0640,-0.071551,0.000296,0,111.52,40.11
57.0720,-0.072527,-0.000504,0,111.52,40.11
57.0800,-0.076923,-0.003703,0,111.52,40.11
57.0880,-0.081319,-0.008264,0,111.52,40.11
57.0960,-0.087668,0.004918,0,111.52,40.11
57.1040,-0.092552,0.001037,0,111.52,40.11
57.1120,-0.094505,-0.001603,0,111.52,40.11
57.1200,-0.095971,-0.002912,0,111.52,40.11
57.1280,-0.094017,-0.003176,0,111.52,40.11
57.1360,-0.096947,-0.002746,0,111.52,40.11
57.1440,-0.095971,-0.001873,0,111.52,40.11
57.1520,-0.094017,-0.000795,0,111.52,40.11
57.1600,-0.093529,0.000183,0,111.52,40.11
57.1680,-0.091575,0.000756,0,111.52,40.11
57.1760,-0.093040,0.000735,0,111.52,40.11
57.1840,-0.092063,0.000120,0,111.52,40.11
57.1920,-0.094505,-0.000875,0,111.52,40.11
57.2000,-0.099878,-0.014665,0,111.52,40.11
57.2080,-0.101343,-0.016875,0,111.52,40.11
57.2160,-0.101343,-0.018780,0,111.52,40.11
57.2240,-0.104274,-0.020130,0,111.52,40.11
57.2320,-0.104274,-0.020670,0,111.52,40.11
57.2400,-0.101832,-0.020198,0,111.52,40.11
57.2480,-0.100366,-0.018669,0,111.52,40.11
57.2560,-0.094017,-0.016292,0,111.52,40.11
57.2640,-0.087179,-0.013551,0,111.52,40.11
57.2720,-0.082295,-0.011081,0,111.52,40.11
57.2800,-0.076923,-0.009412,0,111.52,40.11
57.2880,-0.075458,-0.008725,0,111.52,40.11
57.2960,-0.076923,-0.008721,0,111.52,40.11
57.3040,-0.079365,0.006069,0,111.52,40.11
57.3120,-0.084249,0.003724,0,111.52,40.11
57.3200,-0.085226,0.001506,0,111.52,40.11
57.3280,-0.086203,-0.000182,0,111.52,40.11
57.3360,-0.086691,-0.001275,0,111.52,40.11
57.3440,-0.086203,-0.001869,0,111.52,40.11
57.3520,-0.087668,-0.002029,0,111.52,40.11
57.3600,-0.089133,-0.001719,0,111.52,40.11
57.3680,-0.088156,-0.000964,0,111.52,40.11
57.3760,-0.085714,-0.000026,0,111.52,40.11
57.3840,-0.083272,0.000669,0,111.52,40.11
57.3920,-0.084737,0.000854,0,111.52,40.11
57.4000,-0.085714,0.000640,0,111.52,40.11
57.4080,-0.087179,-0.001298,0,111.52,40.11
57.4160,-0.094017,-0.005935,0,111.52,40.11
57.4240,-0.099878,-0.011253,0,111.52,40.11
57.4320,-0.102320,-0.016364,0,111.52,40.11
57.4400,-0.108181,-0.020340,0,111.52,40.11
57.4480,-0.112088,-0.022303,0,111.52,40.11
57.4560,-0.110623,-0.021742,0,111.52,40.11
57.4640,-0.106716,-0.018884,0,111.52,40.11
57.4720,-0.099878,-0.014724,0,111.52,40.11
57.4800,-0.093529,-0.010603,0,111.52,40.11
57.4880,-0.090598,-0.007584,0,111.52,40.11
57.4960,-0.090110,-0.005982,0,111.52,40.11
57.5040,-0.090110,-0.005317,0,111.52,40.11
57.5120,-0.092552,-0.001750,0,111.52,40.11
57.5200,-0.094994,-0.004664,0,111.52,40.11
57.5280,-0.097924,-0.008026,0,111.52,40.11
57.5360,-0.101343,-0.011297,0,111.52,40.11
57.5440,-0.102320,-0.014027,0,111.52,40.11
57.5520,-0.104762,-0.015835,0,111.52,40.11
57.5600,-0.105739,-0.016392,0,111.52,40.11
57.5680,-0.105739,-0.015528,0,111.52,40.11
57.5760,-0.102320,-0.013424,0,111.52,40.11
57.5840,-0.098413,-0.010652,0,111.52,40.11
57.5920,-0.094505,-0.007915,0,111.52,40.11
57.6000,-0.093529,-0.005650,0,111.52,40.11
57.6080,-0.093040,-0.003805,0,111.52,40.11
57.6160,-0.092063,-0.023205,0,111.52,40.11
57.6240,-0.093529,-0.024186,0,111.52,40.11
57.6320,-0.091575,-0.025161,0,111.52,40.11
57.6400,-0.092063,-0.025567,0,111.52,40.11
57.6480,-0.092552,-0.024799,0,111.52,40.11
57.6560,-0.089621,-0.022455,0,111.52,40.11
57.6640,-0.084249,-0.018744,0,111.52,40.11
57.6720,-0.073504,-0.014593,0,111.52,40.11
57.6800,-0.070085,-0.011183,0,111.52,40.11
57.6880,-0.068620,-0.009276,0,111.52,40.11
57.6960,-0.067643,-0.008972,0,111.52,40.11
57.7040,-0.067643,-0.009914,0,111.52,40.11
57.7120,-0.068132,-0.011528,0,111.52,40.11
57.7200,-0.065690,-0.070710,0,111.52,40.11
57.7280,-0.062759,-0.071968,0,111.52,40.11
57.7360,-0.058852,-0.071979,0,111.52,40.11
57.7440,-0.052503,-0.070923,0,111.52,40.11
57.7520,-0.043223,-0.069197,0,111.52,40.11
57.7600,-0.036386,-0.067106,0,111.52,40.11
57.7680,-0.031013,-0.064503,0,111.52,40.11
57.7760,-0.025153,-0.060811,0,111.52,40.11
57.7840,-0.016850,-0.055559,0,111.52,40.11
57.7920,-0.002198,-0.049033,0,111.52,40.11
57.8000,0.016361,-0.042347,0,111.52,40.11
57.8080,0.026618,-0.036613,0,111.52,40.11
57.8160,0.031502,-0.031920,0,111.52,40.11
57.8240,0.033944,0.107922,0,111.52,40.11
57.8320,0.032967,0.108372,0,111.52,40.11
57.8400,0.030037,0.105688,0,111.52,40.11
57.8480,0.026618,0.100535,0,111.52,40.11
57.8560,0.017338,0.093835,0,111.52,40.11
57.8640,0.008059,0.086845,0,111.52,40.11
57.8720,-0.001221,0.080847,0,111.52,40.11
57.8800,-0.006105,0.076524,0,111.52,40.11
57.8880,-0.006593,0.073473,0,111.52,40.11
57.8960,-0.007082,0.070343,0,111.52,40.11
57.9040,-0.010012,0.065642,0,111.52,40.11
57.9120,-0.020269,0.058727,0,111.52,40.11
57.9200,-0.032479,0.050258,0,111.52,40.11
57.9280,-0.048596,0.029246,0,111.52,40.11
57.9360,-0.067155,0.012088,0,111.52,40.11
57.9440,-0.086203,-0.005254,0,111.52,40.11
57.9520,-0.104762,-0.020452,0,111.52,40.11
57.9600,-0.117949,-0.031359,0,111.52,40.11
57.9680,-0.125275,-0.036675,0,111.52,40.11
57.9760,-0.122344,-0.036447,0,111.52,40.11
57.9840,-0.116972,-0.031996,0,111.52,40.11
57.9920,-0.111600,-0.025294,0,111.52,40.11
58.0000,-0.104274,-0.018245,0,111.52,40.11
58.0080,-0.098901,-0.012191,0,111.52,40.11
58.0160,-0.096947,-0.007596,0,111.52,40.11
58.0240,-0.096459,-0.003992,0,111.52,40.11
58.0320,-0.101832,-0.025971,0,111.52,40.11
58.0400,-0.109646,-0.030397,0,111.52,40.11
58.0480,-0.116484,-0.034639,0,111.52,40.11
58.0560,-0.118437,-0.037494,0,111.52,40.11
58.0640,-0.119902,-0.038533,0,111.52,40.11
58.0720,-0.120391,-0.038029,0,111.52,40.11
58.0800,-0.118437,-0.036659,0,111.52,40.11
58.0880,-0.116972,-0.035117,0,111.52,40.11
58.0960,-0.118437,-0.033650,0,111.52,40.11
58.1040,-0.122833,-0.031820,0,111.52,40.11
58.1120,-0.124786,-0.028813,0,111.52,40.11
58.1200,-0.123321,-0.024166,0,111.52,40.11
58.1280,-0.117460,-0.018314,0,111.52,40.11
58.1360,-0.119902,-0.029594,0,111.52,40.11
58.1440,-0.124298,-0.028019,0,111.52,40.11
58.1520,-0.127228,-0.025700,0,111.52,40.11
58.1600,-0.125275,-0.021966,0,111.52,40.11
58.1680,-0.117949,-0.016946,0,111.52,40.11
58.1760,-0.114042,-0.011450,0,111.52,40.11
58.1840,-0.112088,-0.006367,0,111.52,40.11
58.1920,-0.111600,-0.002312,0,111.52,40.11
58.2000,-0.111600,0.000264,0,111.52,40.11
58.2080,-0.112576,0.000804,0,111.52,40.11
58.2160,-0.111111,-0.001338,0,111.52,40.11
58.2240,-0.118437,-0.006355,0,111.52,40.11
58.2320,-0.131624,-0.013325,0,111.52,40.11
58.2400,-0.149695,-0.503007,0,111.52,40.11
58.2480,-0.168254,-0.542526,0,111.52,40.11
58.2560,-0.188278,-0.581300,0,111.52,40.11
58.2640,-0.202930,-0.615139,0,111.52,40.11
58.2720,-0.205372,-0.639851,0,111.52,40.11
58.2800,-0.190720,-0.652019,0,111.52,40.11
58.2880,-0.163370,-0.649258,0,111.52,40.11
58.2960,-0.116972,-0.629909,0,111.52,40.11
58.3040,-0.055433,-0.592583,0,111.52,40.11
58.3120,0.019292,-0.536039,0,111.52,40.11
58.3200,0.111111,-0.460023,0,111.52,40.11
58.3280,0.232234,-0.367145,0,111.52,40.11
58.3360,0.375824,-0.264332,0,111.52,40.11
58.3440,0.534554,0.655309,0,111.52,40.11
58.3520,0.705495,0.774342,0,111.52,40.11
58.3600,0.898901,0.880289,0,111.52,40.11
58.3680,1.000000,0.958940,0,111.52,40.11
58.3760,1.000000,1.000000,1,111.52,40.11
58.3840,1.000000,0.998803,1,111.52,40.11
58.3920,0.938950,0.956149,0,111.52,40.11
58.4000,0.726007,0.879444,0,111.52,40.11
58.4080,0.520879,0.782332,0,111.52,40.11
58.4160,0.327961,0.679843,0,111.52,40.11
58.4240,0.146276,0.582809,0,111.52,40.11
58.4320,-0.021734,0.495307,0,111.52,40.11
58.4400,-0.152625,0.414805,0,111.52,40.11
58.4480,-0.239072,-0.238735,0,111.52,40.11
58.4560,-0.281074,-0.281099,0,111.52,40.11
58.4640,-0.279609,-0.284456,0,111.52,40.11
58.4720,-0.241026,-0.258482,0,111.52,40.11
58.4800,-0.191697,-0.215855,0,111.52,40.11
58.4880,-0.138950,-0.169354,0,111.52,40.11
58.4960,-0.098901,-0.129228,0,111.52,40.11
58.5040,-0.071551,-0.101738,0,111.52,40.11
58.5120,-0.060317,-0.089015,0,111.52,40.11
58.5200,-0.063248,-0.089897,0,111.52,40.11
58.5280,-0.073016,-0.101280,0,111.52,40.11
58.5360,-0.086203,-0.119438,0,111.52,40.11
58.5440,-0.101832,-0.140773,0,111.52,40.11
58.5520,-0.115507,-0.068273,0,111.52,40.11
58.5600,-0.124298,-0.077968,0,111.52,40.11
58.5680,-0.127228,-0.083946,0,111.52,40.11
58.5760,-0.124786,-0.086881,0,111.52,40.11
58.5840,-0.121856,-0.087918,0,111.52,40.11
58.5920,-0.125275,-0.087809,0,111.52,40.11
58.6000,-0.125275,-0.086560,0,111.52,40.11
58.6080,-0.123321,-0.083795,0,111.52,40.11
58.6160,-0.121856,-0.079252,0,111.52,40.11
58.6240,-0.117460,-0.072948,0,111.52,40.11
58.6320,-0.120391,-0.065048,0,111.52,40.11
58.6400,-0.124298,-0.055778,0,111.52,40.11
58.6480,-0.128205,-0.045610,0,111.52,40.11
58.6560,-0.132601,-0.187698,0,111.52,40.11
58.6640,-0.132601,-0.172677,0,111.52,40.11
58.6720,-0.125275,-0.153397,0,111.52,40.11
58.6800,-0.121368,-0.132316,0,111.52,40.11
58.6880,-0.116972,-0.112395,0,111.52,40.11
58.6960,-0.119414,-0.096030,0,111.52,40.11
58.7040,-0.125275,-0.084319,0,111.52,40.11
58.7120,-0.132601,-0.076993,0,111.52,40.11
58.7200,-0.135531,-0.073025,0,111.52,40.11
58.7280,-0.136020,-0.071366,0,111.52,40.11
58.7360,-0.133578,-0.071254,0,111.52,40.11
58.7440,-0.132112,-0.072127,0,111.52,40.11
58.7520,-0.125763,-0.073512,0,111.52,40.11
58.7600,-0.121368,-0.000163,0,111.52,40.11
58.7680,-0.119414,0.000635,0,111.52,40.11
58.7760,-0.116972,0.001709,0,111.52,40.11
58.7840,-0.113553,0.003359,0,111.52,40.11
58.7920,-0.109158,0.005348,0,111.52,40.11
58.8000,-0.106716,0.006912,0,111.52,40.11
58.8080,-0.104274,0.007130,0,111.52,40.11
58.8160,-0.105739,0.005524,0,111.52,40.11
58.8240,-0.114042,0.002598,0,111.52,40.11
58.8320,-0.122344,-0.000247,0,111.52,40.11
58.8400,-0.123810,-0.001572,0,111.52,40.11
58.8480,-0.121368,-0.000856,0,111.52,40.11
58.8560,-0.116972,0.001244,0,111.52,40.11
58.8640,-0.109646,-0.016119,0,111.52,40.11
58.8720,-0.104762,-0.011541,0,111.52,40.11
58.8800,-0.098901,-0.007765,0,111.52,40.11
58.8880,-0.094017,-0.005705,0,111.52,40.11
58.8960,-0.092552,-0.005763,0,111.52,40.11
58.9040,-0.094505,-0.007581,0,111.52,40.11
58.9120,-0.099389,-0.010098,0,111.52,40.11
58.9200,-0.099878,-0.012076,0,111.52,40.11
58.9280,-0.096459,-0.012712,0,111.52,40.11
58.9360,-0.094017,-0.011790,0,111.52,40.11
58.9440,-0.092063,-0.009449,0,111.52,40.11
58.9520,-0.084249,-0.006041,0,111.52,40.11
58.9600,-0.079365,-0.002085,0,111.52,40.11
58.9680,-0.077411,0.024706,0,111.52,40.11
58.9760,-0.074481,0.027353,0,111.52,40.11
58.9840,-0.071551,0.029126,0,111.52,40.11
58.9920,-0.070085,0.029907,0,111.52,40.11
59.0000,-0.070085,0.029611,0,111.52,40.11
59.0080,-0.070574,0.028280,0,111.52,40.11
59.0160,-0.072039,0.026118,0,111.52,40.11
59.0240,-0.074481,0.023492,0,111.52,40.11
59.0320,-0.076435,0.020851,0,111.52,40.11
59.0400,-0.078388,0.018586,0,111.52,40.11
59.0480,-0.078877,0.016865,0,111.52,40.11
59.0560,-0.077411,0.015593,0,111.52,40.11
59.0640,-0.078877,0.014532,0,111.52,40.11
59.0720,-0.081319,0.011373,0,111.52,40.11
59.0800,-0.085226,0.009913,0,111.52,40.11
59.0880,-0.085226,0.009489,0,111.52,40.11
59.0960,-0.083272,0.010227,0,111.52,40.11
59.1040,-0.079365,0.011647,0,111.52,40.11
59.1120,-0.076923,0.012930,0,111.52,40.11
59.1200,-0.075458,0.013396,0,111.52,40.11
59.1280,-0.078388,0.012845,0,111.52,40.11
59.1360,-0.078388,0.011527,0,111.52,40.11
59.1440,-0.080342,0.009844,0,111.52,40.11
59.1520,-0.080830,0.008070,0,111.52,40.11
59.1600,-0.079365,0.006258,0,111.52,40.11
59.1680,-0.082295,0.004387,0,111.52,40.11
59.1760,-0.083272,0.001221,0,111.52,40.11
59.1840,-0.085714,-0.001086,0,111.52,40.11
59.1920,-0.085714,-0.003779,0,111.52,40.11
59.2000,-0.089133,-0.006745,0,111.52,40.11
59.2080,-0.094017,-0.009552,0,111.52,40.11
59.2160,-0.095971,-0.011583,0,111.52,40.11
59.2240,-0.094994,-0.012394,0,111.52,40.11
59.2320,-0.094017,-0.011897,0,111.52,40.11
59.2400,-0.093040,-0.010298,0,111.52,40.11
59.2480,-0.088156,-0.008019,0,111.52,40.11
59.2560,-0.085714,-0.005584,0,111.52,40.11
59.2640,-0.082295,-0.003385,0,111.52,40.11
59.2720,-0.082295,-0.001461,0,111.52,40.11
59.2800,-0.085226,-0.014981,0,111.52,40.11
59.2880,-0.087668,-0.016951,0,111.52,40.11
59.2960,-0.087179,-0.018564,0,111.52,40.11
59.3040,-0.089133,-0.019058,0,111.52,40.11
59.3120,-0.087179,-0.017879,0,111.52,40.11
59.3200,-0.085714,-0.014864,0,111.52,40.11
59.3280,-0.077900,-0.010469,0,111.52,40.11
59.3360,-0.071062,-0.005766,0,111.52,40.11
59.3440,-0.066667,-0.002066,0,111.52,40.11
59.3520,-0.062759,-0.000435,0,111.52,40.11
59.3600,-0.063736,-0.001330,0,111.52,40.11
59.3680,-0.067643,-0.004445,0,111.52,40.11
59.3760,-0.071551,-0.008836,0,111.52,40.11
59.3840,-0.078877,0.002517,0,111.52,40.11
59.3920,-0.083272,-0.000958,0,111.52,40.11
59.4000,-0.082784,-0.002762,0,111.52,40.11
59.4080,-0.081319,-0.003070,0,111.52,40.11
59.4160,-0.079365,-0.002589,0,111.52,40.11
59.4240,-0.078388,-0.002034,0,111.52,40.11
59.4320,-0.078877,-0.001715,0,111.52,40.11
59.4400,-0.082295,-0.001479,0,111.52,40.11
59.4480,-0.080342,-0.001079,0,111.52,40.11
59.4560,-0.077411,-0.000580,0,111.52,40.11
59.4640,-0.076923,-0.000336,0,111.52,40.11
59.4720,-0.075946,-0.000621,0,111.52,40.11
59.4800,-0.078388,-0.001336,0,111.52,40.11
59.4880,-0.085714,0.008946,0,111.52,40.11
59.4960,-0.093040,0.003005,0,111.52,40.11
59.5040,-0.100366,-0.002726,0,111.52,40.11
59.5120,-0.107204,-0.006995,0,111.52,40.11
59.5200,-0.108669,-0.009166,0,111.52,40.11
59.5280,-0.106227,-0.009541,0,111.52,40.11
59.5360,-0.102808,-0.009127,0,111.52,40.11
59.5440,-0.102808,-0.008892,0,111.52,40.11
59.5520,-0.105739,-0.009081,0,111.52,40.11
59.5600,-0.108181,-0.009113,0,111.52,40.11
59.5680,-0.110623,-0.008104,0,111.52,40.11
59.5760,-0.106716,-0.005598,0,111.52,40.11
59.5840,-0.101343,-0.002001,0,111.52,40.11
59.5920,-0.097924,-0.009597,0,111.52,40.11
59.6000,-0.093529,-0.007328,0,111.52,40.11
59.6080,-0.093529,-0.006881,0,111.52,40.11
59.6160,-0.093529,-0.008415,0,111.52,40.11
59.6240,-0.100366,-0.011265,0,111.52,40.11
59.6320,-0.104274,-0.014176,0,111.52,40.11
59.6400,-0.108669,-0.015911,0,111.52,40.11
59.6480,-0.105739,-0.015890,0,111.52,40.11
59.6560,-0.101832,-0.014347,0,111.52,40.11
59.6640,-0.101343,-0.011899,0,111.52,40.11
59.6720,-0.099389,-0.009030,0,111.52,40.11
59.6800,-0.096947,-0.005977,0,111.52,40.11
59.6880,-0.094017,-0.002853,0,111.52,40.11
59.6960,-0.087668,0.003696,0,111.52,40.11
59.7040,-0.086203,0.006348,0,111.52,40.11
59.7120,-0.083761,0.007797,0,111.52,40.11
59.7200,-0.085714,0.008038,0,111.52,40.11
59.7280,-0.088156,0.007376,0,111.52,40.11
59.7360,-0.088156,0.006138,0,111.52,40.11
59.7440,-0.088156,0.004496,0,111.52,40.11
59.7520,-0.091087,0.002630,0,111.52,40.11
59.7600,-0.094505,0.000953,0,111.52,40.11
59.7680,-0.096947,0.000049,0,111.52,40.11
59.7760,-0.096947,0.000337,0,111.52,40.11
59.7840,-0.094994,0.001802,0,111.52,40.11
59.7920,-0.092552,0.003980,0,111.52,40.11
59.8000,-0.094017,-0.025047,0,111.52,40.11
59.8080,-0.098901,-0.026566,0,111.52,40.11
59.8160,-0.098413,-0.027595,0,111.52,40.11
59.8240,-0.093529,-0.027794,0,111.52,40.11
59.8320,-0.088645,-0.027146,0,111.52,40.11
59.8400,-0.091087,-0.025514,0,111.52,40.11
59.8480,-0.088156,-0.022524,0,111.52,40.11
59.8560,-0.082295,-0.018143,0,111.52,40.11
59.8640,-0.070574,-0.013229,0,111.52,40.11
59.8720,-0.063248,-0.009345,0,111.52,40.11
59.8800,-0.056410,-0.007935,0,111.52,40.11
59.8880,-0.059341,-0.009428,0,111.52,40.11
59.8960,-0.064225,-0.012867,0,111.52,40.11
59.9040,-0.073016,0.019129,0,111.52,40.11
59.9120,-0.081319,0.012153,0,111.52,40.11
59.9200,-0.088156,0.005838,0,111.52,40.11
59.9280,-0.092552,0.001142,0,111.52,40.11
59.9360,-0.093529,-0.001582,0,111.52,40.11
59.9440,-0.094017,-0.002426,0,111.52,40.11
59.9520,-0.094994,-0.001688,0,111.52,40.11
59.9600,-0.093040,0.000158,0,111.52,40.11
59.9680,-0.087179,0.002369,0,111.52,40.11
59.9760,-0.086203,0.004074,0,111.52,40.11
59.9840,-0.084737,0.004644,0,111.52,40.11
59.9920,-0.085714,0.003958,0,111.52,40.11
60.0000,-0.089133,0.002458,0,111.52,40.11
60.0080,-0.091087,-0.007843,0,111.52,40.11
60.0160,-0.092552,-0.009381,0,111.52,40.11
60.0240,-0.094505,-0.010606,0,111.52,40.11
60.0320,-0.094994,-0.011430,0,111.52,40.11
60.0400,-0.093040,-0.011880,0,111.52,40.11
60.0480,-0.093040,-0.011980,0,111.52,40.11
60.0560,-0.094994,-0.011607,0,111.52,40.11
60.0640,-0.094505,-0.010599,0,111.52,40.11
60.0720,-0.087179,-0.009046,0,111.52,40.11
60.0800,-0.084249,-0.007364,0,111.52,40.11
60.0880,-0.080342,-0.006031,0,111.52,40.11
60.0960,-0.078388,-0.005290,0,111.52,40.11
60.1040,-0.079365,-0.004998,0,111.52,40.11
60.1120,-0.085714,0.003339,0,111.52,40.11
60.1200,-0.094017,-0.001484,0,111.52,40.11
60.1280,-0.098413,-0.006081,0,111.52,40.11
60.1360,-0.101832,-0.009473,0,111.52,40.11
60.1440,-0.104274,-0.011212,0,111.52,40.11
60.1520,-0.102808,-0.011385,0,111.52,40.11
60.1600,-0.099878,-0.010452,0,111.52,40.11
60.1680,-0.100855,-0.008923,0,111.52,40.11
60.1760,-0.100366,-0.007144,0,111.52,40.11
60.1840,-0.099389,-0.005399,0,111.52,40.11
60.1920,-0.095971,-0.004061,0,111.52,40.11
60.2000,-0.094505,-0.003441,0,111.52,40.11
60.2080,-0.098413,-0.003419,0,111.52,40.11
60.2160,-0.096947,-0.013839,0,111.52,40.11
60.2240,-0.098901,-0.014526,0,111.52,40.11
60.2320,-0.099878,-0.014754,0,111.52,40.11
60.2400,-0.096459,-0.014370,0,111.52,40.11
60.2480,-0.095971,-0.013540,0,111.52,40.11
60.2560,-0.093529,-0.012603,0,111.52,40.11
60.2640,-0.091087,-0.011860,0,111.52,40.11
60.2720,-0.093040,-0.011401,0,111.52,40.11
60.2800,-0.090598,-0.011085,0,111.52,40.11
60.2880,-0.091087,-0.010663,0,111.52,40.11
60.2960,-0.090110,-0.009893,0,111.52,40.11
60.3040,-0.089133,-0.008652,0,111.52,40.11
60.3120,-0.085714,-0.007064,0,111.52,40.11
60.3200,-0.084737,-0.024718,0,111.52,40.11
60.3280,-0.082295,-0.024037,0,111.52,40.11
60.3360,-0.078877,-0.023610,0,111.52,40.11
60.3440,-0.077411,-0.023502,0,111.52,40.11
60.3520,-0.079365,-0.023519,0,111.52,40.11
60.3600,-0.076923,-0.023364,0,111.52,40.11
60.3680,-0.072039,-0.022947,0,111.52,40.11
60.3760,-0.070085,-0.022351,0,111.52,40.11
60.3840,-0.069109,-0.021500,0,111.52,40.11
60.3920,-0.067643,-0.020054,0,111.52,40.11
60.4000,-0.064225,-0.017663,0,111.52,40.11
60.4080,-0.058852,-0.014283,0,111.52,40.11
60.4160,-0.052503,-0.010285,0,111.52,40.11
60.4240,-0.043712,-0.060753,0,111.52,40.11
60.4320,-0.038828,-0.060197,0,111.52,40.11
60.4400,-0.037363,-0.060952,0,111.52,40.11
60.4480,-0.032479,-0.062594,0,111.52,40.11
60.4560,-0.030525,-0.064119,0,111.52,40.11
60.4640,-0.028571,-0.064123,0,111.52,40.11
60.4720,-0.024664,-0.061245,0,111.52,40.11
60.4800,-0.013431,-0.055009,0,111.52,40.11
60.4880,0.007082,-0.046461,0,111.52,40.11
60.4960,0.023687,-0.037829,0,111.52,40.11
60.5040,0.037363,-0.031292,0,111.52,40.11
60.5120,0.044689,-0.027749,0,111.52,40.11
60.5200,0.047131,-0.026352,0,111.52,40.11
60.5280,0.042735,0.098989,0,111.52,40.11
60.5360,0.035897,0.094413,0,111.52,40.11
60.5440,0.029060,0.088043,0,111.52,40.11
60.5520,0.026129,0.080815,0,111.52,40.11
60.5600,0.020757,0.073269,0,111.52,40.11
60.5680,0.010501,0.066157,0,111.52,40.11
60.5760,-0.001221,0.060689,0,111.52,40.11
60.5840,-0.004640,0.057849,0,111.52,40.11
60.5920,-0.004151,0.057346,0,111.52,40.11
60.6000,0.004640,0.057293,0,111.52,40.11
60.6080,0.007570,0.055199,0,111.52,40.11
60.6160,-0.002198,0.049721,0,111.52,40.11
60.6240,-0.015873,0.041733,0,111.52,40.11
60.6320,-0.030037,0.066928,0,111.52,40.11
60.6400,-0.047131,0.053669,0,111.52,40.11
60.6480,-0.063736,0.040750,0,111.52,40.11
60.6560,-0.075458,0.029521,0,111.52,40.11
60.6640,-0.085714,0.020580,0,111.52,40.11
60.6720,-0.094505,0.013899,0,111.52,40.11
60.6800,-0.100855,0.009123,0,111.52,40.11
60.6880,-0.104274,0.005904,0,111.52,40.11
60.6960,-0.112088,0.004216,0,111.52,40.11
60.7040,-0.116484,0.004405,0,111.52,40.11
60.7120,-0.115995,0.006800,0,111.52,40.11
60.7200,-0.115507,0.011251,0,111.52,40.11
60.7280,-0.111111,0.016993,0,111.52,40.11
60.7360,-0.106716,-0.036123,0,111.52,40.11
60.7440,-0.102808,-0.033598,0,111.52,40.11
60.7520,-0.103785,-0.032994,0,111.52,40.11
60.7600,-0.109646,-0.034082,0,111.52,40.11
60.7680,-0.114530,-0.035823,0,111.52,40.11
60.7760,-0.116972,-0.037027,0,111.52,40.11
60.7840,-0.116972,-0.036930,0,111.52,40.11
60.7920,-0.117949,-0.035318,0,111.52,40.11
60.8000,-0.117460,-0.032383,0,111.52,40.11
60.8080,-0.116484,-0.028576,0,111.52,40.11
60.8160,-0.114042,-0.024468,0,111.52,40.11
60.8240,-0.114042,-0.020508,0,111.52,40.11
60.8320,-0.115507,-0.016782,0,111.52,40.11
60.8400,-0.116484,-0.030279,0,111.52,40.11
60.8480,-0.115018,-0.028809,0,111.52,40.11
60.8560,-0.116484,-0.027568,0,111.52,40.11
60.8640,-0.117949,-0.026305,0,111.52,40.11
60.8720,-0.119902,-0.024622,0,111.52,40.11
60.8800,-0.118437,-0.022194,0,111.52,40.11
60.8880,-0.116972,-0.018978,0,111.52,40.11
60.8960,-0.115507,-0.015256,0,111.52,40.11
60.9040,-0.115507,-0.011614,0,111.52,40.11
60.9120,-0.111600,-0.008960,0,111.52,40.11
60.9200,-0.110623,-0.008286,0,111.52,40.11
60.9280,-0.114042,-0.010026,0,111.52,40.11
60.9360,-0.123810,-0.013467,0,111.52,40.11
60.9440,-0.144811,-0.448902,0,111.52,40.11
60.9520,-0.172161,-0.489327,0,111.52,40.11
60.9600,-0.195116,-0.530138,0,111.52,40.11
60.9680,-0.215140,-0.566705,0,111.52,40.11
60.9760,-0.223443,-0.594785,0,111.52,40.11
60.9840,-0.212210,-0.611066,0,111.52,40.11
60.9920,-0.194139,-0.612955,0,111.52,40.11
61.0000,-0.161416,-0.597988,0,111.52,40.11
61.0080,-0.106227,-0.563800,0,111.52,40.11
61.0160,-0.035409,-0.508903,0,111.52,40.11
61.0240,0.062271,-0.433855,0,111.52,40.11
61.0320,0.175580,-0.342335,0,111.52,40.11
61.0400,0.309402,-0.241520,0,111.52,40.11
61.0480,0.451038,0.582214,0,111.52,40.11
61.0560,0.598535,0.700002,0,111.52,40.11
61.0640,0.759219,0.813750,0,111.52,40.11
61.0720,0.930159,0.910381,0,111.52,40.11
61.0800,1.000000,0.975972,0,111.52,40.11
61.0880,1.000000,1.000000,1,111.52,40.11
61.0960,1.000000,0.977922,1,111.52,40.11
61.1040,0.833944,0.912994,0,111.52,40.11
61.1120,0.617582,0.816822,0,111.52,40.11
61.1200,0.416850,0.705331,0,111.52,40.11
61.1280,0.221490,0.592004,0,111.52,40.11
61.1360,0.037851,0.483667,0,111.52,40.11
61.1440,-0.119902,0.380130,0,111.52,40.11
61.1520,-0.230769,-0.229354,0,111.52,40.11
61.1600,-0.292308,-0.289163,0,111.52,40.11
61.1680,-0.299634,-0.301790,0,111.52,40.11
61.1760,-0.264469,-0.276360,0,111.52,40.11
61.1840,-0.200488,-0.227273,0,111.52,40.11
61.1920,-0.135043,-0.170788,0,111.52,40.11
61.2000,-0.084249,-0.121065,0,111.52,40.11
61.2080,-0.051038,-0.087365,0,111.52,40.11
61.2160,-0.038828,-0.073206,0,111.52,40.11
61.2240,-0.048107,-0.077144,0,111.52,40.11
61.2320,-0.067643,-0.094625,0,111.52,40.11
61.2400,-0.088156,-0.120254,0,111.52,40.11
61.2480,-0.107692,-0.149383,0,111.52,40.11
61.2560,-0.123810,-0.061262,0,111.52,40.11
61.2640,-0.133089,-0.073792,0,111.52,40.11
61.2720,-0.137973,-0.082532,0,111.52,40.11
61.2800,-0.140904,-0.088482,0,111.52,40.11
61.2880,-0.144322,-0.092551,0,111.52,40.11
61.2960,-0.147741,-0.095030,0,111.52,40.11
61.3040,-0.148230,-0.095581,0,111.52,40.11
61.3120,-0.148230,-0.093592,0,111.52,40.11
61.3200,-0.145788,-0.088588,0,111.52,40.11
61.3280,-0.140415,-0.080557,0,111.52,40.11
61.3360,-0.135043,-0.070005,0,111.52,40.11
61.3440,-0.135043,-0.057718,0,111.52,40.11
61.3520,-0.136020,-0.044513,0,111.52,40.11
61.3600,-0.134554,-0.185830,0,111.52,40.11
61.3680,-0.133578,-0.172766,0,111.52,40.11
61.3760,-0.132601,-0.156750,0,111.52,40.11
61.3840,-0.135043,-0.138432,0,111.52,40.11
61.3920,-0.134554,-0.118891,0,111.52,40.11
61.4000,-0.133578,-0.099663,0,111.52,40.11
61.4080,-0.133578,-0.082587,0,111.52,40.11
61.4160,-0.133089,-0.069392,0,111.52,40.11
61.4240,-0.134554,-0.061285,0,111.52,40.11
61.4320,-0.136996,-0.058690,0,111.52,40.11
61.4400,-0.141392,-0.061151,0,111.52,40.11
61.4480,-0.146764,-0.067418,0,111.52,40.11
61.4560,-0.148718,-0.075730,0,111.52,40.11
61.4640,-0.148718,-0.028495,0,111.52,40.11
61.4720,-0.146764,-0.029530,0,111.52,40.11
61.4800,-0.139927,-0.027376,0,111.52,40.11
61.4880,-0.132601,-0.022242,0,111.52,40.11
61.4960,-0.120391,-0.015199,0,111.52,40.11
61.5040,-0.115018,-0.007829,0,111.52,40.11
61.5120,-0.106716,-0.001764,0,111.52,40.11
61.5200,-0.103297,0.001725,0,111.52,40.11
61.5280,-0.104274,0.002127,0,111.52,40.11
61.5360,-0.110134,-0.000106,0,111.52,40.11
61.5440,-0.116484,-0.003875,0,111.52,40.11
61.5520,-0.117949,-0.008150,0,111.52,40.11
61.5600,-0.119902,-0.012459,0,111.52,40.11
61.5680,-0.119902,-0.008543,0,111.52,40.11
61.5760,-0.119414,-0.009036,0,111.52,40.11
61.5840,-0.116972,-0.008509,0,111.52,40.11
61.5920,-0.116484,-0.007223,0,111.52,40.11
61.6000,-0.110623,-0.005506,0,111.52,40.11
61.6080,-0.109158,-0.003736,0,111.52,40.11
61.6160,-0.105739,-0.002260,0,111.52,40.11
61.6240,-0.101832,-0.001337,0,111.52,40.11
61.6320,-0.101343,-0.001051,0,111.52,40.11
61.6400,-0.101832,-0.001250,0,111.52,40.11
61.6480,-0.099878,-0.001692,0,111.52,40.11
61.6560,-0.098413,-0.002235,0,111.52,40.11
61.6640,-0.097924,-0.002834,0,111.52,40.11
61.6720,-0.098901,0.022839,0,111.52,40.11
61.6800,-0.095971,0.023958,0,111.52,40.11
61.6880,-0.093040,0.024851,0,111.52,40.11
61.6960,-0.092552,0.025014,0,111.52,40.11
61.7040,-0.092552,0.024180,0,111.52,40.11
61.7120,-0.095971,0.022527,0,111.52,40.11
61.7200,-0.098901,0.020570,0,111.52,40.11
61.7280,-0.099389,0.018819,0,111.52,40.11
61.7360,-0.100366,0.017488,0,111.52,40.11
61.7440,-0.099878,0.016456,0,111.52,40.11
61.7520,-0.098901,0.015415,0,111.52,40.11
61.7600,-0.099878,0.014121,0,111.52,40.11
61.7680,-0.101343,0.012588,0,111.52,40.11
61.7760,-0.102808,0.024309,0,111.52,40.11
61.7840,-0.107692,0.022760,0,111.52,40.11
61.7920,-0.108669,0.022318,0,111.52,40.11
61.8000,-0.109158,0.023409,0,111.52,40.11
61.8080,-0.105739,0.025719,0,111.52,40.11
61.8160,-0.101343,0.028187,0,111.52,40.11
61.8240,-0.099878,0.029466,0,111.52,40.11
61.8320,-0.101343,0.028593,0,111.52,40.11
61.8400,-0.105739,0.025483,0,111.52,40.11
61.8480,-0.115507,0.020992,0,111.52,40.11
61.8560,-0.121856,0.016429,0,111.52,40.11
61.8640,-0.126740,0.012730,0,111.52,40.11
61.8720,-0.126252,0.009874,0,111.52,40.11
61.8800,-0.117949,-0.014319,0,111.52,40.11
61.8880,-0.109646,-0.008480,0,111.52,40.11
61.8960,-0.101343,-0.002391,0,111.52,40.11
61.9040,-0.098901,0.002469,0,111.52,40.11
61.9120,-0.094994,0.005281,0,111.52,40.11
61.9200,-0.094505,0.005813,0,111.52,40.11
61.9280,-0.094994,0.004300,0,111.52,40.11
61.9360,-0.098901,0.001425,0,111.52,40.11
61.9440,-0.101832,-0.001760,0,111.52,40.11
61.9520,-0.106716,-0.004060,0,111.52,40.11
61.9600,-0.107692,-0.004562,0,111.52,40.11
61.9680,-0.104274,-0.003089,0,111.52,40.11
61.9760,-0.099878,-0.000351,0,111.52,40.11
61.9840,-0.090598,-0.013214,0,111.52,40.11
61.9920,-0.082295,-0.007311,0,111.52,40.11
62.0000,-0.077411,-0.001998,0,111.52,40.11
62.0080,-0.074481,0.002261,0,111.52,40.11
62.0160,-0.070085,0.005420,0,111.52,40.11
62.0240,-0.066667,0.007509,0,111.52,40.11
62.0320,-0.063736,0.008495,0,111.52,40.11
62.0400,-0.062759,0.008362,0,111.52,40.11
62.0480,-0.062759,0.007250,0,111.52,40.11
62.0560,-0.064713,0.005493,0,111.52,40.11
62.0640,-0.064713,0.003517,0,111.52,40.11
62.0720,-0.067643,0.001656,0,111.52,40.11
62.0800,-0.065690,-0.000023,0,111.52,40.11
62.0880,-0.069597,0.039515,0,111.52,40.11
62.0960,-0.073993,0.036400,0,111.52,40.11
62.1040,-0.077900,0.033094,0,111.52,40.11
62.1120,-0.082784,0.030436,0,111.52,40.11
62.1200,-0.085226,0.029237,0,111.52,40.11
62.1280,-0.086203,0.029935,0,111.52,40.11
62.1360,-0.084737,0.032270,0,111.52,40.11
62.1440,-0.080342,0.035137,0,111.52,40.11
62.1520,-0.074969,0.036829,0,111.52,40.11
62.1600,-0.075458,0.035767,0,111.52,40.11
62.1680,-0.082784,0.031322,0,111.52,40.11
62.1760,-0.093040,0.024063,0,111.52,40.11
62.1840,-0.100855,0.015308,0,111.52,40.11
62.1920,-0.106716,-0.000174,0,111.52,40.11
62.2000,-0.106227,-0.001386,0,111.52,40.11
62.2080,-0.102808,0.000036,0,111.52,40.11
62.2160,-0.098413,0.002859,0,111.52,40.11
62.2240,-0.095482,0.005666,0,111.52,40.11
62.2320,-0.094994,0.007468,0,111.52,40.11
62.2400,-0.095971,0.007961,0,111.52,40.11
62.2480,-0.098413,0.007383,0,111.52,40.11
62.2560,-0.098901,0.006167,0,111.52,40.11
62.2640,-0.100855,0.004659,0,111.52,40.11
62.2720,-0.101832,0.003029,0,111.52,40.11
62.2800,-0.103785,0.001332,0,111.52,40.11
62.2880,-0.106227,-0.000400,0,111.52,40.11
62.2960,-0.107692,-0.013757,0,111.52,40.11
62.3040,-0.107692,-0.016139,0,111.52,40.11
62.3120,-0.111600,-0.019103,0,111.52,40.11
62.3200,-0.116484,-0.022345,0,111.52,40.11
62.3280,-0.120879,-0.025103,0,111.52,40.11
62.3360,-0.124298,-0.026482,0,111.52,40.11
62.3440,-0.124298,-0.025893,0,111.52,40.11
62.3520,-0.121368,-0.023376,0,111.52,40.11
62.3600,-0.116972,-0.019605,0,111.52,40.11
62.3680,-0.113065,-0.015606,0,111.52,40.11
62.3760,-0.108669,-0.012332,0,111.52,40.11
62.3840,-0.107692,-0.010238,0,111.52,40.11
62.3920,-0.109646,-0.009028,0,111.52,40.11
62.4000,-0.115995,-0.028937,0,111.52,40.11
62.4080,-0.116972,-0.029730,0,111.52,40.11
62.4160,-0.116484,-0.028266,0,111.52,40.11
62.4240,-0.108669,-0.024458,0,111.52,40.11
62.4320,-0.100855,-0.019312,0,111.52,40.11
62.4400,-0.093040,-0.014347,0,111.52,40.11
62.4480,-0.090110,-0.010796,0,111.52,40.11
62.4560,-0.089133,-0.009110,0,111.52,40.11
62.4640,-0.091087,-0.008978,0,111.52,40.11
62.4720,-0.091575,-0.009753,0,111.52,40.11
62.4800,-0.091087,-0.010929,0,111.52,40.11
62.4880,-0.089133,-0.012318,0,111.52,40.11
62.4960,-0.091087,-0.013859,0,111.52,40.11
62.5040,-0.092552,0.013636,0,111.52,40.11
62.5120,-0.096459,0.013354,0,111.52,40.11
62.5200,-0.096459,0.014365,0,111.52,40.11
62.5280,-0.092552,0.016648,0,111.52,40.11
62.5360,-0.087179,0.019400,0,111.52,40.11
62.5440,-0.085714,0.021471,0,111.52,40.11
62.5520,-0.085714,0.021961,0,111.52,40.11
62.5600,-0.086203,0.020569,0,111.52,40.11
62.5680,-0.093529,0.017668,0,111.52,40.11
62.5760,-0.095971,0.014091,0,111.52,40.11
62.5840,-0.101343,0.010744,0,111.52,40.11
62.5920,-0.106227,0.008201,0,111.52,40.11
62.6000,-0.104274,0.006377,0,111.52,40.11
62.6080,-0.098901,0.010352,0,111.52,40.11
62.6160,-0.093040,0.013918,0,111.52,40.11
62.6240,-0.089133,0.016530,0,111.52,40.11
62.6320,-0.086203,0.017114,0,111.52,40.11
62.6400,-0.091087,0.015634,0,111.52,40.11
62.6480,-0.099389,0.013132,0,111.52,40.11
62.6560,-0.101832,0.011023,0,111.52,40.11
62.6640,-0.101343,0.010129,0,111.52,40.11
62.6720,-0.098413,0.010265,0,111.52,40.11
62.6800,-0.094994,0.010615,0,111.52,40.11
62.6880,-0.098413,0.010462,0,111.52,40.11
62.6960,-0.100855,0.009638,0,111.52,40.11
62.7040,-0.101832,0.008411,0,111.52,40.11
62.7120,-0.101832,0.003120,0,111.52,40.11
62.7200,-0.101343,0.003332,0,111.52,40.11
62.7280,-0.098901,0.003689,0,111.52,40.11
62.7360,-0.098413,0.003900,0,111.52,40.11
62.7440,-0.100855,0.003841,0,111.52,40.11
62.7520,-0.101832,0.003626,0,111.52,40.11
62.7600,-0.102320,0.003457,0,111.52,40.11
62.7680,-0.103785,0.003473,0,111.52,40.11
62.7760,-0.103785,0.003651,0,111.52,40.11
62.7840,-0.102808,0.003772,0,111.52,40.11
62.7920,-0.101832,0.003527,0,111.52,40.11
62.8000,-0.105739,0.002770,0,111.52,40.11
62.8080,-0.107692,0.001661,0,111.52,40.11
62.8160,-0.108669,0.001605,0,111.52,40.11
62.8240,-0.103297,0.005500,0,111.52,40.11
62.8320,-0.094505,0.010091,0,111.52,40.11
62.8400,-0.088156,0.013762,0,111.52,40.11
62.8480,-0.090110,0.015327,0,111.52,40.11
62.8560,-0.093040,0.014689,0,111.52,40.11
62.8640,-0.096947,0.012685,0,111.52,40.11
62.8720,-0.103785,0.010448,0,111.52,40.11
62.8800,-0.101343,0.008711,0,111.52,40.11
62.8880,-0.101343,0.007525,0,111.52,40.11
62.8960,-0.102808,0.006601,0,111.52,40.11
62.9040,-0.106227,0.005757,0,111.52,40.11
62.9120,-0.106227,0.004957,0,111.52,40.11
62.9200,-0.106227,0.003441,0,111.52,40.11
62.9280,-0.106716,0.003386,0,111.52,40.11
62.9360,-0.108669,0.003882,0,111.52,40.11
62.9440,-0.107692,0.005263,0,111.52,40.11
62.9520,-0.106716,0.007754,0,111.52,40.11
62.9600,-0.104274,0.011231,0,111.52,40.11
62.9680,-0.100366,0.015027,0,111.52,40.11
62.9760,-0.092063,0.017980,0,111.52,40.11
62.9840,-0.094017,0.018956,0,111.52,40.11
62.9920,-0.098901,0.017443,0,111.52,40.11
63.0000,-0.101343,0.013599,0,111.52,40.11
63.0080,-0.107692,0.007963,0,111.52,40.11
63.0160,-0.115507,0.001336,0,111.52,40.11
63.0240,-0.115018,-0.022620,0,111.52,40.11
63.0320,-0.116972,-0.024933,0,111.52,40.11
63.0400,-0.117949,-0.025414,0,111.52,40.11
63.0480,-0.116972,-0.024043,0,111.52,40.11
63.0560,-0.114530,-0.021110,0,111.52,40.11
63.0640,-0.105739,-0.017390,0,111.52,40.11
63.0720,-0.101343,-0.013939,0,111.52,40.11
63.0800,-0.099878,-0.011559,0,111.52,40.11
63.0880,-0.098413,-0.010487,0,111.52,40.11
63.0960,-0.097924,-0.010478,0,111.52,40.11
63.1040,-0.098901,-0.011022,0,111.52,40.11
63.1120,-0.100855,-0.011596,0,111.52,40.11
63.1200,-0.097436,-0.011994,0,111.52,40.11
63.1280,-0.090110,-0.079582,0,111.52,40.11
63.1360,-0.085226,-0.075317,0,111.52,40.11
63.1440,-0.075458,-0.067323,0,111.52,40.11
63.1520,-0.059829,-0.055594,0,111.52,40.11
63.1600,-0.041270,-0.041040,0,111.52,40.11
63.1680,-0.021245,-0.025600,0,111.52,40.11
63.1760,0.003663,-0.011920,0,111.52,40.11
63.1840,0.015385,-0.002531,0,111.52,40.11
63.1920,0.022711,0.001080,0,111.52,40.11
63.2000,0.022711,-0.001179,0,111.52,40.11
63.2080,0.019292,-0.008315,0,111.52,40.11
63.2160,0.013431,-0.018791,0,111.52,40.11
63.2240,0.007082,-0.030950,0,111.52,40.11
63.2320,-0.004151,0.132231,0,111.52,40.11
63.2400,-0.008547,0.129178,0,111.52,40.11
63.2480,-0.010501,0.127689,0,111.52,40.11
63.2560,-0.011966,0.127119,0,111.52,40.11
63.2640,-0.015385,0.126456,0,111.52,40.11
63.2720,-0.021734,0.124812,0,111.52,40.11
63.2800,-0.028571,0.121538,0,111.52,40.11
63.2880,-0.034432,0.116118,0,111.52,40.11
63.2960,-0.046154,0.108230,0,111.52,40.11
63.3040,-0.059829,0.097981,0,111.52,40.11
63.3120,-0.077411,0.085961,0,111.52,40.11
63.3200,-0.092552,0.072958,0,111.52,40.11
63.3280,-0.107692,0.059614,0,111.52,40.11
63.3360,-0.120391,-0.020506,0,111.52,40.11
63.3440,-0.128205,-0.026588,0,111.52,40.11
63.3520,-0.130159,-0.027657,0,111.52,40.11
63.3600,-0.123321,-0.024584,0,111.52,40.11
63.3680,-0.116484,-0.019334,0,111.52,40.11
63.3760,-0.110623,-0.014207,0,111.52,40.11
63.3840,-0.107692,-0.010983,0,111.52,40.11
63.3920,-0.107692,-0.010372,0,111.52,40.11
63.4000,-0.113553,-0.011876,0,111.52,40.11
63.4080,-0.117949,-0.014153,0,111.52,40.11
63.4160,-0.121856,-0.015779,0,111.52,40.11
63.4240,-0.121368,-0.016018,0,111.52,40.11
63.4320,-0.118437,-0.015168,0,111.52,40.11
63.4400,-0.108669,-0.018091,0,111.52,40.11
63.4480,-0.094994,-0.007360,0,111.52,40.11
63.4560,-0.082784,0.003759,0,111.52,40.11
63.4640,-0.076435,0.013567,0,111.52,40.11
63.4720,-0.071551,0.021120,0,111.52,40.11
63.4800,-0.070085,0.026186,0,111.52,40.11
63.4880,-0.070574,0.028905,0,111.52,40.11
63.4960,-0.073016,0.029486,0,111.52,40.11
63.5040,-0.077411,0.028035,0,111.52,40.11
63.5120,-0.085714,0.024497,0,111.52,40.11
63.5200,-0.088645,0.018696,0,111.52,40.11
63.5280,-0.101343,0.010682,0,111.52,40.11
63.5360,-0.116484,0.001217,0,111.52,40.11
63.5440,-0.127228,-0.066320,0,111.52,40.11
63.5520,-0.134066,-0.065337,0,111.52,40.11
63.5600,-0.121856,-0.055277,0,111.52,40.11
63.5680,-0.099878,-0.037729,0,111.52,40.11
63.5760,-0.069109,-0.017220,0,111.52,40.11
63.5840,-0.043712,0.000671,0,111.52,40.11
63.5920,-0.038828,0.011866,0,111.52,40.11
63.6000,-0.041758,0.015215,0,111.52,40.11
63.6080,-0.044200,0.011939,0,111.52,40.11
63.6160,-0.051038,0.004203,0,111.52,40.11
63.6240,-0.060806,-0.005858,0,111.52,40.11
63.6320,-0.070085,-0.016663,0,111.52,40.11
63.6400,-0.074481,-0.027494,0,111.52,40.11
63.6480,-0.082784,-0.945922,0,111.52,40.11
63.6560,-0.081319,-0.978112,0,111.52,40.11
63.6640,-0.056899,-0.990490,0,111.52,40.11
63.6720,-0.004640,-0.977815,0,111.52,40.11
63.6800,0.086203,-0.939119,0,111.52,40.11
63.6880,0.202442,-0.878268,0,111.52,40.11
63.6960,0.324054,-0.802533,0,111.52,40.11
63.7040,0.452015,-0.720520,0,111.52,40.11
63.7120,0.584860,-0.640881,1,111.52,40.11
63.7200,0.711355,-0.571434,1,111.52,40.11
63.7280,0.827106,-0.517570,0,111.52,40.11
63.7360,0.914530,-0.479936,0,111.52,40.11
63.7440,0.977045,-0.453054,0,111.52,40.11
63.7520,1.000000,1.000000,1,111.52,40.11
63.7600,1.000000,0.995727,1,111.52,40.11
63.7680,0.901343,0.955809,0,111.52,40.11
63.7760,0.727473,0.885890,0,111.52,40.11
63.7840,0.549695,0.797463,0,111.52,40.11
63.7920,0.383150,0.703299,0,111.52,40.11
63.8000,0.226862,0.613784,0,111.52,40.11
63.8080,0.086203,0.536332,0,111.52,40.11
63.8160,-0.044200,0.476522,0,111.52,40.11
63.8240,-0.149695,0.438693,0,111.52,40.11
63.8320,-0.217094,0.424811,0,111.52,40.11
63.8400,-0.237607,0.432283,0,111.52,40.11
63.8480,-0.220024,0.452761,0,111.52,40.11
63.8560,-0.179487,-0.216935,0,111.52,40.11
63.8640,-0.131136,-0.171417,0,111.52,40.11
63.8720,-0.079365,-0.124540,0,111.52,40.11
63.8800,-0.039316,-0.084934,0,111.52,40.11
63.8880,-0.018803,-0.057423,0,111.52,40.11
63.8960,-0.007570,-0.042798,0,111.52,40.11
63.9040,-0.009035,-0.038778,0,111.52,40.11
63.9120,-0.015873,-0.041565,0,111.52,40.11
63.9200,-0.020757,-0.047398,0,111.52,40.11
63.9280,-0.024176,-0.053625,0,111.52,40.11
63.9360,-0.028571,-0.058941,0,111.52,40.11
63.9440,-0.030525,-0.063089,0,111.52,40.11
63.9520,-0.031502,-0.066473,0,111.52,40.11
63.9600,-0.033455,-0.187465,0,111.52,40.11
63.9680,-0.037363,-0.194081,0,111.52,40.11
63.9760,-0.038828,-0.199327,0,111.52,40.11
63.9840,-0.038828,-0.202450,0,111.52,40.11
63.9920,-0.040781,-0.202839,0,111.52,40.11
64.0000,-0.039316,-0.200154,0,111.52,40.11
64.0080,-0.038339,-0.194344,0,111.52,40.11
64.0160,-0.038828,-0.185499,0,111.52,40.11
64.0240,-0.038828,-0.173640,0,111.52,40.11
64.0320,-0.043712,-0.158669,0,111.52,40.11
64.0400,-0.043223,-0.140594,0,111.52,40.11
64.0480,-0.045177,-0.119885,0,111.52,40.11
64.0560,-0.044200,-0.097645,0,111.52,40.11
64.0640,-0.042247,-0.119763,0,111.52,40.11
64.0720,-0.039316,-0.102940,0,111.52,40.11
64.0800,-0.036386,-0.087355,0,111.52,40.11
64.0880,-0.030037,-0.073882,0,111.52,40.11
64.0960,-0.024176,-0.062924,0,111.52,40.11
64.1040,-0.021245,-0.054285,0,111.52,40.11
64.1120,-0.015385,-0.047347,0,111.52,40.11
64.1200,-0.006105,-0.041631,0,111.52,40.11
64.1280,0.008059,-0.037264,0,111.52,40.11
64.1360,0.021245,-0.034841,0,111.52,40.11
64.1440,0.028083,-0.034779,0,111.52,40.11
64.1520,0.033944,-0.036831,0,111.52,40.11
64.1600,0.038339,-0.040145,0,111.52,40.11
64.1680,0.037851,0.106002,0,111.52,40.11
64.1760,0.027106,0.098857,0,111.52,40.11
64.1840,0.014408,0.088708,0,111.52,40.11
64.1920,-0.003663,0.077600,0,111.52,40.11
64.2000,-0.016850,0.067783,0,111.52,40.11
64.2080,-0.027595,0.060902,0,111.52,40.11
64.2160,-0.031990,0.057447,0,111.52,40.11
64.2240,-0.035409,0.056675,0,111.52,40.11
64.2320,-0.034432,0.056947,0,111.52,40.11
64.2400,-0.035897,0.056379,0,111.52,40.11
64.2480,-0.042247,0.053648,0,111.52,40.11
64.2560,-0.051526,0.048538,0,111.52,40.11
64.2640,-0.062759,0.041942,0,111.52,40.11
64.2720,-0.072527,-0.006024,0,111.52,40.11
64.2800,-0.083761,-0.015023,0,111.52,40.11
64.2880,-0.092063,-0.022402,0,111.52,40.11
64.2960,-0.098413,-0.027226,0,111.52,40.11
64.3040,-0.101343,-0.028994,0,111.52,40.11
64.3120,-0.100855,-0.027736,0,111.52,40.11
64.3200,-0.098901,-0.024045,0,111.52,40.11
64.3280,-0.093040,-0.019008,0,111.52,40.11
64.3360,-0.088156,-0.014006,0,111.52,40.11
64.3440,-0.085714,-0.010332,0,111.52,40.11
64.3520,-0.083761,-0.008824,0,111.52,40.11
64.3600,-0.085226,-0.009574,0,111.52,40.11
64.3680,-0.091575,-0.011778,0,111.52,40.11
64.3760,-0.096947,-0.037252,0,111.52,40.11
64.3840,-0.100366,-0.040895,0,111.52,40.11
64.3920,-0.102808,-0.043001,0,111.52,40.11
64.4000,-0.103785,-0.043122,0,111.52,40.11
64.4080,-0.101343,-0.041368,0,111.52,40.11
64.4160,-0.098901,-0.038366,0,111.52,40.11
64.4240,-0.093529,-0.035045,0,111.52,40.11
64.4320,-0.091087,-0.032218,0,111.52,40.11
64.4400,-0.093529,-0.030123,0,111.52,40.11
64.4480,-0.095971,-0.028364,0,111.52,40.11
64.4560,-0.094505,-0.026363,0,111.52,40.11
64.4640,-0.094994,-0.023828,0,111.52,40.11
64.4720,-0.093040,-0.020892,0,111.52,40.11
64.4800,-0.087668,0.001180,0,111.52,40.11
64.4880,-0.084249,0.005057,0,111.52,40.11
64.4960,-0.082784,0.007098,0,111.52,40.11
64.5040,-0.085714,0.007014,0,111.52,40.11
64.5120,-0.089133,0.005479,0,111.52,40.11
64.5200,-0.097924,0.003885,0,111.52,40.11
64.5280,-0.100366,0.003579,0,111.52,40.11
64.5360,-0.096459,0.004957,0,111.52,40.11
64.5440,-0.092552,0.007223,0,111.52,40.11
64.5520,-0.092063,0.009001,0,111.52,40.11
64.5600,-0.092063,0.009162,0,111.52,40.11
64.5680,-0.094017,0.007345,0,111.52,40.11
64.5760,-0.101343,0.004165,0,111.52,40.11
64.5840,-0.109646,-0.000351,0,111.52,40.11
64.5920,-0.113553,-0.003855,0,111.52,40.11
64.6000,-0.114042,-0.005271,0,111.52,40.11
64.6080,-0.112088,-0.004410,0,111.52,40.11
64.6160,-0.108669,-0.001794,0,111.52,40.11
64.6240,-0.103297,0.001698,0,111.52,40.11
64.6320,-0.101832,0.005232,0,111.52,40.11
64.6400,-0.100855,0.008197,0,111.52,40.11
64.6480,-0.098413,0.010054,0,111.52,40.11
64.6560,-0.096459,0.010154,0,111.52,40.11
64.6640,-0.097924,0.007919,0,111.52,40.11
64.6720,-0.102320,0.003317,0,111.52,40.11
64.6800,-0.111600,-0.002810,0,111.52,40.11
64.6880,-0.118437,-0.051534,0,111.52,40.11
64.6960,-0.125763,-0.060730,0,111.52,40.11
64.7040,-0.132601,-0.068408,0,111.52,40.11
64.7120,-0.134066,-0.073449,0,111.52,40.11
64.7200,-0.136508,-0.075058,0,111.52,40.11
64.7280,-0.132112,-0.072973,0,111.52,40.11
64.7360,-0.123321,-0.067687,0,111.52,40.11
64.7440,-0.111600,-0.060412,0,111.52,40.11
64.7520,-0.101343,-0.052624,0,111.52,40.11
64.7600,-0.092552,-0.045518,0,111.52,40.11
64.7680,-0.085226,-0.039708,0,111.52,40.11
64.7760,-0.077411,-0.035227,0,111.52,40.11
64.7840,-0.073504,-0.031596,0,111.52,40.11
64.7920,-0.078388,0.046628,0,111.52,40.11
64.8000,-0.087179,0.042338,0,111.52,40.11
64.8080,-0.094994,0.036875,0,111.52,40.11
64.8160,-0.101343,0.031850,0,111.52,40.11
64.8240,-0.106716,0.028215,0,111.52,40.11
64.8320,-0.107692,0.026030,0,111.52,40.11
64.8400,-0.106716,0.024609,0,111.52,40.11
64.8480,-0.109158,0.023119,0,111.52,40.11
64.8560,-0.115995,0.021228,0,111.52,40.11
64.8640,-0.118437,0.019231,0,111.52,40.11
64.8720,-0.124298,0.017694,0,111.52,40.11
64.8800,-0.125763,0.016979,0,111.52,40.11
64.8880,-0.124786,0.016921,0,111.52,40.11
64.8960,-0.119902,-0.009549,0,111.52,40.11
64.9040,-0.116972,-0.008766,0,111.52,40.11
64.9120,-0.116972,-0.009586,0,111.52,40.11
64.9200,-0.119902,-0.012287,0,111.52,40.11
64.9280,-0.127228,-0.016116,0,111.52,40.11
64.9360,-0.132601,-0.019648,0,111.52,40.11
64.9440,-0.134554,-0.021526,0,111.52,40.11
64.9520,-0.132601,-0.021092,0,111.52,40.11
64.9600,-0.129670,-0.018533,0,111.52,40.11
64.9680,-0.124786,-0.014653,0,111.52,40.11
64.9760,-0.118437,-0.010487,0,111.52,40.11
64.9840,-0.113553,-0.006813,0,111.52,40.11
64.9920,-0.113553,-0.003714,0,111.52,40.11
65.0000,-0.117460,0.005482,0,111.52,40.11
65.0080,-0.123321,-0.000536,0,111.52,40.11
65.0160,-0.132112,-0.008222,0,111.52,40.11
65.0240,-0.140904,-0.015907,0,111.52,40.11
65.0320,-0.147253,-0.021959,0,111.52,40.11
65.0400,-0.150183,-0.025243,0,111.52,40.11
65.0480,-0.149695,-0.025401,0,111.52,40.11
65.0560,-0.148230,-0.022867,0,111.52,40.11
65.0640,-0.140415,-0.018690,0,111.52,40.11
65.0720,-0.136996,-0.014121,0,111.52,40.11
65.0800,-0.135043,-0.010064,0,111.52,40.11
65.0880,-0.133089,-0.006804,0,111.52,40.11
65.0960,-0.132601,-0.004087,0,111.52,40.11
65.1040,-0.131136,-0.007123,0,111.52,40.11
65.1120,-0.130159,-0.006391,0,111.52,40.11
65.1200,-0.127717,-0.007127,0,111.52,40.11
65.1280,-0.129670,-0.009653,0,111.52,40.11
65.1360,-0.135043,-0.013607,0,111.52,40.11
65.1440,-0.143834,-0.017807,0,111.52,40.11
65.1520,-0.147253,-0.020777,0,111.52,40.11
65.1600,-0.146764,-0.021545,0,111.52,40.11
65.1680,-0.142857,-0.020035,0,111.52,40.11
65.1760,-0.137973,-0.016825,0,111.52,40.11
65.1840,-0.133089,-0.012607,0,111.52,40.11
65.1920,-0.132601,-0.007806,0,111.52,40.11
65.2000,-0.124786,-0.002682,0,111.52,40.11
65.2080,-0.118437,-0.003463,0,111.52,40.11
65.2160,-0.112088,0.003154,0,111.52,40.11
65.2240,-0.103297,0.009059,0,111.52,40.11
65.2320,-0.095482,0.013174,0,111.52,40.11
65.2400,-0.093040,0.014843,0,111.52,40.11
65.2480,-0.095971,0.014390,0,111.52,40.11
65.2560,-0.100855,0.013016,0,111.52,40.11
65.2640,-0.100855,0.011988,0,111.52,40.11
65.2720,-0.098901,0.011755,0,111.52,40.11
65.2800,-0.094017,0.011726,0,111.52,40.11
65.2880,-0.092552,0.010850,0,111.52,40.11
65.2960,-0.095971,0.008520,0,111.52,40.11
65.3040,-0.101343,0.005086,0,111.52,40.11
65.3120,-0.104274,0.020226,0,111.52,40.11
65.3200,-0.106716,0.019104,0,111.52,40.11
65.3280,-0.103785,0.019344,0,111.52,40.11
65.3360,-0.101343,0.020817,0,111.52,40.11
65.3440,-0.100366,0.023038,0,111.52,40.11
65.3520,-0.093529,0.025358,0,111.52,40.11
65.3600,-0.093529,0.027147,0,111.52,40.11
65.3680,-0.094017,0.027953,0,111.52,40.11
65.3760,-0.092063,0.027434,0,111.52,40.11
65.3840,-0.094017,0.025267,0,111.52,40.11
65.3920,-0.097924,0.021277,0,111.52,40.11
65.4000,-0.102808,0.015648,0,111.52,40.11
65.4080,-0.111600,0.009028,0,111.52,40.11
65.4160,-0.114530,0.008922,0,111.52,40.11
65.4240,-0.115507,0.008284,0,111.52,40.11
65.4320,-0.113553,0.009645,0,111.52,40.11
65.4400,-0.106716,0.012031,0,111.52,40.11
65.4480,-0.104274,0.014129,0,111.52,40.11
65.4560,-0.102808,0.014935,0,111.52,40.11
65.4640,-0.105739,0.014147,0,111.52,40.11
65.4720,-0.107692,0.012111,0,111.52,40.11
65.4800,-0.110623,0.009506,0,111.52,40.11
65.4880,-0.114042,0.007060,0,111.52,40.11
65.4960,-0.115995,0.005324,0,111.52,40.11
65.5040,-0.116972,0.004480,0,111.52,40.11
65.5120,-0.115995,0.004252,0,111.52,40.11
65.5200,-0.113553,-0.006233,0,111.52,40.11
65.5280,-0.111600,-0.004825,0,111.52,40.11
65.5360,-0.109646,-0.003372,0,111.52,40.11
65.5440,-0.108669,-0.002084,0,111.52,40.11
65.5520,-0.109158,-0.000980,0,111.52,40.11
65.5600,-0.109646,-0.000043,0,111.52,40.11
65.5680,-0.104274,0.000565,0,111.52,40.11
65.5760,-0.103785,0.000570,0,111.52,40.11
65.5840,-0.107692,-0.000057,0,111.52,40.11
65.5920,-0.110623,-0.000949,0,111.52,40.11
65.6000,-0.111600,-0.001624,0,111.52,40.11
65.6080,-0.112088,-0.001832,0,111.52,40.11
65.6160,-0.110623,-0.001680,0,111.52,40.11
65.6240,-0.109158,-0.039164,0,111.52,40.11
65.6320,-0.108669,-0.040171,0,111.52,40.11
65.6400,-0.108669,-0.041251,0,111.52,40.11
65.6480,-0.108181,-0.042178,0,111.52,40.11
65.6560,-0.108669,-0.042527,0,111.52,40.11
65.6640,-0.106716,-0.041891,0,111.52,40.11
65.6720,-0.101343,-0.040095,0,111.52,40.11
65.6800,-0.099389,-0.037220,0,111.52,40.11
65.6880,-0.093040,-0.033548,0,111.52,40.11
65.6960,-0.085714,-0.029519,0,111.52,40.11
65.7040,-0.081319,-0.025592,0,111.52,40.11
65.7120,-0.074481,-0.022021,0,111.52,40.11
65.7200,-0.070574,-0.018757,0,111.52,40.11
65.7280,-0.071062,-0.071829,0,111.52,40.11
65.7360,-0.070574,-0.076001,0,111.52,40.11
65.7440,-0.070574,-0.080849,0,111.52,40.11
65.7520,-0.070574,-0.085530,0,111.52,40.11
65.7600,-0.070574,-0.089107,0,111.52,40.11
65.7680,-0.067643,-0.090649,0,111.52,40.11
65.7760,-0.061294,-0.089412,0,111.52,40.11
65.7840,-0.053480,-0.085029,0,111.52,40.11
65.7920,-0.039805,-0.077661,0,111.52,40.11
65.8000,-0.023199,-0.068051,0,111.52,40.11
65.8080,-0.006105,-0.057317,0,111.52,40.11
65.8160,0.013431,-0.046471,0,111.52,40.11
65.8240,0.025153,-0.035925,0,111.52,40.11
65.8320,0.032479,0.130068,0,111.52,40.11
65.8400,0.036386,0.133533,0,111.52,40.11
65.8480,0.031502,0.131404,0,111.52,40.11
65.8560,0.023687,0.124651,0,111.52,40.11
65.8640,0.010012,0.115012,0,111.52,40.11
65.8720,-0.003175,0.104557,0,111.52,40.11
65.8800,-0.013919,0.095080,0,111.52,40.11
65.8880,-0.023199,0.087598,0,111.52,40.11
65.8960,-0.028083,0.082147,0,111.52,40.11
65.9040,-0.032479,0.077910,0,111.52,40.11
65.9120,-0.034432,0.073675,0,111.52,40.11
65.9200,-0.040293,0.068545,0,111.52,40.11
65.9280,-0.052015,0.062557,0,111.52,40.11
65.9360,-0.067155,0.021476,0,111.52,40.11
65.9440,-0.082784,0.005477,0,111.52,40.11
65.9520,-0.101832,-0.010358,0,111.52,40.11
65.9600,-0.119414,-0.023140,0,111.52,40.11
65.9680,-0.130159,-0.030324,0,111.52,40.11
65.9760,-0.129182,-0.030880,0,111.52,40.11
65.9840,-0.118437,-0.025862,0,111.52,40.11
65.9920,-0.111111,-0.017859,0,111.52,40.11
66.0000,-0.102808,-0.009833,0,111.52,40.11
66.0080,-0.096947,-0.004165,0,111.52,40.11
66.0160,-0.096947,-0.002087,0,111.52,40.11
66.0240,-0.101343,-0.003429,0,111.52,40.11
66.0320,-0.107692,-0.006797,0,111.52,40.11
66.0400,-0.111600,-0.022006,0,111.52,40.11
66.0480,-0.113553,-0.023279,0,111.52,40.11
66.0560,-0.111600,-0.023038,0,111.52,40.11
66.0640,-0.108181,-0.021904,0,111.52,40.11
66.0720,-0.108181,-0.020743,0,111.52,40.11
66.0800,-0.109646,-0.020066,0,111.52,40.11
66.0880,-0.110623,-0.019847,0,111.52,40.11
66.0960,-0.113553,-0.019690,0,111.52,40.11
66.1040,-0.115507,-0.019129,0,111.52,40.11
66.1120,-0.115507,-0.017933,0,111.52,40.11
66.1200,-0.115507,-0.016210,0,111.52,40.11
66.1280,-0.116972,-0.014234,0,111.52,40.11
66.1360,-0.119414,-0.012191,0,111.52,40.11
66.1440,-0.122833,-0.026536,0,111.52,40.11
66.1520,-0.126740,-0.026729,0,111.52,40.11
66.1600,-0.129182,-0.025858,0,111.52,40.11
66.1680,-0.130159,-0.023256,0,111.52,40.11
66.1760,-0.126252,-0.018712,0,111.52,40.11
66.1840,-0.120391,-0.012588,0,111.52,40.11
66.1920,-0.118437,-0.005657,0,111.52,40.11
66.2000,-0.113553,0.000999,0,111.52,40.11
66.2080,-0.107692,0.005902,0,111.52,40.11
66.2160,-0.104274,0.007365,0,111.52,40.11
66.2240,-0.107692,0.004253,0,111.52,40.11
66.2320,-0.121368,-0.003197,0,111.52,40.11
66.2400,-0.133578,-0.013250,0,111.52,40.11
66.2480,-0.146764,-0.316624,0,111.52,40.11
66.2560,-0.158486,-0.341552,0,111.52,40.11
66.2640,-0.168742,-0.365791,0,111.52,40.11
66.2720,-0.175092,-0.388908,0,111.52,40.11
66.2800,-0.176557,-0.410519,0,111.52,40.11
66.2880,-0.179487,-0.429338,0,111.52,40.11
66.2960,-0.182418,-0.442197,0,111.52,40.11
66.3040,-0.176068,-0.444001,0,111.52,40.11
66.3120,-0.149695,-0.429009,0,111.52,40.11
66.3200,-0.102320,-0.392764,0,111.52,40.11
66.3280,-0.032479,-0.333883,0,111.52,40.11
66.3360,0.060317,-0.255456,0,111.52,40.11
66.3440,0.179976,-0.165586,0,111.52,40.11
66.3520,0.319170,0.469691,0,111.52,40.11
66.3600,0.458852,0.602432,0,111.52,40.11
66.3680,0.594139,0.735762,0,111.52,40.11
66.3760,0.723565,0.857623,0,111.52,40.11
66.3840,0.856410,0.951678,1,111.52,40.11
66.3920,0.945788,1.000000,1,111.52,40.11
66.4000,0.930159,0.990501,0,111.52,40.11
66.4080,0.797802,0.924517,0,111.52,40.11
66.4160,0.614652,0.817560,0,111.52,40.11
66.4240,0.436874,0.691867,0,111.52,40.11
66.4320,0.275214,0.566426,0,111.52,40.11
66.4400,0.134554,0.450570,0,111.52,40.11
66.4480,0.023199,0.342971,0,111.52,40.11
66.4560,-0.074969,-0.066409,0,111.52,40.11
66.4640,-0.154090,-0.140909,0,111.52,40.11
66.4720,-0.206349,-0.188788,0,111.52,40.11
66.4800,-0.228816,-0.211455,0,111.52,40.11
66.4880,-0.227350,-0.212195,0,111.52,40.11
66.4960,-0.208303,-0.196285,0,111.52,40.11
66.5040,-0.179487,-0.170265,0,111.52,40.11
66.5120,-0.151648,-0.140856,0,111.52,40.11
66.5200,-0.123321,-0.114091,0,111.52,40.11
66.5280,-0.098901,-0.094743,0,111.52,40.11
66.5360,-0.085226,-0.085558,0,111.52,40.11
66.5440,-0.085226,-0.086231,0,111.52,40.11
66.5520,-0.098901,-0.092940,0,111.52,40.11
66.5600,-0.121368,-0.055418,0,111.52,40.11
66.5680,-0.137485,-0.068269,0,111.52,40.11
66.5760,-0.139438,-0.078413,0,111.52,40.11
66.5840,-0.138462,-0.085601,0,111.52,40.11
66.5920,-0.141392,-0.091018,0,111.52,40.11
66.6000,-0.146764,-0.095527,0,111.52,40.11
66.6080,-0.151648,-0.098794,0,111.52,40.11
66.6160,-0.156044,-0.099552,0,111.52,40.11
66.6240,-0.151160,-0.096476,0,111.52,40.11
66.6320,-0.144811,-0.088887,0,111.52,40.11
66.6400,-0.137973,-0.076908,0,111.52,40.11
66.6480,-0.130159,-0.061366,0,111.52,40.11
66.6560,-0.121856,-0.043752,0,111.52,40.11
66.6640,-0.115507,-0.152064,0,111.52,40.11
66.6720,-0.114530,-0.139693,0,111.52,40.11
66.6800,-0.116484,-0.127628,0,111.52,40.11
66.6880,-0.123321,-0.116112,0,111.52,40.11
66.6960,-0.130647,-0.105453,0,111.52,40.11
66.7040,-0.139438,-0.096165,0,111.52,40.11
66.7120,-0.148230,-0.088751,0,111.52,40.11
66.7200,-0.160440,-0.083296,0,111.52,40.11
66.7280,-0.165324,-0.079319,0,111.52,40.11
66.7360,-0.171673,-0.075933,0,111.52,40.11
66.7440,-0.175092,-0.072144,0,111.52,40.11
66.7520,-0.171673,-0.067333,0,111.52,40.11
66.7600,-0.162393,-0.061701,0,111.52,40.11
66.7680,-0.156044,-0.096571,0,111.52,40.11
66.7760,-0.155067,-0.101343,0,111.52,40.11
66.7840,-0.159463,-0.109354,0,111.52,40.11
66.7920,-0.166300,-0.118312,0,111.52,40.11
66.8000,-0.169719,-0.124732,0,111.52,40.11
66.8080,-0.169231,-0.125151,0,111.52,40.11
66.8160,-0.161416,-0.117550,0,111.52,40.11
66.8240,-0.135531,-0.102580,0,111.52,40.11
66.8320,-0.106716,-0.083792,0,111.52,40.11
66.8400,-0.078877,-0.066273,0,111.52,40.11
66.8480,-0.060806,-0.054313,0,111.52,40.11
66.8560,-0.054945,-0.049337,0,111.52,40.11
66.8640,-0.059341,-0.049151,0,111.52,40.11
66.8720,-0.070574,0.033745,0,111.52,40.11
66.8800,-0.082295,0.024207,0,111.52,40.11
66.8880,-0.085714,0.015109,0,111.52,40.11
66.8960,-0.087179,0.008074,0,111.52,40.11
66.9040,-0.092552,0.003737,0,111.52,40.11
66.9120,-0.093529,0.002275,0,111.52,40.11
66.9200,-0.090110,0.003420,0,111.52,40.11
66.9280,-0.083272,0.006259,0,111.52,40.11
66.9360,-0.076435,0.009422,0,111.52,40.11
66.9440,-0.073504,0.011608,0,111.52,40.11
66.9520,-0.071551,0.012047,0,111.52,40.11
66.9600,-0.070574,0.010674,0,111.52,40.11
66.9680,-0.074481,0.008137,0,111.52,40.11
66.9760,-0.081807,0.016798,0,111.52,40.11
66.9840,-0.085226,0.012950,0,111.52,40.11
66.9920,-0.086691,0.010689,0,111.52,40.11
67.0000,-0.085714,0.010366,0,111.52,40.11
67.0080,-0.080830,0.011525,0,111.52,40.11
67.0160,-0.077411,0.013193,0,111.52,40.11
67.0240,-0.073504,0.014331,0,111.52,40.11
67.0320,-0.070574,0.014269,0,111.52,40.11
67.0400,-0.073016,0.012967,0,111.52,40.11
67.0480,-0.073016,0.010936,0,111.52,40.11
67.0560,-0.073504,0.008831,0,111.52,40.11
67.0640,-0.072039,0.007036,0,111.52,40.11
67.0720,-0.070574,0.005531,0,111.52,40.11
67.0800,-0.069597,0.003745,0,111.52,40.11
67.0880,-0.071062,0.000140,0,111.52,40.11
67.0960,-0.075946,-0.003420,0,111.52,40.11
67.1040,-0.078388,-0.005535,0,111.52,40.11
67.1120,-0.078388,-0.004995,0,111.52,40.11
67.1200,-0.070085,-0.001714,0,111.52,40.11
67.1280,-0.058852,0.002916,0,111.52,40.11
67.1360,-0.049084,0.006656,0,111.52,40.11
67.1440,-0.046642,0.007780,0,111.52,40.11
67.1520,-0.054945,0.006181,0,111.52,40.11
67.1600,-0.063736,0.003255,0,111.52,40.11
67.1680,-0.065690,0.000570,0,111.52,40.11
67.1760,-0.061783,-0.001420,0,111.52,40.11
67.1840,-0.060806,0.008692,0,111.52,40.11
67.1920,-0.061783,0.008062,0,111.52,40.11
67.2000,-0.063248,0.007966,0,111.52,40.11
67.2080,-0.064225,0.009063,0,111.52,40.11
67.2160,-0.062759,0.011963,0,111.52,40.11
67.2240,-0.055433,0.016574,0,111.52,40.11
67.2320,-0.049084,0.021815,0,111.52,40.11
67.2400,-0.039805,0.025932,0,111.52,40.11
67.2480,-0.038828,0.027288,0,111.52,40.11
67.2560,-0.043223,0.025144,0,111.52,40.11
67.2640,-0.051038,0.019834,0,111.52,40.11
67.2720,-0.056899,0.012319,0,111.52,40.11
67.2800,-0.065201,0.003712,0,111.52,40.11
67.2880,-0.070574,-0.015109,0,111.52,40.11
67.2960,-0.076435,-0.020160,0,111.52,40.11
67.3040,-0.077900,-0.022904,0,111.52,40.11
67.3120,-0.075946,-0.023673,0,111.52,40.11
67.3200,-0.072527,-0.023403,0,111.52,40.11
67.3280,-0.069597,-0.023115,0,111.52,40.11
67.3360,-0.070574,-0.023275,0,111.52,40.11
67.3440,-0.074481,-0.023525,0,111.52,40.11
67.3520,-0.072527,-0.023085,0,111.52,40.11
67.3600,-0.069597,-0.021418,0,111.52,40.11
67.3680,-0.063736,-0.018537,0,111.52,40.11
67.3760,-0.059341,-0.014826,0,111.52,40.11
67.3840,-0.054945,-0.010735,0,111.52,40.11
67.3920,-0.056410,-0.163822,0,111.52,40.11
67.4000,-0.062271,-0.179540,0,111.52,40.11
67.4080,-0.072527,-0.200120,0,111.52,40.11
67.4160,-0.089133,-0.222822,0,111.52,40.11
67.4240,-0.104762,-0.242687,0,111.52,40.11
67.4320,-0.116972,-0.253438,0,111.52,40.11
67.4400,-0.114530,-0.249580,0,111.52,40.11
67.4480,-0.085714,-0.229193,0,111.52,40.11
67.4560,-0.032479,-0.195900,0,111.52,40.11
67.4640,0.032479,-0.158193,0,111.52,40.11
67.4720,0.088645,-0.125639,0,111.52,40.11
67.4800,0.118437,-0.103623,0,111.52,40.11
67.4880,0.115018,-0.089966,0,111.52,40.11
67.4960,0.073016,0.143288,0,111.52,40.11
67.5040,0.010989,0.091534,0,111.52,40.11
67.5120,-0.059829,0.030570,0,111.52,40.11
67.5200,-0.122833,-0.027000,0,111.52,40.11
67.5280,-0.168742,-0.071081,0,111.52,40.11
67.5360,-0.189744,-0.096229,0,111.52,40.11
67.5440,-0.194139,-0.102083,0,111.52,40.11
67.5520,-0.179487,-0.092345,0,111.52,40.11
67.5600,-0.157998,-0.072917,0,111.52,40.11
67.5680,-0.133578,-0.049758,0,111.52,40.11
67.5760,-0.115995,-0.027086,0,111.52,40.11
67.5840,-0.100855,-0.006555,0,111.52,40.11
67.5920,-0.086203,0.012379,0,111.52,40.11
67.6000,-0.078877,-0.016149,0,111.52,40.11
67.6080,-0.082295,-0.019227,0,111.52,40.11
67.6160,-0.094505,-0.027607,0,111.52,40.11
67.6240,-0.107692,-0.038159,0,111.52,40.11
67.6320,-0.116972,-0.047557,0,111.52,40.11
67.6400,-0.121856,-0.053322,0,111.52,40.11
67.6480,-0.121368,-0.054317,0,111.52,40.11
67.6560,-0.116484,-0.050758,0,111.52,40.11
67.6640,-0.106716,-0.043893,0,111.52,40.11
67.6720,-0.097924,-0.035487,0,111.52,40.11
67.6800,-0.086691,-0.027191,0,111.52,40.11
67.6880,-0.080342,-0.019951,0,111.52,40.11
67.6960,-0.077411,-0.013654,0,111.52,40.11
67.7040,-0.073504,-0.086170,0,111.52,40.11
67.7120,-0.072527,-0.085823,0,111.52,40.11
67.7200,-0.068132,-0.084809,0,111.52,40.11
67.7280,-0.059829,-0.083018,0,111.52,40.11
67.7360,-0.050061,-0.081310,0,111.52,40.11
67.7440,-0.039805,-0.081027,0,111.52,40.11
67.7520,-0.036386,-0.082953,0,111.52,40.11
67.7600,-0.037851,-0.086342,0,111.52,40.11
67.7680,-0.043712,-0.088670,0,111.52,40.11
67.7760,-0.047131,-0.086495,0,111.52,40.11
67.7840,-0.039316,-0.077123,0,111.52,40.11
67.7920,-0.022711,-0.060232,0,111.52,40.11
67.8000,0.008059,-0.038541,0,111.52,40.11
67.8080,0.027106,0.079114,1,111.52,40.11
67.8160,0.033455,0.072902,0,111.52,40.11
67.8240,0.009035,0.045215,0,111.52,40.11
67.8320,-0.043712,-0.000557,0,111.52,40.11
67.8400,-0.112576,-0.053463,0,111.52,40.11
67.8480,-0.172650,-0.098566,0,111.52,40.11
67.8560,-0.202442,-0.122959,0,111.52,40.11
67.8640,-0.186325,-0.121295,0,111.52,40.11
67.8720,-0.139438,-0.097673,0,111.52,40.11
67.8800,-0.086203,-0.062612,0,111.52,40.11
67.8880,-0.046154,-0.027080,0,111.52,40.11
67.8960,-0.023199,0.002780,0,111.52,40.11
67.9040,-0.014408,0.027500,0,111.52,40.11
67.9120,-0.018803,0.117135,0,111.52,40.11
67.9200,-0.031013,0.110344,0,111.52,40.11
67.9280,-0.043223,0.096725,0,111.52,40.11
67.9360,-0.064713,0.080106,0,111.52,40.11
67.9440,-0.084249,0.063835,0,111.52,40.11
67.9520,-0.098413,0.050360,0,111.52,40.11
67.9600,-0.108181,0.040894,0,111.52,40.11
67.9680,-0.116484,0.035499,0,111.52,40.11
67.9760,-0.117460,0.033472,0,111.52,40.11
67.9840,-0.120391,0.033868,0,111.52,40.11
67.9920,-0.124298,0.035981,0,111.52,40.11
68.0000,-0.126252,0.039410,0,111.52,40.11
68.0080,-0.123321,0.043673,0,111.52,40.11
68.0160,-0.116972,-0.024300,0,111.52,40.11
68.0240,-0.111600,-0.021077,0,111.52,40.11
68.0320,-0.111111,-0.019226,0,111.52,40.11
68.0400,-0.114530,-0.019161,0,111.52,40.11
68.0480,-0.117460,-0.020670,0,111.52,40.11
68.0560,-0.120391,-0.023225,0,111.52,40.11
68.0640,-0.125275,-0.026161,0,111.52,40.11
68.0720,-0.129182,-0.028667,0,111.52,40.11
68.0800,-0.132601,-0.029810,0,111.52,40.11
68.0880,-0.133578,-0.028686,0,111.52,40.11
68.0960,-0.133089,-0.024690,0,111.52,40.11
68.1040,-0.129670,-0.017883,0,111.52,40.11
68.1120,-0.119902,-0.009284,0,111.52,40.11
68.1200,-0.111600,-0.053270,0,111.52,40.11
68.1280,-0.104274,-0.046011,0,111.52,40.11
68.1360,-0.095482,-0.039726,0,111.52,40.11
68.1440,-0.085714,-0.034976,0,111.52,40.11
68.1520,-0.081319,-0.031714,0,111.52,40.11
68.1600,-0.076435,-0.029299,0,111.52,40.11
68.1680,-0.070085,-0.026922,0,111.52,40.11
68.1760,-0.062759,-0.024179,0,111.52,40.11
68.1840,-0.054457,-0.021308,0,111.52,40.11
68.1920,-0.049084,-0.018934,0,111.52,40.11
68.2000,-0.048107,-0.017574,0,111.52,40.11
68.2080,-0.047131,-0.017296,0,111.52,40.11
68.2160,-0.048107,-0.017721,0,111.52,40.11
68.2240,-0.054457,0.017516,0,111.52,40.11
68.2320,-0.060806,0.012504,0,111.52,40.11
68.2400,-0.068132,0.007576,0,111.52,40.11
68.2480,-0.070085,0.003659,0,111.52,40.11
68.2560,-0.070085,0.001009,0,111.52,40.11
68.2640,-0.070085,-0.000702,0,111.52,40.11
68.2720,-0.069109,-0.001995,0,111.52,40.11
68.2800,-0.067643,-0.003179,0,111.52,40.11
68.2880,-0.070085,-0.004074,0,111.52,40.11
68.2960,-0.070574,-0.004072,0,111.52,40.11
68.3040,-0.066667,-0.002617,0,111.52,40.11
68.3120,-0.061294,0.000327,0,111.52,40.11
68.3200,-0.054945,0.004190,0,111.52,40.11
68.3280,-0.054457,0.033807,0,111.52,40.11
68.3360,-0.054457,0.041702,0,111.52,40.11
68.3440,-0.046154,0.056043,0,111.52,40.11
68.3520,-0.028083,0.077755,0,111.52,40.11
68.3600,0.008059,0.104415,0,111.52,40.11
68.3680,0.042735,0.130290,0,111.52,40.11
68.3760,0.067155,0.148435,0,111.52,40.11
68.3840,0.072039,0.153555,0,111.52,40.11
68.3920,0.058364,0.143953,0,111.52,40.11
68.4000,0.031502,0.121742,0,111.52,40.11
68.4080,-0.008059,0.091466,0,111.52,40.11
68.4160,-0.041758,0.057769,0,111.52,40.11
68.4240,-0.064713,0.023373,0,111.52,40.11
68.4320,-0.075458,-0.126052,0,111.52,40.11
68.4400,-0.070574,-0.132132,0,111.52,40.11
68.4480,-0.058852,-0.128452,0,111.52,40.11
68.4560,-0.041270,-0.118259,0,111.52,40.11
68.4640,-0.023199,-0.104905,0,111.52,40.11
68.4720,-0.005128,-0.091067,0,111.52,40.11
68.4800,0.011477,-0.078531,0,111.52,40.11
68.4880,0.027595,-0.068317,0,111.52,40.11
68.4960,0.037851,-0.060884,0,111.52,40.11
68.5040,0.048107,-0.056358,0,111.52,40.11
68.5120,0.058364,-0.054723,0,111.52,40.11
68.5200,0.064225,-0.055690,0,111.52,40.11
68.5280,0.064225,-0.058312,0,111.52,40.11
68.5360,0.062271,0.014893,0,111.52,40.11
68.5440,0.059829,0.006974,0,111.52,40.11
68.5520,0.054457,-0.004476,0,111.52,40.11
68.5600,0.043712,-0.018880,0,111.52,40.11
68.5680,0.031502,-0.034600,0,111.52,40.11
68.5760,0.016850,-0.048842,0,111.52,40.11
68.5840,0.007082,-0.058223,0,111.52,40.11
68.5920,0.005128,-0.059967,0,111.52,40.11
68.6000,0.016361,-0.053310,0,111.52,40.11
68.6080,0.040781,-0.040284,0,111.52,40.11
68.6160,0.073016,-0.024979,0,111.52,40.11
68.6240,0.094017,-0.011105,0,111.52,40.11
68.6320,0.093529,0.000558,0,111.52,40.11
68.6400,0.062271,0.097643,0,111.52,40.11
68.6480,0.008059,0.054431,0,111.52,40.11
68.6560,-0.056899,0.003141,0,111.52,40.11
68.6640,-0.114530,-0.045122,0,111.52,40.11
68.6720,-0.153602,-0.080984,0,111.52,40.11
68.6800,-0.170696,-0.099500,0,111.52,40.11
68.6880,-0.171184,-0.100782,0,111.52,40.11
68.6960,-0.157021,-0.088835,0,111.52,40.11
68.7040,-0.138950,-0.069510,0,111.52,40.11
68.7120,-0.120391,-0.048450,0,111.52,40.11
68.7200,-0.102320,-0.029607,0,111.52,40.11
68.7280,-0.090598,-0.014462,0,111.52,40.11
68.7360,-0.085714,-0.001954,0,111.52,40.11
68.7440,-0.084249,-0.031543,0,111.52,40.11
68.7520,-0.085714,-0.031756,0,111.52,40.11
68.7600,-0.087179,-0.033607,0,111.52,40.11
68.7680,-0.090110,-0.035889,0,111.52,40.11
68.7760,-0.092552,-0.037852,0,111.52,40.11
68.7840,-0.094505,-0.039108,0,111.52,40.11
68.7920,-0.097924,-0.039477,0,111.52,40.11
68.8000,-0.097924,-0.038855,0,111.52,40.11
68.8080,-0.099878,-0.037126,0,111.52,40.11
68.8160,-0.101343,-0.034127,0,111.52,40.11
68.8240,-0.099878,-0.029759,0,111.52,40.11
68.8320,-0.097924,-0.024189,0,111.52,40.11
68.8400,-0.094505,-0.017909,0,111.52,40.11
68.8480,-0.093040,-0.107777,0,111.52,40.11
68.8560,-0.090110,-0.107219,0,111.52,40.11
68.8640,-0.090110,-0.107148,0,111.52,40.11
68.8720,-0.088645,-0.107362,0,111.52,40.11
68.8800,-0.085714,-0.107492,0,111.52,40.11
68.8880,-0.082784,-0.107037,0,111.52,40.11
68.8960,-0.079365,-0.105289,0,111.52,40.11
68.9040,-0.076435,-0.101378,0,111.52,40.11
68.9120,-0.069109,-0.094637,0,111.52,40.11
68.9200,-0.056899,-0.085102,0,111.52,40.11
68.9280,-0.042247,-0.073630,0,111.52,40.11
68.9360,-0.028571,-0.061379,0,111.52,40.11
68.9440,-0.019780,-0.049076,0,111.52,40.11
68.9520,-0.020757,-0.196662,0,111.52,40.11
68.9600,-0.038828,-0.228628,0,111.52,40.11
68.9680,-0.075458,-0.275529,0,111.52,40.11
68.9760,-0.124298,-0.332244,0,111.52,40.11
68.9840,-0.176068,-0.390034,0,111.52,40.11
68.9920,-0.213187,-0.438687,0,111.52,40.11
69.0000,-0.228816,-0.468985,0,111.52,40.11
69.0080,-0.219048,-0.474425,0,111.52,40.11
69.0160,-0.179487,-0.451820,0,111.52,40.11
69.0240,-0.115507,-0.401073,0,111.52,40.11
69.0320,-0.033455,-0.324778,0,111.52,40.11
69.0400,0.073504,-0.228409,0,111.52,40.11
69.0480,0.204396,-0.120802,0,111.52,40.11
69.0560,0.352869,0.463818,0,111.52,40.11
69.0640,0.508181,0.599263,0,111.52,40.11
69.0720,0.664957,0.735231,0,111.52,40.11
69.0800,0.837851,0.858075,0,111.52,40.11
69.0880,1.000000,0.951126,0,111.52,40.11
69.0960,1.000000,1.000000,1,111.52,40.11
69.1040,1.000000,0.997155,1,111.52,40.11
69.1120,0.951648,0.943087,0,111.52,40.11
69.1200,0.744078,0.846951,0,111.52,40.11
69.1280,0.541880,0.725174,0,111.52,40.11
69.1360,0.353846,0.594869,0,111.52,40.11
69.1440,0.184860,0.466594,0,111.52,40.11
69.1520,0.031502,0.342201,0,111.52,40.11
69.1600,-0.103785,-0.135048,0,111.52,40.11
69.1680,-0.202442,-0.231685,0,111.52,40.11
69.1760,-0.260073,-0.289012,0,111.52,40.11
69.1840,-0.277656,-0.308698,0,111.52,40.11
69.1920,-0.261050,-0.296922,0,111.52,40.11
69.2000,-0.218559,-0.263623,0,111.52,40.11
69.2080,-0.170208,-0.220575,0,111.52,40.11
69.2160,-0.126252,-0.178864,0,111.52,40.11
69.2240,-0.092063,-0.146744,0,111.52,40.11
69.2320,-0.076435,-0.128441,0,111.52,40.11
69.2400,-0.075458,-0.124012,0,111.52,40.11
69.2480,-0.084249,-0.130219,0,111.52,40.11
69.2560,-0.094017,-0.141942,0,111.52,40.11
69.2640,-0.110623,-0.044310,0,111.52,40.11
69.2720,-0.126252,-0.057356,0,111.52,40.11
69.2800,-0.139927,-0.069003,0,111.52,40.11
69.2880,-0.148230,-0.078149,0,111.52,40.11
69.2960,-0.149206,-0.084698,0,111.52,40.11
69.3040,-0.151648,-0.089058,0,111.52,40.11
69.3120,-0.154579,-0.091405,0,111.52,40.11
69.3200,-0.154579,-0.091347,0,111.52,40.11
69.3280,-0.153602,-0.088137,0,111.52,40.11
69.3360,-0.148718,-0.081118,0,111.52,40.11
69.3440,-0.144811,-0.070120,0,111.52,40.11
69.3520,-0.135531,-0.055753,0,111.52,40.11
69.3600,-0.131136,-0.039409,0,111.52,40.11
69.3680,-0.131136,-0.231682,0,111.52,40.11
69.3760,-0.130159,-0.221408,0,111.52,40.11
69.3840,-0.130159,-0.208706,0,111.52,40.11
69.3920,-0.130159,-0.193722,0,111.52,40.11
69.4000,-0.132112,-0.177044,0,111.52,40.11
69.4080,-0.132601,-0.159626,0,111.52,40.11
69.4160,-0.132601,-0.142719,0,111.52,40.11
69.4240,-0.129670,-0.127708,0,111.52,40.11
69.4320,-0.129182,-0.115733,0,111.52,40.11
69.4400,-0.126252,-0.107351,0,111.52,40.11
69.4480,-0.125275,-0.102429,0,111.52,40.11
69.4560,-0.121368,-0.100235,0,111.52,40.11
69.4640,-0.116972,-0.099592,0,111.52,40.11
69.4720,-0.115018,-0.004177,0,111.52,40.11
69.4800,-0.115018,-0.007330,0,111.52,40.11
69.4880,-0.116484,-0.011947,0,111.52,40.11
69.4960,-0.118437,-0.016775,0,111.52,40.11
69.5040,-0.119414,-0.020642,0,111.52,40.11
69.5120,-0.117949,-0.022809,0,111.52,40.11
69.5200,-0.116972,-0.023095,0,111.52,40.11
69.5280,-0.114042,-0.021771,0,111.52,40.11
69.5360,-0.109158,-0.019330,0,111.52,40.11
69.5440,-0.108669,-0.016187,0,111.52,40.11
69.5520,-0.104274,-0.012532,0,111.52,40.11
69.5600,-0.099878,-0.008461,0,111.52,40.11
69.5680,-0.094017,-0.004152,0,111.52,40.11
69.5760,-0.091087,0.001273,0,111.52,40.11
69.5840,-0.089133,0.001461,0,111.52,40.11
69.5920,-0.089133,0.000233,0,111.52,40.11
69.6000,-0.090110,-0.001789,0,111.52,40.11
69.6080,-0.090598,-0.003719,0,111.52,40.11
69.6160,-0.091575,-0.004715,0,111.52,40.11
69.6240,-0.087179,-0.004342,0,111.52,40.11
69.6320,-0.083272,-0.002783,0,111.52,40.11
69.6400,-0.076923,-0.000725,0,111.52,40.11
69.6480,-0.072039,0.001019,0,111.52,40.11
69.6560,-0.070574,0.001942,0,111.52,40.11
69.6640,-0.069597,0.002034,0,111.52,40.11
69.6720,-0.067643,0.001638,0,111.52,40.11
69.6800,-0.067155,0.024846,0,111.52,40.11
69.6880,-0.062271,0.025844,0,111.52,40.11
69.6960,-0.058852,0.026088,0,111.52,40.11
69.7040,-0.058852,0.025129,0,111.52,40.11
69.7120,-0.060806,0.023090,0,111.52,40.11
69.7200,-0.065690,0.020714,0,111.52,40.11
69.7280,-0.066667,0.018873,0,111.52,40.11
69.7360,-0.063248,0.017967,0,111.52,40.11
69.7440,-0.062759,0.017764,0,111.52,40.11
69.7520,-0.060806,0.017680,0,111.52,40.11
69.7600,-0.058852,0.017114,0,111.52,40.11
69.7680,-0.058852,0.015742,0,111.52,40.11
69.7760,-0.061783,0.013745,0,111.52,40.11
69.7840,-0.064713,0.014601,0,111.52,40.11
69.7920,-0.069597,0.010948,0,111.52,40.11
69.8000,-0.072527,0.007946,0,111.52,40.11
69.8080,-0.073016,0.005979,0,111.52,40.11
69.8160,-0.070085,0.004815,0,111.52,40.11
69.8240,-0.070085,0.003838,0,111.52,40.11
69.8320,-0.069597,0.002541,0,111.52,40.11
69.8400,-0.071062,0.000893,0,111.52,40.11
69.8480,-0.074969,-0.000620,0,111.52,40.11
69.8560,-0.073504,-0.001311,0,111.52,40.11
69.8640,-0.073016,-0.000718,0,111.52,40.11
69.8720,-0.070085,0.001159,0,111.52,40.11
69.8800,-0.065690,0.003842,0,111.52,40.11
69.8880,-0.061783,0.006473,0,111.52,40.11
69.8960,-0.060317,0.007857,0,111.52,40.11
69.9040,-0.060806,0.008298,0,111.52,40.11
69.9120,-0.061783,0.008084,0,111.52,40.11
69.9200,-0.061783,0.007613,0,111.52,40.11
69.9280,-0.061294,0.007067,0,111.52,40.11
69.9360,-0.059341,0.006349,0,111.52,40.11
69.9440,-0.059829,0.005323,0,111.52,40.11
69.9520,-0.063248,0.004127,0,111.52,40.11
69.9600,-0.064713,0.003184,0,111.52,40.11
69.9680,-0.064713,0.002873,0,111.52,40.11
69.9760,-0.063248,0.003253,0,111.52,40.11
69.9840,-0.062271,0.004060,0,111.52,40.11
69.9920,-0.061783,0.010551,0,111.52,40.11
70.0000,-0.061783,0.011674,0,111.52,40.11
70.0080,-0.059829,0.012214,0,111.52,40.11
70.0160,-0.059829,0.011731,0,111.52,40.11
70.0240,-0.062759,0.010021,0,111.52,40.11
70.0320,-0.065690,0.007290,0,111.52,40.11
70.0400,-0.070085,0.004111,0,111.52,40.11
70.0480,-0.074481,0.001226,0,111.52,40.11
70.0560,-0.075458,-0.000719,0,111.52,40.11
70.0640,-0.075458,-0.001301,0,111.52,40.11
70.0720,-0.078388,-0.000282,0,111.52,40.11
70.0800,-0.075946,0.002312,0,111.52,40.11
70.0880,-0.070574,0.005939,0,111.52,40.11
70.0960,-0.065201,0.028458,0,111.52,40.11
70.1040,-0.058852,0.035572,0,111.52,40.11
70.1120,-0.054457,0.042258,0,111.52,40.11
70.1200,-0.048596,0.047513,0,111.52,40.11
70.1280,-0.046154,0.050394,0,111.52,40.11
70.1360,-0.047131,0.050289,0,111.52,40.11
70.1440,-0.052991,0.047187,0,111.52,40.11
70.1520,-0.057875,0.041726,0,111.52,40.11
70.1600,-0.068620,0.035074,0,111.52,40.11
70.1680,-0.076435,0.028676,0,111.52,40.11
70.1760,-0.085714,0.023792,0,111.52,40.11
70.1840,-0.088645,0.020926,0,111.52,40.11
70.1920,-0.088645,0.019488,0,111.52,40.11
70.2000,-0.089133,-0.001343,0,111.52,40.11
70.2080,-0.088156,-0.000198,0,111.52,40.11
70.2160,-0.088156,0.001198,0,111.52,40.11
70.2240,-0.090110,0.002440,0,111.52,40.11
70.2320,-0.088645,0.003237,0,111.52,40.11
70.2400,-0.087668,0.003283,0,111.52,40.11
70.2480,-0.090598,0.002411,0,111.52,40.11
70.2560,-0.093529,0.000845,0,111.52,40.11
70.2640,-0.097924,-0.000833,0,111.52,40.11
70.2720,-0.099389,-0.001970,0,111.52,40.11
70.2800,-0.101343,-0.002144,0,111.52,40.11
70.2880,-0.100855,-0.001326,0,111.52,40.11
70.2960,-0.099878,0.000121,0,111.52,40.11
70.3040,-0.098413,0.002325,0,111.52,40.11
70.3120,-0.096459,0.005163,0,111.52,40.11
70.3200,-0.094505,0.007643,0,111.52,40.11
70.3280,-0.093529,0.009285,0,111.52,40.11
70.3360,-0.094505,0.009873,0,111.52,40.11
70.3440,-0.095971,0.009564,0,111.52,40.11
70.3520,-0.100855,0.008800,0,111.52,40.11
70.3600,-0.101343,0.007998,0,111.52,40.11
70.3680,-0.101343,0.007247,0,111.52,40.11
70.3760,-0.101832,0.006377,0,111.52,40.11
70.3840,-0.106227,0.005314,0,111.52,40.11
70.3920,-0.110134,0.004206,0,111.52,40.11
70.4000,-0.110623,0.003177,0,111.52,40.11
70.4080,-0.107692,-0.015264,0,111.52,40.11
70.4160,-0.102808,-0.013248,0,111.52,40.11
70.4240,-0.103297,-0.011586,0,111.52,40.11
70.4320,-0.104274,-0.010788,0,111.52,40.11
70.4400,-0.105739,-0.010867,0,111.52,40.11
70.4480,-0.107692,-0.011550,0,111.52,40.11
70.4560,-0.108181,-0.012485,0,111.52,40.11
70.4640,-0.110134,-0.013308,0,111.52,40.11
70.4720,-0.110623,-0.013617,0,111.52,40.11
70.4800,-0.111600,-0.013015,0,111.52,40.11
70.4880,-0.110134,-0.011268,0,111.52,40.11
70.4960,-0.105739,-0.008487,0,111.52,40.11
70.5040,-0.102808,-0.005113,0,111.52,40.11
70.5120,-0.101343,-0.017637,0,111.52,40.11
70.5200,-0.097924,-0.016130,0,111.52,40.11
70.5280,-0.095971,-0.015572,0,111.52,40.11
70.5360,-0.095482,-0.015952,0,111.52,40.11
70.5440,-0.098901,-0.016783,0,111.52,40.11
70.5520,-0.098901,-0.017283,0,111.52,40.11
70.5600,-0.097924,-0.016816,0,111.52,40.11
70.5680,-0.094505,-0.015228,0,111.52,40.11
70.5760,-0.091087,-0.012869,0,111.52,40.11
70.5840,-0.085714,-0.010399,0,111.52,40.11
70.5920,-0.082784,-0.008449,0,111.52,40.11
70.6000,-0.081319,-0.007290,0,111.52,40.11
70.6080,-0.080830,-0.006701,0,111.52,40.11
70.6160,-0.082784,0.023886,0,111.52,40.11
70.6240,-0.085226,0.022842,0,111.52,40.11
70.6320,-0.086691,0.021956,0,111.52,40.11
70.6400,-0.088645,0.021716,0,111.52,40.11
70.6480,-0.086691,0.022198,0,111.52,40.11
70.6560,-0.085714,0.023052,0,111.52,40.11
70.6640,-0.085714,0.023714,0,111.52,40.11
70.6720,-0.085714,0.023651,0,111.52,40.11
70.6800,-0.086203,0.022507,0,111.52,40.11
70.6880,-0.090110,0.020236,0,111.52,40.11
70.6960,-0.094017,0.017134,0,111.52,40.11
70.7040,-0.098901,0.013652,0,111.52,40.11
70.7120,-0.100855,0.010097,0,111.52,40.11
70.7200,-0.097924,-0.004228,0,111.52,40.11
70.7280,-0.096459,-0.004729,0,111.52,40.11
70.7360,-0.096947,-0.005728,0,111.52,40.11
70.7440,-0.099389,-0.007506,0,111.52,40.11
70.7520,-0.102320,-0.009711,0,111.52,40.11
70.7600,-0.105739,-0.011543,0,111.52,40.11
70.7680,-0.107692,-0.012188,0,111.52,40.11
70.7760,-0.104274,-0.011295,0,111.52,40.11
70.7840,-0.100366,-0.009204,0,111.52,40.11
70.7920,-0.094505,-0.006716,0,111.52,40.11
70.8000,-0.093040,-0.004589,0,111.52,40.11
70.8080,-0.091575,-0.003132,0,111.52,40.11
70.8160,-0.091087,-0.002157,0,111.52,40.11
70.8240,-0.091087,0.006987,0,111.52,40.11
70.8320,-0.093040,0.004541,0,111.52,40.11
70.8400,-0.095971,0.000515,0,111.52,40.11
70.8480,-0.102808,-0.004457,0,111.52,40.11
70.8560,-0.111600,-0.009146,0,111.52,40.11
70.8640,-0.116972,-0.012138,0,111.52,40.11
70.8720,-0.116972,-0.012575,0,111.52,40.11
70.8800,-0.111600,-0.010631,0,111.52,40.11
70.8880,-0.107204,-0.007344,0,111.52,40.11
70.8960,-0.102808,-0.004001,0,111.52,40.11
70.9040,-0.101343,-0.001523,0,111.52,40.11
70.9120,-0.101343,-0.000165,0,111.52,40.11
70.9200,-0.102320,0.000453,0,111.52,40.11
70.9280,-0.109158,-0.037115,0,111.52,40.11
70.9360,-0.113553,-0.041370,0,111.52,40.11
70.9440,-0.114042,-0.044849,0,111.52,40.11
70.9520,-0.113553,-0.047227,0,111.52,40.11
70.9600,-0.111600,-0.048552,0,111.52,40.11
70.9680,-0.113553,-0.048781,0,111.52,40.11
70.9760,-0.112088,-0.047597,0,111.52,40.11
70.9840,-0.109158,-0.044691,0,111.52,40.11
70.9920,-0.102320,-0.040182,0,111.52,40.11
71.0000,-0.093529,-0.034761,0,111.52,40.11
71.0080,-0.084737,-0.029407,0,111.52,40.11
71.0160,-0.078388,-0.024806,0,111.52,40.11
71.0240,-0.075946,-0.020913,0,111.52,40.11
71.0320,-0.071551,-0.053888,0,111.52,40.11
71.0400,-0.069109,-0.053155,0,111.52,40.11
71.0480,-0.062759,-0.052921,0,111.52,40.11
71.0560,-0.058852,-0.053431,0,111.52,40.11
71.0640,-0.056410,-0.054923,0,111.52,40.11
71.0720,-0.054457,-0.057281,0,111.52,40.11
71.0800,-0.053968,-0.059855,0,111.52,40.11
71.0880,-0.052991,-0.061524,0,111.52,40.11
71.0960,-0.048596,-0.060944,0,111.52,40.11
71.1040,-0.043223,-0.056920,0,111.52,40.11
71.1120,-0.031502,-0.048826,0,111.52,40.11
71.1200,-0.016361,-0.037012,0,111.52,40.11
71.1280,0.004640,-0.022967,0,111.52,40.11
71.1360,0.023687,0.104695,0,111.52,40.11
71.1440,0.038828,0.117736,0,111.52,40.11
71.1520,0.044200,0.124254,0,111.52,40.11
71.1600,0.039805,0.123816,0,111.52,40.11
71.1680,0.031502,0.117684,0,111.52,40.11
71.1760,0.020757,0.108112,0,111.52,40.11
71.1840,0.009035,0.097521,0,111.52,40.11
71.1920,-0.002686,0.087853,0,111.52,40.11
71.2000,-0.008547,0.080099,0,111.52,40.11
71.2080,-0.012943,0.074179,0,111.52,40.11
71.2160,-0.015873,0.069334,0,111.52,40.11
71.2240,-0.022711,0.064801,0,111.52,40.11
71.2320,-0.028571,0.060244,0,111.52,40.11
71.2400,-0.031502,0.084197,0,66.57,40.11
71.2480,-0.038828,0.079314,0,66.57,40.11
71.2560,-0.047131,0.072752,0,66.57,40.11
71.2640,-0.054945,0.064604,0,66.57,40.11
71.2720,-0.068620,0.055541,0,66.57,40.11
71.2800,-0.082295,0.046768,0,66.57,40.11
71.2880,-0.090598,0.039544,0,66.57,40.11
71.2960,-0.097924,0.034607,0,66.57,40.11
71.3040,-0.101343,0.031958,0,66.57,40.11
71.3120,-0.102808,0.031059,0,66.57,40.11
71.3200,-0.107692,0.031251,0,66.57,40.11
71.3280,-0.109646,0.032050,0,66.57,40.11
71.3360,-0.112088,0.033160,0,66.57,40.11
71.3440,-0.116972,-0.030110,0,66.57,40.11
71.3520,-0.121368,-0.032519,0,66.57,40.11
71.3600,-0.123810,-0.034323,0,66.57,40.11
71.3680,-0.126252,-0.035235,0,66.57,40.11
71.3760,-0.127228,-0.035237,0,66.57,40.11
71.3840,-0.125763,-0.034554,0,66.57,40.11
71.3920,-0.126252,-0.033464,0,66.57,40.11
71.4000,-0.127717,-0.032052,0,66.57,40.11
71.4080,-0.127717,-0.030183,0,66.57,40.11
71.4160,-0.128205,-0.027726,0,66.57,40.11
71.4240,-0.125275,-0.024755,0,66.57,40.11
71.4320,-0.124786,-0.021524,0,66.57,40.11
71.4400,-0.126252,-0.018232,0,66.57,40.11
71.4480,-0.132112,-0.046223,0,66.57,40.11
71.4560,-0.136996,-0.044218,0,66.57,40.11
71.4640,-0.135043,-0.038862,0,66.57,40.11
71.4720,-0.127228,-0.030023,0,66.57,40.11
71.4800,-0.114042,-0.019200,0,66.57,40.11
71.4880,-0.101832,-0.008913,0,66.57,40.11
71.4960,-0.097924,-0.001482,0,66.57,40.11
71.5040,-0.098901,0.001918,0,66.57,40.11
71.5120,-0.101343,0.001374,0,66.57,40.11
71.5200,-0.108669,-0.002203,0,66.57,40.11
71.5280,-0.116484,-0.007603,0,66.57,40.11
71.5360,-0.123810,-0.013798,0,66.57,40.11
71.5440,-0.130159,-0.020210,0,66.57,40.11
71.5520,-0.131136,0.026692,0,66.57,40.11
71.5600,-0.132112,0.028970,0,66.57,40.11
71.5680,-0.130647,0.031253,0,66.57,40.11
71.5760,-0.130159,0.031391,0,66.57,40.11
71.5840,-0.134066,0.027467,0,66.57,40.11
71.5920,-0.146764,0.018717,0,66.57,40.11
71.6000,-0.162393,0.006063,0,66.57,40.11
71.6080,-0.178510,-0.007949,0,66.57,40.11
71.6160,-0.195116,-0.019592,0,66.57,40.11
71.6240,-0.209768,-0.024740,0,66.57,40.11
71.6320,-0.211722,-0.020273,0,66.57,40.11
71.6400,-0.200488,-0.005863,0,66.57,40.11
71.6480,-0.170208,0.014975,0,66.57,40.11
71.6560,-0.117460,-0.765678,0,66.57,40.11
71.6640,-0.049084,-0.728603,0,66.57,40.11
71.6720,0.038339,-0.671778,0,66.57,40.11
71.6800,0.141880,-0.595797,0,66.57,40.11
71.6880,0.270330,-0.502538,0,66.57,40.11
71.6960,0.402198,-0.395905,0,66.57,40.11
71.7040,0.538950,-0.282787,0,66.57,40.11
71.7120,0.672772,-0.174792,0,66.57,40.11
71.7200,0.812454,-0.089965,1,66.57,40.11
71.7280,0.942857,-0.051109,1,66.57,40.11
71.7360,1.000000,-0.077223,0,66.57,40.11
71.7440,0.939438,-0.170246,0,66.57,40.11
71.7520,0.773382,-0.306717,0,66.57,40.11
71.7600,0.579976,0.725137,0,66.57,40.11
71.7680,0.401221,0.567210,0,66.57,40.11
71.7760,0.233211,0.411170,0,66.57,40.11
71.7840,0.081807,0.269946,0,66.57,40.11
71.7920,-0.057387,0.151351,0,66.57,40.11
71.8000,-0.172161,0.060610,0,66.57,40.11
71.8080,-0.254701,0.001394,0,66.57,40.11
71.8160,-0.296703,-0.024763,0,66.57,40.11
71.8240,-0.301099,-0.019452,0,66.57,40.11
71.8320,-0.271795,0.012370,0,66.57,40.11
71.8400,-0.220024,0.063401,0,66.57,40.11
71.8480,-0.162882,0.125984,0,66.57,40.11
71.8560,-0.111600,0.193869,0,66.57,40.11
71.8640,-0.080342,0.038176,0,66.57,40.11
71.8720,-0.067155,0.059672,0,66.57,40.11
71.8800,-0.070085,0.064801,0,66.57,40.11
71.8880,-0.086203,0.057303,0,66.57,40.11
71.8960,-0.108669,0.042607,0,66.57,40.11
71.9040,-0.129182,0.026186,0,66.57,40.11
71.9120,-0.145788,0.012257,0,66.57,40.11
71.9200,-0.155067,0.003169,0,66.57,40.11
71.9280,-0.158974,-0.000488,0,66.57,40.11
71.9360,-0.158974,0.000689,0,66.57,40.11
71.9440,-0.156532,0.005567,0,66.57,40.11
71.9520,-0.152625,0.012909,0,66.57,40.11
71.9600,-0.148230,0.021521,0,66.57,40.11
71.9680,-0.144811,-0.243166,0,66.57,40.11
71.9760,-0.141392,-0.244064,0,66.57,40.11
71.9840,-0.140415,-0.244648,0,66.57,40.11
71.9920,-0.143834,-0.244432,0,66.57,40.11
72.0000,-0.146764,-0.242649,0,66.57,40.11
72.0080,-0.148718,-0.238545,0,66.57,40.11
72.0160,-0.153114,-0.231519,0,66.57,40.11
72.0240,-0.158486,-0.221052,0,66.57,40.11
72.0320,-0.164835,-0.206722,0,66.57,40.11
72.0400,-0.168254,-0.188446,0,66.57,40.11
72.0480,-0.165812,-0.166719,0,66.57,40.11
72.0560,-0.159463,-0.142571,0,66.57,40.11
72.0640,-0.149206,-0.117256,0,66.57,40.11
72.0720,-0.143834,-0.015972,0,66.57,40.11
72.0800,-0.139438,-0.004904,0,66.57,40.11
72.0880,-0.139927,0.000902,0,66.57,40.11
72.0960,-0.142369,0.002460,0,66.57,40.11
72.1040,-0.143346,0.001386,0,66.57,40.11
72.1120,-0.141392,-0.000793,0,66.57,40.11
72.1200,-0.138950,-0.003039,0,66.57,40.11
72.1280,-0.135043,-0.004789,0,66.57,40.11
72.1360,-0.132601,-0.005727,0,66.57,40.11
72.1440,-0.130647,-0.005617,0,66.57,40.11
72.1520,-0.127717,-0.004320,0,66.57,40.11
72.1600,-0.126252,-0.001931,0,66.57,40.11
72.1680,-0.122344,0.001116,0,66.57,40.11
72.1760,-0.119414,-0.020973,0,66.57,40.11
72.1840,-0.116972,-0.019118,0,66.57,40.11
72.1920,-0.116484,-0.017539,0,66.57,40.11
72.2000,-0.112576,-0.016010,0,66.57,40.11
72.2080,-0.112088,-0.014149,0,66.57,40.11
72.2160,-0.107692,-0.011672,0,66.57,40.11
72.2240,-0.101832,-0.008692,0,66.57,40.11
72.2320,-0.094017,-0.005819,0,66.57,40.11
72.2400,-0.088156,-0.003832,0,66.57,40.11
72.2480,-0.088156,-0.003161,0,66.57,40.11
72.2560,-0.086203,-0.003696,0,66.57,40.11
72.2640,-0.085714,-0.005025,0,66.57,40.11
72.2720,-0.084249,-0.006733,0,66.57,40.11
72.2800,-0.084249,0.020456,0,66.57,40.11
72.2880,-0.084737,0.018936,0,66.57,40.11
72.2960,-0.085714,0.017237,0,66.57,40.11
72.3040,-0.086203,0.015587,0,66.57,40.11
72.3120,-0.085226,0.014199,0,66.57,40.11
72.3200,-0.085226,0.013287,0,66.57,40.11
72.3280,-0.085714,0.013077,0,66.57,40.11
72.3360,-0.084249,0.013623,0,66.57,40.11
72.3440,-0.077900,0.014523,0,66.57,40.11
72.3520,-0.074481,0.014976,0,66.57,40.11
72.3600,-0.072527,0.014268,0,66.57,40.11
72.3680,-0.074969,0.012248,0,66.57,40.11
72.3760,-0.076435,0.009389,0,66.57,40.11
72.3840,-0.078388,0.014399,0,66.57,40.11
72.3920,-0.074481,0.014869,0,66.57,40.11
72.4000,-0.070085,0.016024,0,66.57,40.11
72.4080,-0.066667,0.016974,0,66.57,40.11
72.4160,-0.064713,0.016894,0,66.57,40.11
72.4240,-0.067155,0.015453,0,66.57,40.11
72.4320,-0.067155,0.012888,0,66.57,40.11
72.4400,-0.070085,0.009833,0,66.57,40.11
72.4480,-0.072527,0.007106,0,66.57,40.11
72.4560,-0.072527,0.005448,0,66.57,40.11
72.4640,-0.072039,0.005261,0,66.57,40.11
72.4720,-0.068620,0.006459,0,66.57,40.11
72.4800,-0.064713,0.008492,0,66.57,40.11
72.4880,-0.064713,0.007043,0,66.57,40.11
72.4960,-0.068620,0.005205,0,66.57,40.11
72.5040,-0.070574,0.002635,0,66.57,40.11
72.5120,-0.073016,-0.000180,0,66.57,40.11
72.5200,-0.071551,-0.003003,0,66.57,40.11
72.5280,-0.074481,-0.005788,0,66.57,40.11
72.5360,-0.074969,-0.008378,0,66.57,40.11
72.5440,-0.078388,-0.010309,0,66.57,40.11
72.5520,-0.080830,-0.010910,0,66.57,40.11
72.5600,-0.078388,-0.009733,0,66.57,40.11
72.5680,-0.071062,-0.006904,0,66.57,40.11
72.5760,-0.068620,-0.002979,0,66.57,40.11
72.5840,-0.063736,0.001443,0,66.57,40.11
72.5920,-0.060806,-0.005349,0,66.57,40.11
72.6000,-0.058852,-0.004446,0,66.57,40.11
72.6080,-0.058852,-0.004940,0,66.57,40.11
72.6160,-0.058852,-0.006589,0,66.57,40.11
72.6240,-0.060806,-0.008864,0,66.57,40.11
72.6320,-0.062759,-0.011032,0,66.57,40.11
72.6400,-0.063248,-0.012350,0,66.57,40.11
72.6480,-0.062759,-0.012313,0,66.57,40.11
72.6560,-0.060317,-0.010866,0,66.57,40.11
72.6640,-0.054945,-0.008448,0,66.57,40.11
72.6720,-0.051038,-0.005803,0,66.57,40.11
72.6800,-0.045177,-0.003559,0,66.57,40.11
72.6880,-0.046154,-0.001803,0,66.57,40.11
72.6960,-0.050061,0.035085,0,66.57,40.11
72.7040,-0.055433,0.031758,0,66.57,40.11
72.7120,-0.062271,0.027707,0,66.57,40.11
72.7200,-0.065690,0.023737,0,66.57,40.11
72.7280,-0.069597,0.020131,0,66.57,40.11
72.7360,-0.071551,0.016714,0,66.57,40.11
72.7440,-0.074969,0.013253,0,66.57,40.11
72.7520,-0.081319,0.009889,0,66.57,40.11
72.7600,-0.085714,0.007250,0,66.57,40.11
72.7680,-0.090598,0.006111,0,66.57,40.11
72.7760,-0.088156,0.006857,0,66.57,40.11
72.7840,-0.085714,0.009218,0,66.57,40.11
72.7920,-0.084249,0.012465,0,66.57,40.11
72.8000,-0.080830,-0.000215,0,66.57,40.11
72.8080,-0.082784,-0.000846,0,66.57,40.11
72.8160,-0.087179,-0.003308,0,66.57,40.11
72.8240,-0.091575,-0.007004,0,66.57,40.11
72.8320,-0.096459,-0.010930,0,66.57,40.11
72.8400,-0.101343,-0.014029,0,66.57,40.11
72.8480,-0.102320,-0.015517,0,66.57,40.11
72.8560,-0.101832,-0.015107,0,66.57,40.11
72.8640,-0.100366,-0.013041,0,66.57,40.11
72.8720,-0.096459,-0.009971,0,66.57,40.11
72.8800,-0.092552,-0.006748,0,66.57,40.11
72.8880,-0.088645,-0.004033,0,66.57,40.11
72.8960,-0.091087,-0.001873,0,66.57,40.11
72.9040,-0.099878,-0.026876,0,66.57,40.11
72.9120,-0.107204,-0.033503,0,66.57,40.11
72.9200,-0.112576,-0.040246,0,66.57,40.11
72.9280,-0.116972,-0.045751,0,66.57,40.11
72.9360,-0.122833,-0.048870,0,66.57,40.11
72.9440,-0.123321,-0.048830,0,66.57,40.11
72.9520,-0.117949,-0.045601,0,66.57,40.11
72.9600,-0.112088,-0.040055,0,66.57,40.11
72.9680,-0.101832,-0.033663,0,66.57,40.11
72.9760,-0.097924,-0.027891,0,66.57,40.11
72.9840,-0.093529,-0.023640,0,66.57,40.11
72.9920,-0.092063,-0.021018,0,66.57,40.11
73.0000,-0.092063,-0.019429,0,66.57,40.11
73.0080,-0.093529,-0.007544,0,66.57,40.11
73.0160,-0.096947,-0.009381,0,66.57,40.11
73.0240,-0.097924,-0.011652,0,66.57,40.11
73.0320,-0.099878,-0.013985,0,66.57,40.11
73.0400,-0.101343,-0.016098,0,66.57,40.11
73.0480,-0.102808,-0.017611,0,66.57,40.11
73.0560,-0.105739,-0.017983,0,66.57,40.11
73.0640,-0.105739,-0.016744,0,66.57,40.11
73.0720,-0.101343,-0.013971,0,66.57,40.11
73.0800,-0.094017,-0.010510,0,66.57,40.11
73.0880,-0.088645,-0.007572,0,66.57,40.11
73.0960,-0.087668,-0.005915,0,66.57,40.11
73.1040,-0.090110,-0.005303,0,66.57,40.11
73.1120,-0.092552,-0.019761,0,66.57,40.11
73.1200,-0.098413,-0.021864,0,66.57,40.11
73.1280,-0.096459,-0.022667,0,66.57,40.11
73.1360,-0.092063,-0.022009,0,66.57,40.11
73.1440,-0.085714,-0.020523,0,66.57,40.11
73.1520,-0.085226,-0.018939,0,66.57,40.11
73.1600,-0.083761,-0.017537,0,66.57,40.11
73.1680,-0.082784,-0.016207,0,66.57,40.11
73.1760,-0.078388,-0.014861,0,66.57,40.11
73.1840,-0.073504,-0.013607,0,66.57,40.11
73.1920,-0.074481,-0.012538,0,66.57,40.11
73.2000,-0.072527,-0.011566,0,66.57,40.11
73.2080,-0.069109,-0.010588,0,66.57,40.11
73.2160,-0.069597,0.009314,0,66.57,40.11
73.2240,-0.069109,0.006658,0,66.57,40.11
73.2320,-0.072527,0.002265,0,66.57,40.11
73.2400,-0.078877,-0.003049,0,66.57,40.11
73.2480,-0.085714,-0.007888,0,66.57,40.11
73.2560,-0.086203,-0.010887,0,66.57,40.11
73.2640,-0.086203,-0.011333,0,66.57,40.11
73.2720,-0.082295,-0.009393,0,66.57,40.11
73.2800,-0.076435,-0.005994,0,66.57,40.11
73.2880,-0.070574,-0.002433,0,66.57,40.11
73.2960,-0.066667,0.000198,0,66.57,40.11
73.3040,-0.066667,0.001503,0,66.57,40.11
73.3120,-0.066667,0.001895,0,66.57,40.11
73.3200,-0.068620,0.030827,0,66.57,40.11
73.3280,-0.071062,0.028317,0,66.57,40.11
73.3360,-0.076435,0.025274,0,66.57,40.11
73.3440,-0.080342,0.022392,0,66.57,40.11
73.3520,-0.081807,0.020076,0,66.57,40.11
73.3600,-0.083272,0.018295,0,66.57,40.11
73.3680,-0.084737,0.016699,0,66.57,40.11
73.3760,-0.085226,0.014898,0,66.57,40.11
73.3840,-0.087179,0.012780,0,66.57,40.11
73.3920,-0.093529,0.010777,0,66.57,40.11
73.4000,-0.098413,0.009701,0,66.57,40.11
73.4080,-0.097436,0.010067,0,66.57,40.11
73.4160,-0.094017,0.011528,0,66.57,40.11
73.4240,-0.088645,-0.014018,0,66.57,40.11
73.4320,-0.084249,-0.011238,0,66.57,40.11
73.4400,-0.081319,-0.009530,0,66.57,40.11
73.4480,-0.082784,-0.009401,0,66.57,40.11
73.4560,-0.084249,-0.010741,0,66.57,40.11
73.4640,-0.085714,-0.013033,0,66.57,40.11
73.4720,-0.088645,-0.015583,0,66.57,40.11
73.4800,-0.090598,-0.017650,0,66.57,40.11
73.4880,-0.090598,-0.018554,0,66.57,40.11
73.4960,-0.090598,-0.017746,0,66.57,40.11
73.5040,-0.089133,-0.014889,0,66.57,40.11
73.5120,-0.084249,-0.010073,0,66.57,40.11
73.5200,-0.075946,-0.004029,0,66.57,40.11
73.5280,-0.071551,0.015079,0,66.57,40.11
73.5360,-0.070085,0.017984,0,66.57,40.11
73.5440,-0.070085,0.019623,0,66.57,40.11
73.5520,-0.070085,0.020125,0,66.57,40.11
73.5600,-0.070085,0.019696,0,66.57,40.11
73.5680,-0.072039,0.018531,0,66.57,40.11
73.5760,-0.074969,0.016877,0,66.57,40.11
73.5840,-0.078388,0.015050,0,66.57,40.11
73.5920,-0.082295,0.013363,0,66.57,40.11
73.6000,-0.084249,0.011994,0,66.57,40.11
73.6080,-0.085714,0.010918,0,66.57,40.11
73.6160,-0.087668,0.009988,0,66.57,40.11
73.6240,-0.090598,0.009091,0,66.57,40.11
73.6320,-0.090110,-0.012122,0,66.57,40.11
73.6400,-0.089133,-0.012603,0,66.57,40.11
73.6480,-0.088645,-0.012951,0,66.57,40.11
73.6560,-0.091087,-0.013054,0,66.57,40.11
73.6640,-0.091575,-0.012571,0,66.57,40.11
73.6720,-0.088156,-0.011280,0,66.57,40.11
73.6800,-0.085714,-0.009306,0,66.57,40.11
73.6880,-0.084249,-0.007060,0,66.57,40.11
73.6960,-0.078877,-0.005100,0,66.57,40.11
73.7040,-0.077411,-0.003956,0,66.57,40.11
73.7120,-0.077411,-0.003868,0,66.57,40.11
73.7200,-0.078388,-0.004677,0,66.57,40.11
73.7280,-0.078877,-0.005976,0,66.57,40.11
73.7360,-0.078388,-0.030015,0,66.57,40.11
73.7440,-0.075458,-0.028798,0,66.57,40.11
73.7520,-0.070085,-0.026288,0,66.57,40.11
73.7600,-0.064225,-0.023011,0,66.57,40.11
73.7680,-0.059829,-0.019590,0,66.57,40.11
73.7760,-0.054945,-0.016485,0,66.57,40.11
73.7840,-0.052503,-0.013940,0,66.57,40.11
73.7920,-0.047131,-0.012109,0,66.57,40.11
73.8000,-0.043223,-0.011121,0,66.57,40.11
73.8080,-0.042247,-0.010944,0,66.57,40.11
73.8160,-0.041270,-0.011254,0,66.57,40.11
73.8240,-0.043223,-0.011594,0,66.57,40.11
73.8320,-0.038339,-0.011765,0,66.57,40.11
73.8400,-0.030037,0.021629,0,66.57,40.11
73.8480,-0.014896,0.036248,0,66.57,40.11
73.8560,0.006593,0.054011,0,66.57,40.11
73.8640,0.027106,0.072152,0,66.57,40.11
73.8720,0.044200,0.087558,0,66.57,40.11
73.8800,0.053968,0.097707,0,66.57,40.11
73.8880,0.056410,0.101207,0,66.57,40.11
73.8960,0.054945,0.097842,0,66.57,40.11
73.9040,0.046154,0.088422,0,66.57,40.11
73.9120,0.031013,0.074613,0,66.57,40.11
73.9200,0.013431,0.058552,0,66.57,40.11
73.9280,-0.004151,0.042072,0,66.57,40.11
73.9360,-0.012454,0.025910,0,66.57,40.11
73.9440,-0.016361,0.090389,0,66.57,40.11
73.9520,-0.012454,0.092891,0,66.57,40.11
73.9600,-0.007570,0.097174,0,66.57,40.11
73.9680,-0.005128,0.100223,0,66.57,40.11
73.9760,-0.007570,0.099567,0,66.57,40.11
73.9840,-0.014896,0.094075,0,66.57,40.11
73.9920,-0.030037,0.084281,0,66.57,40.11
74.0000,-0.047619,0.072176,0,66.57,40.11
74.0080,-0.063248,0.060421,0,66.57,40.11
74.0160,-0.076435,0.051357,0,66.57,40.11
74.0240,-0.082784,0.046219,0,66.57,40.11
74.0320,-0.085714,0.044804,0,66.57,40.11
74.0400,-0.085714,0.045648,0,66.57,40.11
74.0480,-0.089133,-0.015225,0,66.57,40.11
74.0560,-0.092552,-0.016153,0,66.57,40.11
74.0640,-0.094505,-0.017049,0,66.57,40.11
74.0720,-0.095971,-0.017960,0,66.57,40.11
74.0800,-0.097924,-0.018830,0,66.57,40.11
74.0880,-0.100855,-0.019486,0,66.57,40.11
74.0960,-0.102320,-0.019668,0,66.57,40.11
74.1040,-0.104274,-0.019161,0,66.57,40.11
74.1120,-0.103785,-0.017932,0,66.57,40.11
74.1200,-0.102808,-0.016161,0,66.57,40.11
74.1280,-0.102808,-0.014125,0,66.57,40.11
74.1360,-0.102320,-0.012027,0,66.57,40.11
74.1440,-0.102808,-0.009933,0,66.57,40.11
74.1520,-0.104274,-0.046011,0,66.57,40.11
74.1600,-0.107692,-0.047320,0,66.57,40.11
74.1680,-0.110623,-0.048413,0,66.57,40.11
74.1760,-0.112576,-0.048681,0,66.57,40.11
74.1840,-0.115507,-0.047596,0,66.57,40.11
74.1920,-0.114530,-0.044881,0,66.57,40.11
74.2000,-0.114042,-0.040677,0,66.57,40.11
74.2080,-0.109646,-0.035623,0,66.57,40.11
74.2160,-0.104274,-0.030695,0,66.57,40.11
74.2240,-0.105739,-0.026801,0,66.57,40.11
74.2320,-0.102320,-0.024448,0,66.57,40.11
74.2400,-0.103297,-0.023640,0,66.57,40.11
74.2480,-0.106716,-0.023828,0,66.57,40.11
74.2560,-0.107204,0.057692,0,66.57,40.11
74.2640,-0.108669,0.063800,0,66.57,40.11
74.2720,-0.102808,0.071617,0,66.57,40.11
74.2800,-0.099389,0.080249,0,66.57,40.11
74.2880,-0.094017,0.088080,0,66.57,40.11
74.2960,-0.094017,0.093299,0,66.57,40.11
74.3040,-0.095971,0.094427,0,66.57,40.11
74.3120,-0.103785,0.090724,0,66.57,40.11
74.3200,-0.116972,0.082441,0,66.57,40.11
74.3280,-0.134066,0.070810,0,66.57,40.11
74.3360,-0.155067,0.057634,0,66.57,40.11
74.3440,-0.173626,0.044480,0,66.57,40.11
74.3520,-0.184371,0.031876,0,66.57,40.11
74.3600,-0.180464,-0.963788,0,66.57,40.11
74.3680,-0.162882,-0.988890,0,66.57,40.11
74.3760,-0.127228,-1.000000,0,66.57,40.11
74.3840,-0.072527,-0.995439,0,66.57,40.11
74.3920,-0.006105,-0.973579,0,66.57,40.11
74.4000,0.085226,-0.932982,0,66.57,40.11
74.4080,0.195604,-0.873349,0,66.57,40.11
74.4160,0.329915,-0.796943,0,66.57,40.11
74.4240,0.480342,-0.709836,0,66.57,40.11
74.4320,0.640537,-0.622253,0,66.57,40.11
74.4400,0.821245,-0.546792,0,66.57,40.11
74.4480,1.000000,-0.492349,0,66.57,40.11
74.4560,1.000000,-0.455376,0,66.57,40.11
74.4640,1.000000,1.000000,1,66.57,40.11
74.4720,1.000000,0.979264,1,66.57,40.11
74.4800,0.867643,0.917127,0,66.57,40.11
74.4880,0.653236,0.821943,0,66.57,40.11
74.4960,0.452991,0.707873,0,66.57,40.11
74.5040,0.249817,0.590551,0,66.57,40.11
74.5120,0.070574,0.483781,0,66.57,40.11
74.5200,-0.097924,0.398780,0,66.57,40.11
74.5280,-0.217094,0.343953,0,66.57,40.11
74.5360,-0.284005,0.323856,0,66.57,40.11
74.5440,-0.296215,0.337822,0,66.57,40.11
74.5520,-0.262027,0.379273,0,66.57,40.11
74.5600,-0.198046,0.436319,0,66.57,40.11
74.5680,-0.131624,-0.053219,0,66.57,40.11
74.5760,-0.076923,0.002003,0,66.57,40.11
74.5840,-0.042247,0.042039,0,66.57,40.11
74.5920,-0.031990,0.063347,0,66.57,40.11
74.6000,-0.039316,0.067534,0,66.57,40.11
74.6080,-0.055922,0.059407,0,66.57,40.11
74.6160,-0.075458,0.044787,0,66.57,40.11
74.6240,-0.095971,0.028961,0,66.57,40.11
74.6320,-0.114530,0.015909,0,66.57,40.11
74.6400,-0.124786,0.007937,0,66.57,40.11
74.6480,-0.127228,0.005541,0,66.57,40.11
74.6560,-0.125275,0.007663,0,66.57,40.11
74.6640,-0.121856,0.012271,0,66.57,40.11
74.6720,-0.117460,-0.192848,0,66.57,40.11
74.6800,-0.116972,-0.194877,0,66.57,40.11
74.6880,-0.116484,-0.197114,0,66.57,40.11
74.6960,-0.115018,-0.199122,0,66.57,40.11
74.7040,-0.116484,-0.200125,0,66.57,40.11
74.7120,-0.117460,-0.199201,0,66.57,40.11
74.7200,-0.117949,-0.195457,0,66.57,40.11
74.7280,-0.119414,-0.188170,0,66.57,40.11
74.7360,-0.121368,-0.176875,0,66.57,40.11
74.7440,-0.123321,-0.161472,0,66.57,40.11
74.7520,-0.126740,-0.142330,0,66.57,40.11
74.7600,-0.129182,-0.120314,0,66.57,40.11
74.7680,-0.129670,-0.096732,0,66.57,40.11
74.7760,-0.130647,-0.065226,0,66.57,40.11
74.7840,-0.133578,-0.049172,0,66.57,40.11
74.7920,-0.135043,-0.035777,0,66.57,40.11
74.8000,-0.136996,-0.025649,0,66.57,40.11
74.8080,-0.136020,-0.019013,0,66.57,40.11
74.8160,-0.136020,-0.015722,0,66.57,40.11
74.8240,-0.137485,-0.015182,0,66.57,40.11
74.8320,-0.135043,-0.016417,0,66.57,40.11
74.8400,-0.132601,-0.018297,0,66.57,40.11
74.8480,-0.131136,-0.019749,0,66.57,40.11
74.8560,-0.126252,-0.020024,0,66.57,40.11
74.8640,-0.121856,-0.018961,0,66.57,40.11
74.8720,-0.116972,-0.017054,0,66.57,40.11
74.8800,-0.110623,-0.024212,0,66.57,40.11
74.8880,-0.110134,-0.023763,0,66.57,40.11
74.8960,-0.114530,-0.024667,0,66.57,40.11
74.9040,-0.117949,-0.026019,0,66.57,40.11
74.9120,-0.119902,-0.026500,0,66.57,40.11
74.9200,-0.118926,-0.025089,0,66.57,40.11
74.9280,-0.114530,-0.021603,0,66.57,40.11
74.9360,-0.104274,-0.016891,0,66.57,40.11
74.9440,-0.094994,-0.012435,0,66.57,40.11
74.9520,-0.092552,-0.009494,0,66.57,40.11
74.9600,-0.092063,-0.008469,0,66.57,40.11
74.9680,-0.091087,-0.008985,0,66.57,40.11
74.9760,-0.090598,-0.010322,0,66.57,40.11
74.9840,-0.092063,-0.002309,0,66.57,40.11
74.9920,-0.094505,-0.005506,0,66.57,40.11
75.0000,-0.097924,-0.008285,0,66.57,40.11
75.0080,-0.098413,-0.009882,0,66.57,40.11
75.0160,-0.096947,-0.009905,0,66.57,40.11
75.0240,-0.093040,-0.008500,0,66.57,40.11
75.0320,-0.088156,-0.006230,0,66.57,40.11
75.0400,-0.085714,-0.003803,0,66.57,40.11
75.0480,-0.080830,-0.001853,0,66.57,40.11
75.0560,-0.077411,-0.000826,0,66.57,40.11
75.0640,-0.076923,-0.000841,0,66.57,40.11
75.0720,-0.077411,-0.001650,0,66.57,40.11
75.0800,-0.075458,-0.002849,0,66.57,40.11
75.0880,-0.073016,0.021995,0,66.57,40.11
75.0960,-0.071551,0.023206,0,66.57,40.11
75.1040,-0.069109,0.024672,0,66.57,40.11
75.1120,-0.065201,0.026115,0,66.57,40.11
75.1200,-0.062759,0.027198,0,66.57,40.11
75.1280,-0.062759,0.027713,0,66.57,40.11
75.1360,-0.062271,0.027605,0,66.57,40.11
75.1440,-0.059829,0.026819,0,66.57,40.11
75.1520,-0.061294,0.025258,0,66.57,40.11
75.1600,-0.062271,0.022895,0,66.57,40.11
75.1680,-0.064225,0.019828,0,66.57,40.11
75.1760,-0.067643,0.016266,0,66.57,40.11
75.1840,-0.070085,0.012457,0,66.57,40.11
75.1920,-0.074481,-0.002740,0,66.57,40.11
75.2000,-0.075458,-0.005156,0,66.57,40.11
75.2080,-0.074481,-0.006250,0,66.57,40.11
75.2160,-0.072527,-0.006195,0,66.57,40.11
75.2240,-0.070085,-0.005449,0,66.57,40.11
75.2320,-0.066667,-0.004561,0,66.57,40.11
75.2400,-0.065201,-0.003967,0,66.57,40.11
75.2480,-0.064225,-0.003834,0,66.57,40.11
75.2560,-0.063736,-0.004028,0,66.57,40.11
75.2640,-0.063736,-0.004219,0,66.57,40.11
75.2720,-0.062759,-0.004074,0,66.57,40.11
75.2800,-0.060806,-0.003445,0,66.57,40.11
75.2880,-0.057875,-0.002473,0,66.57,40.11
75.2960,-0.057387,-0.007642,0,66.57,40.11
75.3040,-0.059341,-0.008850,0,66.57,40.11
75.3120,-0.059829,-0.010752,0,66.57,40.11
75.3200,-0.058852,-0.013503,0,66.57,40.11
75.3280,-0.058852,-0.017331,0,66.57,40.11
75.3360,-0.062271,-0.022090,0,66.57,40.11
75.3440,-0.069109,-0.026870,0,66.57,40.11
75.3520,-0.073016,-0.030160,0,66.57,40.11
75.3600,-0.073016,-0.030550,0,66.57,40.11
75.3680,-0.067643,-0.027438,0,66.57,40.11
75.3760,-0.056899,-0.021272,0,66.57,40.11
75.3840,-0.045177,-0.013187,0,66.57,40.11
75.3920,-0.038339,-0.004316,0,66.57,40.11
75.4000,-0.034921,0.032015,0,66.57,40.11
75.4080,-0.037851,0.031974,0,66.57,40.11
75.4160,-0.042247,0.029053,0,66.57,40.11
75.4240,-0.049573,0.024509,0,66.57,40.11
75.4320,-0.052991,0.019523,0,66.57,40.11
75.4400,-0.055922,0.014866,0,66.57,40.11
75.4480,-0.062759,0.010986,0,66.57,40.11
75.4560,-0.063736,0.008209,0,66.57,40.11
75.4640,-0.067155,0.006784,0,66.57,40.11
75.4720,-0.068620,0.006839,0,66.57,40.11
75.4800,-0.065690,0.008264,0,66.57,40.11
75.4880,-0.063248,0.010670,0,66.57,40.11
75.4960,-0.061294,0.013554,0,66.57,40.11
75.5040,-0.062759,0.044539,0,66.57,40.11
75.5120,-0.068132,0.043535,0,66.57,40.11
75.5200,-0.071062,0.041578,0,66.57,40.11
75.5280,-0.076923,0.039472,0,66.57,40.11
75.5360,-0.079853,0.037900,0,66.57,40.11
75.5440,-0.083272,0.037168,0,66.57,40.11
75.5520,-0.084737,0.037075,0,66.57,40.11
75.5600,-0.085714,0.036950,0,66.57,40.11
75.5680,-0.086691,0.035917,0,66.57,40.11
75.5760,-0.092552,0.033360,0,66.57,40.11
75.5840,-0.101343,0.029247,0,66.57,40.11
75.5920,-0.108669,0.024029,0,66.57,40.11
75.6000,-0.116484,0.018297,0,66.57,40.11
75.6080,-0.122344,-0.002604,0,66.57,40.11
75.6160,-0.121856,-0.001112,0,66.57,40.11
75.6240,-0.117460,0.003151,0,66.57,40.11
75.6320,-0.112576,0.008703,0,66.57,40.11
75.6400,-0.106716,0.013591,0,66.57,40.11
75.6480,-0.105739,0.016149,0,66.57,40.11
75.6560,-0.108669,0.015642,0,66.57,40.11
75.6640,-0.115995,0.012513,0,66.57,40.11
75.6720,-0.123810,0.008081,0,66.57,40.11
75.6800,-0.131624,0.003908,0,66.57,40.11
75.6880,-0.136508,0.001134,0,66.57,40.11
75.6960,-0.139927,0.000070,0,66.57,40.11
75.7040,-0.140904,0.000154,0,66.57,40.11
75.7120,-0.133089,-0.015974,0,66.57,40.11
75.7200,-0.122833,-0.006248,0,66.57,40.11
75.7280,-0.110623,0.003610,0,66.57,40.11
75.7360,-0.106716,0.011460,0,66.57,40.11
75.7440,-0.103785,0.015999,0,66.57,40.11
75.7520,-0.105739,0.016922,0,66.57,40.11
75.7600,-0.108669,0.014725,0,66.57,40.11
75.7680,-0.115507,0.010479,0,66.57,40.11
75.7760,-0.122344,0.005613,0,66.57,40.11
75.7840,-0.129670,0.001612,0,66.57,40.11
75.7920,-0.133578,-0.000399,0,66.57,40.11
75.8000,-0.136996,-0.000089,0,66.57,40.11
75.8080,-0.132601,0.001798,0,66.57,40.11
75.8160,-0.128205,-0.031452,0,66.57,40.11
75.8240,-0.120391,-0.025392,0,66.57,40.11
75.8320,-0.113553,-0.019614,0,66.57,40.11
75.8400,-0.108669,-0.015536,0,66.57,40.11
75.8480,-0.106716,-0.013971,0,66.57,40.11
75.8560,-0.107692,-0.014870,0,66.57,40.11
75.8640,-0.112088,-0.017301,0,66.57,40.11
75.8720,-0.116484,-0.019793,0,66.57,40.11
75.8800,-0.116972,-0.020943,0,66.57,40.11
75.8880,-0.115995,-0.020005,0,66.57,40.11
75.8960,-0.107692,-0.017106,0,66.57,40.11
75.9040,-0.102808,-0.012956,0,66.57,40.11
75.9120,-0.098413,-0.008298,0,66.57,40.11
75.9200,-0.096459,0.009172,0,66.57,40.11
75.9280,-0.100366,0.006858,0,66.57,40.11
75.9360,-0.106227,0.002738,0,66.57,40.11
75.9440,-0.111111,-0.001721,0,66.57,40.11
75.9520,-0.116972,-0.005018,0,66.57,40.11
75.9600,-0.116972,-0.006228,0,66.57,40.11
75.9680,-0.114042,-0.005379,0,66.57,40.11
75.9760,-0.107692,-0.003329,0,66.57,40.11
75.9840,-0.106227,-0.001152,0,66.57,40.11
75.9920,-0.104762,0.000465,0,66.57,40.11
76.0000,-0.103785,0.001341,0,66.57,40.11
76.0080,-0.101343,0.001598,0,66.57,40.11
76.0160,-0.101343,0.001499,0,66.57,40.11
76.0240,-0.099389,0.001020,0,66.57,40.11
76.0320,-0.094994,0.003140,0,66.57,40.11
76.0400,-0.090110,0.004871,0,66.57,40.11
76.0480,-0.087668,0.005493,0,66.57,40.11
76.0560,-0.092063,0.004864,0,66.57,40.11
76.0640,-0.093529,0.003527,0,66.57,40.11
76.0720,-0.095482,0.002243,0,66.57,40.11
76.0800,-0.093529,0.001458,0,66.57,40.11
76.0880,-0.091087,0.001169,0,66.57,40.11
76.0960,-0.090110,0.001193,0,66.57,40.11
76.1040,-0.090110,0.001489,0,66.57,40.11
76.1120,-0.090110,0.002158,0,66.57,40.11
76.1200,-0.085714,0.003149,0,66.57,40.11
76.1280,-0.078388,0.020775,0,66.57,40.11
76.1360,-0.072039,0.024693,0,66.57,40.11
76.1440,-0.070085,0.026871,0,66.57,40.11
76.1520,-0.070085,0.026619,0,66.57,40.11
76.1600,-0.074969,0.024059,0,66.57,40.11
76.1680,-0.079365,0.019966,0,66.57,40.11
76.1760,-0.084737,0.015355,0,66.57,40.11
76.1840,-0.085714,0.011136,0,66.57,40.11
76.1920,-0.090110,0.008037,0,66.57,40.11
76.2000,-0.093040,0.006673,0,66.57,40.11
76.2080,-0.092552,0.007378,0,66.57,40.11
76.2160,-0.088156,0.009934,0,66.57,40.11
76.2240,-0.084737,0.013562,0,66.57,40.11
76.2320,-0.082295,0.021530,0,66.57,40.11
76.2400,-0.083272,0.022274,0,66.57,40.11
76.2480,-0.085226,0.021848,0,66.57,40.11
76.2560,-0.088645,0.020798,0,66.57,40.11
76.2640,-0.087668,0.019686,0,66.57,40.11
76.2720,-0.090110,0.018788,0,66.57,40.11
76.2800,-0.088645,0.018097,0,66.57,40.11
76.2880,-0.091087,0.017473,0,66.57,40.11
76.2960,-0.093040,0.016777,0,66.57,40.11
76.3040,-0.093040,0.015840,0,66.57,40.11
76.3120,-0.094505,0.014426,0,66.57,40.11
76.3200,-0.095971,0.012390,0,66.57,40.11
76.3280,-0.100855,0.009896,0,66.57,40.11
76.3360,-0.107692,-0.040885,0,66.57,40.11
76.3440,-0.110623,-0.042457,0,66.57,40.11
76.3520,-0.105739,-0.041033,0,66.57,40.11
76.3600,-0.098413,-0.037208,0,66.57,40.11
76.3680,-0.088645,-0.032536,0,66.57,40.11
76.3760,-0.082295,-0.028634,0,66.57,40.11
76.3840,-0.080342,-0.026285,0,66.57,40.11
76.3920,-0.083272,-0.025142,0,66.57,40.11
76.4000,-0.081319,-0.024293,0,66.57,40.11
76.4080,-0.076923,-0.023147,0,66.57,40.11
76.4160,-0.070574,-0.021789,0,66.57,40.11
76.4240,-0.068620,-0.020591,0,66.57,40.11
76.4320,-0.068132,-0.019661,0,66.57,40.11
76.4400,-0.065690,0.005808,0,66.57,40.11
76.4480,-0.067643,0.004700,0,66.57,40.11
76.4560,-0.070085,0.002483,0,66.57,40.11
76.4640,-0.073016,-0.000333,0,66.57,40.11
76.4720,-0.075458,-0.003085,0,66.57,40.11
76.4800,-0.078877,-0.005147,0,66.57,40.11
76.4880,-0.077900,-0.006118,0,66.57,40.11
76.4960,-0.076923,-0.005961,0,66.57,40.11
76.5040,-0.075458,-0.004937,0,66.57,40.11
76.5120,-0.071551,-0.003440,0,66.57,40.11
76.5200,-0.070085,-0.001792,0,66.57,40.11
76.5280,-0.070085,-0.000109,0,66.57,40.11
76.5360,-0.066667,0.001607,0,66.57,40.11
76.5440,-0.067643,-0.029028,0,66.57,40.11
76.5520,-0.069109,-0.031428,0,66.57,40.11
76.5600,-0.070085,-0.033467,0,66.57,40.11
76.5680,-0.070085,-0.034190,0,66.57,40.11
76.5760,-0.068132,-0.032889,0,66.57,40.11
76.5840,-0.061294,-0.029479,0,66.57,40.11
76.5920,-0.053480,-0.024652,0,66.57,40.11
76.6000,-0.043223,-0.019634,0,66.57,40.11
76.6080,-0.037851,-0.015634,0,66.57,40.11
76.6160,-0.034432,-0.013349,0,66.57,40.11
76.6240,-0.031502,-0.012844,0,66.57,40.11
76.6320,-0.030525,-0.013726,0,66.57,40.11
76.6400,-0.029060,-0.015362,0,66.57,40.11
76.6480,-0.026618,-0.031656,0,66.57,40.11
76.6560,-0.025641,-0.032918,0,66.57,40.11
76.6640,-0.023199,-0.031585,0,66.57,40.11
76.6720,-0.016850,-0.026293,0,66.57,40.11
76.6800,-0.007082,-0.016471,0,66.57,40.11
76.6880,0.012454,-0.003085,0,66.57,40.11
76.6960,0.035897,0.011179,0,66.57,40.11
76.7040,0.052991,0.022737,0,66.57,40.11
76.7120,0.061294,0.028497,0,66.57,40.11
76.7200,0.062271,0.026860,0,66.57,40.11
76.7280,0.054945,0.017942,0,66.57,40.11
76.7360,0.044200,0.003306,0,66.57,40.11
76.7440,0.028571,-0.014478,0,66.57,40.11
76.7520,0.015385,0.118361,0,66.57,40.11
76.7600,0.007082,0.110693,0,66.57,40.11
76.7680,-0.002198,0.105860,0,66.57,40.11
76.7760,-0.004640,0.103506,0,66.57,40.11
76.7840,-0.006593,0.102354,0,66.57,40.11
76.7920,-0.009035,0.100721,0,66.57,40.11
76.8000,-0.015873,0.097208,0,66.57,40.11
76.8080,-0.024176,0.091212,0,66.57,40.11
76.8160,-0.037851,0.083079,0,66.57,40.11
76.8240,-0.052015,0.073851,0,66.57,40.11
76.8320,-0.064225,0.064697,0,66.57,40.11
76.8400,-0.076435,0.056326,0,66.57,40.11
76.8480,-0.084249,0.048692,0,66.57,40.11
76.8560,-0.086691,-0.021717,0,66.57,40.11
76.8640,-0.088156,-0.024494,0,66.57,40.11
76.8720,-0.090110,-0.026747,0,66.57,40.11
76.8800,-0.094017,-0.029343,0,66.57,40.11
76.8880,-0.098413,-0.032517,0,66.57,40.11
76.8960,-0.102320,-0.035867,0,66.57,40.11
76.9040,-0.108669,-0.038519,0,66.57,40.11
76.9120,-0.111600,-0.039443,0,66.57,40.11
76.9200,-0.112088,-0.037912,0,66.57,40.11
76.9280,-0.107692,-0.033876,0,66.57,40.11
76.9360,-0.101343,-0.027948,0,66.57,40.11
76.9440,-0.095482,-0.021000,0,66.57,40.11
76.9520,-0.092063,-0.013690,0,66.57,40.11
76.9600,-0.091087,-0.029935,0,66.57,40.11
76.9680,-0.093040,-0.030836,0,66.57,40.11
76.9760,-0.098413,-0.033885,0,66.57,40.11
76.9840,-0.103297,-0.038045,0,66.57,40.11
76.9920,-0.111600,-0.041976,0,66.57,40.11
77.0000,-0.116972,-0.044428,0,66.57,40.11
77.0080,-0.118926,-0.044695,0,66.57,40.11
77.0160,-0.117949,-0.042817,0,66.57,40.11
77.0240,-0.116484,-0.039328,0,66.57,40.11
77.0320,-0.116484,-0.034766,0,66.57,40.11
77.0400,-0.115995,-0.029401,0,66.57,40.11
77.0480,-0.112576,-0.023366,0,66.57,40.11
77.0560,-0.108181,-0.016914,0,66.57,40.11
77.0640,-0.103785,0.019525,0,66.57,40.11
77.0720,-0.098901,0.026962,0,66.57,40.11
77.0800,-0.094017,0.033337,0,66.57,40.11
77.0880,-0.093040,0.038157,0,66.57,40.11
77.0960,-0.093529,0.041399,0,66.57,40.11
77.1040,-0.096947,0.043533,0,66.57,40.11
77.1120,-0.100855,0.045176,0,66.57,40.11
77.1200,-0.102808,0.046510,0,66.57,40.11
77.1280,-0.101832,0.046808,0,66.57,40.11
77.1360,-0.102808,0.044582,0,66.57,40.11
77.1440,-0.108669,0.038431,0,66.57,40.11
77.1520,-0.122344,0.028117,0,66.57,40.11
77.1600,-0.141880,0.015104,0,66.57,40.11
77.1680,-0.166300,-0.800505,0,66.57,40.11
77.1760,-0.190232,-0.852336,0,66.57,40.11
77.1840,-0.202442,-0.897229,0,66.57,40.11
77.1920,-0.196581,-0.930881,0,66.57,40.11
77.2000,-0.179487,-0.950262,0,66.57,40.11
77.2080,-0.143346,-0.953191,0,66.57,40.11
77.2160,-0.091575,-0.937648,0,66.57,40.11
77.2240,-0.023199,-0.901421,0,66.57,40.11
77.2320,0.070085,-0.842516,0,66.57,40.11
77.2400,0.185348,-0.760314,0,66.57,40.11
77.2480,0.331868,-0.656820,0,66.57,40.11
77.2560,0.491575,-0.537166,0,66.57,40.11
77.2640,0.661538,-0.409045,0,66.57,40.11
77.2720,0.861294,0.840788,0,66.57,40.11
77.2800,1.000000,0.925866,0,66.57,40.11
77.2880,1.000000,0.980431,0,66.57,40.11
77.2960,1.000000,1.000000,1,66.57,40.11
77.3040,1.000000,0.983139,1,66.57,40.11
77.3120,0.850549,0.931880,0,66.57,40.11
77.3200,0.633700,0.854156,0,66.57,40.11
77.3280,0.431990,0.762926,0,66.57,40.11
77.3360,0.232234,0.672045,0,66.57,40.11
77.3440,0.040781,0.592884,0,66.57,40.11
77.3520,-0.121856,0.532342,0,66.57,40.11
77.3600,-0.233211,0.490953,0,66.57,40.11
77.3680,-0.290354,0.461910,0,66.57,40.11
77.3760,-0.294261,-0.207324,0,66.57,40.11
77.3840,-0.258120,-0.177744,0,66.57,40.11
77.3920,-0.195116,-0.126732,0,66.57,40.11
77.4000,-0.132112,-0.070068,0,66.57,40.11
77.4080,-0.082295,-0.021121,0,66.57,40.11
77.4160,-0.054457,0.011785,0,66.57,40.11
77.4240,-0.049573,0.026132,0,66.57,40.11
77.4320,-0.059341,0.024176,0,66.57,40.11
77.4400,-0.079853,0.010879,0,66.57,40.11
77.4480,-0.102808,-0.008242,0,66.57,40.11
77.4560,-0.126252,-0.028728,0,66.57,40.11
77.4640,-0.147741,-0.048098,0,66.57,40.11
77.4720,-0.158974,-0.066080,0,66.57,40.11
77.4800,-0.160928,-0.153360,0,66.57,40.11
77.4880,-0.156044,-0.154591,0,66.57,40.11
77.4960,-0.148230,-0.152541,0,66.57,40.11
77.5040,-0.140904,-0.149789,0,66.57,40.11
77.5120,-0.135531,-0.148192,0,66.57,40.11
77.5200,-0.135531,-0.148263,0,66.57,40.11
77.5280,-0.139438,-0.149045,0,66.57,40.11
77.5360,-0.141880,-0.148559,0,66.57,40.11
77.5440,-0.143346,-0.144586,0,66.57,40.11
77.5520,-0.143346,-0.135394,0,66.57,40.11
77.5600,-0.140904,-0.120269,0,66.57,40.11
77.5680,-0.136996,-0.099888,0,66.57,40.11
77.5760,-0.132601,-0.076373,0,66.57,40.11
77.5840,-0.129670,-0.147994,0,66.57,40.11
77.5920,-0.131136,-0.128447,0,66.57,40.11
77.6000,-0.130159,-0.108725,0,66.57,40.11
77.6080,-0.131624,-0.089633,0,66.57,40.11
77.6160,-0.130159,-0.072159,0,66.57,40.11
77.6240,-0.127228,-0.057488,0,66.57,40.11
77.6320,-0.124298,-0.046720,0,66.57,40.11
77.6400,-0.124298,-0.040412,0,66.57,40.11
77.6480,-0.125275,-0.038311,0,66.57,40.11
77.6560,-0.125275,-0.039495,0,66.57,40.11
77.6640,-0.122833,-0.042807,0,66.57,40.11
77.6720,-0.121368,-0.047244,0,66.57,40.11
77.6800,-0.116972,-0.052150,0,66.57,40.11
77.6880,-0.116972,-0.026637,0,66.57,40.11
77.6960,-0.119902,-0.030646,0,66.57,40.11
77.7040,-0.123321,-0.033454,0,66.57,40.11
77.7120,-0.123810,-0.034086,0,66.57,40.11
77.7200,-0.120391,-0.032217,0,66.57,40.11
77.7280,-0.114042,-0.028367,0,66.57,40.11
77.7360,-0.108669,-0.023623,0,66.57,40.11
77.7440,-0.102320,-0.019132,0,66.57,40.11
77.7520,-0.098901,-0.015717,0,66.57,40.11
77.7600,-0.094994,-0.013737,0,66.57,40.11
77.7680,-0.092063,-0.013149,0,66.57,40.11
77.7760,-0.090110,-0.013639,0,66.57,40.11
77.7840,-0.088156,-0.014720,0,66.57,40.11
77.7920,-0.086691,0.009307,0,66.57,40.11
77.8000,-0.084249,0.008845,0,66.57,40.11
77.8080,-0.082784,0.007708,0,66.57,40.11
77.8160,-0.083761,0.005832,0,66.57,40.11
77.8240,-0.085226,0.003492,0,66.57,40.11
77.8320,-0.086203,0.001301,0,66.57,40.11
77.8400,-0.088645,0.000001,0,66.57,40.11
77.8480,-0.086691,0.000079,0,66.57,40.11
77.8560,-0.081319,0.001399,0,66.57,40.11
77.8640,-0.075458,0.003219,0,66.57,40.11
77.8720,-0.072039,0.004672,0,66.57,40.11
77.8800,-0.070085,0.005304,0,66.57,40.11
77.8880,-0.070085,0.005292,0,66.57,40.11
77.8960,-0.069109,0.002421,0,66.57,40.11
77.9040,-0.070085,-0.002048,0,66.57,40.11
77.9120,-0.073016,-0.008119,0,66.57,40.11
77.9200,-0.080342,-0.014531,0,66.57,40.11
77.9280,-0.088156,-0.019228,0,66.57,40.11
77.9360,-0.090598,-0.020191,0,66.57,40.11
77.9440,-0.083761,-0.016677,0,66.57,40.11
77.9520,-0.068620,-0.009925,0,66.57,40.11
77.9600,-0.054457,-0.002657,0,66.57,40.11
77.9680,-0.046642,0.002378,0,66.57,40.11
77.9760,-0.046642,0.003735,0,66.57,40.11
77.9840,-0.048596,0.001658,0,66.57,40.11
77.9920,-0.051038,-0.002405,0,66.57,40.11
78.0000,-0.051038,0.018693,0,66.57,40.11
78.0080,-0.054457,0.013913,0,66.57,40.11
78.0160,-0.057387,0.008991,0,66.57,40.11
78.0240,-0.061783,0.004725,0,66.57,40.11
78.0320,-0.064713,0.002037,0,66.57,40.11
78.0400,-0.065690,0.001625,0,66.57,40.11
78.0480,-0.061294,0.003505,0,66.57,40.11
78.0560,-0.054945,0.006815,0,66.57,40.11
78.0640,-0.049084,0.010087,0,66.57,40.11
78.0720,-0.044689,0.011878,0,66.57,40.11
78.0800,-0.045665,0.011396,0,66.57,40.11
78.0880,-0.049573,0.008788,0,66.57,40.11
78.0960,-0.052503,0.004953,0,66.57,40.11
78.1040,-0.052015,0.024245,0,66.57,40.11
78.1120,-0.052015,0.023115,0,66.57,40.11
78.1200,-0.053968,0.022518,0,66.57,40.11
78.1280,-0.054457,0.022495,0,66.57,40.11
78.1360,-0.053968,0.022962,0,66.57,40.11
78.1440,-0.053968,0.023563,0,66.57,40.11
78.1520,-0.049084,0.023694,0,66.57,40.11
78.1600,-0.052015,0.022814,0,66.57,40.11
78.1680,-0.055433,0.020847,0,66.57,40.11
78.1760,-0.059341,0.018201,0,66.57,40.11
78.1840,-0.062759,0.015428,0,66.57,40.11
78.1920,-0.065690,0.012889,0,66.57,40.11
78.2000,-0.067155,0.010607,0,66.57,40.11
78.2080,-0.066667,0.003451,0,66.57,40.11
78.2160,-0.066667,0.002592,0,66.57,40.11
78.2240,-0.070085,0.002662,0,66.57,40.11
78.2320,-0.068620,0.004382,0,66.57,40.11
78.2400,-0.067155,0.008353,0,66.57,40.11
78.2480,-0.059829,0.014459,0,66.57,40.11
78.2560,-0.051038,0.021529,0,66.57,40.11
78.2640,-0.041758,0.027556,0,66.57,40.11
78.2720,-0.039316,0.030434,0,66.57,40.11
78.2800,-0.041270,0.028805,0,66.57,40.11
78.2880,-0.051526,0.022521,0,66.57,40.11
78.2960,-0.061294,0.012546,0,66.57,40.11
78.3040,-0.074969,0.000563,0,66.57,40.11
78.3120,-0.090598,0.005210,0,66.57,40.11
78.3200,-0.102808,-0.005698,0,66.57,40.11
78.3280,-0.111600,-0.013766,0,66.57,40.11
78.3360,-0.116484,-0.018315,0,66.57,40.11
78.3440,-0.117460,-0.019358,0,66.57,40.11
78.3520,-0.117460,-0.017406,0,66.57,40.11
78.3600,-0.115995,-0.013307,0,66.57,40.11
78.3680,-0.110623,-0.008253,0,66.57,40.11
78.3760,-0.106227,-0.003710,0,66.57,40.11
78.3840,-0.104274,-0.001058,0,66.57,40.11
78.3920,-0.105739,-0.001082,0,66.57,40.11
78.4000,-0.111600,-0.003640,0,66.57,40.11
78.4080,-0.118437,-0.007704,0,66.57,40.11
78.4160,-0.125275,-0.006756,0,66.57,40.11
78.4240,-0.129182,-0.008496,0,66.57,40.11
78.4320,-0.129670,-0.008030,0,66.57,40.11
78.4400,-0.128205,-0.005759,0,66.57,40.11
78.4480,-0.125275,-0.002890,0,66.57,40.11
78.4560,-0.121856,-0.000959,0,66.57,40.11
78.4640,-0.123810,-0.001081,0,66.57,40.11
78.4720,-0.130159,-0.003293,0,66.57,40.11
78.4800,-0.138950,-0.006474,0,66.57,40.11
78.4880,-0.145299,-0.008979,0,66.57,40.11
78.4960,-0.146764,-0.009575,0,66.57,40.11
78.5040,-0.145788,-0.008034,0,66.57,40.11
78.5120,-0.143346,-0.005127,0,66.57,40.11
78.5200,-0.138950,-0.024804,0,66.57,40.11
78.5280,-0.136996,-0.022591,0,66.57,40.11
78.5360,-0.136996,-0.021633,0,66.57,40.11
78.5440,-0.141880,-0.021824,0,66.57,40.11
78.5520,-0.141880,-0.022520,0,66.57,40.11
78.5600,-0.145299,-0.022949,0,66.57,40.11
78.5680,-0.146764,-0.022518,0,66.57,40.11
78.5760,-0.146764,-0.021015,0,66.57,40.11
78.5840,-0.143834,-0.018695,0,66.57,40.11
78.5920,-0.143346,-0.016103,0,66.57,40.11
78.6000,-0.141392,-0.013736,0,66.57,40.11
78.6080,-0.141880,-0.011808,0,66.57,40.11
78.6160,-0.141392,-0.010204,0,66.57,40.11
78.6240,-0.138950,-0.007845,0,66.57,40.11
78.6320,-0.135531,-0.005640,0,66.57,40.11
78.6400,-0.134554,-0.003218,0,66.57,40.11
78.6480,-0.133089,-0.000485,0,66.57,40.11
78.6560,-0.132112,0.002524,0,66.57,40.11
78.6640,-0.125763,0.005322,0,66.57,40.11
78.6720,-0.121368,0.007005,0,66.57,40.11
78.6800,-0.121856,0.006849,0,66.57,40.11
78.6880,-0.127228,0.004959,0,66.57,40.11
78.6960,-0.132601,0.002287,0,66.57,40.11
78.7040,-0.136996,0.000024,0,66.57,40.11
78.7120,-0.136996,-0.001160,0,66.57,40.11
78.7200,-0.135043,-0.001483,0,66.57,40.11
78.7280,-0.129670,-0.016262,0,66.57,40.11
78.7360,-0.121368,-0.012687,0,66.57,40.11
78.7440,-0.116972,-0.009345,0,66.57,40.11
78.7520,-0.116972,-0.006723,0,66.57,40.11
78.7600,-0.114042,-0.004728,0,66.57,40.11
78.7680,-0.111600,-0.003073,0,66.57,40.11
78.7760,-0.109646,-0.001621,0,66.57,40.11
78.7840,-0.104274,-0.000480,0,66.57,40.11
78.7920,-0.103297,0.000121,0,66.57,40.11
78.8000,-0.102320,0.000053,0,66.57,40.11
78.8080,-0.101343,-0.000649,0,66.57,40.11
78.8160,-0.100855,-0.001848,0,66.57,40.11
78.8240,-0.101343,-0.003338,0,66.57,40.11
78.8320,-0.104274,0.026656,0,66.57,40.11
78.8400,-0.107204,0.024649,0,66.57,40.11
78.8480,-0.109158,0.022730,0,66.57,40.11
78.8560,-0.110134,0.021127,0,66.57,40.11
78.8640,-0.111111,0.019851,0,66.57,40.11
78.8720,-0.111600,0.018785,0,66.57,40.11
78.8800,-0.113553,0.017790,0,66.57,40.11
78.8880,-0.112576,0.016752,0,66.57,40.11
78.8960,-0.115507,0.015615,0,66.57,40.11
78.9040,-0.115995,0.014402,0,66.57,40.11
78.9120,-0.116972,0.013169,0,66.57,40.11
78.9200,-0.118926,0.011965,0,66.57,40.11
78.9280,-0.119414,0.010806,0,66.57,40.11
78.9360,-0.117949,0.008160,0,66.57,40.11
78.9440,-0.117460,0.010159,0,66.57,40.11
78.9520,-0.111600,0.012958,0,66.57,40.11
78.9600,-0.107692,0.016076,0,66.57,40.11
78.9680,-0.106227,0.019077,0,66.57,40.11
78.9760,-0.104762,0.021708,0,66.57,40.11
78.9840,-0.102320,0.023755,0,66.57,40.11
78.9920,-0.101343,0.024853,0,66.57,40.11
79.0000,-0.099878,0.024488,0,66.57,40.11
79.0080,-0.101343,0.022218,0,66.57,40.11
79.0160,-0.106716,0.017992,0,66.57,40.11
79.0240,-0.116484,0.012287,0,66.57,40.11
79.0320,-0.121368,0.005854,0,66.57,40.11
79.0400,-0.125763,-0.022120,0,66.57,40.11
79.0480,-0.126252,-0.023403,0,66.57,40.11
79.0560,-0.123810,-0.021217,0,66.57,40.11
79.0640,-0.116972,-0.015871,0,66.57,40.11
79.0720,-0.109158,-0.008363,0,66.57,40.11
79.0800,-0.098901,-0.000218,0,66.57,40.11
79.0880,-0.089133,0.006828,0,66.57,40.11
79.0960,-0.085226,0.011314,0,66.57,40.11
79.1040,-0.085226,0.012454,0,66.57,40.11
79.1120,-0.085714,0.010188,0,66.57,40.11
79.1200,-0.093040,0.005017,0,66.57,40.11
79.1280,-0.098901,-0.002199,0,66.57,40.11
79.1360,-0.106716,-0.010449,0,66.57,40.11
79.1440,-0.114530,-0.013301,0,66.57,40.11
79.1520,-0.116484,-0.018256,0,66.57,40.11
79.1600,-0.117460,-0.021290,0,66.57,40.11
79.1680,-0.119414,-0.022309,0,66.57,40.11
79.1760,-0.119414,-0.021270,0,66.57,40.11
79.1840,-0.116484,-0.018350,0,66.57,40.11
79.1920,-0.108669,-0.014231,0,66.57,40.11
79.2000,-0.101832,-0.010015,0,66.57,40.11
79.2080,-0.100855,-0.006756,0,66.57,40.11
79.2160,-0.096459,-0.005124,0,66.57,40.11
79.2240,-0.094994,-0.005346,0,66.57,40.11
79.2320,-0.098901,-0.007156,0,66.57,40.11
79.2400,-0.099878,-0.009855,0,66.57,40.11
79.2480,-0.101832,0.002394,0,66.57,40.11
79.2560,-0.102808,-0.001601,0,66.57,40.11
79.2640,-0.109158,-0.005538,0,66.57,40.11
79.2720,-0.115507,-0.008234,0,66.57,40.11
79.2800,-0.116972,-0.008510,0,66.57,40.11
79.2880,-0.112576,-0.005967,0,66.57,40.11
79.2960,-0.105739,-0.001347,0,66.57,40.11
79.3040,-0.099878,0.003784,0,66.57,40.11
79.3120,-0.094017,0.007671,0,66.57,40.11
79.3200,-0.093040,0.008987,0,66.57,40.11
79.3280,-0.094505,0.007259,0,66.57,40.11
79.3360,-0.101343,0.002967,0,66.57,40.11
79.3440,-0.105739,-0.002739,0,66.57,40.11
79.3520,-0.108669,-0.020155,0,66.57,40.11
79.3600,-0.109158,-0.023796,0,66.57,40.11
79.3680,-0.109646,-0.026382,0,66.57,40.11
79.3760,-0.113553,-0.027969,0,66.57,40.11
79.3840,-0.111111,-0.028719,0,66.57,40.11
79.3920,-0.109646,-0.028939,0,66.57,40.11
79.4000,-0.109646,-0.028918,0,66.57,40.11
79.4080,-0.108669,-0.028660,0,66.57,40.11
79.4160,-0.109158,-0.027811,0,66.57,40.11
79.4240,-0.107692,-0.025847,0,66.57,40.11
79.4320,-0.102808,-0.022420,0,66.57,40.11
79.4400,-0.096947,-0.017618,0,66.57,40.11
79.4480,-0.089133,-0.011992,0,66.57,40.11
79.4560,-0.082784,-0.027409,0,66.57,40.11
79.4640,-0.076435,-0.023149,0,66.57,40.11
79.4720,-0.070574,-0.019676,0,66.57,40.11
79.4800,-0.065690,-0.017175,0,66.57,40.11
79.4880,-0.062759,-0.015621,0,66.57,40.11
79.4960,-0.059341,-0.014838,0,66.57,40.11
79.5040,-0.056899,-0.014567,0,66.57,40.11
79.5120,-0.054945,-0.014506,0,66.57,40.11
79.5200,-0.053480,-0.014327,0,66.57,40.11
79.5280,-0.049573,-0.013739,0,66.57,40.11
79.5360,-0.047131,-0.012535,0,66.57,40.11
79.5440,-0.045177,-0.010631,0,66.57,40.11
79.5520,-0.037851,-0.008232,0,66.57,40.11
79.5600,-0.028083,0.022019,0,66.57,40.11
79.5680,-0.018803,0.030958,0,66.57,40.11
79.5760,-0.007570,0.040627,0,66.57,40.11
79.5840,0.005128,0.049900,0,66.57,40.11
79.5920,0.014408,0.057513,0,66.57,40.11
79.6000,0.022222,0.062398,0,66.57,40.11
79.6080,0.022711,0.063997,0,66.57,40.11
79.6160,0.022711,0.062328,0,66.57,40.11
79.6240,0.017338,0.057783,0,66.57,40.11
79.6320,0.013431,0.050821,0,66.57,40.11
79.6400,0.008059,0.041841,0,66.57,40.11
79.6480,-0.003175,0.031323,0,66.57,40.11
79.6560,-0.011966,0.019958,0,66.57,40.11
79.6640,-0.020757,0.113176,0,66.57,40.11
79.6720,-0.019780,0.113200,0,66.57,40.11
79.6800,-0.018315,0.114806,0,66.57,40.11
79.6880,-0.019292,0.116359,0,66.57,40.11
79.6960,-0.022222,0.116157,0,66.57,40.11
79.7040,-0.026129,0.112950,0,66.57,40.11
79.7120,-0.037851,0.106282,0,66.57,40.11
79.7200,-0.051038,0.096640,0,66.57,40.11
79.7280,-0.064713,0.085323,0,66.57,40.11
79.7360,-0.083761,0.074112,0,66.57,40.11
79.7440,-0.098901,0.064708,0,66.57,40.11
79.7520,-0.108181,0.057888,0,66.57,40.11
79.7600,-0.112576,0.052963,0,66.57,40.11
79.7680,-0.110623,-0.015038,0,66.57,40.11
79.7760,-0.106227,-0.011667,0,66.57,40.11
79.7840,-0.103297,-0.007313,0,66.57,40.11
79.7920,-0.101832,-0.003279,0,66.57,40.11
79.8000,-0.101343,-0.000152,0,66.57,40.11
79.8080,-0.103785,0.002062,0,66.57,40.11
79.8160,-0.104274,0.003528,0,66.57,40.11
79.8240,-0.102808,0.004178,0,66.57,40.11
79.8320,-0.103785,0.003743,0,66.57,40.11
79.8400,-0.109646,0.002176,0,66.57,40.11
79.8480,-0.116972,-0.000127,0,66.57,40.11
79.8560,-0.121368,-0.002621,0,66.57,40.11
79.8640,-0.125275,-0.005033,0,66.57,40.11
79.8720,-0.129182,-0.065483,0,66.57,40.11
79.8800,-0.131136,-0.065229,0,66.57,40.11
79.8880,-0.126740,-0.062778,0,66.57,40.11
79.8960,-0.123321,-0.058928,0,66.57,40.11
79.9040,-0.119414,-0.054782,0,66.57,40.11
79.9120,-0.116484,-0.051245,0,66.57,40.11
79.9200,-0.116972,-0.048654,0,66.57,40.11
79.9280,-0.117949,-0.046687,0,66.57,40.11
79.9360,-0.119414,-0.044652,0,66.57,40.11
79.9440,-0.116972,-0.041971,0,66.57,40.11
79.9520,-0.114042,-0.038509,0,66.57,40.11
79.9600,-0.109158,-0.034524,0,66.57,40.11
79.9680,-0.107692,-0.030344,0,66.57,40.11
79.9760,-0.105739,0.060140,0,66.57,40.11
79.9840,-0.104762,0.064224,0,66.57,40.11
79.9920,-0.109646,0.067044,0,66.57,40.11
80.0000,-0.115507,0.069092,0,66.57,40.11
80.0080,-0.116972,0.070678,0,66.57,40.11
80.0160,-0.118437,0.071453,0,66.57,40.11
80.0240,-0.121368,0.070568,0,66.57,40.11
80.0320,-0.129670,0.067299,0,66.57,40.11
80.0400,-0.139927,0.061574,0,66.57,40.11
80.0480,-0.152625,0.054052,0,66.57,40.11
80.0560,-0.166789,0.045807,0,66.57,40.11
80.0640,-0.179487,0.037771,0,66.57,40.11
80.0720,-0.186813,0.030197,0,66.57,40.11
80.0800,-0.184860,-0.958831,0,66.57,40.11
80.0880,-0.169231,-0.985682,0,66.57,40.11
80.0960,-0.137973,-1.000000,0,66.57,40.11
80.1040,-0.091087,-0.999627,0,66.57,40.11
80.1120,-0.026618,-0.982840,0,66.57,40.11
80.1200,0.059341,-0.948672,0,66.57,40.11
80.1280,0.165324,-0.897532,0,66.57,40.11
80.1360,0.295726,-0.831751,0,66.57,40.11
80.1440,0.434432,-0.755608,0,66.57,40.11
80.1520,0.581441,-0.674788,0,66.57,40.11
80.1600,0.736752,-0.595477,0,66.57,40.11
80.1680,0.910134,-0.522348,0,66.57,40.11
80.1760,1.000000,-0.455300,0,66.57,40.11
80.1840,1.000000,1.000000,1,66.57,40.11
80.1920,1.000000,0.991110,1,66.57,40.11
80.2000,0.883272,0.938936,0,66.57,40.11
80.2080,0.666911,0.852528,0,66.57,40.11
80.2160,0.467643,0.746705,0,66.57,40.11
80.2240,0.280098,0.636951,0,66.57,40.11
80.2320,0.100366,0.535944,0,66.57,40.11
80.2400,-0.062759,0.453382,0,66.57,40.11
80.2480,-0.192186,0.396571,0,66.57,40.11
80.2560,-0.275702,0.369920,0,66.57,40.11
80.2640,-0.307448,0.373562,0,66.57,40.11
80.2720,-0.295238,0.402212,0,66.57,40.11
80.2800,-0.250305,0.445288,0,66.57,40.11
80.2880,-0.192186,-0.117049,0,66.57,40.11
80.2960,-0.133578,-0.061491,0,66.57,40.11
80.3040,-0.088645,-0.014877,0,66.57,40.11
80.3120,-0.060317,0.016209,0,66.57,40.11
80.3200,-0.054457,0.030025,0,66.57,40.11
80.3280,-0.063248,0.029066,0,66.57,40.11
80.3360,-0.082295,0.018537,0,66.57,40.11
80.3440,-0.099878,0.004388,0,66.57,40.11
80.3520,-0.115507,-0.008379,0,66.57,40.11
80.3600,-0.123321,-0.016697,0,66.57,40.11
80.3680,-0.125275,-0.019651,0,66.57,40.11
80.3760,-0.121856,-0.018114,0,66.57,40.11
80.3840,-0.117460,-0.014079,0,66.57,40.11
80.3920,-0.115507,-0.199862,0,66.57,40.11
80.4000,-0.114042,-0.202758,0,66.57,40.11
80.4080,-0.112576,-0.205449,0,66.57,40.11
80.4160,-0.112576,-0.207122,0,66.57,40.11
80.4240,-0.112088,-0.206801,0,66.57,40.11
80.4320,-0.107692,-0.203853,0,66.57,40.11
80.4400,-0.101343,-0.198187,0,66.57,40.11
80.4480,-0.100855,-0.189907,0,66.57,40.11
80.4560,-0.101343,-0.178797,0,66.57,40.11
80.4640,-0.105739,-0.164277,0,66.57,40.11
80.4720,-0.106716,-0.145934,0,66.57,40.11
80.4800,-0.108181,-0.124143,0,66.57,40.11
80.4880,-0.106227,-0.100298,0,66.57,40.11
80.4960,-0.105739,-0.050548,0,66.57,40.11
80.5040,-0.103785,-0.031575,0,66.57,40.11
80.5120,-0.102320,-0.015147,0,66.57,40.11
80.5200,-0.101343,-0.002147,0,66.57,40.11
80.5280,-0.101343,0.007200,0,66.57,40.11
80.5360,-0.099878,0.013106,0,66.57,40.11
80.5440,-0.096459,0.015917,0,66.57,40.11
80.5520,-0.094505,0.015961,0,66.57,40.11
80.5600,-0.090110,0.013603,0,66.57,40.11
80.5680,-0.090598,0.009401,0,66.57,40.11
80.5760,-0.092063,0.004141,0,66.57,40.11
80.5840,-0.094017,-0.001420,0,66.57,40.11
80.5920,-0.093529,-0.006942,0,66.57,40.11
80.6000,-0.094017,-0.023780,0,66.57,40.11
80.6080,-0.094994,-0.024405,0,66.57,40.11
80.6160,-0.093529,-0.023508,0,66.57,40.11
80.6240,-0.088156,-0.021792,0,66.57,40.11
80.6320,-0.085714,-0.020239,0,66.57,40.11
80.6400,-0.084249,-0.019641,0,66.57,40.11
80.6480,-0.082784,-0.020227,0,66.57,40.11
80.6560,-0.083272,-0.021554,0,66.57,40.11
80.6640,-0.085226,-0.022616,0,66.57,40.11
80.6720,-0.083272,-0.022273,0,66.57,40.11
80.6800,-0.078388,-0.019830,0,66.57,40.11
80.6880,-0.070085,-0.015392,0,66.57,40.11
80.6960,-0.061783,-0.009782,0,66.57,40.11
80.7040,-0.054457,0.032504,0,66.57,40.11
80.7120,-0.053480,0.035752,0,66.57,40.11
80.7200,-0.053968,0.037799,0,66.57,40.11
80.7280,-0.053480,0.039565,0,66.57,40.11
80.7360,-0.051526,0.041780,0,66.57,40.11
80.7440,-0.047619,0.044418,0,66.57,40.11
80.7520,-0.042247,0.046602,0,66.57,40.11
80.7600,-0.038828,0.047064,0,66.57,40.11
80.7680,-0.043223,0.044906,0,66.57,40.11
80.7760,-0.047619,0.040099,0,66.57,40.11
80.7840,-0.057875,0.033410,0,66.57,40.11
80.7920,-0.065690,0.025854,0,66.57,40.11
80.8000,-0.070085,0.018103,0,66.57,40.11
80.8080,-0.071551,-0.028286,0,66.57,40.11
80.8160,-0.070085,-0.028499,0,66.57,40.11
80.8240,-0.062759,-0.025717,0,66.57,40.11
80.8320,-0.055922,-0.020900,0,66.57,40.11
80.8400,-0.048107,-0.015223,0,66.57,40.11
80.8480,-0.038828,-0.009769,0,66.57,40.11
80.8560,-0.034432,-0.005323,0,66.57,40.11
80.8640,-0.030525,-0.002321,0,66.57,40.11
80.8720,-0.024176,-0.001012,0,66.57,40.11
80.8800,-0.023199,-0.001525,0,66.57,40.11
80.8880,-0.023199,-0.003723,0,66.57,40.11
80.8960,-0.025641,-0.007149,0,66.57,40.11
80.9040,-0.026129,-0.011197,0,66.57,40.11
80.9120,-0.026129,0.038250,0,66.57,40.11
80.9200,-0.027595,0.036649,0,66.57,40.11
80.9280,-0.029548,0.034749,0,66.57,40.11
80.9360,-0.030525,0.032445,0,66.57,40.11
80.9440,-0.033455,0.029744,0,66.57,40.11
80.9520,-0.037851,0.026840,0,66.57,40.11
80.9600,-0.038828,0.024076,0,66.57,40.11
80.9680,-0.043712,0.021802,0,66.57,40.11
80.9760,-0.044200,0.020217,0,66.57,40.11
80.9840,-0.043712,0.019223,0,66.57,40.11
80.9920,-0.044200,0.018489,0,66.57,40.11
81.0000,-0.045177,0.017711,0,66.57,40.11
81.0080,-0.047619,0.016816,0,66.57,40.11
81.0160,-0.048107,0.004376,0,66.57,40.11
81.0240,-0.046642,0.006152,0,66.57,40.11
81.0320,-0.040293,0.008804,0,66.57,40.11
81.0400,-0.038339,0.011709,0,66.57,40.11
81.0480,-0.036386,0.014302,0,66.57,40.11
81.0560,-0.034432,0.016294,0,66.57,40.11
81.0640,-0.036386,0.017594,0,66.57,40.11
81.0720,-0.033944,0.018098,0,66.57,40.11
81.0800,-0.033944,0.017549,0,66.57,40.11
81.0880,-0.034921,0.015681,0,66.57,40.11
81.0960,-0.038828,0.012517,0,66.57,40.11
81.1040,-0.045177,0.008447,0,66.57,40.11
81.1120,-0.047131,0.003978,0,66.57,40.11
81.1200,-0.049573,0.020627,0,66.57,40.11
81.1280,-0.051526,0.020135,0,66.57,40.11
81.1360,-0.052991,0.021172,0,66.57,40.11
81.1440,-0.049573,0.023413,0,66.57,40.11
81.1520,-0.048596,0.026004,0,66.57,40.11
81.1600,-0.045177,0.027790,0,66.57,40.11
81.1680,-0.047131,0.027766,0,66.57,40.11
81.1760,-0.050061,0.025546,0,66.57,40.11
81.1840,-0.058852,0.021616,0,66.57,40.11
81.1920,-0.068132,0.017134,0,66.57,40.11
81.2000,-0.073016,0.013302,0,66.57,40.11
81.2080,-0.078388,0.010711,0,66.57,40.11
81.2160,-0.078877,0.009076,0,66.57,40.11
81.2240,-0.081319,0.001729,0,66.57,40.11
81.2320,-0.082295,0.001957,0,66.57,40.11
81.2400,-0.084737,0.003044,0,66.57,40.11
81.2480,-0.085714,0.005067,0,66.57,40.11
81.2560,-0.083761,0.007916,0,66.57,40.11
81.2640,-0.080342,0.011058,0,66.57,40.11
81.2720,-0.078877,0.013672,0,66.57,40.11
81.2800,-0.078877,0.014997,0,66.57,40.11
81.2880,-0.081319,0.014618,0,66.57,40.11
81.2960,-0.085226,0.012537,0,66.57,40.11
81.3040,-0.091087,0.009112,0,66.57,40.11
81.3120,-0.097924,0.004875,0,66.57,40.11
81.3200,-0.102808,0.000309,0,66.57,40.11
81.3280,-0.104762,-0.015173,0,66.57,40.11
81.3360,-0.107204,-0.017886,0,66.57,40.11
81.3440,-0.111600,-0.020105,0,66.57,40.11
81.3520,-0.115507,-0.021608,0,66.57,40.11
81.3600,-0.118437,-0.021967,0,66.57,40.11
81.3680,-0.119414,-0.020892,0,66.57,40.11
81.3760,-0.116972,-0.018534,0,66.57,40.11
81.3840,-0.114530,-0.015535,0,66.57,40.11
81.3920,-0.111600,-0.012739,0,66.57,40.11
81.4000,-0.112576,-0.010781,0,66.57,40.11
81.4080,-0.114042,-0.009837,0,66.57,40.11
81.4160,-0.115018,-0.009706,0,66.57,40.11
81.4240,-0.116972,-0.010008,0,66.57,40.11
81.4320,-0.119414,-0.032141,0,66.57,40.11
81.4400,-0.120391,-0.033469,0,66.57,40.11
81.4480,-0.122344,-0.034154,0,66.57,40.11
81.4560,-0.121856,-0.034033,0,66.57,40.11
81.4640,-0.121368,-0.033129,0,66.57,40.11
81.4720,-0.119902,-0.031622,0,66.57,40.11
81.4800,-0.117460,-0.029733,0,66.57,40.11
81.4880,-0.116972,-0.027594,0,66.57,40.11
81.4960,-0.115995,-0.025227,0,66.57,40.11
81.5040,-0.111600,-0.022716,0,66.57,40.11
81.5120,-0.107692,-0.020285,0,66.57,40.11
81.5200,-0.106716,-0.018122,0,66.57,40.11
81.5280,-0.104762,-0.016188,0,66.57,40.11
81.5360,-0.104274,-0.012078,0,66.57,40.11
81.5440,-0.103785,-0.012199,0,66.57,40.11
81.5520,-0.104274,-0.012611,0,66.57,40.11
81.5600,-0.104762,-0.013199,0,66.57,40.11
81.5680,-0.103785,-0.013886,0,66.57,40.11
81.5760,-0.103785,-0.014581,0,66.57,40.11
81.5840,-0.105739,-0.015061,0,66.57,40.11
81.5920,-0.106716,-0.014971,0,66.57,40.11
81.6000,-0.104762,-0.014037,0,66.57,40.11
81.6080,-0.100366,-0.012295,0,66.57,40.11
81.6160,-0.093040,-0.010080,0,66.57,40.11
81.6240,-0.091087,-0.007761,0,66.57,40.11
81.6320,-0.087179,-0.005493,0,66.57,40.11
81.6400,-0.085714,0.013537,0,66.57,40.11
81.6480,-0.088156,0.012511,0,66.57,40.11
81.6560,-0.092063,0.011014,0,66.57,40.11
81.6640,-0.094017,0.010187,0,66.57,40.11
81.6720,-0.092552,0.010806,0,66.57,40.11
81.6800,-0.087179,0.012896,0,66.57,40.11
81.6880,-0.084249,0.015792,0,66.57,40.11
81.6960,-0.079853,0.018470,0,66.57,40.11
81.7040,-0.076923,0.019869,0,66.57,40.11
81.7120,-0.076923,0.019196,0,66.57,40.11
81.7200,-0.080342,0.016191,0,66.57,40.11
81.7280,-0.086203,0.011218,0,66.57,40.11
81.7360,-0.092552,0.005137,0,66.57,40.11
81.7440,-0.098901,-0.030307,0,66.57,40.11
81.7520,-0.101343,-0.033312,0,66.57,40.11
81.7600,-0.098413,-0.032624,0,66.57,40.11
81.7680,-0.088645,-0.028576,0,66.57,40.11
81.7760,-0.079365,-0.022424,0,66.57,40.11
81.7840,-0.070574,-0.015703,0,66.57,40.11
81.7920,-0.063736,-0.009698,0,66.57,40.11
81.8000,-0.056899,-0.005287,0,66.57,40.11
81.8080,-0.052991,-0.003011,0,66.57,40.11
81.8160,-0.050061,-0.003133,0,66.57,40.11
81.8240,-0.050061,-0.005589,0,66.57,40.11
81.8320,-0.053968,-0.009908,0,66.57,40.11
81.8400,-0.056899,-0.015256,0,66.57,40.11
81.8480,-0.060806,0.018680,0,66.57,40.11
81.8560,-0.062271,0.015163,0,66.57,40.11
81.8640,-0.065690,0.012535,0,66.57,40.11
81.8720,-0.066667,0.011180,0,66.57,40.11
81.8800,-0.065690,0.011276,0,66.57,40.11
81.8880,-0.064713,0.012697,0,66.57,40.11
81.8960,-0.060806,0.014954,0,66.57,40.11
81.9040,-0.056899,0.017231,0,66.57,40.11
81.9120,-0.054457,0.018580,0,66.57,40.11
81.9200,-0.054457,0.018222,0,66.57,40.11
81.9280,-0.055433,0.015792,0,66.57,40.11
81.9360,-0.060806,0.011492,0,66.57,40.11
81.9440,-0.066667,0.006086,0,66.57,40.11
81.9520,-0.070085,-0.001170,0,66.57,40.11
81.9600,-0.073504,-0.004374,0,66.57,40.11
81.9680,-0.072527,-0.006627,0,66.57,40.11
81.9760,-0.072039,-0.008333,0,66.57,40.11
81.9840,-0.072527,-0.009882,0,66.57,40.11
81.9920,-0.075458,-0.011209,0,66.57,40.11
82.0000,-0.077900,-0.011768,0,66.57,40.11
82.0080,-0.078877,-0.010989,0,66.57,40.11
82.0160,-0.073016,-0.008888,0,66.57,40.11
82.0240,-0.068132,-0.006239,0,66.57,40.11
82.0320,-0.062759,-0.004102,0,66.57,40.11
82.0400,-0.062759,-0.003090,0,66.57,40.11
82.0480,-0.063736,-0.002959,0,66.57,40.11
82.0560,-0.066667,0.013647,0,66.57,40.11
82.0640,-0.070085,0.011676,0,66.57,40.11
82.0720,-0.072527,0.010340,0,66.57,40.11
82.0800,-0.071551,0.010092,0,66.57,40.11
82.0880,-0.070085,0.010753,0,66.57,40.11
82.0960,-0.069597,0.011721,0,66.57,40.11
82.1040,-0.069109,0.012332,0,66.57,40.11
82.1120,-0.070085,0.012139,0,66.57,40.11
82.1200,-0.073504,0.011077,0,66.57,40.11
82.1280,-0.077411,0.009419,0,66.57,40.11
82.1360,-0.079365,0.007545,0,66.57,40.11
82.1440,-0.083272,0.005721,0,66.57,40.11
82.1520,-0.084737,0.004013,0,66.57,40.11
82.1600,-0.083761,-0.026472,0,66.57,40.11
82.1680,-0.082295,-0.026217,0,66.57,40.11
82.1760,-0.079365,-0.025754,0,66.57,40.11
82.1840,-0.078388,-0.025510,0,66.57,40.11
82.1920,-0.079365,-0.025455,0,66.57,40.11
82.2000,-0.081319,-0.025106,0,66.57,40.11
82.2080,-0.078388,-0.023931,0,66.57,40.11
82.2160,-0.075946,-0.021763,0,66.57,40.11
82.2240,-0.072039,-0.018907,0,66.57,40.11
82.2320,-0.067643,-0.015996,0,66.57,40.11
82.2400,-0.063248,-0.013705,0,66.57,40.11
82.2480,-0.061783,-0.012377,0,66.57,40.11
82.2560,-0.062271,-0.011769,0,66.57,40.11
82.2640,-0.067155,-0.020228,0,66.57,40.11
82.2720,-0.075946,-0.027074,0,66.57,40.11
82.2800,-0.084737,-0.033483,0,66.57,40.11
82.2880,-0.086203,-0.037749,0,66.57,40.11
82.2960,-0.085714,-0.038969,0,66.57,40.11
82.3040,-0.082295,-0.037191,0,66.57,40.11
82.3120,-0.074969,-0.033202,0,66.57,40.11
82.3200,-0.068620,-0.028173,0,66.57,40.11
82.3280,-0.063248,-0.023280,0,66.57,40.11
82.3360,-0.055922,-0.019442,0,66.57,40.11
82.3440,-0.054457,-0.017114,0,66.57,40.11
82.3520,-0.052991,-0.016180,0,66.57,40.11
82.3600,-0.052015,-0.016055,0,66.57,40.11
82.3680,-0.049084,-0.047093,0,66.57,40.11
82.3760,-0.047131,-0.047696,0,66.57,40.11
82.3840,-0.043223,-0.047985,0,66.57,40.11
82.3920,-0.041270,-0.047956,0,66.57,40.11
82.4000,-0.038828,-0.047649,0,66.57,40.11
82.4080,-0.032967,-0.047190,0,66.57,40.11
82.4160,-0.029548,-0.046743,0,66.57,40.11
82.4240,-0.023687,-0.046262,0,66.57,40.11
82.4320,-0.022711,-0.045218,0,66.57,40.11
82.4400,-0.018315,-0.042665,0,66.57,40.11
82.4480,-0.010012,-0.037737,0,66.57,40.11
82.4560,-0.000733,-0.030256,0,66.57,40.11
82.4640,0.016850,-0.021101,0,66.57,40.11
82.4720,0.030525,0.067201,0,66.57,40.11
82.4800,0.040293,0.075889,0,66.57,40.11
82.4880,0.044200,0.080399,0,66.57,40.11
82.4960,0.042247,0.080412,0,66.57,40.11
82.5040,0.038828,0.076511,0,66.57,40.11
82.5120,0.032479,0.069805,0,66.57,40.11
82.5200,0.024176,0.061653,0,66.57,40.11
82.5280,0.014896,0.053478,0,66.57,40.11
82.5360,0.008059,0.046516,0,66.57,40.11
82.5440,0.005128,0.041570,0,66.57,40.11
82.5520,-0.000244,0.038946,0,66.57,40.11
82.5600,-0.000244,0.038438,0,66.57,40.11
82.5680,0.002686,0.039230,0,66.57,40.11
82.5760,0.004640,0.093465,0,66.57,40.11
82.5840,-0.003175,0.090775,0,66.57,40.11
82.5920,-0.012454,0.083946,0,66.57,40.11
82.6000,-0.023687,0.073102,0,66.57,40.11
82.6080,-0.040293,0.059262,0,66.57,40.11
82.6160,-0.060806,0.044332,0,66.57,40.11
82.6240,-0.078388,0.030780,0,66.57,40.11
82.6320,-0.092063,0.020952,0,66.57,40.11
82.6400,-0.100855,0.016365,0,66.57,40.11
82.6480,-0.101343,0.017236,0,66.57,40.11
82.6560,-0.094994,0.022452,0,66.57,40.11
82.6640,-0.087179,0.030199,0,66.57,40.11
82.6720,-0.087179,0.038934,0,66.57,40.11
82.6800,-0.087179,-0.009081,0,66.57,40.11
82.6880,-0.090598,-0.008349,0,66.57,40.11
82.6960,-0.093040,-0.008846,0,66.57,40.11
82.7040,-0.094505,-0.009976,0,66.57,40.11
82.7120,-0.098901,-0.011315,0,66.57,40.11
82.7200,-0.101343,-0.012623,0,66.57,40.11
82.7280,-0.104274,-0.013817,0,66.57,40.11
82.7360,-0.105739,-0.014856,0,66.57,40.11
82.7440,-0.110623,-0.015516,0,66.57,40.11
82.7520,-0.114530,-0.015303,0,66.57,40.11
82.7600,-0.116972,-0.013698,0,66.57,40.11
82.7680,-0.116972,-0.010577,0,66.57,40.11
82.7760,-0.115018,-0.006447,0,66.57,40.11
82.7840,-0.106716,-0.058237,0,66.57,40.11
82.7920,-0.101832,-0.053827,0,66.57,40.11
82.8000,-0.101343,-0.050955,0,66.57,40.11
82.8080,-0.101343,-0.049983,0,66.57,40.11
82.8160,-0.105739,-0.050283,0,66.57,40.11
82.8240,-0.109158,-0.050569,0,66.57,40.11
82.8320,-0.110134,-0.049532,0,66.57,40.11
82.8400,-0.107692,-0.046497,0,66.57,40.11
82.8480,-0.101343,-0.041736,0,66.57,40.11
82.8560,-0.094017,-0.036268,0,66.57,40.11
82.8640,-0.089133,-0.031197,0,66.57,40.11
82.8720,-0.088645,-0.027063,0,66.57,40.11
82.8800,-0.087179,-0.023645,0,66.57,40.11
82.8880,-0.092063,-0.022062,0,66.57,40.11
82.8960,-0.101343,-0.029630,0,66.57,40.11
82.9040,-0.112088,-0.041602,0,66.57,40.11
82.9120,-0.125275,-0.057945,0,66.57,40.11
82.9200,-0.144811,-0.078025,0,66.57,40.11
82.9280,-0.164347,-0.100086,0,66.57,40.11
82.9360,-0.187302,-0.120975,0,66.57,40.11
82.9440,-0.202442,-0.136344,0,66.57,40.11
82.9520,-0.210745,-0.141416,0,66.57,40.11
82.9600,-0.202930,-0.132148,0,66.57,40.11
82.9680,-0.181929,-0.106642,0,66.57,40.11
82.9760,-0.139927,-0.066527,0,66.57,40.11
82.9840,-0.078388,-0.017614,0,66.57,40.11
82.9920,-0.000733,-0.539011,0,66.57,40.11
83.0000,0.099389,-0.458425,0,66.57,40.11
83.0080,0.222466,-0.352886,0,66.57,40.11
83.0160,0.372405,-0.225108,0,66.57,40.11
83.0240,0.535043,-0.083711,0,66.57,40.11
83.0320,0.712332,0.055252,0,66.57,40.11
83.0400,0.935043,0.170238,0,66.57,40.11
83.0480,1.000000,0.241972,1,66.57,40.11
83.0560,1.000000,0.261110,1,66.57,40.11
83.0640,1.000000,0.226729,0,66.57,40.11
83.0720,1.000000,0.139840,0,66.57,40.11
83.0800,0.963370,0.004617,0,66.57,40.11
83.0880,0.735287,-0.162225,0,66.57,40.11
83.0960,0.497436,0.505490,0,66.57,40.11
83.1040,0.263492,0.289828,0,66.57,40.11
83.1120,0.034432,0.084812,0,66.57,40.11
83.1200,-0.161416,-0.084540,0,66.57,40.11
83.1280,-0.293773,-0.200333,0,66.57,40.11
83.1360,-0.348962,-0.255282,0,66.57,40.11
83.1440,-0.339194,-0.254051,0,66.57,40.11
83.1520,-0.283028,-0.211349,0,66.57,40.11
83.1600,-0.202442,-0.147302,0,66.57,40.11
83.1680,-0.130159,-0.081536,0,66.57,40.11
83.1760,-0.074969,-0.027688,0,66.57,40.11
83.1840,-0.049573,0.010016,0,66.57,40.11
83.1920,-0.047131,0.036909,0,66.57,40.11
83.2000,-0.061294,0.041901,0,66.57,40.11
83.2080,-0.085714,0.026806,0,66.57,40.11
83.2160,-0.111600,0.007185,0,66.57,40.11
83.2240,-0.133089,-0.011497,0,66.57,40.11
83.2320,-0.150672,-0.025854,0,66.57,40.11
83.2400,-0.158974,-0.034561,0,66.57,40.11
83.2480,-0.162393,-0.037866,0,66.57,40.11
83.2560,-0.163370,-0.036877,0,66.57,40.11
83.2640,-0.159463,-0.032941,0,66.57,40.11
83.2720,-0.156044,-0.027272,0,66.57,40.11
83.2800,-0.151160,-0.020763,0,66.57,40.11
83.2880,-0.149695,-0.013903,0,66.57,40.11
83.2960,-0.148230,-0.006863,0,66.57,40.11
83.3040,-0.148230,-0.276392,0,66.57,40.11
83.3120,-0.146764,-0.277941,0,66.57,40.11
83.3200,-0.147741,-0.277196,0,66.57,40.11
83.3280,-0.150672,-0.273201,0,66.57,40.11
83.3360,-0.153602,-0.265061,0,66.57,40.11
83.3440,-0.154579,-0.252370,0,66.57,40.11
83.3520,-0.151648,-0.235566,0,66.57,40.11
83.3600,-0.150183,-0.215867,0,66.57,40.11
83.3680,-0.147741,-0.195003,0,66.57,40.11
83.3760,-0.142857,-0.174985,0,66.57,40.11
83.3840,-0.140904,-0.157670,0,66.57,40.11
83.3920,-0.141880,-0.143869,0,66.57,40.11
83.4000,-0.147253,-0.132609,0,66.57,40.11
83.4080,-0.151648,-0.019269,0,66.57,40.11
83.4160,-0.152625,-0.017745,0,66.57,40.11
83.4240,-0.151160,-0.018399,0,66.57,40.11
83.4320,-0.148230,-0.020616,0,66.57,40.11
83.4400,-0.144811,-0.023979,0,66.57,40.11
83.4480,-0.142857,-0.027995,0,66.57,40.11
83.4560,-0.143346,-0.031842,0,66.57,40.11
83.4640,-0.144811,-0.034357,0,66.57,40.11
83.4720,-0.145788,-0.034370,0,66.57,40.11
83.4800,-0.140904,-0.031229,0,66.57,40.11
83.4880,-0.133578,-0.025118,0,66.57,40.11
83.4960,-0.124786,-0.016886,0,66.57,40.11
83.5040,-0.116972,-0.007630,0,66.57,40.11
83.5120,-0.108181,0.033500,0,66.57,40.11
83.5200,-0.101832,0.038801,0,66.57,40.11
83.5280,-0.104274,0.041369,0,66.57,40.11
83.5360,-0.106716,0.041855,0,66.57,40.11
83.5440,-0.106227,0.041085,0,66.57,40.11
83.5520,-0.104762,0.039440,0,66.57,40.11
83.5600,-0.106227,0.036881,0,66.57,40.11
83.5680,-0.109646,0.033419,0,66.57,40.11
83.5760,-0.115018,0.029440,0,66.57,40.11
83.5840,-0.119414,0.025663,0,66.57,40.11
83.5920,-0.124298,0.022809,0,66.57,40.11
83.6000,-0.125275,0.021191,0,66.57,40.11
83.6080,-0.123810,0.020450,0,66.57,40.11
83.6160,-0.118926,-0.023123,0,66.57,40.11
83.6240,-0.113553,-0.021049,0,66.57,40.11
83.6320,-0.109646,-0.019269,0,66.57,40.11
83.6400,-0.105739,-0.018622,0,66.57,40.11
83.6480,-0.103785,-0.019403,0,66.57,40.11
83.6560,-0.104274,-0.021170,0,66.57,40.11
83.6640,-0.109158,-0.022829,0,66.57,40.11
83.6720,-0.106227,-0.023199,0,66.57,40.11
83.6800,-0.100855,-0.021738,0,66.57,40.11
83.6880,-0.093040,-0.018748,0,66.57,40.11
83.6960,-0.085714,-0.014982,0,66.57,40.11
83.7040,-0.080342,-0.011073,0,66.57,40.11
83.7120,-0.074481,-0.007261,0,66.57,40.11
83.7200,-0.070085,0.031301,0,66.57,40.11
83.7280,-0.064713,0.033845,0,66.57,40.11
83.7360,-0.063248,0.034891,0,66.57,40.11
83.7440,-0.063736,0.034482,0,66.57,40.11
83.7520,-0.063736,0.032829,0,66.57,40.11
83.7600,-0.064713,0.030202,0,66.57,40.11
83.7680,-0.067155,0.026935,0,66.57,40.11
83.7760,-0.070085,0.023476,0,66.57,40.11
83.7840,-0.071551,0.020348,0,66.57,40.11
83.7920,-0.074481,0.018041,0,66.57,40.11
83.8000,-0.073993,0.016869,0,66.57,40.11
83.8080,-0.074481,0.016822,0,66.57,40.11
83.8160,-0.071551,0.017487,0,66.57,40.11
83.8240,-0.070085,-0.002722,0,66.57,40.11
83.8320,-0.070574,-0.005008,0,66.57,40.11
83.8400,-0.075458,-0.008176,0,66.57,40.11
83.8480,-0.079365,-0.011426,0,66.57,40.11
83.8560,-0.080830,-0.013804,0,66.57,40.11
83.8640,-0.078388,-0.014728,0,66.57,40.11
83.8720,-0.076435,-0.014120,0,66.57,40.11
83.8800,-0.073016,-0.012254,0,66.57,40.11
83.8880,-0.068620,-0.009615,0,66.57,40.11
83.8960,-0.062759,-0.006856,0,66.57,40.11
83.9040,-0.056899,-0.004671,0,66.57,40.11
83.9120,-0.052015,-0.003481,0,66.57,40.11
83.9200,-0.052991,-0.003088,0,66.57,40.11
83.9280,-0.054457,0.029411,0,66.57,40.11
83.9360,-0.058852,0.025236,0,66.57,40.11
83.9440,-0.063736,0.019690,0,66.57,40.11
83.9520,-0.070574,0.013793,0,66.57,40.11
83.9600,-0.077411,0.008720,0,66.57,40.11
83.9680,-0.081319,0.005455,0,66.57,40.11
83.9760,-0.080830,0.004373,0,66.57,40.11
83.9840,-0.077411,0.005082,0,66.57,40.11
83.9920,-0.075458,0.006722,0,66.57,40.11
84.0000,-0.075458,0.008413,0,66.57,40.11
84.0080,-0.072039,0.009512,0,66.57,40.11
84.0160,-0.072527,0.009739,0,66.57,40.11
84.0240,-0.075458,0.009322,0,66.57,40.11
84.0320,-0.080342,-0.010702,0,66.57,40.11
84.0400,-0.085714,-0.015262,0,66.57,40.11
84.0480,-0.091575,-0.019628,0,66.57,40.11
84.0560,-0.094017,-0.023238,0,66.57,40.11
84.0640,-0.095482,-0.025981,0,66.57,40.11
84.0720,-0.094505,-0.028043,0,66.57,40.11
84.0800,-0.096459,-0.029450,0,66.57,40.11
84.0880,-0.101343,-0.029743,0,66.57,40.11
84.0960,-0.100366,-0.028264,0,66.57,40.11
84.1040,-0.094017,-0.024836,0,66.57,40.11
84.1120,-0.085714,-0.020044,0,66.57,40.11
84.1200,-0.078388,-0.014772,0,66.57,40.11
84.1280,-0.076435,-0.009527,0,66.57,40.11
84.1360,-0.079365,0.017266,0,66.57,40.11
84.1440,-0.085714,0.013793,0,66.57,40.11
84.1520,-0.094505,0.008710,0,66.57,40.11
84.1600,-0.101343,0.003343,0,66.57,40.11
84.1680,-0.103785,-0.001394,0,66.57,40.11
84.1760,-0.107692,-0.005087,0,66.57,40.11
84.1840,-0.113553,-0.007506,0,66.57,40.11
84.1920,-0.115507,-0.008429,0,66.57,40.11
84.2000,-0.115995,-0.007797,0,66.57,40.11
84.2080,-0.115018,-0.005846,0,66.57,40.11
84.2160,-0.112088,-0.003049,0,66.57,40.11
84.2240,-0.110623,0.000102,0,66.57,40.11
84.2320,-0.110134,0.003328,0,66.57,40.11
84.2400,-0.110623,-0.016319,0,66.57,40.11
84.2480,-0.113553,-0.018464,0,66.57,40.11
84.2560,-0.116972,-0.021699,0,66.57,40.11
84.2640,-0.125275,-0.025226,0,66.57,40.11
84.2720,-0.131136,-0.027935,0,66.57,40.11
84.2800,-0.132112,-0.028874,0,66.57,40.11
84.2880,-0.129182,-0.027706,0,66.57,40.11
84.2960,-0.123321,-0.024808,0,66.57,40.11
84.3040,-0.116972,-0.021015,0,66.57,40.11
84.3120,-0.111600,-0.017235,0,66.57,40.11
84.3200,-0.107204,-0.014116,0,66.57,40.11
84.3280,-0.104274,-0.011867,0,66.57,40.11
84.3360,-0.103785,-0.010220,0,66.57,40.11
84.3440,-0.104762,0.015632,0,66.57,40.11
84.3520,-0.109646,0.013298,0,66.57,40.11
84.3600,-0.114530,0.010129,0,66.57,40.11
84.3680,-0.121856,0.007103,0,66.57,40.11
84.3760,-0.124298,0.004935,0,66.57,40.11
84.3840,-0.125275,0.003722,0,66.57,40.11
84.3920,-0.124786,0.002953,0,66.57,40.11
84.4000,-0.123810,0.001929,0,66.57,40.11
84.4080,-0.127717,0.000402,0,66.57,40.11
84.4160,-0.134066,-0.001030,0,66.57,40.11
84.4240,-0.141392,-0.001185,0,66.57,40.11
84.4320,-0.141392,0.000755,0,66.57,40.11
84.4400,-0.132601,0.004338,0,66.57,40.11
84.4480,-0.121368,-0.026002,0,66.57,40.11
84.4560,-0.111600,-0.016265,0,66.57,40.11
84.4640,-0.101832,-0.005844,0,66.57,40.11
84.4720,-0.092063,0.004210,0,66.57,40.11
84.4800,-0.080830,0.012866,0,66.57,40.11
84.4880,-0.070574,0.019096,0,66.57,40.11
84.4960,-0.069109,0.022205,0,66.57,40.11
84.5040,-0.068620,0.022133,0,66.57,40.11
84.5120,-0.070085,0.019378,0,66.57,40.11
84.5200,-0.074969,0.014756,0,66.57,40.11
84.5280,-0.081319,0.009178,0,66.57,40.11
84.5360,-0.085714,0.003358,0,66.57,40.11
84.5440,-0.089133,-0.002421,0,66.57,40.11
84.5520,-0.091087,0.024631,0,66.57,40.11
84.5600,-0.086691,0.026264,0,66.57,40.11
84.5680,-0.082784,0.028813,0,66.57,40.11
84.5760,-0.078877,0.031108,0,66.57,40.11
84.5840,-0.078388,0.032321,0,66.57,40.11
84.5920,-0.080830,0.032263,0,66.57,40.11
84.6000,-0.082295,0.031236,0,66.57,40.11
84.6080,-0.084249,0.029627,0,66.57,40.11
84.6160,-0.086203,0.027624,0,66.57,40.11
84.6240,-0.088156,0.025157,0,66.57,40.11
84.6320,-0.090598,0.022058,0,66.57,40.11
84.6400,-0.096459,0.018300,0,66.57,40.11
84.6480,-0.101343,0.014129,0,66.57,40.11
84.6560,-0.101343,0.010338,0,66.57,40.11
84.6640,-0.096459,0.011813,0,66.57,40.11
84.6720,-0.094017,0.014393,0,66.57,40.11
84.6800,-0.092552,0.017436,0,66.57,40.11
84.6880,-0.090110,0.020376,0,66.57,40.11
84.6960,-0.085714,0.022617,0,66.57,40.11
84.7040,-0.083272,0.023558,0,66.57,40.11
84.7120,-0.085226,0.022900,0,66.57,40.11
84.7200,-0.089133,0.020845,0,66.57,40.11
84.7280,-0.092063,0.017883,0,66.57,40.11
84.7360,-0.093040,0.014409,0,66.57,40.11
84.7440,-0.096459,0.010613,0,66.57,40.11
84.7520,-0.100855,0.006631,0,66.57,40.11
84.7600,-0.101343,-0.027090,0,66.57,40.11
84.7680,-0.100366,-0.028494,0,66.57,40.11
84.7760,-0.100366,-0.029031,0,66.57,40.11
84.7840,-0.100366,-0.029046,0,66.57,40.11
84.7920,-0.098413,-0.028897,0,66.57,40.11
84.8000,-0.098413,-0.028894,0,66.57,40.11
84.8080,-0.096947,-0.029174,0,66.57,40.11
84.8160,-0.097924,-0.029544,0,66.57,40.11
84.8240,-0.097924,-0.029428,0,66.57,40.11
84.8320,-0.098413,-0.028040,0,66.57,40.11
84.8400,-0.094017,-0.024784,0,66.57,40.11
84.8480,-0.087179,-0.019664,0,66.57,40.11
84.8560,-0.078388,-0.013391,0,66.57,40.11
84.8640,-0.072527,0.021591,0,66.57,40.11
84.8720,-0.070574,0.023858,0,66.57,40.11
84.8800,-0.074969,0.023527,0,66.57,40.11
84.8880,-0.078877,0.021260,0,66.57,40.11
84.8960,-0.083272,0.018056,0,66.57,40.11
84.9040,-0.085226,0.014807,0,66.57,40.11
84.9120,-0.090598,0.012166,0,66.57,40.11
84.9200,-0.093040,0.010535,0,66.57,40.11
84.9280,-0.093040,0.009958,0,66.57,40.11
84.9360,-0.092063,0.010112,0,66.57,40.11
84.9440,-0.092063,0.010532,0,66.57,40.11
84.9520,-0.092552,0.010907,0,66.57,40.11
84.9600,-0.093040,0.011178,0,66.57,40.11
84.9680,-0.092063,-0.007444,0,66.57,40.11
84.9760,-0.093040,-0.007917,0,66.57,40.11
84.9840,-0.094017,-0.008236,0,66.57,40.11
84.9920,-0.093529,-0.008283,0,66.57,40.11
85.0000,-0.094017,-0.008141,0,66.57,40.11
85.0080,-0.092063,-0.008169,0,66.57,40.11
85.0160,-0.090598,-0.008871,0,66.57,40.11
85.0240,-0.091087,-0.010487,0,66.57,40.11
85.0320,-0.094994,-0.012545,0,66.57,40.11
85.0400,-0.099878,-0.013822,0,66.57,40.11
85.0480,-0.101343,-0.012954,0,66.57,40.11
85.0560,-0.095971,-0.009387,0,66.57,40.11
85.0640,-0.085714,-0.003943,0,66.57,40.11
85.0720,-0.076435,-0.003580,0,66.57,40.11
85.0800,-0.068620,0.002337,0,66.57,40.11
85.0880,-0.065201,0.005705,0,66.57,40.11
85.0960,-0.063736,0.005709,0,66.57,40.11
85.1040,-0.066667,0.002410,0,66.57,40.11
85.1120,-0.072527,-0.003250,0,66.57,40.11
85.1200,-0.081319,-0.009629,0,66.57,40.11
85.1280,-0.086203,-0.014869,0,66.57,40.11
85.1360,-0.086691,-0.017469,0,66.57,40.11
85.1440,-0.086203,-0.016610,0,66.57,40.11
85.1520,-0.081319,-0.012225,0,66.57,40.11
85.1600,-0.071062,-0.005006,0,66.57,40.11
85.1680,-0.062271,0.003759,0,66.57,40.11
85.1760,-0.054457,-0.025288,0,66.57,40.11
85.1840,-0.044200,-0.018355,0,66.57,40.11
85.1920,-0.038339,-0.012386,0,66.57,40.11
85.2000,-0.030525,-0.007795,0,66.57,40.11
85.2080,-0.024176,-0.004893,0,66.57,40.11
85.2160,-0.020757,-0.003803,0,66.57,40.11
85.2240,-0.018803,-0.004282,0,66.57,40.11
85.2320,-0.019780,-0.005675,0,66.57,40.11
85.2400,-0.018803,-0.007122,0,66.57,40.11
85.2480,-0.016850,-0.007902,0,66.57,40.11
85.2560,-0.013919,-0.007662,0,66.57,40.11
85.2640,-0.009035,-0.006472,0,66.57,40.11
85.2720,-0.004151,-0.004741,0,66.57,40.11
85.2800,0.010989,0.062676,0,66.57,40.11
85.2880,0.025153,0.074751,0,66.57,40.11
85.2960,0.039316,0.085684,0,66.57,40.11
85.3040,0.046154,0.093484,0,66.57,40.11
85.3120,0.049573,0.096881,0,66.57,40.11
85.3200,0.048596,0.095512,0,66.57,40.11
85.3280,0.041758,0.089859,0,66.57,40.11
85.3360,0.032479,0.081088,0,66.57,40.11
85.3440,0.022711,0.070793,0,66.57,40.11
85.3520,0.010989,0.060693,0,66.57,40.11
85.3600,-0.000733,0.052248,0,66.57,40.11
85.3680,-0.005128,0.046072,0,66.57,40.11
85.3760,-0.006105,0.041516,0,66.57,40.11
85.3840,-0.003175,0.095216,0,66.57,40.11
85.3920,-0.000244,0.099467,0,66.57,40.11
85.4000,0.003175,0.102012,0,66.57,40.11
85.4080,-0.005128,0.101091,0,66.57,40.11
85.4160,-0.011966,0.095925,0,66.57,40.11
85.4240,-0.023199,0.086734,0,66.57,40.11
85.4320,-0.038828,0.074718,0,66.57,40.11
85.4400,-0.059829,0.061983,0,66.57,40.11
85.4480,-0.073504,0.051022,0,66.57,40.11
85.4560,-0.085714,0.043868,0,66.57,40.11
85.4640,-0.090110,0.041424,0,66.57,40.11
85.4720,-0.091087,0.043211,0,66.57,40.11
85.4800,-0.088156,0.047515,0,66.57,40.11
85.4880,-0.085714,-0.036646,0,66.57,40.11
85.4960,-0.084249,-0.032285,0,66.57,40.11
85.5040,-0.079853,-0.027525,0,66.57,40.11
85.5120,-0.075458,-0.023054,0,66.57,40.11
85.5200,-0.071062,-0.019541,0,66.57,40.11
85.5280,-0.070574,-0.017377,0,66.57,40.11
85.5360,-0.073016,-0.016458,0,66.57,40.11
85.5440,-0.074481,-0.016297,0,66.57,40.11
85.5520,-0.074481,-0.016379,0,66.57,40.11
85.5600,-0.076435,-0.016357,0,66.57,40.11
85.5680,-0.077411,-0.016060,0,66.57,40.11
85.5760,-0.078388,-0.015457,0,66.57,40.11
85.5840,-0.079365,-0.014657,0,66.57,40.11
85.5920,-0.082784,-0.025884,0,66.57,40.11
85.6000,-0.085226,-0.025220,0,66.57,40.11
85.6080,-0.085714,-0.023533,0,66.57,40.11
85.6160,-0.085714,-0.020958,0,66.57,40.11
85.6240,-0.083272,-0.018144,0,66.57,40.11
85.6320,-0.080342,-0.016039,0,66.57,40.11
85.6400,-0.083272,-0.015371,0,66.57,40.11
85.6480,-0.086203,-0.016147,0,66.57,40.11
85.6560,-0.092552,-0.017592,0,66.57,40.11
85.6640,-0.096459,-0.018514,0,66.57,40.11
85.6720,-0.098901,-0.017923,0,66.57,40.11
85.6800,-0.095971,-0.015562,0,66.57,40.11
85.6880,-0.093040,-0.012043,0,66.57,40.11
85.6960,-0.092552,0.028328,0,66.57,40.11
85.7040,-0.094017,0.031031,0,66.57,40.11
85.7120,-0.095971,0.031119,0,66.57,40.11
85.7200,-0.101343,0.027655,0,66.57,40.11
85.7280,-0.112088,0.020233,0,66.57,40.11
85.7360,-0.127228,0.009287,0,66.57,40.11
85.7440,-0.141880,-0.003809,0,66.57,40.11
85.7520,-0.156532,-0.016774,0,66.57,40.11
85.7600,-0.172650,-0.026490,0,66.57,40.11
85.7680,-0.183883,-0.029465,0,66.57,40.11
85.7760,-0.183883,-0.023087,0,66.57,40.11
85.7840,-0.170208,-0.007269,0,66.57,40.11
85.7920,-0.138950,0.014591,0,66.57,40.11
85.8000,-0.090110,-0.856814,0,66.57,40.11
85.8080,-0.027595,-0.831501,0,66.57,40.11
85.8160,0.050549,-0.786829,0,66.57,40.11
85.8240,0.148718,-0.720915,0,66.57,40.11
85.8320,0.276190,-0.633684,0,66.57,40.11
85.8400,0.417338,-0.528773,0,66.57,40.11
85.8480,0.570208,-0.415070,0,66.57,40.11
85.8560,0.727961,-0.307675,0,66.57,40.11
85.8640,0.912088,-0.226520,1,66.57,40.11
85.8720,1.000000,-0.190011,1,66.57,40.11
85.8800,1.000000,-0.206335,1,66.57,40.11
85.8880,1.000000,-0.269276,0,66.57,40.11
85.8960,0.920879,-0.359811,0,66.57,40.11
85.9040,0.710867,0.773493,0,66.57,40.11
85.9120,0.499878,0.614340,0,66.57,40.11
85.9200,0.304029,0.445108,0,66.57,40.11
85.9280,0.115507,0.284436,0,66.57,40.11
85.9360,-0.056899,0.146744,0,66.57,40.11
85.9440,-0.192674,0.042528,0,66.57,40.11
85.9520,-0.281563,-0.021956,0,66.57,40.11
85.9600,-0.320147,-0.045506,0,66.57,40.11
85.9680,-0.310867,-0.032252,0,66.57,40.11
85.9760,-0.265934,0.009350,0,66.57,40.11
85.9840,-0.200488,0.068968,0,66.57,40.11
85.9920,-0.137973,0.137541,0,66.57,40.11
86.0000,-0.086203,0.209434,0,66.57,40.11
86.0080,-0.058852,0.016801,0,66.57,40.11
86.0160,-0.049573,0.036389,0,66.57,40.11
86.0240,-0.052015,0.041488,0,66.57,40.11
86.0320,-0.062759,0.036694,0,66.57,40.11
86.0400,-0.076923,0.026919,0,66.57,40.11
86.0480,-0.090110,0.016213,0,66.57,40.11
86.0560,-0.099389,0.007214,0,66.57,40.11
86.0640,-0.105250,0.001187,0,66.57,40.11
86.0720,-0.111600,-0.001563,0,66.57,40.11
86.0800,-0.110623,-0.001324,0,66.57,40.11
86.0880,-0.110134,0.001210,0,66.57,40.11
86.0960,-0.104762,0.005134,0,66.57,40.11
86.1040,-0.106227,0.009669,0,66.57,40.11
86.1120,-0.109158,-0.244157,0,66.57,40.11
86.1200,-0.115018,-0.252781,0,66.57,40.11
86.1280,-0.121368,-0.260578,0,66.57,40.11
86.1360,-0.129182,-0.265929,0,66.57,40.11
86.1440,-0.132601,-0.267405,0,66.57,40.11
86.1520,-0.135043,-0.264085,0,66.57,40.11
86.1600,-0.137973,-0.255559,0,66.57,40.11
86.1680,-0.140904,-0.241826,0,66.57,40.11
86.1760,-0.140415,-0.223348,0,66.57,40.11
86.1840,-0.135043,-0.201126,0,66.57,40.11
86.1920,-0.131136,-0.176507,0,66.57,40.11
86.2000,-0.122344,-0.150768,0,66.57,40.11
86.2080,-0.115018,-0.124743,0,66.57,40.11
86.2160,-0.108669,-0.012568,0,66.57,40.11
86.2240,-0.106227,-0.001073,0,66.57,40.11
86.2320,-0.105739,0.005660,0,66.57,40.11
86.2400,-0.103297,0.008612,0,66.57,40.11
86.2480,-0.101343,0.008980,0,66.57,40.11
86.2560,-0.096947,0.007840,0,66.57,40.11
86.2640,-0.093529,0.006029,0,66.57,40.11
86.2720,-0.090110,0.004169,0,66.57,40.11
86.2800,-0.086203,0.002699,0,66.57,40.11
86.2880,-0.084737,0.001889,0,66.57,40.11
86.2960,-0.083272,0.001831,0,66.57,40.11
86.3040,-0.080342,0.002390,0,66.57,40.11
86.3120,-0.080342,0.003254,0,66.57,40.11
86.3200,-0.081319,0.008439,0,66.57,40.11
86.3280,-0.085714,0.006454,0,66.57,40.11
86.3360,-0.091087,0.004699,0,66.57,40.11
86.3440,-0.093040,0.004174,0,66.57,40.11
86.3520,-0.089133,0.005304,0,66.57,40.11
86.3600,-0.084737,0.007683,0,66.57,40.11
86.3680,-0.080342,0.010389,0,66.57,40.11
86.3760,-0.077900,0.012498,0,66.57,40.11
86.3840,-0.077411,0.013409,0,66.57,40.11
86.3920,-0.077411,0.012836,0,66.57,40.11
86.4000,-0.076923,0.010704,0,66.57,40.11
86.4080,-0.080342,0.007173,0,66.57,40.11
86.4160,-0.085226,0.002778,0,66.57,40.11
86.4240,-0.085714,0.000818,0,66.57,40.11
86.4320,-0.085714,-0.000704,0,66.57,40.11
86.4400,-0.084737,-0.000988,0,66.57,40.11
86.4480,-0.083272,-0.000055,0,66.57,40.11
86.4560,-0.078388,0.001875,0,66.57,40.11
86.4640,-0.075458,0.004392,0,66.57,40.11
86.4720,-0.070085,0.006953,0,66.57,40.11
86.4800,-0.065690,0.008959,0,66.57,40.11
86.4880,-0.063736,0.009881,0,66.57,40.11
86.4960,-0.061783,0.009384,0,66.57,40.11
86.5040,-0.061783,0.007395,0,66.57,40.11
86.5120,-0.065201,0.004166,0,66.57,40.11
86.5200,-0.067643,0.000239,0,66.57,40.11
86.5280,-0.069597,0.009757,0,66.57,40.11
86.5360,-0.067643,0.008332,0,66.57,40.11
86.5440,-0.067155,0.007443,0,66.57,40.11
86.5520,-0.069597,0.007019,0,66.57,40.11
86.5600,-0.068620,0.007069,0,66.57,40.11
86.5680,-0.067155,0.007510,0,66.57,40.11
86.5760,-0.065201,0.008060,0,66.57,40.11
86.5840,-0.063736,0.008384,0,66.57,40.11
86.5920,-0.065690,0.008290,0,66.57,40.11
86.6000,-0.064713,0.007755,0,66.57,40.11
86.6080,-0.065201,0.006821,0,66.57,40.11
86.6160,-0.066667,0.005570,0,66.57,40.11
86.6240,-0.067643,0.004142,0,66.57,40.11
86.6320,-0.069597,-0.017520,0,66.57,40.11
86.6400,-0.069109,-0.018885,0,66.57,40.11
86.6480,-0.068620,-0.019395,0,66.57,40.11
86.6560,-0.066667,-0.019085,0,66.57,40.11
86.6640,-0.062759,-0.018240,0,66.57,40.11
86.6720,-0.059829,-0.017250,0,66.57,40.11
86.6800,-0.057875,-0.016339,0,66.57,40.11
86.6880,-0.057875,-0.015423,0,66.57,40.11
86.6960,-0.054945,-0.014267,0,66.57,40.11
86.7040,-0.052015,-0.012779,0,66.57,40.11
86.7120,-0.047619,-0.011158,0,66.57,40.11
86.7200,-0.041270,-0.009735,0,66.57,40.11
86.7280,-0.041758,-0.008608,0,66.57,40.11
86.7360,-0.041758,0.024367,0,66.57,40.11
86.7440,-0.043712,0.023160,0,66.57,40.11
86.7520,-0.044689,0.020969,0,66.57,40.11
86.7600,-0.046642,0.018129,0,66.57,40.11
86.7680,-0.052015,0.015055,0,66.57,40.11
86.7760,-0.054457,0.012201,0,66.57,40.11
86.7840,-0.056410,0.009888,0,66.57,40.11
86.7920,-0.057387,0.008233,0,66.57,40.11
86.8000,-0.059341,0.007266,0,66.57,40.11
86.8080,-0.060317,0.007024,0,66.57,40.11
86.8160,-0.059341,0.007514,0,66.57,40.11
86.8240,-0.059341,0.008634,0,66.57,40.11
86.8320,-0.056899,0.010136,0,66.57,40.11
86.8400,-0.054457,-0.000715,0,66.57,40.11
86.8480,-0.055922,-0.002892,0,66.57,40.11
86.8560,-0.061294,-0.006541,0,66.57,40.11
86.8640,-0.067643,-0.010748,0,66.57,40.11
86.8720,-0.070574,-0.014249,0,66.57,40.11
86.8800,-0.072527,-0.015980,0,66.57,40.11
86.8880,-0.071551,-0.015407,0,66.57,40.11
86.8960,-0.069597,-0.012689,0,66.57,40.11
86.9040,-0.061783,-0.008725,0,66.57,40.11
86.9120,-0.054945,-0.004917,0,66.57,40.11
86.9200,-0.052015,-0.002536,0,66.57,40.11
86.9280,-0.051038,-0.002055,0,66.57,40.11
86.9360,-0.054457,-0.002895,0,66.57,40.11
86.9440,-0.058852,0.025870,0,66.57,40.11
86.9520,-0.065201,0.021474,0,66.57,40.11
86.9600,-0.073016,0.017182,0,66.57,40.11
86.9680,-0.078877,0.014107,0,66.57,40.11
86.9760,-0.080830,0.012749,0,66.57,40.11
86.9840,-0.078388,0.012741,0,66.57,40.11
86.9920,-0.077900,0.013123,0,66.57,40.11
87.0000,-0.078877,0.012996,0,66.57,40.11
87.0080,-0.084249,0.012041,0,66.57,40.11
87.0160,-0.088156,0.010551,0,66.57,40.11
87.0240,-0.093040,0.009060,0,66.57,40.11
87.0320,-0.094994,0.007921,0,66.57,40.11
87.0400,-0.096947,0.007112,0,66.57,40.11
87.0480,-0.094994,-0.000044,0,66.57,40.11
87.0560,-0.095971,0.000734,0,66.57,40.11
87.0640,-0.097436,0.001242,0,66.57,40.11
87.0720,-0.098413,0.001126,0,66.57,40.11
87.0800,-0.100366,0.000165,0,66.57,40.11
87.0880,-0.102320,-0.001654,0,66.57,40.11
87.0960,-0.108669,-0.003984,0,66.57,40.11
87.1040,-0.114530,-0.006134,0,66.57,40.11
87.1120,-0.116972,-0.007364,0,66.57,40.11
87.1200,-0.116972,-0.007242,0,66.57,40.11
87.1280,-0.116972,-0.005730,0,66.57,40.11
87.1360,-0.115507,-0.003091,0,66.57,40.11
87.1440,-0.112576,0.000189,0,66.57,40.11
87.1520,-0.108181,-0.031017,0,66.57,40.11
87.1600,-0.101343,-0.027554,0,66.57,40.11
87.1680,-0.099878,-0.025197,0,66.57,40.11
87.1760,-0.098413,-0.024325,0,66.57,40.11
87.1840,-0.098901,-0.024721,0,66.57,40.11
87.1920,-0.101343,-0.025685,0,66.57,40.11
87.2000,-0.101343,-0.026300,0,66.57,40.11
87.2080,-0.101832,-0.025772,0,66.57,40.11
87.2160,-0.101343,-0.023745,0,66.57,40.11
87.2240,-0.094017,-0.020535,0,66.57,40.11
87.2320,-0.088156,-0.017001,0,66.57,40.11
87.2400,-0.085226,-0.013921,0,66.57,40.11
87.2480,-0.085714,-0.011399,0,66.57,40.11
87.2560,-0.085714,0.006085,0,66.57,40.11
87.2640,-0.085714,0.005880,0,66.57,40.11
87.2720,-0.085714,0.004924,0,66.57,40.11
87.2800,-0.088645,0.003610,0,66.57,40.11
87.2880,-0.091087,0.002397,0,66.57,40.11
87.2960,-0.092063,0.001605,0,66.57,40.11
87.3040,-0.090598,0.001219,0,66.57,40.11
87.3120,-0.090110,0.000954,0,66.57,40.11
87.3200,-0.090110,0.000599,0,66.57,40.11
87.3280,-0.092552,0.000285,0,66.57,40.11
87.3360,-0.094017,0.000409,0,66.57,40.11
87.3440,-0.092063,0.001244,0,66.57,40.11
87.3520,-0.089133,0.002620,0,66.57,40.11
87.3600,-0.085714,0.002835,0,66.57,40.11
87.3680,-0.080342,0.006711,0,66.57,40.11
87.3760,-0.073016,0.009370,0,66.57,40.11
87.3840,-0.070574,0.009580,0,66.57,40.11
87.3920,-0.076923,0.006995,0,66.57,40.11
87.4000,-0.081319,0.002423,0,66.57,40.11
87.4080,-0.088156,-0.002594,0,66.57,40.11
87.4160,-0.092552,-0.006476,0,66.57,40.11
87.4240,-0.090598,-0.008188,0,66.57,40.11
87.4320,-0.088156,-0.007444,0,66.57,40.11
87.4400,-0.085714,-0.004499,0,66.57,40.11
87.4480,-0.078388,0.000079,0,66.57,40.11
87.4560,-0.072527,0.005516,0,66.57,40.11
87.4640,-0.069109,0.040367,0,66.57,40.11
87.4720,-0.064225,0.044857,0,66.57,40.11
87.4800,-0.063248,0.047993,0,66.57,40.11
87.4880,-0.062759,0.049696,0,66.57,40.11
87.4960,-0.062759,0.050025,0,66.57,40.11
87.5040,-0.065201,0.049087,0,66.57,40.11
87.5120,-0.068620,0.047002,0,66.57,40.11
87.5200,-0.070574,0.043888,0,66.57,40.11
87.5280,-0.077411,0.039925,0,66.57,40.11
87.5360,-0.083272,0.035449,0,66.57,40.11
87.5440,-0.090598,0.030873,0,66.57,40.11
87.5520,-0.095971,0.026487,0,66.57,40.11
87.5600,-0.100855,0.022313,0,66.57,40.11
87.5680,-0.101343,-0.022294,0,66.57,40.11
87.5760,-0.095971,-0.018964,0,66.57,40.11
87.5840,-0.089133,-0.013231,0,66.57,40.11
87.5920,-0.079365,-0.006633,0,66.57,40.11
87.6000,-0.070574,-0.000884,0,66.57,40.11
87.6080,-0.068620,0.002760,0,66.57,40.11
87.6160,-0.066667,0.003902,0,66.57,40.11
87.6240,-0.069109,0.002939,0,66.57,40.11
87.6320,-0.071062,0.000732,0,66.57,40.11
87.6400,-0.073016,-0.001790,0,66.57,40.11
87.6480,-0.074481,-0.003921,0,66.57,40.11
87.6560,-0.076435,-0.005346,0,66.57,40.11
87.6640,-0.074481,-0.006232,0,66.57,40.11
87.6720,-0.075946,-0.001090,0,66.57,40.11
87.6800,-0.079853,-0.002884,0,66.57,40.11
87.6880,-0.081319,-0.004770,0,66.57,40.11
87.6960,-0.083272,-0.006456,0,66.57,40.11
87.7040,-0.085714,-0.007694,0,66.57,40.11
87.7120,-0.084737,-0.008411,0,66.57,40.11
87.7200,-0.082784,-0.008737,0,66.57,40.11
87.7280,-0.083761,-0.008805,0,66.57,40.11
87.7360,-0.084249,-0.008550,0,66.57,40.11
87.7440,-0.083272,-0.007787,0,66.57,40.11
87.7520,-0.080830,-0.006413,0,66.57,40.11
87.7600,-0.079853,-0.004500,0,66.57,40.11
87.7680,-0.076923,-0.002266,0,66.57,40.11
87.7760,-0.076435,0.013137,0,66.57,40.11
87.7840,-0.077411,0.014501,0,66.57,40.11
87.7920,-0.075458,0.015453,0,66.57,40.11
87.8000,-0.076435,0.016040,0,66.57,40.11
87.8080,-0.077900,0.016372,0,66.57,40.11
87.8160,-0.080342,0.016544,0,66.57,40.11
87.8240,-0.077411,0.016426,0,66.57,40.11
87.8320,-0.078388,0.015696,0,66.57,40.11
87.8400,-0.081319,0.014197,0,66.57,40.11
87.8480,-0.085714,0.012181,0,66.57,40.11
87.8560,-0.088645,0.010136,0,66.57,40.11
87.8640,-0.090110,0.008405,0,66.57,40.11
87.8720,-0.090598,0.006975,0,66.57,40.11
87.8800,-0.092063,-0.015741,0,66.57,40.11
87.8880,-0.091575,-0.015859,0,66.57,40.11
87.8960,-0.090598,-0.015201,0,66.57,40.11
87.9040,-0.087179,-0.014038,0,66.57,40.11
87.9120,-0.088156,-0.012645,0,66.57,40.11
87.9200,-0.085714,-0.011198,0,66.57,40.11
87.9280,-0.084249,-0.009810,0,66.57,40.11
87.9360,-0.083272,-0.008574,0,66.57,40.11
87.9440,-0.082295,-0.007565,0,66.57,40.11
87.9520,-0.080830,-0.006871,0,66.57,40.11
87.9600,-0.080342,-0.006587,0,66.57,40.11
87.9680,-0.079365,-0.006746,0,66.57,40.11
87.9760,-0.080830,-0.007212,0,66.57,40.11
87.9840,-0.082295,-0.021886,0,66.57,40.11
87.9920,-0.083761,-0.022596,0,66.57,40.11
88.0000,-0.082295,-0.022110,0,66.57,40.11
88.0080,-0.076435,-0.020399,0,66.57,40.11
88.0160,-0.073016,-0.017825,0,66.57,40.11
88.0240,-0.070085,-0.014834,0,66.57,40.11
88.0320,-0.066667,-0.011841,0,66.57,40.11
88.0400,-0.059829,-0.009323,0,66.57,40.11
88.0480,-0.057875,-0.007758,0,66.57,40.11
88.0560,-0.055922,-0.007357,0,66.57,40.11
88.0640,-0.057387,-0.007929,0,66.57,40.11
88.0720,-0.058364,-0.009043,0,66.57,40.11
88.0800,-0.056899,-0.010337,0,66.57,40.11
88.0880,-0.054457,-0.068118,0,66.57,40.11
88.0960,-0.048596,-0.068178,0,66.57,40.11
88.1040,-0.044200,-0.067225,0,66.57,40.11
88.1120,-0.039316,-0.065496,0,66.57,40.11
88.1200,-0.032479,-0.063196,0,66.57,40.11
88.1280,-0.024176,-0.060534,0,66.57,40.11
88.1360,-0.016850,-0.057638,0,66.57,40.11
88.1440,-0.010501,-0.054392,0,66.57,40.11
88.1520,-0.004640,-0.050493,0,66.57,40.11
88.1600,0.008059,-0.045793,0,66.57,40.11
88.1680,0.018803,-0.040516,0,66.57,40.11
88.1760,0.031013,-0.035071,0,66.57,40.11
88.1840,0.039805,-0.029703,0,66.57,40.11
88.1920,0.048107,0.099037,0,66.57,40.11
88.2000,0.048596,0.101333,0,66.57,40.11
88.2080,0.046642,0.100166,0,66.57,40.11
88.2160,0.039316,0.096441,0,66.57,40.11
88.2240,0.034432,0.091392,0,66.57,40.11
88.2320,0.027106,0.086084,0,66.57,40.11
88.2400,0.023687,0.081091,0,66.57,40.11
88.2480,0.018315,0.076463,0,66.57,40.11
88.2560,0.013919,0.071896,0,66.57,40.11
88.2640,0.008059,0.066960,0,66.57,40.11
88.2720,0.004151,0.061286,0,66.57,40.11
88.2800,-0.005128,0.054784,0,66.57,40.11
88.2880,-0.012943,0.047750,0,66.57,40.11
88.2960,-0.023199,0.071657,0,66.57,40.11
88.3040,-0.031990,0.063023,0,66.57,40.11
88.3120,-0.042247,0.053146,0,66.57,40.11
88.3200,-0.058852,0.042644,0,66.57,40.11
88.3280,-0.072527,0.032751,0,66.57,40.11
88.3360,-0.085714,0.024904,0,66.57,40.11
88.3440,-0.093040,0.020078,0,66.57,40.11
88.3520,-0.095971,0.018333,0,66.57,40.11
88.3600,-0.095971,0.018834,0,66.57,40.11
88.3680,-0.096459,0.020353,0,66.57,40.11
88.3760,-0.098901,0.021880,0,66.57,40.11
88.3840,-0.101343,0.022976,0,66.57,40.11
88.3920,-0.104762,0.023745,0,66.57,40.11
88.4000,-0.108181,-0.057908,0,66.57,40.11
88.4080,-0.110623,-0.061950,0,66.57,40.11
88.4160,-0.115507,-0.066491,0,66.57,40.11
88.4240,-0.119414,-0.071172,0,66.57,40.11
88.4320,-0.125275,-0.075252,0,66.57,40.11
88.4400,-0.131136,-0.077677,0,66.57,40.11
88.4480,-0.130159,-0.077442,0,66.57,40.11
88.4560,-0.129182,-0.074027,0,66.57,40.11
88.4640,-0.122833,-0.067632,0,66.57,40.11
88.4720,-0.113065,-0.059175,0,66.57,40.11
88.4800,-0.103297,-0.049944,0,66.57,40.11
88.4880,-0.096459,-0.040948,0,66.57,40.11
88.4960,-0.093529,-0.032408,0,66.57,40.11
88.5040,-0.094994,-0.013995,0,66.57,40.11
88.5120,-0.096459,-0.012414,0,66.57,40.11
88.5200,-0.098901,-0.012134,0,66.57,40.11
88.5280,-0.101343,-0.012681,0,66.57,40.11
88.5360,-0.102808,-0.013816,0,66.57,40.11
88.5440,-0.106716,-0.015321,0,66.57,40.11
88.5520,-0.112576,-0.016733,0,66.57,40.11
88.5600,-0.117949,-0.017378,0,66.57,40.11
88.5680,-0.118437,-0.016772,0,66.57,40.11
88.5760,-0.116972,-0.014940,0,66.57,40.11
88.5840,-0.116484,-0.012310,0,66.57,40.11
88.5920,-0.115507,-0.009346,0,66.57,40.11
88.6000,-0.115507,-0.006314,0,66.57,40.11
88.6080,-0.122344,-0.263328,0,66.57,40.11
88.6160,-0.132601,-0.285873,0,66.57,40.11
88.6240,-0.150672,-0.313865,0,66.57,40.11
88.6320,-0.173138,-0.345144,0,66.57,40.11
88.6400,-0.195116,-0.375880,0,66.57,40.11
88.6480,-0.210745,-0.401191,0,66.57,40.11
88.6560,-0.212210,-0.416005,0,66.57,40.11
88.6640,-0.201954,-0.415788,0,66.57,40.11
88.6720,-0.170208,-0.397111,0,66.57,40.11
88.6800,-0.119414,-0.358218,0,66.57,40.11
88.6880,-0.050061,-0.299662,0,66.57,40.11
88.6960,0.039316,-0.225004,0,66.57,40.11
88.7040,0.148718,-0.141181,0,66.57,40.11
88.7120,0.283028,0.332111,0,66.57,40.11
88.7200,0.436874,0.475648,0,66.57,40.11
88.7280,0.601954,0.626984,0,66.57,40.11
88.7360,0.792430,0.770638,0,66.57,40.11
88.7440,1.000000,0.888162,0,66.57,40.11
88.7520,1.000000,0.966034,0,66.57,40.11
88.7600,1.000000,1.000000,1,66.57,40.11
88.7680,1.000000,0.989667,1,66.57,40.11
88.7760,1.000000,0.932199,0,66.57,40.11
88.7840,0.862759,0.825209,0,66.57,40.11
88.7920,0.634188,0.673792,0,66.57,40.11
88.8000,0.417827,0.491152,0,66.57,40.11
88.8080,0.200000,0.293242,0,66.57,40.11
88.8160,-0.009035,-0.027882,0,66.57,40.11
88.8240,-0.175580,-0.184799,0,66.57,40.11
88.8320,-0.285470,-0.288650,0,66.57,40.11
88.8400,-0.325031,-0.335322,0,66.57,40.11
88.8480,-0.307937,-0.331057,0,66.57,40.11
88.8560,-0.252259,-0.290486,0,66.57,40.11
88.8640,-0.179487,-0.232455,0,66.57,40.11
88.8720,-0.115507,-0.175123,0,66.57,40.11
88.8800,-0.071551,-0.131877,0,66.57,40.11
88.8880,-0.053480,-0.109293,0,66.57,40.11
88.8960,-0.054457,-0.107385,0,66.57,40.11
88.9040,-0.067643,-0.121358,0,66.57,40.11
88.9120,-0.088156,-0.143648,0,66.57,40.11
88.9200,-0.108669,-0.038357,0,66.57,40.11
88.9280,-0.124298,-0.054689,0,66.57,40.11
88.9360,-0.133578,-0.068107,0,66.57,40.11
88.9440,-0.143346,-0.078258,0,66.57,40.11
88.9520,-0.150672,-0.085300,0,66.57,40.11
88.9600,-0.155067,-0.089290,0,66.57,40.11
88.9680,-0.156532,-0.090106,0,66.57,40.11
88.9760,-0.153602,-0.087645,0,66.57,40.11
88.9840,-0.148230,-0.082035,0,66.57,40.11
88.9920,-0.141880,-0.073701,0,66.57,40.11
89.0000,-0.134066,-0.063297,0,66.57,40.11
89.0080,-0.129182,-0.051557,0,66.57,40.11
89.0160,-0.127717,-0.039135,0,66.57,40.11
89.0240,-0.132601,-0.252606,0,66.57,40.11
89.0320,-0.137973,-0.249273,0,66.57,40.11
89.0400,-0.141880,-0.242802,0,66.57,40.11
89.0480,-0.143834,-0.232578,0,66.57,40.11
89.0560,-0.145788,-0.218710,0,66.57,40.11
89.0640,-0.147741,-0.201769,0,66.57,40.11
89.0720,-0.146764,-0.182733,0,66.57,40.11
89.0800,-0.143346,-0.163196,0,66.57,40.11
89.0880,-0.137973,-0.145322,0,66.57,40.11
89.0960,-0.133578,-0.131237,0,66.57,40.11
89.1040,-0.132112,-0.122149,0,66.57,40.11
89.1120,-0.131136,-0.117763,0,66.57,40.11
89.1200,-0.130159,-0.116266,0,66.57,40.11
89.1280,-0.131624,0.008024,0,66.57,40.11
89.1360,-0.132601,0.003745,0,66.57,40.11
89.1440,-0.135531,-0.001787,0,66.57,40.11
89.1520,-0.136996,-0.006961,0,66.57,40.11
89.1600,-0.138950,-0.010470,0,66.57,40.11
89.1680,-0.137485,-0.011624,0,66.57,40.11
89.1760,-0.135043,-0.010498,0,66.57,40.11
89.1840,-0.132601,-0.007791,0,66.57,40.11
89.1920,-0.130159,-0.004513,0,66.57,40.11
89.2000,-0.127717,-0.001672,0,66.57,40.11
89.2080,-0.126252,0.000011,0,66.57,40.11
89.2160,-0.127717,0.000359,0,66.57,40.11
89.2240,-0.129670,-0.000174,0,66.57,40.11
89.2320,-0.127228,-0.023188,0,66.57,40.11
89.2400,-0.122833,-0.022586,0,66.57,40.11
89.2480,-0.118437,-0.022052,0,66.57,40.11
89.2560,-0.118437,-0.021978,0,66.57,40.11
89.2640,-0.116972,-0.022426,0,66.57,40.11
89.2720,-0.115507,-0.023179,0,66.57,40.11
89.2800,-0.113553,-0.023901,0,66.57,40.11
89.2880,-0.112576,-0.024203,0,66.57,40.11
89.2960,-0.109158,-0.023676,0,66.57,40.11
89.3040,-0.106227,-0.021949,0,66.57,40.11
89.3120,-0.101832,-0.018768,0,66.57,40.11
89.3200,-0.096459,-0.014164,0,66.57,40.11
89.3280,-0.086203,-0.008650,0,66.57,40.11
89.3360,-0.080830,0.022556,0,66.57,40.11
89.3440,-0.075946,0.024889,0,66.57,40.11
89.3520,-0.074969,0.024546,0,66.57,40.11
89.3600,-0.079365,0.021864,0,66.57,40.11
89.3680,-0.084249,0.017866,0,66.57,40.11
89.3760,-0.086203,0.013731,0,66.57,40.11
89.3840,-0.088645,0.010306,0,66.57,40.11
89.3920,-0.087179,0.007975,0,66.57,40.11
89.4000,-0.089133,0.006836,0,66.57,40.11
89.4080,-0.086691,0.006897,0,66.57,40.11
89.4160,-0.086203,0.008127,0,66.57,40.11
89.4240,-0.082295,0.010360,0,66.57,40.11
89.4320,-0.077411,0.013189,0,66.57,40.11
89.4400,-0.073016,0.026898,0,66.57,40.11
89.4480,-0.070085,0.028547,0,66.57,40.11
89.4560,-0.068620,0.028255,0,66.57,40.11
89.4640,-0.070085,0.025933,0,66.57,40.11
89.4720,-0.075946,0.022183,0,66.57,40.11
89.4800,-0.080342,0.018108,0,66.57,40.11
89.4880,-0.083272,0.014816,0,66.57,40.11
89.4960,-0.084249,0.012958,0,66.57,40.11
89.5040,-0.082784,0.012533,0,66.57,40.11
89.5120,-0.079365,0.013004,0,66.57,40.11
89.5200,-0.077411,0.013681,0,66.57,40.11
89.5280,-0.077900,0.014145,0,66.57,40.11
89.5360,-0.076923,0.014384,0,66.57,40.11
89.5440,-0.077411,0.020898,0,66.57,40.11
89.5520,-0.076435,0.022038,0,66.57,40.11
89.5600,-0.072527,0.023453,0,66.57,40.11
89.5680,-0.070085,0.024796,0,66.57,40.11
89.5760,-0.070085,0.025718,0,66.57,40.11
89.5840,-0.070085,0.026063,0,66.57,40.11
89.5920,-0.070574,0.025803,0,66.57,40.11
89.6000,-0.070085,0.024879,0,66.57,40.11
89.6080,-0.071551,0.023200,0,66.57,40.11
89.6160,-0.074481,0.020773,0,66.57,40.11
89.6240,-0.078388,0.017775,0,66.57,40.11
89.6320,-0.082295,0.014464,0,66.57,40.11
89.6400,-0.085714,0.011046,0,66.57,40.11
89.6480,-0.087179,-0.009595,0,66.57,40.11
89.6560,-0.085714,-0.007204,0,66.57,40.11
89.6640,-0.082295,-0.002607,0,66.57,40.11
89.6720,-0.070574,0.002567,0,66.57,40.11
89.6800,-0.062759,0.005891,0,66.57,40.11
89.6880,-0.060317,0.005299,0,66.57,40.11
89.6960,-0.067643,0.000355,0,66.57,40.11
89.7040,-0.079365,-0.007264,0,66.57,40.11
89.7120,-0.092063,-0.014431,0,66.57,40.11
89.7200,-0.096947,-0.018056,0,66.57,40.11
89.7280,-0.091087,-0.016526,0,66.57,40.11
89.7360,-0.082295,-0.010257,0,66.57,40.11
89.7440,-0.071551,-0.001241,0,66.57,40.11
89.7520,-0.062759,0.039571,0,66.57,40.11
89.7600,-0.054457,0.050956,0,66.57,40.11
89.7680,-0.044200,0.060756,0,66.57,40.11
89.7760,-0.037363,0.067690,0,66.57,40.11
89.7840,-0.034432,0.070820,0,66.57,40.11
89.7920,-0.037851,0.069935,0,66.57,40.11
89.8000,-0.045177,0.065697,0,66.57,40.11
89.8080,-0.054945,0.059378,0,66.57,40.11
89.8160,-0.063736,0.052327,0,66.57,40.11
89.8240,-0.071062,0.045492,0,66.57,40.11
89.8320,-0.078388,0.039266,0,66.57,40.11
89.8400,-0.085714,0.033624,0,66.57,40.11
89.8480,-0.092552,0.028323,0,66.57,40.11
89.8560,-0.098901,-0.022437,0,66.57,40.11
89.8640,-0.107692,-0.028628,0,66.57,40.11
89.8720,-0.114042,-0.033643,0,66.57,40.11
89.8800,-0.117460,-0.037191,0,66.57,40.11
89.8880,-0.116972,-0.039436,0,66.57,40.11
89.8960,-0.116972,-0.040841,0,66.57,40.11
89.9040,-0.117949,-0.041691,0,66.57,40.11
89.9120,-0.120391,-0.041729,0,66.57,40.11
89.9200,-0.121368,-0.040275,0,66.57,40.11
89.9280,-0.116484,-0.036759,0,66.57,40.11
89.9360,-0.108669,-0.031183,0,66.57,40.11
89.9440,-0.099389,-0.024104,0,66.57,40.11
89.9520,-0.092063,-0.016290,0,66.57,40.11
89.9600,-0.089133,0.020119,0,66.57,40.11
89.9680,-0.091575,0.020453,0,66.57,40.11
89.9760,-0.094994,0.018102,0,66.57,40.11
89.9840,-0.104274,0.013727,0,66.57,40.11
89.9920,-0.114530,0.008481,0,66.57,40.11
90.0000,-0.124786,0.003726,0,66.57,40.11
90.0080,-0.131624,0.000603,0,66.57,40.11
90.0160,-0.132601,-0.000385,0,66.57,40.11
90.0240,-0.131136,0.000489,0,66.57,40.11
90.0320,-0.126740,0.002422,0,66.57,40.11
90.0400,-0.126740,0.004578,0,66.57,40.11
90.0480,-0.127228,0.006496,0,66.57,40.11
90.0560,-0.128205,0.008173,0,66.57,40.11
90.0640,-0.131624,-0.025002,0,66.57,40.11
90.0720,-0.132112,-0.023987,0,66.57,40.11
90.0800,-0.131136,-0.021570,0,66.57,40.11
90.0880,-0.127228,-0.017992,0,66.57,40.11
90.0960,-0.121368,-0.014167,0,66.57,40.11
90.1040,-0.119902,-0.011277,0,66.57,40.11
90.1120,-0.117949,-0.010240,0,66.57,40.11
90.1200,-0.118926,-0.011267,0,66.57,40.11
90.1280,-0.125763,-0.013618,0,66.57,40.11
90.1360,-0.132601,-0.015775,0,66.57,40.11
90.1440,-0.134066,-0.016219,0,66.57,40.11
90.1520,-0.132112,-0.014331,0,66.57,40.11
90.1600,-0.124298,-0.010804,0,66.57,40.11
90.1680,-0.115507,0.016281,0,66.57,40.11
90.1760,-0.108669,0.022134,0,66.57,40.11
90.1840,-0.106716,0.025646,0,66.57,40.11
90.1920,-0.107692,0.026268,0,66.57,40.11
90.2000,-0.111600,0.024382,0,66.57,40.11
90.2080,-0.116972,0.020983,0,66.57,40.11
90.2160,-0.122344,0.017247,0,66.57,40.11
90.2240,-0.125275,0.014120,0,66.57,40.11
90.2320,-0.128205,0.012100,0,66.57,40.11
90.2400,-0.129182,0.011242,0,66.57,40.11
90.2480,-0.130159,0.011287,0,66.57,40.11
90.2560,-0.130159,0.011851,0,66.57,40.11
90.2640,-0.132112,0.012614,0,66.57,40.11
90.2720,-0.131136,-0.063992,0,66.57,40.11
90.2800,-0.126252,-0.061094,0,66.57,40.11
90.2880,-0.117949,-0.055836,0,66.57,40.11
90.2960,-0.106227,-0.048904,0,66.57,40.11
90.3040,-0.095482,-0.041382,0,66.57,40.11
90.3120,-0.084249,-0.034337,0,66.57,40.11
90.3200,-0.076435,-0.028486,0,66.57,40.11
90.3280,-0.070085,-0.024116,0,66.57,40.11
90.3360,-0.064713,-0.021272,0,66.57,40.11
90.3440,-0.057875,-0.020029,0,66.57,40.11
90.3520,-0.053968,-0.020494,0,66.57,40.11
90.3600,-0.053480,-0.022535,0,66.57,40.11
90.3680,-0.053968,-0.025560,0,66.57,40.11
90.3760,-0.057875,0.045859,0,66.57,40.11
90.3840,-0.064713,0.041222,0,66.57,40.11
90.3920,-0.070085,0.036852,0,66.57,40.11
90.4000,-0.074481,0.033785,0,66.57,40.11
90.4080,-0.075458,0.032367,0,66.57,40.11
90.4160,-0.073016,0.032034,0,66.57,40.11
90.4240,-0.070574,0.031588,0,66.57,40.11
90.4320,-0.070085,0.029936,0,66.57,40.11
90.4400,-0.076435,0.026869,0,66.57,40.11
90.4480,-0.085226,0.023231,0,66.57,40.11
90.4560,-0.087179,0.020196,0,66.57,40.11
90.4640,-0.087179,0.018353,0,66.57,40.11
90.4720,-0.086691,0.017398,0,66.57,40.11
90.4800,-0.085714,0.005239,0,66.57,40.11
90.4880,-0.082784,0.007548,0,66.57,40.11
90.4960,-0.078877,0.010146,0,66.57,40.11
90.5040,-0.075458,0.012246,0,66.57,40.11
90.5120,-0.074481,0.013280,0,66.57,40.11
90.5200,-0.074969,0.013081,0,66.57,40.11
90.5280,-0.075458,0.011855,0,66.57,40.11
90.5360,-0.077411,0.010013,0,66.57,40.11
90.5440,-0.077411,0.008016,0,66.57,40.11
90.5520,-0.079365,0.006299,0,66.57,40.11
90.5600,-0.080342,0.005199,0,66.57,40.11
90.5680,-0.078877,0.004816,0,66.57,40.11
90.5760,-0.076923,0.004916,0,66.57,40.11
90.5840,-0.074969,0.024018,0,66.57,40.11
90.5920,-0.073016,0.026125,0,66.57,40.11
90.6000,-0.071551,0.027839,0,66.57,40.11
90.6080,-0.070574,0.028721,0,66.57,40.11
90.6160,-0.070574,0.028504,0,66.57,40.11
90.6240,-0.075458,0.027270,0,66.57,40.11
90.6320,-0.079853,0.025427,0,66.57,40.11
90.6400,-0.083272,0.023388,0,66.57,40.11
90.6480,-0.084249,0.021277,0,66.57,40.11
90.6560,-0.088156,0.019032,0,66.57,40.11
90.6640,-0.094505,0.016722,0,66.57,40.11
90.6720,-0.100855,0.014590,0,66.57,40.11
90.6800,-0.101832,0.012718,0,66.57,40.11
90.6880,-0.101343,-0.042224,0,66.57,40.11
90.6960,-0.098413,-0.042742,0,66.57,40.11
90.7040,-0.096947,-0.043978,0,66.57,40.11
90.7120,-0.098413,-0.046877,0,66.57,40.11
90.7200,-0.101343,-0.051569,0,66.57,40.11
90.7280,-0.108669,-0.057094,0,66.57,40.11
90.7360,-0.115507,-0.061600,0,66.57,40.11
90.7440,-0.117949,-0.063039,0,66.57,40.11
90.7520,-0.114042,-0.060121,0,66.57,40.11
90.7600,-0.100366,-0.052936,0,66.57,40.11
90.7680,-0.085714,-0.042802,0,66.57,40.11
90.7760,-0.070085,-0.031368,0,66.57,40.11
90.7840,-0.061783,-0.019677,0,66.57,40.11
90.7920,-0.059829,0.016210,0,66.57,40.11
90.8000,-0.063248,0.014736,0,66.57,40.11
90.8080,-0.069597,0.010025,0,66.57,40.11
90.8160,-0.078388,0.004136,0,66.57,40.11
90.8240,-0.084249,-0.000949,0,66.57,40.11
90.8320,-0.085714,-0.003971,0,66.57,40.11
90.8400,-0.085714,-0.004641,0,66.57,40.11
90.8480,-0.083272,-0.003452,0,66.57,40.11
90.8560,-0.080342,-0.001290,0,66.57,40.11
90.8640,-0.077900,0.000961,0,66.57,40.11
90.8720,-0.075946,0.002716,0,66.57,40.11
90.8800,-0.076435,0.003826,0,66.57,40.11
90.8880,-0.075946,0.004518,0,66.57,40.11
90.8960,-0.076435,-0.014626,0,66.57,40.11
90.9040,-0.078388,-0.015131,0,66.57,40.11
90.9120,-0.077411,-0.015316,0,66.57,40.11
90.9200,-0.074969,-0.015502,0,66.57,40.11
90.9280,-0.071062,-0.016334,0,66.57,40.11
90.9360,-0.073504,-0.018184,0,66.57,40.11
90.9440,-0.078388,-0.020644,0,66.57,40.11
90.9520,-0.080830,-0.022661,0,66.57,40.11
90.9600,-0.079365,-0.023172,0,66.57,40.11
90.9680,-0.076923,-0.021593,0,66.57,40.11
90.9760,-0.070085,-0.017952,0,66.57,40.11
90.9840,-0.062759,-0.012762,0,66.57,40.11
90.9920,-0.055433,-0.006779,0,66.57,40.11
91.0000,-0.054457,-0.087085,0,66.57,40.11
91.0080,-0.055433,-0.091282,0,66.57,40.11
91.0160,-0.056899,-0.095814,0,66.57,40.11
91.0240,-0.057875,-0.098955,0,66.57,40.11
91.0320,-0.052991,-0.099364,0,66.57,40.11
91.0400,-0.039316,-0.096691,0,66.57,40.11
91.0480,-0.026129,-0.091498,0,66.57,40.11
91.0560,-0.015385,-0.084596,0,66.57,40.11
91.0640,-0.002686,-0.076607,0,66.57,40.11
91.0720,0.014408,-0.068061,0,66.57,40.11
91.0800,0.029060,-0.059509,0,66.57,40.11
91.0880,0.042735,-0.051329,0,66.57,40.11
91.0960,0.054945,-0.043526,0,66.57,40.11
91.1040,0.059341,0.096005,0,66.57,40.11
91.1120,0.059829,0.097661,0,66.57,40.11
91.1200,0.055922,0.095589,0,66.57,40.11
91.1280,0.052503,0.090606,0,66.57,40.11
91.1360,0.046154,0.083628,0,66.57,40.11
91.1440,0.037363,0.075666,0,66.57,40.11
91.1520,0.027106,0.067807,0,66.57,40.11
91.1600,0.022222,0.060962,0,66.57,40.11
91.1680,0.016850,0.055613,0,66.57,40.11
91.1760,0.012454,0.051809,0,66.57,40.11
91.1840,0.011477,0.049257,0,66.57,40.11
91.1920,0.010989,0.047466,0,66.57,40.11
91.2000,0.008059,0.045984,0,66.57,40.11
91.2080,-0.000733,0.096941,0,66.57,40.11
91.2160,-0.009035,0.088452,0,66.57,40.11
91.2240,-0.024664,0.076424,0,66.57,40.11
91.2320,-0.045177,0.062215,0,66.57,40.11
91.2400,-0.065201,0.048068,0,66.57,40.11
91.2480,-0.082295,0.036335,0,66.57,40.11
91.2560,-0.091087,0.028580,0,66.57,40.11
91.2640,-0.095971,0.025115,0,66.57,40.11
91.2720,-0.097924,0.025133,0,66.57,40.11
91.2800,-0.096459,0.027220,0,66.57,40.11
91.2880,-0.096459,0.029973,0,66.57,40.11
91.2960,-0.098901,0.032535,0,66.57,40.11
91.3040,-0.101832,0.034800,0,66.57,40.11
91.3120,-0.102808,-0.060174,0,66.57,40.11
91.3200,-0.103785,-0.062288,0,66.57,40.11
91.3280,-0.105739,-0.064000,0,66.57,40.11
91.3360,-0.106716,-0.064727,0,66.57,40.11
91.3440,-0.106227,-0.063877,0,66.57,40.11
91.3520,-0.102320,-0.061034,0,66.57,40.11
91.3600,-0.100855,-0.056097,0,66.57,40.11
91.3680,-0.094017,-0.049460,0,66.57,40.11
91.3760,-0.085714,-0.042196,0,66.57,40.11
91.3840,-0.077411,-0.035896,0,66.57,40.11
91.3920,-0.073504,-0.031991,0,66.57,40.11
91.4000,-0.076435,-0.030920,0,66.57,40.11
91.4080,-0.083272,-0.031752,0,66.57,40.11
91.4160,-0.088645,-0.039307,0,66.57,40.11
91.4240,-0.092552,-0.042497,0,66.57,40.11
91.4320,-0.094505,-0.044863,0,66.57,40.11
91.4400,-0.098413,-0.045850,0,66.57,40.11
91.4480,-0.099389,-0.045047,0,66.57,40.11
91.4560,-0.098901,-0.042260,0,66.57,40.11
91.4640,-0.095971,-0.037763,0,66.57,40.11
91.4720,-0.087179,-0.032426,0,66.57,40.11
91.4800,-0.082784,-0.027443,0,66.57,40.11
91.4880,-0.081807,-0.023749,0,66.57,40.11
91.4960,-0.081319,-0.021691,0,66.57,40.11
91.5040,-0.080830,-0.021084,0,66.57,40.11
91.5120,-0.083761,-0.021347,0,66.57,40.11
91.5200,-0.090110,-0.216974,0,66.57,40.11
91.5280,-0.102808,-0.238909,0,66.57,40.11
91.5360,-0.117460,-0.266758,0,66.57,40.11
91.5440,-0.141880,-0.299035,0,66.57,40.11
91.5520,-0.169231,-0.332178,0,66.57,40.11
91.5600,-0.192186,-0.360917,0,66.57,40.11
91.5680,-0.199512,-0.379433,0,66.57,40.11
91.5760,-0.191697,-0.382585,0,66.57,40.11
91.5840,-0.165812,-0.366701,0,66.57,40.11
91.5920,-0.116972,-0.330084,0,66.57,40.11
91.6000,-0.051526,-0.273523,0,66.57,40.11
91.6080,0.035897,-0.200840,0,66.57,40.11
91.6160,0.139927,-0.119066,0,66.57,40.11
91.6240,0.273748,0.258093,0,66.57,40.11
91.6320,0.425153,0.415893,0,66.57,40.11
91.6400,0.596093,0.583097,0,66.57,40.11
91.6480,0.798779,0.741364,0,66.57,40.11
91.6560,1.000000,0.869949,0,66.57,40.11
91.6640,1.000000,0.955776,1,66.57,40.11
91.6720,1.000000,0.998015,1,66.57,40.11
91.6800,1.000000,1.000000,0,66.57,40.11
91.6880,1.000000,0.958342,0,66.57,40.11
91.6960,0.997070,0.862977,0,66.57,40.11
91.7040,0.774847,0.708720,0,66.57,40.11
91.7120,0.537973,0.505096,0,66.57,40.11
91.7200,0.309402,0.274274,0,66.57,40.11
91.7280,0.086203,0.038332,0,66.57,40.11
91.7360,-0.102320,-0.139827,0,66.57,40.11
91.7440,-0.230769,-0.265763,0,66.57,40.11
91.7520,-0.293773,-0.331684,0,66.57,40.11
91.7600,-0.290842,-0.340988,0,66.57,40.11
91.7680,-0.241514,-0.306712,0,66.57,40.11
91.7760,-0.168254,-0.247804,0,66.57,40.11
91.7840,-0.094017,-0.184249,0,66.57,40.11
91.7920,-0.038828,-0.132481,0,66.57,40.11
91.8000,-0.010012,-0.102303,0,66.57,40.11
91.8080,-0.007570,-0.095953,0,66.57,40.11
91.8160,-0.023199,-0.109070,0,66.57,40.11
91.8240,-0.048107,-0.132785,0,66.57,40.11
91.8320,-0.070574,-0.025456,0,66.57,40.11
91.8400,-0.091087,-0.045504,0,66.57,40.11
91.8480,-0.104762,-0.061549,0,66.57,40.11
91.8560,-0.114530,-0.072361,0,66.57,40.11
91.8640,-0.120391,-0.077826,0,66.57,40.11
91.8720,-0.121368,-0.078406,0,66.57,40.11
91.8800,-0.116972,-0.074989,0,66.57,40.11
91.8880,-0.108669,-0.068904,0,66.57,40.11
91.8960,-0.098901,-0.061700,0,66.57,40.11
91.9040,-0.094994,-0.054639,0,66.57,40.11
91.9120,-0.094505,-0.048275,0,66.57,40.11
91.9200,-0.095971,-0.042512,0,66.57,40.11
91.9280,-0.099878,-0.036977,0,66.57,40.11
91.9360,-0.101343,-0.259122,0,66.57,40.11
91.9440,-0.099389,-0.255115,0,66.57,40.11
91.9520,-0.101343,-0.247619,0,66.57,40.11
91.9600,-0.106716,-0.236736,0,66.57,40.11
91.9680,-0.109646,-0.222566,0,66.57,40.11
91.9760,-0.109646,-0.205418,0,66.57,40.11
91.9840,-0.107692,-0.186194,0,66.57,40.11
91.9920,-0.102808,-0.166576,0,66.57,40.11
92.0000,-0.101343,-0.148750,0,66.57,40.11
92.0080,-0.101343,-0.134688,0,66.57,40.11
92.0160,-0.101343,-0.125380,0,66.57,40.11
92.0240,-0.102808,-0.120425,0,66.57,40.11
92.0320,-0.101832,-0.118108,0,66.57,40.11
92.0400,-0.103785,0.010304,0,66.57,40.11
92.0480,-0.101832,0.008849,0,66.57,40.11
92.0560,-0.100855,0.006209,0,66.57,40.11
92.0640,-0.100366,0.003069,0,66.57,40.11
92.0720,-0.098413,-0.000138,0,66.57,40.11
92.0800,-0.099389,-0.003110,0,66.57,40.11
92.0880,-0.102808,-0.005455,0,66.57,40.11
92.0960,-0.107692,-0.006635,0,66.57,40.11
92.1040,-0.109158,-0.006261,0,66.57,40.11
92.1120,-0.107204,-0.004457,0,66.57,40.11
92.1200,-0.104274,-0.001838,0,66.57,40.11
92.1280,-0.102808,0.000933,0,66.57,40.11
92.1360,-0.102808,0.003576,0,66.57,40.11
92.1440,-0.100366,-0.017268,0,66.57,40.11
92.1520,-0.097924,-0.016509,0,66.57,40.11
92.1600,-0.094505,-0.016462,0,66.57,40.11
92.1680,-0.095971,-0.017087,0,66.57,40.11
92.1760,-0.095971,-0.018034,0,66.57,40.11
92.1840,-0.094994,-0.018805,0,66.57,40.11
92.1920,-0.094017,-0.018990,0,66.57,40.11
92.2000,-0.092063,-0.018369,0,66.57,40.11
92.2080,-0.089133,-0.016917,0,66.57,40.11
92.2160,-0.086203,-0.014774,0,66.57,40.11
92.2240,-0.080830,-0.012182,0,66.57,40.11
92.2320,-0.077900,-0.009381,0,66.57,40.11
92.2400,-0.073504,-0.006529,0,66.57,40.11
92.2480,-0.070085,0.030024,0,66.57,40.11
92.2560,-0.068620,0.032347,0,66.57,40.11
92.2640,-0.064713,0.033410,0,66.57,40.11
92.2720,-0.065690,0.033192,0,66.57,40.11
92.2800,-0.069109,0.032101,0,66.57,40.11
92.2880,-0.070574,0.030855,0,66.57,40.11
92.2960,-0.073504,0.030064,0,66.57,40.11
92.3040,-0.071551,0.029816,0,66.57,40.11
92.3120,-0.070085,0.029573,0,66.57,40.11
92.3200,-0.070574,0.028484,0,66.57,40.11
92.3280,-0.072039,0.025893,0,66.57,40.11
92.3360,-0.078388,0.021736,0,66.57,40.11
92.3440,-0.084249,0.016595,0,66.57,40.11
92.3520,-0.088156,-0.011391,0,66.57,40.11
92.3600,-0.090598,-0.015947,0,66.57,40.11
92.3680,-0.094017,-0.019320,0,66.57,40.11
92.3760,-0.095482,-0.021228,0,66.57,40.11
92.3840,-0.094994,-0.021629,0,66.57,40.11
92.3920,-0.090110,-0.020798,0,66.57,40.11
92.4000,-0.088156,-0.019180,0,66.57,40.11
92.4080,-0.085714,-0.017128,0,66.57,40.11
92.4160,-0.082295,-0.014864,0,66.57,40.11
92.4240,-0.077900,-0.012636,0,66.57,40.11
92.4320,-0.073504,-0.010758,0,66.57,40.11
92.4400,-0.070085,-0.009438,0,66.57,40.11
92.4480,-0.069597,-0.008560,0,66.57,40.11
92.4560,-0.067643,0.027170,0,66.57,40.11
92.4640,-0.066667,0.028489,0,66.57,40.11
92.4720,-0.064713,0.029390,0,66.57,40.11
92.4800,-0.066667,0.029913,0,66.57,40.11
92.4880,-0.065690,0.030064,0,66.57,40.11
92.4960,-0.065201,0.029754,0,66.57,40.11
92.5040,-0.067155,0.028854,0,66.57,40.11
92.5120,-0.069109,0.027319,0,66.57,40.11
92.5200,-0.071551,0.025219,0,66.57,40.11
92.5280,-0.075458,0.022694,0,66.57,40.11
92.5360,-0.078388,0.019894,0,66.57,40.11
92.5440,-0.082295,0.016940,0,66.57,40.11
92.5520,-0.086203,0.013917,0,66.57,40.11
92.5600,-0.091087,0.009281,0,66.57,40.11
92.5680,-0.090598,0.010601,0,66.57,40.11
92.5760,-0.085714,0.013627,0,66.57,40.11
92.5840,-0.080342,0.017276,0,66.57,40.11
92.5920,-0.077411,0.020280,0,66.57,40.11
92.6000,-0.079853,0.021815,0,66.57,40.11
92.6080,-0.079853,0.021675,0,66.57,40.11
92.6160,-0.083272,0.020065,0,66.57,40.11
92.6240,-0.086203,0.017409,0,66.57,40.11
92.6320,-0.092063,0.014263,0,66.57,40.11
92.6400,-0.095971,0.011173,0,66.57,40.11
92.6480,-0.099878,0.008469,0,66.57,40.11
92.6560,-0.101343,0.006110,0,66.57,40.11
92.6640,-0.095971,-0.025579,0,66.57,40.11
92.6720,-0.091087,-0.022211,0,66.57,40.11
92.6800,-0.085226,-0.017592,0,66.57,40.11
92.6880,-0.078388,-0.012453,0,66.57,40.11
92.6960,-0.070574,-0.007412,0,66.57,40.11
92.7040,-0.068620,-0.002875,0,66.57,40.11
92.7120,-0.061783,0.000896,0,66.57,40.11
92.7200,-0.058364,0.003588,0,66.57,40.11
92.7280,-0.054945,0.004783,0,66.57,40.11
92.7360,-0.054945,0.004118,0,66.57,40.11
92.7440,-0.055922,0.001487,0,66.57,40.11
92.7520,-0.061783,-0.002803,0,66.57,40.11
92.7600,-0.066667,-0.008042,0,66.57,40.11
92.7680,-0.073504,0.055082,0,66.57,40.11
92.7760,-0.080342,0.051528,0,66.57,40.11
92.7840,-0.085714,0.048231,0,66.57,40.11
92.7920,-0.092063,0.045184,0,66.57,40.11
92.8000,-0.097924,0.042031,0,66.57,40.11
92.8080,-0.102320,0.038128,0,66.57,40.11
92.8160,-0.106716,0.032860,0,66.57,40.11
92.8240,-0.117460,0.026283,0,66.57,40.11
92.8320,-0.132112,0.019608,0,66.57,40.11
92.8400,-0.144811,0.014858,0,66.57,40.11
92.8480,-0.148230,0.013746,0,66.57,40.11
92.8560,-0.146764,0.016584,0,66.57,40.11
92.8640,-0.139438,0.021985,0,66.57,40.11
92.8720,-0.132601,-0.014762,0,66.57,40.11
92.8800,-0.126740,-0.011147,0,66.57,40.11
92.8880,-0.125763,-0.008489,0,66.57,40.11
92.8960,-0.126252,-0.006945,0,66.57,40.11
92.9040,-0.126252,-0.006268,0,66.57,40.11
92.9120,-0.126252,-0.006104,0,66.57,40.11
92.9200,-0.127228,-0.006151,0,66.57,40.11
92.9280,-0.129182,-0.006189,0,66.57,40.11
92.9360,-0.127228,-0.006098,0,66.57,40.11
92.9440,-0.129182,-0.005856,0,66.57,40.11
92.9520,-0.127717,-0.005465,0,66.57,40.11
92.9600,-0.129182,-0.004935,0,66.57,40.11
92.9680,-0.127717,-0.004308,0,66.57,40.11
92.9760,-0.126252,-0.039181,0,66.57,40.11
92.9840,-0.125275,-0.038692,0,66.57,40.11
92.9920,-0.124786,-0.037286,0,66.57,40.11
93.0000,-0.121856,-0.034746,0,66.57,40.11
93.0080,-0.116972,-0.031225,0,66.57,40.11
93.0160,-0.110134,-0.027396,0,66.57,40.11
93.0240,-0.102320,-0.024224,0,66.57,40.11
93.0320,-0.101343,-0.022396,0,66.57,40.11
93.0400,-0.102808,-0.021824,0,66.57,40.11
93.0480,-0.105739,-0.021706,0,66.57,40.11
93.0560,-0.104762,-0.021122,0,66.57,40.11
93.0640,-0.101343,-0.019636,0,66.57,40.11
93.0720,-0.096947,-0.017494,0,66.57,40.11
93.0800,-0.097924,0.003063,0,66.57,40.11
93.0880,-0.098901,0.002090,0,66.57,40.11
93.0960,-0.101343,-0.000206,0,66.57,40.11
93.1040,-0.105739,-0.003352,0,66.57,40.11
93.1120,-0.108181,-0.006660,0,66.57,40.11
93.1200,-0.110623,-0.009415,0,66.57,40.11
93.1280,-0.112088,-0.010998,0,66.57,40.11
93.1360,-0.113553,-0.011006,0,66.57,40.11
93.1440,-0.107692,-0.009487,0,66.57,40.11
93.1520,-0.101343,-0.006997,0,66.57,40.11
93.1600,-0.098413,-0.004248,0,66.57,40.11
93.1680,-0.094017,-0.001676,0,66.57,40.11
93.1760,-0.091575,0.000676,0,66.57,40.11
93.1840,-0.092552,0.021740,0,66.57,40.11
93.1920,-0.090110,0.021783,0,66.57,40.11
93.2000,-0.090598,0.020656,0,66.57,40.11
93.2080,-0.093529,0.018518,0,66.57,40.11
93.2160,-0.095971,0.015806,0,66.57,40.11
93.2240,-0.101343,0.013152,0,66.57,40.11
93.2320,-0.101343,0.011094,0,66.57,40.11
93.2400,-0.101832,0.009854,0,66.57,40.11
93.2480,-0.102808,0.009357,0,66.57,40.11
93.2560,-0.101343,0.009369,0,66.57,40.11
93.2640,-0.100855,0.009607,0,66.57,40.11
93.2720,-0.100366,0.009863,0,66.57,40.11
93.2800,-0.100366,0.010073,0,66.57,40.11
93.2880,-0.098901,-0.019641,0,66.57,40.11
93.2960,-0.100366,-0.021727,0,66.57,40.11
93.3040,-0.101343,-0.024113,0,66.57,40.11
93.3120,-0.101832,-0.026289,0,66.57,40.11
93.3200,-0.103785,-0.027537,0,66.57,40.11
93.3280,-0.103297,-0.027138,0,66.57,40.11
93.3360,-0.100855,-0.024741,0,66.57,40.11
93.3440,-0.092552,-0.020710,0,66.57,40.11
93.3520,-0.085714,-0.016090,0,66.57,40.11
93.3600,-0.079365,-0.012186,0,66.57,40.11
93.3680,-0.074481,-0.010004,0,66.57,40.11
93.3760,-0.073993,-0.009814,0,66.57,40.11
93.3840,-0.076435,-0.010957,0,66.57,40.11
93.3920,-0.077900,0.020457,0,66.57,40.11
93.4000,-0.082784,0.017515,0,66.57,40.11
93.4080,-0.085714,0.014693,0,66.57,40.11
93.4160,-0.086691,0.012648,0,66.57,40.11
93.4240,-0.089133,0.011714,0,66.57,40.11
93.4320,-0.088156,0.011863,0,66.57,40.11
93.4400,-0.085226,0.012695,0,66.57,40.11
93.4480,-0.084737,0.013604,0,66.57,40.11
93.4560,-0.084737,0.014034,0,66.57,40.11
93.4640,-0.085226,0.013612,0,66.57,40.11
93.4720,-0.086203,0.012157,0,66.57,40.11
93.4800,-0.089133,0.009731,0,66.57,40.11
93.4880,-0.093529,0.006706,0,66.57,40.11
93.4960,-0.096947,-0.006136,0,66.57,40.11
93.5040,-0.091575,-0.004912,0,66.57,40.11
93.5120,-0.085714,-0.002878,0,66.57,40.11
93.5200,-0.083272,-0.001222,0,66.57,40.11
93.5280,-0.084737,-0.000779,0,66.57,40.11
93.5360,-0.085226,-0.001733,0,66.57,40.11
93.5440,-0.085714,-0.003766,0,66.57,40.11
93.5520,-0.089133,-0.006196,0,66.57,40.11
93.5600,-0.092552,-0.008098,0,66.57,40.11
93.5680,-0.092552,-0.008621,0,66.57,40.11
93.5760,-0.090110,-0.007375,0,66.57,40.11
93.5840,-0.085714,-0.004578,0,66.57,40.11
93.5920,-0.081319,-0.000901,0,66.57,40.11
93.6000,-0.076435,-0.009476,0,66.57,40.11
93.6080,-0.074481,-0.008379,0,66.57,40.11
93.6160,-0.075458,-0.008850,0,66.57,40.11
93.6240,-0.076923,-0.010700,0,66.57,40.11
93.6320,-0.077411,-0.013465,0,66.57,40.11
93.6400,-0.079365,-0.016550,0,66.57,40.11
93.6480,-0.083272,-0.019240,0,66.57,40.11
93.6560,-0.083272,-0.020807,0,66.57,40.11
93.6640,-0.082295,-0.020717,0,66.57,40.11
93.6720,-0.080342,-0.018735,0,66.57,40.11
93.6800,-0.075458,-0.014930,0,66.57,40.11
93.6880,-0.069597,-0.009682,0,66.57,40.11
93.6960,-0.062271,-0.003639,0,66.57,40.11
93.7040,-0.056410,-0.015826,0,66.57,40.11
93.7120,-0.056410,-0.015992,0,66.57,40.11
93.7200,-0.060806,-0.017782,0,66.57,40.11
93.7280,-0.062759,-0.020033,0,66.57,40.11
93.7360,-0.061294,-0.021647,0,66.57,40.11
93.7440,-0.058852,-0.022069,0,66.57,40.11
93.7520,-0.056410,-0.021237,0,66.57,40.11
93.7600,-0.053480,-0.019372,0,66.57,40.11
93.7680,-0.047619,-0.016854,0,66.57,40.11
93.7760,-0.043223,-0.014148,0,66.57,40.11
93.7840,-0.038828,-0.011652,0,66.57,40.11
93.7920,-0.033455,-0.009569,0,66.57,40.11
93.8000,-0.031013,-0.007823,0,66.57,40.11
93.8080,-0.030037,-0.046496,0,66.57,40.11
93.8160,-0.031013,-0.050991,0,66.57,40.11
93.8240,-0.031502,-0.056971,0,66.57,40.11
93.8320,-0.035409,-0.063732,0,66.57,40.11
93.8400,-0.038828,-0.070062,0,66.57,40.11
93.8480,-0.040293,-0.074388,0,66.57,40.11
93.8560,-0.039805,-0.075191,0,66.57,40.11
93.8640,-0.031502,-0.071598,0,66.57,40.11
93.8720,-0.017827,-0.063879,0,66.57,40.11
93.8800,-0.000244,-0.053527,0,66.57,40.11
93.8880,0.022222,-0.042694,0,66.57,40.11
93.8960,0.036874,-0.033058,0,66.57,40.11
93.9040,0.042735,-0.024762,0,66.57,40.11
93.9120,0.044200,0.115543,0,66.57,40.11
93.9200,0.040781,0.115510,0,66.57,40.11
93.9280,0.038339,0.111460,0,66.57,40.11
93.9360,0.028571,0.104419,0,66.57,40.11
93.9440,0.017338,0.095625,0,66.57,40.11
93.9520,0.006593,0.086473,0,66.57,40.11
93.9600,-0.006593,0.078245,0,66.57,40.11
93.9680,-0.012454,0.071715,0,66.57,40.11
93.9760,-0.017338,0.066887,0,66.57,40.11
93.9840,-0.022222,0.063155,0,66.57,40.11
93.9920,-0.025641,0.059753,0,66.57,40.11
94.0000,-0.032967,0.056176,0,66.57,40.11
94.0080,-0.039805,0.052376,0,66.57,40.11
94.0160,-0.048107,0.038176,0,66.57,40.11
94.0240,-0.059829,0.030261,0,66.57,40.11
94.0320,-0.069597,0.021438,0,66.57,40.11
94.0400,-0.082295,0.012304,0,66.57,40.11
94.0480,-0.092552,0.003541,0,66.57,40.11
94.0560,-0.102320,-0.004147,0,66.57,40.11
94.0640,-0.112088,-0.010063,0,66.57,40.11
94.0720,-0.116972,-0.013572,0,66.57,40.11
94.0800,-0.122344,-0.014219,0,66.57,40.11
94.0880,-0.121856,-0.011872,0,66.57,40.11
94.0960,-0.118437,-0.006818,0,66.57,40.11
94.1040,-0.115995,0.000286,0,66.57,40.11
94.1120,-0.109646,0.008531,0,66.57,40.11
94.1200,-0.108669,-0.032775,0,66.57,40.11
94.1280,-0.114042,-0.034028,0,66.57,40.11
94.1360,-0.119414,-0.037115,0,66.57,40.11
94.1440,-0.127228,-0.040646,0,66.57,40.11
94.1520,-0.130647,-0.043194,0,66.57,40.11
94.1600,-0.131624,-0.043879,0,66.57,40.11
94.1680,-0.131136,-0.042575,0,66.57,40.11
94.1760,-0.127717,-0.039740,0,66.57,40.11
94.1840,-0.126740,-0.036050,0,66.57,40.11
94.1920,-0.125275,-0.032030,0,66.57,40.11
94.2000,-0.125763,-0.027891,0,66.57,40.11
94.2080,-0.126252,-0.023621,0,66.57,40.11
94.2160,-0.124298,-0.019215,0,66.57,40.11
94.2240,-0.120879,-0.016374,0,66.57,40.11
94.2320,-0.117949,-0.011282,0,66.57,40.11
94.2400,-0.116972,-0.007033,0,66.57,40.11
94.2480,-0.114042,-0.004355,0,66.57,40.11
94.2560,-0.116972,-0.003616,0,66.57,40.11
94.2640,-0.121368,-0.004553,0,66.57,40.11
94.2720,-0.127228,-0.006296,0,66.57,40.11
94.2800,-0.132601,-0.007744,0,66.57,40.11
94.2880,-0.136020,-0.008085,0,66.57,40.11
94.2960,-0.135531,-0.007219,0,66.57,40.11
94.3040,-0.132601,-0.005745,0,66.57,40.11
94.3120,-0.132601,-0.004426,0,66.57,40.11
94.3200,-0.137485,-0.003502,0,66.57,40.11
94.3280,-0.150672,-0.410682,0,66.57,40.11
94.3360,-0.169231,-0.443841,0,66.57,40.11
94.3440,-0.190720,-0.479578,0,66.57,40.11
94.3520,-0.209280,-0.514118,0,66.57,40.11
94.3600,-0.220024,-0.543107,0,66.57,40.11
94.3680,-0.220024,-0.562160,0,66.57,40.11
94.3760,-0.208303,-0.567209,0,66.57,40.11
94.3840,-0.176068,-0.554878,0,66.57,40.11
94.3920,-0.122833,-0.522979,0,66.57,40.11
94.4000,-0.049573,-0.470876,0,66.57,40.11
94.4080,0.037851,-0.399739,0,66.57,40.11
94.4160,0.143346,-0.313132,0,66.57,40.11
94.4240,0.273748,-0.217702,0,66.57,40.11
94.4320,0.423199,0.520747,0,66.57,40.11
94.4400,0.587790,0.654197,0,66.57,40.11
94.4480,0.780220,0.782680,0,66.57,40.11
94.4560,0.995116,0.890048,0,66.57,40.11
94.4640,1.000000,0.963914,0,66.57,40.11
94.4720,1.000000,1.000000,1,66.57,40.11
94.4800,1.000000,0.998254,1,66.57,40.11
94.4880,1.000000,0.957863,0,66.57,40.11
94.4960,0.854945,0.879487,0,66.57,40.11
94.5040,0.636142,0.770165,0,66.57,40.11
94.5120,0.434432,0.642118,0,66.57,40.11
94.5200,0.242979,0.506446,0,66.57,40.11
94.5280,0.060317,0.369053,0,66.57,40.11
94.5360,-0.099878,-0.130179,0,66.57,40.11
94.5440,-0.208303,-0.236277,0,66.57,40.11
94.5520,-0.263004,-0.294298,0,66.57,40.11
94.5600,-0.269841,-0.307120,0,66.57,40.11
94.5680,-0.233211,-0.284359,0,66.57,40.11
94.5760,-0.178022,-0.239996,0,66.57,40.11
94.5840,-0.116972,-0.188995,0,66.57,40.11
94.5920,-0.070085,-0.144012,0,66.57,40.11
94.6000,-0.038339,-0.113334,0,66.57,40.11
94.6080,-0.023687,-0.100393,0,66.57,40.11
94.6160,-0.026618,-0.104403,0,66.57,40.11
94.6240,-0.039316,-0.121384,0,66.57,40.11
94.6320,-0.060806,-0.145239,0,66.57,40.11
94.6400,-0.082295,-0.013104,0,66.57,40.11
94.6480,-0.101343,-0.032073,0,66.57,40.11
94.6560,-0.116972,-0.048535,0,66.57,40.11
94.6640,-0.131624,-0.061269,0,66.57,40.11
94.6720,-0.138950,-0.069816,0,66.57,40.11
94.6800,-0.143346,-0.074295,0,66.57,40.11
94.6880,-0.143346,-0.075211,0,66.57,40.11
94.6960,-0.142857,-0.073167,0,66.57,40.11
94.7040,-0.141392,-0.068624,0,66.57,40.11
94.7120,-0.140415,-0.061823,0,66.57,40.11
94.7200,-0.139927,-0.052904,0,66.57,40.11
94.7280,-0.139927,-0.042168,0,66.57,40.11
94.7360,-0.141392,-0.030282,0,66.57,40.11
94.7440,-0.140415,-0.241734,0,66.57,40.11
94.7520,-0.141392,-0.232198,0,66.57,40.11
94.7600,-0.142369,-0.220125,0,66.57,40.11
94.7680,-0.145299,-0.206165,0,66.57,40.11
94.7760,-0.148718,-0.190896,0,66.57,40.11
94.7840,-0.150672,-0.174816,0,66.57,40.11
94.7920,-0.153602,-0.158569,0,66.57,40.11
94.8000,-0.153114,-0.143094,0,66.57,40.11
94.8080,-0.149695,-0.129532,0,66.57,40.11
94.8160,-0.148230,-0.118877,0,66.57,40.11
94.8240,-0.143346,-0.111619,0,66.57,40.11
94.8320,-0.137973,-0.107497,0,66.57,40.11
94.8400,-0.135043,-0.105351,0,66.57,40.11
94.8480,-0.131624,-0.015830,0,66.57,40.11
94.8560,-0.126252,-0.014715,0,66.57,40.11
94.8640,-0.122344,-0.014100,0,66.57,40.11
94.8720,-0.116972,-0.013579,0,66.57,40.11
94.8800,-0.115507,-0.013015,0,66.57,40.11
94.8880,-0.113553,-0.012503,0,66.57,40.11
94.8960,-0.110623,-0.012325,0,66.57,40.11
94.9040,-0.111111,-0.012708,0,66.57,40.11
94.9120,-0.114530,-0.013418,0,66.57,40.11
94.9200,-0.119902,-0.013657,0,66.57,40.11
94.9280,-0.120391,-0.012519,0,66.57,40.11
94.9360,-0.116484,-0.009686,0,66.57,40.11
94.9440,-0.110623,-0.005722,0,66.57,40.11
94.9520,-0.102808,0.006702,0,66.57,40.11
94.9600,-0.099878,0.010086,0,66.57,40.11
94.9680,-0.099878,0.012026,0,66.57,40.11
94.9760,-0.097924,0.012649,0,66.57,40.11
94.9840,-0.097924,0.012343,0,66.57,40.11
94.9920,-0.096459,0.011491,0,66.57,40.11
95.0000,-0.096459,0.010433,0,66.57,40.11
95.0080,-0.097924,0.009504,0,66.57,40.11
95.0160,-0.097924,0.008942,0,66.57,40.11
95.0240,-0.094505,0.008697,0,66.57,40.11
95.0320,-0.093040,0.008444,0,66.57,40.11
95.0400,-0.092063,0.007882,0,66.57,40.11
95.0480,-0.093040,0.007013,0,66.57,40.11
95.0560,-0.093529,0.017840,0,66.57,40.11
95.0640,-0.097924,0.017056,0,66.57,40.11
95.0720,-0.094994,0.017127,0,66.57,40.11
95.0800,-0.093040,0.018060,0,66.57,40.11
95.0880,-0.088156,0.019312,0,66.57,40.11
95.0960,-0.086691,0.020142,0,66.57,40.11
95.1040,-0.085714,0.020008,0,66.57,40.11
95.1120,-0.085714,0.018781,0,66.57,40.11
95.1200,-0.088645,0.016739,0,66.57,40.11
95.1280,-0.090598,0.014384,0,66.57,40.11
95.1360,-0.091087,0.012149,0,66.57,40.11
95.1440,-0.092063,0.010198,0,66.57,40.11
95.1520,-0.092552,0.008453,0,66.57,40.11
95.1600,-0.092063,-0.010815,0,66.57,40.11
95.1680,-0.091087,-0.011483,0,66.57,40.11
95.1760,-0.090110,-0.011428,0,66.57,40.11
95.1840,-0.090110,-0.010528,0,66.57,40.11
95.1920,-0.085714,-0.008802,0,66.57,40.11
95.2000,-0.080830,-0.006574,0,66.57,40.11
95.2080,-0.077411,-0.004373,0,66.57,40.11
95.2160,-0.074481,-0.002677,0,66.57,40.11
95.2240,-0.071551,-0.001773,0,66.57,40.11
95.2320,-0.070085,-0.001725,0,66.57,40.11
95.2400,-0.070085,-0.002384,0,66.57,40.11
95.2480,-0.069597,-0.003485,0,66.57,40.11
95.2560,-0.069109,-0.004781,0,66.57,40.11
95.2640,-0.070085,0.032262,0,66.57,40.11
95.2720,-0.071062,0.030871,0,66.57,40.11
95.2800,-0.075458,0.029182,0,66.57,40.11
95.2880,-0.078388,0.027656,0,66.57,40.11
95.2960,-0.079365,0.026620,0,66.57,40.11
95.3040,-0.080342,0.026021,0,66.57,40.11
95.3120,-0.078388,0.025451,0,66.57,40.11
95.3200,-0.080830,0.024461,0,66.57,40.11
95.3280,-0.084737,0.022874,0,66.57,40.11
95.3360,-0.086691,0.020814,0,66.57,40.11
95.3440,-0.090598,0.018503,0,66.57,40.11
95.3520,-0.093040,0.016115,0,66.57,40.11
95.3600,-0.095971,0.013733,0,66.57,40.11
95.3680,-0.093529,-0.004442,0,66.57,40.11
95.3760,-0.088156,-0.001126,0,66.57,40.11
95.3840,-0.083272,0.003053,0,66.57,40.11
95.3920,-0.076923,0.006889,0,66.57,40.11
95.4000,-0.075946,0.009354,0,66.57,40.11
95.4080,-0.074481,0.009919,0,66.57,40.11
95.4160,-0.075458,0.008667,0,66.57,40.11
95.4240,-0.080342,0.006281,0,66.57,40.11
95.4320,-0.085226,0.003787,0,66.57,40.11
95.4400,-0.085226,0.002028,0,66.57,40.11
95.4480,-0.083272,0.001262,0,66.57,40.11
95.4560,-0.084249,0.001270,0,66.57,40.11
95.4640,-0.083272,0.001672,0,66.57,40.11
95.4720,-0.079365,0.021591,0,66.57,40.11
95.4800,-0.077411,0.025043,0,66.57,40.11
95.4880,-0.073504,0.028321,0,66.57,40.11
95.4960,-0.071551,0.030887,0,66.57,40.11
95.5040,-0.071062,0.032374,0,66.57,40.11
95.5120,-0.072527,0.032680,0,66.57,40.11
95.5200,-0.074969,0.031920,0,66.57,40.11
95.5280,-0.077411,0.030272,0,66.57,40.11
95.5360,-0.080830,0.027874,0,66.57,40.11
95.5440,-0.085226,0.024821,0,66.57,40.11
95.5520,-0.090110,0.021228,0,66.57,40.11
95.5600,-0.095971,0.017258,0,66.57,40.11
95.5680,-0.101343,0.013105,0,66.57,40.11
95.5760,-0.103785,0.002992,0,66.57,40.11
95.5840,-0.105739,0.001971,0,66.57,40.11
95.5920,-0.106716,0.002559,0,66.57,40.11
95.6000,-0.107204,0.004807,0,66.57,40.11
95.6080,-0.102320,0.008426,0,66.57,40.11
95.6160,-0.099389,0.012676,0,66.57,40.11
95.6240,-0.094994,0.016494,0,66.57,40.11
95.6320,-0.092552,0.018783,0,66.57,40.11
95.6400,-0.092552,0.018765,0,66.57,40.11
95.6480,-0.097924,0.016291,0,66.57,40.11
95.6560,-0.104762,0.011872,0,66.57,40.11
95.6640,-0.112088,0.006330,0,66.57,40.11
95.6720,-0.116972,0.000363,0,66.57,40.11
95.6800,-0.121856,-0.036655,0,66.57,40.11
95.6880,-0.127228,-0.040670,0,66.57,40.11
95.6960,-0.132601,-0.042788,0,66.57,40.11
95.7040,-0.131624,-0.042251,0,66.57,40.11
95.7120,-0.125275,-0.038761,0,66.57,40.11
95.7200,-0.115507,-0.032768,0,66.57,40.11
95.7280,-0.100855,-0.025481,0,66.57,40.11
95.7360,-0.085714,-0.018576,0,66.57,40.11
95.7440,-0.077900,-0.013625,0,66.57,40.11
95.7520,-0.074481,-0.011564,0,66.57,40.11
95.7600,-0.075458,-0.012500,0,66.57,40.11
95.7680,-0.079365,-0.015837,0,66.57,40.11
95.7760,-0.085714,-0.020503,0,66.57,40.11
95.7840,-0.094017,-0.021951,0,66.57,40.11
95.7920,-0.101343,-0.027591,0,66.57,40.11
95.8000,-0.103785,-0.031290,0,66.57,40.11
95.8080,-0.103785,-0.032744,0,66.57,40.11
95.8160,-0.100855,-0.032334,0,66.57,40.11
95.8240,-0.095971,-0.030822,0,66.57,40.11
95.8320,-0.092552,-0.028899,0,66.57,40.11
95.8400,-0.092552,-0.026843,0,66.57,40.11
95.8480,-0.088645,-0.024568,0,66.57,40.11
95.8560,-0.084737,-0.021988,0,66.57,40.11
95.8640,-0.076923,-0.019275,0,66.57,40.11
95.8720,-0.071062,-0.016732,0,66.57,40.11
95.8800,-0.069109,-0.014442,0,66.57,40.11
95.8880,-0.065690,0.044736,0,66.57,40.11
95.8960,-0.066667,0.046012,0,66.57,40.11
95.9040,-0.066667,0.045540,0,66.57,40.11
95.9120,-0.069597,0.043344,0,66.57,40.11
95.9200,-0.074481,0.039588,0,66.57,40.11
95.9280,-0.079365,0.034656,0,66.57,40.11
95.9360,-0.086691,0.029224,0,66.57,40.11
95.9440,-0.095971,0.024230,0,66.57,40.11
95.9520,-0.099878,0.020573,0,66.57,40.11
95.9600,-0.101832,0.018721,0,66.57,40.11
95.9680,-0.101832,0.018600,0,66.57,40.11
95.9760,-0.101343,0.019764,0,66.57,40.11
95.9840,-0.099878,0.021604,0,66.57,40.11
95.9920,-0.096459,-0.015574,0,66.57,40.11
96.0000,-0.094017,-0.013951,0,66.57,40.11
96.0080,-0.090598,-0.012455,0,66.57,40.11
96.0160,-0.088156,-0.011247,0,66.57,40.11
96.0240,-0.086203,-0.010277,0,66.57,40.11
96.0320,-0.085714,-0.009296,0,66.57,40.11
96.0400,-0.085714,-0.008013,0,66.57,40.11
96.0480,-0.082295,-0.006409,0,66.57,40.11
96.0560,-0.077411,-0.004868,0,66.57,40.11
96.0640,-0.077900,-0.003919,0,66.57,40.11
96.0720,-0.077411,-0.003844,0,66.57,40.11
96.0800,-0.077900,-0.004578,0,66.57,40.11
96.0880,-0.078877,-0.005792,0,66.57,40.11
96.0960,-0.076923,0.014322,0,66.57,40.11
96.1040,-0.080342,0.012928,0,66.57,40.11
96.1120,-0.084249,0.011905,0,66.57,40.11
96.1200,-0.084249,0.011966,0,66.57,40.11
96.1280,-0.082295,0.013393,0,66.57,40.11
96.1360,-0.078877,0.015816,0,66.57,40.11
96.1440,-0.075458,0.018394,0,66.57,40.11
96.1520,-0.073504,0.020177,0,66.57,40.11
96.1600,-0.074481,0.020440,0,66.57,40.11
96.1680,-0.076435,0.018850,0,66.57,40.11
96.1760,-0.081319,0.015463,0,66.57,40.11
96.1840,-0.086691,0.010662,0,66.57,40.11
96.1920,-0.094017,0.005083,0,66.57,40.11
96.2000,-0.098901,-0.020475,0,66.57,40.11
96.2080,-0.099389,-0.021107,0,66.57,40.11
96.2160,-0.094994,-0.019074,0,66.57,40.11
96.2240,-0.089133,-0.015182,0,66.57,40.11
96.2320,-0.084249,-0.010643,0,66.57,40.11
96.2400,-0.078388,-0.006591,0,66.57,40.11
96.2480,-0.075458,-0.003759,0,66.57,40.11
96.2560,-0.074481,-0.002342,0,66.57,40.11
96.2640,-0.074969,-0.002134,0,66.57,40.11
96.2720,-0.073016,-0.002848,0,66.57,40.11
96.2800,-0.073504,-0.004333,0,66.57,40.11
96.2880,-0.073016,-0.006501,0,66.57,40.11
96.2960,-0.076435,-0.009116,0,66.57,40.11
96.3040,-0.073504,0.044886,0,66.57,40.11
96.3120,-0.074969,0.045991,0,66.57,40.11
96.3200,-0.073993,0.046338,0,66.57,40.11
96.3280,-0.077411,0.045441,0,66.57,40.11
96.3360,-0.082295,0.043094,0,66.57,40.11
96.3440,-0.087668,0.039407,0,66.57,40.11
96.3520,-0.093529,0.034732,0,66.57,40.11
96.3600,-0.101343,0.029651,0,66.57,40.11
96.3680,-0.109646,0.024972,0,66.57,40.11
96.3760,-0.116484,0.021544,0,66.57,40.11
96.3840,-0.118926,0.019923,0,66.57,40.11
96.3920,-0.123810,0.020127,0,66.57,40.11
96.4000,-0.121368,0.021518,0,66.57,40.11
96.4080,-0.115995,-0.074551,0,66.57,40.11
96.4160,-0.108669,-0.070388,0,66.57,40.11
96.4240,-0.101343,-0.064998,0,66.57,40.11
96.4320,-0.093040,-0.059138,0,66.57,40.11
96.4400,-0.085714,-0.053398,0,66.57,40.11
96.4480,-0.078388,-0.048226,0,66.57,40.11
96.4560,-0.070574,-0.043979,0,66.57,40.11
96.4640,-0.064713,-0.040853,0,66.57,40.11
96.4720,-0.060806,-0.038709,0,66.57,40.11
96.4800,-0.059341,-0.037025,0,66.57,40.11
96.4880,-0.054457,-0.035168,0,66.57,40.11
96.4960,-0.049084,-0.032787,0,66.57,40.11
96.5040,-0.041758,-0.030003,0,66.57,40.11
96.5120,-0.036874,-0.062384,0,66.57,40.11
96.5200,-0.032967,-0.065381,0,66.57,40.11
96.5280,-0.035409,-0.070425,0,66.57,40.11
96.5360,-0.038828,-0.076459,0,66.57,40.11
96.5440,-0.041270,-0.081673,0,66.57,40.11
96.5520,-0.040293,-0.084126,0,66.57,40.11
96.5600,-0.035409,-0.082412,0,66.57,40.11
96.5680,-0.023199,-0.076186,0,66.57,40.11
96.5760,-0.007570,-0.066397,0,66.57,40.11
96.5840,0.012943,-0.055084,0,66.57,40.11
96.5920,0.033944,-0.044624,0,66.57,40.11
96.6000,0.047619,-0.036520,0,66.57,40.11
96.6080,0.051526,-0.030424,0,66.57,40.11
96.6160,0.043712,0.113759,0,66.57,40.11
96.6240,0.032479,0.106849,0,66.57,40.11
96.6320,0.023199,0.097153,0,66.57,40.11
96.6400,0.009524,0.087106,0,66.57,40.11
96.6480,-0.000733,0.078573,0,66.57,40.11
96.6560,-0.007082,0.072478,0,66.57,40.11
96.6640,-0.007570,0.068655,0,66.57,40.11
96.6720,-0.011966,0.066172,0,66.57,40.11
96.6800,-0.012454,0.063884,0,66.57,40.11
96.6880,-0.015873,0.060869,0,66.57,40.11
96.6960,-0.021734,0.056680,0,66.57,40.11
96.7040,-0.026129,0.051387,0,66.57,40.11
96.7120,-0.033455,0.045456,0,66.57,40.11
96.7200,-0.043223,0.050176,0,66.57,40.11
96.7280,-0.054457,0.039735,0,66.57,40.11
96.7360,-0.069597,0.028731,0,66.57,40.11
96.7440,-0.085226,0.018699,0,66.57,40.11
96.7520,-0.093529,0.011053,0,66.57,40.11
96.7600,-0.100366,0.006484,0,66.57,40.11
96.7680,-0.102320,0.004791,0,66.57,40.11
96.7760,-0.103297,0.005141,0,66.57,40.11
96.7840,-0.103785,0.006522,0,66.57,40.11
96.7920,-0.106227,0.008148,0,66.57,40.11
96.8000,-0.107692,0.009602,0,66.57,40.11
96.8080,-0.108669,0.010761,0,66.57,40.11
96.8160,-0.112088,0.011726,0,66.57,40.11
96.8240,-0.115995,-0.045234,0,66.57,40.11
96.8320,-0.118437,-0.048495,0,66.57,40.11
96.8400,-0.123321,-0.051805,0,66.57,40.11
96.8480,-0.127717,-0.054466,0,66.57,40.11
96.8560,-0.132112,-0.055668,0,66.57,40.11
96.8640,-0.129182,-0.054856,0,66.57,40.11
96.8720,-0.129670,-0.051983,0,66.57,40.11
96.8800,-0.124786,-0.047529,0,66.57,40.11
96.8880,-0.118926,-0.042349,0,66.57,40.11
96.8960,-0.117460,-0.037317,0,66.57,40.11
96.9040,-0.116972,-0.032920,0,66.57,40.11
96.9120,-0.116972,-0.029177,0,66.57,40.11
96.9200,-0.116972,-0.025813,0,66.57,40.11
96.9280,-0.114530,-0.014435,0,66.57,40.11
96.9360,-0.108669,-0.010100,0,66.57,40.11
96.9440,-0.106716,-0.006845,0,66.57,40.11
96.9520,-0.107692,-0.005189,0,66.57,40.11
96.9600,-0.112088,-0.004934,0,66.57,40.11
96.9680,-0.116484,-0.005325,0,66.57,40.11
96.9760,-0.117460,-0.005553,0,66.57,40.11
96.9840,-0.120391,-0.005152,0,66.57,40.11
96.9920,-0.121368,-0.004132,0,66.57,40.11
97.0000,-0.119902,-0.002940,0,66.57,40.11
97.0080,-0.120391,-0.002217,0,66.57,40.11
97.0160,-0.122833,-0.002353,0,66.57,40.11
97.0240,-0.127717,-0.003157,0,66.57,40.11
97.0320,-0.133578,-0.258679,0,66.57,40.11
97.0400,-0.146764,-0.281617,0,66.57,40.11
97.0480,-0.162882,-0.308534,0,66.57,40.11
97.0560,-0.182418,-0.337449,0,66.57,40.11
97.0640,-0.200488,-0.365111,0,66.57,40.11
97.0720,-0.210745,-0.387390,0,66.57,40.11
97.0800,-0.213187,-0.399762,0,66.57,40.11
97.0880,-0.203419,-0.397899,0,66.57,40.11
97.0960,-0.172161,-0.378546,0,66.57,40.11
97.1040,-0.117949,-0.340473,0,66.57,40.11
97.1120,-0.051038,-0.284952,0,66.57,40.11
97.1200,0.032967,-0.215779,0,66.57,40.11
97.1280,0.130159,-0.139094,0,66.57,40.11
97.1360,0.249817,0.288201,0,66.57,40.11
97.1440,0.395849,0.424618,0,66.57,40.11
97.1520,0.540415,0.571511,0,66.57,40.11
97.1600,0.691331,0.718522,0,66.57,40.11
97.1680,0.847619,0.850510,0,66.57,40.11
97.1760,0.989255,0.949549,1,66.57,40.11
97.1840,1.000000,1.000000,1,66.57,40.11
97.1920,1.000000,0.992363,1,66.57,40.11
97.2000,0.977045,0.924174,0,66.57,40.11
97.2080,0.785104,0.801680,0,66.57,40.11
97.2160,0.581929,0.640057,0,66.57,40.11
97.2240,0.395849,0.457170,0,66.57,40.11
97.2320,0.219536,0.266235,0,66.57,40.11
97.2400,0.063736,0.065116,0,66.57,40.11
97.2480,-0.074969,-0.070785,0,66.57,40.11
97.2560,-0.181929,-0.173673,0,66.57,40.11
97.2640,-0.257143,-0.240390,0,66.57,40.11
97.2720,-0.288889,-0.270843,0,66.57,40.11
97.2800,-0.284493,-0.268878,0,66.57,40.11
97.2880,-0.254212,-0.242335,0,66.57,40.11
97.2960,-0.204396,-0.201918,0,66.57,40.11
97.3040,-0.155067,-0.159038,0,66.57,40.11
97.3120,-0.115018,-0.123169,0,66.57,40.11
97.3200,-0.091575,-0.099566,0,66.57,40.11
97.3280,-0.084249,-0.088175,0,66.57,40.11
97.3360,-0.087179,-0.084116,0,66.57,40.11
97.3440,-0.100855,-0.022266,0,66.57,40.11
97.3520,-0.117949,-0.036316,0,66.57,40.11
97.3600,-0.137973,-0.050832,0,66.57,40.11
97.3680,-0.148230,-0.062250,0,66.57,40.11
97.3760,-0.153602,-0.068730,0,66.57,40.11
97.3840,-0.151648,-0.070222,0,66.57,40.11
97.3920,-0.147253,-0.067918,0,66.57,40.11
97.4000,-0.141392,-0.063420,0,66.57,40.11
97.4080,-0.138950,-0.058012,0,66.57,40.11
97.4160,-0.136020,-0.052305,0,66.57,40.11
97.4240,-0.137485,-0.046307,0,66.57,40.11
97.4320,-0.139438,-0.039800,0,66.57,40.11
97.4400,-0.140415,-0.032794,0,66.57,40.11
97.4480,-0.137973,-0.258501,0,66.57,40.11
97.4560,-0.135043,-0.251884,0,66.57,40.11
97.4640,-0.133578,-0.241745,0,66.57,40.11
97.4720,-0.133089,-0.228510,0,66.57,40.11
97.4800,-0.133089,-0.212729,0,66.57,40.11
97.4880,-0.134066,-0.195135,0,66.57,40.11
97.4960,-0.132601,-0.176762,0,66.57,40.11
97.5040,-0.131136,-0.158987,0,66.57,40.11
97.5120,-0.130159,-0.143315,0,66.57,40.11
97.5200,-0.127228,-0.130980,0,66.57,40.11
97.5280,-0.124786,-0.122559,0,66.57,40.11
97.5360,-0.123810,-0.117684,0,66.57,40.11
97.5440,-0.122344,-0.114980,0,66.57,40.11
97.5520,-0.123321,-0.014832,0,66.57,40.11
97.5600,-0.126252,-0.019894,0,66.57,40.11
97.5680,-0.130647,-0.027375,0,66.57,40.11
97.5760,-0.134066,-0.035695,0,66.57,40.11
97.5840,-0.139927,-0.043076,0,66.57,40.11
97.5920,-0.137973,-0.047933,0,66.57,40.11
97.6000,-0.137973,-0.049233,0,66.57,40.11
97.6080,-0.132601,-0.046719,0,66.57,40.11
97.6160,-0.123321,-0.040990,0,66.57,40.11
97.6240,-0.112088,-0.033366,0,66.57,40.11
97.6320,-0.101343,-0.025347,0,66.57,40.11
97.6400,-0.093040,-0.017933,0,66.57,40.11
97.6480,-0.088156,-0.011206,0,66.57,40.11
97.6560,-0.090110,0.025982,0,66.57,40.11
97.6640,-0.091575,0.026189,0,66.57,40.11
97.6720,-0.091575,0.025769,0,66.57,40.11
97.6800,-0.089133,0.025264,0,66.57,40.11
97.6880,-0.086691,0.024508,0,66.57,40.11
97.6960,-0.086203,0.023026,0,66.57,40.11
97.7040,-0.088645,0.020590,0,66.57,40.11
97.7120,-0.092552,0.017510,0,66.57,40.11
97.7200,-0.095971,0.014513,0,66.57,40.11
97.7280,-0.097924,0.012351,0,66.57,40.11
97.7360,-0.096947,0.011442,0,66.57,40.11
97.7440,-0.095971,0.011729,0,66.57,40.11
97.7520,-0.093040,0.012731,0,66.57,40.11
97.7600,-0.090110,0.011002,0,66.57,40.11
97.7680,-0.087179,0.011397,0,66.57,40.11
97.7760,-0.086691,0.010161,0,66.57,40.11
97.7840,-0.090110,0.007244,0,66.57,40.11
97.7920,-0.094505,0.003362,0,66.57,40.11
97.8000,-0.100366,-0.000292,0,66.57,40.11
97.8080,-0.101343,-0.002644,0,66.57,40.11
97.8160,-0.098901,-0.003261,0,66.57,40.11
97.8240,-0.095482,-0.002406,0,66.57,40.11
97.8320,-0.093040,-0.000643,0,66.57,40.11
97.8400,-0.091087,0.001535,0,66.57,40.11
97.8480,-0.086203,0.003822,0,66.57,40.11
97.8560,-0.084249,0.006088,0,66.57,40.11
97.8640,-0.079365,0.024417,0,66.57,40.11
97.8720,-0.076435,0.028329,0,66.57,40.11
97.8800,-0.070574,0.032174,0,66.57,40.11
97.8880,-0.068132,0.035533,0,66.57,40.11
97.8960,-0.062759,0.037819,0,66.57,40.11
97.9040,-0.061294,0.038418,0,66.57,40.11
97.9120,-0.062271,0.036961,0,66.57,40.11
97.9200,-0.065201,0.033548,0,66.57,40.11
97.9280,-0.070085,0.028815,0,66.57,40.11
97.9360,-0.078388,0.023839,0,66.57,40.11
97.9440,-0.085226,0.019733,0,66.57,40.11
97.9520,-0.085714,0.017033,0,66.57,40.11
97.9600,-0.086203,0.015357,0,66.57,40.11
97.9680,-0.087668,-0.005584,0,66.57,40.11
97.9760,-0.090598,-0.007274,0,66.57,40.11
97.9840,-0.092063,-0.008557,0,66.57,40.11
97.9920,-0.093040,-0.009284,0,66.57,40.11
98.0000,-0.092552,-0.009416,0,66.57,40.11
98.0080,-0.090110,-0.009093,0,66.57,40.11
98.0160,-0.090598,-0.008528,0,66.57,40.11
98.0240,-0.088645,-0.007858,0,66.57,40.11
98.0320,-0.088156,-0.007132,0,66.57,40.11
98.0400,-0.086203,-0.006359,0,66.57,40.11
98.0480,-0.085226,-0.005550,0,66.57,40.11
98.0560,-0.083272,-0.004727,0,66.57,40.11
98.0640,-0.082295,-0.003907,0,66.57,40.11
98.0720,-0.083761,0.001599,0,66.57,40.11
98.0800,-0.085226,0.000774,0,66.57,40.11
98.0880,-0.086203,-0.000102,0,66.57,40.11
98.0960,-0.085714,-0.000830,0,66.57,40.11
98.1040,-0.085714,-0.001376,0,66.57,40.11
98.1120,-0.085714,-0.001787,0,66.57,40.11
98.1200,-0.085714,-0.002107,0,66.57,40.11
98.1280,-0.084737,-0.002344,0,66.57,40.11
98.1360,-0.085714,-0.002441,0,66.57,40.11
98.1440,-0.085226,-0.002284,0,66.57,40.11
98.1520,-0.084737,-0.001798,0,66.57,40.11
98.1600,-0.082784,-0.001027,0,66.57,40.11
98.1680,-0.082295,-0.000107,0,66.57,40.11
98.1760,-0.080342,0.027586,0,66.57,40.11
98.1840,-0.082295,0.028259,0,66.57,40.11
98.1920,-0.084249,0.028258,0,66.57,40.11
98.2000,-0.086203,0.027785,0,66.57,40.11
98.2080,-0.089133,0.027069,0,66.57,40.11
98.2160,-0.092063,0.026234,0,66.57,40.11
98.2240,-0.094017,0.025197,0,66.57,40.11
98.2320,-0.094505,0.023703,0,66.57,40.11
98.2400,-0.099878,0.021572,0,66.57,40.11
98.2480,-0.103297,0.018966,0,66.57,40.11
98.2560,-0.109646,0.016385,0,66.57,40.11
98.2640,-0.115995,0.014337,0,66.57,40.11
98.2720,-0.114530,0.012859,0,66.57,40.11
98.2800,-0.109646,-0.044515,0,66.57,40.11
98.2880,-0.100855,-0.040412,0,66.57,40.11
98.2960,-0.093040,-0.036131,0,66.57,40.11
98.3040,-0.088156,-0.033069,0,66.57,40.11
98.3120,-0.087179,-0.031753,0,66.57,40.11
98.3200,-0.087668,-0.031723,0,66.57,40.11
98.3280,-0.088156,-0.031933,0,66.57,40.11
98.3360,-0.085714,-0.031370,0,66.57,40.11
98.3440,-0.082784,-0.029534,0,66.57,40.11
98.3520,-0.074481,-0.026577,0,66.57,40.11
98.3600,-0.070085,-0.023044,0,66.57,40.11
98.3680,-0.064713,-0.019426,0,66.57,40.11
98.3760,-0.060806,-0.015909,0,66.57,40.11
98.3840,-0.054457,0.016054,0,66.57,40.11
98.3920,-0.049084,0.019865,0,66.57,40.11
98.4000,-0.045665,0.022299,0,66.57,40.11
98.4080,-0.043712,0.022938,0,66.57,40.11
98.4160,-0.044200,0.021747,0,66.57,40.11
98.4240,-0.048596,0.019206,0,66.57,40.11
98.4320,-0.053968,0.016187,0,66.57,40.11
98.4400,-0.054457,0.013524,0,66.57,40.11
98.4480,-0.055433,0.011668,0,66.57,40.11
98.4560,-0.055922,0.010686,0,66.57,40.11
98.4640,-0.055433,0.010449,0,66.57,40.11
98.4720,-0.055433,0.010752,0,66.57,40.11
98.4800,-0.053968,0.011342,0,66.57,40.11
98.4880,-0.051526,0.000177,0,66.57,40.11
98.4960,-0.052015,-0.000117,0,66.57,40.11
98.5040,-0.052991,-0.000186,0,66.57,40.11
98.5120,-0.052991,0.000502,0,66.57,40.11
98.5200,-0.047619,0.002263,0,66.57,40.11
98.5280,-0.044200,0.004951,0,66.57,40.11
98.5360,-0.038828,0.008017,0,66.57,40.11
98.5440,-0.033455,0.010665,0,66.57,40.11
98.5520,-0.029548,0.012075,0,66.57,40.11
98.5600,-0.029060,0.011659,0,66.57,40.11
98.5680,-0.028571,0.009248,0,66.57,40.11
98.5760,-0.032479,0.005144,0,66.57,40.11
98.5840,-0.036386,0.000067,0,66.57,40.11
98.5920,-0.038339,0.016844,0,66.57,40.11
98.6000,-0.039805,0.014170,0,66.57,40.11
98.6080,-0.044200,0.011643,0,66.57,40.11
98.6160,-0.044200,0.009203,0,66.57,40.11
98.6240,-0.046642,0.006849,0,66.57,40.11
98.6320,-0.051038,0.004810,0,66.57,40.11
98.6400,-0.053968,0.003515,0,66.57,40.11
98.6480,-0.053968,0.003273,0,66.57,40.11
98.6560,-0.051038,0.003960,0,66.57,40.11
98.6640,-0.048107,0.005019,0,66.57,40.11
98.6720,-0.045665,0.005795,0,66.57,40.11
98.6800,-0.047131,0.005942,0,66.57,40.11
98.6880,-0.049084,0.005605,0,66.57,40.11
98.6960,-0.046642,0.019418,0,66.57,40.11
98.7040,-0.047619,0.018269,0,66.57,40.11
98.7120,-0.052991,0.015917,0,66.57,40.11
98.7200,-0.056899,0.012676,0,66.57,40.11
98.7280,-0.062759,0.009180,0,66.57,40.11
98.7360,-0.066667,0.006136,0,66.57,40.11
98.7440,-0.070085,0.004100,0,66.57,40.11
98.7520,-0.072527,0.003291,0,66.57,40.11
98.7600,-0.070085,0.003495,0,66.57,40.11
98.7680,-0.069597,0.004233,0,66.57,40.11
98.7760,-0.071551,0.005135,0,66.57,40.11
98.7840,-0.072527,0.006105,0,66.57,40.11
98.7920,-0.071551,0.007154,0,66.57,40.11
98.8000,-0.072039,-0.030067,0,66.57,40.11
98.8080,-0.071062,-0.029856,0,66.57,40.11
98.8160,-0.070085,-0.028918,0,66.57,40.11
98.8240,-0.069109,-0.027188,0,66.57,40.11
98.8320,-0.062759,-0.024837,0,66.57,40.11
98.8400,-0.061294,-0.022210,0,66.57,40.11
98.8480,-0.058852,-0.019612,0,66.57,40.11
98.8560,-0.055922,-0.017238,0,66.57,40.11
98.8640,-0.054457,-0.015243,0,66.57,40.11
98.8720,-0.052991,-0.013800,0,66.57,40.11
98.8800,-0.050061,-0.013104,0,66.57,40.11
98.8880,-0.050061,-0.013235,0,66.57,40.11
98.8960,-0.052015,-0.013946,0,66.57,40.11
98.9040,-0.053968,0.002362,0,66.57,40.11
98.9120,-0.057875,-0.001139,0,66.57,40.11
98.9200,-0.064713,-0.005046,0,66.57,40.11
98.9280,-0.067155,-0.008604,0,66.57,40.11
98.9360,-0.069597,-0.011186,0,66.57,40.11
98.9440,-0.071062,-0.012359,0,66.57,40.11
98.9520,-0.073504,-0.011885,0,66.57,40.11
98.9600,-0.070085,-0.009906,0,66.57,40.11
98.9680,-0.064713,-0.007109,0,66.57,40.11
98.9760,-0.062271,-0.004481,0,66.57,40.11
98.9840,-0.060317,-0.002795,0,66.57,40.11
98.9920,-0.061294,-0.002252,0,66.57,40.11
99.0000,-0.062759,-0.002459,0,66.57,40.11
99.0080,-0.065690,-0.006138,0,66.57,40.11
99.0160,-0.065201,-0.006710,0,66.57,40.11
99.0240,-0.065201,-0.007316,0,66.57,40.11
99.0320,-0.062759,-0.008548,0,66.57,40.11
99.0400,-0.064713,-0.011012,0,66.57,40.11
99.0480,-0.068132,-0.014764,0,66.57,40.11
99.0560,-0.074481,-0.019030,0,66.57,40.11
99.0640,-0.079365,-0.022425,0,66.57,40.11
99.0720,-0.081807,-0.023556,0,66.57,40.11
99.0800,-0.077900,-0.021685,0,66.57,40.11
99.0880,-0.070085,-0.017032,0,66.57,40.11
99.0960,-0.061294,-0.010503,0,66.57,40.11
99.1040,-0.055433,-0.003125,0,66.57,40.11
99.1120,-0.054945,-0.024827,0,66.57,40.11
99.1200,-0.055433,-0.023508,0,66.57,40.11
99.1280,-0.053480,-0.022251,0,66.57,40.11
99.1360,-0.049573,-0.020631,0,66.57,40.11
99.1440,-0.043712,-0.018940,0,66.57,40.11
99.1520,-0.038828,-0.017915,0,66.57,40.11
99.1600,-0.038339,-0.018085,0,66.57,40.11
99.1680,-0.039805,-0.019262,0,66.57,40.11
99.1760,-0.041758,-0.020540,0,66.57,40.11
99.1840,-0.041758,-0.020759,0,66.57,40.11
99.1920,-0.039316,-0.019078,0,66.57,40.11
99.2000,-0.033455,-0.015394,0,66.57,40.11
99.2080,-0.025153,-0.010445,0,66.57,40.11
99.2160,-0.016850,-0.055569,0,66.57,40.11
99.2240,-0.008059,-0.051761,0,66.57,40.11
99.2320,-0.000733,-0.049214,0,66.57,40.11
99.2400,0.005617,-0.048314,0,66.57,40.11
99.2480,0.007570,-0.048643,0,66.57,40.11
99.2560,0.008547,-0.049015,0,66.57,40.11
99.2640,0.011477,-0.048018,0,66.57,40.11
99.2720,0.022222,-0.044814,0,66.57,40.11
99.2800,0.031502,-0.039594,0,66.57,40.11
99.2880,0.045665,-0.033453,0,66.57,40.11
99.2960,0.059829,-0.027825,0,66.57,40.11
99.3040,0.068132,-0.023646,0,66.57,40.11
99.3120,0.072039,-0.020713,0,66.57,40.11
99.3200,0.072039,0.125668,0,66.57,40.11
99.3280,0.067643,0.123137,0,66.57,40.11
99.3360,0.058364,0.117889,0,66.57,40.11
99.3440,0.049084,0.111561,0,66.57,40.11
99.3520,0.040781,0.105609,0,66.57,40.11
99.3600,0.035897,0.100804,0,66.57,40.11
99.3680,0.031990,0.097047,0,66.57,40.11
99.3760,0.028083,0.093573,0,66.57,40.11
99.3840,0.023687,0.089339,0,66.57,40.11
99.3920,0.017338,0.083444,0,66.57,40.11
99.4000,0.007082,0.075502,0,66.57,40.11
99.4080,-0.007082,0.065820,0,66.57,40.11
99.4160,-0.018803,0.055208,0,66.57,40.11
99.4240,-0.031502,0.009264,0,66.57,40.11
99.4320,-0.045665,-0.001293,0,66.57,40.11
99.4400,-0.054945,-0.009257,0,66.57,40.11
99.4480,-0.060317,-0.014039,0,66.57,40.11
99.4560,-0.060806,-0.015877,0,66.57,40.11
99.4640,-0.059341,-0.015635,0,66.57,40.11
99.4720,-0.060317,-0.014272,0,66.57,40.11
99.4800,-0.060806,-0.012442,0,66.57,40.11
99.4880,-0.059829,-0.010524,0,66.57,40.11
99.4960,-0.057387,-0.008818,0,66.57,40.11
99.5040,-0.057387,-0.007565,0,66.57,40.11
99.5120,-0.058852,-0.006794,0,66.57,40.11
99.5200,-0.059829,-0.006296,0,66.57,40.11
99.5280,-0.064713,-0.014583,0,66.57,40.11
99.5360,-0.069109,-0.017358,0,66.57,40.11
99.5440,-0.072039,-0.020547,0,66.57,40.11
99.5520,-0.079365,-0.023712,0,66.57,40.11
99.5600,-0.084737,-0.026338,0,66.57,40.11
99.5680,-0.086203,-0.028026,0,66.57,40.11
99.5760,-0.089621,-0.028591,0,66.57,40.11
99.5840,-0.092063,-0.027979,0,66.57,40.11
99.5920,-0.093040,-0.026204,0,66.57,40.11
99.6000,-0.093529,-0.023387,0,66.57,40.11
99.6080,-0.093040,-0.019761,0,66.57,40.11
99.6160,-0.093529,-0.015596,0,66.57,40.11
99.6240,-0.093040,-0.011153,0,66.57,40.11
99.6320,-0.092063,-0.035230,0,66.57,40.11
99.6400,-0.092063,-0.031910,0,66.57,40.11
99.6480,-0.091087,-0.028175,0,66.57,40.11
99.6560,-0.087179,-0.024173,0,66.57,40.11
99.6640,-0.084249,-0.020248,0,66.57,40.11
99.6720,-0.082784,-0.016704,0,66.57,40.11
99.6800,-0.082784,-0.013580,0,66.57,40.11
99.6880,-0.084249,-0.010720,0,66.57,40.11
99.6960,-0.083761,-0.008149,0,66.57,40.11
99.7040,-0.080830,-0.006446,0,66.57,40.11
99.7120,-0.077900,-0.006633,0,66.57,40.11
99.7200,-0.079365,-0.009362,0,66.57,40.11
99.7280,-0.092063,-0.014002,0,66.57,40.11
99.7360,-0.113553,-0.486486,0,66.57,40.11
99.7440,-0.139438,-0.532151,0,66.57,40.11
99.7520,-0.170208,-0.579817,0,66.57,40.11
99.7600,-0.196093,-0.624023,0,66.57,40.11
99.7680,-0.211233,-0.658852,0,66.57,40.11
99.7760,-0.209280,-0.678997,0,66.57,40.11
99.7840,-0.187302,-0.680517,0,66.57,40.11
99.7920,-0.141880,-0.661113,0,66.57,40.11
99.8000,-0.074969,-0.619903,0,66.57,40.11
99.8080,0.008547,-0.557019,0,66.57,40.11
99.8160,0.107204,-0.473722,0,66.57,40.11
99.8240,0.231746,-0.373564,0,66.57,40.11
99.8320,0.381197,-0.263672,0,66.57,40.11
99.8400,0.540415,0.624278,0,66.57,40.11
99.8480,0.720635,0.743910,0,66.57,40.11
99.8560,0.937485,0.849343,0,66.57,40.11
99.8640,1.000000,0.929506,0,66.57,40.11
99.8720,1.000000,0.979754,1,66.57,40.11
99.8800,1.000000,1.000000,1,66.57,40.11
99.8880,1.000000,0.989161,0,66.57,40.11
99.8960,0.976068,0.944256,0,66.57,40.11
99.9040,0.762149,0.865802,0,66.57,40.11
99.9120,0.538950,0.761733,0,66.57,40.11
99.9200,0.321612,0.644021,0,66.57,40.11
99.9280,0.112576,0.522261,0,66.57,40.11
99.9360,-0.078388,0.400581,0,66.57,40.11
99.9440,-0.217582,-0.232775,0,66.57,40.11
99.9520,-0.291819,-0.309233,0,66.57,40.11
99.9600,-0.304518,-0.329960,0,66.57,40.11
99.9680,-0.267888,-0.305155,0,66.57,40.11
99.9760,-0.196093,-0.251824,0,66.57,40.11
99.9840,-0.123321,-0.189248,0,66.57,40.11
99.9920,-0.065690,-0.134068,0,66.57,40.11
100.0000,-0.031990,-0.096854,0,66.57,40.11
100.0080,-0.022222,-0.081247,0,66.57,40.11
100.0160,-0.030525,-0.085317,0,66.57,40.11
100.0240,-0.051038,-0.104044,0,66.57,40.11
100.0320,-0.072527,-0.131728,0,66.57,40.11
100.0400,-0.096459,-0.163370,0,66.57,40.11
100.0480,-0.115995,-0.077794,0,66.57,40.11
100.0560,-0.129670,-0.091824,0,66.57,40.11
100.0640,-0.135043,-0.099909,0,66.57,40.11
100.0720,-0.134066,-0.102673,0,66.57,40.11
100.0800,-0.131136,-0.101581,0,66.57,40.11
100.0880,-0.124298,-0.098330,0,66.57,40.11
100.0960,-0.118437,-0.094318,0,66.57,40.11
100.1040,-0.116972,-0.090215,0,66.57,40.11
100.1120,-0.116484,-0.085845,0,66.57,40.11
100.1200,-0.116972,-0.080494,0,66.57,40.11
100.1280,-0.118437,-0.073429,0,66.57,40.11
100.1360,-0.123321,-0.064390,0,66.57,40.11
100.1440,-0.124786,-0.053945,0,66.57,40.11
100.1520,-0.125275,-0.217870,0,66.57,40.11
100.1600,-0.125763,-0.204927,0,66.57,40.11
100.1680,-0.125275,-0.188367,0,66.57,40.11
100.1760,-0.123321,-0.169381,0,66.57,40.11
100.1840,-0.119902,-0.149471,0,66.57,40.11
100.1920,-0.120391,-0.130279,0,66.57,40.11
100.2000,-0.119414,-0.113386,0,66.57,40.11
100.2080,-0.122833,-0.100040,0,66.57,40.11
100.2160,-0.124298,-0.090896,0,66.57,40.11
100.2240,-0.127228,-0.085974,0,66.57,40.11
100.2320,-0.126252,-0.084825,0,66.57,40.11
100.2400,-0.123321,-0.086641,0,66.57,40.11
100.2480,-0.122344,-0.090191,0,66.57,40.11
100.2560,-0.121856,-0.003102,0,66.57,40.11
100.2640,-0.122344,-0.006759,0,66.57,40.11
100.2720,-0.123321,-0.010316,0,66.57,40.11
100.2800,-0.123321,-0.012849,0,66.57,40.11
100.2880,-0.124298,-0.013786,0,66.57,40.11
100.2960,-0.124298,-0.013047,0,66.57,40.11
100.3040,-0.121368,-0.011072,0,66.57,40.11
100.3120,-0.120391,-0.008664,0,66.57,40.11
100.3200,-0.118437,-0.006606,0,66.57,40.11
100.3280,-0.119902,-0.005309,0,66.57,40.11
100.3360,-0.121368,-0.004698,0,66.57,40.11
100.3440,-0.121856,-0.004437,0,66.57,40.11
100.3520,-0.119902,-0.004266,0,66.57,40.11
100.3600,-0.117460,-0.010358,0,66.57,40.11
100.3680,-0.118437,-0.010891,0,66.57,40.11
100.3760,-0.117949,-0.011396,0,66.57,40.11
100.3840,-0.117949,-0.011427,0,66.57,40.11
100.3920,-0.116484,-0.010528,0,66.57,40.11
100.4000,-0.114530,-0.008484,0,66.57,40.11
100.4080,-0.109646,-0.005515,0,66.57,40.11
100.4160,-0.104274,-0.002315,0,66.57,40.11
100.4240,-0.099878,0.000173,0,66.57,40.11
100.4320,-0.096947,0.001176,0,66.57,40.11
100.4400,-0.098413,0.000443,0,66.57,40.11
100.4480,-0.101343,-0.001675,0,66.57,40.11
100.4560,-0.101832,-0.004514,0,66.57,40.11
100.4640,-0.100366,-0.012406,0,66.57,40.11
100.4720,-0.093040,-0.009366,0,66.57,40.11
100.4800,-0.085714,-0.004375,0,66.57,40.11
100.4880,-0.078388,0.001872,0,66.57,40.11
100.4960,-0.070085,0.008564,0,66.57,40.11
100.5040,-0.062271,0.014855,0,66.57,40.11
100.5120,-0.054945,0.019874,0,66.57,40.11
100.5200,-0.049084,0.022799,0,66.57,40.11
100.5280,-0.047619,0.023032,0,66.57,40.11
100.5360,-0.047619,0.020355,0,66.57,40.11
100.5440,-0.052015,0.015003,0,66.57,40.11
100.5520,-0.057387,0.007613,0,66.57,40.11
100.5600,-0.064225,-0.000883,0,66.57,40.11
100.5680,-0.071062,0.026601,0,66.57,40.11
100.5760,-0.078388,0.019559,0,66.57,40.11
100.5840,-0.085226,0.013716,0,66.57,40.11
100.5920,-0.086691,0.009530,0,66.57,40.11
100.6000,-0.089133,0.007069,0,66.57,40.11
100.6080,-0.090110,0.006095,0,66.57,40.11
100.6160,-0.088156,0.006147,0,66.57,40.11
100.6240,-0.086203,0.006637,0,66.57,40.11
100.6320,-0.085714,0.007062,0,66.57,40.11
100.6400,-0.085226,0.007203,0,66.57,40.11
100.6480,-0.085226,0.007120,0,66.57,40.11
100.6560,-0.085714,0.006996,0,66.57,40.11
100.6640,-0.083761,0.006937,0,66.57,40.11
100.6720,-0.077900,0.000264,0,66.57,40.11
100.6800,-0.074481,0.001377,0,66.57,40.11
100.6880,-0.074481,0.001715,0,66.57,40.11
100.6960,-0.075458,0.001320,0,66.57,40.11
100.7040,-0.074969,0.000615,0,66.57,40.11
100.7120,-0.075458,0.000068,0,66.57,40.11
100.7200,-0.074481,-0.000053,0,66.57,40.11
100.7280,-0.072039,0.000211,0,66.57,40.11
100.7360,-0.070085,0.000597,0,66.57,40.11
100.7440,-0.069109,0.000874,0,66.57,40.11
100.7520,-0.070085,0.001025,0,66.57,40.11
100.7600,-0.068132,0.001162,0,66.57,40.11
100.7680,-0.066667,0.001342,0,66.57,40.11
100.7760,-0.060806,0.017976,0,66.57,40.11
100.7840,-0.059341,0.020593,0,66.57,40.11
100.7920,-0.056899,0.022933,0,66.57,40.11
100.8000,-0.055433,0.024837,0,66.57,40.11
100.8080,-0.056410,0.026287,0,66.57,40.11
100.8160,-0.054457,0.027273,0,66.57,40.11
100.8240,-0.054945,0.027683,0,66.57,40.11
100.8320,-0.056899,0.027340,0,66.57,40.11
100.8400,-0.058852,0.026072,0,66.57,40.11
100.8480,-0.060806,0.023719,0,66.57,40.11
100.8560,-0.065690,0.020239,0,66.57,40.11
100.8640,-0.071551,0.015828,0,66.57,40.11
100.8720,-0.076923,0.010905,0,66.57,40.11
100.8800,-0.077411,0.033455,0,66.57,40.11
100.8880,-0.076923,0.033882,0,66.57,40.11
100.8960,-0.076435,0.034408,0,66.57,40.11
100.9040,-0.078388,0.034032,0,66.57,40.11
100.9120,-0.080342,0.031945,0,66.57,40.11
100.9200,-0.085226,0.027805,0,66.57,40.11
100.9280,-0.093040,0.021985,0,66.57,40.11
100.9360,-0.102808,0.015645,0,66.57,40.11
100.9440,-0.113065,0.010427,0,66.57,40.11
100.9520,-0.116972,0.007775,0,66.57,40.11
100.9600,-0.116484,0.008258,0,66.57,40.11
100.9680,-0.112576,0.011397,0,66.57,40.11
100.9760,-0.110134,0.016012,0,66.57,40.11
100.9840,-0.110623,-0.007143,0,66.57,40.11
100.9920,-0.113553,-0.007081,0,66.57,40.11
101.0000,-0.116484,-0.007869,0,66.57,40.11
101.0080,-0.117949,-0.009080,0,66.57,40.11
101.0160,-0.118926,-0.010351,0,66.57,40.11
101.0240,-0.122344,-0.011398,0,66.57,40.11
101.0320,-0.123810,-0.011964,0,66.57,40.11
101.0400,-0.125275,-0.011885,0,66.57,40.11
101.0480,-0.124298,-0.011172,0,66.57,40.11
101.0560,-0.124786,-0.009966,0,66.57,40.11
101.0640,-0.124298,-0.008420,0,66.57,40.11
101.0720,-0.124786,-0.006632,0,66.57,40.11
101.0800,-0.123810,-0.004699,0,66.57,40.11
101.0880,-0.123321,-0.050522,0,66.57,40.11
101.0960,-0.122344,-0.050254,0,66.57,40.11
101.1040,-0.119414,-0.050005,0,66.57,40.11
101.1120,-0.119902,-0.049821,0,66.57,40.11
101.1200,-0.119902,-0.049507,0,66.57,40.11
101.1280,-0.117949,-0.048682,0,66.57,40.11
101.1360,-0.116972,-0.046963,0,66.57,40.11
101.1440,-0.113553,-0.044140,0,66.57,40.11
101.1520,-0.108181,-0.040320,0,66.57,40.11
101.1600,-0.101343,-0.035922,0,66.57,40.11
101.1680,-0.095971,-0.031443,0,66.57,40.11
101.1760,-0.091575,-0.027171,0,66.57,40.11
101.1840,-0.086691,-0.023103,0,66.57,40.11
101.1920,-0.085714,0.024739,0,66.57,40.11
101.2000,-0.085714,0.026637,0,66.57,40.11
101.2080,-0.085714,0.027745,0,66.57,40.11
101.2160,-0.085714,0.028248,0,66.57,40.11
101.2240,-0.085714,0.028080,0,66.57,40.11
101.2320,-0.086691,0.027005,0,66.57,40.11
101.2400,-0.088156,0.024860,0,66.57,40.11
101.2480,-0.093040,0.021790,0,66.57,40.11
101.2560,-0.096459,0.018335,0,66.57,40.11
101.2640,-0.101343,0.015266,0,66.57,40.11
101.2720,-0.103785,0.013300,0,66.57,40.11
101.2800,-0.106716,0.012746,0,66.57,40.11
101.2880,-0.102808,0.013205,0,66.57,40.11
101.2960,-0.098901,0.011481,0,66.57,40.11
101.3040,-0.094505,0.013280,0,66.57,40.11
101.3120,-0.094994,0.013907,0,66.57,40.11
101.3200,-0.097924,0.013286,0,66.57,40.11
101.3280,-0.100855,0.011988,0,66.57,40.11
101.3360,-0.102808,0.010737,0,66.57,40.11
101.3440,-0.101832,0.009926,0,66.57,40.11
101.3520,-0.101343,0.009476,0,66.57,40.11
101.3600,-0.099878,0.009058,0,66.57,40.11
101.3680,-0.101343,0.008460,0,66.57,40.11
101.3760,-0.104274,0.007782,0,66.57,40.11
101.3840,-0.104762,0.007268,0,66.57,40.11
101.3920,-0.103297,0.006972,0,66.57,40.11
101.4000,-0.106716,-0.015178,0,66.57,40.11
101.4080,-0.108669,-0.018794,0,66.57,40.11
101.4160,-0.113553,-0.022640,0,66.57,40.11
101.4240,-0.115995,-0.026002,0,66.57,40.11
101.4320,-0.117460,-0.028070,0,66.57,40.11
101.4400,-0.117460,-0.028128,0,66.57,40.11
101.4480,-0.116972,-0.025798,0,66.57,40.11
101.4560,-0.109158,-0.021375,0,66.57,40.11
101.4640,-0.100366,-0.016010,0,66.57,40.11
101.4720,-0.092063,-0.011360,0,66.57,40.11
101.4800,-0.088645,-0.008824,0,66.57,40.11
101.4880,-0.087668,-0.008842,0,66.57,40.11
101.4960,-0.093529,-0.010599,0,66.57,40.11
101.5040,-0.099878,0.015804,0,66.57,40.11
101.5120,-0.103785,0.012889,0,66.57,40.11
101.5200,-0.108669,0.010713,0,66.57,40.11
101.5280,-0.110134,0.009837,0,66.57,40.11
101.5360,-0.110623,0.010358,0,66.57,40.11
101.5440,-0.110134,0.011905,0,66.57,40.11
101.5520,-0.106227,0.013702,0,66.57,40.11
101.5600,-0.103785,0.014797,0,66.57,40.11
101.5680,-0.104762,0.014490,0,66.57,40.11
101.5760,-0.110623,0.012716,0,66.57,40.11
101.5840,-0.116972,0.010031,0,66.57,40.11
101.5920,-0.124298,0.007161,0,66.57,40.11
101.6000,-0.124298,0.004452,0,66.57,40.11
101.6080,-0.118437,-0.016041,0,66.57,40.11
101.6160,-0.114042,-0.013128,0,66.57,40.11
101.6240,-0.111600,-0.009528,0,66.57,40.11
101.6320,-0.110134,-0.005887,0,66.57,40.11
101.6400,-0.105739,-0.002617,0,66.57,40.11
101.6480,-0.101832,-0.000133,0,66.57,40.11
101.6560,-0.100366,0.001170,0,66.57,40.11
101.6640,-0.100855,0.001128,0,66.57,40.11
101.6720,-0.100366,-0.000070,0,66.57,40.11
101.6800,-0.104274,-0.001849,0,66.57,40.11
101.6880,-0.109158,-0.003399,0,66.57,40.11
101.6960,-0.107692,-0.004160,0,66.57,40.11
101.7040,-0.105739,-0.004249,0,66.57,40.11
101.7120,-0.107692,-0.031553,0,66.57,40.11
101.7200,-0.107692,-0.034083,0,66.57,40.11
101.7280,-0.109158,-0.037248,0,66.57,40.11
101.7360,-0.112088,-0.040835,0,66.57,40.11
101.7440,-0.114530,-0.044318,0,66.57,40.11
101.7520,-0.114530,-0.047029,0,66.57,40.11
101.7600,-0.116484,-0.048329,0,66.57,40.11
101.7680,-0.112576,-0.047761,0,66.57,40.11
101.7760,-0.108181,-0.045138,0,66.57,40.11
101.7840,-0.102808,-0.040467,0,66.57,40.11
101.7920,-0.096459,-0.033875,0,66.57,40.11
101.8000,-0.085714,-0.025705,0,66.57,40.11
101.8080,-0.074481,-0.016635,0,66.57,40.11
101.8160,-0.064713,-0.039667,0,66.57,40.11
101.8240,-0.062271,-0.039943,0,66.57,40.11
101.8320,-0.065201,-0.042746,0,66.57,40.11
101.8400,-0.070085,-0.045910,0,66.57,40.11
101.8480,-0.070574,-0.046845,0,66.57,40.11
101.8560,-0.063736,-0.043860,0,66.57,40.11
101.8640,-0.049084,-0.037017,0,66.57,40.11
101.8720,-0.033944,-0.027990,0,66.57,40.11
101.8800,-0.022711,-0.019240,0,66.57,40.11
101.8880,-0.007570,-0.013143,0,66.57,40.11
101.8960,-0.001221,-0.011255,0,66.57,40.11
101.9040,-0.001709,-0.013648,0,66.57,40.11
101.9120,-0.005617,-0.018739,0,66.57,40.11
101.9200,-0.007570,0.082786,0,66.57,40.11
101.9280,-0.007570,0.078698,0,66.57,40.11
101.9360,-0.012943,0.072724,0,66.57,40.11
101.9440,-0.023199,0.065034,0,66.57,40.11
101.9520,-0.031990,0.056359,0,66.57,40.11
101.9600,-0.044200,0.047878,0,66.57,40.11
101.9680,-0.053480,0.040803,0,66.57,40.11
101.9760,-0.056899,0.035859,0,66.57,40.11
101.9840,-0.057875,0.033057,0,66.57,40.11
101.9920,-0.059829,0.031985,0,66.57,40.11
102.0000,-0.061783,0.032234,0,66.57,40.11
102.0080,-0.060806,0.033473,0,66.57,40.11
102.0160,-0.058852,0.035290,0,66.57,40.11
102.0240,-0.062759,0.089342,0,66.57,40.11
102.0320,-0.071551,0.083806,0,66.57,40.11
102.0400,-0.083761,0.073908,0,66.57,40.11
102.0480,-0.102808,0.060631,0,66.57,40.11
102.0560,-0.125275,0.045896,0,66.57,40.11
102.0640,-0.141392,0.031880,0,66.57,40.11
102.0720,-0.155556,0.020291,0,66.57,40.11
102.0800,-0.165324,0.012134,0,66.57,40.11
102.0880,-0.173138,0.007975,0,66.57,40.11
102.0960,-0.179487,0.008221,0,66.57,40.11
102.1040,-0.179976,0.013052,0,66.57,40.11
102.1120,-0.177534,0.021985,0,66.57,40.11
102.1200,-0.166300,0.033460,0,66.57,40.11
102.1280,-0.156044,-0.034007,0,66.57,40.11
102.1360,-0.146276,-0.022994,0,66.57,40.11
102.1440,-0.139438,-0.013415,0,66.57,40.11
102.1520,-0.132601,-0.006331,0,66.57,40.11
102.1600,-0.130159,-0.002275,0,66.57,40.11
102.1680,-0.132112,-0.001171,0,66.57,40.11
102.1760,-0.136996,-0.002341,0,66.57,40.11
102.1840,-0.143346,-0.004744,0,66.57,40.11
102.1920,-0.148230,-0.007312,0,66.57,40.11
102.2000,-0.155067,-0.009196,0,66.57,40.11
102.2080,-0.158974,-0.009878,0,66.57,40.11
102.2160,-0.163858,-0.009271,0,66.57,40.11
102.2240,-0.163858,-0.007815,0,66.57,40.11
102.2320,-0.163858,-0.062752,0,66.57,40.11
102.2400,-0.162882,-0.060005,0,66.57,40.11
102.2480,-0.159463,-0.056303,0,66.57,40.11
102.2560,-0.153602,-0.052423,0,66.57,40.11
102.2640,-0.149206,-0.049110,0,66.57,40.11
102.2720,-0.150183,-0.046633,0,66.57,40.11
102.2800,-0.148718,-0.044648,0,66.57,40.11
102.2880,-0.148230,-0.042519,0,66.57,40.11
102.2960,-0.145788,-0.039770,0,66.57,40.11
102.3040,-0.140904,-0.036381,0,66.57,40.11
102.3120,-0.136020,-0.032754,0,66.57,40.11
102.3200,-0.131624,-0.029355,0,66.57,40.11
102.3280,-0.131624,-0.026299,0,66.57,40.11
102.3360,-0.132601,-0.381915,0,66.57,40.11
102.3440,-0.140904,-0.405609,0,66.57,40.11
102.3520,-0.151160,-0.432450,0,66.57,40.11
102.3600,-0.163370,-0.459923,0,66.57,40.11
102.3680,-0.169231,-0.484491,0,66.57,40.11
102.3760,-0.168742,-0.502107,0,66.57,40.11
102.3840,-0.156532,-0.508724,0,66.57,40.11
102.3920,-0.126252,-0.500747,0,66.57,40.11
102.4000,-0.079365,-0.475350,0,66.57,40.11
102.4080,-0.017338,-0.430685,0,66.57,40.11
102.4160,0.061783,-0.366498,0,66.57,40.11
102.4240,0.162882,-0.285500,0,66.57,40.11
102.4320,0.292308,-0.194586,0,66.57,40.11
102.4400,0.436386,0.543348,0,66.57,40.11
102.4480,0.589255,0.666786,0,66.57,40.11
102.4560,0.758242,0.787093,0,66.57,40.11
102.4640,0.937485,0.890524,0,66.57,40.11
102.4720,1.000000,0.964221,1,66.57,40.11
102.4800,1.000000,1.000000,1,66.57,40.11
102.4880,1.000000,0.993978,0,66.57,40.11
102.4960,0.970208,0.945334,0,66.57,40.11
102.5040,0.767033,0.858712,0,66.57,40.11
102.5120,0.556532,0.745838,0,66.57,40.11
102.5200,0.357265,0.620997,0,66.57,40.11
102.5280,0.170696,0.494338,0,66.57,40.11
102.5360,-0.000244,0.369180,0,66.57,40.11
102.5440,-0.145299,-0.122073,0,66.57,40.11
102.5520,-0.250305,-0.218551,0,66.57,40.11
102.5600,-0.303053,-0.271734,0,66.57,40.11
102.5680,-0.312821,-0.284257,0,66.57,40.11
102.5760,-0.287424,-0.264178,0,66.57,40.11
102.5840,-0.234188,-0.223596,0,66.57,40.11
102.5920,-0.178022,-0.176229,0,66.57,40.11
102.6000,-0.130159,-0.134414,0,66.57,40.11
102.6080,-0.101343,-0.106501,0,66.57,40.11
102.6160,-0.095971,-0.095601,0,66.57,40.11
102.6240,-0.106227,-0.100047,0,66.57,40.11
102.6320,-0.121856,-0.115223,0,66.57,40.11
102.6400,-0.136996,-0.135571,0,66.57,40.11
102.6480,-0.147741,-0.075113,0,66.57,40.11
102.6560,-0.154090,-0.081302,0,66.57,40.11
102.6640,-0.151648,-0.082929,0,66.57,40.11
102.6720,-0.148718,-0.081189,0,66.57,40.11
102.6800,-0.144811,-0.077954,0,66.57,40.11
102.6880,-0.138950,-0.074981,0,66.57,40.11
102.6960,-0.137973,-0.073283,0,66.57,40.11
102.7040,-0.142857,-0.072715,0,66.57,40.11
102.7120,-0.146764,-0.072081,0,66.57,40.11
102.7200,-0.151160,-0.069785,0,66.57,40.11
102.7280,-0.155067,-0.064621,0,66.57,40.11
102.7360,-0.155556,-0.056403,0,66.57,40.11
102.7440,-0.157021,-0.046179,0,66.57,40.11
102.7520,-0.156532,-0.245347,0,66.57,40.11
102.7600,-0.155556,-0.235949,0,66.57,40.11
102.7680,-0.157509,-0.223026,0,66.57,40.11
102.7760,-0.161416,-0.206559,0,66.57,40.11
102.7840,-0.157998,-0.186748,0,66.57,40.11
102.7920,-0.152137,-0.164577,0,66.57,40.11
102.8000,-0.146276,-0.142042,0,66.57,40.11
102.8080,-0.135043,-0.121818,0,66.57,40.11
102.8160,-0.129670,-0.106503,0,66.57,40.11
102.8240,-0.127228,-0.097761,0,66.57,40.11
102.8320,-0.127717,-0.095828,0,66.57,40.11
102.8400,-0.131136,-0.099479,0,66.57,40.11
102.8480,-0.134066,-0.106316,0,66.57,40.11
102.8560,-0.138950,0.022311,0,66.57,40.11
102.8640,-0.135043,0.020715,0,66.57,40.11
102.8720,-0.131624,0.020822,0,66.57,40.11
102.8800,-0.125275,0.022443,0,66.57,40.11
102.8880,-0.118437,0.024771,0,66.57,40.11
102.8960,-0.117949,0.026891,0,66.57,40.11
102.9040,-0.117949,0.028110,0,66.57,40.11
102.9120,-0.116484,0.027950,0,66.57,40.11
102.9200,-0.118437,0.026158,0,66.57,40.11
102.9280,-0.126740,0.022938,0,66.57,40.11
102.9360,-0.132112,0.018910,0,66.57,40.11
102.9440,-0.135531,0.014671,0,66.57,40.11
102.9520,-0.138950,0.010465,0,66.57,40.11
102.9600,-0.132601,-0.040390,0,66.57,40.11
102.9680,-0.121856,-0.033911,0,66.57,40.11
102.9760,-0.106716,-0.025246,0,66.57,40.11
102.9840,-0.094017,-0.016520,0,66.57,40.11
102.9920,-0.085714,-0.009553,0,66.57,40.11
103.0000,-0.078877,-0.005312,0,66.57,40.11
103.0080,-0.075458,-0.003828,0,66.57,40.11
103.0160,-0.075946,-0.004359,0,66.57,40.11
103.0240,-0.076435,-0.005810,0,66.57,40.11
103.0320,-0.072527,-0.007292,0,66.57,40.11
103.0400,-0.069597,-0.008438,0,66.57,40.11
103.0480,-0.067643,-0.009272,0,66.57,40.11
103.0560,-0.064713,-0.009959,0,66.57,40.11
103.0640,-0.062271,0.020526,0,66.57,40.11
103.0720,-0.062759,0.017775,0,66.57,40.11
103.0800,-0.066667,0.013572,0,66.57,40.11
103.0880,-0.071062,0.008764,0,66.57,40.11
103.0960,-0.076435,0.004487,0,66.57,40.11
103.1040,-0.074969,0.001589,0,66.57,40.11
103.1120,-0.073016,0.000287,0,66.57,40.11
103.1200,-0.071551,0.000326,0,66.57,40.11
103.1280,-0.070085,0.001309,0,66.57,40.11
103.1360,-0.064713,0.002828,0,66.57,40.11
103.1440,-0.061783,0.004534,0,66.57,40.11
103.1520,-0.059341,0.006244,0,66.57,40.11
103.1600,-0.054945,0.007930,0,66.57,40.11
103.1680,-0.054457,0.049109,0,66.57,40.11
103.1760,-0.054457,0.050358,0,66.57,40.11
103.1840,-0.053968,0.051718,0,66.57,40.11
103.1920,-0.052991,0.053540,0,66.57,40.11
103.2000,-0.049573,0.055760,0,66.57,40.11
103.2080,-0.047619,0.057866,0,66.57,40.11
103.2160,-0.046154,0.059065,0,66.57,40.11
103.2240,-0.045665,0.058533,0,66.57,40.11
103.2320,-0.049084,0.055678,0,66.57,40.11
103.2400,-0.054457,0.050337,0,66.57,40.11
103.2480,-0.062271,0.042825,0,66.57,40.11
103.2560,-0.072527,0.033804,0,66.57,40.11
103.2640,-0.080830,0.024059,0,66.57,40.11
103.2720,-0.084737,0.001281,0,66.57,40.11
103.2800,-0.080830,0.001952,0,66.57,40.11
103.2880,-0.075458,0.004824,0,66.57,40.11
103.2960,-0.070085,0.007615,0,66.57,40.11
103.3040,-0.067643,0.008017,0,66.57,40.11
103.3120,-0.070085,0.004668,0,66.57,40.11
103.3200,-0.080342,-0.002158,0,66.57,40.11
103.3280,-0.092552,-0.010487,0,66.57,40.11
103.3360,-0.102320,-0.017360,0,66.57,40.11
103.3440,-0.109158,-0.019989,0,66.57,40.11
103.3520,-0.105739,-0.016916,0,66.57,40.11
103.3600,-0.091575,-0.008657,0,66.57,40.11
103.3680,-0.081319,0.002597,0,66.57,40.11
103.3760,-0.077900,-0.084545,0,66.57,40.11
103.3840,-0.084737,-0.089421,0,66.57,40.11
103.3920,-0.094505,-0.095616,0,66.57,40.11
103.4000,-0.099878,-0.099692,0,66.57,40.11
103.4080,-0.094994,-0.098714,0,66.57,40.11
103.4160,-0.081319,-0.091657,0,66.57,40.11
103.4240,-0.061294,-0.079717,0,66.57,40.11
103.4320,-0.040293,-0.065617,0,66.57,40.11
103.4400,-0.023199,-0.052529,0,66.57,40.11
103.4480,-0.008059,-0.043150,0,66.57,40.11
103.4560,0.001709,-0.039089,0,66.57,40.11
103.4640,0.005617,-0.040358,0,66.57,40.11
103.4720,-0.002198,-0.045043,0,66.57,40.11
103.4800,-0.007570,0.075367,0,66.57,40.11
103.4880,-0.013919,0.069841,0,66.57,40.11
103.4960,-0.020757,0.064222,0,66.57,40.11
103.5040,-0.026618,0.059432,0,66.57,40.11
103.5120,-0.031013,0.055973,0,66.57,40.11
103.5200,-0.037363,0.053992,0,66.57,40.11
103.5280,-0.038828,0.053217,0,66.57,40.11
103.5360,-0.038828,0.052840,0,66.57,40.11
103.5440,-0.039316,0.051725,0,66.57,40.11
103.5520,-0.045177,0.048942,0,66.57,40.11
103.5600,-0.052015,0.044164,0,66.57,40.11
103.5680,-0.058852,0.037677,0,66.57,40.11
103.5760,-0.068620,0.030223,0,66.57,40.11
103.5840,-0.073504,-0.004505,0,66.57,40.11
103.5920,-0.076923,-0.008641,0,66.57,40.11
103.6000,-0.077411,-0.011115,0,66.57,40.11
103.6080,-0.078388,-0.012094,0,66.57,40.11
103.6160,-0.082295,-0.011698,0,66.57,40.11
103.6240,-0.077900,-0.010074,0,66.57,40.11
103.6320,-0.074969,-0.007647,0,66.57,40.11
103.6400,-0.070574,-0.005093,0,66.57,40.11
103.6480,-0.068620,-0.003091,0,66.57,40.11
103.6560,-0.065201,-0.002132,0,66.57,40.11
103.6640,-0.065690,-0.002401,0,66.57,40.11
103.6720,-0.067643,-0.003718,0,66.57,40.11
103.6800,-0.069109,-0.005611,0,66.57,40.11
103.6880,-0.069597,-0.004781,0,66.57,40.11
103.6960,-0.070085,-0.006018,0,66.57,40.11
103.7040,-0.070085,-0.006996,0,66.57,40.11
103.7120,-0.070085,-0.007625,0,66.57,40.11
103.7200,-0.070085,-0.007757,0,66.57,40.11
103.7280,-0.071551,-0.007206,0,66.57,40.11
103.7360,-0.070574,-0.005924,0,66.57,40.11
103.7440,-0.068132,-0.004201,0,66.57,40.11
103.7520,-0.067155,-0.002610,0,66.57,40.11
103.7600,-0.067643,-0.001708,0,66.57,40.11
103.7680,-0.070085,-0.001729,0,66.57,40.11
103.7760,-0.074481,-0.002521,0,66.57,40.11
103.7840,-0.076435,-0.003709,0,66.57,40.11
103.7920,-0.078877,-0.011574,0,66.57,40.11
103.8000,-0.083761,-0.012037,0,66.57,40.11
103.8080,-0.084249,-0.010749,0,66.57,40.11
103.8160,-0.078877,-0.007782,0,66.57,40.11
103.8240,-0.073504,-0.003977,0,66.57,40.11
103.8320,-0.070574,-0.000467,0,66.57,40.11
103.8400,-0.070085,0.001883,0,66.57,40.11
103.8480,-0.069597,0.002681,0,66.57,40.11
103.8560,-0.070085,0.001978,0,66.57,40.11
103.8640,-0.074969,0.000216,0,66.57,40.11
103.8720,-0.078388,-0.001941,0,66.57,40.11
103.8800,-0.079853,-0.003971,0,66.57,40.11
103.8880,-0.080342,-0.005769,0,66.57,40.11
103.8960,-0.079365,-0.013162,0,66.57,40.11
103.9040,-0.079365,-0.013437,0,66.57,40.11
103.9120,-0.079365,-0.013377,0,66.57,40.11
103.9200,-0.079853,-0.013016,0,66.57,40.11
103.9280,-0.076923,-0.012411,0,66.57,40.11
103.9360,-0.075946,-0.011715,0,66.57,40.11
103.9440,-0.074969,-0.011081,0,66.57,40.11
103.9520,-0.074481,-0.010552,0,66.57,40.11
103.9600,-0.073504,-0.010065,0,66.57,40.11
103.9680,-0.073016,-0.009489,0,66.57,40.11
103.9760,-0.072527,-0.008670,0,66.57,40.11
103.9840,-0.071062,-0.007532,0,66.57,40.11
103.9920,-0.068620,-0.006162,0,66.57,40.11
104.0000,-0.066667,0.015742,0,66.57,40.11
104.0080,-0.066667,0.015654,0,66.57,40.11
104.0160,-0.070085,0.014251,0,66.57,40.11
104.0240,-0.074481,0.011887,0,66.57,40.11
104.0320,-0.077411,0.009146,0,66.57,40.11
104.0400,-0.080342,0.006555,0,66.57,40.11
104.0480,-0.082784,0.004485,0,66.57,40.11
104.0560,-0.085714,0.003181,0,66.57,40.11
104.0640,-0.086691,0.002743,0,66.57,40.11
104.0720,-0.085714,0.003088,0,66.57,40.11
104.0800,-0.085714,0.004009,0,66.57,40.11
104.0880,-0.085714,0.005302,0,66.57,40.11
104.0960,-0.084249,0.006792,0,66.57,40.11
104.1040,-0.083272,0.006781,0,66.57,40.11
104.1120,-0.083272,0.008012,0,66.57,40.11
104.1200,-0.082295,0.008839,0,66.57,40.11
104.1280,-0.080830,0.008929,0,66.57,40.11
104.1360,-0.083272,0.008034,0,66.57,40.11
104.1440,-0.085714,0.006213,0,66.57,40.11
104.1520,-0.091087,0.003897,0,66.57,40.11
104.1600,-0.094017,0.001706,0,66.57,40.11
104.1680,-0.096459,0.000188,0,66.57,40.11
104.1760,-0.096459,-0.000335,0,66.57,40.11
104.1840,-0.097924,0.000241,0,66.57,40.11
104.1920,-0.096947,0.001811,0,66.57,40.11
104.2000,-0.094017,0.003997,0,66.57,40.11
104.2080,-0.088645,0.007019,0,66.57,40.11
104.2160,-0.085714,0.010172,0,66.57,40.11
104.2240,-0.085714,0.012574,0,66.57,40.11
104.2320,-0.084249,0.013911,0,66.57,40.11
104.2400,-0.084249,0.014008,0,66.57,40.11
104.2480,-0.085226,0.012850,0,66.57,40.11
104.2560,-0.090110,0.010733,0,66.57,40.11
104.2640,-0.095482,0.008289,0,66.57,40.11
104.2720,-0.098901,0.006229,0,66.57,40.11
104.2800,-0.100366,0.005000,0,66.57,40.11
104.2880,-0.100855,0.004668,0,66.57,40.11
104.2960,-0.102320,0.005035,0,66.57,40.11
104.3040,-0.102320,0.005779,0,66.57,40.11
104.3120,-0.102320,-0.054826,0,66.57,40.11
104.3200,-0.101832,-0.055839,0,66.57,40.11
104.3280,-0.100366,-0.056406,0,66.57,40.11
104.3360,-0.098413,-0.056437,0,66.57,40.11
104.3440,-0.094994,-0.055794,0,66.57,40.11
104.3520,-0.093040,-0.054284,0,66.57,40.11
104.3600,-0.088156,-0.051755,0,66.57,40.11
104.3680,-0.080342,-0.048272,0,66.57,40.11
104.3760,-0.073016,-0.044139,0,66.57,40.11
104.3840,-0.065201,-0.039703,0,66.57,40.11
104.3920,-0.059341,-0.035154,0,66.57,40.11
104.4000,-0.052015,-0.030523,0,66.57,40.11
104.4080,-0.043712,-0.025835,0,66.57,40.11
104.4160,-0.037363,-0.051976,0,66.57,40.11
104.4240,-0.033944,-0.052797,0,66.57,40.11
104.4320,-0.031990,-0.056192,0,66.57,40.11
104.4400,-0.033455,-0.061785,0,66.57,40.11
104.4480,-0.038828,-0.068366,0,66.57,40.11
104.4560,-0.039805,-0.074082,0,66.57,40.11
104.4640,-0.041758,-0.076952,0,66.57,40.11
104.4720,-0.035897,-0.075528,0,66.57,40.11
104.4800,-0.022711,-0.069490,0,66.57,40.11
104.4880,-0.004640,-0.059781,0,66.57,40.11
104.4960,0.015873,-0.048058,0,66.57,40.11
104.5040,0.031502,-0.035775,0,66.57,40.11
104.5120,0.046642,-0.023585,0,66.57,40.11
104.5200,0.062271,0.112720,0,66.57,40.11
104.5280,0.076923,0.124912,0,66.57,40.11
104.5360,0.086203,0.132400,0,66.57,40.11
104.5440,0.086203,0.134288,0,66.57,40.11
104.5520,0.081807,0.130572,0,66.57,40.11
104.5600,0.073016,0.122149,0,66.57,40.11
104.5680,0.060317,0.110634,0,66.57,40.11
104.5760,0.044689,0.098066,0,66.57,40.11
104.5840,0.032967,0.086432,0,66.57,40.11
104.5920,0.024176,0.077123,0,66.57,40.11
104.6000,0.017338,0.070639,0,66.57,40.11
104.6080,0.015873,0.066591,0,66.57,40.11
104.6160,0.013431,0.063928,0,66.57,40.11
104.6240,0.007082,0.119452,0,66.57,40.11
104.6320,-0.008547,0.111613,0,66.57,40.11
104.6400,-0.023687,0.100914,0,66.57,40.11
104.6480,-0.040781,0.088290,0,66.57,40.11
104.6560,-0.056899,0.074781,0,66.57,40.11
104.6640,-0.072527,0.061319,0,66.57,40.11
104.6720,-0.089133,0.048872,0,66.57,40.11
104.6800,-0.105739,0.038621,0,66.57,40.11
104.6880,-0.118437,0.031842,0,66.57,40.11
104.6960,-0.125275,0.029459,0,66.57,40.11
104.7040,-0.128205,0.031618,0,66.57,40.11
104.7120,-0.125275,0.037520,0,66.57,40.11
104.7200,-0.121856,0.045568,0,66.57,40.11
104.7280,-0.116972,-0.022057,0,66.57,40.11
104.7360,-0.115018,-0.015463,0,66.57,40.11
104.7440,-0.109646,-0.009715,0,66.57,40.11
104.7520,-0.108181,-0.005552,0,66.57,40.11
104.7600,-0.107692,-0.003429,0,66.57,40.11
104.7680,-0.110134,-0.003371,0,66.57,40.11
104.7760,-0.115995,-0.004920,0,66.57,40.11
104.7840,-0.121368,-0.007277,0,66.57,40.11
104.7920,-0.126740,-0.009564,0,66.57,40.11
104.8000,-0.132601,-0.011012,0,66.57,40.11
104.8080,-0.138950,-0.011077,0,66.57,40.11
104.8160,-0.142369,-0.009635,0,66.57,40.11
104.8240,-0.143346,-0.007179,0,66.57,40.11
104.8320,-0.148230,-0.027108,0,66.57,40.11
104.8400,-0.149695,-0.022874,0,66.57,40.11
104.8480,-0.148230,-0.016940,0,66.57,40.11
104.8560,-0.143834,-0.009916,0,66.57,40.11
104.8640,-0.141880,-0.002818,0,66.57,40.11
104.8720,-0.139438,0.003283,0,66.57,40.11
104.8800,-0.141392,0.007536,0,66.57,40.11
104.8880,-0.142857,0.009410,0,66.57,40.11
104.8960,-0.147253,0.008730,0,66.57,40.11
104.9040,-0.156532,0.005754,0,66.57,40.11
104.9120,-0.167277,0.001157,0,66.57,40.11
104.9200,-0.178022,-0.004268,0,66.57,40.11
104.9280,-0.186813,-0.009959,0,66.57,40.11
104.9360,-0.195116,-0.292307,0,66.57,40.11
104.9440,-0.205372,-0.314872,0,66.57,40.11
104.9520,-0.219048,-0.340498,0,66.57,40.11
104.9600,-0.239072,-0.367645,0,66.57,40.11
104.9680,-0.262027,-0.392629,0,66.57,40.11
104.9760,-0.272283,-0.410535,0,66.57,40.11
104.9840,-0.265446,-0.416880,0,66.57,40.11
104.9920,-0.241514,-0.408770,0,66.57,40.11
105.0000,-0.205372,-0.384992,0,66.57,40.11
105.0080,-0.153602,-0.345607,0,66.57,40.11
105.0160,-0.088645,-0.291814,0,66.57,40.11
105.0240,-0.016850,-0.226351,0,66.57,40.11
105.0320,0.080830,-0.154180,0,66.57,40.11
105.0400,0.206349,0.299496,0,66.57,40.11
105.0480,0.352381,0.432290,0,66.57,40.11
105.0560,0.505739,0.577657,0,66.57,40.11
105.0640,0.658120,0.724969,0,66.57,40.11
105.0720,0.825153,0.857812,0,66.57,40.11
105.0800,0.989255,0.955653,0,66.57,40.11
105.0880,1.000000,1.000000,1,66.57,40.11
105.0960,1.000000,0.981123,1,66.57,40.11
105.1040,0.888645,0.901051,0,66.57,40.11
105.1120,0.686447,0.772719,0,66.57,40.11
105.1200,0.492552,0.614739,0,66.57,40.11
105.1280,0.305006,0.443421,0,66.57,40.11
105.1360,0.125275,0.268099,0,66.57,40.11
105.1440,-0.044200,-0.031842,0,66.57,40.11
105.1520,-0.188767,-0.168073,0,66.57,40.11
105.1600,-0.291819,-0.263850,0,66.57,40.11
105.1680,-0.345055,-0.315368,0,66.57,40.11
105.1760,-0.347985,-0.324899,0,66.57,40.11
105.1840,-0.312821,-0.300960,0,66.57,40.11
105.1920,-0.258120,-0.256452,0,66.57,40.11
105.2000,-0.200488,-0.205528,0,66.57,40.11
105.2080,-0.151160,-0.160491,0,66.57,40.11
105.2160,-0.116972,-0.129632,0,66.57,40.11
105.2240,-0.100855,-0.116162,0,66.57,40.11
105.2320,-0.101343,-0.118066,0,66.57,40.11
105.2400,-0.116484,-0.128829,0,66.57,40.11
105.2480,-0.132601,-0.012920,0,66.57,40.11
105.2560,-0.148230,-0.027265,0,66.57,40.11
105.2640,-0.160440,-0.039694,0,66.57,40.11
105.2720,-0.166300,-0.048511,0,66.57,40.11
105.2800,-0.170696,-0.053410,0,66.57,40.11
105.2880,-0.170208,-0.054962,0,66.57,40.11
105.2960,-0.166789,-0.054120,0,66.57,40.11
105.3040,-0.166300,-0.051763,0,66.57,40.11
105.3120,-0.163858,-0.048404,0,66.57,40.11
105.3200,-0.163370,-0.044175,0,66.57,40.11
105.3280,-0.162882,-0.039014,0,66.57,40.11
105.3360,-0.164347,-0.032915,0,66.57,40.11
105.3440,-0.165812,-0.026142,0,66.57,40.11
105.3520,-0.163858,-0.211940,0,66.57,40.11
105.3600,-0.160440,-0.201888,0,66.57,40.11
105.3680,-0.155556,-0.186813,0,66.57,40.11
105.3760,-0.149206,-0.167512,0,66.57,40.11
105.3840,-0.145788,-0.145658,0,66.57,40.11
105.3920,-0.139927,-0.123679,0,66.57,40.11
105.4000,-0.137485,-0.104382,0,66.57,40.11
105.4080,-0.139438,-0.090190,0,66.57,40.11
105.4160,-0.148230,-0.082253,0,66.57,40.11
105.4240,-0.162393,-0.080027,0,66.57,40.11
105.4320,-0.174603,-0.081754,0,66.57,40.11
105.4400,-0.180464,-0.085526,0,66.57,40.11
105.4480,-0.181441,-0.090066,0,66.57,40.11
105.4560,-0.178022,-0.015489,0,66.57,40.11
105.4640,-0.170696,-0.011600,0,66.57,40.11
105.4720,-0.161905,-0.005839,0,66.57,40.11
105.4800,-0.148718,0.000994,0,66.57,40.11
105.4880,-0.135531,0.007744,0,66.57,40.11
105.4960,-0.128205,0.013228,0,66.57,40.11
105.5040,-0.123321,0.016590,0,66.57,40.11
105.5120,-0.120391,0.017416,0,66.57,40.11
105.5200,-0.122833,0.015764,0,66.57,40.11
105.5280,-0.128205,0.012183,0,66.57,40.11
105.5360,-0.135043,0.007563,0,66.57,40.11
105.5440,-0.141392,0.002725,0,66.57,40.11
105.5520,-0.142857,-0.001990,0,66.57,40.11
105.5600,-0.137485,-0.007242,0,66.57,40.11
105.5680,-0.129670,-0.004045,0,66.57,40.11
105.5760,-0.124298,-0.000491,0,66.57,40.11
105.5840,-0.121368,0.002295,0,66.57,40.11
105.5920,-0.119902,0.003798,0,66.57,40.11
105.6000,-0.116972,0.003982,0,66.57,40.11
105.6080,-0.116972,0.003091,0,66.57,40.11
105.6160,-0.116972,0.001586,0,66.57,40.11
105.6240,-0.118437,0.000086,0,66.57,40.11
105.6320,-0.117949,-0.000815,0,66.57,40.11
105.6400,-0.115995,-0.000780,0,66.57,40.11
105.6480,-0.112576,0.000137,0,66.57,40.11
105.6560,-0.109158,0.001564,0,66.57,40.11
105.6640,-0.102320,0.021992,0,66.57,40.11
105.6720,-0.092552,0.027529,0,66.57,40.11
105.6800,-0.086203,0.031898,0,66.57,40.11
105.6880,-0.083272,0.034162,0,66.57,40.11
105.6960,-0.085714,0.034197,0,66.57,40.11
105.7040,-0.086691,0.032636,0,66.57,40.11
105.7120,-0.090598,0.030441,0,66.57,40.11
105.7200,-0.091087,0.028439,0,66.57,40.11
105.7280,-0.093040,0.026969,0,66.57,40.11
105.7360,-0.090110,0.025709,0,66.57,40.11
105.7440,-0.086203,0.023844,0,66.57,40.11
105.7520,-0.087179,0.020709,0,66.57,40.11
105.7600,-0.094017,0.016506,0,66.57,40.11
105.7680,-0.098413,-0.000594,0,66.57,40.11
105.7760,-0.100855,-0.004560,0,66.57,40.11
105.7840,-0.101343,-0.006751,0,66.57,40.11
105.7920,-0.101343,-0.006847,0,66.57,40.11
105.8000,-0.095971,-0.005187,0,66.57,40.11
105.8080,-0.091575,-0.002658,0,66.57,40.11
105.8160,-0.086203,-0.000308,0,66.57,40.11
105.8240,-0.085714,0.001118,0,66.57,40.11
105.8320,-0.084249,0.001398,0,66.57,40.11
105.8400,-0.083761,0.000742,0,66.57,40.11
105.8480,-0.084249,-0.000432,0,66.57,40.11
105.8560,-0.084249,-0.001726,0,66.57,40.11
105.8640,-0.082295,-0.002962,0,66.57,40.11
105.8720,-0.077900,0.018881,0,66.57,40.11
105.8800,-0.075458,0.020363,0,66.57,40.11
105.8880,-0.074481,0.021408,0,66.57,40.11
105.8960,-0.074481,0.021851,0,66.57,40.11
105.9040,-0.074481,0.021771,0,66.57,40.11
105.9120,-0.074481,0.021333,0,66.57,40.11
105.9200,-0.074969,0.020660,0,66.57,40.11
105.9280,-0.075458,0.019786,0,66.57,40.11
105.9360,-0.074969,0.018650,0,66.57,40.11
105.9440,-0.077411,0.017160,0,66.57,40.11
105.9520,-0.077411,0.015262,0,66.57,40.11
105.9600,-0.080342,0.012987,0,66.57,40.11
105.9680,-0.082784,0.010482,0,66.57,40.11
105.9760,-0.085714,-0.015177,0,66.57,40.11
105.9840,-0.087179,-0.017340,0,66.57,40.11
105.9920,-0.088645,-0.018085,0,66.57,40.11
106.0000,-0.086691,-0.017183,0,66.57,40.11
106.0080,-0.083272,-0.014869,0,66.57,40.11
106.0160,-0.077900,-0.011859,0,66.57,40.11
106.0240,-0.071551,-0.009108,0,66.57,40.11
106.0320,-0.070085,-0.007355,0,66.57,40.11
106.0400,-0.070085,-0.006774,0,66.57,40.11
106.0480,-0.070085,-0.007029,0,66.57,40.11
106.0560,-0.070085,-0.007614,0,66.57,40.11
106.0640,-0.069597,-0.008160,0,66.57,40.11
106.0720,-0.067643,-0.008578,0,66.57,40.11
106.0800,-0.065201,0.023632,0,66.57,40.11
106.0880,-0.068620,0.023137,0,66.57,40.11
106.0960,-0.070085,0.021938,0,66.57,40.11
106.1040,-0.072527,0.020203,0,66.57,40.11
106.1120,-0.073016,0.018045,0,66.57,40.11
106.1200,-0.076923,0.015555,0,66.57,40.11
106.1280,-0.079365,0.012950,0,66.57,40.11
106.1360,-0.084737,0.010622,0,66.57,40.11
106.1440,-0.085714,0.008984,0,66.57,40.11
106.1520,-0.087668,0.008261,0,66.57,40.11
106.1600,-0.087179,0.008406,0,66.57,40.11
106.1680,-0.086203,0.009158,0,66.57,40.11
106.1760,-0.086691,0.010199,0,66.57,40.11
106.1840,-0.086691,-0.035555,0,66.57,40.11
106.1920,-0.094994,-0.042174,0,66.57,40.11
106.2000,-0.102808,-0.050204,0,66.57,40.11
106.2080,-0.111600,-0.058115,0,66.57,40.11
106.2160,-0.116972,-0.064125,0,66.57,40.11
106.2240,-0.119902,-0.066751,0,66.57,40.11
106.2320,-0.116972,-0.065264,0,66.57,40.11
106.2400,-0.109158,-0.059970,0,66.57,40.11
106.2480,-0.096459,-0.052137,0,66.57,40.11
106.2560,-0.085714,-0.043497,0,66.57,40.11
106.2640,-0.074969,-0.035535,0,66.57,40.11
106.2720,-0.067155,-0.028936,0,66.57,40.11
106.2800,-0.062759,-0.023383,0,66.57,40.11
106.2880,-0.063736,-0.061887,0,66.57,40.11
106.2960,-0.067155,-0.068022,0,66.57,40.11
106.3040,-0.071551,-0.075577,0,66.57,40.11
106.3120,-0.076923,-0.082793,0,66.57,40.11
106.3200,-0.078388,-0.087982,0,66.57,40.11
106.3280,-0.076923,-0.089889,0,66.57,40.11
106.3360,-0.071062,-0.087903,0,66.57,40.11
106.3440,-0.062759,-0.082149,0,66.57,40.11
106.3520,-0.046642,-0.073491,0,66.57,40.11
106.3600,-0.031502,-0.063309,0,66.57,40.11
106.3680,-0.015873,-0.052971,0,66.57,40.11
106.3760,-0.002686,-0.043280,0,66.57,40.11
106.3840,0.008059,-0.034235,0,66.57,40.11
106.3920,0.011966,0.059960,0,66.57,40.11
106.4000,0.014408,0.061251,0,66.57,40.11
106.4080,0.012943,0.058647,0,66.57,40.11
106.4160,0.007570,0.053048,0,66.57,40.11
106.4240,-0.004151,0.045907,0,66.57,40.11
106.4320,-0.008547,0.038874,0,66.57,40.11
106.4400,-0.015385,0.033254,0,66.57,40.11
106.4480,-0.017827,0.029674,0,66.57,40.11
106.4560,-0.016361,0.028016,0,66.57,40.11
106.4640,-0.014408,0.027648,0,66.57,40.11
106.4720,-0.014896,0.027892,0,66.57,40.11
106.4800,-0.014408,0.028350,0,66.57,40.11
106.4880,-0.012943,0.028874,0,66.57,40.11
106.4960,-0.013919,0.026697,0,66.57,40.11
106.5040,-0.015385,0.024209,0,66.57,40.11
106.5120,-0.017338,0.020879,0,66.57,40.11
106.5200,-0.022222,0.017279,0,66.57,40.11
106.5280,-0.024176,0.014077,0,66.57,40.11
106.5360,-0.024176,0.011706,0,66.57,40.11
106.5440,-0.023199,0.010214,0,66.57,40.11
106.5520,-0.023199,0.009407,0,66.57,40.11
106.5600,-0.023199,0.009056,0,66.57,40.11
106.5680,-0.020757,0.008978,0,66.57,40.11
106.5760,-0.022222,0.009092,0,66.57,40.11
106.5840,-0.021734,0.009410,0,66.57,40.11
106.5920,-0.019780,0.009902,0,66.57,40.11
106.6000,-0.016361,0.007352,0,66.57,40.11
106.6080,-0.016850,0.006670,0,66.57,40.11
106.6160,-0.019780,0.004977,0,66.57,40.11
106.6240,-0.020757,0.002508,0,66.57,40.11
106.6320,-0.023199,-0.000343,0,66.57,40.11
106.6400,-0.024176,-0.003172,0,66.57,40.11
106.6480,-0.026129,-0.005546,0,66.57,40.11
106.6560,-0.029060,-0.006975,0,66.57,40.11
106.6640,-0.030037,-0.007065,0,66.57,40.11
106.6720,-0.026618,-0.005786,0,66.57,40.11
106.6800,-0.024176,-0.003519,0,66.57,40.11
106.6880,-0.022711,-0.000760,0,66.57,40.11
106.6960,-0.021734,0.002157,0,66.57,40.11
106.7040,-0.023199,0.019955,0,66.57,40.11
106.7120,-0.027595,0.017056,0,66.57,40.11
106.7200,-0.038828,0.013350,0,66.57,40.11
106.7280,-0.043712,0.010633,0,66.57,40.11
106.7360,-0.046642,0.010487,0,66.57,40.11
106.7440,-0.044200,0.013557,0,66.57,40.11
106.7520,-0.039316,0.019256,0,66.57,40.11
106.7600,-0.033455,0.025839,0,66.57,40.11
106.7680,-0.024664,0.030797,0,66.57,40.11
106.7760,-0.023199,0.031662,0,66.57,40.11
106.7840,-0.030525,0.027078,0,66.57,40.11
106.7920,-0.045177,0.017484,0,66.57,40.11
106.8000,-0.061294,0.004952,0,66.57,40.11
106.8080,-0.070085,-0.055871,0,66.57,40.11
106.8160,-0.068620,-0.055560,0,66.57,40.11
106.8240,-0.054457,-0.048839,0,66.57,40.11
106.8320,-0.037363,-0.037902,0,66.57,40.11
106.8400,-0.023199,-0.026001,0,66.57,40.11
106.8480,-0.009524,-0.016146,0,66.57,40.11
106.8560,-0.003175,-0.010230,0,66.57,40.11
106.8640,-0.002686,-0.008687,0,66.57,40.11
106.8720,-0.004640,-0.010650,0,66.57,40.11
106.8800,-0.008547,-0.014487,0,66.57,40.11
106.8880,-0.015385,-0.018447,0,66.57,40.11
106.8960,-0.016850,-0.021392,0,66.57,40.11
106.9040,-0.012943,-0.023346,0,66.57,40.11
106.9120,-0.002686,-0.078741,0,66.57,40.11
106.9200,0.006593,-0.079039,0,66.57,40.11
106.9280,0.008059,-0.081723,0,66.57,40.11
106.9360,0.006593,-0.086994,0,66.57,40.11
106.9440,-0.003175,-0.093096,0,66.57,40.11
106.9520,-0.007570,-0.097102,0,66.57,40.11
106.9600,-0.001221,-0.096458,0,66.57,40.11
106.9680,0.012943,-0.090268,0,66.57,40.11
106.9760,0.032479,-0.079576,0,66.57,40.11
106.9840,0.054945,-0.066723,0,66.57,40.11
106.9920,0.077411,-0.054276,0,66.57,40.11
107.0000,0.094505,-0.043810,0,66.57,40.11
107.0080,0.101832,-0.035113,0,66.57,40.11
107.0160,0.107204,0.103286,0,66.57,40.11
107.0240,0.111600,0.107502,0,66.57,40.11
107.0320,0.114042,0.109368,0,66.57,40.11
107.0400,0.113065,0.109377,0,66.57,40.11
107.0480,0.109158,0.107867,0,66.57,40.11
107.0560,0.104762,0.104949,0,66.57,40.11
107.0640,0.101832,0.100439,0,66.57,40.11
107.0720,0.094994,0.094067,0,66.57,40.11
107.0800,0.081807,0.085964,0,66.57,40.11
107.0880,0.065201,0.076897,0,66.57,40.11
107.0960,0.053480,0.067876,0,66.57,40.11
107.1040,0.044689,0.059502,0,66.57,40.11
107.1120,0.036874,0.051695,0,66.57,40.11
107.1200,0.027106,0.061750,0,66.57,40.11
107.1280,0.016850,0.051076,0,66.57,40.11
107.1360,0.002686,0.038869,0,66.57,40.11
107.1440,-0.016361,0.025919,0,66.57,40.11
107.1520,-0.032479,0.013786,0,66.57,40.11
107.1600,-0.047131,0.004111,0,66.57,40.11
107.1680,-0.054457,-0.002117,0,66.57,40.11
107.1760,-0.054945,-0.004855,0,66.57,40.11
107.1840,-0.058852,-0.004624,0,66.57,40.11
107.1920,-0.059829,-0.001911,0,66.57,40.11
107.2000,-0.058852,0.002971,0,66.57,40.11
107.2080,-0.053480,0.009613,0,66.57,40.11
107.2160,-0.048107,0.017294,0,66.57,40.11
107.2240,-0.044200,-0.008961,0,66.57,40.11
107.2320,-0.043712,-0.004901,0,66.57,40.11
107.2400,-0.043223,-0.002599,0,66.57,40.11
107.2480,-0.043223,-0.002433,0,66.57,40.11
107.2560,-0.045177,-0.004573,0,66.57,40.11
107.2640,-0.052503,-0.008684,0,66.57,40.11
107.2720,-0.062271,-0.013752,0,66.57,40.11
107.2800,-0.068620,-0.018323,0,66.57,40.11
107.2880,-0.077411,-0.020968,0,66.57,40.11
107.2960,-0.078877,-0.020692,0,66.57,40.11
107.3040,-0.081319,-0.017195,0,66.57,40.11
107.3120,-0.078388,-0.010946,0,66.57,40.11
107.3200,-0.074481,-0.003098,0,66.57,40.11
107.3280,-0.067155,-0.046073,0,66.57,40.11
107.3360,-0.063248,-0.038607,0,66.57,40.11
107.3440,-0.058852,-0.031639,0,66.57,40.11
107.3520,-0.055433,-0.025557,0,66.57,40.11
107.3600,-0.054457,-0.020478,0,66.57,40.11
107.3680,-0.052503,-0.016421,0,66.57,40.11
107.3760,-0.051038,-0.013453,0,66.57,40.11
107.3840,-0.051526,-0.011661,0,66.57,40.11
107.3920,-0.054457,-0.011017,0,66.57,40.11
107.4000,-0.055433,-0.011343,0,66.57,40.11
107.4080,-0.059829,-0.012371,0,66.57,40.11
107.4160,-0.062759,-0.013817,0,66.57,40.11
107.4240,-0.065690,-0.015448,0,66.57,40.11
107.4320,-0.069597,-0.080819,0,66.57,40.11
107.4400,-0.075458,-0.092189,0,66.57,40.11
107.4480,-0.089133,-0.108678,0,66.57,40.11
107.4560,-0.108669,-0.130331,0,66.57,40.11
107.4640,-0.131624,-0.155668,0,66.57,40.11
107.4720,-0.155556,-0.181753,0,66.57,40.11
107.4800,-0.173138,-0.204481,0,66.57,40.11
107.4880,-0.187302,-0.218914,0,66.57,40.11
107.4960,-0.189255,-0.219819,0,66.57,40.11
107.5040,-0.173626,-0.202818,0,66.57,40.11
107.5120,-0.136020,-0.166091,0,66.57,40.11
107.5200,-0.076435,-0.111983,0,66.57,40.11
107.5280,0.005128,-0.047569,0,66.57,40.11
107.5360,0.106227,-0.243360,0,66.57,40.11
107.5440,0.235653,-0.125687,0,66.57,40.11
107.5520,0.387546,0.012751,0,66.57,40.11
107.5600,0.552137,0.162459,0,66.57,40.11
107.5680,0.726984,0.307774,0,66.57,40.11
107.5760,0.941392,0.429223,0,66.57,40.11
107.5840,1.000000,0.510884,1,66.57,40.11
107.5920,1.000000,0.546686,1,66.57,40.11
107.6000,1.000000,0.536997,0,66.57,40.11
107.6080,1.000000,0.479684,0,66.57,40.11
107.6160,1.000000,0.368831,0,66.57,40.11
107.6240,0.822222,0.205262,0,66.57,40.11
107.6320,0.586813,0.007479,0,66.57,40.11
107.6400,0.366545,0.323712,0,66.57,40.11
107.6480,0.145788,0.111442,0,66.57,40.11
107.6560,-0.053968,-0.074267,0,66.57,40.11
107.6640,-0.202442,-0.213633,0,66.57,40.11
107.6720,-0.287424,-0.295476,0,66.57,40.11
107.6800,-0.305983,-0.319179,0,66.57,40.11
107.6880,-0.273260,-0.294462,0,66.57,40.11
107.6960,-0.199512,-0.238709,0,66.57,40.11
107.7040,-0.124298,-0.172267,0,66.57,40.11
107.7120,-0.058852,-0.112946,0,66.57,40.11
107.7200,-0.018803,-0.071491,0,66.57,40.11
107.7280,-0.006593,-0.049322,0,66.57,40.11
107.7360,-0.012943,-0.039149,0,66.57,40.11
107.7440,-0.033455,0.043265,0,66.57,40.11
107.7520,-0.058852,0.023749,0,66.57,40.11
107.7600,-0.085714,0.002195,0,66.57,40.11
107.7680,-0.108181,-0.016586,0,66.57,40.11
107.7760,-0.121856,-0.029874,0,66.57,40.11
107.7840,-0.129670,-0.037018,0,66.57,40.11
107.7920,-0.129670,-0.038916,0,66.57,40.11
107.8000,-0.127717,-0.037199,0,66.57,40.11
107.8080,-0.126252,-0.033398,0,66.57,40.11
107.8160,-0.124298,-0.028437,0,66.57,40.11
107.8240,-0.123321,-0.022639,0,66.57,40.11
107.8320,-0.123321,-0.016052,0,66.57,40.11
107.8400,-0.121856,-0.008854,0,66.57,40.11
107.8480,-0.119902,-0.285175,0,66.57,40.11
107.8560,-0.119902,-0.283383,0,66.57,40.11
107.8640,-0.119902,-0.278230,0,66.57,40.11
107.8720,-0.121368,-0.269265,0,66.57,40.11
107.8800,-0.121856,-0.256459,0,66.57,40.11
107.8880,-0.118437,-0.240414,0,66.57,40.11
107.8960,-0.117460,-0.222226,0,66.57,40.11
107.9040,-0.116972,-0.203166,0,66.57,40.11
107.9120,-0.115507,-0.184544,0,66.57,40.11
107.9200,-0.115507,-0.167669,0,66.57,40.11
107.9280,-0.116484,-0.153552,0,66.57,40.11
107.9360,-0.115507,-0.142379,0,66.57,40.11
107.9440,-0.116484,-0.133182,0,66.57,40.11
107.9520,-0.116972,-0.015293,0,66.57,40.11
107.9600,-0.119902,-0.015581,0,66.57,40.11
107.9680,-0.121856,-0.017664,0,66.57,40.11
107.9760,-0.118437,-0.019966,0,66.57,40.11
107.9840,-0.114530,-0.021346,0,66.57,40.11
107.9920,-0.109158,-0.021293,0,66.57,40.11
108.0000,-0.102808,-0.019829,0,66.57,40.11
108.0080,-0.099878,-0.017313,0,66.57,40.11
108.0160,-0.096947,-0.014277,0,66.57,40.11
108.0240,-0.092063,-0.011384,0,66.57,40.11
108.0320,-0.090598,-0.009254,0,66.57,40.11
108.0400,-0.092063,-0.008123,0,66.57,40.11
108.0480,-0.093040,-0.007686,0,66.57,40.11
108.0560,-0.093529,0.019037,0,66.57,40.11
108.0640,-0.091575,0.019490,0,66.57,40.11
108.0720,-0.092552,0.020166,0,66.57,40.11
108.0800,-0.093040,0.021443,0,66.57,40.11
108.0880,-0.091087,0.023464,0,66.57,40.11
108.0960,-0.084249,0.025807,0,66.57,40.11
108.1040,-0.080830,0.027595,0,66.57,40.11
108.1120,-0.081319,0.028028,0,66.57,40.11
108.1200,-0.082295,0.026780,0,66.57,40.11
108.1280,-0.085714,0.023994,0,66.57,40.11
108.1360,-0.090110,0.020048,0,66.57,40.11
108.1440,-0.092063,0.015339,0,66.57,40.11
108.1520,-0.097924,0.010230,0,66.57,40.11
108.1600,-0.101343,0.006183,0,66.57,40.11
108.1680,-0.101343,0.005881,0,66.57,40.11
108.1760,-0.098901,0.007788,0,66.57,40.11
108.1840,-0.094017,0.011244,0,66.57,40.11
108.1920,-0.085714,0.015014,0,66.57,40.11
108.2000,-0.082295,0.017838,0,66.57,40.11
108.2080,-0.082784,0.019060,0,66.57,40.11
108.2160,-0.084737,0.018819,0,66.57,40.11
108.2240,-0.087668,0.017628,0,66.57,40.11
108.2320,-0.086691,0.015753,0,66.57,40.11
108.2400,-0.085714,0.012968,0,66.57,40.11
108.2480,-0.087179,0.008956,0,66.57,40.11
108.2560,-0.095971,0.003984,0,66.57,40.11
108.2640,-0.106716,-0.069770,0,66.57,40.11
108.2720,-0.116484,-0.080993,0,66.57,40.11
108.2800,-0.122344,-0.089801,0,66.57,40.11
108.2880,-0.124786,-0.094543,0,66.57,40.11
108.2960,-0.119902,-0.094465,0,66.57,40.11
108.3040,-0.109646,-0.089841,0,66.57,40.11
108.3120,-0.097924,-0.081744,0,66.57,40.11
108.3200,-0.085226,-0.071666,0,66.57,40.11
108.3280,-0.070085,-0.061300,0,66.57,40.11
108.3360,-0.054457,-0.052369,0,66.57,40.11
108.3440,-0.042247,-0.046174,0,66.57,40.11
108.3520,-0.038828,-0.042951,0,66.57,40.11
108.3600,-0.035409,-0.041649,0,66.57,40.11
108.3680,-0.038339,0.043238,0,66.57,40.11
108.3760,-0.039316,0.041893,0,66.57,40.11
108.3840,-0.042247,0.040999,0,66.57,40.11
108.3920,-0.041758,0.041572,0,66.57,40.11
108.4000,-0.037363,0.043741,0,66.57,40.11
108.4080,-0.033455,0.046707,0,66.57,40.11
108.4160,-0.028571,0.049130,0,66.57,40.11
108.4240,-0.028083,0.049708,0,66.57,40.11
108.4320,-0.031013,0.047663,0,66.57,40.11
108.4400,-0.035409,0.042930,0,66.57,40.11
108.4480,-0.043712,0.036067,0,66.57,40.11
108.4560,-0.054457,0.027963,0,66.57,40.11
108.4640,-0.059341,0.019401,0,66.57,40.11
108.4720,-0.063248,0.010066,0,66.57,40.11
108.4800,-0.062759,0.007002,0,66.57,40.11
108.4880,-0.063736,0.004768,0,66.57,40.11
108.4960,-0.063736,0.002678,0,66.57,40.11
108.5040,-0.068620,0.000562,0,66.57,40.11
108.5120,-0.071551,-0.001143,0,66.57,40.11
108.5200,-0.073016,-0.001790,0,66.57,40.11
108.5280,-0.071062,-0.001051,0,66.57,40.11
108.5360,-0.069109,0.000779,0,66.57,40.11
108.5440,-0.062271,0.002827,0,66.57,40.11
108.5520,-0.059829,0.004079,0,66.57,40.11
108.5600,-0.059829,0.004013,0,66.57,40.11
108.5680,-0.062271,0.002975,0,66.57,40.11
108.5760,-0.069597,0.026454,0,66.57,40.11
108.5840,-0.074481,0.023324,0,66.57,40.11
108.5920,-0.074481,0.020456,0,66.57,40.11
108.6000,-0.073016,0.017690,0,66.57,40.11
108.6080,-0.077411,0.014612,0,66.57,40.11
108.6160,-0.084249,0.011181,0,66.57,40.11
108.6240,-0.086691,0.007812,0,66.57,40.11
108.6320,-0.093040,0.005087,0,66.57,40.11
108.6400,-0.094994,0.003477,0,66.57,40.11
108.6480,-0.096459,0.003193,0,66.57,40.11
108.6560,-0.097924,0.004186,0,66.57,40.11
108.6640,-0.098413,0.006216,0,66.57,40.11
108.6720,-0.096947,0.008859,0,66.57,40.11
108.6800,-0.093040,-0.000682,0,66.57,40.11
108.6880,-0.090110,0.001627,0,66.57,40.11
108.6960,-0.092063,0.001994,0,66.57,40.11
108.7040,-0.093529,-0.000112,0,66.57,40.11
108.7120,-0.101343,-0.004442,0,66.57,40.11
108.7200,-0.110134,-0.009932,0,66.57,40.11
108.7280,-0.119414,-0.015009,0,66.57,40.11
108.7360,-0.124786,-0.018170,0,66.57,40.11
108.7440,-0.126252,-0.018536,0,66.57,40.11
108.7520,-0.124298,-0.016078,0,66.57,40.11
108.7600,-0.118437,-0.011447,0,66.57,40.11
108.7680,-0.115018,-0.005535,0,66.57,40.11
108.7760,-0.110623,0.000917,0,66.57,40.11
108.7840,-0.108669,-0.021024,0,66.57,40.11
108.7920,-0.109646,-0.022003,0,66.57,40.11
108.8000,-0.114042,-0.025063,0,66.57,40.11
108.8080,-0.120391,-0.029125,0,66.57,40.11
108.8160,-0.125275,-0.032745,0,66.57,40.11
108.8240,-0.127717,-0.034667,0,66.57,40.11
108.8320,-0.125275,-0.034251,0,66.57,40.11
108.8400,-0.124786,-0.031583,0,66.57,40.11
108.8480,-0.116972,-0.027354,0,66.57,40.11
108.8560,-0.112576,-0.022585,0,66.57,40.11
108.8640,-0.108669,-0.018206,0,66.57,40.11
108.8720,-0.103785,-0.014687,0,66.57,40.11
108.8800,-0.104274,-0.011861,0,66.57,40.11
108.8880,-0.106716,0.008343,0,66.57,40.11
108.8960,-0.106227,0.008834,0,66.57,40.11
108.9040,-0.107692,0.009296,0,66.57,40.11
108.9120,-0.106227,0.009835,0,66.57,40.11
108.9200,-0.105739,0.010211,0,66.57,40.11
108.9280,-0.105739,0.010093,0,66.57,40.11
108.9360,-0.108669,0.009358,0,66.57,40.11
108.9440,-0.109646,0.008190,0,66.57,40.11
108.9520,-0.114530,0.006959,0,66.57,40.11
108.9600,-0.114042,0.005959,0,66.57,40.11
108.9680,-0.114042,0.005232,0,66.57,40.11
108.9760,-0.116484,0.004661,0,66.57,40.11
108.9840,-0.117460,0.004148,0,66.57,40.11
108.9920,-0.119414,-0.020438,0,66.57,40.11
109.0000,-0.119414,-0.020789,0,66.57,40.11
109.0080,-0.119414,-0.019763,0,66.57,40.11
109.0160,-0.116484,-0.017154,0,66.57,40.11
109.0240,-0.110623,-0.013213,0,66.57,40.11
109.0320,-0.103297,-0.008648,0,66.57,40.11
109.0400,-0.098901,-0.004373,0,66.57,40.11
109.0480,-0.093529,-0.001208,0,66.57,40.11
109.0560,-0.091087,0.000288,0,66.57,40.11
109.0640,-0.090110,-0.000090,0,66.57,40.11
109.0720,-0.093040,-0.002160,0,66.57,40.11
109.0800,-0.094505,-0.005456,0,66.57,40.11
109.0880,-0.097924,-0.009389,0,66.57,40.11
109.0960,-0.100855,0.013965,0,66.57,40.11
109.1040,-0.101832,0.012907,0,66.57,40.11
109.1120,-0.101343,0.012989,0,66.57,40.11
109.1200,-0.101343,0.014046,0,66.57,40.11
109.1280,-0.097924,0.015535,0,66.57,40.11
109.1360,-0.094994,0.016651,0,66.57,40.11
109.1440,-0.094017,0.016661,0,66.57,40.11
109.1520,-0.096947,0.015322,0,66.57,40.11
109.1600,-0.101343,0.013010,0,66.57,40.11
109.1680,-0.103785,0.010447,0,66.57,40.11
109.1760,-0.107692,0.008306,0,66.57,40.11
109.1840,-0.109158,0.006907,0,66.57,40.11
109.1920,-0.108669,0.006077,0,66.57,40.11
109.2000,-0.108669,-0.031477,0,66.57,40.11
109.2080,-0.104762,-0.030685,0,66.57,40.11
109.2160,-0.102320,-0.028608,0,66.57,40.11
109.2240,-0.101343,-0.025222,0,66.57,40.11
109.2320,-0.093529,-0.020758,0,66.57,40.11
109.2400,-0.085226,-0.016020,0,66.57,40.11
109.2480,-0.075458,-0.012178,0,66.57,40.11
109.2560,-0.074481,-0.010065,0,66.57,40.11
109.2640,-0.074969,-0.009670,0,66.57,40.11
109.2720,-0.074481,-0.010327,0,66.57,40.11
109.2800,-0.074481,-0.011319,0,66.57,40.11
109.2880,-0.070085,-0.012282,0,66.57,40.11
109.2960,-0.070085,-0.013189,0,66.57,40.11
109.3040,-0.069109,0.026344,0,66.57,40.11
109.3120,-0.063248,0.030262,0,66.57,40.11
109.3200,-0.055433,0.034101,0,66.57,40.11
109.3280,-0.052991,0.036602,0,66.57,40.11
109.3360,-0.052015,0.036786,0,66.57,40.11
109.3440,-0.055433,0.034384,0,66.57,40.11
109.3520,-0.061294,0.029916,0,66.57,40.11
109.3600,-0.068620,0.024489,0,66.57,40.11
109.3680,-0.073504,0.019413,0,66.57,40.11
109.3760,-0.079365,0.015816,0,66.57,40.11
109.3840,-0.080830,0.014337,0,66.57,40.11
109.3920,-0.079365,0.014896,0,66.57,40.11
109.4000,-0.076435,0.016695,0,66.57,40.11
109.4080,-0.070574,-0.090696,0,66.57,40.11
109.4160,-0.069109,-0.089913,0,66.57,40.11
109.4240,-0.062759,-0.086632,0,66.57,40.11
109.4320,-0.052991,-0.080145,0,66.57,40.11
109.4400,-0.038339,-0.070451,0,66.57,40.11
109.4480,-0.020269,-0.058668,0,66.57,40.11
109.4560,0.002686,-0.046915,0,66.57,40.11
109.4640,0.018803,-0.037534,0,66.57,40.11
109.4720,0.028083,-0.032029,0,66.57,40.11
109.4800,0.031502,-0.030517,0,66.57,40.11
109.4880,0.033944,-0.032086,0,66.57,40.11
109.4960,0.039316,-0.035560,0,66.57,40.11
109.5040,0.040781,-0.039951,0,66.57,40.11
109.5120,0.041758,0.129491,0,66.57,40.11
109.5200,0.039805,0.128812,0,66.57,40.11
109.5280,0.034432,0.126384,0,66.57,40.11
109.5360,0.026129,0.122656,0,66.57,40.11
109.5440,0.018315,0.118273,0,66.57,40.11
109.5520,0.010501,0.113701,0,66.57,40.11
109.5600,0.005128,0.108976,0,66.57,40.11
109.5680,-0.005128,0.103756,0,66.57,40.11
109.5760,-0.011966,0.097527,0,66.57,40.11
109.5840,-0.022222,0.089853,0,66.57,40.11
109.5920,-0.037851,0.080652,0,66.57,40.11
109.6000,-0.052015,0.070286,0,66.57,40.11
109.6080,-0.066667,0.059355,0,66.57,40.11
109.6160,-0.078388,-0.000236,0,66.57,40.11
109.6240,-0.089133,-0.009069,0,66.57,40.11
109.6320,-0.098901,-0.016084,0,66.57,40.11
109.6400,-0.103297,-0.021170,0,66.57,40.11
109.6480,-0.110134,-0.024247,0,66.57,40.11
109.6560,-0.114042,-0.025179,0,66.57,40.11
109.6640,-0.113553,-0.023933,0,66.57,40.11
109.6720,-0.111600,-0.020851,0,66.57,40.11
109.6800,-0.106716,-0.016756,0,66.57,40.11
109.6880,-0.100855,-0.012810,0,66.57,40.11
109.6960,-0.096947,-0.010087,0,66.57,40.11
109.7040,-0.097924,-0.009021,0,66.57,40.11
109.7120,-0.101832,-0.009101,0,66.57,40.11
109.7200,-0.108181,-0.042677,0,66.57,40.11
109.7280,-0.111600,-0.046538,0,66.57,40.11
109.7360,-0.115018,-0.049570,0,66.57,40.11
109.7440,-0.115507,-0.051354,0,66.57,40.11
109.7520,-0.116972,-0.051890,0,66.57,40.11
109.7600,-0.116972,-0.051360,0,66.57,40.11
109.7680,-0.118437,-0.049935,0,66.57,40.11
109.7760,-0.117460,-0.047686,0,66.57,40.11
109.7840,-0.117460,-0.044608,0,66.57,40.11
109.7920,-0.116484,-0.040667,0,66.57,40.11
109.8000,-0.113553,-0.035907,0,66.57,40.11
109.8080,-0.111111,-0.030509,0,66.57,40.11
109.8160,-0.108181,-0.024766,0,66.57,40.11
109.8240,-0.106716,-0.002032,0,66.57,40.11
109.8320,-0.106716,0.000895,0,66.57,40.11
109.8400,-0.106716,0.001877,0,66.57,40.11
109.8480,-0.111600,0.000856,0,66.57,40.11
109.8560,-0.116972,-0.001612,0,66.57,40.11
109.8640,-0.125275,-0.004385,0,66.57,40.11
109.8720,-0.132601,-0.006098,0,66.57,40.11
109.8800,-0.135043,-0.005830,0,66.57,40.11
109.8880,-0.133089,-0.003673,0,66.57,40.11
109.8960,-0.130159,-0.000754,0,66.57,40.11
109.9040,-0.125275,0.001385,0,66.57,40.11
109.9120,-0.127717,0.001772,0,66.57,40.11
109.9200,-0.135043,0.000732,0,66.57,40.11
109.9280,-0.153602,-0.512632,0,66.57,40.11
109.9360,-0.179487,-0.557275,0,66.57,40.11
109.9440,-0.207326,-0.604133,0,66.57,40.11
109.9520,-0.229304,-0.647459,0,66.57,40.11
109.9600,-0.250305,-0.680879,0,66.57,40.11
109.9680,-0.239072,-0.698816,0,66.57,40.11
109.9760,-0.210745,-0.697672,0,66.57,40.11
109.9840,-0.160440,-0.675866,0,66.57,40.11
109.9920,-0.091087,-0.632961,0,66.57,40.11
110.0000,-0.010012,-0.569015,0,66.57,40.11
110.0080,0.094017,-0.485069,0,66.57,40.11
110.0160,0.225885,-0.384682,0,66.57,40.11
110.0240,0.372894,-0.274960,0,66.57,40.11
110.0320,0.531624,0.649839,0,66.57,40.11
110.0400,0.698168,0.767838,0,66.57,40.11
110.0480,0.893040,0.873088,0,66.57,40.11
110.0560,1.000000,0.952428,0,66.57,40.11
110.0640,1.000000,0.996241,0,66.57,40.11
110.0720,1.000000,1.000000,1,66.57,40.11
110.0800,0.961416,0.963652,1,66.57,40.11
110.0880,0.761661,0.892722,0,66.57,40.11
110.0960,0.555556,0.798845,0,66.57,40.11
110.1040,0.361172,0.695895,0,66.57,40.11
110.1120,0.165812,0.594654,0,66.57,40.11
110.1200,-0.013919,0.500020,0,66.57,40.11
110.1280,-0.161905,0.410798,0,66.57,40.11
110.1360,-0.263004,-0.212606,0,66.57,40.11
110.1440,-0.304518,-0.256218,0,66.57,40.11
110.1520,-0.300122,-0.256302,0,66.57,40.11
110.1600,-0.257631,-0.223746,0,66.57,40.11
110.1680,-0.194139,-0.173584,0,66.57,40.11
110.1760,-0.132601,-0.121442,0,66.57,40.11
110.1840,-0.089133,-0.079830,0,66.57,40.11
110.1920,-0.070085,-0.055655,0,66.57,40.11
110.2000,-0.070574,-0.049880,0,66.57,40.11
110.2080,-0.086203,-0.059128,0,66.57,40.11
110.2160,-0.106716,-0.078194,0,66.57,40.11
110.2240,-0.127717,-0.102290,0,66.57,40.11
110.2320,-0.145788,-0.128168,0,66.57,40.11
110.2400,-0.155556,-0.137889,0,66.57,40.11
110.2480,-0.161416,-0.147743,0,66.57,40.11
110.2560,-0.160928,-0.153155,0,66.57,40.11
110.2640,-0.157021,-0.155434,0,66.57,40.11
110.2720,-0.153602,-0.155806,0,66.57,40.11
110.2800,-0.148230,-0.154921,0,66.57,40.11
110.2880,-0.144811,-0.152681,0,66.57,40.11
110.2960,-0.139438,-0.148410,0,66.57,40.11
110.3040,-0.132112,-0.141219,0,66.57,40.11
110.3120,-0.123810,-0.130376,0,66.57,40.11
110.3200,-0.116484,-0.115606,0,66.57,40.11
110.3280,-0.105739,-0.097385,0,66.57,40.11
110.3360,-0.096947,-0.077090,0,66.57,40.11
110.3440,-0.088156,-0.166472,0,66.57,40.11
110.3520,-0.084249,-0.148726,0,66.57,40.11
110.3600,-0.082784,-0.130862,0,66.57,40.11
110.3680,-0.085714,-0.113556,0,66.57,40.11
110.3760,-0.086691,-0.097406,0,66.57,40.11
110.3840,-0.089133,-0.083087,0,66.57,40.11
110.3920,-0.093040,-0.071272,0,66.57,40.11
110.4000,-0.095482,-0.062413,0,66.57,40.11
110.4080,-0.097924,-0.056701,0,66.57,40.11
110.4160,-0.095971,-0.054164,0,66.57,40.11
110.4240,-0.094994,-0.054642,0,66.57,40.11
110.4320,-0.093529,-0.057596,0,66.57,40.11
110.4400,-0.091087,-0.062011,0,66.57,40.11
110.4480,-0.093040,0.021232,0,66.57,40.11
110.4560,-0.094994,0.017049,0,66.57,40.11
110.4640,-0.095971,0.013289,0,66.57,40.11
110.4720,-0.096459,0.010666,0,66.57,40.11
110.4800,-0.096947,0.009308,0,66.57,40.11
110.4880,-0.094994,0.008814,0,66.57,40.11
110.4960,-0.094994,0.008580,0,66.57,40.11
110.5040,-0.098413,0.008238,0,66.57,40.11
110.5120,-0.100855,0.007814,0,66.57,40.11
110.5200,-0.099389,0.007463,0,66.57,40.11
110.5280,-0.098901,0.007228,0,66.57,40.11
110.5360,-0.098413,0.007065,0,66.57,40.11
110.5440,-0.096947,0.006934,0,66.57,40.11
110.5520,-0.094017,0.022766,0,66.57,40.11
110.5600,-0.093529,0.023532,0,66.57,40.11
110.5680,-0.092552,0.023774,0,66.57,40.11
110.5760,-0.092063,0.023383,0,66.57,40.11
110.5840,-0.093040,0.022372,0,66.57,40.11
110.5920,-0.094017,0.020903,0,66.57,40.11
110.6000,-0.096459,0.019267,0,66.57,40.11
110.6080,-0.098413,0.017765,0,66.57,40.11
110.6160,-0.098901,0.016528,0,66.57,40.11
110.6240,-0.098901,0.015453,0,66.57,40.11
110.6320,-0.101343,0.014328,0,66.57,40.11
110.6400,-0.102320,0.013016,0,66.57,40.11
110.6480,-0.105739,0.011544,0,66.57,40.11
110.6560,-0.105739,-0.026036,0,66.57,40.11
110.6640,-0.102808,-0.024834,0,66.57,40.11
110.6720,-0.100366,-0.021946,0,66.57,40.11
110.6800,-0.094017,-0.017782,0,66.57,40.11
110.6880,-0.087179,-0.013083,0,66.57,40.11
110.6960,-0.082295,-0.008712,0,66.57,40.11
110.7040,-0.076435,-0.005388,0,66.57,40.11
110.7120,-0.074481,-0.003484,0,66.57,40.11
110.7200,-0.074481,-0.002989,0,66.57,40.11
110.7280,-0.073016,-0.003662,0,66.57,40.11
110.7360,-0.073016,-0.005232,0,66.57,40.11
110.7440,-0.074969,-0.007429,0,66.57,40.11
110.7520,-0.075946,-0.009955,0,66.57,40.11
110.7600,-0.080342,-0.002867,0,66.57,40.11
110.7680,-0.079365,-0.003328,0,66.57,40.11
110.7760,-0.075458,-0.002694,0,66.57,40.11
110.7840,-0.071062,-0.001479,0,66.57,40.11
110.7920,-0.070085,-0.000235,0,66.57,40.11
110.8000,-0.069597,0.000855,0,66.57,40.11
110.8080,-0.069109,0.001899,0,66.57,40.11
110.8160,-0.065201,0.002949,0,66.57,40.11
110.8240,-0.063248,0.003771,0,66.57,40.11
110.8320,-0.059829,0.003960,0,66.57,40.11
110.8400,-0.060317,0.003224,0,66.57,40.11
110.8480,-0.061783,0.001610,0,66.57,40.11
110.8560,-0.062759,-0.000520,0,66.57,40.11
110.8640,-0.063736,0.022853,0,66.57,40.11
110.8720,-0.062271,0.024309,0,66.57,40.11
110.8800,-0.060317,0.026746,0,66.57,40.11
110.8880,-0.054457,0.029390,0,66.57,40.11
110.8960,-0.051038,0.031083,0,66.57,40.11
110.9040,-0.051038,0.030869,0,66.57,40.11
110.9120,-0.054457,0.028512,0,66.57,40.11
110.9200,-0.059341,0.024611,0,66.57,40.11
110.9280,-0.066667,0.020303,0,66.57,40.11
110.9360,-0.069597,0.016701,0,66.57,40.11
110.9440,-0.070085,0.014377,0,66.57,40.11
110.9520,-0.070085,0.013240,0,66.57,40.11
110.9600,-0.070085,0.012779,0,66.57,40.11
110.9680,-0.069597,-0.001134,0,66.57,40.11
110.9760,-0.068132,-0.000362,0,66.57,40.11
110.9840,-0.067155,0.001088,0,66.57,40.11
110.9920,-0.064225,0.003168,0,66.57,40.11
111.0000,-0.060317,0.005685,0,66.57,40.11
111.0080,-0.058852,0.008311,0,66.57,40.11
111.0160,-0.054945,0.010625,0,66.57,40.11
111.0240,-0.052991,0.012148,0,66.57,40.11
111.0320,-0.052503,0.012445,0,66.57,40.11
111.0400,-0.052991,0.011255,0,66.57,40.11
111.0480,-0.054945,0.008588,0,66.57,40.11
111.0560,-0.060806,0.004775,0,66.57,40.11
111.0640,-0.063736,0.000362,0,66.57,40.11
111.0720,-0.069109,0.026141,0,66.57,40.11
111.0800,-0.072039,0.023271,0,66.57,40.11
111.0880,-0.075458,0.020950,0,66.57,40.11
111.0960,-0.077411,0.019256,0,66.57,40.11
111.1040,-0.080830,0.018254,0,66.57,40.11
111.1120,-0.082784,0.018021,0,66.57,40.11
111.1200,-0.083761,0.018525,0,66.57,40.11
111.1280,-0.084249,0.019466,0,66.57,40.11
111.1360,-0.084249,0.020224,0,66.57,40.11
111.1440,-0.084249,0.019976,0,66.57,40.11
111.1520,-0.086203,0.018026,0,66.57,40.11
111.1600,-0.093040,0.014243,0,66.57,40.11
111.1680,-0.101343,0.009284,0,66.57,40.11
111.1760,-0.101343,-0.004879,0,66.57,40.11
111.1840,-0.101343,-0.005025,0,66.57,40.11
111.1920,-0.100855,-0.004464,0,66.57,40.11
111.2000,-0.098413,-0.004188,0,66.57,40.11
111.2080,-0.101343,-0.004941,0,66.57,40.11
111.2160,-0.106227,-0.006750,0,66.57,40.11
111.2240,-0.111600,-0.008928,0,66.57,40.11
111.2320,-0.115507,-0.010551,0,66.57,40.11
111.2400,-0.114530,-0.011007,0,66.57,40.11
111.2480,-0.113553,-0.010175,0,66.57,40.11
111.2560,-0.115018,-0.008240,0,66.57,40.11
111.2640,-0.110623,-0.005514,0,66.57,40.11
111.2720,-0.109646,-0.002381,0,66.57,40.11
111.2800,-0.108669,-0.025513,0,66.57,40.11
111.2880,-0.108669,-0.024672,0,66.57,40.11
111.2960,-0.108669,-0.023415,0,66.57,40.11
111.3040,-0.106716,-0.021159,0,66.57,40.11
111.3120,-0.103785,-0.017533,0,66.57,40.11
111.3200,-0.099878,-0.012619,0,66.57,40.11
111.3280,-0.092552,-0.007075,0,66.57,40.11
111.3360,-0.086203,-0.002043,0,66.57,40.11
111.3440,-0.083761,0.001249,0,66.57,40.11
111.3520,-0.082784,0.001905,0,66.57,40.11
111.3600,-0.085226,-0.000384,0,66.57,40.11
111.3680,-0.091087,-0.005227,0,66.57,40.11
111.3760,-0.098901,-0.011564,0,66.57,40.11
111.3840,-0.101832,-0.008528,0,66.57,40.11
111.3920,-0.102808,-0.011202,0,66.57,40.11
111.4000,-0.102808,-0.012994,0,66.57,40.11
111.4080,-0.105739,-0.014357,0,66.57,40.11
111.4160,-0.105739,-0.015705,0,66.57,40.11
111.4240,-0.106227,-0.017258,0,66.57,40.11
111.4320,-0.108669,-0.018895,0,66.57,40.11
111.4400,-0.111111,-0.020063,0,66.57,40.11
111.4480,-0.114042,-0.019992,0,66.57,40.11
111.4560,-0.110134,-0.018194,0,66.57,40.11
111.4640,-0.103785,-0.014800,0,66.57,40.11
111.4720,-0.098901,-0.010384,0,66.57,40.11
111.4800,-0.094505,-0.005535,0,66.57,40.11
111.4880,-0.093040,-0.022271,0,66.57,40.11
111.4960,-0.091087,-0.020990,0,66.57,40.11
111.5040,-0.088156,-0.020192,0,66.57,40.11
111.5120,-0.085714,-0.019652,0,66.57,40.11
111.5200,-0.085714,-0.019144,0,66.57,40.11
111.5280,-0.080830,-0.018466,0,66.57,40.11
111.5360,-0.078877,-0.017464,0,66.57,40.11
111.5440,-0.077900,-0.016021,0,66.57,40.11
111.5520,-0.072039,-0.014160,0,66.57,40.11
111.5600,-0.067643,-0.012184,0,66.57,40.11
111.5680,-0.062759,-0.010538,0,66.57,40.11
111.5760,-0.059829,-0.009499,0,66.57,40.11
111.5840,-0.058852,-0.008944,0,66.57,40.11
111.5920,-0.058852,0.035927,0,66.57,40.11
111.6000,-0.059829,0.034436,0,66.57,40.11
111.6080,-0.063248,0.031480,0,66.57,40.11
111.6160,-0.068620,0.027349,0,66.57,40.11
111.6240,-0.071551,0.022452,0,66.57,40.11
111.6320,-0.078388,0.017316,0,66.57,40.11
111.6400,-0.085226,0.012618,0,66.57,40.11
111.6480,-0.088645,0.009043,0,66.57,40.11
111.6560,-0.091087,0.007077,0,66.57,40.11
111.6640,-0.092552,0.006925,0,66.57,40.11
111.6720,-0.091087,0.008521,0,66.57,40.11
111.6800,-0.088156,0.011504,0,66.57,40.11
111.6880,-0.084249,0.015260,0,66.57,40.11
111.6960,-0.079853,0.001371,0,66.57,40.11
111.7040,-0.076435,0.004538,0,66.57,40.11
111.7120,-0.072527,0.006627,0,66.57,40.11
111.7200,-0.072039,0.007213,0,66.57,40.11
111.7280,-0.072039,0.006215,0,66.57,40.11
111.7360,-0.074969,0.003937,0,66.57,40.11
111.7440,-0.076435,0.000992,0,66.57,40.11
111.7520,-0.079365,-0.001820,0,66.57,40.11
111.7600,-0.082295,-0.003673,0,66.57,40.11
111.7680,-0.081319,-0.003973,0,66.57,40.11
111.7760,-0.078388,-0.002611,0,66.57,40.11
111.7840,-0.074481,0.000046,0,66.57,40.11
111.7920,-0.071062,0.003378,0,66.57,40.11
111.8000,-0.067155,-0.016959,0,66.57,40.11
111.8080,-0.064225,-0.015424,0,66.57,40.11
111.8160,-0.063248,-0.014236,0,66.57,40.11
111.8240,-0.062759,-0.013033,0,66.57,40.11
111.8320,-0.059341,-0.011516,0,66.57,40.11
111.8400,-0.054457,-0.009735,0,66.57,40.11
111.8480,-0.052015,-0.008054,0,66.57,40.11
111.8560,-0.049573,-0.006898,0,66.57,40.11
111.8640,-0.045665,-0.006533,0,66.57,40.11
111.8720,-0.047131,-0.006847,0,66.57,40.11
111.8800,-0.050061,-0.007265,0,66.57,40.11
111.8880,-0.051038,-0.007146,0,66.57,40.11
111.8960,-0.045177,-0.006426,0,66.57,40.11
111.9040,-0.033944,-0.028993,0,66.57,40.11
111.9120,-0.023199,-0.019937,0,66.57,40.11
111.9200,-0.008059,-0.009622,0,66.57,40.11
111.9280,0.007082,0.000412,0,66.57,40.11
111.9360,0.016361,0.008992,0,66.57,40.11
111.9440,0.023687,0.015638,0,66.57,40.11
111.9520,0.030037,0.020342,0,66.57,40.11
111.9600,0.038339,0.023052,0,66.57,40.11
111.9680,0.041758,0.023425,0,66.57,40.11
111.9760,0.044689,0.020983,0,66.57,40.11
111.9840,0.042735,0.015440,0,66.57,40.11
111.9920,0.039316,0.007063,0,66.57,40.11
112.0000,0.029060,-0.003079,0,66.57,40.11
112.0080,0.011477,0.126780,0,66.57,40.11
112.0160,-0.005128,0.118480,0,66.57,40.11
112.0240,-0.012943,0.112413,0,66.57,40.11
112.0320,-0.017338,0.108860,0,66.57,40.11
112.0400,-0.020269,0.106554,0,66.57,40.11
112.0480,-0.023199,0.103462,0,66.57,40.11
112.0560,-0.031990,0.097858,0,66.57,40.11
112.0640,-0.044689,0.089212,0,66.57,40.11
112.0720,-0.062271,0.078527,0,66.57,40.11
112.0800,-0.082295,0.067908,0,66.57,40.11
112.0880,-0.095971,0.059465,0,66.57,40.11
112.0960,-0.103297,0.054084,0,66.57,40.11
112.1040,-0.106227,0.050902,0,66.57,40.11
112.1120,-0.104274,-0.012156,0,66.57,40.11
112.1200,-0.099389,-0.008483,0,66.57,40.11
112.1280,-0.095971,-0.004522,0,66.57,40.11
112.1360,-0.094994,-0.001675,0,66.57,40.11
112.1440,-0.096947,-0.000633,0,66.57,40.11
112.1520,-0.100855,-0.001401,0,66.57,40.11
112.1600,-0.103785,-0.003524,0,66.57,40.11
112.1680,-0.110134,-0.006268,0,66.57,40.11
112.1760,-0.115995,-0.008727,0,66.57,40.11
112.1840,-0.119414,-0.010004,0,66.57,40.11
112.1920,-0.122833,-0.009480,0,66.57,40.11
112.2000,-0.122344,-0.007085,0,66.57,40.11
112.2080,-0.118437,-0.003464,0,66.57,40.11
112.2160,-0.111600,-0.027140,0,66.57,40.11
112.2240,-0.101832,-0.018902,0,66.57,40.11
112.2320,-0.094994,-0.010804,0,66.57,40.11
112.2400,-0.088156,-0.004293,0,66.57,40.11
112.2480,-0.087179,-0.000444,0,66.57,40.11
112.2560,-0.087179,0.000321,0,66.57,40.11
112.2640,-0.094505,-0.001589,0,66.57,40.11
112.2720,-0.103785,-0.004964,0,66.57,40.11
112.2800,-0.114042,-0.008208,0,66.57,40.11
112.2880,-0.118437,-0.010021,0,66.57,40.11
112.2960,-0.120391,-0.009914,0,66.57,40.11
112.3040,-0.119902,-0.008216,0,66.57,40.11
112.3120,-0.121368,-0.005683,0,66.57,40.11
112.3200,-0.119902,0.067869,0,66.57,40.11
112.3280,-0.121856,0.073370,0,66.57,40.11
112.3360,-0.124298,0.079228,0,66.57,40.11
112.3440,-0.125275,0.085594,0,66.57,40.11
112.3520,-0.124298,0.091974,0,66.57,40.11
112.3600,-0.119902,0.096908,0,66.57,40.11
112.3680,-0.120879,0.098400,0,66.57,40.11
112.3760,-0.130647,0.094937,0,66.57,40.11
112.3840,-0.145788,0.086363,0,66.57,40.11
112.3920,-0.167277,0.074049,0,66.57,40.11
112.4000,-0.192674,0.060287,0,66.57,40.11
112.4080,-0.213675,0.047065,0,66.57,40.11
112.4160,-0.222955,0.034883,0,66.57,40.11
112.4240,-0.218559,-0.972346,0,66.57,40.11
112.4320,-0.195116,-0.993654,0,66.57,40.11
112.4400,-0.151648,-1.000000,0,66.57,40.11
112.4480,-0.089133,-0.990338,0,66.57,40.11
112.4560,-0.015385,-0.963336,0,66.57,40.11
112.4640,0.077900,-0.917306,0,66.57,40.11
112.4720,0.195604,-0.851541,0,66.57,40.11
112.4800,0.341636,-0.768577,0,66.57,40.11
112.4880,0.499878,-0.676105,0,66.57,40.11
112.4960,0.679121,-0.587303,0,66.57,40.11
112.5040,0.885226,-0.517572,0,66.57,40.11
112.5120,1.000000,-0.475907,0,66.57,40.11
112.5200,1.000000,-0.455758,0,66.57,40.11
112.5280,1.000000,1.000000,1,66.57,40.11
112.5360,1.000000,0.987991,1,66.57,40.11
112.5440,0.927717,0.938648,0,66.57,40.11
112.5520,0.704518,0.855669,0,66.57,40.11
112.5600,0.482295,0.750042,0,66.57,40.11
112.5680,0.274237,0.636740,0,66.57,40.11
112.5760,0.072039,0.530261,0,66.57,40.11
112.5840,-0.106716,0.442768,0,66.57,40.11
112.5920,-0.250305,0.383476,0,66.57,40.11
112.6000,-0.327961,0.357501,0,66.57,40.11
112.6080,-0.353846,0.364505,0,66.57,40.11
112.6160,-0.333822,0.398186,0,66.57,40.11
112.6240,-0.280586,0.447025,0,66.57,40.11
112.6320,-0.211233,-0.097144,0,66.57,40.11
112.6400,-0.148230,-0.037860,0,66.57,40.11
112.6480,-0.101832,0.009994,0,66.57,40.11
112.6560,-0.077411,0.040516,0,66.57,40.11
112.6640,-0.073504,0.052984,0,66.57,40.11
112.6720,-0.086203,0.050771,0,66.57,40.11
112.6800,-0.107692,0.039538,0,66.57,40.11
112.6880,-0.128205,0.025233,0,66.57,40.11
112.6960,-0.145299,0.012437,0,66.57,40.11
112.7040,-0.152625,0.003523,0,66.57,40.11
112.7120,-0.157509,-0.001238,0,66.57,40.11
112.7200,-0.158486,-0.002908,0,66.57,40.11
112.7280,-0.161416,-0.003010,0,66.57,40.11
112.7360,-0.160440,-0.205190,0,66.57,40.11
112.7440,-0.157509,-0.209247,0,66.57,40.11
112.7520,-0.156044,-0.213490,0,66.57,40.11
112.7600,-0.158974,-0.217974,0,66.57,40.11
112.7680,-0.163858,-0.221823,0,66.57,40.11
112.7760,-0.169719,-0.223369,0,66.57,40.11
112.7840,-0.174603,-0.220741,0,66.57,40.11
112.7920,-0.174115,-0.212603,0,66.57,40.11
112.8000,-0.171184,-0.198646,0,66.57,40.11
112.8080,-0.169719,-0.179523,0,66.57,40.11
112.8160,-0.168742,-0.156438,0,66.57,40.11
112.8240,-0.166789,-0.130751,0,66.57,40.11
112.8320,-0.164835,-0.103799,0,66.57,40.11
112.8400,-0.161416,-0.056324,0,66.57,40.11
112.8480,-0.157509,-0.034343,0,66.57,40.11
112.8560,-0.153602,-0.015505,0,66.57,40.11
112.8640,-0.147741,-0.001474,0,66.57,40.11
112.8720,-0.150183,0.006889,0,66.57,40.11
112.8800,-0.155067,0.009898,0,66.57,40.11
112.8880,-0.156532,0.008775,0,66.57,40.11
112.8960,-0.156532,0.005071,0,66.57,40.11
112.9040,-0.157021,0.000367,0,66.57,40.11
112.9120,-0.160440,-0.003836,0,66.57,40.11
112.9200,-0.156532,-0.006460,0,66.57,40.11
112.9280,-0.151160,-0.007309,0,66.57,40.11
112.9360,-0.147741,-0.007073,0,66.57,40.11
112.9440,-0.145788,-0.012614,0,66.57,40.11
112.9520,-0.145299,-0.009540,0,66.57,40.11
112.9600,-0.142857,-0.005118,0,66.57,40.11
112.9680,-0.135531,0.000423,0,66.57,40.11
112.9760,-0.129182,0.006304,0,66.57,40.11
112.9840,-0.123810,0.011436,0,66.57,40.11
112.9920,-0.118437,0.014809,0,66.57,40.11
113.0000,-0.116972,0.015820,0,66.57,40.11
113.0080,-0.118437,0.014489,0,66.57,40.11
113.0160,-0.123321,0.011398,0,66.57,40.11
113.0240,-0.125275,0.007323,0,66.57,40.11
113.0320,-0.128205,0.002843,0,66.57,40.11
113.0400,-0.131136,-0.001767,0,66.57,40.11
113.0480,-0.129182,0.004617,0,66.57,40.11
113.0560,-0.127717,0.005446,0,66.57,40.11
113.0640,-0.124298,0.007323,0,66.57,40.11
113.0720,-0.119902,0.009670,0,66.57,40.11
113.0800,-0.117460,0.011951,0,66.57,40.11
113.0880,-0.114530,0.013773,0,66.57,40.11
113.0960,-0.111600,0.014867,0,66.57,40.11
113.1040,-0.109646,0.015039,0,66.57,40.11
113.1120,-0.109646,0.014221,0,66.57,40.11
113.1200,-0.109646,0.012513,0,66.57,40.11
113.1280,-0.112088,0.010163,0,66.57,40.11
113.1360,-0.112576,0.007450,0,66.57,40.11
113.1440,-0.114042,0.004584,0,66.57,40.11
113.1520,-0.113553,0.007826,0,66.57,40.11
113.1600,-0.111111,0.009413,0,66.57,40.11
113.1680,-0.105739,0.011947,0,66.57,40.11
113.1760,-0.100855,0.014515,0,66.57,40.11
113.1840,-0.096947,0.016173,0,66.57,40.11
113.1920,-0.096947,0.016402,0,66.57,40.11
113.2000,-0.097924,0.015292,0,66.57,40.11
113.2080,-0.099878,0.013384,0,66.57,40.11
113.2160,-0.100366,0.011310,0,66.57,40.11
113.2240,-0.100366,0.009516,0,66.57,40.11
113.2320,-0.100855,0.008176,0,66.57,40.11
113.2400,-0.099389,0.007235,0,66.57,40.11
113.2480,-0.099389,0.006507,0,66.57,40.11
113.2560,-0.098901,0.006610,0,66.57,40.11
113.2640,-0.100855,0.006403,0,66.57,40.11
113.2720,-0.099878,0.007429,0,66.57,40.11
113.2800,-0.095971,0.010063,0,66.57,40.11
113.2880,-0.090110,0.014148,0,66.57,40.11
113.2960,-0.085226,0.019019,0,66.57,40.11
113.3040,-0.078877,0.023665,0,66.57,40.11
113.3120,-0.074481,0.026918,0,66.57,40.11
113.3200,-0.071062,0.027722,0,66.57,40.11
113.3280,-0.074481,0.025464,0,66.57,40.11
113.3360,-0.078877,0.020169,0,66.57,40.11
113.3440,-0.085714,0.012459,0,66.57,40.11
113.3520,-0.094994,0.003404,0,66.57,40.11
113.3600,-0.101343,-0.020306,0,66.57,40.11
113.3680,-0.105739,-0.024890,0,66.57,40.11
113.3760,-0.103785,-0.026392,0,66.57,40.11
113.3840,-0.099878,-0.025104,0,66.57,40.11
113.3920,-0.093529,-0.021906,0,66.57,40.11
113.4000,-0.088156,-0.017812,0,66.57,40.11
113.4080,-0.084249,-0.013649,0,66.57,40.11
113.4160,-0.078877,-0.010039,0,66.57,40.11
113.4240,-0.073016,-0.007538,0,66.57,40.11
113.4320,-0.070085,-0.006590,0,66.57,40.11
113.4400,-0.070085,-0.007309,0,66.57,40.11
113.4480,-0.071062,-0.009380,0,66.57,40.11
113.4560,-0.072039,-0.012188,0,66.57,40.11
113.4640,-0.077900,0.015457,0,66.57,40.11
113.4720,-0.084249,0.009330,0,66.57,40.11
113.4800,-0.090598,0.003190,0,66.57,40.11
113.4880,-0.097924,-0.001725,0,66.57,40.11
113.4960,-0.101343,-0.004352,0,66.57,40.11
113.5040,-0.100366,-0.004225,0,66.57,40.11
113.5120,-0.096459,-0.001703,0,66.57,40.11
113.5200,-0.092552,0.002141,0,66.57,40.11
113.5280,-0.085714,0.005853,0,66.57,40.11
113.5360,-0.083272,0.008042,0,66.57,40.11
113.5440,-0.083272,0.007862,0,66.57,40.11
113.5520,-0.085714,0.005322,0,66.57,40.11
113.5600,-0.092063,0.001318,0,66.57,40.11
113.5680,-0.094017,0.008008,0,66.57,40.11
113.5760,-0.092063,0.007650,0,66.57,40.11
113.5840,-0.090110,0.008178,0,66.57,40.11
113.5920,-0.088645,0.009015,0,66.57,40.11
113.6000,-0.089133,0.009694,0,66.57,40.11
113.6080,-0.091575,0.010101,0,66.57,40.11
113.6160,-0.091575,0.010343,0,66.57,40.11
113.6240,-0.092063,0.010472,0,66.57,40.11
113.6320,-0.093040,0.010365,0,66.57,40.11
113.6400,-0.093529,0.009779,0,66.57,40.11
113.6480,-0.094994,0.008469,0,66.57,40.11
113.6560,-0.096947,0.006369,0,66.57,40.11
113.6640,-0.101343,0.003738,0,66.57,40.11
113.6720,-0.108669,-0.020892,0,66.57,40.11
113.6800,-0.116972,-0.026314,0,66.57,40.11
113.6880,-0.121368,-0.029800,0,66.57,40.11
113.6960,-0.118437,-0.030634,0,66.57,40.11
113.7040,-0.116972,-0.029017,0,66.57,40.11
113.7120,-0.110623,-0.025811,0,66.57,40.11
113.7200,-0.107692,-0.022087,0,66.57,40.11
113.7280,-0.103785,-0.018747,0,66.57,40.11
113.7360,-0.101343,-0.016335,0,66.57,40.11
113.7440,-0.101343,-0.014985,0,66.57,40.11
113.7520,-0.101343,-0.014504,0,66.57,40.11
113.7600,-0.101343,-0.014569,0,66.57,40.11
113.7680,-0.101343,-0.014877,0,66.57,40.11
113.7760,-0.104274,-0.025180,0,66.57,40.11
113.7840,-0.106227,-0.028181,0,66.57,40.11
113.7920,-0.107204,-0.031475,0,66.57,40.11
113.8000,-0.110134,-0.034652,0,66.57,40.11
113.8080,-0.113065,-0.037113,0,66.57,40.11
113.8160,-0.115507,-0.038253,0,66.57,40.11
113.8240,-0.110134,-0.037848,0,66.57,40.11
113.8320,-0.106227,-0.036136,0,66.57,40.11
113.8400,-0.103785,-0.033454,0,66.57,40.11
113.8480,-0.101343,-0.029897,0,66.57,40.11
113.8560,-0.095482,-0.025424,0,66.57,40.11
113.8640,-0.088645,-0.020136,0,66.57,40.11
113.8720,-0.081319,-0.014376,0,66.57,40.11
113.8800,-0.073504,0.027605,0,66.57,40.11
113.8880,-0.070574,0.030926,0,66.57,40.11
113.8960,-0.071062,0.031374,0,66.57,40.11
113.9040,-0.074481,0.029123,0,66.57,40.11
113.9120,-0.081319,0.025011,0,66.57,40.11
113.9200,-0.086691,0.020215,0,66.57,40.11
113.9280,-0.093040,0.015853,0,66.57,40.11
113.9360,-0.094994,0.012677,0,66.57,40.11
113.9440,-0.097924,0.010974,0,66.57,40.11
113.9520,-0.096947,0.010670,0,66.57,40.11
113.9600,-0.098413,0.011519,0,66.57,40.11
113.9680,-0.096459,0.013206,0,66.57,40.11
113.9760,-0.094505,0.015344,0,66.57,40.11
113.9840,-0.099389,-0.026634,0,66.57,40.11
113.9920,-0.102808,-0.030123,0,66.57,40.11
114.0000,-0.104274,-0.032957,0,66.57,40.11
114.0080,-0.104762,-0.034133,0,66.57,40.11
114.0160,-0.102808,-0.033055,0,66.57,40.11
114.0240,-0.096947,-0.029774,0,66.57,40.11
114.0320,-0.088645,-0.025022,0,66.57,40.11
114.0400,-0.081807,-0.019943,0,66.57,40.11
114.0480,-0.075946,-0.015688,0,66.57,40.11
114.0560,-0.070574,-0.013089,0,66.57,40.11
114.0640,-0.069597,-0.012470,0,66.57,40.11
114.0720,-0.069597,-0.013569,0,66.57,40.11
114.0800,-0.070574,-0.015655,0,66.57,40.11
114.0880,-0.070574,0.019004,0,66.57,40.11
114.0960,-0.074969,0.016117,0,66.57,40.11
114.1040,-0.077900,0.012914,0,66.57,40.11
114.1120,-0.080830,0.009931,0,66.57,40.11
114.1200,-0.082784,0.007619,0,66.57,40.11
114.1280,-0.083272,0.006288,0,66.57,40.11
114.1360,-0.085714,0.006068,0,66.57,40.11
114.1440,-0.083272,0.006810,0,66.57,40.11
114.1520,-0.080830,0.007987,0,66.57,40.11
114.1600,-0.078388,0.008859,0,66.57,40.11
114.1680,-0.079365,0.008847,0,66.57,40.11
114.1760,-0.080830,0.007824,0,66.57,40.11
114.1840,-0.084249,0.006151,0,66.57,40.11
114.1920,-0.087179,0.000613,0,66.57,40.11
114.2000,-0.088156,0.000181,0,66.57,40.11
114.2080,-0.086203,0.000647,0,66.57,40.11
114.2160,-0.085226,0.001606,0,66.57,40.11
114.2240,-0.082784,0.002427,0,66.57,40.11
114.2320,-0.082784,0.002590,0,66.57,40.11
114.2400,-0.084249,0.001945,0,66.57,40.11
114.2480,-0.085714,0.000746,0,66.57,40.11
114.2560,-0.087179,-0.000514,0,66.57,40.11
114.2640,-0.089133,-0.001335,0,66.57,40.11
114.2720,-0.087668,-0.001430,0,66.57,40.11
114.2800,-0.086691,-0.000836,0,66.57,40.11
114.2880,-0.085226,0.000159,0,66.57,40.11
114.2960,-0.082784,-0.092543,0,66.57,40.11
114.3040,-0.083272,-0.094574,0,66.57,40.11
114.3120,-0.079365,-0.095492,0,66.57,40.11
114.3200,-0.073504,-0.094958,0,66.57,40.11
114.3280,-0.066667,-0.092909,0,66.57,40.11
114.3360,-0.057387,-0.089495,0,66.57,40.11
114.3440,-0.049573,-0.084930,0,66.57,40.11
114.3520,-0.038828,-0.079416,0,66.57,40.11
114.3600,-0.027595,-0.073153,0,66.57,40.11
114.3680,-0.016361,-0.066317,0,66.57,40.11
114.3760,-0.005128,-0.059031,0,66.57,40.11
114.3840,0.008059,-0.051414,0,66.57,40.11
114.3920,0.020757,-0.043642,0,66.57,40.11
114.4000,0.035897,0.003082,0,66.57,40.11
114.4080,0.054945,0.016051,0,66.57,40.11
114.4160,0.073504,0.028594,0,66.57,40.11
114.4240,0.088156,0.039462,0,66.57,40.11
114.4320,0.099878,0.047724,0,66.57,40.11
114.4400,0.110134,0.052976,0,66.57,40.11
114.4480,0.113065,0.055292,0,66.57,40.11
114.4560,0.117460,0.054969,0,66.57,40.11
114.4640,0.118926,0.052166,0,66.57,40.11
114.4720,0.120879,0.046759,0,66.57,40.11
114.4800,0.117460,0.038614,0,66.57,40.11
114.4880,0.110623,0.028033,0,66.57,40.11
114.4960,0.101832,0.015974,0,66.57,40.11
114.5040,0.091575,0.188296,0,66.57,40.11
114.5120,0.076923,0.178869,0,66.57,40.11
114.5200,0.062759,0.168214,0,66.57,40.11
114.5280,0.046154,0.157135,0,66.57,40.11
114.5360,0.030037,0.146355,0,66.57,40.11
114.5440,0.017338,0.136270,0,66.57,40.11
114.5520,0.005128,0.126854,0,66.57,40.11
114.5600,-0.008059,0.117871,0,66.57,40.11
114.5680,-0.021734,0.109163,0,66.57,40.11
114.5760,-0.034432,0.100754,0,66.57,40.11
114.5840,-0.047619,0.092753,0,66.57,40.11
114.5920,-0.058852,0.085212,0,66.57,40.11
114.6000,-0.070085,0.078029,0,66.57,40.11
114.6080,-0.078388,-0.004593,0,66.57,40.11
114.6160,-0.085714,-0.010815,0,66.57,40.11
114.6240,-0.092552,-0.015848,0,66.57,40.11
114.6320,-0.099878,-0.019738,0,66.57,40.11
114.6400,-0.102808,-0.022533,0,66.57,40.11
114.6480,-0.108181,-0.024324,0,66.57,40.11
114.6560,-0.109646,-0.025210,0,66.57,40.11
114.6640,-0.113553,-0.025204,0,66.57,40.11
114.6720,-0.116484,-0.024191,0,66.57,40.11
114.6800,-0.117949,-0.022053,0,66.57,40.11
114.6880,-0.116972,-0.018861,0,66.57,40.11
114.6960,-0.116972,-0.014899,0,66.57,40.11
114.7040,-0.117460,-0.010526,0,66.57,40.11
114.7120,-0.120391,-0.099318,0,66.57,40.11
114.7200,-0.122344,-0.099025,0,66.57,40.11
114.7280,-0.121856,-0.097197,0,66.57,40.11
114.7360,-0.117949,-0.093445,0,66.57,40.11
114.7440,-0.115995,-0.087780,0,66.57,40.11
114.7520,-0.108181,-0.080620,0,66.57,40.11
114.7600,-0.101832,-0.072740,0,66.57,40.11
114.7680,-0.095971,-0.065089,0,66.57,40.11
114.7760,-0.090110,-0.058542,0,66.57,40.11
114.7840,-0.087668,-0.053652,0,66.57,40.11
114.7920,-0.088645,-0.050468,0,66.57,40.11
114.8000,-0.090110,-0.048573,0,66.57,40.11
114.8080,-0.090598,-0.047342,0,66.57,40.11
114.8160,-0.092552,0.065963,0,66.57,40.11
114.8240,-0.093040,0.071708,0,66.57,40.11
114.8320,-0.094017,0.078428,0,66.57,40.11
114.8400,-0.092552,0.085802,0,66.57,40.11
114.8480,-0.088156,0.092677,0,66.57,40.11
114.8560,-0.085714,0.097215,0,66.57,40.11
114.8640,-0.089133,0.097583,0,66.57,40.11
114.8720,-0.101343,0.092826,0,66.57,40.11
114.8800,-0.118437,0.083375,0,66.57,40.11
114.8880,-0.140904,0.070940,0,66.57,40.11
114.8960,-0.166300,0.057833,0,66.57,40.11
114.9040,-0.186325,0.045825,0,66.57,40.11
114.9120,-0.194628,0.035122,0,66.57,40.11
114.9200,-0.187790,-0.891181,0,66.57,40.11
114.9280,-0.160440,-0.907193,0,66.57,40.11
114.9360,-0.109646,-0.906126,0,66.57,40.11
114.9440,-0.040781,-0.885516,0,66.57,40.11
114.9520,0.050549,-0.843051,0,66.57,40.11
114.9600,0.164347,-0.777562,0,66.57,40.11
114.9680,0.315263,-0.691231,0,66.57,40.11
114.9760,0.481319,-0.592051,0,66.57,40.11
114.9840,0.666911,-0.495058,0,66.57,40.11
114.9920,0.893529,-0.419961,1,66.57,40.11
115.0000,1.000000,-0.382792,1,66.57,40.11
115.0080,1.000000,-0.385665,1,66.57,40.11
115.0160,1.000000,-0.413974,0,66.57,40.11
115.0240,1.000000,1.000000,1,66.57,40.11
115.0320,1.000000,0.977547,1,66.57,40.11
115.0400,0.926740,0.918930,0,66.57,40.11
115.0480,0.696215,0.824694,0,66.57,40.11
115.0560,0.469109,0.705200,0,66.57,40.11
115.0640,0.243956,0.577334,0,66.57,40.11
115.0720,0.031502,0.459099,0,66.57,40.11
115.0800,-0.150672,0.366174,0,66.57,40.11
115.0880,-0.271306,0.309701,0,66.57,40.11
115.0960,-0.322589,0.294442,0,66.57,40.11
115.1040,-0.315263,0.317997,0,66.57,40.11
115.1120,-0.262515,0.371527,0,66.57,40.11
115.1200,-0.186325,0.441515,0,66.57,40.11
115.1280,-0.111600,-0.037242,0,66.57,40.11
115.1360,-0.054945,0.022279,0,66.57,40.11
115.1440,-0.021245,0.062880,0,66.57,40.11
115.1520,-0.010501,0.082162,0,66.57,40.11
115.1600,-0.023199,0.082972,0,66.57,40.11
115.1680,-0.047131,0.071401,0,66.57,40.11
115.1760,-0.071062,0.054379,0,66.57,40.11
115.1840,-0.092063,0.037669,0,66.57,40.11
115.1920,-0.107692,0.024887,0,66.57,40.11
115.2000,-0.115995,0.017491,0,66.57,40.11
115.2080,-0.119902,0.015295,0,66.57,40.11
115.2160,-0.121368,0.017093,0,66.57,40.11
115.2240,-0.117460,0.021081,0,66.57,40.11
115.2320,-0.114530,-0.243271,0,66.57,40.11
115.2400,-0.110623,-0.246971,0,66.57,40.11
115.2480,-0.108669,-0.250907,0,66.57,40.11
115.2560,-0.109646,-0.254766,0,66.57,40.11
115.2640,-0.111600,-0.257375,0,66.57,40.11
115.2720,-0.116484,-0.256918,0,66.57,40.11
115.2800,-0.118437,-0.251517,0,66.57,40.11
115.2880,-0.116972,-0.239986,0,66.57,40.11
115.2960,-0.113553,-0.222381,0,66.57,40.11
115.3040,-0.106716,-0.199972,0,66.57,40.11
115.3120,-0.100366,-0.174639,0,66.57,40.11
115.3200,-0.095482,-0.148056,0,66.57,40.11
115.3280,-0.094017,-0.121177,0,66.57,40.11
115.3360,-0.096947,-0.043507,0,66.57,40.11
115.3440,-0.098413,-0.027738,0,66.57,40.11
115.3520,-0.101832,-0.015249,0,66.57,40.11
115.3600,-0.103785,-0.006166,0,66.57,40.11
115.3680,-0.103785,-0.000429,0,66.57,40.11
115.3760,-0.102808,0.002244,0,66.57,40.11
115.3840,-0.101832,0.002458,0,66.57,40.11
115.3920,-0.101343,0.001122,0,66.57,40.11
115.4000,-0.095971,-0.000844,0,66.57,40.11
115.4080,-0.091087,-0.002821,0,66.57,40.11
115.4160,-0.088645,-0.004530,0,66.57,40.11
115.4240,-0.086203,-0.005929,0,66.57,40.11
115.4320,-0.085714,-0.007150,0,66.57,40.11
115.4400,-0.085226,-0.006298,0,66.57,40.11
115.4480,-0.086203,-0.007312,0,66.57,40.11
115.4560,-0.089133,-0.008462,0,66.57,40.11
115.4640,-0.093529,-0.009168,0,66.57,40.11
115.4720,-0.094017,-0.008775,0,66.57,40.11
115.4800,-0.091575,-0.007040,0,66.57,40.11
115.4880,-0.085714,-0.004394,0,66.57,40.11
115.4960,-0.080342,-0.001723,0,66.57,40.11
115.5040,-0.077900,0.000135,0,66.57,40.11
115.5120,-0.076923,0.000778,0,66.57,40.11
115.5200,-0.075946,0.000258,0,66.57,40.11
115.5280,-0.076435,-0.001108,0,66.57,40.11
115.5360,-0.076435,-0.002913,0,66.57,40.11
115.5440,-0.078877,0.020488,0,66.57,40.11
115.5520,-0.079365,0.021287,0,66.57,40.11
115.5600,-0.076923,0.023451,0,66.57,40.11
115.5680,-0.070574,0.026470,0,66.57,40.11
115.5760,-0.066667,0.029239,0,66.57,40.11
115.5840,-0.062759,0.030590,0,66.57,40.11
115.5920,-0.064713,0.029875,0,66.57,40.11
115.6000,-0.068620,0.027231,0,66.57,40.11
115.6080,-0.073016,0.023416,0,66.57,40.11
115.6160,-0.078388,0.019395,0,66.57,40.11
115.6240,-0.080830,0.015927,0,66.57,40.11
115.6320,-0.085226,0.013326,0,66.57,40.11
115.6400,-0.084737,0.011363,0,66.57,40.11
115.6480,-0.079365,-0.004354,0,66.57,40.11
115.6560,-0.070085,0.000303,0,66.57,40.11
115.6640,-0.065201,0.005296,0,66.57,40.11
115.6720,-0.059341,0.009482,0,66.57,40.11
115.6800,-0.055433,0.012201,0,66.57,40.11
115.6880,-0.054457,0.013354,0,66.57,40.11
115.6960,-0.055433,0.013317,0,66.57,40.11
115.7040,-0.054945,0.012614,0,66.57,40.11
115.7120,-0.054457,0.011583,0,66.57,40.11
115.7200,-0.054457,0.010256,0,66.57,40.11
115.7280,-0.054457,0.008494,0,66.57,40.11
115.7360,-0.055922,0.006210,0,66.57,40.11
115.7440,-0.058852,0.003549,0,66.57,40.11
115.7520,-0.061783,-0.001947,0,66.57,40.11
115.7600,-0.066667,-0.006139,0,66.57,40.11
115.7680,-0.071062,-0.009082,0,66.57,40.11
115.7760,-0.072527,-0.009779,0,66.57,40.11
115.7840,-0.067643,-0.007959,0,66.57,40.11
115.7920,-0.059829,-0.004333,0,66.57,40.11
115.8000,-0.054457,-0.000252,0,66.57,40.11
115.8080,-0.049573,0.002943,0,66.57,40.11
115.8160,-0.047619,0.004394,0,66.57,40.11
115.8240,-0.048107,0.003913,0,66.57,40.11
115.8320,-0.051526,0.001893,0,66.57,40.11
115.8400,-0.052991,-0.001032,0,66.57,40.11
115.8480,-0.054457,-0.004322,0,66.57,40.11
115.8560,-0.056899,0.009377,0,66.57,40.11
115.8640,-0.063248,0.005849,0,66.57,40.11
115.8720,-0.065690,0.003119,0,66.57,40.11
115.8800,-0.067643,0.001791,0,66.57,40.11
115.8880,-0.067643,0.002094,0,66.57,40.11
115.8960,-0.064713,0.003759,0,66.57,40.11
115.9040,-0.060806,0.006107,0,66.57,40.11
115.9120,-0.059829,0.008311,0,66.57,40.11
115.9200,-0.056899,0.009643,0,66.57,40.11
115.9280,-0.056899,0.009592,0,66.57,40.11
115.9360,-0.056899,0.007968,0,66.57,40.11
115.9440,-0.061783,0.004999,0,66.57,40.11
115.9520,-0.064713,0.001279,0,66.57,40.11
115.9600,-0.067643,0.019065,0,66.57,40.11
115.9680,-0.064713,0.020560,0,66.57,40.11
115.9760,-0.060806,0.023134,0,66.57,40.11
115.9840,-0.058852,0.025763,0,66.57,40.11
115.9920,-0.056899,0.027426,0,66.57,40.11
116.0000,-0.058852,0.027529,0,66.57,40.11
116.0080,-0.062271,0.026092,0,66.57,40.11
116.0160,-0.068620,0.023620,0,66.57,40.11
116.0240,-0.070574,0.020738,0,66.57,40.11
116.0320,-0.075946,0.017890,0,66.57,40.11
116.0400,-0.078388,0.015272,0,66.57,40.11
116.0480,-0.082784,0.012902,0,66.57,40.11
116.0560,-0.085714,0.010691,0,66.57,40.11
116.0640,-0.088156,0.018786,0,66.57,40.11
116.0720,-0.087179,0.019867,0,66.57,40.11
116.0800,-0.086203,0.021465,0,66.57,40.11
116.0880,-0.086203,0.022945,0,66.57,40.11
116.0960,-0.086691,0.023710,0,66.57,40.11
116.1040,-0.088645,0.023376,0,66.57,40.11
116.1120,-0.093529,0.021875,0,66.57,40.11
116.1200,-0.097924,0.019432,0,66.57,40.11
116.1280,-0.102320,0.016462,0,66.57,40.11
116.1360,-0.108669,0.013525,0,66.57,40.11
116.1440,-0.115995,0.011230,0,66.57,40.11
116.1520,-0.118437,0.009920,0,66.57,40.11
116.1600,-0.119414,0.009360,0,66.57,40.11
116.1680,-0.117460,-0.022945,0,66.57,40.11
116.1760,-0.113553,-0.018664,0,66.57,40.11
116.1840,-0.104274,-0.013743,0,66.57,40.11
116.1920,-0.102320,-0.009454,0,66.57,40.11
116.2000,-0.099878,-0.006685,0,66.57,40.11
116.2080,-0.100855,-0.005741,0,66.57,40.11
116.2160,-0.101343,-0.006457,0,66.57,40.11
116.2240,-0.103297,-0.008308,0,66.57,40.11
116.2320,-0.108669,-0.010413,0,66.57,40.11
116.2400,-0.113553,-0.011707,0,66.57,40.11
116.2480,-0.112576,-0.011419,0,66.57,40.11
116.2560,-0.110134,-0.009498,0,66.57,40.11
116.2640,-0.107204,-0.006583,0,66.57,40.11
116.2720,-0.105739,-0.010024,0,66.57,40.11
116.2800,-0.101343,-0.006177,0,66.57,40.11
116.2880,-0.099878,-0.002329,0,66.57,40.11
116.2960,-0.094994,0.000995,0,66.57,40.11
116.3040,-0.093040,0.003218,0,66.57,40.11
116.3120,-0.093040,0.003904,0,66.57,40.11
116.3200,-0.093529,0.002983,0,66.57,40.11
116.3280,-0.097924,0.000860,0,66.57,40.11
116.3360,-0.101343,-0.001649,0,66.57,40.11
116.3440,-0.104762,-0.003576,0,66.57,40.11
116.3520,-0.106227,-0.004151,0,66.57,40.11
116.3600,-0.106227,-0.003146,0,66.57,40.11
116.3680,-0.101343,-0.001066,0,66.57,40.11
116.3760,-0.099878,0.006852,0,66.57,40.11
116.3840,-0.094505,0.010505,0,66.57,40.11
116.3920,-0.092552,0.013730,0,66.57,40.11
116.4000,-0.090598,0.016077,0,66.57,40.11
116.4080,-0.090598,0.017364,0,66.57,40.11
116.4160,-0.090598,0.017596,0,66.57,40.11
116.4240,-0.091575,0.016856,0,66.57,40.11
116.4320,-0.092063,0.015280,0,66.57,40.11
116.4400,-0.095482,0.013138,0,66.57,40.11
116.4480,-0.098413,0.010876,0,66.57,40.11
116.4560,-0.101343,0.008965,0,66.57,40.11
116.4640,-0.101343,0.007632,0,66.57,40.11
116.4720,-0.101343,0.006721,0,66.57,40.11
116.4800,-0.100366,-0.023515,0,66.57,40.11
116.4880,-0.098901,-0.021692,0,66.57,40.11
116.4960,-0.093529,-0.018057,0,66.57,40.11
116.5040,-0.087179,-0.012930,0,66.57,40.11
116.5120,-0.079365,-0.007063,0,66.57,40.11
116.5200,-0.070574,-0.001489,0,66.57,40.11
116.5280,-0.065201,0.002787,0,66.57,40.11
116.5360,-0.062271,0.005097,0,66.57,40.11
116.5440,-0.059829,0.005237,0,66.57,40.11
116.5520,-0.061294,0.003420,0,66.57,40.11
116.5600,-0.063736,0.000158,0,66.57,40.11
116.5680,-0.066667,-0.003945,0,66.57,40.11
116.5760,-0.068620,-0.008400,0,66.57,40.11
116.5840,-0.070085,0.036168,0,66.57,40.11
116.5920,-0.076435,0.032761,0,66.57,40.11
116.6000,-0.082295,0.029548,0,66.57,40.11
116.6080,-0.085714,0.027097,0,66.57,40.11
116.6160,-0.088156,0.025690,0,66.57,40.11
116.6240,-0.088156,0.025143,0,66.57,40.11
116.6320,-0.088156,0.024936,0,66.57,40.11
116.6400,-0.090598,0.024503,0,66.57,40.11
116.6480,-0.091087,0.023460,0,66.57,40.11
116.6560,-0.094994,0.021689,0,66.57,40.11
116.6640,-0.098901,0.019306,0,66.57,40.11
116.6720,-0.101343,0.016528,0,66.57,40.11
116.6800,-0.105739,0.013566,0,66.57,40.11
116.6880,-0.106227,-0.007213,0,66.57,40.11
116.6960,-0.104762,-0.006616,0,66.57,40.11
116.7040,-0.101832,-0.004796,0,66.57,40.11
116.7120,-0.100366,-0.002065,0,66.57,40.11
116.7200,-0.098901,0.001323,0,66.57,40.11
116.7280,-0.094994,0.005044,0,66.57,40.11
116.7360,-0.090110,0.008515,0,66.57,40.11
116.7440,-0.087179,0.010945,0,66.57,40.11
116.7520,-0.086203,0.011639,0,66.57,40.11
116.7600,-0.087668,0.010288,0,66.57,40.11
116.7680,-0.093040,0.007067,0,66.57,40.11
116.7760,-0.096947,0.002512,0,66.57,40.11
116.7840,-0.102320,-0.002712,0,66.57,40.11
116.7920,-0.110134,-0.063440,0,66.57,40.11
116.8000,-0.116484,-0.071159,0,66.57,40.11
116.8080,-0.118437,-0.077182,0,66.57,40.11
116.8160,-0.123810,-0.080746,0,66.57,40.11
116.8240,-0.119414,-0.081410,0,66.57,40.11
116.8320,-0.116484,-0.079176,0,66.57,40.11
116.8400,-0.108669,-0.074440,0,66.57,40.11
116.8480,-0.101343,-0.067869,0,66.57,40.11
116.8560,-0.091087,-0.060326,0,66.57,40.11
116.8640,-0.079365,-0.052795,0,66.57,40.11
116.8720,-0.070085,-0.046112,0,66.57,40.11
116.8800,-0.063248,-0.040604,0,66.57,40.11
116.8880,-0.057875,-0.035925,0,66.57,40.11
116.8960,-0.055433,-0.028599,0,66.57,40.11
116.9040,-0.055922,-0.031774,0,66.57,40.11
116.9120,-0.059829,-0.036986,0,66.57,40.11
116.9200,-0.063736,-0.042965,0,66.57,40.11
116.9280,-0.068620,-0.048183,0,66.57,40.11
116.9360,-0.068620,-0.051288,0,66.57,40.11
116.9440,-0.065690,-0.051490,0,66.57,40.11
116.9520,-0.058852,-0.048721,0,66.57,40.11
116.9600,-0.050061,-0.043530,0,66.57,40.11
116.9680,-0.038828,-0.036825,0,66.57,40.11
116.9760,-0.027595,-0.029583,0,66.57,40.11
116.9840,-0.014896,-0.022520,0,66.57,40.11
116.9920,-0.007570,-0.015818,0,66.57,40.11
117.0000,-0.003663,0.058385,0,66.57,40.11
117.0080,0.005617,0.064291,0,66.57,40.11
117.0160,0.008547,0.070060,0,66.57,40.11
117.0240,0.011477,0.076118,0,66.57,40.11
117.0320,0.022222,0.082129,0,66.57,40.11
117.0400,0.030525,0.086759,0,66.57,40.11
117.0480,0.034432,0.088246,0,66.57,40.11
117.0560,0.031013,0.085384,0,66.57,40.11
117.0640,0.022711,0.078172,0,66.57,40.11
117.0720,0.008547,0.067806,0,66.57,40.11
117.0800,-0.006105,0.056057,0,66.57,40.11
117.0880,-0.015873,0.044329,0,66.57,40.11
117.0960,-0.023199,0.033025,0,66.57,40.11
117.1040,-0.031013,0.091036,0,66.57,40.11
117.1120,-0.039316,0.082252,0,66.57,40.11
117.1200,-0.054457,0.071394,0,66.57,40.11
117.1280,-0.070085,0.058568,0,66.57,40.11
117.1360,-0.088645,0.044812,0,66.57,40.11
117.1440,-0.106227,0.031725,0,66.57,40.11
117.1520,-0.119414,0.020935,0,66.57,40.11
117.1600,-0.130159,0.013668,0,66.57,40.11
117.1680,-0.136020,0.010575,0,66.57,40.11
117.1760,-0.139438,0.011707,0,66.57,40.11
117.1840,-0.136996,0.016545,0,66.57,40.11
117.1920,-0.132601,0.024086,0,66.57,40.11
117.2000,-0.128205,0.033058,0,66.57,40.11
117.2080,-0.123810,-0.018892,0,66.57,40.11
117.2160,-0.125275,-0.017681,0,66.57,40.11
117.2240,-0.129670,-0.018464,0,66.57,40.11
117.2320,-0.134554,-0.020028,0,66.57,40.11
117.2400,-0.140904,-0.020736,0,66.57,40.11
117.2480,-0.141392,-0.019350,0,66.57,40.11
117.2560,-0.136508,-0.015739,0,66.57,40.11
117.2640,-0.130159,-0.010955,0,66.57,40.11
117.2720,-0.128694,-0.006610,0,66.57,40.11
117.2800,-0.127717,-0.004117,0,66.57,40.11
117.2880,-0.131136,-0.004221,0,66.57,40.11
117.2960,-0.137973,-0.006793,0,66.57,40.11
117.3040,-0.147741,-0.010858,0,66.57,40.11
117.3120,-0.149206,-0.056895,0,66.57,40.11
117.3200,-0.150672,-0.056151,0,66.57,40.11
117.3280,-0.148230,-0.052081,0,66.57,40.11
117.3360,-0.142857,-0.045168,0,66.57,40.11
117.3440,-0.133089,-0.036717,0,66.57,40.11
117.3520,-0.126740,-0.028520,0,66.57,40.11
117.3600,-0.119902,-0.022263,0,66.57,40.11
117.3680,-0.119902,-0.018922,0,66.57,40.11
117.3760,-0.124298,-0.018422,0,66.57,40.11
117.3840,-0.129182,-0.019825,0,66.57,40.11
117.3920,-0.134066,-0.021925,0,66.57,40.11
117.4000,-0.137973,-0.023864,0,66.57,40.11
117.4080,-0.138462,-0.025459,0,66.57,40.11
117.4160,-0.136020,-0.087793,0,66.57,40.11
117.4240,-0.140904,-0.096454,0,66.57,40.11
117.4320,-0.153602,-0.110070,0,66.57,40.11
117.4400,-0.177534,-0.128641,0,66.57,40.11
117.4480,-0.206349,-0.150281,0,66.57,40.11
117.4560,-0.234188,-0.171492,0,66.57,40.11
117.4640,-0.256654,-0.187942,0,66.57,40.11
117.4720,-0.258608,-0.195436,0,66.57,40.11
117.4800,-0.250305,-0.190735,0,66.57,40.11
117.4880,-0.217094,-0.172163,0,66.57,40.11
117.4960,-0.163858,-0.140077,0,66.57,40.11
117.5040,-0.096459,-0.097123,0,66.57,40.11
117.5120,-0.011966,-0.048078,0,66.57,40.11
117.5200,0.094505,-0.015940,0,66.57,40.11
117.5280,0.223443,0.102353,0,66.57,40.11
117.5360,0.360684,0.237909,0,66.57,40.11
117.5440,0.508181,0.385878,0,66.57,40.11
117.5520,0.661050,0.536312,0,66.57,40.11
117.5600,0.836874,0.672162,0,66.57,40.11
117.5680,1.000000,0.771338,1,66.57,40.11
117.5760,1.000000,0.813887,1,66.57,40.11
117.5840,1.000000,0.788049,0,66.57,40.11
117.5920,0.950183,0.691767,0,66.57,40.11
117.6000,0.732357,0.533687,0,66.57,40.11
117.6080,0.526252,0.332222,0,66.57,40.11
117.6160,0.332845,0.109495,0,66.57,40.11
117.6240,0.145788,0.139200,0,66.57,40.11
117.6320,-0.028083,-0.030366,0,66.57,40.11
117.6400,-0.170696,-0.162975,0,66.57,40.11
117.6480,-0.265934,-0.250182,0,66.57,40.11
117.6560,-0.303541,-0.289661,0,66.57,40.11
117.6640,-0.291819,-0.286384,0,66.57,40.11
117.6720,-0.250305,-0.251888,0,66.57,40.11
117.6800,-0.179976,-0.201615,0,66.57,40.11
117.6880,-0.124786,-0.150957,0,66.57,40.11
117.6960,-0.085714,-0.111282,0,66.57,40.11
117.7040,-0.063248,-0.087680,0,66.57,40.11
117.7120,-0.056410,-0.078905,0,66.57,40.11
117.7200,-0.062271,-0.078719,0,66.57,40.11
117.7280,-0.069597,0.026925,0,66.57,40.11
117.7360,-0.082295,0.016889,0,66.57,40.11
117.7440,-0.094994,0.005654,0,66.57,40.11
117.7520,-0.106227,-0.004739,0,66.57,40.11
117.7600,-0.115507,-0.013158,0,66.57,40.11
117.7680,-0.119414,-0.019218,0,66.57,40.11
117.7760,-0.122344,-0.023008,0,66.57,40.11
117.7840,-0.124298,-0.024738,0,66.57,40.11
117.7920,-0.124298,-0.024511,0,66.57,40.11
117.8000,-0.123810,-0.022302,0,66.57,40.11
117.8080,-0.123321,-0.018093,0,66.57,40.11
117.8160,-0.122344,-0.012086,0,66.57,40.11
117.8240,-0.120391,-0.004916,0,66.57,40.11
117.8320,-0.118437,-0.242750,0,66.57,40.11
117.8400,-0.119414,-0.241609,0,66.57,40.11
117.8480,-0.122833,-0.238462,0,66.57,40.11
117.8560,-0.126252,-0.232734,0,66.57,40.11
117.8640,-0.131624,-0.223908,0,66.57,40.11
117.8720,-0.135043,-0.211872,0,66.57,40.11
117.8800,-0.139438,-0.197102,0,66.57,40.11
117.8880,-0.139927,-0.180667,0,66.57,40.11
117.8960,-0.138950,-0.164041,0,66.57,40.11
117.9040,-0.137973,-0.148638,0,66.57,40.11
117.9120,-0.135043,-0.135277,0,66.57,40.11
117.9200,-0.130647,-0.123927,0,66.57,40.11
117.9280,-0.122833,-0.113835,0,66.57,40.11
117.9360,-0.116972,0.012129,0,66.57,40.11
117.9440,-0.115995,0.013665,0,66.57,40.11
117.9520,-0.115507,0.011324,0,66.57,40.11
117.9600,-0.117460,0.006467,0,66.57,40.11
117.9680,-0.123321,0.000961,0,66.57,40.11
117.9760,-0.124298,-0.003404,0,66.57,40.11
117.9840,-0.125275,-0.005554,0,66.57,40.11
117.9920,-0.121368,-0.005437,0,66.57,40.11
118.0000,-0.118437,-0.003771,0,66.57,40.11
118.0080,-0.117460,-0.001430,0,66.57,40.11
118.0160,-0.118437,0.001060,0,66.57,40.11
118.0240,-0.117460,0.003569,0,66.57,40.11
118.0320,-0.115507,0.006093,0,66.57,40.11
118.0400,-0.108669,0.001583,0,66.57,40.11
118.0480,-0.101832,0.004717,0,66.57,40.11
118.0560,-0.102320,0.006916,0,66.57,40.11
118.0640,-0.103785,0.008488,0,66.57,40.11
118.0720,-0.103785,0.010146,0,66.57,40.11
118.0800,-0.099878,0.012226,0,66.57,40.11
118.0880,-0.093040,0.014243,0,66.57,40.11
118.0960,-0.089621,0.015221,0,66.57,40.11
118.1040,-0.090110,0.014497,0,66.57,40.11
118.1120,-0.095482,0.012261,0,66.57,40.11
118.1200,-0.100855,0.009373,0,66.57,40.11
118.1280,-0.101343,0.006636,0,66.57,40.11
118.1360,-0.101343,0.004235,0,66.57,40.11
118.1440,-0.100855,-0.022584,0,66.57,40.11
118.1520,-0.100366,-0.024599,0,66.57,40.11
118.1600,-0.101343,-0.026688,0,66.57,40.11
118.1680,-0.100855,-0.028805,0,66.57,40.11
118.1760,-0.101343,-0.030562,0,66.57,40.11
118.1840,-0.102808,-0.031357,0,66.57,40.11
118.1920,-0.097924,-0.030710,0,66.57,40.11
118.2000,-0.093040,-0.028574,0,66.57,40.11
118.2080,-0.085714,-0.025340,0,66.57,40.11
118.2160,-0.079853,-0.021587,0,66.57,40.11
118.2240,-0.072527,-0.017824,0,66.57,40.11
118.2320,-0.067155,-0.014327,0,66.57,40.11
118.2400,-0.062271,-0.011084,0,66.57,40.11
118.2480,-0.061294,0.039582,0,66.57,40.11
118.2560,-0.062271,0.040651,0,66.57,40.11
118.2640,-0.061783,0.041442,0,66.57,40.11
118.2720,-0.061294,0.042490,0,66.57,40.11
118.2800,-0.057875,0.043837,0,66.57,40.11
118.2880,-0.054457,0.045049,0,66.57,40.11
118.2960,-0.054457,0.045542,0,66.57,40.11
118.3040,-0.056899,0.044894,0,66.57,40.11
118.3120,-0.057387,0.042853,0,66.57,40.11
118.3200,-0.060317,0.039223,0,66.57,40.11
118.3280,-0.065690,0.033928,0,66.57,40.11
118.3360,-0.071551,0.027182,0,66.57,40.11
118.3440,-0.080830,0.019570,0,66.57,40.11
118.3520,-0.085714,0.011269,0,66.57,40.11
118.3600,-0.083272,0.013504,0,66.57,40.11
118.3680,-0.073504,0.019130,0,66.57,40.11
118.3760,-0.062759,0.026156,0,66.57,40.11
118.3840,-0.054457,0.032097,0,66.57,40.11
118.3920,-0.052991,0.035077,0,66.57,40.11
118.4000,-0.054457,0.034478,0,66.57,40.11
118.4080,-0.061294,0.030961,0,66.57,40.11
118.4160,-0.070085,0.025941,0,66.57,40.11
118.4240,-0.073016,0.020793,0,66.57,40.11
118.4320,-0.076923,0.016253,0,66.57,40.11
118.4400,-0.079365,0.012391,0,66.57,40.11
118.4480,-0.083272,0.008923,0,66.57,40.11
118.4560,-0.085714,-0.038847,0,66.57,40.11
118.4640,-0.082784,-0.039535,0,66.57,40.11
118.4720,-0.079365,-0.038555,0,66.57,40.11
118.4800,-0.074481,-0.036321,0,66.57,40.11
118.4880,-0.069109,-0.033273,0,66.57,40.11
118.4960,-0.063736,-0.029722,0,66.57,40.11
118.5040,-0.059341,-0.025846,0,66.57,40.11
118.5120,-0.053968,-0.021864,0,66.57,40.11
118.5200,-0.046154,-0.018275,0,66.57,40.11
118.5280,-0.039316,-0.015821,0,66.57,40.11
118.5360,-0.037851,-0.015052,0,66.57,40.11
118.5440,-0.038828,-0.015912,0,66.57,40.11
118.5520,-0.039316,-0.017746,0,66.57,40.11
118.5600,-0.038828,0.044011,0,66.57,40.11
118.5680,-0.037363,0.047035,0,66.57,40.11
118.5760,-0.031502,0.050399,0,66.57,40.11
118.5840,-0.029060,0.053079,0,66.57,40.11
118.5920,-0.028083,0.053998,0,66.57,40.11
118.6000,-0.031502,0.052588,0,66.57,40.11
118.6080,-0.038339,0.049038,0,66.57,40.11
118.6160,-0.045665,0.044154,0,66.57,40.11
118.6240,-0.052991,0.038933,0,66.57,40.11
118.6320,-0.058852,0.034146,0,66.57,40.11
118.6400,-0.062759,0.030115,0,66.57,40.11
118.6480,-0.066667,0.026756,0,66.57,40.11
118.6560,-0.070574,0.023769,0,66.57,40.11
118.6640,-0.073504,0.029404,0,66.57,40.11
118.6720,-0.078388,0.027605,0,66.57,40.11
118.6800,-0.082295,0.026130,0,66.57,40.11
118.6880,-0.084249,0.024921,0,66.57,40.11
118.6960,-0.086691,0.023784,0,66.57,40.11
118.7040,-0.090598,0.022563,0,66.57,40.11
118.7120,-0.094994,0.021286,0,66.57,40.11
118.7200,-0.099389,0.020089,0,66.57,40.11
118.7280,-0.100855,0.018978,0,66.57,40.11
118.7360,-0.102808,0.017720,0,66.57,40.11
118.7440,-0.106227,0.016022,0,66.57,40.11
118.7520,-0.110623,0.013784,0,66.57,40.11
118.7600,-0.115507,0.011199,0,66.57,40.11
118.7680,-0.115507,-0.013675,0,66.57,40.11
118.7760,-0.115995,-0.014198,0,66.57,40.11
118.7840,-0.116972,-0.014381,0,66.57,40.11
118.7920,-0.117949,-0.014561,0,66.57,40.11
118.8000,-0.119902,-0.014922,0,66.57,40.11
118.8080,-0.122344,-0.015483,0,66.57,40.11
118.8160,-0.123810,-0.016155,0,66.57,40.11
118.8240,-0.125763,-0.016790,0,66.57,40.11
118.8320,-0.127228,-0.017119,0,66.57,40.11
118.8400,-0.131624,-0.016676,0,66.57,40.11
118.8480,-0.132601,-0.014949,0,66.57,40.11
118.8560,-0.131624,-0.011767,0,66.57,40.11
118.8640,-0.127228,-0.007597,0,66.57,40.11
118.8720,-0.124298,-0.040761,0,66.57,40.11
118.8800,-0.118926,-0.035859,0,66.57,40.11
118.8880,-0.113553,-0.030650,0,66.57,40.11
118.8960,-0.109646,-0.025541,0,66.57,40.11
118.9040,-0.106227,-0.020776,0,66.57,40.11
118.9120,-0.101832,-0.016512,0,66.57,40.11
118.9200,-0.099878,-0.012961,0,66.57,40.11
118.9280,-0.094017,-0.010447,0,66.57,40.11
118.9360,-0.093529,-0.009257,0,66.57,40.11
118.9440,-0.095971,-0.009384,0,66.57,40.11
118.9520,-0.096459,-0.010529,0,66.57,40.11
118.9600,-0.097924,-0.012317,0,66.57,40.11
118.9680,-0.099878,-0.014428,0,66.57,40.11
118.9760,-0.101343,-0.013746,0,66.57,40.11
118.9840,-0.104274,-0.014823,0,66.57,40.11
118.9920,-0.105739,-0.014246,0,66.57,40.11
119.0000,-0.101343,-0.011878,0,66.57,40.11
119.0080,-0.093529,-0.008403,0,66.57,40.11
119.0160,-0.088156,-0.005015,0,66.57,40.11
119.0240,-0.085714,-0.002718,0,66.57,40.11
119.0320,-0.085714,-0.001861,0,66.57,40.11
119.0400,-0.085714,-0.002180,0,66.57,40.11
119.0480,-0.087179,-0.003138,0,66.57,40.11
119.0560,-0.085714,-0.004291,0,66.57,40.11
119.0640,-0.085226,-0.005441,0,66.57,40.11
119.0720,-0.085226,-0.006573,0,66.57,40.11
119.0800,-0.084249,0.007954,0,66.57,40.11
119.0880,-0.080342,0.009684,0,66.57,40.11
119.0960,-0.077411,0.011371,0,66.57,40.11
119.1040,-0.073016,0.012304,0,66.57,40.11
119.1120,-0.074481,0.012022,0,66.57,40.11
119.1200,-0.074969,0.010586,0,66.57,40.11
119.1280,-0.077411,0.008532,0,66.57,40.11
119.1360,-0.080342,0.006571,0,66.57,40.11
119.1440,-0.077900,0.005234,0,66.57,40.11
119.1520,-0.077411,0.004683,0,66.57,40.11
119.1600,-0.076435,0.004809,0,66.57,40.11
119.1680,-0.073016,0.005378,0,66.57,40.11
119.1760,-0.072039,0.006143,0,66.57,40.11
119.1840,-0.073016,0.009716,0,66.57,40.11
119.1920,-0.073016,0.008601,0,66.57,40.11
119.2000,-0.074481,0.006828,0,66.57,40.11
119.2080,-0.075458,0.004553,0,66.57,40.11
119.2160,-0.077900,0.002064,0,66.57,40.11
119.2240,-0.081319,-0.000214,0,66.57,40.11
119.2320,-0.082295,-0.001836,0,66.57,40.11
119.2400,-0.082784,-0.002543,0,66.57,40.11
119.2480,-0.080830,-0.002340,0,66.57,40.11
119.2560,-0.080342,-0.001408,0,66.57,40.11
119.2640,-0.077900,0.000016,0,66.57,40.11
119.2720,-0.075458,0.001711,0,66.57,40.11
119.2800,-0.073504,0.003512,0,66.57,40.11
119.2880,-0.070574,0.024856,0,66.57,40.11
119.2960,-0.071551,0.024119,0,66.57,40.11
119.3040,-0.074969,0.021960,0,66.57,40.11
119.3120,-0.081319,0.019237,0,66.57,40.11
119.3200,-0.085714,0.017083,0,66.57,40.11
119.3280,-0.086203,0.016291,0,66.57,40.11
119.3360,-0.085714,0.016908,0,66.57,40.11
119.3440,-0.082784,0.018281,0,66.57,40.11
119.3520,-0.082784,0.019425,0,66.57,40.11
119.3600,-0.082784,0.019439,0,66.57,40.11
119.3680,-0.085714,0.017786,0,66.57,40.11
119.3760,-0.088156,0.014448,0,66.57,40.11
119.3840,-0.096459,0.010030,0,66.57,40.11
119.3920,-0.101343,-0.028292,0,66.57,40.11
119.4000,-0.100855,-0.028350,0,66.57,40.11
119.4080,-0.096947,-0.024930,0,66.57,40.11
119.4160,-0.087179,-0.018738,0,66.57,40.11
119.4240,-0.076435,-0.011392,0,66.57,40.11
119.4320,-0.069597,-0.004744,0,66.57,40.11
119.4400,-0.063736,-0.000209,0,66.57,40.11
119.4480,-0.061783,0.001578,0,66.57,40.11
119.4560,-0.063736,0.000799,0,66.57,40.11
119.4640,-0.067155,-0.001768,0,66.57,40.11
119.4720,-0.070574,-0.005186,0,66.57,40.11
119.4800,-0.073016,-0.008784,0,66.57,40.11
119.4880,-0.074969,-0.012321,0,66.57,40.11
119.4960,-0.072527,-0.040075,0,66.57,40.11
119.5040,-0.070085,-0.040664,0,66.57,40.11
119.5120,-0.066667,-0.040738,0,66.57,40.11
119.5200,-0.066667,-0.040438,0,66.57,40.11
119.5280,-0.064225,-0.039471,0,66.57,40.11
119.5360,-0.061783,-0.037379,0,66.57,40.11
119.5440,-0.054945,-0.033968,0,66.57,40.11
119.5520,-0.047619,-0.029588,0,66.57,40.11
119.5600,-0.038339,-0.025065,0,66.57,40.11
119.5680,-0.031502,-0.021337,0,66.57,40.11
119.5760,-0.027595,-0.019002,0,66.57,40.11
119.5840,-0.024664,-0.018066,0,66.57,40.11
119.5920,-0.023199,-0.018000,0,66.57,40.11
119.6000,-0.023199,-0.013682,0,66.57,40.11
119.6080,-0.020757,-0.011782,0,66.57,40.11
119.6160,-0.014896,-0.006860,0,66.57,40.11
119.6240,-0.004151,0.001273,0,66.57,40.11
119.6320,0.014408,0.011509,0,66.57,40.11
119.6400,0.028571,0.021784,0,66.57,40.11
119.6480,0.039805,0.029913,0,66.57,40.11
119.6560,0.046642,0.034300,0,66.57,40.11
119.6640,0.048596,0.034190,0,66.57,40.11
119.6720,0.046154,0.029608,0,66.57,40.11
119.6800,0.041270,0.021160,0,66.57,40.11
119.6880,0.032967,0.009862,0,66.57,40.11
119.6960,0.023199,-0.002971,0,66.57,40.11
119.7040,0.015873,0.100009,0,66.57,40.11
119.7120,0.011966,0.097081,0,66.57,40.11
119.7200,0.007082,0.096459,0,66.57,40.11
119.7280,0.007570,0.097722,0,66.57,40.11
119.7360,0.008059,0.099649,0,66.57,40.11
119.7440,0.010501,0.100483,0,66.57,40.11
119.7520,0.008059,0.098605,0,66.57,40.11
119.7600,-0.004640,0.093340,0,66.57,40.11
119.7680,-0.019292,0.085217,0,66.57,40.11
119.7760,-0.032479,0.075421,0,66.57,40.11
119.7840,-0.046154,0.065026,0,66.57,40.11
119.7920,-0.057875,0.054614,0,66.57,40.11
119.8000,-0.071551,0.044333,0,66.57,40.11
119.8080,-0.082784,-0.008740,0,66.57,40.11
119.8160,-0.088156,-0.013627,0,66.57,40.11
119.8240,-0.091087,-0.015728,0,66.57,40.11
119.8320,-0.092063,-0.015529,0,66.57,40.11
119.8400,-0.088645,-0.013840,0,66.57,40.11
119.8480,-0.088645,-0.011521,0,66.57,40.11
119.8560,-0.088156,-0.009235,0,66.57,40.11
119.8640,-0.088156,-0.007408,0,66.57,40.11
119.8720,-0.087179,-0.006320,0,66.57,40.11
119.8800,-0.090110,-0.006100,0,66.57,40.11
119.8880,-0.093529,-0.006674,0,66.57,40.11
119.8960,-0.095971,-0.007822,0,66.57,40.11
119.9040,-0.100366,-0.009254,0,66.57,40.11
119.9120,-0.101343,-0.043127,0,66.57,40.11
119.9200,-0.101343,-0.042856,0,66.57,40.11
119.9280,-0.101343,-0.041354,0,66.57,40.11
119.9360,-0.099878,-0.038851,0,66.57,40.11
119.9440,-0.097924,-0.035734,0,66.57,40.11
119.9520,-0.095482,-0.032424,0,66.57,40.11
119.9600,-0.096947,-0.029183,0,66.57,40.11
119.9680,-0.096947,-0.026095,0,66.57,40.11
119.9760,-0.096947,-0.023284,0,66.57,40.11
119.9840,-0.094505,-0.021110,0,66.57,40.11
119.9920,-0.094017,-0.019991,0,66.57,40.11
120.0000,-0.100855,-0.019985,0,66.57,40.11
120.0080,-0.102808,-0.020657,0,66.57,40.11
